{
"type": "FeatureCollection",
"name": "Montrose_Transects",
"crs": { "type": "name", "properties": { "name": "urn:ogc:def:crs:OGC:1.3:CRS84" } },
"features": [
{ "type": "Feature", "properties": { "Cell": "None", "SubCell": "None", "CMU": "None", "LineID": 0, "TransectID": 0, "Hist_Rate": -1.0208764043736993, "LatestYr": "2020-02-28 00:00:00", "LatestSrc": "montrose_MHWS_Modern_LiDAR.shp", "FirstEYr": null, "Extrap2050": 29.763088378030513, "Extrap2100": 79.628548924782194, "Dist_2040": -14.402603982613527, "Rate_2040": -1.4404280079736367, "Dist_2050": -15.262083603625115, "Rate_2050": -1.5259681277298238, "Dist_2060": -16.052093236372912, "Rate_2060": -1.6053961292130157, "Dist_2070": -16.920661820654573, "Rate_2070": -1.6917998426034568, "Dist_2080": -17.427546410487139, "Rate_2080": -1.7429574534042578, "Dist_2090": -17.942896379713829, "Rate_2090": -1.7940072080393179, "Dist_2100": -18.267644076273768, "Rate_2100": -1.8269769965850005, "RSL_2050": 0.18573485314846039, "RSL_2100": 0.55779761075973511 }, "geometry": { "type": "LineString", "coordinates": [ [ -2.435127043900183, 56.753207421549767 ], [ -2.433932631260762, 56.752986555267299 ] ] } },
{ "type": "Feature", "properties": { "Cell": "None", "SubCell": "None", "CMU": "None", "LineID": 0, "TransectID": 1, "Hist_Rate": -0.82578447216960427, "LatestYr": "2020-02-28 00:00:00", "LatestSrc": "montrose_MHWS_Modern_LiDAR.shp", "FirstEYr": null, "Extrap2050": 25.459995357004424, "Extrap2100": 68.11599858724432, "Dist_2040": -12.960870430981629, "Rate_2040": -1.2962378746954566, "Dist_2050": -13.819955272816969, "Rate_2050": -1.3817779944516431, "Dist_2060": -14.61035968474107, "Rate_2060": -1.4612059959348414, "Dist_2070": -15.478533489846541, "Rate_2070": -1.5476097093252876, "Dist_2080": -15.985812858855184, "Rate_2080": -1.5987673201260719, "Dist_2090": -16.500768048905684, "Rate_2090": -1.6498170747611374, "Dist_2100": -16.82591052464204, "Rate_2100": -1.6827868633068375, "RSL_2050": 0.18573485314846039, "RSL_2100": 0.55779761075973511 }, "geometry": { "type": "LineString", "coordinates": [ [ -2.4351770641576, 56.753126916699429 ], [ -2.434006030291369, 56.752909641734973 ] ] } },
{ "type": "Feature", "properties": { "Cell": "None", "SubCell": "None", "CMU": "None", "LineID": 0, "TransectID": 2, "Hist_Rate": -0.7950442284801893, "LatestYr": "2020-02-28 00:00:00", "LatestSrc": "montrose_MHWS_Modern_LiDAR.shp", "FirstEYr": null, "Extrap2050": 24.253891995908099, "Extrap2100": 64.889174163731383, "Dist_2040": -12.556770479172144, "Rate_2040": -1.2558231768179167, "Dist_2050": -13.415744669322862, "Rate_2050": -1.3413632965740914, "Dist_2060": -14.206259732931585, "Rate_2060": -1.4207912980573014, "Dist_2070": -15.074322886352434, "Rate_2070": -1.5071950114477359, "Dist_2080": -15.581712907045812, "Rate_2080": -1.5583526222485433, "Dist_2090": -16.096557445411577, "Rate_2090": -1.6094023768835857, "Dist_2100": -16.421810572832555, "Rate_2100": -1.6423721654292975, "RSL_2050": 0.18573485314846039, "RSL_2100": 0.55779761075973511 }, "geometry": { "type": "LineString", "coordinates": [ [ -2.435231024595651, 56.753061824654665 ], [ -2.434072748640189, 56.752844081841111 ] ] } },
{ "type": "Feature", "properties": { "Cell": "None", "SubCell": "None", "CMU": "None", "LineID": 0, "TransectID": 3, "Hist_Rate": -0.9800104525012221, "LatestYr": "2020-02-28 00:00:00", "LatestSrc": "montrose_MHWS_Modern_LiDAR.shp", "FirstEYr": null, "Extrap2050": 28.775981694655691, "Extrap2100": 76.987631025646721, "Dist_2040": -14.071877963559871, "Rate_2040": -1.4073515572578084, "Dist_2050": -14.931267024325166, "Rate_2050": -1.4928916770139844, "Dist_2060": -15.721367217319198, "Rate_2060": -1.5723196784971816, "Dist_2070": -16.589845241354851, "Rate_2070": -1.6587233918876401, "Dist_2080": -17.096820391433425, "Rate_2080": -1.7098810026884237, "Dist_2090": -17.612079800413994, "Rate_2090": -1.7609307573234898, "Dist_2100": -17.936918057220169, "Rate_2100": -1.7939005458691779, "RSL_2050": 0.18573485314846039, "RSL_2100": 0.55779761075973511 }, "geometry": { "type": "LineString", "coordinates": [ [ -2.435253138083144, 56.753013297017546 ], [ -2.43412872183042, 56.752795996768903 ] ] } },
{ "type": "Feature", "properties": { "Cell": "None", "SubCell": "None", "CMU": "None", "LineID": 0, "TransectID": 4, "Hist_Rate": -0.9293023821534997, "LatestYr": "2020-02-28 00:00:00", "LatestSrc": "montrose_MHWS_Modern_LiDAR.shp", "FirstEYr": null, "Extrap2050": 27.574000333989563, "Extrap2100": 73.77183465502786, "Dist_2040": -13.669159070977003, "Rate_2040": -1.3670749813749501, "Dist_2050": -14.528437858223128, "Rate_2050": -1.4526151011311419, "Dist_2060": -15.318648324736387, "Rate_2060": -1.5320431026143291, "Dist_2070": -16.1870160752527, "Rate_2070": -1.6184468160047862, "Dist_2080": -16.694101498850614, "Rate_2080": -1.669604426805571, "Dist_2090": -17.209250634311843, "Rate_2090": -1.720654181440636, "Dist_2100": -17.534199164637357, "Rate_2100": -1.7536239699863254, "RSL_2050": 0.18573485314846039, "RSL_2100": 0.55779761075973511 }, "geometry": { "type": "LineString", "coordinates": [ [ -2.435277368025815, 56.752973141516549 ], [ -2.434180055439702, 56.752754160989113 ] ] } },
{ "type": "Feature", "properties": { "Cell": "None", "SubCell": "None", "CMU": "None", "LineID": 0, "TransectID": 5, "Hist_Rate": -0.80575590388269069, "LatestYr": "2020-02-28 00:00:00", "LatestSrc": "montrose_MHWS_Modern_LiDAR.shp", "FirstEYr": null, "Extrap2050": 24.327786719206109, "Extrap2100": 65.086873055549418, "Dist_2040": -12.599328892435665, "Rate_2040": -1.2600795134160552, "Dist_2050": -13.458314736040279, "Rate_2050": -1.3456196331722396, "Dist_2060": -14.248818146195163, "Rate_2060": -1.4250476346554455, "Dist_2070": -15.116892953069851, "Rate_2070": -1.5114513480458842, "Dist_2080": -15.624271320309276, "Rate_2080": -1.5626089588466761, "Dist_2090": -16.139127512129107, "Rate_2090": -1.6136587134817453, "Dist_2100": -16.464368986096019, "Rate_2100": -1.6466285020274303, "RSL_2050": 0.18573485314846039, "RSL_2100": 0.55779761075973511 }, "geometry": { "type": "LineString", "coordinates": [ [ -2.435301423521361, 56.752931062812046 ], [ -2.434231359435004, 56.752710973576129 ] ] } },
{ "type": "Feature", "properties": { "Cell": "None", "SubCell": "None", "CMU": "None", "LineID": 0, "TransectID": 6, "Hist_Rate": -0.72843606251050941, "LatestYr": "2020-02-28 00:00:00", "LatestSrc": "montrose_MHWS_Modern_LiDAR.shp", "FirstEYr": null, "Extrap2050": 20.916529247060911, "Extrap2100": 55.96035100025599, "Dist_2040": -11.456401159566497, "Rate_2040": -1.1457734393545911, "Dist_2050": -12.315074043769982, "Rate_2050": -1.2313135591107742, "Dist_2060": -13.105890413325938, "Rate_2060": -1.3107415605939756, "Dist_2070": -13.973652260799554, "Rate_2070": -1.3971452739844186, "Dist_2080": -14.481343587440051, "Rate_2080": -1.4483028847852062, "Dist_2090": -14.995886819858811, "Rate_2090": -1.4993526394202796, "Dist_2100": -15.321441253226794, "Rate_2100": -1.5323224279659604, "RSL_2050": 0.18573485314846039, "RSL_2100": 0.55779761075973511 }, "geometry": { "type": "LineString", "coordinates": [ [ -2.435322784768893, 56.752890338757176 ], [ -2.43428088438825, 56.75266936115235 ] ] } },
{ "type": "Feature", "properties": { "Cell": "None", "SubCell": "None", "CMU": "None", "LineID": 0, "TransectID": 7, "Hist_Rate": -0.79397294913173366, "LatestYr": "2020-02-28 00:00:00", "LatestSrc": "montrose_MHWS_Modern_LiDAR.shp", "FirstEYr": null, "Extrap2050": 23.656710044994625, "Extrap2100": 63.291465902030588, "Dist_2040": -12.374487423241192, "Rate_2040": -1.2375927499132451, "Dist_2050": -13.233411700178408, "Rate_2050": -1.3231328696694258, "Dist_2060": -14.023976677000519, "Rate_2060": -1.4025608711526183, "Dist_2070": -14.891989917207979, "Rate_2070": -1.4889645845430703, "Dist_2080": -15.39942985111486, "Rate_2080": -1.5401221953438717, "Dist_2090": -15.914224476267123, "Rate_2090": -1.5911719499789201, "Dist_2100": -16.239527516901489, "Rate_2100": -1.6241417385246146, "RSL_2050": 0.18573485314846039, "RSL_2100": 0.55779761075973511 }, "geometry": { "type": "LineString", "coordinates": [ [ -2.435356709347191, 56.752844565393175 ], [ -2.434333541187655, 56.752621947157387 ] ] } },
{ "type": "Feature", "properties": { "Cell": "None", "SubCell": "None", "CMU": "None", "LineID": 0, "TransectID": 8, "Hist_Rate": -0.89535588218524209, "LatestYr": "2020-02-28 00:00:00", "LatestSrc": "montrose_MHWS_Modern_LiDAR.shp", "FirstEYr": null, "Extrap2050": 25.275864767412024, "Extrap2100": 67.623373242868766, "Dist_2040": -12.916978528403433, "Rate_2040": -1.2918481736474237, "Dist_2050": -13.776051351645492, "Rate_2050": -1.3773882934036077, "Dist_2060": -14.566467782162704, "Rate_2060": -1.4568162948867913, "Dist_2070": -15.434629568675064, "Rate_2070": -1.5432200082772523, "Dist_2080": -15.941920956277045, "Rate_2080": -1.5943776190780445, "Dist_2090": -16.456864127734207, "Rate_2090": -1.645427373713102, "Dist_2100": -16.782018622063788, "Rate_2100": -1.6783971622587988, "RSL_2050": 0.18573485314846039, "RSL_2100": 0.55779761075973511 }, "geometry": { "type": "LineString", "coordinates": [ [ -2.435392907072909, 56.75279036750149 ], [ -2.434390335484932, 56.752567830646413 ] ] } },
{ "type": "Feature", "properties": { "Cell": "None", "SubCell": "None", "CMU": "None", "LineID": 0, "TransectID": 9, "Hist_Rate": -0.66137328943884599, "LatestYr": "2020-02-28 00:00:00", "LatestSrc": "montrose_MHWS_Modern_LiDAR.shp", "FirstEYr": null, "Extrap2050": 19.896728775916923, "Extrap2100": 53.2319637214027, "Dist_2040": -11.114721221895138, "Rate_2040": -1.1116014693012144, "Dist_2050": -11.973300546422365, "Rate_2050": -1.1971415890573969, "Dist_2060": -12.764210475654522, "Rate_2060": -1.2765695905405934, "Dist_2070": -13.63187876345205, "Rate_2070": -1.3629733039310528, "Dist_2080": -14.139663649768636, "Rate_2080": -1.414130914731824, "Dist_2090": -14.654113322511193, "Rate_2090": -1.4651806693669025, "Dist_2100": -14.979761315555493, "Rate_2100": -1.4981504579125895, "RSL_2050": 0.18573485314846039, "RSL_2100": 0.55779761075973511 }, "geometry": { "type": "LineString", "coordinates": [ [ -2.435430598850595, 56.752725974319468 ], [ -2.434452444993593, 56.752505849866779 ] ] } },
{ "type": "Feature", "properties": { "Cell": "None", "SubCell": "None", "CMU": "None", "LineID": 0, "TransectID": 10, "Hist_Rate": -0.66204236556674889, "LatestYr": "2024-09-05 00:00:00", "LatestSrc": "montrose_MHWS_Modern_LiDAR.shp", "FirstEYr": null, "Extrap2050": 16.65758271610251, "Extrap2100": 49.547708736371085, "Dist_2040": -10.865995075581111, "Rate_2040": -1.0867259601295001, "Dist_2050": -11.724506293277614, "Rate_2050": -1.1722660798856963, "Dist_2060": -12.515484329340552, "Rate_2060": -1.2516940813688846, "Dist_2070": -13.383084510307071, "Rate_2070": -1.3380977947593296, "Dist_2080": -13.890937503454779, "Rate_2080": -1.3892554055601265, "Dist_2090": -14.405319069366215, "Rate_2090": -1.4403051601951793, "Dist_2100": -14.731035169241522, "Rate_2100": -1.4732749487408809, "RSL_2050": 0.18573485314846039, "RSL_2100": 0.55779761075973511 }, "geometry": { "type": "LineString", "coordinates": [ [ -2.435490853993827, 56.75265522553665 ], [ -2.434520651997812, 56.752435311363001 ] ] } },
{ "type": "Feature", "properties": { "Cell": "None", "SubCell": "None", "CMU": "None", "LineID": 0, "TransectID": 11, "Hist_Rate": -0.5498341302160612, "LatestYr": "2024-09-05 00:00:00", "LatestSrc": "montrose_MHWS_Modern_LiDAR.shp", "FirstEYr": null, "Extrap2050": 14.105642650680956, "Extrap2100": 41.957004537018463, "Dist_2040": -9.6180052636944993, "Rate_2040": -0.96191245551066218, "Dist_2050": -10.428228698941439, "Rate_2050": -1.0426587244930519, "Dist_2060": -11.175053621204938, "Rate_2060": -1.1176354113480134, "Dist_2070": -11.993856654832939, "Rate_2070": -1.1991968763352916, "Dist_2080": -12.47342346551045, "Rate_2080": -1.2474875055042993, "Dist_2090": -12.958803008709424, "Rate_2090": -1.29567632299714, "Dist_2100": -13.266440266123141, "Rate_2100": -1.3267984142660134, "RSL_2050": 0.18573485314846039, "RSL_2100": 0.55779761075973511 }, "geometry": { "type": "LineString", "coordinates": [ [ -2.435528509308536, 56.75256936698387 ], [ -2.434594329237447, 56.75235728476305 ] ] } },
{ "type": "Feature", "properties": { "Cell": "None", "SubCell": "None", "CMU": "None", "LineID": 0, "TransectID": 12, "Hist_Rate": -0.63935086257533646, "LatestYr": "2024-09-05 00:00:00", "LatestSrc": "montrose_MHWS_Modern_LiDAR.shp", "FirstEYr": null, "Extrap2050": 15.601804085729965, "Extrap2100": 46.407312379988873, "Dist_2040": -10.167031342825112, "Rate_2040": -1.0168214526921691, "Dist_2050": -10.969078846713728, "Rate_2050": -1.0967352260254144, "Dist_2060": -11.708026500609208, "Rate_2060": -1.1709389017384333, "Dist_2070": -12.518565147048093, "Rate_2070": -1.2516594663894645, "Dist_2080": -12.993010125836236, "Rate_2080": -1.2994522182052961, "Dist_2090": -13.473562884704961, "Rate_2090": -1.3471442080254179, "Dist_2100": -13.777850907364609, "Rate_2100": -1.3779454299104925, "RSL_2050": 0.18573485314846039, "RSL_2100": 0.55779761075973511 }, "geometry": { "type": "LineString", "coordinates": [ [ -2.43560367558343, 56.752483442677907 ], [ -2.434672764905568, 56.752272790067465 ] ] } },
{ "type": "Feature", "properties": { "Cell": "None", "SubCell": "None", "CMU": "None", "LineID": 0, "TransectID": 13, "Hist_Rate": -0.71272215563224917, "LatestYr": "2024-09-05 00:00:00", "LatestSrc": "montrose_MHWS_Modern_LiDAR.shp", "FirstEYr": null, "Extrap2050": 17.753636560257537, "Extrap2100": 52.807903060789826, "Dist_2040": -10.794721250885061, "Rate_2040": -1.0795977482136876, "Dist_2050": -11.552660874570392, "Rate_2050": -1.1550842429456001, "Dist_2060": -12.250344205577562, "Rate_2060": -1.2251769834352855, "Dist_2070": -13.01630455661234, "Rate_2070": -1.3014255726850488, "Dist_2080": -13.464138844604236, "Rate_2080": -1.34657057282321, "Dist_2090": -13.918394755657459, "Rate_2090": -1.3916203932502655, "Dist_2100": -14.205498901188776, "Rate_2100": -1.4207152060288724, "RSL_2050": 0.18573485314846039, "RSL_2100": 0.55779761075973511 }, "geometry": { "type": "LineString", "coordinates": [ [ -2.435661420186009, 56.752387707234149 ], [ -2.434754460399975, 56.752183823072386 ] ] } },
{ "type": "Feature", "properties": { "Cell": "None", "SubCell": "None", "CMU": "None", "LineID": 0, "TransectID": 14, "Hist_Rate": -0.59438315100913408, "LatestYr": "2024-09-05 00:00:00", "LatestSrc": "montrose_MHWS_Modern_LiDAR.shp", "FirstEYr": null, "Extrap2050": 14.611289105688414, "Extrap2100": 43.46104168954416, "Dist_2040": -9.1149488074495366, "Rate_2040": -0.91160095558731857, "Dist_2050": -9.7848527837513757, "Rate_2050": -0.97833126002444892, "Dist_2060": -10.401724187035825, "Rate_2060": -1.0402934683415752, "Dist_2070": -11.078718512144405, "Rate_2070": -1.1076974667867241, "Dist_2080": -11.474722556798042, "Rate_2080": -1.1476057922922533, "Dist_2090": -11.876169153160504, "Rate_2090": -1.18742997862667, "Dist_2100": -12.130087234269354, "Rate_2100": -1.2131498868189006, "RSL_2050": 0.18573485314846039, "RSL_2100": 0.55779761075973511 }, "geometry": { "type": "LineString", "coordinates": [ [ -2.43573025216532, 56.752291950889145 ], [ -2.434837543682779, 56.75209288374262 ] ] } },
{ "type": "Feature", "properties": { "Cell": "None", "SubCell": "None", "CMU": "None", "LineID": 0, "TransectID": 15, "Hist_Rate": -0.29759552989903582, "LatestYr": "2024-09-05 00:00:00", "LatestSrc": "montrose_MHWS_Modern_LiDAR.shp", "FirstEYr": null, "Extrap2050": 7.1434066565691152, "Extrap2100": 21.247946862241637, "Dist_2040": -6.2516913777153036, "Rate_2040": -0.62524189157316046, "Dist_2050": -6.9378598608571451, "Rate_2050": -0.69367678079088857, "Dist_2060": -7.5713366467258538, "Rate_2060": -0.75722177579183125, "Dist_2070": -8.264776597294599, "Rate_2070": -0.82634756811863475, "Dist_2080": -8.6717441030511964, "Rate_2080": -0.86727532737094104, "Dist_2090": -9.082597626808365, "Rate_2090": -0.90811679816850654, "Dist_2100": -9.3438496700536007, "Rate_2100": -0.93449370567211176, "RSL_2050": 0.18573485314846039, "RSL_2100": 0.55779761075973511 }, "geometry": { "type": "LineString", "coordinates": [ [ -2.43580582680972, 56.752199005159362 ], [ -2.434919883345474, 56.75200289590915 ] ] } },
{ "type": "Feature", "properties": { "Cell": "None", "SubCell": "None", "CMU": "None", "LineID": 0, "TransectID": 16, "Hist_Rate": -0.16264531454896861, "LatestYr": "2024-09-05 00:00:00", "LatestSrc": "montrose_MHWS_Modern_LiDAR.shp", "FirstEYr": null, "Extrap2050": 4.3403735031262913, "Extrap2100": 12.910370358363865, "Dist_2040": -5.2087963523509302, "Rate_2040": -0.52094025238870068, "Dist_2050": -5.9074249431670864, "Rate_2050": -0.59064950856958787, "Dist_2060": -6.5530155244268258, "Rate_2060": -0.65537781289169361, "Dist_2070": -7.2590509890095518, "Rate_2070": -0.72579083790126508, "Dist_2080": -7.6739143255090312, "Rate_2080": -0.76748073741367262, "Dist_2090": -8.092101152576447, "Rate_2090": -0.80908274164245908, "Dist_2100": -8.3585355718693108, "Rate_2100": -0.83595082930133535, "RSL_2050": 0.18573485314846039, "RSL_2100": 0.55779761075973511 }, "geometry": { "type": "LineString", "coordinates": [ [ -2.435882018453621, 56.752111727453361 ], [ -2.434982578729562, 56.751913464366396 ] ] } },
{ "type": "Feature", "properties": { "Cell": "None", "SubCell": "None", "CMU": "None", "LineID": 0, "TransectID": 17, "Hist_Rate": -0.0068115973660628493, "LatestYr": "2024-09-05 00:00:00", "LatestSrc": "montrose_MHWS_Modern_LiDAR.shp", "FirstEYr": null, "Extrap2050": 0.10686846112563086, "Extrap2100": 0.31787849865144668, "Dist_2040": -4.0988769890272465, "Rate_2040": -0.40993539941532969, "Dist_2050": -4.9092522170876691, "Rate_2050": -0.49084794768673501, "Dist_2060": -5.6591317472432365, "Rate_2060": -0.56597903263759253, "Dist_2070": -6.4781042414920762, "Rate_2070": -0.64770845563185597, "Dist_2080": -6.9601753004061493, "Rate_2080": -0.6960985287947955, "Dist_2090": -7.4450376914371645, "Rate_2090": -0.74438658062270424, "Dist_2100": -7.7548251457582182, "Rate_2100": -0.77557276103493866, "RSL_2050": 0.18573485314846039, "RSL_2100": 0.55779761075973511 }, "geometry": { "type": "LineString", "coordinates": [ [ -2.435956299491109, 56.752033580937493 ], [ -2.435035622273511, 56.751830370644385 ] ] } },
{ "type": "Feature", "properties": { "Cell": "None", "SubCell": "None", "CMU": "None", "LineID": 0, "TransectID": 18, "Hist_Rate": 0.036559193911880707, "LatestYr": "2024-09-05 00:00:00", "LatestSrc": "montrose_MHWS_Modern_LiDAR.shp", "FirstEYr": null, "Extrap2050": -1.4242010429796146, "Extrap2100": -4.2362628277016086, "Dist_2040": -3.3631496678633539, "Rate_2040": -0.33635410530245924, "Dist_2050": -4.1471549616995844, "Rate_2050": -0.41465021793007406, "Dist_2060": -4.8729511125948193, "Rate_2060": -0.48735182002790617, "Dist_2070": -5.6652756663748391, "Rate_2070": -0.56643839243797212, "Dist_2080": -6.1319233579157526, "Rate_2080": -0.61326369579779416, "Dist_2090": -6.6009417888453754, "Rate_2090": -0.65999027684433542, "Dist_2100": -6.9008769395347827, "Rate_2100": -0.69016800262541977, "RSL_2050": 0.18573485314846039, "RSL_2100": 0.55779761075973511 }, "geometry": { "type": "LineString", "coordinates": [ [ -2.436011279749305, 56.751964014206941 ], [ -2.435081444122176, 56.751756997931295 ] ] } },
{ "type": "Feature", "properties": { "Cell": "None", "SubCell": "None", "CMU": "None", "LineID": 0, "TransectID": 19, "Hist_Rate": 0.1134990019939684, "LatestYr": "2024-09-05 00:00:00", "LatestSrc": "montrose_MHWS_Modern_LiDAR.shp", "FirstEYr": null, "Extrap2050": -3.4563199638598716, "Extrap2100": -10.280767491161091, "Dist_2040": -2.5896345217358885, "Rate_2040": -0.25899358893897051, "Dist_2050": -3.3791880066449949, "Rate_2050": -0.33786561059869546, "Dist_2060": -4.1105413490914771, "Rate_2060": -0.41110197116526392, "Dist_2070": -4.9084752864708321, "Rate_2070": -0.49077026685431779, "Dist_2080": -5.3787739965309811, "Rate_2080": -0.53793999491455835, "Dist_2090": -5.8510237247153327, "Rate_2090": -0.58501027450707366, "Dist_2100": -6.1533836356229585, "Rate_2100": -0.61540997331161518, "RSL_2050": 0.18573485314846039, "RSL_2100": 0.55779761075973511 }, "geometry": { "type": "LineString", "coordinates": [ [ -2.43606044348646, 56.751907783128317 ], [ -2.435118891460801, 56.751694594629299 ] ] } },
{ "type": "Feature", "properties": { "Cell": "None", "SubCell": "None", "CMU": "None", "LineID": 0, "TransectID": 20, "Hist_Rate": 0.17575454318084457, "LatestYr": "2024-09-05 00:00:00", "LatestSrc": "montrose_MHWS_Modern_LiDAR.shp", "FirstEYr": null, "Extrap2050": -4.9806438813056042, "Extrap2100": -14.814844179759808, "Dist_2040": -1.9821650845903491, "Rate_2040": -0.19823957582379262, "Dist_2050": -2.7704381370439251, "Rate_2050": -0.27700020565816202, "Dist_2060": -3.5009239184734042, "Rate_2060": -0.35013313370564686, "Dist_2070": -4.2975655875918619, "Rate_2070": -0.42968891298275957, "Dist_2080": -4.7673654269690928, "Rate_2080": -0.47679202271625382, "Dist_2090": -5.2387828542902071, "Rate_2090": -0.52379582443418859, "Dist_2100": -5.5408810763316296, "Rate_2100": -0.55415258940910606, "RSL_2050": 0.18573485314846039, "RSL_2100": 0.55779761075973511 }, "geometry": { "type": "LineString", "coordinates": [ [ -2.436095869183938, 56.751862710214731 ], [ -2.435147847102002, 56.751642723263899 ] ] } },
{ "type": "Feature", "properties": { "Cell": "None", "SubCell": "None", "CMU": "None", "LineID": 0, "TransectID": 21, "Hist_Rate": 0.23542103404270853, "LatestYr": "2024-09-05 00:00:00", "LatestSrc": "montrose_MHWS_Modern_LiDAR.shp", "FirstEYr": null, "Extrap2050": -4.8498522983304646, "Extrap2100": -14.42580674444474, "Dist_2040": -2.0250979581511501, "Rate_2040": -0.20253336280942538, "Dist_2050": -2.8116451113177732, "Rate_2050": -0.28112025446769279, "Dist_2060": -3.5405065599410364, "Rate_2060": -0.35409185849377439, "Dist_2070": -4.3354038694300812, "Rate_2070": -0.43347214557358787, "Dist_2080": -4.8041544234608295, "Rate_2080": -0.48047135049586309, "Dist_2090": -5.274544903731794, "Rate_2090": -0.52737146646626332, "Dist_2100": -5.5759637736432524, "Rate_2100": -0.55766126741371735, "RSL_2050": 0.18573485314846039, "RSL_2100": 0.55779761075973511 }, "geometry": { "type": "LineString", "coordinates": [ [ -2.436110782561385, 56.751824111277571 ], [ -2.435169571865164, 56.751598998795551 ] ] } },
{ "type": "Feature", "properties": { "Cell": "None", "SubCell": "None", "CMU": "None", "LineID": 0, "TransectID": 22, "Hist_Rate": 0.19540825141479098, "LatestYr": "2024-09-05 00:00:00", "LatestSrc": "montrose_MHWS_Modern_LiDAR.shp", "FirstEYr": null, "Extrap2050": -5.3664253430688476, "Extrap2100": -15.962344860327287, "Dist_2040": -1.8859140653725035, "Rate_2040": -0.18861335378472527, "Dist_2050": -2.6853471957415422, "Rate_2050": -0.26849245090080215, "Dist_2060": -3.4262405539082579, "Rate_2060": -0.3426639281245446, "Dist_2070": -4.2341611423474887, "Rate_2070": -0.42334946647518551, "Dist_2080": -4.7106665985157292, "Rate_2080": -0.47112148004063015, "Dist_2090": -5.1887444869960859, "Rate_2090": -0.5187927753330599, "Dist_2100": -5.4951668216115195, "Rate_2100": -0.54958063193933337, "RSL_2050": 0.18573485314846039, "RSL_2100": 0.55779761075973511 }, "geometry": { "type": "LineString", "coordinates": [ [ -2.436131765460198, 56.751792648877377 ], [ -2.435201528402595, 56.751562768536751 ] ] } },
{ "type": "Feature", "properties": { "Cell": "None", "SubCell": "None", "CMU": "None", "LineID": 0, "TransectID": 23, "Hist_Rate": 0.24400927412230447, "LatestYr": "2024-09-05 00:00:00", "LatestSrc": "montrose_MHWS_Modern_LiDAR.shp", "FirstEYr": null, "Extrap2050": -6.161613858782915, "Extrap2100": -18.327620160987866, "Dist_2040": -1.7136064939288644, "Rate_2040": -0.17138059141807593, "Dist_2050": -2.5412547729951029, "Rate_2050": -0.25408547671110426, "Dist_2060": -3.3084232876520332, "Rate_2060": -0.33088083040532523, "Dist_2070": -4.1448592755365894, "Rate_2070": -0.41442068544899335, "Dist_2080": -4.6382869506360862, "Rate_2080": -0.46388267293748653, "Dist_2090": -5.1332117841669174, "Rate_2090": -0.51324037916194509, "Dist_2100": -5.4505395086390536, "Rate_2100": -0.54511738129356502, "RSL_2050": 0.18573485314846039, "RSL_2100": 0.55779761075973511 }, "geometry": { "type": "LineString", "coordinates": [ [ -2.436172522105437, 56.751764403959669 ], [ -2.435237474872109, 56.751526036732223 ] ] } },
{ "type": "Feature", "properties": { "Cell": "None", "SubCell": "None", "CMU": "None", "LineID": 0, "TransectID": 24, "Hist_Rate": 0.096910527925488182, "LatestYr": "2024-09-05 00:00:00", "LatestSrc": "montrose_MHWS_Modern_LiDAR.shp", "FirstEYr": null, "Extrap2050": -0.9756699261104399, "Extrap2100": -2.9021143190857726, "Dist_2040": -3.7541796767246751, "Rate_2040": -0.37546165678425852, "Dist_2050": -4.5809673806433011, "Rate_2050": -0.45802463140558747, "Dist_2060": -5.3462599752380697, "Rate_2060": -0.53468821440467984, "Dist_2070": -6.1818203094259161, "Rate_2070": -0.61808472607870113, "Dist_2080": -6.6738417676286872, "Rate_2080": -0.66746184332232228, "Dist_2090": -7.1684769355472326, "Rate_2090": -0.71673485823476879, "Dist_2100": -7.4847006074045339, "Rate_2100": -0.74855716363635005, "RSL_2050": 0.18573485314846039, "RSL_2100": 0.55779761075973511 }, "geometry": { "type": "LineString", "coordinates": [ [ -2.436212507011653, 56.75172579010129 ], [ -2.435278803838953, 56.751481660133855 ] ] } },
{ "type": "Feature", "properties": { "Cell": "None", "SubCell": "None", "CMU": "None", "LineID": 0, "TransectID": 25, "Hist_Rate": 0.038883967434040642, "LatestYr": "2024-09-05 00:00:00", "LatestSrc": "montrose_MHWS_Modern_LiDAR.shp", "FirstEYr": null, "Extrap2050": -0.24552482738878206, "Extrap2100": -0.73030960388072041, "Dist_2040": -3.934919850459778, "Rate_2040": -0.39353777751411706, "Dist_2050": -4.7403002415476863, "Rate_2050": -0.4739554095191571, "Dist_2060": -5.485631027661384, "Rate_2060": -0.54862694157190939, "Dist_2070": -6.2995560982008101, "Rate_2070": -0.62985645173750604, "Dist_2080": -6.7787165121258113, "Rate_2080": -0.67795053824756624, "Dist_2090": -7.260575124449133, "Rate_2090": -0.72594322745458872, "Dist_2100": -7.5685057376738314, "Rate_2100": -0.75693865194204124, "RSL_2050": 0.18573485314846039, "RSL_2100": 0.55779761075973511 }, "geometry": { "type": "LineString", "coordinates": [ [ -2.436309255464003, 56.751683873303605 ], [ -2.435331008502569, 56.75142400021862 ] ] } },
{ "type": "Feature", "properties": { "Cell": "None", "SubCell": "None", "CMU": "None", "LineID": 0, "TransectID": 26, "Hist_Rate": 0.21074083357347242, "LatestYr": "2024-09-05 00:00:00", "LatestSrc": "montrose_MHWS_Modern_LiDAR.shp", "FirstEYr": null, "Extrap2050": -4.947461544716405, "Extrap2100": -14.716143859519192, "Dist_2040": -1.2213580604754952, "Rate_2040": -0.122150019551813, "Dist_2050": -1.8550383429757744, "Rate_2050": -0.18547463509015311, "Dist_2060": -2.4424607796048008, "Rate_2060": -0.2442745019974826, "Dist_2070": -3.0828695435048985, "Rate_2070": -0.30823842848168298, "Dist_2080": -3.4606969439920476, "Rate_2080": -0.34610996811774797, "Dist_2090": -3.8396210026672861, "Rate_2090": -0.38390166276121168, "Dist_2100": -4.0826140263181969, "Rate_2100": -0.40830891388486423, "RSL_2050": 0.18573485314846039, "RSL_2100": 0.55779761075973511 }, "geometry": { "type": "LineString", "coordinates": [ [ -2.436308102595036, 56.751591691560769 ], [ -2.435398233526215, 56.751349040211025 ] ] } },
{ "type": "Feature", "properties": { "Cell": "None", "SubCell": "None", "CMU": "None", "LineID": 0, "TransectID": 27, "Hist_Rate": 0.15725421723601177, "LatestYr": "2024-09-05 00:00:00", "LatestSrc": "montrose_MHWS_Modern_LiDAR.shp", "FirstEYr": null, "Extrap2050": -4.1161523453543758, "Extrap2100": -12.243428173104578, "Dist_2040": -1.5122224544774667, "Rate_2040": -0.15123984387444855, "Dist_2050": -2.1385253866903327, "Rate_2050": -0.21381887723740592, "Dist_2060": -2.7189479458265282, "Rate_2060": -0.27192643622769597, "Dist_2070": -3.35190013849558, "Rate_2070": -0.33513725330809524, "Dist_2080": -3.7251954273287993, "Rate_2080": -0.37256289454165908, "Dist_2090": -4.0997416280616221, "Rate_2090": -0.4099096308752524, "Dist_2100": -4.3397900760767243, "Rate_2100": -0.43402951173643289, "RSL_2050": 0.18573485314846039, "RSL_2100": 0.55779761075973511 }, "geometry": { "type": "LineString", "coordinates": [ [ -2.436388892036806, 56.751494922972874 ], [ -2.435482003566193, 56.751255256132929 ] ] } },
{ "type": "Feature", "properties": { "Cell": "None", "SubCell": "None", "CMU": "None", "LineID": 0, "TransectID": 28, "Hist_Rate": 0.15582650694430267, "LatestYr": "2024-09-05 00:00:00", "LatestSrc": "montrose_MHWS_Modern_LiDAR.shp", "FirstEYr": null, "Extrap2050": -4.0583258136856717, "Extrap2100": -12.071424095611039, "Dist_2040": -1.544777248198784, "Rate_2040": -0.15449570210165509, "Dist_2050": -2.1730284597119862, "Rate_2050": -0.21726864144438959, "Dist_2060": -2.7552418719082539, "Rate_2060": -0.27555625120494259, "Dist_2070": -3.3901629471260435, "Rate_2070": -0.33896293189588939, "Dist_2080": -3.764607289136336, "Rate_2080": -0.37650453937633577, "Dist_2090": -4.1403216814458688, "Rate_2090": -0.41396699746386334, "Dist_2100": -4.3811063069856573, "Rate_2100": -0.43816161564326644, "RSL_2050": 0.18573485314846039, "RSL_2100": 0.55779761075973511 }, "geometry": { "type": "LineString", "coordinates": [ [ -2.436476484142248, 56.75137588569536 ], [ -2.435580596707371, 56.751144095933739 ] ] } },
{ "type": "Feature", "properties": { "Cell": "None", "SubCell": "None", "CMU": "None", "LineID": 0, "TransectID": 29, "Hist_Rate": 0.17413140371896818, "LatestYr": "2024-09-05 00:00:00", "LatestSrc": "montrose_MHWS_Modern_LiDAR.shp", "FirstEYr": null, "Extrap2050": -4.5662735893414679, "Extrap2100": -13.582306488958062, "Dist_2040": -1.1784491923255018, "Rate_2040": -0.11785863338662297, "Dist_2050": -1.7735325923643472, "Rate_2050": -0.17732534296924038, "Dist_2060": -2.3251590483853306, "Rate_2060": -0.2325429637814565, "Dist_2070": -2.9265610126339539, "Rate_2070": -0.29261003576702899, "Dist_2080": -3.2813615260375286, "Rate_2080": -0.32817433931373552, "Dist_2090": -3.6372091368374981, "Rate_2090": -0.36366366223963043, "Dist_2100": -3.8653897464184297, "Rate_2100": -0.38658395795625228, "RSL_2050": 0.18573485314846039, "RSL_2100": 0.55779761075973511 }, "geometry": { "type": "LineString", "coordinates": [ [ -2.436622078672404, 56.751253979338266 ], [ -2.435693120051879, 56.751020870041032 ] ] } },
{ "type": "Feature", "properties": { "Cell": "None", "SubCell": "None", "CMU": "None", "LineID": 0, "TransectID": 30, "Hist_Rate": 0.22124619360553122, "LatestYr": "2024-09-05 00:00:00", "LatestSrc": "montrose_MHWS_Modern_LiDAR.shp", "FirstEYr": null, "Extrap2050": -4.9956157680959103, "Extrap2100": -14.859377813394593, "Dist_2040": -0.88572739214180274, "Rate_2040": -0.088583046830326501, "Dist_2050": -1.4561549894640393, "Rate_2050": -0.14559257835732806, "Dist_2060": -1.9850549343953503, "Rate_2060": -0.19852859443480114, "Dist_2070": -2.561540011407601, "Rate_2070": -0.25611368125281708, "Dist_2080": -2.901746906736264, "Rate_2080": -0.29020845963406899, "Dist_2090": -3.2428239924071249, "Rate_2090": -0.3242313556109388, "Dist_2100": -3.4616429473303469, "Rate_2100": -0.34620457946065286, "RSL_2050": 0.18573485314846039, "RSL_2100": 0.55779761075973511 }, "geometry": { "type": "LineString", "coordinates": [ [ -2.436666787544906, 56.751098830308706 ], [ -2.435809817619954, 56.750891294242557 ] ] } },
{ "type": "Feature", "properties": { "Cell": "None", "SubCell": "None", "CMU": "None", "LineID": 0, "TransectID": 31, "Hist_Rate": 0.22731226828653303, "LatestYr": "2024-09-05 00:00:00", "LatestSrc": "montrose_MHWS_Modern_LiDAR.shp", "FirstEYr": null, "Extrap2050": -5.7230574082360519, "Extrap2100": -17.023141135039683, "Dist_2040": -0.96771463470997787, "Rate_2040": -0.096782725210311907, "Dist_2050": -1.6118191154753276, "Rate_2050": -0.16115654072926291, "Dist_2060": -2.2090493116388075, "Rate_2060": -0.22093063888451181, "Dist_2070": -2.8599937552950792, "Rate_2070": -0.28595435783420831, "Dist_2080": -3.2441562198096676, "Rate_2080": -0.32445337571572636, "Dist_2090": -3.6292835237632062, "Rate_2090": -0.36287122568521296, "Dist_2100": -3.8763775951058506, "Rate_2100": -0.38768287069563218, "RSL_2050": 0.18573485314846039, "RSL_2100": 0.55779761075973511 }, "geometry": { "type": "LineString", "coordinates": [ [ -2.436776843476031, 56.750962381195137 ], [ -2.435924033351363, 56.750762986961533 ] ] } },
{ "type": "Feature", "properties": { "Cell": "None", "SubCell": "None", "CMU": "None", "LineID": 0, "TransectID": 32, "Hist_Rate": 0.21949012567336765, "LatestYr": "2024-09-05 00:00:00", "LatestSrc": "montrose_MHWS_Modern_LiDAR.shp", "FirstEYr": null, "Extrap2050": -5.9574161711959883, "Extrap2100": -17.72023746197133, "Dist_2040": -1.2284302947180095, "Rate_2040": -0.12285732527889993, "Dist_2050": -1.9430753814580726, "Rate_2050": -0.19427695319249935, "Dist_2060": -2.6056309473094075, "Rate_2060": -0.26059341765406796, "Dist_2070": -3.3278646413219235, "Rate_2070": -0.33273408192116688, "Dist_2080": -3.7540318869830571, "Rate_2080": -0.37544687609019972, "Dist_2090": -4.1813543495022145, "Rate_2090": -0.41806961839530871, "Dist_2100": -4.4554508570824964, "Rate_2100": -0.44559693583459853, "RSL_2050": 0.18573485314846039, "RSL_2100": 0.55779761075973511 }, "geometry": { "type": "LineString", "coordinates": [ [ -2.436866478862255, 56.750832782720231 ], [ -2.436030703784585, 56.750643051292734 ] ] } },
{ "type": "Feature", "properties": { "Cell": "None", "SubCell": "None", "CMU": "None", "LineID": 0, "TransectID": 33, "Hist_Rate": 0.26067635332515599, "LatestYr": "2024-09-05 00:00:00", "LatestSrc": "montrose_MHWS_Modern_LiDAR.shp", "FirstEYr": null, "Extrap2050": -6.752817466616917, "Extrap2100": -20.086145672407611, "Dist_2040": -1.0262950334476386, "Rate_2040": -0.1026414468110622, "Dist_2050": -1.763213639816172, "Rate_2050": -0.17629361013976408, "Dist_2060": -2.4465461655841523, "Rate_2060": -0.24468308813892928, "Dist_2070": -3.1912905946096544, "Rate_2070": -0.31907882699198375, "Dist_2080": -3.6308454408199964, "Rate_2080": -0.36312679789668606, "Dist_2090": -4.0714598873188379, "Rate_2090": -0.40708190196935418, "Dist_2100": -4.3541903539315285, "Rate_2100": -0.4354697071045554, "RSL_2050": 0.18573485314846039, "RSL_2100": 0.55779761075973511 }, "geometry": { "type": "LineString", "coordinates": [ [ -2.436968068967524, 56.750723509465061 ], [ -2.436126958160461, 56.750536342151641 ] ] } },
{ "type": "Feature", "properties": { "Cell": "None", "SubCell": "None", "CMU": "None", "LineID": 0, "TransectID": 34, "Hist_Rate": 0.3290699570235644, "LatestYr": "2024-09-05 00:00:00", "LatestSrc": "montrose_MHWS_Modern_LiDAR.shp", "FirstEYr": null, "Extrap2050": -7.8098825841863855, "Extrap2100": -23.230368664023313, "Dist_2040": -0.5500834314954659, "Rate_2040": -0.055014744722886831, "Dist_2050": -1.2751366981129877, "Rate_2050": -0.12749359853833367, "Dist_2060": -1.9477093739671432, "Rate_2060": -0.19479360378455485, "Dist_2070": -2.6804637946404455, "Rate_2070": -0.26800418765780537, "Dist_2080": -3.1131422704929719, "Rate_2080": -0.31135045611460277, "Dist_2090": -3.546611625416574, "Rate_2090": -0.35460533714651332, "Dist_2100": -3.8249639990901301, "Rate_2100": -0.38254091277044822, "RSL_2050": 0.18573485314846039, "RSL_2100": 0.55779761075973511 }, "geometry": { "type": "LineString", "coordinates": [ [ -2.437042481506338, 56.750627278337348 ], [ -2.436212427711105, 56.750444251124257 ] ] } },
{ "type": "Feature", "properties": { "Cell": "None", "SubCell": "None", "CMU": "None", "LineID": 0, "TransectID": 35, "Hist_Rate": 0.39048784836265582, "LatestYr": "2024-09-05 00:00:00", "LatestSrc": "montrose_MHWS_Modern_LiDAR.shp", "FirstEYr": null, "Extrap2050": -9.0218366502086269, "Extrap2100": -26.835306312454271, "Dist_2040": -0.062894798914044259, "Rate_2040": -0.0062902118270434862, "Dist_2050": -0.78609023493623909, "Rate_2050": -0.078596650050287251, "Dist_2060": -1.4571960129737249, "Rate_2060": -0.14573655935612151, "Dist_2070": -2.1880742832389046, "Rate_2070": -0.21877298696848774, "Dist_2080": -2.6198565311788684, "Rate_2080": -0.26201614159066206, "Dist_2090": -3.0521616869619379, "Rate_2090": -0.30516812618401196, "Dist_2100": -3.3299849498184813, "Rate_2100": -0.33303724754492792, "RSL_2050": 0.18573485314846039, "RSL_2100": 0.55779761075973511 }, "geometry": { "type": "LineString", "coordinates": [ [ -2.437113018016637, 56.75054599669523 ], [ -2.436289154398182, 56.750364338237723 ] ] } },
{ "type": "Feature", "properties": { "Cell": "None", "SubCell": "None", "CMU": "None", "LineID": 0, "TransectID": 36, "Hist_Rate": 0.26175982759080901, "LatestYr": "2024-09-05 00:00:00", "LatestSrc": "montrose_MHWS_Modern_LiDAR.shp", "FirstEYr": null, "Extrap2050": -6.481722616888721, "Extrap2100": -19.27977845315446, "Dist_2040": -1.1609175738120712, "Rate_2040": -0.11610526751178954, "Dist_2050": -1.9033748391185554, "Rate_2050": -0.19030752386442898, "Dist_2060": -2.5917762727154923, "Rate_2060": -0.25920778896146995, "Dist_2070": -3.3421178101561964, "Rate_2070": -0.3341591744527716, "Dist_2080": -3.7849208383015593, "Rate_2080": -0.37853613069095216, "Dist_2090": -4.2288609082490325, "Rate_2090": -0.42281952649360727, "Dist_2100": -4.5136682674101394, "Rate_2100": -0.45141935437008429, "RSL_2050": 0.18573485314846039, "RSL_2100": 0.55779761075973511 }, "geometry": { "type": "LineString", "coordinates": [ [ -2.437164705453775, 56.750469012692825 ], [ -2.436361179186325, 56.750290975968568 ] ] } },
{ "type": "Feature", "properties": { "Cell": "None", "SubCell": "None", "CMU": "None", "LineID": 0, "TransectID": 37, "Hist_Rate": 0.39378668577636849, "LatestYr": "2024-09-05 00:00:00", "LatestSrc": "montrose_MHWS_Modern_LiDAR.shp", "FirstEYr": 2030.0, "Extrap2050": -9.8085476078073786, "Extrap2100": -29.175365254447915, "Dist_2040": 0.11823897691067486, "Rate_2040": 0.01182527369230481, "Dist_2050": -0.63074072242437751, "Rate_2050": -0.063064144076125303, "Dist_2060": -1.3258704092044127, "Rate_2060": -0.1326024706828704, "Dist_2070": -2.082807394189274, "Rate_2070": -0.20824795501565177, "Dist_2080": -2.5300642736827967, "Rate_2080": -0.25303587088734636, "Dist_2090": -2.9777623132250142, "Rate_2090": -0.29772935989271482, "Dist_2100": -3.2655603805237092, "Rate_2100": -0.32659404087717164, "RSL_2050": 0.18573485314846039, "RSL_2100": 0.55779761075973511 }, "geometry": { "type": "LineString", "coordinates": [ [ -2.437201028052999, 56.750387598261902 ], [ -2.436433718371603, 56.750216859375065 ] ] } },
{ "type": "Feature", "properties": { "Cell": "None", "SubCell": "None", "CMU": "None", "LineID": 0, "TransectID": 38, "Hist_Rate": 0.34009411398667727, "LatestYr": "2024-09-05 00:00:00", "LatestSrc": "montrose_MHWS_Modern_LiDAR.shp", "FirstEYr": null, "Extrap2050": -8.5015677029227792, "Extrap2100": -25.287774794584124, "Dist_2040": -0.22728269971662485, "Rate_2040": -0.022730914964745167, "Dist_2050": -0.94233580094788749, "Rate_2050": -0.094218747270109177, "Dist_2060": -1.6057985528431686, "Rate_2060": -0.16059854269901999, "Dist_2070": -2.3284475083231655, "Rate_2070": -0.23280809993395121, "Dist_2080": -2.7552961936603992, "Rate_2080": -0.27556168401232434, "Dist_2090": -3.1827522830073463, "Rate_2090": -0.31822513022893806, "Dist_2100": -3.4573850055894013, "Rate_2100": -0.34577873573493617, "RSL_2050": 0.18573485314846039, "RSL_2100": 0.55779761075973511 }, "geometry": { "type": "LineString", "coordinates": [ [ -2.437272547463655, 56.750303983872058 ], [ -2.436511865558221, 56.750134973129441 ] ] } },
{ "type": "Feature", "properties": { "Cell": "None", "SubCell": "None", "CMU": "None", "LineID": 0, "TransectID": 39, "Hist_Rate": 0.34550619294847901, "LatestYr": "2024-09-05 00:00:00", "LatestSrc": "montrose_MHWS_Modern_LiDAR.shp", "FirstEYr": null, "Extrap2050": -8.3769125529335113, "Extrap2100": -24.916990079333313, "Dist_2040": -0.23093827827108271, "Rate_2040": -0.023096515361836236, "Dist_2050": -0.93690278886424494, "Rate_2050": -0.093675531580002469, "Dist_2060": -1.5919292276011561, "Rate_2060": -0.1592114487711159, "Dist_2070": -2.3053930272751018, "Rate_2070": -0.23050301471791032, "Dist_2080": -2.7268134452037884, "Rate_2080": -0.27271307769984793, "Dist_2090": -3.1488371296244395, "Rate_2090": -0.31483414873168747, "Dist_2100": -3.4199766877549109, "Rate_2100": -0.34203746861372486, "RSL_2050": 0.18573485314846039, "RSL_2100": 0.55779761075973511 }, "geometry": { "type": "LineString", "coordinates": [ [ -2.437341873462668, 56.750203756439362 ], [ -2.436599061684809, 56.75004049174364 ] ] } },
{ "type": "Feature", "properties": { "Cell": "None", "SubCell": "None", "CMU": "None", "LineID": 0, "TransectID": 40, "Hist_Rate": 0.24176905982617516, "LatestYr": "2024-09-05 00:00:00", "LatestSrc": "montrose_MHWS_Modern_LiDAR.shp", "FirstEYr": null, "Extrap2050": -6.4982186135145268, "Extrap2100": -19.328845526694575, "Dist_2040": -1.1863219797292004, "Rate_2040": -0.11864600374623288, "Dist_2050": -1.9351533934386111, "Rate_2050": -0.19348487908650477, "Dist_2060": -2.6294567449023134, "Rate_2060": -0.26297627468509949, "Dist_2070": -3.3862400739362215, "Rate_2070": -0.33857070632484271, "Dist_2080": -3.8328379060150155, "Rate_2080": -0.38332839509520517, "Dist_2090": -4.280590993154135, "Rate_2090": -0.42799172072737457, "Dist_2100": -4.5678376308537736, "Rate_2100": -0.45683692110818991, "RSL_2050": 0.18573485314846039, "RSL_2100": 0.55779761075973511 }, "geometry": { "type": "LineString", "coordinates": [ [ -2.437418643521764, 56.750087660596634 ], [ -2.436695905035275, 56.749932141307902 ] ] } },
{ "type": "Feature", "properties": { "Cell": "None", "SubCell": "None", "CMU": "None", "LineID": 0, "TransectID": 41, "Hist_Rate": 0.41612929093187578, "LatestYr": "2024-09-05 00:00:00", "LatestSrc": "montrose_MHWS_Modern_LiDAR.shp", "FirstEYr": 2030.0, "Extrap2050": -10.269332790276685, "Extrap2100": -30.545963281792829, "Dist_2040": 0.1979353771902197, "Rate_2040": 0.019795841183844146, "Dist_2050": -0.57141924536045963, "Rate_2050": -0.057132930118688113, "Dist_2060": -1.2854993190683217, "Rate_2060": -0.12856489185235803, "Dist_2070": -2.0630279163431169, "Rate_2070": -0.20627031856965533, "Dist_2080": -2.5224852266209155, "Rate_2080": -0.25227787798030937, "Dist_2090": -2.982353828389364, "Rate_2090": -0.29818843913646381, "Dist_2100": -3.2780100188156212, "Rate_2100": -0.32783914958851712, "RSL_2050": 0.18573485314846039, "RSL_2100": 0.55779761075973511 }, "geometry": { "type": "LineString", "coordinates": [ [ -2.437507239520845, 56.749960445411176 ], [ -2.436799878263883, 56.749812704903064 ] ] } },
{ "type": "Feature", "properties": { "Cell": "None", "SubCell": "None", "CMU": "None", "LineID": 0, "TransectID": 42, "Hist_Rate": 0.42657065532491334, "LatestYr": "2024-09-05 00:00:00", "LatestSrc": "montrose_MHWS_Modern_LiDAR.shp", "FirstEYr": 2030.0, "Extrap2050": -10.719381642872145, "Extrap2100": -31.884626270629859, "Dist_2040": 0.44095821403158197, "Rate_2040": 0.044100953036262346, "Dist_2050": -0.31529950951602359, "Rate_2050": -0.031524987983686352, "Dist_2060": -1.0173537146096692, "Rate_2060": -0.10174721087303452, "Dist_2070": -1.781646982205757, "Rate_2070": -0.17813665422893135, "Dist_2080": -2.2333905978611597, "Rate_2080": -0.22336505077746568, "Dist_2090": -2.6854036135070487, "Rate_2090": -0.26849809178930967, "Dist_2100": -2.9761201697260731, "Rate_2100": -0.29764665144884317, "RSL_2050": 0.18573485314846039, "RSL_2100": 0.55779761075973511 }, "geometry": { "type": "LineString", "coordinates": [ [ -2.437602815931668, 56.749829194581807 ], [ -2.436906151056832, 56.749688536228156 ] ] } },
{ "type": "Feature", "properties": { "Cell": "None", "SubCell": "None", "CMU": "None", "LineID": 0, "TransectID": 43, "Hist_Rate": 0.46696226194601115, "LatestYr": "2024-09-05 00:00:00", "LatestSrc": "montrose_MHWS_Modern_LiDAR.shp", "FirstEYr": 2030.0, "Extrap2050": -11.48957892987154, "Extrap2100": -34.175565568136655, "Dist_2040": 0.91165884674666131, "Rate_2040": 0.091176494067050237, "Dist_2050": 0.18876157993139486, "Rate_2050": 0.018873186793893371, "Dist_2060": -0.482581992502503, "Rate_2060": -0.048263815278366776, "Dist_2070": -1.2131617608853276, "Rate_2070": -0.1212970803312782, "Dist_2080": -1.6451921661996494, "Rate_2080": -0.16453836247622547, "Dist_2090": -2.0772117486520187, "Rate_2090": -0.2076884785401136, "Dist_2100": -2.3552898354801641, "Rate_2100": -0.2355563931367371, "RSL_2050": 0.18573485314846039, "RSL_2100": 0.55779761075973511 }, "geometry": { "type": "LineString", "coordinates": [ [ -2.437687670839799, 56.749700916384981 ], [ -2.437009052256333, 56.749568144741183 ] ] } },
{ "type": "Feature", "properties": { "Cell": "None", "SubCell": "None", "CMU": "None", "LineID": 0, "TransectID": 44, "Hist_Rate": 0.46853385918472423, "LatestYr": "2024-09-05 00:00:00", "LatestSrc": "montrose_MHWS_Modern_LiDAR.shp", "FirstEYr": 2030.0, "Extrap2050": -11.637390113553394, "Extrap2100": -34.615227528810401, "Dist_2040": 0.99175025765458713, "Rate_2040": 0.099186567218347635, "Dist_2050": 0.2732092943882094, "Rate_2050": 0.027316628991400378, "Dist_2060": -0.3941338293865897, "Rate_2060": -0.039417969654910047, "Dist_2070": -1.1203112471101235, "Rate_2070": -0.11201349046608795, "Dist_2080": -1.5497755906958446, "Rate_2080": -0.15499559451936665, "Dist_2090": -1.9791823221381719, "Rate_2090": -0.19788707891966911, "Dist_2100": -2.2556171012851109, "Rate_2100": -0.22558795977988147, "RSL_2050": 0.18573485314846039, "RSL_2100": 0.55779761075973511 }, "geometry": { "type": "LineString", "coordinates": [ [ -2.437786475191308, 56.749590859669794 ], [ -2.437103523061034, 56.749460147396441 ] ] } },
{ "type": "Feature", "properties": { "Cell": "None", "SubCell": "None", "CMU": "None", "LineID": 0, "TransectID": 45, "Hist_Rate": 0.37323873139003866, "LatestYr": "2024-09-05 00:00:00", "LatestSrc": "montrose_MHWS_Modern_LiDAR.shp", "FirstEYr": 2030.0, "Extrap2050": -9.4572839704066016, "Extrap2100": -28.130537280771545, "Dist_2040": 0.25064131768783682, "Rate_2040": 0.025067048596823589, "Dist_2050": -0.44422133027012478, "Rate_2050": -0.044415140766817976, "Dist_2060": -1.089199274184864, "Rate_2060": -0.10893260293030263, "Dist_2070": -1.7914446691959824, "Rate_2070": -0.17911626870758654, "Dist_2080": -2.206446925661453, "Rate_2080": -0.22067037000161643, "Dist_2090": -2.6217813043216438, "Rate_2090": -0.26213686231691707, "Dist_2100": -2.8888381271762, "Rate_2100": -0.28891743145267068, "RSL_2050": 0.18573485314846039, "RSL_2100": 0.55779761075973511 }, "geometry": { "type": "LineString", "coordinates": [ [ -2.437847120654089, 56.749496734591887 ], [ -2.437186064353313, 56.749371089140176 ] ] } },
{ "type": "Feature", "properties": { "Cell": "None", "SubCell": "None", "CMU": "None", "LineID": 0, "TransectID": 46, "Hist_Rate": 0.32049688114111391, "LatestYr": "2024-09-05 00:00:00", "LatestSrc": "montrose_MHWS_Modern_LiDAR.shp", "FirstEYr": null, "Extrap2050": -8.552277331189039, "Extrap2100": -25.43860975871355, "Dist_2040": -0.0063916796291323408, "Rate_2040": -0.00063924234582239019, "Dist_2050": -0.68131381016280557, "Rate_2050": -0.068120656804924309, "Dist_2060": -1.3076508816975547, "Rate_2060": -0.13078030590318157, "Dist_2070": -1.9897431693362932, "Rate_2070": -0.19894299740660035, "Dist_2080": -2.392726820053042, "Rate_2080": -0.23930052726539519, "Dist_2090": -2.7961698396624683, "Rate_2090": -0.27957297089047883, "Dist_2100": -3.0554682206106349, "Rate_2100": -0.30558237994698245, "RSL_2050": 0.18573485314846039, "RSL_2100": 0.55779761075973511 }, "geometry": { "type": "LineString", "coordinates": [ [ -2.437891846163196, 56.749426013813121 ], [ -2.437255154377072, 56.749303737828804 ] ] } },
{ "type": "Feature", "properties": { "Cell": "None", "SubCell": "None", "CMU": "None", "LineID": 0, "TransectID": 47, "Hist_Rate": 0.34172645169049687, "LatestYr": "2024-09-05 00:00:00", "LatestSrc": "montrose_MHWS_Modern_LiDAR.shp", "FirstEYr": null, "Extrap2050": -8.3938200495251234, "Extrap2100": -24.967281152825784, "Dist_2040": -0.073758563632168261, "Rate_2040": -0.0073767147254715816, "Dist_2050": -0.74965657068685232, "Rate_2050": -0.07495385710897691, "Dist_2060": -1.3768637086692479, "Rate_2060": -0.13770239406178197, "Dist_2070": -2.0599420442853216, "Rate_2070": -0.20596177993700565, "Dist_2080": -2.4634789162923312, "Rate_2080": -0.24637656026393806, "Dist_2090": -2.8675126970244946, "Rate_2090": -0.28670613365534331, "Dist_2100": -3.1271604699158502, "Rate_2100": -0.31275243919311063, "RSL_2050": 0.18573485314846039, "RSL_2100": 0.55779761075973511 }, "geometry": { "type": "LineString", "coordinates": [ [ -2.437927258831682, 56.749377724728532 ], [ -2.43731140406457, 56.749256355301171 ] ] } },
{ "type": "Feature", "properties": { "Cell": "None", "SubCell": "None", "CMU": "None", "LineID": 0, "TransectID": 48, "Hist_Rate": 0.29420566488578098, "LatestYr": "2024-09-05 00:00:00", "LatestSrc": "montrose_MHWS_Modern_LiDAR.shp", "FirstEYr": null, "Extrap2050": -6.6776049519808431, "Extrap2100": -19.862427271482861, "Dist_2040": -0.7545746480295179, "Rate_2040": -0.075466246134425305, "Dist_2050": -1.4312899640304977, "Rate_2050": -0.14310646720159023, "Dist_2060": -2.058896153426133, "Rate_2060": -0.20591357566203297, "Dist_2070": -2.7427985003386652, "Rate_2070": -0.27423667704898574, "Dist_2080": -3.1465256427207464, "Rate_2080": -0.31468918183500338, "Dist_2090": -3.5511229655643319, "Rate_2090": -0.35505640015059692, "Dist_2100": -3.8108266981060979, "Rate_2100": -0.38112701814978545, "RSL_2050": 0.18573485314846039, "RSL_2100": 0.55779761075973511 }, "geometry": { "type": "LineString", "coordinates": [ [ -2.437946564945092, 56.74934348700414 ], [ -2.437346802077046, 56.749220951529516 ] ] } },
{ "type": "Feature", "properties": { "Cell": "None", "SubCell": "None", "CMU": "None", "LineID": 0, "TransectID": 49, "Hist_Rate": 0.26539630235895628, "LatestYr": "2024-09-05 00:00:00", "LatestSrc": "montrose_MHWS_Modern_LiDAR.shp", "FirstEYr": null, "Extrap2050": -6.0963388813867363, "Extrap2100": -18.133460802879284, "Dist_2040": -1.0226325306281296, "Rate_2040": -0.10227515390688517, "Dist_2050": -1.7071100438839153, "Rate_2050": -0.17068413364447604, "Dist_2060": -2.3417781813406577, "Rate_2060": -0.23420507048146638, "Dist_2070": -3.0335244090425135, "Rate_2070": -0.30330469175190539, "Dist_2080": -3.4417690229034292, "Rate_2080": -0.34421695573598188, "Dist_2090": -3.8510358111432197, "Rate_2090": -0.38504296393415754, "Dist_2100": -4.1136201304330484, "Rate_2100": -0.41140988512861248, "RSL_2050": 0.18573485314846039, "RSL_2100": 0.55779761075973511 }, "geometry": { "type": "LineString", "coordinates": [ [ -2.437969996774993, 56.749317259109446 ], [ -2.437376236060998, 56.749191078566611 ] ] } },
{ "type": "Feature", "properties": { "Cell": "None", "SubCell": "None", "CMU": "None", "LineID": 0, "TransectID": 50, "Hist_Rate": 0.22429842964410701, "LatestYr": "2024-09-05 00:00:00", "LatestSrc": "montrose_MHWS_Modern_LiDAR.shp", "FirstEYr": null, "Extrap2050": -5.6807784444680269, "Extrap2100": -16.897383045276236, "Dist_2040": -1.1873396637012092, "Rate_2040": -0.1187477839866892, "Dist_2050": -1.8719862864930406, "Rate_2050": -0.18716916267299052, "Dist_2060": -2.5067244061136762, "Rate_2060": -0.25070161251368411, "Dist_2070": -3.1986410607868834, "Rate_2070": -0.31981375790978739, "Dist_2080": -3.6069146181401948, "Rate_2080": -0.36073343713473988, "Dist_2090": -4.0163006346916745, "Rate_2090": -0.40156684494015166, "Dist_2100": -4.2788874969262451, "Rate_2100": -0.42793854507012163, "RSL_2050": 0.18573485314846039, "RSL_2100": 0.55779761075973511 }, "geometry": { "type": "LineString", "coordinates": [ [ -2.43800878832599, 56.749290778164948 ], [ -2.437406463076181, 56.749158069717126 ] ] } },
{ "type": "Feature", "properties": { "Cell": "None", "SubCell": "None", "CMU": "None", "LineID": 0, "TransectID": 51, "Hist_Rate": 0.2464480973598937, "LatestYr": "2024-09-05 00:00:00", "LatestSrc": "montrose_MHWS_Modern_LiDAR.shp", "FirstEYr": null, "Extrap2050": -5.6429273543430281, "Extrap2100": -16.784795593613477, "Dist_2040": -1.1342805808878325, "Rate_2040": -0.11344125823245459, "Dist_2050": -1.8053466509062446, "Rate_2050": -0.1805062480546466, "Dist_2060": -2.4275097735813347, "Rate_2060": -0.24277922740341748, "Dist_2070": -3.105701754002439, "Rate_2070": -0.31052129014131835, "Dist_2080": -3.5058897593214056, "Rate_2080": -0.35062977558021591, "Dist_2090": -3.9071520032492231, "Rate_2090": -0.39065369984855036, "Dist_2100": -4.1645414138459955, "Rate_2100": -0.41650260606425138, "RSL_2050": 0.18573485314846039, "RSL_2100": 0.55779761075973511 }, "geometry": { "type": "LineString", "coordinates": [ [ -2.438028913773899, 56.749247323339347 ], [ -2.437443208106175, 56.749114622856524 ] ] } },
{ "type": "Feature", "properties": { "Cell": "None", "SubCell": "None", "CMU": "None", "LineID": 0, "TransectID": 52, "Hist_Rate": 0.13195233309478996, "LatestYr": "2024-09-05 00:00:00", "LatestSrc": "montrose_MHWS_Modern_LiDAR.shp", "FirstEYr": null, "Extrap2050": -2.9401222271361775, "Extrap2100": -8.7453457228612148, "Dist_2040": -2.2221103637241981, "Rate_2040": -0.22223689609050806, "Dist_2050": -2.8975872640857006, "Rate_2050": -0.28971311697312385, "Dist_2060": -3.5232694168960279, "Rate_2060": -0.35236794359272933, "Dist_2070": -4.2059159225252642, "Rate_2070": -0.42052538908648612, "Dist_2080": -4.6082618444815466, "Rate_2080": -0.46087981290609292, "Dist_2090": -5.0122805277832185, "Rate_2090": -0.50114915704047691, "Dist_2100": -5.2709522384296861, "Rate_2100": -0.5271565643331475, "RSL_2050": 0.18573485314846039, "RSL_2100": 0.55779761075973511 }, "geometry": { "type": "LineString", "coordinates": [ [ -2.438062885749243, 56.749188277329864 ], [ -2.437490476183121, 56.749056358899182 ] ] } },
{ "type": "Feature", "properties": { "Cell": "None", "SubCell": "None", "CMU": "None", "LineID": 0, "TransectID": 53, "Hist_Rate": 0.11340767312270209, "LatestYr": "2024-09-05 00:00:00", "LatestSrc": "montrose_MHWS_Modern_LiDAR.shp", "FirstEYr": null, "Extrap2050": -2.8984899404675, "Extrap2100": -8.6215111636070265, "Dist_2040": -2.2367803906707877, "Rate_2040": -0.22370406950700306, "Dist_2050": -2.9119084907738397, "Rate_2050": -0.29114501421885142, "Dist_2060": -3.5372592055549603, "Rate_2060": -0.35376708526421347, "Dist_2070": -4.2195531626983893, "Rate_2070": -0.42188889844699329, "Dist_2080": -4.6216844054911803, "Rate_2080": -0.4622222252115587, "Dist_2090": -5.0254962052911196, "Rate_2090": -0.50247051677006349, "Dist_2100": -5.2840283488052364, "Rate_2100": -0.5284643275434, "RSL_2050": 0.18573485314846039, "RSL_2100": 0.55779761075973511 }, "geometry": { "type": "LineString", "coordinates": [ [ -2.438122711530115, 56.749115246838628 ], [ -2.437549548389982, 56.74898237650136 ] ] } },
{ "type": "Feature", "properties": { "Cell": "None", "SubCell": "None", "CMU": "None", "LineID": 0, "TransectID": 54, "Hist_Rate": 0.18971402375434043, "LatestYr": "2024-09-05 00:00:00", "LatestSrc": "montrose_MHWS_Modern_LiDAR.shp", "FirstEYr": null, "Extrap2050": -4.7055998269244128, "Extrap2100": -13.996730115527898, "Dist_2040": -1.5401331619764846, "Rate_2040": -0.15403123943406249, "Dist_2050": -2.2184411143613829, "Rate_2050": -0.22180919209201683, "Dist_2060": -2.8471105764314188, "Rate_2060": -0.28474419077553464, "Dist_2070": -3.5326201942336297, "Rate_2070": -0.3532064142601633, "Dist_2080": -3.9369547382594305, "Rate_2080": -0.39374128997500552, "Dist_2090": -4.3425906004794683, "Rate_2090": -0.43419070555587796, "Dist_2100": -4.6026084687200637, "Rate_2100": -0.46031440953901642, "RSL_2050": 0.18573485314846039, "RSL_2100": 0.55779761075973511 }, "geometry": { "type": "LineString", "coordinates": [ [ -2.438221688342962, 56.749034195653451 ], [ -2.437618901018769, 56.748894957121358 ] ] } },
{ "type": "Feature", "properties": { "Cell": "None", "SubCell": "None", "CMU": "None", "LineID": 0, "TransectID": 55, "Hist_Rate": 0.10690831052608164, "LatestYr": "2024-09-05 00:00:00", "LatestSrc": "montrose_MHWS_Modern_LiDAR.shp", "FirstEYr": null, "Extrap2050": -2.8406720254103357, "Extrap2100": -8.4495327160843061, "Dist_2040": -2.2715247697013297, "Rate_2040": -0.22717891174634117, "Dist_2050": -2.9490392201107625, "Rate_2050": -0.29485750269677119, "Dist_2060": -3.5765861701354993, "Rate_2060": -0.35770023938820239, "Dist_2070": -4.2612917284026821, "Rate_2070": -0.42606209803206041, "Dist_2080": -4.6648326328208327, "Rate_2080": -0.46653755008024728, "Dist_2090": -5.0700747272476292, "Rate_2090": -0.50692766727805705, "Dist_2100": -5.3295105224854069, "Rate_2100": -0.53301307420834509, "RSL_2050": 0.18573485314846039, "RSL_2100": 0.55779761075973511 }, "geometry": { "type": "LineString", "coordinates": [ [ -2.438347965515416, 56.748947947675738 ], [ -2.437695017414802, 56.748798606814759 ] ] } },
{ "type": "Feature", "properties": { "Cell": "None", "SubCell": "None", "CMU": "None", "LineID": 0, "TransectID": 56, "Hist_Rate": 0.072655841993949019, "LatestYr": "2024-09-05 00:00:00", "LatestSrc": "montrose_MHWS_Modern_LiDAR.shp", "FirstEYr": null, "Extrap2050": -2.0831973164572668, "Extrap2100": -6.1964365199541422, "Dist_2040": -2.666214341821842, "Rate_2040": -0.26665246214207672, "Dist_2050": -3.3629073854452258, "Rate_2050": -0.33623780474362935, "Dist_2060": -4.0080440606436127, "Rate_2060": -0.40085104951249312, "Dist_2070": -4.7121308117442027, "Rate_2070": -0.47113890993935997, "Dist_2080": -5.1269503776552483, "Rate_2080": -0.51275470243996357, "Dist_2090": -5.5437001643945223, "Rate_2090": -0.5542827558975818, "Dist_2100": -5.8103546569471973, "Rate_2100": -0.58110308345838901, "RSL_2050": 0.18573485314846039, "RSL_2100": 0.55779761075973511 }, "geometry": { "type": "LineString", "coordinates": [ [ -2.438607780781574, 56.748887151983133 ], [ -2.437773659994046, 56.748698733565092 ] ] } },
{ "type": "Feature", "properties": { "Cell": "None", "SubCell": "None", "CMU": "None", "LineID": 0, "TransectID": 57, "Hist_Rate": 0.019264852929005427, "LatestYr": "2024-09-05 00:00:00", "LatestSrc": "montrose_MHWS_Modern_LiDAR.shp", "FirstEYr": null, "Extrap2050": -0.34377896851958062, "Extrap2100": -1.0225649478800067, "Dist_2040": -3.2709917611709898, "Rate_2040": -0.3271372421493689, "Dist_2050": -3.9514849322011401, "Rate_2050": -0.39508629492183822, "Dist_2060": -4.5812685373876434, "Rate_2060": -0.4581801680632, "Dist_2070": -5.2689815538735161, "Rate_2070": -0.52681521905027318, "Dist_2080": -5.6738639251465202, "Rate_2080": -0.56745242187303613, "Dist_2090": -6.0809966667508206, "Rate_2090": -0.60800394882445574, "Dist_2100": -6.3411980461330586, "Rate_2100": -0.63419360004511327, "RSL_2050": 0.18573485314846039, "RSL_2100": 0.55779761075973511 }, "geometry": { "type": "LineString", "coordinates": [ [ -2.438518812707101, 56.748749422962732 ], [ -2.437851066368598, 56.74860030801392 ] ] } },
{ "type": "Feature", "properties": { "Cell": "None", "SubCell": "None", "CMU": "None", "LineID": 0, "TransectID": 58, "Hist_Rate": -0.0021254982428280354, "LatestYr": "2024-09-05 00:00:00", "LatestSrc": "montrose_MHWS_Modern_LiDAR.shp", "FirstEYr": null, "Extrap2050": 0.31924699786438449, "Extrap2100": 0.9495950003510738, "Dist_2040": -3.525924495114225, "Rate_2040": -0.35263348231291275, "Dist_2050": -4.2051179201889681, "Rate_2050": -0.42044560141380216, "Dist_2060": -4.8335607487270522, "Rate_2060": -0.48341232523738786, "Dist_2070": -5.5199594695335463, "Rate_2070": -0.55190906010158947, "Dist_2080": -5.9239542941953687, "Rate_2080": -0.59246436919431877, "Dist_2090": -6.3303381768062081, "Rate_2090": -0.63293417507312932, "Dist_2100": -6.5899435765470571, "Rate_2100": -0.65907104785240656, "RSL_2050": 0.18573485314846039, "RSL_2100": 0.55779761075973511 }, "geometry": { "type": "LineString", "coordinates": [ [ -2.438512867270026, 56.748637132485577 ], [ -2.437924713313918, 56.748506835072924 ] ] } },
{ "type": "Feature", "properties": { "Cell": "None", "SubCell": "None", "CMU": "None", "LineID": 0, "TransectID": 59, "Hist_Rate": -0.017809500877812207, "LatestYr": "2024-09-05 00:00:00", "LatestSrc": "montrose_MHWS_Modern_LiDAR.shp", "FirstEYr": null, "Extrap2050": 0.63849931173911156, "Extrap2100": 1.8992058130884095, "Dist_2040": -3.6595964084109482, "Rate_2040": -0.36600222924398573, "Dist_2050": -4.3403453302653929, "Rate_2050": -0.43396621387611767, "Dist_2060": -4.9701611190157564, "Rate_2060": -0.49707395194745685, "Dist_2070": -5.6581314728927055, "Rate_2070": -0.56572408554284537, "Dist_2080": -6.0629966055005298, "Rate_2080": -0.60637021842402172, "Dist_2090": -6.4703250267521071, "Rate_2090": -0.64693065660648963, "Dist_2100": -6.7304773737033656, "Rate_2100": -0.67312606302432954, "RSL_2050": 0.18573485314846039, "RSL_2100": 0.55779761075973511 }, "geometry": { "type": "LineString", "coordinates": [ [ -2.438594000955688, 56.7485524374721 ], [ -2.437993563921553, 56.748419860167303 ] ] } },
{ "type": "Feature", "properties": { "Cell": "None", "SubCell": "None", "CMU": "None", "LineID": 0, "TransectID": 60, "Hist_Rate": -0.11897043039716841, "LatestYr": "2024-09-05 00:00:00", "LatestSrc": "montrose_MHWS_Modern_LiDAR.shp", "FirstEYr": null, "Extrap2050": 3.1710879112989225, "Extrap2100": 9.4323493921228962, "Dist_2040": -4.6514003099563865, "Rate_2040": -0.46519416147569703, "Dist_2050": -5.330785506418465, "Rate_2050": -0.53299464148043973, "Dist_2060": -5.9588121242758234, "Rate_2060": -0.59595055785893003, "Dist_2070": -6.6454013797715561, "Rate_2070": -0.66443553612132844, "Dist_2080": -7.0490185174255657, "Rate_2080": -0.70498388440602611, "Dist_2090": -7.4556409957456253, "Rate_2090": -0.74544674415237389, "Dist_2100": -7.7148934911051583, "Rate_2100": -0.77157913086664176, "RSL_2050": 0.18573485314846039, "RSL_2100": 0.55779761075973511 }, "geometry": { "type": "LineString", "coordinates": [ [ -2.438669558747833, 56.748474271057169 ], [ -2.43805789969682, 56.748339064038142 ] ] } },
{ "type": "Feature", "properties": { "Cell": "None", "SubCell": "None", "CMU": "None", "LineID": 0, "TransectID": 61, "Hist_Rate": -0.15792205021860953, "LatestYr": "2024-09-05 00:00:00", "LatestSrc": "montrose_MHWS_Modern_LiDAR.shp", "FirstEYr": null, "Extrap2050": 3.8339907123959196, "Extrap2100": 11.404142987212039, "Dist_2040": -4.8178736508256748, "Rate_2040": -0.4818434328892926, "Dist_2050": -5.4782981248820306, "Rate_2050": -0.54774358140630308, "Dist_2060": -6.088640948203647, "Rate_2060": -0.60893495112931839, "Dist_2070": -6.7560675638408156, "Rate_2070": -0.67550041258859272, "Dist_2080": -7.1482907208562665, "Rate_2080": -0.71491226002528618, "Dist_2090": -7.5435975492234775, "Rate_2090": -0.75424101502114871, "Dist_2100": -7.7955023579446561, "Rate_2100": -0.77964095563296854, "RSL_2050": 0.18573485314846039, "RSL_2100": 0.55779761075973511 }, "geometry": { "type": "LineString", "coordinates": [ [ -2.438711275143293, 56.748394341787325 ], [ -2.438118898075135, 56.748262820975299 ] ] } },
{ "type": "Feature", "properties": { "Cell": "None", "SubCell": "None", "CMU": "None", "LineID": 0, "TransectID": 62, "Hist_Rate": -0.074858861803300328, "LatestYr": "2024-09-05 00:00:00", "LatestSrc": "montrose_MHWS_Modern_LiDAR.shp", "FirstEYr": null, "Extrap2050": 1.9269942342567792, "Extrap2100": 5.7318129936899398, "Dist_2040": -4.012468643462455, "Rate_2040": -0.40129355928527816, "Dist_2050": -4.6622153413298406, "Rate_2050": -0.46614814859175047, "Dist_2060": -5.263074188824362, "Rate_2060": -0.52636866769213642, "Dist_2070": -5.9197119336272408, "Rate_2070": -0.59187801421238639, "Dist_2080": -6.3059117599163983, "Rate_2080": -0.63066456078074073, "Dist_2090": -6.6947471181889568, "Rate_2090": -0.66936933323710102, "Dist_2100": -6.9428548603846139, "Rate_2100": -0.69436628322673255, "RSL_2050": 0.18573485314846039, "RSL_2100": 0.55779761075973511 }, "geometry": { "type": "LineString", "coordinates": [ [ -2.438750389723314, 56.748316808901471 ], [ -2.438178107588167, 56.748188974048453 ] ] } },
{ "type": "Feature", "properties": { "Cell": "None", "SubCell": "None", "CMU": "None", "LineID": 0, "TransectID": 63, "Hist_Rate": -0.094909699397814351, "LatestYr": "2024-09-05 00:00:00", "LatestSrc": "montrose_MHWS_Modern_LiDAR.shp", "FirstEYr": null, "Extrap2050": 2.6829494280126043, "Extrap2100": 7.980389416591497, "Dist_2040": -4.3093683824470759, "Rate_2040": -0.43098698834225796, "Dist_2050": -4.958878832868379, "Rate_2050": -0.49580982811769203, "Dist_2060": -5.5593616945035933, "Rate_2060": -0.55600086629373735, "Dist_2070": -6.2157598183517848, "Rate_2070": -0.62147814274687974, "Dist_2080": -6.6016887449958404, "Rate_2080": -0.6602457013812002, "Dist_2090": -6.9904155848352048, "Rate_2090": -0.69893152593599028, "Dist_2100": -7.2383200302947444, "Rate_2100": -0.72391623868152466, "RSL_2050": 0.18573485314846039, "RSL_2100": 0.55779761075973511 }, "geometry": { "type": "LineString", "coordinates": [ [ -2.438801898256484, 56.748242557279319 ], [ -2.438236957783091, 56.74811555681616 ] ] } },
{ "type": "Feature", "properties": { "Cell": "None", "SubCell": "None", "CMU": "None", "LineID": 0, "TransectID": 64, "Hist_Rate": -0.081723791099787585, "LatestYr": "2024-09-05 00:00:00", "LatestSrc": "montrose_MHWS_Modern_LiDAR.shp", "FirstEYr": null, "Extrap2050": 1.959058667232801, "Extrap2100": 5.8271881278237201, "Dist_2040": -3.9627178758134392, "Rate_2040": -0.39631790354786145, "Dist_2050": -4.6000006941534366, "Rate_2050": -0.45992766316297196, "Dist_2060": -5.1893190919258814, "Rate_2060": -0.51899229968037752, "Dist_2070": -5.8333606893091883, "Rate_2070": -0.58324424899124316, "Dist_2080": -6.2121402665587766, "Rate_2080": -0.62128632018307617, "Dist_2090": -6.5935197206192697, "Rate_2090": -0.65924818684869524, "Dist_2100": -6.8368577760294329, "Rate_2100": -0.68376534125449895, "RSL_2050": 0.18573485314846039, "RSL_2100": 0.55779761075973511 }, "geometry": { "type": "LineString", "coordinates": [ [ -2.438865494748943, 56.748169920986157 ], [ -2.438296422593023, 56.748041259086179 ] ] } },
{ "type": "Feature", "properties": { "Cell": "None", "SubCell": "None", "CMU": "None", "LineID": 0, "TransectID": 65, "Hist_Rate": -0.10238464599307229, "LatestYr": "2024-09-05 00:00:00", "LatestSrc": "montrose_MHWS_Modern_LiDAR.shp", "FirstEYr": null, "Extrap2050": 2.6050821090105165, "Extrap2100": 7.7487743432790914, "Dist_2040": -4.1668598948174349, "Rate_2040": -0.4167344811426224, "Dist_2050": -4.7940362509644956, "Rate_2050": -0.47932816462986583, "Dist_2060": -5.3738678877885491, "Rate_2060": -0.53744932694567615, "Dist_2070": -6.0076950610232416, "Rate_2070": -0.60067494205468963, "Dist_2080": -6.3803509378171839, "Rate_2080": -0.63810934485369464, "Dist_2090": -6.7557116247344311, "Rate_2090": -0.67546482428060928, "Dist_2100": -6.9950894668314731, "Rate_2100": -0.69959035174950557, "RSL_2050": 0.18573485314846039, "RSL_2100": 0.55779761075973511 }, "geometry": { "type": "LineString", "coordinates": [ [ -2.438924085248354, 56.748094391465941 ], [ -2.438356908972606, 56.747965554838075 ] ] } },
{ "type": "Feature", "properties": { "Cell": "None", "SubCell": "None", "CMU": "None", "LineID": 0, "TransectID": 66, "Hist_Rate": -0.18483678759603589, "LatestYr": "2024-09-05 00:00:00", "LatestSrc": "montrose_MHWS_Modern_LiDAR.shp", "FirstEYr": null, "Extrap2050": 4.6274048353500206, "Extrap2100": 13.76414038548107, "Dist_2040": -4.9132259592377636, "Rate_2040": -0.49137977338907418, "Dist_2050": -5.5302024408070451, "Rate_2050": -0.55293319599958046, "Dist_2060": -6.1001743691479078, "Rate_2060": -0.61008842744345693, "Dist_2070": -6.7236911361278544, "Rate_2070": -0.67226327943804487, "Dist_2080": -7.0899304128444101, "Rate_2080": -0.70907555005841305, "Dist_2090": -7.459276215973091, "Rate_2090": -0.74581020895498273, "Dist_2100": -7.6944524406795836, "Rate_2100": -0.76953478794219954, "RSL_2050": 0.18573485314846039, "RSL_2100": 0.55779761075973511 }, "geometry": { "type": "LineString", "coordinates": [ [ -2.43897081756425, 56.748014497119748 ], [ -2.438418364848393, 56.74788853344436 ] ] } },
{ "type": "Feature", "properties": { "Cell": "None", "SubCell": "None", "CMU": "None", "LineID": 0, "TransectID": 67, "Hist_Rate": -0.21604842900123955, "LatestYr": "2024-09-05 00:00:00", "LatestSrc": "montrose_MHWS_Modern_LiDAR.shp", "FirstEYr": null, "Extrap2050": 5.0721567629231687, "Extrap2100": 15.087047757030955, "Dist_2040": -5.0621904897533909, "Rate_2040": -0.5062779600092423, "Dist_2050": -5.6738919795249103, "Rate_2050": -0.5672998881280118, "Dist_2060": -6.2388899725513056, "Rate_2060": -0.62396160208093387, "Dist_2070": -6.8570752744209358, "Rate_2070": -0.68559959373602208, "Dist_2080": -7.2200997833483598, "Rate_2080": -0.72209400194951079, "Dist_2090": -7.5863088078929195, "Rate_2090": -0.75851146859206942, "Dist_2100": -7.8194019531431422, "Rate_2100": -0.78203119328337467, "RSL_2050": 0.18573485314846039, "RSL_2100": 0.55779761075973511 }, "geometry": { "type": "LineString", "coordinates": [ [ -2.439063516697912, 56.747943897633618 ], [ -2.438480524172564, 56.74781056177995 ] ] } },
{ "type": "Feature", "properties": { "Cell": "None", "SubCell": "None", "CMU": "None", "LineID": 0, "TransectID": 68, "Hist_Rate": -0.25168074553588143, "LatestYr": "2024-09-05 00:00:00", "LatestSrc": "montrose_MHWS_Modern_LiDAR.shp", "FirstEYr": null, "Extrap2050": 6.4454179567398793, "Extrap2100": 19.171790832292228, "Dist_2040": -5.6380286294270832, "Rate_2040": -0.56386847526931039, "Dist_2050": -6.2565907736882309, "Rate_2050": -0.62556059558139165, "Dist_2060": -6.8276515781257103, "Rate_2060": -0.68284461432737675, "Dist_2070": -7.4527687449561881, "Rate_2070": -0.74515956428405716, "Dist_2080": -7.8196378290562052, "Rate_2080": -0.78205478361967717, "Dist_2090": -8.1900113111855717, "Rate_2090": -0.81887221634976626, "Dist_2100": -8.42552202023262, "Rate_2100": -0.84265025368970781, "RSL_2050": 0.18573485314846039, "RSL_2100": 0.55779761075973511 }, "geometry": { "type": "LineString", "coordinates": [ [ -2.439113917929122, 56.747862811307947 ], [ -2.43854316962975, 56.747731935310156 ] ] } },
{ "type": "Feature", "properties": { "Cell": "None", "SubCell": "None", "CMU": "None", "LineID": 0, "TransectID": 69, "Hist_Rate": -0.24667718022175045, "LatestYr": "2024-09-05 00:00:00", "LatestSrc": "montrose_MHWS_Modern_LiDAR.shp", "FirstEYr": null, "Extrap2050": 5.905710826356529, "Extrap2100": 17.566440755097247, "Dist_2040": -5.3637461463368936, "Rate_2040": -0.53643703500916018, "Dist_2050": -5.9700291526737601, "Rate_2050": -0.59690894409949247, "Dist_2060": -6.5298394892399756, "Rate_2060": -0.65305993966285103, "Dist_2070": -7.1425478660598856, "Rate_2070": -0.71414235942222226, "Dist_2080": -7.502205199506875, "Rate_2080": -0.75030782655555583, "Dist_2090": -7.8652084784206409, "Rate_2090": -0.78639704562812784, "Dist_2100": -8.0961055800213444, "Rate_2100": -0.8097047760982875, "RSL_2050": 0.18573485314846039, "RSL_2100": 0.55779761075973511 }, "geometry": { "type": "LineString", "coordinates": [ [ -2.439172201351817, 56.747782691554143 ], [ -2.438606307588037, 56.747652650927328 ] ] } },
{ "type": "Feature", "properties": { "Cell": "None", "SubCell": "None", "CMU": "None", "LineID": 0, "TransectID": 70, "Hist_Rate": -0.23407527997998828, "LatestYr": "2024-09-05 00:00:00", "LatestSrc": "montrose_MHWS_Modern_LiDAR.shp", "FirstEYr": null, "Extrap2050": 5.6542810558039172, "Extrap2100": 16.818566993861129, "Dist_2040": -5.2678442283097979, "Rate_2040": -0.52684572715181854, "Dist_2050": -5.8747744422569781, "Rate_2050": -0.58738497241337106, "Dist_2060": -6.4352360296569486, "Rate_2060": -0.64359849276067305, "Dist_2070": -7.0485987688115301, "Rate_2070": -0.70474892850195603, "Dist_2080": -7.4086844804052134, "Rate_2080": -0.74095466630186235, "Dist_2090": -7.7720640721347536, "Rate_2090": -0.77708407113788058, "Dist_2100": -8.0032461758723912, "Rate_2100": -0.80041775503589041, "RSL_2050": 0.18573485314846039, "RSL_2100": 0.55779761075973511 }, "geometry": { "type": "LineString", "coordinates": [ [ -2.439254888816596, 56.747706922061823 ], [ -2.438670199830502, 56.747572369248715 ] ] } },
{ "type": "Feature", "properties": { "Cell": "None", "SubCell": "None", "CMU": "None", "LineID": 0, "TransectID": 71, "Hist_Rate": -0.26096519379225458, "LatestYr": "2024-09-05 00:00:00", "LatestSrc": "montrose_MHWS_Modern_LiDAR.shp", "FirstEYr": null, "Extrap2050": 6.3722239660166498, "Extrap2100": 18.954076497900751, "Dist_2040": -5.5487726236099775, "Rate_2040": -0.5549418359744982, "Dist_2050": -6.1552702986889472, "Rate_2050": -0.61543014291511033, "Dist_2060": -6.7151821699262655, "Rate_2060": -0.67159636464931383, "Dist_2070": -7.3281069578223423, "Rate_2070": -0.7326953478079461, "Dist_2080": -7.6878115515007721, "Rate_2080": -0.76887062174124343, "Dist_2090": -8.0509635302695415, "Rate_2090": -0.80496962693798879, "Dist_2100": -8.2818729768653156, "Rate_2100": -0.82828367764313526, "RSL_2050": 0.18573485314846039, "RSL_2100": 0.55779761075973511 }, "geometry": { "type": "LineString", "coordinates": [ [ -2.439335235566831, 56.747628677091114 ], [ -2.438735257083602, 56.747490555653961 ] ] } },
{ "type": "Feature", "properties": { "Cell": "None", "SubCell": "None", "CMU": "None", "LineID": 0, "TransectID": 72, "Hist_Rate": -0.21703074754805382, "LatestYr": "2024-09-05 00:00:00", "LatestSrc": "montrose_MHWS_Modern_LiDAR.shp", "FirstEYr": null, "Extrap2050": 5.5157968612162973, "Extrap2100": 16.406648010479138, "Dist_2040": -5.1881834877560777, "Rate_2040": -0.51887872604785035, "Dist_2050": -5.7901087612266906, "Rate_2050": -0.57891973698941679, "Dist_2060": -6.3459677253191558, "Rate_2060": -0.6346706234706686, "Dist_2070": -6.9542725847045403, "Rate_2070": -0.69531779483135725, "Dist_2080": -7.3114047543060678, "Rate_2080": -0.7312255616031309, "Dist_2090": -7.6717838124216087, "Rate_2090": -0.76705762362671759, "Dist_2100": -7.9010732430486996, "Rate_2100": -0.79019927272021218, "RSL_2050": 0.18573485314846039, "RSL_2100": 0.55779761075973511 }, "geometry": { "type": "LineString", "coordinates": [ [ -2.439388701285382, 56.747541683578675 ], [ -2.438801709261275, 56.7474066932485 ] ] } },
{ "type": "Feature", "properties": { "Cell": "None", "SubCell": "None", "CMU": "None", "LineID": 0, "TransectID": 73, "Hist_Rate": -0.23714391964266107, "LatestYr": "2024-09-05 00:00:00", "LatestSrc": "montrose_MHWS_Modern_LiDAR.shp", "FirstEYr": null, "Extrap2050": 5.8340912171660655, "Extrap2100": 17.353409392956603, "Dist_2040": -5.2610219336095838, "Rate_2040": -0.52616341828762281, "Dist_2050": -5.8524260464495228, "Rate_2050": -0.58515048460726526, "Dist_2060": -6.3984827213939752, "Rate_2060": -0.63992273421926038, "Dist_2070": -6.9961544345215998, "Rate_2070": -0.69950532057233927, "Dist_2080": -7.3469727145375145, "Rate_2080": -0.73478277154695182, "Dist_2090": -7.7010706527981938, "Rate_2090": -0.76998584667523795, "Dist_2100": -7.9262903127356594, "Rate_2100": -0.79272127315152086, "RSL_2050": 0.18573485314846039, "RSL_2100": 0.55779761075973511 }, "geometry": { "type": "LineString", "coordinates": [ [ -2.439451006569855, 56.747453930525054 ], [ -2.438869351041099, 56.747320513770902 ] ] } },
{ "type": "Feature", "properties": { "Cell": "None", "SubCell": "None", "CMU": "None", "LineID": 0, "TransectID": 74, "Hist_Rate": -0.20404570907802438, "LatestYr": "2024-09-05 00:00:00", "LatestSrc": "montrose_MHWS_Modern_LiDAR.shp", "FirstEYr": null, "Extrap2050": 5.3557896266748726, "Extrap2100": 15.930709094978097, "Dist_2040": -5.0922169560215025, "Rate_2040": -0.50928095606782142, "Dist_2050": -5.6875753643869871, "Rate_2050": -0.56866801123107424, "Dist_2060": -6.2373908181040747, "Rate_2060": -0.62381166918986242, "Dist_2070": -6.839059327094219, "Rate_2070": -0.68379828258314002, "Dist_2080": -7.1923124824461411, "Rate_2080": -0.71931494848571598, "Dist_2090": -7.5487555529313113, "Rate_2090": -0.75475673420244038, "Dist_2100": -7.7755584091854644, "Rate_2100": -0.77764632866016481, "RSL_2050": 0.18573485314846039, "RSL_2100": 0.55779761075973511 }, "geometry": { "type": "LineString", "coordinates": [ [ -2.439509610160969, 56.747362873874017 ], [ -2.438938460036566, 56.747232384930577 ] ] } },
{ "type": "Feature", "properties": { "Cell": "None", "SubCell": "None", "CMU": "None", "LineID": 0, "TransectID": 75, "Hist_Rate": -0.24427068090705578, "LatestYr": "2024-09-05 00:00:00", "LatestSrc": "montrose_MHWS_Modern_LiDAR.shp", "FirstEYr": null, "Extrap2050": 6.1196694367023472, "Extrap2100": 18.202857160030089, "Dist_2040": -5.3925428576628747, "Rate_2040": -0.53931704126230351, "Dist_2050": -5.9877252242262671, "Rate_2050": -0.59867827270995411, "Dist_2060": -6.5372187552638934, "Rate_2060": -0.653797952141148, "Dist_2070": -7.1387084785839079, "Rate_2070": -0.71375848110845419, "Dist_2080": -7.4917251839049186, "Rate_2080": -0.74925970303460909, "Dist_2090": -7.8480961019241704, "Rate_2090": -0.78468607733562523, "Dist_2100": -8.074717493473031, "Rate_2100": -0.80756571854047743, "RSL_2050": 0.18573485314846039, "RSL_2100": 0.55779761075973511 }, "geometry": { "type": "LineString", "coordinates": [ [ -2.439578209432496, 56.747272540122985 ], [ -2.439008491073317, 56.747143007773282 ] ] } },
{ "type": "Feature", "properties": { "Cell": "None", "SubCell": "None", "CMU": "None", "LineID": 0, "TransectID": 76, "Hist_Rate": -0.2711964317358625, "LatestYr": "2024-09-05 00:00:00", "LatestSrc": "montrose_MHWS_Modern_LiDAR.shp", "FirstEYr": null, "Extrap2050": 6.8827500119057339, "Extrap2100": 20.472627914103001, "Dist_2040": -5.6827826968258819, "Rate_2040": -0.5683444028328114, "Dist_2050": -6.2758371804614512, "Rate_2050": -0.62748493331089283, "Dist_2060": -6.8232027682880698, "Rate_2060": -0.68239968157077091, "Dist_2070": -7.4225411583621508, "Rate_2070": -0.74213728142159541, "Dist_2080": -7.774160407776094, "Rate_2080": -0.77750651225004386, "Dist_2090": -8.1292913273834984, "Rate_2090": -0.81280117373169103, "Dist_2100": -8.3549851920953415, "Rate_2100": -0.83559575000653963, "RSL_2050": 0.18573485314846039, "RSL_2100": 0.55779761075973511 }, "geometry": { "type": "LineString", "coordinates": [ [ -2.439628126528396, 56.74717767027267 ], [ -2.439078686657354, 56.747053376135511 ] ] } },
{ "type": "Feature", "properties": { "Cell": "None", "SubCell": "None", "CMU": "None", "LineID": 0, "TransectID": 77, "Hist_Rate": -0.2756242486591538, "LatestYr": "2024-09-05 00:00:00", "LatestSrc": "montrose_MHWS_Modern_LiDAR.shp", "FirstEYr": null, "Extrap2050": 6.7464013815665869, "Extrap2100": 20.06706113182813, "Dist_2040": -5.6143323070007227, "Rate_2040": -0.56149856726169534, "Dist_2050": -6.2044530195569223, "Rate_2050": -0.62034764084191607, "Dist_2060": -6.7491321499394417, "Rate_2060": -0.67499175774212938, "Dist_2070": -7.3455058005296223, "Rate_2070": -0.73443495821241189, "Dist_2080": -7.6954032713771312, "Rate_2080": -0.76962988207720751, "Dist_2090": -8.0487729569679232, "Rate_2090": -0.80475060408851817, "Dist_2100": -8.2733656297344851, "Rate_2100": -0.82743284392614946, "RSL_2050": 0.18573485314846039, "RSL_2100": 0.55779761075973511 }, "geometry": { "type": "LineString", "coordinates": [ [ -2.439697029386496, 56.747088102085549 ], [ -2.439148276370039, 56.746964520622626 ] ] } },
{ "type": "Feature", "properties": { "Cell": "None", "SubCell": "None", "CMU": "None", "LineID": 0, "TransectID": 78, "Hist_Rate": -0.30213697156588776, "LatestYr": "2024-09-05 00:00:00", "LatestSrc": "montrose_MHWS_Modern_LiDAR.shp", "FirstEYr": null, "Extrap2050": 7.4783040242004217, "Extrap2100": 22.244093632801146, "Dist_2040": -5.8221733873779158, "Rate_2040": -0.58228509404145079, "Dist_2050": -6.3961620351467445, "Rate_2050": -0.63951552480757867, "Dist_2060": -6.9257605790468233, "Rate_2060": -0.69265665615895655, "Dist_2070": -7.5058301778906298, "Rate_2070": -0.75046487236469162, "Dist_2080": -7.8460045286411741, "Rate_2080": -0.78469176041955757, "Dist_2090": -8.1897539826004504, "Rate_2090": -0.8188464875417315, "Dist_2100": -8.4080700417084699, "Rate_2100": -0.84090485274060955, "RSL_2050": 0.18573485314846039, "RSL_2100": 0.55779761075973511 }, "geometry": { "type": "LineString", "coordinates": [ [ -2.439768624247236, 56.74700110571019 ], [ -2.439216683981146, 56.746877228384363 ] ] } },
{ "type": "Feature", "properties": { "Cell": "None", "SubCell": "None", "CMU": "None", "LineID": 0, "TransectID": 79, "Hist_Rate": -0.24804574235649415, "LatestYr": "2024-09-05 00:00:00", "LatestSrc": "montrose_MHWS_Modern_LiDAR.shp", "FirstEYr": null, "Extrap2050": 6.0173211375691871, "Extrap2100": 17.898423809673034, "Dist_2040": -5.2052718896239867, "Rate_2040": -0.52058776510021609, "Dist_2050": -5.7711067104075937, "Rate_2050": -0.57701983100904619, "Dist_2060": -6.2934640332564413, "Rate_2060": -0.62941964325483735, "Dist_2070": -6.8652949758102295, "Rate_2070": -0.68642143449284643, "Dist_2080": -7.2008705741561698, "Rate_2080": -0.72017085725115959, "Dist_2090": -7.5396780392842402, "Rate_2090": -0.75384912572222129, "Dist_2100": -7.7550952698973106, "Rate_2100": -0.77559977659240653, "RSL_2050": 0.18573485314846039, "RSL_2100": 0.55779761075973511 }, "geometry": { "type": "LineString", "coordinates": [ [ -2.439835495831398, 56.746915418623573 ], [ -2.439283680524086, 56.74679182482074 ] ] } },
{ "type": "Feature", "properties": { "Cell": "None", "SubCell": "None", "CMU": "None", "LineID": 0, "TransectID": 80, "Hist_Rate": -0.16838586282567117, "LatestYr": "2024-09-05 00:00:00", "LatestSrc": "montrose_MHWS_Modern_LiDAR.shp", "FirstEYr": null, "Extrap2050": 4.0986396159152818, "Extrap2100": 12.191336844355641, "Dist_2040": -4.4298792715808872, "Rate_2040": -0.44303947969616164, "Dist_2050": -4.9919520079841391, "Rate_2050": -0.49911662504137611, "Dist_2060": -5.5112274026342902, "Rate_2060": -0.55118687694596247, "Dist_2070": -6.0792585491471982, "Rate_2070": -0.60783016442291149, "Dist_2080": -6.4129269534437299, "Rate_2080": -0.64136732551839304, "Dist_2090": -6.7494001868799387, "Rate_2090": -0.67483377984026716, "Dist_2100": -6.9636659405153978, "Rate_2100": -0.69644763342790117, "RSL_2050": 0.18573485314846039, "RSL_2100": 0.55779761075973511 }, "geometry": { "type": "LineString", "coordinates": [ [ -2.439889522037617, 56.746828942212602 ], [ -2.43934944204873, 56.746708084037614 ] ] } },
{ "type": "Feature", "properties": { "Cell": "None", "SubCell": "None", "CMU": "None", "LineID": 0, "TransectID": 81, "Hist_Rate": -0.055767064597477087, "LatestYr": "2024-09-05 00:00:00", "LatestSrc": "montrose_MHWS_Modern_LiDAR.shp", "FirstEYr": null, "Extrap2050": 1.4556475494601673, "Extrap2100": 4.3297999495295345, "Dist_2040": -3.4425150668322999, "Rate_2040": -0.34429156881092454, "Dist_2050": -4.0155346583591154, "Rate_2050": -0.40149025936373645, "Dist_2060": -4.545490204871669, "Rate_2060": -0.45460191844272746, "Dist_2070": -5.1245873749548423, "Rate_2070": -0.51237807399314095, "Dist_2080": -5.4652237836916129, "Rate_2080": -0.54658597968646883, "Dist_2090": -5.8081318729363147, "Rate_2090": -0.58072176446781876, "Dist_2100": -6.0269775730999982, "Rate_2100": -0.60276789601395842, "RSL_2050": 0.18573485314846039, "RSL_2100": 0.55779761075973511 }, "geometry": { "type": "LineString", "coordinates": [ [ -2.439950137916829, 56.746745136211139 ], [ -2.439414497019198, 56.746625296665059 ] ] } },
{ "type": "Feature", "properties": { "Cell": "None", "SubCell": "None", "CMU": "None", "LineID": 0, "TransectID": 82, "Hist_Rate": -0.0022430982716622897, "LatestYr": "2024-09-05 00:00:00", "LatestSrc": "montrose_MHWS_Modern_LiDAR.shp", "FirstEYr": null, "Extrap2050": 0.069210455145786137, "Extrap2100": 0.20586537263657934, "Dist_2040": -2.9241514503572148, "Rate_2040": -0.29244917472812021, "Dist_2050": -3.5028293559892631, "Rate_2050": -0.35022779935803683, "Dist_2060": -4.0383095868631358, "Rate_2060": -0.40387795434826368, "Dist_2070": -4.6231266912542424, "Rate_2070": -0.46223989885858957, "Dist_2080": -4.9673682890216924, "Rate_2080": -0.4967946364466061, "Dist_2090": -5.3136016057148936, "Rate_2090": -0.53127652189305286, "Dist_2100": -5.5348176662531614, "Rate_2100": -0.55354617783857352, "RSL_2050": 0.18573485314846039, "RSL_2100": 0.55779761075973511 }, "geometry": { "type": "LineString", "coordinates": [ [ -2.440011392377675, 56.746661435006949 ], [ -2.439479574478457, 56.746542478435785 ] ] } },
{ "type": "Feature", "properties": { "Cell": "None", "SubCell": "None", "CMU": "None", "LineID": 0, "TransectID": 83, "Hist_Rate": 0.068228877395774171, "LatestYr": "2024-09-05 00:00:00", "LatestSrc": "montrose_MHWS_Modern_LiDAR.shp", "FirstEYr": null, "Extrap2050": -1.5673368260916225, "Extrap2100": -4.6620178854586038, "Dist_2040": -2.2877440593360916, "Rate_2040": -0.22880102946113429, "Dist_2050": -2.8682004811313959, "Rate_2050": -0.28677490123997645, "Dist_2060": -3.405667190266854, "Rate_2060": -0.34060635233872988, "Dist_2070": -3.9922835565739661, "Rate_2070": -0.3991655151688932, "Dist_2080": -4.33786539365002, "Rate_2080": -0.43383702109534983, "Dist_2090": -4.6850917432320784, "Rate_2090": -0.46843542869626131, "Dist_2100": -4.9072323117330825, "Rate_2100": -0.49078033888777944, "RSL_2050": 0.18573485314846039, "RSL_2100": 0.55779761075973511 }, "geometry": { "type": "LineString", "coordinates": [ [ -2.440087585828582, 56.746579828147908 ], [ -2.439545388604626, 56.746458663681949 ] ] } },
{ "type": "Feature", "properties": { "Cell": "None", "SubCell": "None", "CMU": "None", "LineID": 0, "TransectID": 84, "Hist_Rate": 0.11450548966625407, "LatestYr": "2024-09-05 00:00:00", "LatestSrc": "montrose_MHWS_Modern_LiDAR.shp", "FirstEYr": null, "Extrap2050": -2.9662174272150352, "Extrap2100": -8.822965470873914, "Dist_2040": -1.7830992611418992, "Rate_2040": -0.17833067685860354, "Dist_2050": -2.3729346222507957, "Rate_2050": -0.23725611107786373, "Dist_2060": -2.9193715833553142, "Rate_2060": -0.29197113240242428, "Dist_2070": -3.515467996106679, "Rate_2070": -0.35149146443142454, "Dist_2080": -3.8668705553458835, "Rate_2080": -0.38673205608185074, "Dist_2090": -4.2196476890762256, "Rate_2090": -0.42189834959688566, "Dist_2100": -4.4455828588144186, "Rate_2100": -0.44461002116936621, "RSL_2050": 0.18573485314846039, "RSL_2100": 0.55779761075973511 }, "geometry": { "type": "LineString", "coordinates": [ [ -2.440147449525712, 56.746492517070266 ], [ -2.439612415439492, 56.746373204511734 ] ] } },
{ "type": "Feature", "properties": { "Cell": "None", "SubCell": "None", "CMU": "None", "LineID": 0, "TransectID": 85, "Hist_Rate": 0.12585282481414489, "LatestYr": "2024-09-05 00:00:00", "LatestSrc": "montrose_MHWS_Modern_LiDAR.shp", "FirstEYr": null, "Extrap2050": -3.238338749043463, "Extrap2100": -9.6323859146864219, "Dist_2040": -1.7357779086866003, "Rate_2040": -0.17359799091277811, "Dist_2050": -2.337594778433413, "Rate_2050": -0.23372268296248724, "Dist_2060": -2.8951757877668456, "Rate_2060": -0.28955127126600005, "Dist_2070": -3.5033811348648101, "Rate_2070": -0.35028296856032315, "Dist_2080": -3.8619583777156663, "Rate_2080": -0.38624078115356358, "Dist_2090": -4.2218923812973799, "Rate_2090": -0.42212278348645177, "Dist_2100": -4.4524487065939411, "Rate_2100": -0.44529668584833998, "RSL_2050": 0.18573485314846039, "RSL_2100": 0.55779761075973511 }, "geometry": { "type": "LineString", "coordinates": [ [ -2.440200657282979, 56.746401550434335 ], [ -2.439680726437379, 56.746285993282484 ] ] } },
{ "type": "Feature", "properties": { "Cell": "None", "SubCell": "None", "CMU": "None", "LineID": 0, "TransectID": 86, "Hist_Rate": 0.13106852864263777, "LatestYr": "2024-09-05 00:00:00", "LatestSrc": "montrose_MHWS_Modern_LiDAR.shp", "FirstEYr": null, "Extrap2050": -3.0922326540558536, "Extrap2100": -9.1977957125884515, "Dist_2040": -1.7863684619606488, "Rate_2040": -0.17865763498566875, "Dist_2050": -2.3867828404109446, "Rate_2050": -0.23864071491617697, "Dist_2060": -2.943035602885459, "Rate_2060": -0.29433780974449403, "Dist_2070": -3.5498234118601886, "Rate_2070": -0.35492646523579113, "Dist_2080": -3.9075411228533881, "Rate_2080": -0.39079958613466009, "Dist_2090": -4.2666423435911724, "Rate_2090": -0.42659707532961916, "Dist_2100": -4.4966406656169511, "Rate_2100": -0.44971639603274899, "RSL_2050": 0.18573485314846039, "RSL_2100": 0.55779761075973511 }, "geometry": { "type": "LineString", "coordinates": [ [ -2.440280185386235, 56.746314895462184 ], [ -2.439749933659304, 56.746197542171359 ] ] } },
{ "type": "Feature", "properties": { "Cell": "None", "SubCell": "None", "CMU": "None", "LineID": 0, "TransectID": 87, "Hist_Rate": 0.14152596485304564, "LatestYr": "2024-09-05 00:00:00", "LatestSrc": "montrose_MHWS_Modern_LiDAR.shp", "FirstEYr": null, "Extrap2050": -3.5984019781047616, "Extrap2100": -10.703388130569801, "Dist_2040": -1.4966622168245749, "Rate_2040": -0.14968363902753282, "Dist_2050": -2.0790746973414684, "Rate_2050": -0.20787474408533843, "Dist_2060": -2.6187743056411819, "Rate_2060": -0.2619079064425382, "Dist_2070": -3.2073698125324768, "Rate_2070": -0.320686495689541, "Dist_2080": -3.5544655390075945, "Rate_2080": -0.35548791884747571, "Dist_2090": -3.9027740133856241, "Rate_2090": -0.39021596977388417, "Dist_2100": -4.125965925819628, "Rate_2100": -0.41264460834095718, "RSL_2050": 0.18573485314846039, "RSL_2100": 0.55779761075973511 }, "geometry": { "type": "LineString", "coordinates": [ [ -2.440352509261826, 56.746226382741376 ], [ -2.439819272196795, 56.74610888510616 ] ] } },
{ "type": "Feature", "properties": { "Cell": "None", "SubCell": "None", "CMU": "None", "LineID": 0, "TransectID": 88, "Hist_Rate": 0.17716804414086801, "LatestYr": "2024-09-05 00:00:00", "LatestSrc": "montrose_MHWS_Modern_LiDAR.shp", "FirstEYr": null, "Extrap2050": -4.4419269846674538, "Extrap2100": -13.212439536726817, "Dist_2040": -1.11197641270644, "Rate_2040": -0.11121058185047424, "Dist_2050": -1.6839866613198637, "Rate_2050": -0.16837215936137978, "Dist_2060": -2.214235891661076, "Rate_2060": -0.22144935724535064, "Dist_2070": -2.7923197754288935, "Rate_2070": -0.27918802506900842, "Dist_2080": -3.1333727066299275, "Rate_2080": -0.31337373515916794, "Dist_2090": -3.4754207594880882, "Rate_2090": -0.34748737113258366, "Dist_2100": -3.6947620053177275, "Rate_2100": -0.36951919817285328, "RSL_2050": 0.18573485314846039, "RSL_2100": 0.55779761075973511 }, "geometry": { "type": "LineString", "coordinates": [ [ -2.440427425287566, 56.746139782862166 ], [ -2.439887806261217, 56.746021308629977 ] ] } },
{ "type": "Feature", "properties": { "Cell": "None", "SubCell": "None", "CMU": "None", "LineID": 0, "TransectID": 89, "Hist_Rate": 0.15392782647079908, "LatestYr": "2024-09-05 00:00:00", "LatestSrc": "montrose_MHWS_Modern_LiDAR.shp", "FirstEYr": null, "Extrap2050": -4.0356835447652797, "Extrap2100": -12.004075035143002, "Dist_2040": -1.3357522856614423, "Rate_2040": -0.13359077332850475, "Dist_2050": -1.9204651157587023, "Rate_2050": -0.19201628251916175, "Dist_2060": -2.4623844417782834, "Rate_2060": -0.24626710007563107, "Dist_2070": -3.053305204581136, "Rate_2070": -0.30528245994640724, "Dist_2080": -3.4018448060445508, "Rate_2080": -0.34022406943366013, "Dist_2090": -3.7515106173809727, "Rate_2090": -0.37509201113297835, "Dist_2100": -3.9756472981776483, "Rate_2100": -0.39761099624990409, "RSL_2050": 0.18573485314846039, "RSL_2100": 0.55779761075973511 }, "geometry": { "type": "LineString", "coordinates": [ [ -2.440481550746273, 56.746051396772955 ], [ -2.439954711346077, 56.745935962783996 ] ] } },
{ "type": "Feature", "properties": { "Cell": "None", "SubCell": "None", "CMU": "None", "LineID": 0, "TransectID": 90, "Hist_Rate": 0.24844415532479708, "LatestYr": "2024-09-05 00:00:00", "LatestSrc": "montrose_MHWS_Modern_LiDAR.shp", "FirstEYr": null, "Extrap2050": -6.2670558982178122, "Extrap2100": -18.641255791531002, "Dist_2040": -0.4458160549000354, "Rate_2040": -0.044586793656031264, "Dist_2050": -1.0285155450827119, "Rate_2050": -0.10283536517242607, "Dist_2060": -1.569036282285424, "Rate_2060": -0.15692188782383187, "Dist_2070": -2.1579249048723455, "Rate_2070": -0.21575852369773821, "Dist_2080": -2.5056515548404832, "Rate_2080": -0.25059431490110218, "Dist_2090": -2.8540158501456858, "Rate_2090": -0.28535666141440891, "Dist_2100": -3.0777163252172954, "Rate_2100": -0.30780744931905202, "RSL_2050": 0.18573485314846039, "RSL_2100": 0.55779761075973511 }, "geometry": { "type": "LineString", "coordinates": [ [ -2.440554715908543, 56.745970695184326 ], [ -2.440019566665626, 56.745853441821964 ] ] } },
{ "type": "Feature", "properties": { "Cell": "None", "SubCell": "None", "CMU": "None", "LineID": 0, "TransectID": 91, "Hist_Rate": 0.18136730705167278, "LatestYr": "2024-09-05 00:00:00", "LatestSrc": "montrose_MHWS_Modern_LiDAR.shp", "FirstEYr": null, "Extrap2050": -4.7098576730468897, "Extrap2100": -14.009395009535407, "Dist_2040": -1.0729791254415204, "Rate_2040": -0.10731039929465348, "Dist_2050": -1.658303613144767, "Rate_2050": -0.165804258807563, "Dist_2060": -2.2009292961036522, "Rate_2060": -0.22011854283464902, "Dist_2070": -2.7924689789942931, "Rate_2070": -0.27920294307701155, "Dist_2080": -3.1414887080210292, "Rate_2080": -0.31418542974791097, "Dist_2090": -3.4914912022185831, "Rate_2090": -0.34909416244903391, "Dist_2100": -3.7159624751809019, "Rate_2100": -0.37163949187876799, "RSL_2050": 0.18573485314846039, "RSL_2100": 0.55779761075973511 }, "geometry": { "type": "LineString", "coordinates": [ [ -2.440624756949763, 56.745892450338225 ], [ -2.440082589377167, 56.745773446462586 ] ] } },
{ "type": "Feature", "properties": { "Cell": "None", "SubCell": "None", "CMU": "None", "LineID": 0, "TransectID": 92, "Hist_Rate": 0.24041253218696196, "LatestYr": "2024-09-05 00:00:00", "LatestSrc": "montrose_MHWS_Modern_LiDAR.shp", "FirstEYr": null, "Extrap2050": -6.095638218693435, "Extrap2100": -18.131376693099263, "Dist_2040": -0.59258958447168197, "Rate_2040": -0.059265854684117832, "Dist_2050": -1.1911063853048063, "Rate_2050": -0.11909188993558464, "Dist_2060": -1.7462283977395714, "Rate_2060": -0.17464316143521233, "Dist_2070": -2.3511019425022823, "Rate_2070": -0.23507318676003008, "Dist_2080": -2.7082086979290239, "Rate_2080": -0.27085238646038923, "Dist_2090": -3.0660441350062229, "Rate_2090": -0.30655615247194373, "Dist_2100": -3.295765889937627, "Rate_2100": -0.32961494333393859, "RSL_2050": 0.18573485314846039, "RSL_2100": 0.55779761075973511 }, "geometry": { "type": "LineString", "coordinates": [ [ -2.440675899736582, 56.745811527107577 ], [ -2.440144747232771, 56.745694634227213 ] ] } },
{ "type": "Feature", "properties": { "Cell": "None", "SubCell": "None", "CMU": "None", "LineID": 0, "TransectID": 93, "Hist_Rate": 0.11124610375261491, "LatestYr": "2024-09-05 00:00:00", "LatestSrc": "montrose_MHWS_Modern_LiDAR.shp", "FirstEYr": null, "Extrap2050": -2.9259366884394455, "Extrap2100": -8.7031510688352878, "Dist_2040": -1.9767404552849257, "Rate_2040": -0.19769704976434954, "Dist_2050": -2.6020848149661902, "Rate_2050": -0.26016752341371169, "Dist_2060": -3.1813725654056952, "Rate_2060": -0.31817427963312972, "Dist_2070": -3.8133546506604716, "Rate_2070": -0.38127544100570965, "Dist_2080": -4.1858744472634726, "Rate_2080": -0.41863615766829926, "Dist_2090": -4.5598988134134402, "Rate_2090": -0.45591810631211566, "Dist_2100": -4.7994029207213771, "Rate_2100": -0.47999614492649989, "RSL_2050": 0.18573485314846039, "RSL_2100": 0.55779761075973511 }, "geometry": { "type": "LineString", "coordinates": [ [ -2.440696519575358, 56.74572250417549 ], [ -2.440207695766627, 56.745614728067721 ] ] } },
{ "type": "Feature", "properties": { "Cell": "None", "SubCell": "None", "CMU": "None", "LineID": 0, "TransectID": 94, "Hist_Rate": 0.080553341257040556, "LatestYr": "2024-09-05 00:00:00", "LatestSrc": "montrose_MHWS_Modern_LiDAR.shp", "FirstEYr": null, "Extrap2050": -2.10859101458415, "Extrap2100": -6.2719696618255538, "Dist_2040": -2.4082443421212929, "Rate_2040": -0.24085246005674599, "Dist_2050": -3.0554054218460465, "Rate_2050": -0.30549244861445513, "Dist_2060": -3.6547116932657673, "Rate_2060": -0.36551370088379576, "Dist_2070": -4.3087410177797665, "Rate_2070": -0.4308062800948334, "Dist_2080": -4.6940985644769171, "Rate_2080": -0.46946448382693329, "Dist_2090": -5.0812116478094822, "Rate_2090": -0.50804118403368603, "Dist_2100": -5.3289340505459677, "Rate_2100": -0.53295542030573262, "RSL_2050": 0.18573485314846039, "RSL_2100": 0.55779761075973511 }, "geometry": { "type": "LineString", "coordinates": [ [ -2.440736228734524, 56.745632816229339 ], [ -2.440273508561756, 56.745530892103631 ] ] } },
{ "type": "Feature", "properties": { "Cell": "None", "SubCell": "None", "CMU": "None", "LineID": 0, "TransectID": 95, "Hist_Rate": 0.074992718375464257, "LatestYr": "2024-09-05 00:00:00", "LatestSrc": "montrose_MHWS_Modern_LiDAR.shp", "FirstEYr": null, "Extrap2050": -1.8477555013148417, "Extrap2100": -5.4961186719291391, "Dist_2040": -2.6021212051799125, "Rate_2040": -0.26024240259663861, "Dist_2050": -3.2674657140183285, "Rate_2050": -0.32669513989935378, "Dist_2060": -3.8835441956566683, "Rate_2060": -0.38839961415173352, "Dist_2070": -4.5559495607373606, "Rate_2070": -0.45552324320766918, "Dist_2080": -4.9520793895763973, "Rate_2080": -0.49526556857813725, "Dist_2090": -5.3500831767356658, "Rate_2090": -0.5349241047574258, "Dist_2100": -5.604718053775855, "Rate_2100": -0.56053703005373157, "RSL_2050": 0.18573485314846039, "RSL_2100": 0.55779761075973511 }, "geometry": { "type": "LineString", "coordinates": [ [ -2.440790824966619, 56.745538124356564 ], [ -2.440344218456805, 56.745440312951246 ] ] } },
{ "type": "Feature", "properties": { "Cell": "None", "SubCell": "None", "CMU": "None", "LineID": 0, "TransectID": 96, "Hist_Rate": 0.11456512322035688, "LatestYr": "2024-09-05 00:00:00", "LatestSrc": "montrose_MHWS_Modern_LiDAR.shp", "FirstEYr": null, "Extrap2050": -2.8101131459485162, "Extrap2100": -8.3586358263801088, "Dist_2040": -2.25389397265144, "Rate_2040": -0.22541562686367569, "Dist_2050": -2.9254794289553843, "Rate_2050": -0.29250189442382618, "Dist_2060": -3.5475334687229747, "Rate_2060": -0.35479463114733056, "Dist_2070": -4.2262470962701855, "Rate_2070": -0.42255818643839671, "Dist_2080": -4.6262555925414972, "Rate_2080": -0.46267939711359196, "Dist_2090": -5.027951621979696, "Rate_2090": -0.50271601978946601, "Dist_2100": -5.285116217757718, "Rate_2100": -0.52857312709867832, "RSL_2050": 0.18573485314846039, "RSL_2100": 0.55779761075973511 }, "geometry": { "type": "LineString", "coordinates": [ [ -2.440847904041565, 56.745433181050551 ], [ -2.440421262910485, 56.745340866088107 ] ] } },
{ "type": "Feature", "properties": { "Cell": "None", "SubCell": "None", "CMU": "None", "LineID": 0, "TransectID": 97, "Hist_Rate": -0.064592097111246541, "LatestYr": "2024-09-05 00:00:00", "LatestSrc": "montrose_MHWS_Modern_LiDAR.shp", "FirstEYr": null, "Extrap2050": 1.4776989152130395, "Extrap2100": 4.3953913781409799, "Dist_2040": -4.0050829187999284, "Rate_2040": -0.40055490086795809, "Dist_2050": -4.6887443116614236, "Rate_2050": -0.46880062804598893, "Dist_2060": -5.3210805339073772, "Rate_2060": -0.5321699772468963, "Dist_2070": -6.011993295009006, "Rate_2070": -0.60110469779696873, "Dist_2080": -6.4184463352914918, "Rate_2080": -0.64191932793474882, "Dist_2090": -6.8275537715239807, "Rate_2090": -0.6826479081291672, "Dist_2100": -7.0886941238799182, "Rate_2100": -0.70895190677470188, "RSL_2050": 0.18573485314846039, "RSL_2100": 0.55779761075973511 }, "geometry": { "type": "LineString", "coordinates": [ [ -2.440904136293945, 56.745316437239353 ], [ -2.440504997852559, 56.745231714652782 ] ] } },
{ "type": "Feature", "properties": { "Cell": "None", "SubCell": "None", "CMU": "None", "LineID": 0, "TransectID": 98, "Hist_Rate": 0.054043756663118843, "LatestYr": "2024-09-05 00:00:00", "LatestSrc": "montrose_MHWS_Modern_LiDAR.shp", "FirstEYr": null, "Extrap2050": -1.4597580965618173, "Extrap2100": -4.3420267049964485, "Dist_2040": -2.8614904120681786, "Rate_2040": -0.28618234168395723, "Dist_2050": -3.5480848414007937, "Rate_2050": -0.35475263555579784, "Dist_2060": -4.1837467192969484, "Rate_2060": -0.41842336011030001, "Dist_2070": -4.8776270033162632, "Rate_2070": -0.48768592410586925, "Dist_2080": -5.286331431883184, "Rate_2080": -0.5286946626532294, "Dist_2090": -5.6970661661374606, "Rate_2090": -0.56961694201627744, "Dist_2100": -5.9597668208940604, "Rate_2100": -0.59604603863099637, "RSL_2050": 0.18573485314846039, "RSL_2100": 0.55779761075973511 }, "geometry": { "type": "LineString", "coordinates": [ [ -2.441008498464026, 56.745199327000996 ], [ -2.440590296855231, 56.745112827707764 ] ] } },
{ "type": "Feature", "properties": { "Cell": "None", "SubCell": "None", "CMU": "None", "LineID": 0, "TransectID": 99, "Hist_Rate": 0.20777252255816284, "LatestYr": "2024-09-05 00:00:00", "LatestSrc": "montrose_MHWS_Modern_LiDAR.shp", "FirstEYr": null, "Extrap2050": -5.3080390859879136, "Extrap2100": -15.78867588870294, "Dist_2040": -1.1115097598666352, "Rate_2040": -0.11116391113584051, "Dist_2050": -1.751648661736624, "Rate_2050": -0.17513729437019954, "Dist_2060": -2.3451228115255276, "Rate_2060": -0.23453957242294976, "Dist_2070": -2.9920591288321248, "Rate_2070": -0.29915881641458181, "Dist_2080": -3.3737909181323289, "Rate_2080": -0.33741835416646965, "Dist_2090": -3.7565635904635428, "Rate_2090": -0.37559722890497688, "Dist_2100": -4.0020796098111191, "Rate_2100": -0.40025453501819214, "RSL_2050": 0.18573485314846039, "RSL_2100": 0.55779761075973511 }, "geometry": { "type": "LineString", "coordinates": [ [ -2.441093764513336, 56.745070793167407 ], [ -2.440678180363729, 56.744987460512171 ] ] } },
{ "type": "Feature", "properties": { "Cell": "None", "SubCell": "None", "CMU": "None", "LineID": 0, "TransectID": 100, "Hist_Rate": 0.080043113934943011, "LatestYr": "2024-09-05 00:00:00", "LatestSrc": "montrose_MHWS_Modern_LiDAR.shp", "FirstEYr": null, "Extrap2050": -1.8652957060714963, "Extrap2100": -5.5482917255630815, "Dist_2040": -2.4267453103216781, "Rate_2040": -0.24270277218104203, "Dist_2050": -3.0584382777022938, "Rate_2050": -0.30579568646145089, "Dist_2060": -3.6433800822921398, "Rate_2060": -0.36438040791527571, "Dist_2070": -4.2817769119322406, "Rate_2070": -0.42811029393824568, "Dist_2080": -4.657890576998625, "Rate_2080": -0.46584326371013701, "Dist_2090": -5.0357594594552211, "Rate_2090": -0.50349668063785213, "Dist_2100": -5.2775320991958097, "Rate_2100": -0.52781462698261927, "RSL_2050": 0.18573485314846039, "RSL_2100": 0.55779761075973511 }, "geometry": { "type": "LineString", "coordinates": [ [ -2.441197120125605, 56.744943184443187 ], [ -2.440755789910277, 56.744857599558287 ] ] } },
{ "type": "Feature", "properties": { "Cell": "None", "SubCell": "None", "CMU": "None", "LineID": 0, "TransectID": 101, "Hist_Rate": 0.18952303695470973, "LatestYr": "2024-09-05 00:00:00", "LatestSrc": "montrose_MHWS_Modern_LiDAR.shp", "FirstEYr": null, "Extrap2050": -4.6852334949834322, "Extrap2100": -13.936150792571002, "Dist_2040": -1.2994350125775895, "Rate_2040": -0.12995862337934563, "Dist_2050": -1.9280568080358194, "Rate_2050": -0.19277533224993779, "Dist_2060": -2.5107436538783077, "Rate_2060": -0.25110358406397804, "Dist_2070": -3.1460399637199998, "Rate_2070": -0.31455447616999782, "Dist_2080": -3.5208128687651765, "Rate_2080": -0.3521222601916662, "Dist_2090": -3.8967217593136638, "Rate_2090": -0.38961083963211635, "Dist_2100": -4.1377417513175487, "Rate_2100": -0.41382232793143481, "RSL_2050": 0.18573485314846039, "RSL_2100": 0.55779761075973511 }, "geometry": { "type": "LineString", "coordinates": [ [ -2.441313339932703, 56.744820571162691 ], [ -2.440852945217677, 56.744734140618014 ] ] } },
{ "type": "Feature", "properties": { "Cell": "None", "SubCell": "None", "CMU": "None", "LineID": 0, "TransectID": 102, "Hist_Rate": 0.25629615979484499, "LatestYr": "2024-09-05 00:00:00", "LatestSrc": "montrose_MHWS_Modern_LiDAR.shp", "FirstEYr": null, "Extrap2050": -6.556796335576621, "Extrap2100": -19.503084007789859, "Dist_2040": -0.53515277338448186, "Rate_2040": -0.053521505156867911, "Dist_2050": -1.1585204556883468, "Rate_2050": -0.11583380989234904, "Dist_2060": -1.7367348769765272, "Rate_2060": -0.17369369887844996, "Dist_2070": -2.3667234788049996, "Rate_2070": -0.23663509449970849, "Dist_2080": -2.738693461779576, "Rate_2080": -0.27390121761063163, "Dist_2090": -3.111377467328623, "Rate_2090": -0.31108877213544339, "Dist_2100": -3.3506685432651011, "Rate_2100": -0.33510584759405909, "RSL_2050": 0.18573485314846039, "RSL_2100": 0.55779761075973511 }, "geometry": { "type": "LineString", "coordinates": [ [ -2.441432998474655, 56.744705978235295 ], [ -2.440934461713268, 56.7446149727269 ] ] } },
{ "type": "Feature", "properties": { "Cell": "None", "SubCell": "None", "CMU": "None", "LineID": 0, "TransectID": 103, "Hist_Rate": 0.25169570783908923, "LatestYr": "2024-09-05 00:00:00", "LatestSrc": "montrose_MHWS_Modern_LiDAR.shp", "FirstEYr": null, "Extrap2050": -6.5416680488602115, "Extrap2100": -19.458085165119826, "Dist_2040": -0.53814546279244269, "Rate_2040": -0.053820808924964061, "Dist_2050": -1.1609193416484231, "Rate_2050": -0.11607366072872274, "Dist_2060": -1.7385811222099505, "Rate_2060": -0.17387834488739537, "Dist_2070": -2.3679696034901667, "Rate_2070": -0.23675968735361547, "Dist_2080": -2.7395837260780809, "Rate_2080": -0.27399025440089636, "Dist_2090": -3.1119131085397953, "Rate_2090": -0.31114232782530693, "Dist_2100": -3.3509749146567742, "Rate_2100": -0.33513648829861087, "RSL_2050": 0.18573485314846039, "RSL_2100": 0.55779761075973511 }, "geometry": { "type": "LineString", "coordinates": [ [ -2.441525299077775, 56.74459739344293 ], [ -2.441009819782515, 56.744505238142899 ] ] } },
{ "type": "Feature", "properties": { "Cell": "None", "SubCell": "None", "CMU": "None", "LineID": 0, "TransectID": 104, "Hist_Rate": 0.29911914622514896, "LatestYr": "2024-09-05 00:00:00", "LatestSrc": "montrose_MHWS_Modern_LiDAR.shp", "FirstEYr": null, "Extrap2050": -7.6899010079011196, "Extrap2100": -22.873485417706529, "Dist_2040": -0.081808918802266817, "Rate_2040": -0.0081818439281590733, "Dist_2050": -0.70386880982238154, "Rate_2050": -0.070375801744196873, "Dist_2060": -1.2811089122873796, "Rate_2060": -0.12812580008108523, "Dist_2070": -1.9097771480214192, "Rate_2070": -0.19094765397925356, "Dist_2080": -2.2811645228315456, "Rate_2080": -0.22814299924159387, "Dist_2090": -2.6530168491748327, "Rate_2090": -0.26525992513953978, "Dist_2100": -2.891977307945865, "Rate_2100": -0.28923138606172444, "RSL_2050": 0.18573485314846039, "RSL_2100": 0.55779761075973511 }, "geometry": { "type": "LineString", "coordinates": [ [ -2.441635418571899, 56.744504366972663 ], [ -2.441071013899872, 56.744404717142558 ] ] } },
{ "type": "Feature", "properties": { "Cell": "None", "SubCell": "None", "CMU": "None", "LineID": 0, "TransectID": 105, "Hist_Rate": 0.26314154740561496, "LatestYr": "2024-09-05 00:00:00", "LatestSrc": "montrose_MHWS_Modern_LiDAR.shp", "FirstEYr": null, "Extrap2050": -6.4748492382175931, "Extrap2100": -19.25933370014101, "Dist_2040": -0.59116690087472534, "Rate_2040": -0.059123569768000241, "Dist_2050": -1.2192691793968606, "Rate_2050": -0.12190772604868817, "Dist_2060": -1.8018478233065593, "Rate_2060": -0.18020575126069169, "Dist_2070": -2.4366211573756118, "Rate_2070": -0.2436237621332499, "Dist_2080": -2.8113936047070638, "Rate_2080": -0.28117207794830773, "Dist_2090": -3.1869139380547153, "Rate_2090": -0.31864123022719665, "Dist_2100": -3.4280027851727368, "Rate_2100": -0.34284017175888648, "RSL_2050": 0.18573485314846039, "RSL_2100": 0.55779761075973511 }, "geometry": { "type": "LineString", "coordinates": [ [ -2.441714241477644, 56.74441713247441 ], [ -2.441132805977943, 56.744314954407692 ] ] } },
{ "type": "Feature", "properties": { "Cell": "None", "SubCell": "None", "CMU": "None", "LineID": 0, "TransectID": 106, "Hist_Rate": 0.25229321537136007, "LatestYr": "2024-09-05 00:00:00", "LatestSrc": "montrose_MHWS_Modern_LiDAR.shp", "FirstEYr": null, "Extrap2050": -6.3475044522361275, "Extrap2100": -18.880548706397242, "Dist_2040": -0.61901040250103279, "Rate_2040": -0.061908243958237533, "Dist_2050": -1.2426440208776057, "Rate_2050": -0.1242448422653679, "Dist_2060": -1.8210609644665396, "Rate_2060": -0.18212728896883082, "Dist_2070": -2.4513180836519837, "Rate_2070": -0.24509322342410614, "Dist_2080": -2.8234101808272953, "Rate_2080": -0.28237387540274189, "Dist_2090": -3.1962623889131692, "Rate_2090": -0.31957592816387032, "Dist_2100": -3.4356238517943893, "Rate_2100": -0.34360236711090153, "RSL_2050": 0.18573485314846039, "RSL_2100": 0.55779761075973511 }, "geometry": { "type": "LineString", "coordinates": [ [ -2.441768288963924, 56.744333837247112 ], [ -2.441182071053783, 56.744230710605017 ] ] } },
{ "type": "Feature", "properties": { "Cell": "None", "SubCell": "None", "CMU": "None", "LineID": 0, "TransectID": 107, "Hist_Rate": 0.14849238590985028, "LatestYr": "2024-09-05 00:00:00", "LatestSrc": "montrose_MHWS_Modern_LiDAR.shp", "FirstEYr": null, "Extrap2050": -3.6800225863722522, "Extrap2100": -10.946167301728515, "Dist_2040": -1.722652545022811, "Rate_2040": -0.17228530180051863, "Dist_2050": -2.3566380167710577, "Rate_2050": -0.23562670704640107, "Dist_2060": -2.9440790238364229, "Rate_2060": -0.2944421639823589, "Dist_2070": -3.5847947609548783, "Rate_2070": -0.35842304967918481, "Dist_2080": -3.9625851604495779, "Rate_2080": -0.39630463046700576, "Dist_2090": -4.341746863035894, "Rate_2090": -0.43410634509235901, "Dist_2100": -4.5846671360931168, "Rate_2100": -0.45852006748480018, "RSL_2050": 0.18573485314846039, "RSL_2100": 0.55779761075973511 }, "geometry": { "type": "LineString", "coordinates": [ [ -2.441816152994607, 56.744253655348942 ], [ -2.441239212886251, 56.744151760861534 ] ] } },
{ "type": "Feature", "properties": { "Cell": "None", "SubCell": "None", "CMU": "None", "LineID": 0, "TransectID": 108, "Hist_Rate": 0.070417446674972906, "LatestYr": "2024-09-05 00:00:00", "LatestSrc": "montrose_MHWS_Modern_LiDAR.shp", "FirstEYr": null, "Extrap2050": -1.6467520713855768, "Extrap2100": -4.8982372403382639, "Dist_2040": -2.4489638910879421, "Rate_2040": -0.24492488882548952, "Dist_2050": -3.0678810161821843, "Rate_2050": -0.30673981167613512, "Dist_2060": -3.6409548685932691, "Rate_2060": -0.36413785832206386, "Dist_2070": -4.2664400644937359, "Rate_2070": -0.42657685060384709, "Dist_2080": -4.6349157384738078, "Rate_2080": -0.46354551248891562, "Dist_2090": -5.005150164311317, "Rate_2090": -0.50043623292868222, "Dist_2100": -5.242005985081164, "Rate_2100": -0.52426160213746087, "RSL_2050": 0.18573485314846039, "RSL_2100": 0.55779761075973511 }, "geometry": { "type": "LineString", "coordinates": [ [ -2.44187739277465, 56.744176301782836 ], [ -2.441287823608028, 56.744071735336952 ] ] } },
{ "type": "Feature", "properties": { "Cell": "None", "SubCell": "None", "CMU": "None", "LineID": 0, "TransectID": 109, "Hist_Rate": -0.016836086554830324, "LatestYr": "2024-09-05 00:00:00", "LatestSrc": "montrose_MHWS_Modern_LiDAR.shp", "FirstEYr": null, "Extrap2050": 0.18508099904476416, "Extrap2100": 0.55052042001519153, "Dist_2040": -3.258121918743484, "Rate_2040": -0.32585010813435572, "Dist_2050": -3.8943869919199301, "Rate_2050": -0.3893773996431194, "Dist_2060": -4.4831328839235312, "Rate_2060": -0.44836546066715233, "Dist_2070": -5.1261479735931061, "Rate_2070": -0.51253410929238441, "Dist_2080": -5.504628002210211, "Rate_2080": -0.5505268601033031, "Dist_2090": -5.8853214819863524, "Rate_2090": -0.58843951037076392, "Dist_2100": -6.1285355845515141, "Rate_2100": -0.612924879036297, "RSL_2050": 0.18573485314846039, "RSL_2100": 0.55779761075973511 }, "geometry": { "type": "LineString", "coordinates": [ [ -2.441921861643136, 56.744094325866214 ], [ -2.441336408745402, 56.743990168068606 ] ] } },
{ "type": "Feature", "properties": { "Cell": "None", "SubCell": "None", "CMU": "None", "LineID": 0, "TransectID": 110, "Hist_Rate": -0.20148825203701537, "LatestYr": "2024-09-05 00:00:00", "LatestSrc": "montrose_MHWS_Modern_LiDAR.shp", "FirstEYr": null, "Extrap2050": 4.9330498588104472, "Extrap2100": 14.673276534299298, "Dist_2040": -5.1268946381326259, "Rate_2040": -0.51274912783903492, "Dist_2050": -5.7624786154439107, "Rate_2050": -0.5761571573230968, "Dist_2060": -6.3496058470265098, "Rate_2060": -0.63503447797989598, "Dist_2070": -6.9919271687869013, "Rate_2070": -0.69908266053809198, "Dist_2080": -7.369183276503577, "Rate_2080": -0.73700408621806068, "Dist_2090": -7.7496754539797621, "Rate_2090": -0.77484556173014052, "Dist_2100": -7.9919195751377856, "Rate_2100": -0.79928496314957909, "RSL_2050": 0.18573485314846039, "RSL_2100": 0.55779761075973511 }, "geometry": { "type": "LineString", "coordinates": [ [ -2.441956490145811, 56.744009302761363 ], [ -2.441380422641767, 56.743906588168109 ] ] } },
{ "type": "Feature", "properties": { "Cell": "None", "SubCell": "None", "CMU": "None", "LineID": 0, "TransectID": 111, "Hist_Rate": -0.059294532936942146, "LatestYr": "2024-09-05 00:00:00", "LatestSrc": "montrose_MHWS_Modern_LiDAR.shp", "FirstEYr": null, "Extrap2050": 1.4483657826368277, "Extrap2100": 4.3081404526026343, "Dist_2040": -3.749212668497762, "Rate_2040": -0.37496489815821299, "Dist_2050": -4.3840718452656802, "Rate_2050": -0.43833817709949363, "Dist_2060": -4.971253774905847, "Rate_2060": -0.49718323025220396, "Dist_2070": -5.6128466037454245, "Rate_2070": -0.5611963114340236, "Dist_2080": -5.9902724286353077, "Rate_2080": -0.59909695441287825, "Dist_2090": -6.3701796077126573, "Rate_2090": -0.63691769104023821, "Dist_2100": -6.6126674388781339, "Rate_2100": -0.6613436985335287, "RSL_2050": 0.18573485314846039, "RSL_2100": 0.55779761075973511 }, "geometry": { "type": "LineString", "coordinates": [ [ -2.442004295536766, 56.743928313931697 ], [ -2.441433999780686, 56.743826287164822 ] ] } },
{ "type": "Feature", "properties": { "Cell": "None", "SubCell": "None", "CMU": "None", "LineID": 0, "TransectID": 112, "Hist_Rate": -0.0027069754894486868, "LatestYr": "2024-09-05 00:00:00", "LatestSrc": "montrose_MHWS_Modern_LiDAR.shp", "FirstEYr": null, "Extrap2050": 0.027319008589595427, "Extrap2100": 0.081259946514040421, "Dist_2040": -3.201838619145235, "Rate_2040": -0.32022112317994345, "Dist_2050": -3.8392871096647241, "Rate_2050": -0.38386827871659407, "Dist_2060": -4.4291609491735358, "Rate_2060": -0.44296763909597897, "Dist_2070": -5.0733721921953929, "Rate_2070": -0.5072573618691284, "Dist_2080": -5.4525834362563046, "Rate_2080": -0.54532179784141388, "Dist_2090": -5.8339781179390684, "Rate_2090": -0.5833059821356037, "Dist_2100": -6.0776682146353096, "Rate_2100": -0.60783755007774842, "RSL_2050": 0.18573485314846039, "RSL_2100": 0.55779761075973511 }, "geometry": { "type": "LineString", "coordinates": [ [ -2.442060161219684, 56.743855405504078 ], [ -2.441482689261041, 56.743751284617041 ] ] } },
{ "type": "Feature", "properties": { "Cell": "None", "SubCell": "None", "CMU": "None", "LineID": 0, "TransectID": 113, "Hist_Rate": -0.054250542907183681, "LatestYr": "2024-09-05 00:00:00", "LatestSrc": "montrose_MHWS_Modern_LiDAR.shp", "FirstEYr": null, "Extrap2050": 1.3378273454293412, "Extrap2100": 3.9793456698136667, "Dist_2040": -3.6952943552761326, "Rate_2040": -0.36957243936389456, "Dist_2050": -4.3280896775228825, "Rate_2050": -0.43274084151181264, "Dist_2060": -4.9133847766727285, "Rate_2060": -0.49139565698080206, "Dist_2070": -5.5528919820520741, "Rate_2070": -0.55520179297964822, "Dist_2080": -5.929109088091991, "Rate_2080": -0.59297990857268323, "Dist_2090": -6.3077766361791419, "Rate_2090": -0.63067837614006583, "Dist_2100": -6.5494919838278065, "Rate_2100": -0.65502541782673263, "RSL_2050": 0.18573485314846039, "RSL_2100": 0.55779761075973511 }, "geometry": { "type": "LineString", "coordinates": [ [ -2.442082330637516, 56.743788598663485 ], [ -2.441528110280513, 56.743687068927521 ] ] } },
{ "type": "Feature", "properties": { "Cell": "None", "SubCell": "None", "CMU": "None", "LineID": 0, "TransectID": 114, "Hist_Rate": -0.18909167602819194, "LatestYr": "2024-09-05 00:00:00", "LatestSrc": "montrose_MHWS_Modern_LiDAR.shp", "FirstEYr": null, "Extrap2050": 4.8776171339127448, "Extrap2100": 14.508392796094011, "Dist_2040": -5.1623697237300235, "Rate_2040": -0.51629704923862629, "Dist_2050": -5.8094065379272024, "Rate_2050": -0.58084921090305952, "Dist_2060": -6.4071434892555317, "Rate_2060": -0.64078891179474629, "Dist_2070": -7.0610392163001734, "Rate_2070": -0.70599277743211497, "Dist_2080": -7.4451181368284551, "Rate_2080": -0.74459845593936669, "Dist_2090": -7.8324602840218631, "Rate_2090": -0.7831227416607871, "Dist_2100": -8.0790910666108857, "Rate_2100": -0.80800312675154062, "RSL_2050": 0.18573485314846039, "RSL_2100": 0.55779761075973511 }, "geometry": { "type": "LineString", "coordinates": [ [ -2.442091973960911, 56.743736077190206 ], [ -2.441545146674193, 56.743633199011498 ] ] } },
{ "type": "Feature", "properties": { "Cell": "None", "SubCell": "None", "CMU": "None", "LineID": 0, "TransectID": 115, "Hist_Rate": -0.095819691431361875, "LatestYr": "2024-09-05 00:00:00", "LatestSrc": "montrose_MHWS_Modern_LiDAR.shp", "FirstEYr": null, "Extrap2050": 2.5978090337166524, "Extrap2100": 7.7271406991651874, "Dist_2040": -4.2437364976785261, "Rate_2040": -0.42442303607703974, "Dist_2050": -4.8868426349164906, "Rate_2050": -0.48860734220736007, "Dist_2060": -5.481416822697156, "Rate_2060": -0.54820547203284942, "Dist_2070": -6.1313427867322616, "Rate_2070": -0.61303776835013912, "Dist_2080": -6.5134764906857754, "Rate_2080": -0.65142344938370744, "Dist_2090": -6.8983678512594224, "Rate_2090": -0.68972820145459068, "Dist_2100": -7.143836676221099, "Rate_2100": -0.71446680372800786, "RSL_2050": 0.18573485314846039, "RSL_2100": 0.55779761075973511 }, "geometry": { "type": "LineString", "coordinates": [ [ -2.442093952804914, 56.743700507263938 ], [ -2.441588155784125, 56.74360167408117 ] ] } },
{ "type": "Feature", "properties": { "Cell": "None", "SubCell": "None", "CMU": "None", "LineID": 0, "TransectID": 116, "Hist_Rate": -0.0067264771825665511, "LatestYr": "2024-09-05 00:00:00", "LatestSrc": "montrose_MHWS_Modern_LiDAR.shp", "FirstEYr": null, "Extrap2050": 0.24648729384767537, "Extrap2100": 0.73317244470141607, "Dist_2040": -3.2747931441309674, "Rate_2040": -0.32751742468380474, "Dist_2050": -3.9095516190961916, "Rate_2050": -0.39089362366212449, "Dist_2060": -4.496890558266216, "Rate_2060": -0.4497413882057909, "Dist_2070": -5.1383829955681222, "Rate_2070": -0.5137574189046783, "Dist_2080": -5.515956165100647, "Rate_2080": -0.55165980822337712, "Dist_2090": -5.8957508950064721, "Rate_2090": -0.58948228750873299, "Dist_2100": -6.1383798533053096, "Rate_2100": -0.61390942047394981, "RSL_2050": 0.18573485314846039, "RSL_2100": 0.55779761075973511 }, "geometry": { "type": "LineString", "coordinates": [ [ -2.442091262927732, 56.74368062451132 ], [ -2.44160494010535, 56.743581014269076 ] ] } },
{ "type": "Feature", "properties": { "Cell": "None", "SubCell": "None", "CMU": "None", "LineID": 0, "TransectID": 117, "Hist_Rate": -0.13529899980470178, "LatestYr": "2024-09-05 00:00:00", "LatestSrc": "montrose_MHWS_Modern_LiDAR.shp", "FirstEYr": null, "Extrap2050": 3.3889868952582605, "Extrap2100": 10.08048637425127, "Dist_2040": -4.5569199539851297, "Rate_2040": -0.45574502636730935, "Dist_2050": -5.2002682673669938, "Rate_2050": -0.51994497198023248, "Dist_2060": -5.794901858643243, "Rate_2060": -0.57955762379668807, "Dist_2070": -6.4450716605767866, "Rate_2070": -0.64440571748924635, "Dist_2080": -6.8272130036702947, "Rate_2080": -0.68280075177794297, "Dist_2090": -7.2122836224293678, "Rate_2090": -0.72111483738438498, "Dist_2100": -7.4577267860541951, "Rate_2100": -0.74585946759457822, "RSL_2050": 0.18573485314846039, "RSL_2100": 0.55779761075973511 }, "geometry": { "type": "LineString", "coordinates": [ [ -2.442083285740024, 56.743670571438471 ], [ -2.44160535821816, 56.743567454863523 ] ] } },
{ "type": "Feature", "properties": { "Cell": "None", "SubCell": "None", "CMU": "None", "LineID": 0, "TransectID": 118, "Hist_Rate": -0.13298574918427281, "LatestYr": "2024-09-05 00:00:00", "LatestSrc": "montrose_MHWS_Modern_LiDAR.shp", "FirstEYr": null, "Extrap2050": 3.4718274134866762, "Extrap2100": 10.326894147738344, "Dist_2040": -4.5607028456207672, "Rate_2040": -0.45612335955411915, "Dist_2050": -5.1982816531613025, "Rate_2050": -0.51974634182993895, "Dist_2060": -5.7875590372558463, "Rate_2060": -0.57882325620616604, "Dist_2070": -6.431898028797832, "Rate_2070": -0.64308856167073425, "Dist_2080": -6.810592827333835, "Rate_2080": -0.68113854072767754, "Dist_2090": -7.192215075560398, "Rate_2090": -0.71910829858619452, "Dist_2100": -7.4354401978151827, "Rate_2100": -0.7436305494114217, "RSL_2050": 0.18573485314846039, "RSL_2100": 0.55779761075973511 }, "geometry": { "type": "LineString", "coordinates": [ [ -2.442080474419119, 56.743663644726027 ], [ -2.44160159442539, 56.7435548786925 ] ] } },
{ "type": "Feature", "properties": { "Cell": "None", "SubCell": "None", "CMU": "None", "LineID": 0, "TransectID": 119, "Hist_Rate": 0.049429561021126361, "LatestYr": "2024-09-05 00:00:00", "LatestSrc": "montrose_MHWS_Modern_LiDAR.shp", "FirstEYr": null, "Extrap2050": -1.1208063067769714, "Extrap2100": -3.3338201217149157, "Dist_2040": -2.7008171334901476, "Rate_2040": -0.27011314399747405, "Dist_2050": -3.3286168784202914, "Rate_2050": -0.33280929379042523, "Dist_2060": -3.909801007142903, "Rate_2060": -0.39102560086292221, "Dist_2070": -4.5442624565956748, "Rate_2070": -0.45435471675421457, "Dist_2080": -4.9179316770934065, "Rate_2080": -0.49185039993723673, "Dist_2090": -5.2935035287495111, "Rate_2090": -0.52926703055003921, "Dist_2100": -5.5336765374584047, "Rate_2100": -0.55343205167925835, "RSL_2050": 0.18573485314846039, "RSL_2100": 0.55779761075973511 }, "geometry": { "type": "LineString", "coordinates": [ [ -2.442081940055459, 56.743648973562259 ], [ -2.441605547331843, 56.74353579724928 ] ] } },
{ "type": "Feature", "properties": { "Cell": "None", "SubCell": "None", "CMU": "None", "LineID": 0, "TransectID": 120, "Hist_Rate": 0.037918184365609578, "LatestYr": "2024-09-05 00:00:00", "LatestSrc": "montrose_MHWS_Modern_LiDAR.shp", "FirstEYr": null, "Extrap2050": -0.93342754837975661, "Extrap2100": -2.7764650538950679, "Dist_2040": -2.7044468963311488, "Rate_2040": -0.27047616252279016, "Dist_2050": -3.3182122838128407, "Rate_2050": -0.33176899810306915, "Dist_2060": -3.8863703482771825, "Rate_2060": -0.38868226230301994, "Dist_2070": -4.5066483328056961, "Rate_2070": -0.45059389643985343, "Dist_2080": -4.8719362498641203, "Rate_2080": -0.48725032194441292, "Dist_2090": -5.2391193058588215, "Rate_2090": -0.52382946429513844, "Dist_2100": -5.4738990276483719, "Rate_2100": -0.54745360503993989, "RSL_2050": 0.18573485314846039, "RSL_2100": 0.55779761075973511 }, "geometry": { "type": "LineString", "coordinates": [ [ -2.442088464220357, 56.743616102462802 ], [ -2.44161745787194, 56.743500379911701 ] ] } },
{ "type": "Feature", "properties": { "Cell": "None", "SubCell": "None", "CMU": "None", "LineID": 0, "TransectID": 121, "Hist_Rate": -0.0073576336001262973, "LatestYr": "2024-09-05 00:00:00", "LatestSrc": "montrose_MHWS_Modern_LiDAR.shp", "FirstEYr": null, "Extrap2050": 0.26947612410919308, "Extrap2100": 0.80155234623937843, "Dist_2040": -3.1686888405280911, "Rate_2040": -0.31690575953904199, "Dist_2050": -3.7804411013807453, "Rate_2050": -0.37798460415304047, "Dist_2060": -4.3464858568286218, "Rate_2060": -0.43469916773349615, "Dist_2070": -4.9647279773736841, "Rate_2070": -0.49639465049983789, "Dist_2080": -5.3286108636092422, "Rate_2080": -0.53292309785098535, "Dist_2090": -5.6946416830101043, "Rate_2090": -0.56937453186608766, "Dist_2100": -5.9284720157262427, "Rate_2100": -0.59291619392220485, "RSL_2050": 0.18573485314846039, "RSL_2100": 0.55779761075973511 }, "geometry": { "type": "LineString", "coordinates": [ [ -2.442110478762224, 56.743559281820502 ], [ -2.441637226517444, 56.743440802819229 ] ] } },
{ "type": "Feature", "properties": { "Cell": "None", "SubCell": "None", "CMU": "None", "LineID": 0, "TransectID": 122, "Hist_Rate": -0.081198462045948785, "LatestYr": "2024-09-05 00:00:00", "LatestSrc": "montrose_MHWS_Modern_LiDAR.shp", "FirstEYr": null, "Extrap2050": 2.1366090017054375, "Extrap2100": 6.3553087086083124, "Dist_2040": -3.9824496185835869, "Rate_2040": -0.3982913074522223, "Dist_2050": -4.609688781141358, "Rate_2050": -0.46089631936655423, "Dist_2060": -5.1896760601468941, "Rate_2060": -0.51902800065668186, "Dist_2070": -5.8235672434808521, "Rate_2070": -0.58226505856201893, "Dist_2080": -6.1963412670515936, "Rate_2080": -0.61970623637214994, "Dist_2090": -6.5717191858856268, "Rate_2090": -0.65706847652637046, "Dist_2100": -6.811191053627681, "Rate_2100": -0.68119837031889607, "RSL_2050": 0.18573485314846039, "RSL_2100": 0.55779761075973511 }, "geometry": { "type": "LineString", "coordinates": [ [ -2.442195382606523, 56.743486239820683 ], [ -2.441686078778408, 56.743358446034392 ] ] } },
{ "type": "Feature", "properties": { "Cell": "None", "SubCell": "None", "CMU": "None", "LineID": 0, "TransectID": 123, "Hist_Rate": -0.038413529166709426, "LatestYr": "2024-09-05 00:00:00", "LatestSrc": "montrose_MHWS_Modern_LiDAR.shp", "FirstEYr": null, "Extrap2050": 1.156862521047231, "Extrap2100": 3.4410687443540247, "Dist_2040": -3.5902893442200821, "Rate_2040": -0.35907071626678622, "Dist_2050": -4.2163630580345171, "Rate_2050": -0.42156993819440791, "Dist_2060": -4.7954758138179159, "Rate_2060": -0.47960338853460849, "Dist_2070": -5.4281903078198752, "Rate_2070": -0.54273358842154418, "Dist_2080": -5.8004399572517968, "Rate_2080": -0.58011149810693852, "Dist_2090": -6.1750780226234383, "Rate_2090": -0.61741060352533295, "Dist_2100": -6.4142507702895273, "Rate_2100": -0.64149972260883703, "RSL_2050": 0.18573485314846039, "RSL_2100": 0.55779761075973511 }, "geometry": { "type": "LineString", "coordinates": [ [ -2.442302891286801, 56.743387237356117 ], [ -2.441750495530996, 56.743250553372661 ] ] } },
{ "type": "Feature", "properties": { "Cell": "None", "SubCell": "None", "CMU": "None", "LineID": 0, "TransectID": 124, "Hist_Rate": -0.066106891116367042, "LatestYr": "2024-09-05 00:00:00", "LatestSrc": "montrose_MHWS_Modern_LiDAR.shp", "FirstEYr": null, "Extrap2050": 1.7383102335790759, "Extrap2100": 5.1705755039457193, "Dist_2040": -3.788323415147886, "Rate_2040": -0.37887642797293314, "Dist_2050": -4.4081570386306907, "Rate_2050": -0.4407463173233151, "Dist_2060": -4.981374323956743, "Rate_2060": -0.49819540293476744, "Dist_2070": -5.6077818586456374, "Rate_2070": -0.56068991664560064, "Dist_2080": -5.9762190346214084, "Rate_2080": -0.59769145146569269, "Dist_2090": -6.3471488274947205, "Rate_2090": -0.63461497553414747, "Dist_2100": -6.5838491124596885, "Rate_2100": -0.65846153051959411, "RSL_2050": 0.18573485314846039, "RSL_2100": 0.55779761075973511 }, "geometry": { "type": "LineString", "coordinates": [ [ -2.442449773177918, 56.743271017521955 ], [ -2.441838520306128, 56.743123950128641 ] ] } },
{ "type": "Feature", "properties": { "Cell": "None", "SubCell": "None", "CMU": "None", "LineID": 0, "TransectID": 125, "Hist_Rate": -0.15986218354497445, "LatestYr": "2024-09-05 00:00:00", "LatestSrc": "montrose_MHWS_Modern_LiDAR.shp", "FirstEYr": null, "Extrap2050": 3.9866069052744479, "Extrap2100": 11.858097369554043, "Dist_2040": -4.63495817668462, "Rate_2040": -0.46354975680386978, "Dist_2050": -5.2468221303163887, "Rate_2050": -0.52459962549468486, "Dist_2060": -5.8121964437802944, "Rate_2060": -0.58128728357541737, "Dist_2070": -6.4305471783025041, "Rate_2070": -0.64295349788424649, "Dist_2080": -6.7938555285394386, "Rate_2080": -0.67946461606861064, "Dist_2090": -7.1601146114514904, "Rate_2090": -0.71589875745225051, "Dist_2100": -7.3934321053544636, "Rate_2100": -0.73942925129789916, "RSL_2050": 0.18573485314846039, "RSL_2100": 0.55779761075973511 }, "geometry": { "type": "LineString", "coordinates": [ [ -2.44256929373283, 56.743129756159568 ], [ -2.441940252535835, 56.742984096309314 ] ] } },
{ "type": "Feature", "properties": { "Cell": "None", "SubCell": "None", "CMU": "None", "LineID": 0, "TransectID": 126, "Hist_Rate": -0.14371036023366296, "LatestYr": "2024-09-05 00:00:00", "LatestSrc": "montrose_MHWS_Modern_LiDAR.shp", "FirstEYr": null, "Extrap2050": 3.5399369204716686, "Extrap2100": 10.529484767985304, "Dist_2040": -4.4005259357475097, "Rate_2040": -0.44010380451458375, "Dist_2050": -5.0007429042067884, "Rate_2050": -0.49999557629065094, "Dist_2060": -5.5554323611162317, "Rate_2060": -0.55560788722754528, "Dist_2070": -6.1620130582610955, "Rate_2070": -0.61610431273800392, "Dist_2080": -6.5184696800668007, "Rate_2080": -0.65192282642984622, "Dist_2090": -6.8777408253869226, "Rate_2090": -0.68766582354677885, "Dist_2100": -7.106672476746553, "Rate_2100": -0.71074995128370833, "RSL_2050": 0.18573485314846039, "RSL_2100": 0.55779761075973511 }, "geometry": { "type": "LineString", "coordinates": [ [ -2.442672652140269, 56.742977068467859 ], [ -2.442045718678258, 56.742838099016645 ] ] } },
{ "type": "Feature", "properties": { "Cell": "None", "SubCell": "None", "CMU": "None", "LineID": 0, "TransectID": 127, "Hist_Rate": -0.13602435753257822, "LatestYr": "2024-09-05 00:00:00", "LatestSrc": "montrose_MHWS_Modern_LiDAR.shp", "FirstEYr": null, "Extrap2050": 2.945923218111953, "Extrap2100": 8.7626006761247641, "Dist_2040": -4.1773544089906522, "Rate_2040": -0.41778405468942176, "Dist_2050": -4.7797797984223962, "Rate_2050": -0.47790274377916564, "Dist_2060": -5.3366365316516635, "Rate_2060": -0.53372575805360978, "Dist_2070": -5.9454497605972847, "Rate_2070": -0.59445139178345296, "Dist_2080": -6.3033225962465167, "Rate_2080": -0.63040561428246666, "Dist_2090": -6.6638892695438017, "Rate_2090": -0.66628403409015935, "Dist_2100": -6.8937539694829866, "Rate_2100": -0.6894556227269687, "RSL_2050": 0.18573485314846039, "RSL_2100": 0.55779761075973511 }, "geometry": { "type": "LineString", "coordinates": [ [ -2.442777200872321, 56.742827215508008 ], [ -2.442144383500338, 56.742692933285255 ] ] } },
{ "type": "Feature", "properties": { "Cell": "None", "SubCell": "None", "CMU": "None", "LineID": 0, "TransectID": 128, "Hist_Rate": -0.12821584644887488, "LatestYr": "2024-09-05 00:00:00", "LatestSrc": "montrose_MHWS_Modern_LiDAR.shp", "FirstEYr": null, "Extrap2050": 3.401509366789337, "Extrap2100": 10.117734262054434, "Dist_2040": -4.4063090213065834, "Rate_2040": -0.44068218037091178, "Dist_2050": -5.0185848750643345, "Rate_2050": -0.50177949253509035, "Dist_2060": -5.584462151506159, "Rate_2060": -0.55851120409953126, "Dist_2070": -6.2032298272038133, "Rate_2070": -0.62022534086024883, "Dist_2080": -6.5668841095956623, "Rate_2080": -0.65676483280366749, "Dist_2090": -6.933364226569438, "Rate_2090": -0.69322728812559209, "Dist_2100": -7.1669266332824009, "Rate_2100": -0.716776068142565, "RSL_2050": 0.18573485314846039, "RSL_2100": 0.55779761075973511 }, "geometry": { "type": "LineString", "coordinates": [ [ -2.442883732224451, 56.742688397834343 ], [ -2.442236228354933, 56.742556209686377 ] ] } },
{ "type": "Feature", "properties": { "Cell": "None", "SubCell": "None", "CMU": "None", "LineID": 0, "TransectID": 129, "Hist_Rate": -0.1007908650000679, "LatestYr": "2024-09-05 00:00:00", "LatestSrc": "montrose_MHWS_Modern_LiDAR.shp", "FirstEYr": null, "Extrap2050": 2.7608256745837076, "Extrap2100": 8.2120310448126688, "Dist_2040": -4.1621583491970569, "Rate_2040": -0.41626427186654053, "Dist_2050": -4.7761279221205086, "Rate_2050": -0.47753761363128933, "Dist_2060": -5.3437058975399054, "Rate_2060": -0.53443277691188906, "Dist_2070": -5.9641859962181343, "Rate_2070": -0.59632472042805973, "Dist_2080": -6.328958345854403, "Rate_2080": -0.63296948757823845, "Dist_2090": -6.6964240113097731, "Rate_2090": -0.66953699615406781, "Dist_2100": -6.9307296730193002, "Rate_2100": -0.69315362338383124, "RSL_2050": 0.18573485314846039, "RSL_2100": 0.55779761075973511 }, "geometry": { "type": "LineString", "coordinates": [ [ -2.442954197865518, 56.742558064317308 ], [ -2.44231124128538, 56.742430681257694 ] ] } },
{ "type": "Feature", "properties": { "Cell": "None", "SubCell": "None", "CMU": "None", "LineID": 0, "TransectID": 130, "Hist_Rate": -0.13420493282385421, "LatestYr": "2024-09-05 00:00:00", "LatestSrc": "montrose_MHWS_Modern_LiDAR.shp", "FirstEYr": null, "Extrap2050": 3.2904726335994363, "Extrap2100": 9.7874573059740619, "Dist_2040": -4.3341639516306145, "Rate_2040": -0.43346683381802981, "Dist_2050": -4.9407742176572924, "Rate_2050": -0.49399965157204867, "Dist_2060": -5.5014318099130719, "Rate_2060": -0.55020720367803266, "Dist_2070": -6.1144739182001331, "Rate_2070": -0.61135114702113669, "Dist_2080": -6.4747769087409779, "Rate_2080": -0.64755304082443232, "Dist_2090": -6.8378624105445169, "Rate_2090": -0.68367860976821948, "Dist_2100": -7.0692754790445633, "Rate_2100": -0.70700981630748472, "RSL_2050": 0.18573485314846039, "RSL_2100": 0.55779761075973511 }, "geometry": { "type": "LineString", "coordinates": [ [ -2.442986901851267, 56.742437968642562 ], [ -2.442382548545795, 56.742320556691745 ] ] } },
{ "type": "Feature", "properties": { "Cell": "None", "SubCell": "None", "CMU": "None", "LineID": 0, "TransectID": 131, "Hist_Rate": -0.17262240356533753, "LatestYr": "2024-09-05 00:00:00", "LatestSrc": "montrose_MHWS_Modern_LiDAR.shp", "FirstEYr": null, "Extrap2050": 4.6188606852784089, "Extrap2100": 13.738725950123722, "Dist_2040": -4.9108963438897035, "Rate_2040": -0.49114678474346524, "Dist_2050": -5.5280804658773377, "Rate_2050": -0.55272103190752908, "Dist_2060": -6.0982463183219124, "Rate_2060": -0.60989559992324516, "Dist_2070": -6.7219729384081575, "Rate_2070": -0.67209148671134455, "Dist_2080": -7.0883372130612088, "Rate_2080": -0.70891621153929585, "Dist_2090": -7.4578068790029874, "Rate_2090": -0.74566329838605216, "Dist_2100": -7.693063760820678, "Rate_2100": -0.76939590379560419, "RSL_2050": 0.18573485314846039, "RSL_2100": 0.55779761075973511 }, "geometry": { "type": "LineString", "coordinates": [ [ -2.443044592900673, 56.742338773164157 ], [ -2.442435906035983, 56.742221657015982 ] ] } },
{ "type": "Feature", "properties": { "Cell": "None", "SubCell": "None", "CMU": "None", "LineID": 0, "TransectID": 132, "Hist_Rate": -0.12042745218954569, "LatestYr": "2024-09-05 00:00:00", "LatestSrc": "montrose_MHWS_Modern_LiDAR.shp", "FirstEYr": null, "Extrap2050": 2.9262149575531122, "Extrap2100": 8.7039787757858864, "Dist_2040": -4.1774063208983421, "Rate_2040": -0.41778924648431348, "Dist_2050": -4.7813944594907412, "Rate_2050": -0.47806418447044813, "Dist_2060": -5.3397014259617208, "Rate_2060": -0.53403228315219708, "Dist_2070": -5.9500940061078609, "Rate_2070": -0.59491574323182328, "Dist_2080": -6.3088999144473519, "Rate_2080": -0.63096341100836173, "Dist_2090": -6.6704007443985347, "Rate_2090": -0.66693507908184557, "Dist_2100": -6.9008658229815865, "Rate_2100": -0.69016689084073168, "RSL_2050": 0.18573485314846039, "RSL_2100": 0.55779761075973511 }, "geometry": { "type": "LineString", "coordinates": [ [ -2.443081508039735, 56.742247647817031 ], [ -2.442482671680478, 56.742132652889325 ] ] } },
{ "type": "Feature", "properties": { "Cell": "None", "SubCell": "None", "CMU": "None", "LineID": 0, "TransectID": 133, "Hist_Rate": -0.20324007497593716, "LatestYr": "2024-09-05 00:00:00", "LatestSrc": "montrose_MHWS_Modern_LiDAR.shp", "FirstEYr": null, "Extrap2050": 4.9501301114695275, "Extrap2100": 14.724081467903359, "Dist_2040": -4.8929342476860143, "Rate_2040": -0.48935036608993954, "Dist_2050": -5.4804368427691657, "Rate_2050": -0.54795741953055488, "Dist_2060": -6.0230671621632723, "Rate_2060": -0.60237680941303917, "Dist_2070": -6.6167969797195383, "Rate_2070": -0.6615755463633215, "Dist_2080": -6.9654466901571368, "Rate_2080": -0.69662572911547593, "Dist_2090": -7.3171719102477937, "Rate_2090": -0.73160201517346835, "Dist_2100": -7.5410321456654401, "Rate_2100": -0.75419097301840354, "RSL_2050": 0.18573485314846039, "RSL_2100": 0.55779761075973511 }, "geometry": { "type": "LineString", "coordinates": [ [ -2.443132803720883, 56.742166377961674 ], [ -2.442542384711649, 56.742052703755952 ] ] } },
{ "type": "Feature", "properties": { "Cell": "None", "SubCell": "None", "CMU": "None", "LineID": 0, "TransectID": 134, "Hist_Rate": -0.23336012882393337, "LatestYr": "2024-09-05 00:00:00", "LatestSrc": "montrose_MHWS_Modern_LiDAR.shp", "FirstEYr": null, "Extrap2050": 6.2086270486186352, "Extrap2100": 18.467460129154208, "Dist_2040": -5.4428852457021435, "Rate_2040": -0.54435186592370355, "Dist_2050": -6.0411170160771235, "Rate_2050": -0.60401661148221975, "Dist_2060": -6.5934138737608237, "Rate_2060": -0.65941811795922445, "Dist_2070": -7.1979852504217661, "Rate_2070": -0.71968522524696743, "Dist_2080": -7.5528006959336835, "Rate_2080": -0.75536796500124825, "Dist_2090": -7.9109999742872787, "Rate_2090": -0.7909754744343338, "Dist_2100": -8.1387738465014081, "Rate_2100": -0.8139720992964925, "RSL_2050": 0.18573485314846039, "RSL_2100": 0.55779761075973511 }, "geometry": { "type": "LineString", "coordinates": [ [ -2.443161548261959, 56.742083007604144 ], [ -2.442598190321235, 56.74197410337451 ] ] } },
{ "type": "Feature", "properties": { "Cell": "None", "SubCell": "None", "CMU": "None", "LineID": 0, "TransectID": 135, "Hist_Rate": -0.083060995285473116, "LatestYr": "2024-09-05 00:00:00", "LatestSrc": "montrose_MHWS_Modern_LiDAR.shp", "FirstEYr": null, "Extrap2050": 2.0398613182631751, "Extrap2100": 6.0675342984904539, "Dist_2040": -3.8201555092252306, "Rate_2040": -0.38206000782535499, "Dist_2050": -4.4225953626421983, "Rate_2050": -0.44218992245821054, "Dist_2060": -4.9796540965438112, "Rate_2060": -0.49802336017439841, "Dist_2070": -5.5884829822311985, "Rate_2070": -0.55876033277787529, "Dist_2080": -5.9465206636788253, "Rate_2080": -0.59472126875786235, "Dist_2090": -6.3070566403717976, "Rate_2090": -0.63060638789241619, "Dist_2100": -6.5370622840435999, "Rate_2100": -0.65378230319819131, "RSL_2050": 0.18573485314846039, "RSL_2100": 0.55779761075973511 }, "geometry": { "type": "LineString", "coordinates": [ [ -2.44321215974227, 56.742002396582237 ], [ -2.442640338048224, 56.741891512244237 ] ] } },
{ "type": "Feature", "properties": { "Cell": "None", "SubCell": "None", "CMU": "None", "LineID": 0, "TransectID": 136, "Hist_Rate": -0.098391447442087276, "LatestYr": "2024-09-05 00:00:00", "LatestSrc": "montrose_MHWS_Modern_LiDAR.shp", "FirstEYr": null, "Extrap2050": 2.4047792446170324, "Extrap2100": 7.1529767324747731, "Dist_2040": -3.8138813537008218, "Rate_2040": -0.3814325192576869, "Dist_2050": -4.3863240438767548, "Rate_2050": -0.43856336150989755, "Dist_2060": -4.9155481577905107, "Rate_2060": -0.49161202026883916, "Dist_2070": -5.4940612173825798, "Rate_2070": -0.54931964253760113, "Dist_2080": -5.834190761279956, "Rate_2080": -0.58348697128335003, "Dist_2090": -6.176794904275198, "Rate_2090": -0.61758226466595512, "Dist_2100": -6.3952782060639493, "Rate_2100": -0.63960224539384225, "RSL_2050": 0.18573485314846039, "RSL_2100": 0.55779761075973511 }, "geometry": { "type": "LineString", "coordinates": [ [ -2.443294908250863, 56.741924569372145 ], [ -2.442691772498266, 56.741807508952796 ] ] } },
{ "type": "Feature", "properties": { "Cell": "None", "SubCell": "None", "CMU": "None", "LineID": 0, "TransectID": 137, "Hist_Rate": -0.0045657558403643878, "LatestYr": "2024-09-05 00:00:00", "LatestSrc": "montrose_MHWS_Modern_LiDAR.shp", "FirstEYr": null, "Extrap2050": 0.24725874546920948, "Extrap2100": 0.73546711499658579, "Dist_2040": -3.0401049662083892, "Rate_2040": -0.30404587571751579, "Dist_2050": -3.6279212866497232, "Rate_2050": -0.36273502341614061, "Dist_2060": -4.1718209226169733, "Rate_2060": -0.4172306416563335, "Dist_2070": -4.7658731883587961, "Rate_2070": -0.47651230166962433, "Dist_2080": -5.1155204956152147, "Rate_2080": -0.51161158122117745, "Dist_2090": -5.4672291741845811, "Rate_2090": -0.54663686056723571, "Dist_2100": -5.6919122066527734, "Rate_2100": -0.56925746005979616, "RSL_2050": 0.18573485314846039, "RSL_2100": 0.55779761075973511 }, "geometry": { "type": "LineString", "coordinates": [ [ -2.443369516737227, 56.741841477088641 ], [ -2.442735778923329, 56.741718657440323 ] ] } },
{ "type": "Feature", "properties": { "Cell": "None", "SubCell": "None", "CMU": "None", "LineID": 0, "TransectID": 138, "Hist_Rate": -0.095101400407982858, "LatestYr": "2024-09-05 00:00:00", "LatestSrc": "montrose_MHWS_Modern_LiDAR.shp", "FirstEYr": null, "Extrap2050": 2.4979074617040129, "Extrap2100": 7.4299850988149103, "Dist_2040": -3.936187167328967, "Rate_2040": -0.39366452394938395, "Dist_2050": -4.5257261892585348, "Rate_2050": -0.45250138179038063, "Dist_2060": -5.0707514514369905, "Rate_2060": -0.50713415580544219, "Dist_2070": -5.6665421134317739, "Rate_2070": -0.56656501720917185, "Dist_2080": -6.0168261483509013, "Rate_2080": -0.60175263540226021, "Dist_2090": -6.3696632874838315, "Rate_2090": -0.63686606714448768, "Dist_2100": -6.5946685347695393, "Rate_2100": -0.65954359866116197, "RSL_2050": 0.18573485314846039, "RSL_2100": 0.55779761075973511 }, "geometry": { "type": "LineString", "coordinates": [ [ -2.443436312099061, 56.741754360670264 ], [ -2.442794356603757, 56.741630329140129 ] ] } },
{ "type": "Feature", "properties": { "Cell": "None", "SubCell": "None", "CMU": "None", "LineID": 0, "TransectID": 139, "Hist_Rate": -0.072469749186922908, "LatestYr": "2024-09-05 00:00:00", "LatestSrc": "montrose_MHWS_Modern_LiDAR.shp", "FirstEYr": null, "Extrap2050": 1.930519068501795, "Extrap2100": 5.7422975557955329, "Dist_2040": -3.6988924503462499, "Rate_2040": -0.36993229074358985, "Dist_2050": -4.2857214191110984, "Rate_2050": -0.42850468256766644, "Dist_2060": -4.8283569771224393, "Rate_2060": -0.48289188751824824, "Dist_2070": -5.4214094854316386, "Rate_2070": -0.54205561291616899, "Dist_2080": -5.7701791592694462, "Rate_2080": -0.57708506614990984, "Dist_2090": -6.1213701974343167, "Rate_2090": -0.61204066639375954, "Dist_2100": -6.3454241997394547, "Rate_2100": -0.63461626458744191, "RSL_2050": 0.18573485314846039, "RSL_2100": 0.55779761075973511 }, "geometry": { "type": "LineString", "coordinates": [ [ -2.443522839074669, 56.741670455621325 ], [ -2.442847869544253, 56.741540493490035 ] ] } },
{ "type": "Feature", "properties": { "Cell": "None", "SubCell": "None", "CMU": "None", "LineID": 0, "TransectID": 140, "Hist_Rate": 0.065335160548583487, "LatestYr": "2024-09-05 00:00:00", "LatestSrc": "montrose_MHWS_Modern_LiDAR.shp", "FirstEYr": null, "Extrap2050": -1.4596323828298452, "Extrap2100": -4.3416527715463156, "Dist_2040": -2.4186516788956283, "Rate_2040": -0.24189331484913376, "Dist_2050": -3.0167745926635234, "Rate_2050": -0.30162997376427786, "Dist_2060": -3.5705670282880533, "Rate_2060": -0.35709825515594179, "Dist_2070": -4.1750371894098066, "Rate_2070": -0.41743800182124591, "Dist_2080": -4.5311101903739655, "Rate_2080": -0.45316374964612899, "Dist_2090": -4.8889113032156502, "Rate_2090": -0.48881417647542902, "Dist_2100": -5.1177896088685202, "Rate_2100": -0.5118385189532203, "RSL_2050": 0.18573485314846039, "RSL_2100": 0.55779761075973511 }, "geometry": { "type": "LineString", "coordinates": [ [ -2.443591690897401, 56.741584431214484 ], [ -2.442899278930096, 56.741451458543906 ] ] } },
{ "type": "Feature", "properties": { "Cell": "None", "SubCell": "None", "CMU": "None", "LineID": 0, "TransectID": 141, "Hist_Rate": -0.0065579909632445376, "LatestYr": "2024-09-05 00:00:00", "LatestSrc": "montrose_MHWS_Modern_LiDAR.shp", "FirstEYr": null, "Extrap2050": 0.06229637444611457, "Extrap2100": 0.18529955210153073, "Dist_2040": -2.9905279425125286, "Rate_2040": -0.29908759639735277, "Dist_2050": -3.5830098463443392, "Rate_2050": -0.3582445863135566, "Dist_2060": -4.1312654049997377, "Rate_2060": -0.41317461793143939, "Dist_2070": -4.7300329641480516, "Rate_2070": -0.47292884339114283, "Dist_2080": -5.0824877061047573, "Rate_2080": -0.50830791785240059, "Dist_2090": -5.4369798292519818, "Rate_2090": -0.54361240221340457, "Dist_2100": -5.6634741401338715, "Rate_2100": -0.5664133224610749, "RSL_2050": 0.18573485314846039, "RSL_2100": 0.55779761075973511 }, "geometry": { "type": "LineString", "coordinates": [ [ -2.443673415313698, 56.741503375044999 ], [ -2.442949380314805, 56.74136447034347 ] ] } },
{ "type": "Feature", "properties": { "Cell": "None", "SubCell": "None", "CMU": "None", "LineID": 0, "TransectID": 142, "Hist_Rate": 0.051845721578552544, "LatestYr": "2024-09-05 00:00:00", "LatestSrc": "montrose_MHWS_Modern_LiDAR.shp", "FirstEYr": null, "Extrap2050": -0.89749335552915854, "Extrap2100": -2.669579381983207, "Dist_2040": -2.5310670957587718, "Rate_2040": -0.25313616476524459, "Dist_2050": -3.1073676137345956, "Rate_2050": -0.31068784989309006, "Dist_2060": -3.6408491071085223, "Rate_2060": -0.36412728094279423, "Dist_2070": -4.2232647106577019, "Rate_2070": -0.42225999482135113, "Dist_2080": -4.5662587068418929, "Rate_2080": -0.45667901033233849, "Dist_2090": -4.9110276181385188, "Rate_2090": -0.49102545984614238, "Dist_2100": -5.1314792896023391, "Rate_2100": -0.51320764633969951, "RSL_2050": 0.18573485314846039, "RSL_2100": 0.55779761075973511 }, "geometry": { "type": "LineString", "coordinates": [ [ -2.44373658722732, 56.741421419751575 ], [ -2.442998103001231, 56.741279645888966 ] ] } },
{ "type": "Feature", "properties": { "Cell": "None", "SubCell": "None", "CMU": "None", "LineID": 0, "TransectID": 143, "Hist_Rate": -0.10284012888653385, "LatestYr": "2024-09-05 00:00:00", "LatestSrc": "montrose_MHWS_Modern_LiDAR.shp", "FirstEYr": null, "Extrap2050": 2.7204735312252621, "Extrap2100": 8.0920042510042371, "Dist_2040": -3.9684136488385207, "Rate_2040": -0.39688754713469426, "Dist_2050": -4.5468591711457975, "Rate_2050": -0.45461434733567452, "Dist_2060": -5.0815724432947036, "Rate_2060": -0.50821638092006183, "Dist_2070": -5.6661516578182045, "Rate_2070": -0.56652597779377656, "Dist_2080": -6.0097978279937934, "Rate_2080": -0.60104972157475989, "Dist_2090": -6.3560072521001985, "Rate_2090": -0.63550067855877546, "Dist_2100": -6.5767382325711878, "Rate_2100": -0.65775035977817142, "RSL_2050": 0.18573485314846039, "RSL_2100": 0.55779761075973511 }, "geometry": { "type": "LineString", "coordinates": [ [ -2.443793932531593, 56.741340115150003 ], [ -2.443045912854308, 56.741196250841085 ] ] } },
{ "type": "Feature", "properties": { "Cell": "None", "SubCell": "None", "CMU": "None", "LineID": 0, "TransectID": 144, "Hist_Rate": -0.03809824977326965, "LatestYr": "2024-09-05 00:00:00", "LatestSrc": "montrose_MHWS_Modern_LiDAR.shp", "FirstEYr": null, "Extrap2050": 0.90322838122536675, "Extrap2100": 2.6866381225960714, "Dist_2040": -3.2296015398436566, "Rate_2040": -0.32299773833963491, "Dist_2050": -3.80360237775119, "Rate_2050": -0.38030036722030908, "Dist_2060": -4.3345809438968672, "Rate_2060": -0.43350853789738542, "Dist_2070": -4.9146704042036617, "Rate_2070": -0.49138968111342896, "Dist_2080": -5.2559858122049263, "Rate_2080": -0.52565974753950107, "Dist_2090": -5.5994570018109471, "Rate_2090": -0.55985756199943471, "Dist_2100": -5.8187603898337557, "Rate_2100": -0.58194375456841607, "RSL_2050": 0.18573485314846039, "RSL_2100": 0.55779761075973511 }, "geometry": { "type": "LineString", "coordinates": [ [ -2.443841474749894, 56.74125706509048 ], [ -2.443093649405597, 56.741112965469362 ] ] } },
{ "type": "Feature", "properties": { "Cell": "None", "SubCell": "None", "CMU": "None", "LineID": 0, "TransectID": 145, "Hist_Rate": 0.0089306782303189784, "LatestYr": "2024-09-05 00:00:00", "LatestSrc": "montrose_MHWS_Modern_LiDAR.shp", "FirstEYr": null, "Extrap2050": 0.01056638780327078, "Extrap2100": 0.031429548584255854, "Dist_2040": -2.8287931257726768, "Rate_2040": -0.28291223254108078, "Dist_2050": -3.3930414933942075, "Rate_2050": -0.33925074121298493, "Dist_2060": -3.9151811842885422, "Rate_2060": -0.39156368118907664, "Dist_2070": -4.4854157328679207, "Rate_2070": -0.44847097065754493, "Dist_2080": -4.8210833597648275, "Rate_2080": -0.48216444113606383, "Dist_2090": -5.1586807544090334, "Rate_2090": -0.51578687529215483, "Dist_2100": -5.3743892209687374, "Rate_2100": -0.5375014663306884, "RSL_2050": 0.18573485314846039, "RSL_2100": 0.55779761075973511 }, "geometry": { "type": "LineString", "coordinates": [ [ -2.443897526962019, 56.741173953536432 ], [ -2.443142265191278, 56.741028302448065 ] ] } },
{ "type": "Feature", "properties": { "Cell": "None", "SubCell": "None", "CMU": "None", "LineID": 0, "TransectID": 146, "Hist_Rate": -0.078595495026535275, "LatestYr": "2024-09-05 00:00:00", "LatestSrc": "montrose_MHWS_Modern_LiDAR.shp", "FirstEYr": null, "Extrap2050": 1.9172878943599849, "Extrap2100": 5.7029416436087734, "Dist_2040": -3.6087227328243898, "Rate_2040": -0.36091426964501977, "Dist_2050": -4.1785815611008275, "Rate_2050": -0.4177923832002105, "Dist_2060": -4.7055161129459293, "Rate_2060": -0.47060637154508589, "Dist_2070": -5.2814184572526983, "Rate_2070": -0.52805871362527201, "Dist_2080": -5.6200949333883727, "Rate_2080": -0.56207489696278823, "Dist_2090": -5.9611319472026025, "Rate_2090": -0.5960193635987262, "Dist_2100": -6.1787003055605965, "Rate_2100": -0.61794193492708549, "RSL_2050": 0.18573485314846039, "RSL_2100": 0.55779761075973511 }, "geometry": { "type": "LineString", "coordinates": [ [ -2.44391882189267, 56.741080920388008 ], [ -2.443192549450657, 56.740941032090703 ] ] } },
{ "type": "Feature", "properties": { "Cell": "None", "SubCell": "None", "CMU": "None", "LineID": 0, "TransectID": 147, "Hist_Rate": -0.081120493729872914, "LatestYr": "2024-09-05 00:00:00", "LatestSrc": "montrose_MHWS_Modern_LiDAR.shp", "FirstEYr": null, "Extrap2050": 2.5055737645261131, "Extrap2100": 7.4527883918129421, "Dist_2040": -3.7870889120858351, "Rate_2040": -0.37875296330024938, "Dist_2050": -4.3462401577803007, "Rate_2050": -0.43455560384015096, "Dist_2060": -4.8631437056064328, "Rate_2060": -0.4863709651957715, "Dist_2070": -5.4282241942303244, "Rate_2070": -0.5427369765292005, "Dist_2080": -5.7604293216816131, "Rate_2080": -0.57610996892779209, "Dist_2090": -6.0950854028566255, "Rate_2090": -0.60941260067146485, "Dist_2100": -6.308472370907225, "Rate_2100": -0.6309206516788286, "RSL_2050": 0.18573485314846039, "RSL_2100": 0.55779761075973511 }, "geometry": { "type": "LineString", "coordinates": [ [ -2.443957348887356, 56.740987182432043 ], [ -2.443244923639075, 56.740850483619312 ] ] } },
{ "type": "Feature", "properties": { "Cell": "None", "SubCell": "None", "CMU": "None", "LineID": 0, "TransectID": 148, "Hist_Rate": -0.05827390227568395, "LatestYr": "2024-09-05 00:00:00", "LatestSrc": "montrose_MHWS_Modern_LiDAR.shp", "FirstEYr": null, "Extrap2050": 1.9449393369657779, "Extrap2100": 5.785190409694617, "Dist_2040": -3.4876944599186572, "Rate_2040": -0.34881003389289161, "Dist_2050": -4.0311985925849854, "Rate_2050": -0.40305640622836614, "Dist_2060": -4.53373938571292, "Rate_2060": -0.45342669977717726, "Dist_2070": -5.0830074018892901, "Rate_2070": -0.5082207311756225, "Dist_2080": -5.4060007903693759, "Rate_2080": -0.54066299114909278, "Dist_2090": -5.7312706573414971, "Rate_2090": -0.57303685274132266, "Dist_2100": -5.938759581289105, "Rate_2100": -0.59394507019961285, "RSL_2050": 0.18573485314846039, "RSL_2100": 0.55779761075973511 }, "geometry": { "type": "LineString", "coordinates": [ [ -2.443999601937098, 56.740890141553919 ], [ -2.443299371679515, 56.740756644105552 ] ] } },
{ "type": "Feature", "properties": { "Cell": "None", "SubCell": "None", "CMU": "None", "LineID": 0, "TransectID": 149, "Hist_Rate": -0.065067580500174832, "LatestYr": "2024-09-05 00:00:00", "LatestSrc": "montrose_MHWS_Modern_LiDAR.shp", "FirstEYr": null, "Extrap2050": 1.5311293329631188, "Extrap2100": 4.5543192863172628, "Dist_2040": -3.2997713744949237, "Rate_2040": -0.33001553840333031, "Dist_2050": -3.8383308932171758, "Rate_2050": -0.38377267212315203, "Dist_2060": -4.3363822026828416, "Rate_2060": -0.43368868473805799, "Dist_2070": -4.8806536214502216, "Rate_2070": -0.48798853827882088, "Dist_2080": -5.20077683314355, "Rate_2080": -0.52013820714113723, "Dist_2090": -5.5230703031312487, "Rate_2090": -0.55222009449532306, "Dist_2100": -5.72873076500764, "Rate_2100": -0.57293974436974349, "RSL_2050": 0.18573485314846039, "RSL_2100": 0.55779761075973511 }, "geometry": { "type": "LineString", "coordinates": [ [ -2.444037161980794, 56.740788882957567 ], [ -2.443355516335409, 56.740660049322258 ] ] } },
{ "type": "Feature", "properties": { "Cell": "None", "SubCell": "None", "CMU": "None", "LineID": 0, "TransectID": 150, "Hist_Rate": 0.0067397355293690306, "LatestYr": "2024-09-05 00:00:00", "LatestSrc": "montrose_MHWS_Modern_LiDAR.shp", "FirstEYr": null, "Extrap2050": -0.043729877383985254, "Extrap2100": -0.1300738087048133, "Dist_2040": -2.6702070531101754, "Rate_2040": -0.2670517797359237, "Dist_2050": -3.2070530191828652, "Rate_2050": -0.32065482134106149, "Dist_2060": -3.7038464885997655, "Rate_2060": -0.37042775222135815, "Dist_2070": -4.2463879818438386, "Rate_2070": -0.42457195796840907, "Dist_2080": -4.5657633754140079, "Rate_2080": -0.45662947142515081, "Dist_2090": -4.8869632084818022, "Rate_2090": -0.4886193976660046, "Dist_2100": -5.0922039539390198, "Rate_2100": -0.50927965570826195, "RSL_2050": 0.18573485314846039, "RSL_2100": 0.55779761075973511 }, "geometry": { "type": "LineString", "coordinates": [ [ -2.444110823937453, 56.740692110825023 ], [ -2.443412796644512, 56.740561528692638 ] ] } },
{ "type": "Feature", "properties": { "Cell": "None", "SubCell": "None", "CMU": "None", "LineID": 0, "TransectID": 151, "Hist_Rate": 0.044899887323269841, "LatestYr": "2024-09-05 00:00:00", "LatestSrc": "montrose_MHWS_Modern_LiDAR.shp", "FirstEYr": null, "Extrap2050": -1.2030226993661983, "Extrap2100": -3.5783714436440137, "Dist_2040": -2.1319659982829648, "Rate_2040": -0.21322141049503446, "Dist_2050": -2.6526078667560569, "Rate_2050": -0.26521903333524477, "Dist_2060": -3.1346477847993128, "Rate_2060": -0.31350125781477628, "Dist_2070": -3.660814598590207, "Rate_2070": -0.36602383685343109, "Dist_2080": -3.9707501375410743, "Rate_2080": -0.39712122319574095, "Dist_2090": -4.2822045055448257, "Rate_2090": -0.42815304656897235, "Dist_2100": -4.4814237454227168, "Rate_2100": -0.44819452692704181, "RSL_2050": 0.18573485314846039, "RSL_2100": 0.55779761075973511 }, "geometry": { "type": "LineString", "coordinates": [ [ -2.44414764800463, 56.740587138598691 ], [ -2.443470667383074, 56.740461909039837 ] ] } },
{ "type": "Feature", "properties": { "Cell": "None", "SubCell": "None", "CMU": "None", "LineID": 0, "TransectID": 152, "Hist_Rate": 0.092476696750761769, "LatestYr": "2024-09-05 00:00:00", "LatestSrc": "montrose_MHWS_Modern_LiDAR.shp", "FirstEYr": null, "Extrap2050": -2.3891875199043016, "Extrap2100": -7.1065994010257585, "Dist_2040": -1.6157736475653905, "Rate_2040": -0.16159616825599732, "Dist_2050": -2.1267325270958395, "Rate_2050": -0.21263977690331295, "Dist_2060": -2.6000589651079622, "Rate_2060": -0.26003615459020946, "Dist_2070": -3.116441422317564, "Rate_2070": -0.31159508792521845, "Dist_2080": -3.4208211259784207, "Rate_2080": -0.34212192226319094, "Dist_2090": -3.7264305236550967, "Rate_2090": -0.37258439653328679, "Dist_2100": -3.9221252695798512, "Rate_2100": -0.3922581705297149, "RSL_2050": 0.18573485314846039, "RSL_2100": 0.55779761075973511 }, "geometry": { "type": "LineString", "coordinates": [ [ -2.444178639987063, 56.740480602441714 ], [ -2.443528743595445, 56.740361786731484 ] ] } },
{ "type": "Feature", "properties": { "Cell": "None", "SubCell": "None", "CMU": "None", "LineID": 0, "TransectID": 153, "Hist_Rate": 0.073407027362757601, "LatestYr": "2024-09-05 00:00:00", "LatestSrc": "montrose_MHWS_Modern_LiDAR.shp", "FirstEYr": null, "Extrap2050": -2.4159601071128312, "Extrap2100": -7.1862340260332038, "Dist_2040": -1.5819997991885657, "Rate_2040": -0.15821839037654153, "Dist_2050": -2.0883208252056988, "Rate_2050": -0.20879921133320353, "Dist_2060": -2.557361078225199, "Rate_2060": -0.2557658690070283, "Dist_2070": -3.0690565089680604, "Rate_2070": -0.30685734245189344, "Dist_2080": -3.370681785893737, "Rate_2080": -0.33710740476021173, "Dist_2090": -3.6735151344043402, "Rate_2090": -0.3672936905222221, "Dist_2100": -3.8674408474942084, "Rate_2100": -0.38678909193343469, "RSL_2050": 0.18573485314846039, "RSL_2100": 0.55779761075973511 }, "geometry": { "type": "LineString", "coordinates": [ [ -2.444239862157132, 56.740379403265351 ], [ -2.443586844826839, 56.740261444746537 ] ] } },
{ "type": "Feature", "properties": { "Cell": "None", "SubCell": "None", "CMU": "None", "LineID": 0, "TransectID": 154, "Hist_Rate": 0.070130097774311437, "LatestYr": "2024-09-05 00:00:00", "LatestSrc": "montrose_MHWS_Modern_LiDAR.shp", "FirstEYr": null, "Extrap2050": -1.4554801630455225, "Extrap2100": -4.3293020613628901, "Dist_2040": -1.9569679703105294, "Rate_2040": -0.19571957116542812, "Dist_2050": -2.4625377303117943, "Rate_2050": -0.24621501148738176, "Dist_2060": -2.9306828354793311, "Rate_2060": -0.29310238924905796, "Dist_2070": -3.4416179281888617, "Rate_2070": -0.34410762007569679, "Dist_2080": -3.7426306544336967, "Rate_2080": -0.37430662015388816, "Dist_2090": -4.0450562249686755, "Rate_2090": -0.40444195134084904, "Dist_2100": -4.23855118468623, "Rate_2100": -0.42390444443394315, "RSL_2050": 0.18573485314846039, "RSL_2100": 0.55779761075973511 }, "geometry": { "type": "LineString", "coordinates": [ [ -2.444264584636322, 56.740271497342462 ], [ -2.4436449369754, 56.740160932716414 ] ] } },
{ "type": "Feature", "properties": { "Cell": "None", "SubCell": "None", "CMU": "None", "LineID": 0, "TransectID": 155, "Hist_Rate": -0.018592884365464704, "LatestYr": "2024-09-05 00:00:00", "LatestSrc": "montrose_MHWS_Modern_LiDAR.shp", "FirstEYr": null, "Extrap2050": 0.36769059798823911, "Extrap2100": 1.0936897006437936, "Dist_2040": -2.6945868411750666, "Rate_2040": -0.26949004226119505, "Dist_2050": -3.2038961757132824, "Rate_2050": -0.32033918668435768, "Dist_2060": -3.6751222616062478, "Rate_2060": -0.36755499524499452, "Dist_2070": -4.1898345112596189, "Rate_2070": -0.41891750108917092, "Dist_2080": -4.4927575103899358, "Rate_2080": -0.449328035319988, "Dist_2090": -4.7974996966264598, "Rate_2090": -0.4796744546797399, "Dist_2100": -4.9921518023187446, "Rate_2100": -0.49927327619342937, "RSL_2050": 0.18573485314846039, "RSL_2100": 0.55779761075973511 }, "geometry": { "type": "LineString", "coordinates": [ [ -2.444375148280137, 56.740178704099741 ], [ -2.443703007599086, 56.740060265775533 ] ] } },
{ "type": "Feature", "properties": { "Cell": "None", "SubCell": "None", "CMU": "None", "LineID": 0, "TransectID": 156, "Hist_Rate": -0.013085422211835269, "LatestYr": "2024-09-05 00:00:00", "LatestSrc": "montrose_MHWS_Modern_LiDAR.shp", "FirstEYr": null, "Extrap2050": 0.22803604966671745, "Extrap2100": 0.67828951912434465, "Dist_2040": -2.6698449644876519, "Rate_2040": -0.26701556665987985, "Dist_2050": -3.1852121555120334, "Rate_2050": -0.3184710787598149, "Dist_2060": -3.6620731083977489, "Rate_2060": -0.36624992806516016, "Dist_2070": -4.1829076434106014, "Rate_2070": -0.41822492333654437, "Dist_2080": -4.4894585229289987, "Rate_2080": -0.44899809818206321, "Dist_2090": -4.7978191360828077, "Rate_2090": -0.47970639359724199, "Dist_2100": -4.9948080095819023, "Rate_2100": -0.49953892783124809, "RSL_2050": 0.18573485314846039, "RSL_2100": 0.55779761075973511 }, "geometry": { "type": "LineString", "coordinates": [ [ -2.444400461530773, 56.740070936766571 ], [ -2.443760931977149, 56.739959654818271 ] ] } },
{ "type": "Feature", "properties": { "Cell": "None", "SubCell": "None", "CMU": "None", "LineID": 0, "TransectID": 157, "Hist_Rate": 0.07554086925588295, "LatestYr": "2024-09-05 00:00:00", "LatestSrc": "montrose_MHWS_Modern_LiDAR.shp", "FirstEYr": null, "Extrap2050": -1.1389773784977655, "Extrap2100": -3.3878696788682046, "Dist_2040": -2.0786120293765862, "Rate_2040": -0.20788539269977485, "Dist_2050": -2.5835511727563585, "Rate_2050": -0.2583144509212878, "Dist_2060": -3.0510468336611325, "Rate_2060": -0.30514018979832319, "Dist_2070": -3.5613442563982858, "Rate_2070": -0.35607836834589407, "Dist_2080": -3.8619272532358195, "Rate_2080": -0.38623766834336909, "Dist_2090": -4.1639892636973173, "Rate_2090": -0.41633338314973101, "Dist_2100": -4.3571958385552989, "Rate_2100": -0.43577029054313632, "RSL_2050": 0.18573485314846039, "RSL_2100": 0.55779761075973511 }, "geometry": { "type": "LineString", "coordinates": [ [ -2.444444168635091, 56.739967243846202 ], [ -2.443818386647279, 56.739859671353138 ] ] } },
{ "type": "Feature", "properties": { "Cell": "None", "SubCell": "None", "CMU": "None", "LineID": 0, "TransectID": 158, "Hist_Rate": 0.013287037846299981, "LatestYr": "2024-09-05 00:00:00", "LatestSrc": "montrose_MHWS_Modern_LiDAR.shp", "FirstEYr": null, "Extrap2050": -0.3334824379973052, "Extrap2100": -0.99193808538694594, "Dist_2040": -2.3950966084395304, "Rate_2040": -0.23953753368235906, "Dist_2050": -2.8998096344334954, "Rate_2050": -0.28993531902671121, "Dist_2060": -3.3669283708420039, "Rate_2060": -0.33673201957482496, "Dist_2070": -3.8769963533311511, "Rate_2070": -0.38763860952136681, "Dist_2080": -4.1773059342332317, "Rate_2080": -0.41777920664955676, "Dist_2090": -4.4792676387335177, "Rate_2090": -0.44785625801810208, "Dist_2100": -4.6722673856467054, "Rate_2100": -0.46728111188446519, "RSL_2050": 0.18573485314846039, "RSL_2100": 0.55779761075973511 }, "geometry": { "type": "LineString", "coordinates": [ [ -2.444475666228981, 56.739863437144777 ], [ -2.44387484516247, 56.739761276274415 ] ] } },
{ "type": "Feature", "properties": { "Cell": "None", "SubCell": "None", "CMU": "None", "LineID": 0, "TransectID": 159, "Hist_Rate": 0.0048725402634672227, "LatestYr": "2024-09-05 00:00:00", "LatestSrc": "montrose_MHWS_Modern_LiDAR.shp", "FirstEYr": null, "Extrap2050": -0.31466139516766539, "Extrap2100": -0.93595519974674468, "Dist_2040": -2.3458275183060664, "Rate_2040": -0.23461005130199986, "Dist_2050": -2.8392160394856205, "Rate_2050": -0.28387691330463366, "Dist_2060": -3.2958514330658204, "Rate_2060": -0.32962349864226259, "Dist_2070": -3.7944747458314509, "Rate_2070": -0.37938774770170924, "Dist_2080": -4.0880441715528946, "Rate_2080": -0.4088519916014261, "Dist_2090": -4.3832310989793086, "Rate_2090": -0.4382541157046127, "Dist_2100": -4.5718987170810124, "Rate_2100": -0.45724307699163791, "RSL_2050": 0.18573485314846039, "RSL_2100": 0.55779761075973511 }, "geometry": { "type": "LineString", "coordinates": [ [ -2.444525430573208, 56.739766131684178 ], [ -2.44392965657167, 56.739665692607247 ] ] } },
{ "type": "Feature", "properties": { "Cell": "None", "SubCell": "None", "CMU": "None", "LineID": 0, "TransectID": 160, "Hist_Rate": 0.072411672220920015, "LatestYr": "2024-09-05 00:00:00", "LatestSrc": "montrose_MHWS_Modern_LiDAR.shp", "FirstEYr": null, "Extrap2050": -1.9248368772364755, "Extrap2100": -5.7253959703376225, "Dist_2040": -1.7155095423727289, "Rate_2040": -0.17157091840911048, "Dist_2050": -2.209815750832945, "Rate_2050": -0.22094679150659785, "Dist_2060": -2.6676355424465328, "Rate_2060": -0.2667945987437097, "Dist_2070": -3.1671881253365655, "Rate_2070": -0.31666895944928569, "Dist_2080": -3.4615811386202608, "Rate_2080": -0.34619839787034795, "Dist_2090": -3.7572471994625971, "Rate_2090": -0.37566557904454356, "Dist_2100": -3.9465062924967924, "Rate_2100": -0.39469655655456182, "RSL_2050": 0.18573485314846039, "RSL_2100": 0.55779761075973511 }, "geometry": { "type": "LineString", "coordinates": [ [ -2.444602658877727, 56.739678232190151 ], [ -2.443982176215076, 56.739574158800927 ] ] } },
{ "type": "Feature", "properties": { "Cell": "None", "SubCell": "None", "CMU": "None", "LineID": 0, "TransectID": 161, "Hist_Rate": 0.029839094423129688, "LatestYr": "2024-09-05 00:00:00", "LatestSrc": "montrose_MHWS_Modern_LiDAR.shp", "FirstEYr": null, "Extrap2050": -0.69071539311305896, "Extrap2100": -2.054521697473604, "Dist_2040": -2.1908036901817241, "Rate_2040": -0.21910586440613317, "Dist_2050": -2.6828456009722004, "Rate_2050": -0.26824233080018861, "Dist_2060": -3.1383131572682714, "Rate_2060": -0.31386783771729371, "Dist_2070": -3.6355760046151886, "Rate_2070": -0.36350037472369645, "Dist_2080": -3.9284091830756438, "Rate_2080": -0.39288663500807935, "Dist_2090": -4.2227740843142101, "Rate_2090": -0.42221093990969966, "Dist_2100": -4.410983100908652, "Rate_2100": -0.44114964272552804, "RSL_2050": 0.18573485314846039, "RSL_2100": 0.55779761075973511 }, "geometry": { "type": "LineString", "coordinates": [ [ -2.444663430077406, 56.739593488672149 ], [ -2.444031904076365, 56.739487641527731 ] ] } },
{ "type": "Feature", "properties": { "Cell": "None", "SubCell": "None", "CMU": "None", "LineID": 0, "TransectID": 162, "Hist_Rate": -0.047081013566726296, "LatestYr": "2024-09-05 00:00:00", "LatestSrc": "montrose_MHWS_Modern_LiDAR.shp", "FirstEYr": null, "Extrap2050": 0.78147996047794099, "Extrap2100": 2.3244994261767364, "Dist_2040": -2.7316862955660781, "Rate_2040": -0.27320041944367285, "Dist_2050": -3.2158132909918891, "Rate_2050": -0.32153071063101701, "Dist_2060": -3.6636501059022635, "Rate_2060": -0.36640764616785526, "Dist_2070": -4.1529123787007052, "Rate_2070": -0.41522586900563713, "Dist_2080": -4.4407831355142662, "Rate_2080": -0.44412999298276817, "Dist_2090": -4.7304763807375139, "Rate_2090": -0.47297317807049588, "Dist_2100": -4.9154395298355666, "Rate_2100": -0.49160115620919143, "RSL_2050": 0.18573485314846039, "RSL_2100": 0.55779761075973511 }, "geometry": { "type": "LineString", "coordinates": [ [ -2.444785745373723, 56.739525599628507 ], [ -2.444078590627225, 56.739406600640557 ] ] } },
{ "type": "Feature", "properties": { "Cell": "None", "SubCell": "None", "CMU": "None", "LineID": 0, "TransectID": 163, "Hist_Rate": 0.0086891085791744437, "LatestYr": "2024-09-05 00:00:00", "LatestSrc": "montrose_MHWS_Modern_LiDAR.shp", "FirstEYr": null, "Extrap2050": -0.43394439522560657, "Extrap2100": -1.2907605424426059, "Dist_2040": -2.3439094954171082, "Rate_2040": -0.23441822669219145, "Dist_2050": -2.8463105487147686, "Rate_2050": -0.28458625255651626, "Dist_2060": -3.3113107543981641, "Rate_2060": -0.331169610682714, "Dist_2070": -3.8190423513719907, "Rate_2070": -0.38184412154968089, "Dist_2080": -4.1179938711720752, "Rate_2080": -0.41184731010174336, "Dist_2090": -4.4185679300647962, "Rate_2090": -0.44178724259422159, "Dist_2100": -4.610698832842445, "Rate_2100": -0.4611235401025347, "RSL_2050": 0.18573485314846039, "RSL_2100": 0.55779761075973511 }, "geometry": { "type": "LineString", "coordinates": [ [ -2.444802715168212, 56.73944636859845 ], [ -2.444122285869078, 56.739330879768289 ] ] } },
{ "type": "Feature", "properties": { "Cell": "None", "SubCell": "None", "CMU": "None", "LineID": 0, "TransectID": 164, "Hist_Rate": 0.031584981248238747, "LatestYr": "2024-09-05 00:00:00", "LatestSrc": "montrose_MHWS_Modern_LiDAR.shp", "FirstEYr": null, "Extrap2050": -0.31654457612359754, "Extrap2100": -0.94155669085698901, "Dist_2040": -2.6001297951041238, "Rate_2040": -0.26004323841410676, "Dist_2050": -3.144466158391765, "Rate_2050": -0.31439712040963708, "Dist_2060": -3.6482478537096199, "Rate_2060": -0.36486724170551366, "Dist_2070": -4.1983595238178282, "Rate_2070": -0.41976986815714018, "Dist_2080": -4.5222379735420191, "Rate_2080": -0.45227642471287538, "Dist_2090": -4.8479075575735351, "Rate_2090": -0.48471444733015384, "Dist_2100": -5.0560526270759283, "Rate_2100": -0.50566410231237124, "RSL_2050": 0.18573485314846039, "RSL_2100": 0.55779761075973511 }, "geometry": { "type": "LineString", "coordinates": [ [ -2.444831666116736, 56.739374610253186 ], [ -2.444163324333717, 56.739259751890444 ] ] } },
{ "type": "Feature", "properties": { "Cell": "None", "SubCell": "None", "CMU": "None", "LineID": 0, "TransectID": 165, "Hist_Rate": -0.10296824292916705, "LatestYr": "2024-09-05 00:00:00", "LatestSrc": "montrose_MHWS_Modern_LiDAR.shp", "FirstEYr": null, "Extrap2050": 2.799423166538435, "Extrap2100": 8.3268386565724821, "Dist_2040": -3.9124526327304352, "Rate_2040": -0.39129079427985924, "Dist_2050": -4.4735006630756402, "Rate_2050": -0.44727965122732127, "Dist_2060": -4.9920982788709125, "Rate_2060": -0.49926792322576924, "Dist_2070": -5.5590953383475608, "Rate_2070": -0.55582203096534599, "Dist_2080": -5.8923781852225829, "Rate_2080": -0.58930639083136893, "Dist_2090": -6.2281818986310782, "Rate_2090": -0.62272015524521263, "Dist_2100": -6.4422500835281653, "Rate_2100": -0.64429997977355857, "RSL_2050": 0.18573485314846039, "RSL_2100": 0.55779761075973511 }, "geometry": { "type": "LineString", "coordinates": [ [ -2.444922401955793, 56.739317762703187 ], [ -2.444202253156994, 56.739192097047507 ] ] } },
{ "type": "Feature", "properties": { "Cell": "None", "SubCell": "None", "CMU": "None", "LineID": 0, "TransectID": 166, "Hist_Rate": -0.17447485404645599, "LatestYr": "2024-09-05 00:00:00", "LatestSrc": "montrose_MHWS_Modern_LiDAR.shp", "FirstEYr": null, "Extrap2050": 4.3345923339503436, "Extrap2100": 12.893174364721364, "Dist_2040": -4.4208925334124274, "Rate_2040": -0.44214070129651933, "Dist_2050": -4.9625845648365612, "Rate_2050": -0.49618034298448338, "Dist_2060": -5.4629510259111953, "Rate_2060": -0.54635867745930167, "Dist_2070": -6.0103849749272058, "Rate_2070": -0.6009438911045305, "Dist_2080": -6.3318882789751569, "Rate_2080": -0.63326251498729025, "Dist_2090": -6.6561777263291333, "Rate_2090": -0.66551300115214029, "Dist_2100": -6.8626167485097085, "Rate_2100": -0.68634153827151079, "RSL_2050": 0.18573485314846039, "RSL_2100": 0.55779761075973511 }, "geometry": { "type": "LineString", "coordinates": [ [ -2.445017759568718, 56.739264735091695 ], [ -2.444239722897207, 56.739126648426932 ] ] } },
{ "type": "Feature", "properties": { "Cell": "None", "SubCell": "None", "CMU": "None", "LineID": 0, "TransectID": 167, "Hist_Rate": -0.23906587534118556, "LatestYr": "2024-09-05 00:00:00", "LatestSrc": "montrose_MHWS_Modern_LiDAR.shp", "FirstEYr": null, "Extrap2050": 6.1595136164307149, "Extrap2100": 18.321373024286451, "Dist_2040": -4.9971059073341166, "Rate_2040": -0.49976874434816021, "Dist_2050": -5.5101572122975995, "Rate_2050": -0.55092898867030005, "Dist_2060": -5.9836403366711011, "Rate_2060": -0.59843366803575981, "Dist_2070": -6.5021276122979543, "Rate_2070": -0.65011041457288143, "Dist_2080": -6.8062779556260011, "Rate_2080": -0.68070700334275192, "Dist_2090": -7.1135105510296626, "Rate_2090": -0.71123908498068755, "Dist_2100": -7.3087275893021797, "Rate_2100": -0.73095781394734427, "RSL_2050": 0.18573485314846039, "RSL_2100": 0.55779761075973511 }, "geometry": { "type": "LineString", "coordinates": [ [ -2.444944760451932, 56.739182959031382 ], [ -2.444276371224905, 56.739062227182636 ] ] } },
{ "type": "Feature", "properties": { "Cell": "None", "SubCell": "None", "CMU": "None", "LineID": 0, "TransectID": 168, "Hist_Rate": -0.35266541346454428, "LatestYr": "2024-09-05 00:00:00", "LatestSrc": "montrose_MHWS_Modern_LiDAR.shp", "FirstEYr": null, "Extrap2050": 8.7541570737147989, "Extrap2100": 26.039097767863314, "Dist_2040": -6.042235007341958, "Rate_2040": -0.60429381699591866, "Dist_2050": -6.5596869126447359, "Rate_2050": -0.65586543859612512, "Dist_2060": -7.0367021167047596, "Rate_2060": -0.70375210100233798, "Dist_2070": -7.5596337030722225, "Rate_2070": -0.75584437798914761, "Dist_2080": -7.8659545286302546, "Rate_2080": -0.78668699258577102, "Dist_2090": -8.175932745167529, "Rate_2090": -0.81746458135145128, "Dist_2100": -8.3724443377474245, "Rate_2100": -0.83734186775183839, "RSL_2050": 0.18573485314846039, "RSL_2100": 0.55779761075973511 }, "geometry": { "type": "LineString", "coordinates": [ [ -2.444977477380043, 56.739120087051134 ], [ -2.444312733367535, 56.738997898810432 ] ] } },
{ "type": "Feature", "properties": { "Cell": "None", "SubCell": "None", "CMU": "None", "LineID": 0, "TransectID": 169, "Hist_Rate": -0.29371677303255045, "LatestYr": "2024-09-05 00:00:00", "LatestSrc": "montrose_MHWS_Modern_LiDAR.shp", "FirstEYr": null, "Extrap2050": 7.5893255453151234, "Extrap2100": 22.574325340811367, "Dist_2040": -5.6265975124873648, "Rate_2040": -0.56272523054618462, "Dist_2050": -6.152772920842267, "Rate_2050": -0.61518044444038644, "Dist_2060": -6.638103129602996, "Rate_2060": -0.66388756361282097, "Dist_2070": -7.1698521040666492, "Rate_2070": -0.71687235344088784, "Dist_2080": -7.4815633755700901, "Rate_2080": -0.74824340394349909, "Dist_2090": -7.7967103852839728, "Rate_2090": -0.77954831450782414, "Dist_2100": -7.9967310287889859, "Rate_2100": -0.79976616450779336, "RSL_2050": 0.18573485314846039, "RSL_2100": 0.55779761075973511 }, "geometry": { "type": "LineString", "coordinates": [ [ -2.445039421636762, 56.73906203930072 ], [ -2.444349205324095, 56.738933017305612 ] ] } },
{ "type": "Feature", "properties": { "Cell": "None", "SubCell": "None", "CMU": "None", "LineID": 0, "TransectID": 170, "Hist_Rate": -0.30863363905632624, "LatestYr": "2024-09-05 00:00:00", "LatestSrc": "montrose_MHWS_Modern_LiDAR.shp", "FirstEYr": null, "Extrap2050": 7.7865304331399567, "Extrap2100": 23.160908070722602, "Dist_2040": -5.7126317793239423, "Rate_2040": -0.57132965845008898, "Dist_2050": -6.2404599974505004, "Rate_2050": -0.62394777186389661, "Dist_2060": -6.7272786242962184, "Rate_2060": -0.67280615085829998, "Dist_2070": -7.2606977172255256, "Rate_2070": -0.72595548480255789, "Dist_2080": -7.5733582336913514, "Rate_2080": -0.75742395801451634, "Dist_2090": -7.8895027050767794, "Rate_2090": -0.7888260858907763, "Dist_2100": -8.0901257386123007, "Rate_2100": -0.80910672236722436, "RSL_2050": 0.18573485314846039, "RSL_2100": 0.55779761075973511 }, "geometry": { "type": "LineString", "coordinates": [ [ -2.445062751910157, 56.738995679484205 ], [ -2.444386067121448, 56.738867163701187 ] ] } },
{ "type": "Feature", "properties": { "Cell": "None", "SubCell": "None", "CMU": "None", "LineID": 0, "TransectID": 171, "Hist_Rate": -0.23464830574466375, "LatestYr": "2024-09-05 00:00:00", "LatestSrc": "montrose_MHWS_Modern_LiDAR.shp", "FirstEYr": null, "Extrap2050": 6.0552522824816375, "Extrap2100": 18.011249382998415, "Dist_2040": -5.0633002988735711, "Rate_2040": -0.50638895383661842, "Dist_2050": -5.5977870688291773, "Rate_2050": -0.5596905949868165, "Dist_2060": -6.0911277620053283, "Rate_2060": -0.60918366144967995, "Dist_2070": -6.6312780341870621, "Rate_2070": -0.66302342387122037, "Dist_2080": -6.9481982420853683, "Rate_2080": -0.69490068358019308, "Dist_2090": -7.2682514192326835, "Rate_2090": -0.72671073610432346, "Dist_2100": -7.4716787380270944, "Rate_2100": -0.74725482515713615, "RSL_2050": 0.18573485314846039, "RSL_2100": 0.55779761075973511 }, "geometry": { "type": "LineString", "coordinates": [ [ -2.445125786248443, 56.738935361675097 ], [ -2.44442355125856, 56.73880001861798 ] ] } },
{ "type": "Feature", "properties": { "Cell": "None", "SubCell": "None", "CMU": "None", "LineID": 0, "TransectID": 172, "Hist_Rate": -0.2129676872281123, "LatestYr": "2024-09-05 00:00:00", "LatestSrc": "montrose_MHWS_Modern_LiDAR.shp", "FirstEYr": null, "Extrap2050": 5.6238296522522804, "Extrap2100": 16.727989789502917, "Dist_2040": -4.8955380396218402, "Rate_2040": -0.48961077558504384, "Dist_2050": -5.4304948394149619, "Rate_2050": -0.5429640053066026, "Dist_2060": -5.9243602967089828, "Rate_2060": -0.59250497417051773, "Dist_2070": -6.4649860802102239, "Rate_2070": -0.64639684598992142, "Dist_2080": -6.78226030174676, "Rate_2080": -0.6783049584503672, "Dist_2090": -7.1025759668534647, "Rate_2090": -0.71014579867875083, "Dist_2100": -7.3062474539627829, "Rate_2100": -0.73070977155093153, "RSL_2050": 0.18573485314846039, "RSL_2100": 0.55779761075973511 }, "geometry": { "type": "LineString", "coordinates": [ [ -2.445158431292052, 56.73886725855445 ], [ -2.444461925640043, 56.738731224308147 ] ] } },
{ "type": "Feature", "properties": { "Cell": "None", "SubCell": "None", "CMU": "None", "LineID": 0, "TransectID": 173, "Hist_Rate": -0.17916855343070942, "LatestYr": "2024-09-05 00:00:00", "LatestSrc": "montrose_MHWS_Modern_LiDAR.shp", "FirstEYr": null, "Extrap2050": 4.6231671300702679, "Extrap2100": 13.75153540008251, "Dist_2040": -4.507954647643885, "Rate_2040": -0.45084792590144351, "Dist_2050": -5.044307791896415, "Rate_2050": -0.50435137932705354, "Dist_2060": -5.539673702002176, "Rate_2060": -0.55403183792539157, "Dist_2070": -6.081711791803059, "Rate_2070": -0.6080754500732628, "Dist_2080": -6.3999892480884455, "Rate_2080": -0.64007340442085003, "Dist_2090": -6.7210969046197988, "Rate_2090": -0.67200389712170738, "Dist_2100": -6.9254517616141129, "Rate_2100": -0.69262577082183541, "RSL_2050": 0.18573485314846039, "RSL_2100": 0.55779761075973511 }, "geometry": { "type": "LineString", "coordinates": [ [ -2.445202038114342, 56.73879868458922 ], [ -2.444501556590857, 56.738660287733062 ] ] } },
{ "type": "Feature", "properties": { "Cell": "None", "SubCell": "None", "CMU": "None", "LineID": 0, "TransectID": 174, "Hist_Rate": -0.11540555378291975, "LatestYr": "2024-09-05 00:00:00", "LatestSrc": "montrose_MHWS_Modern_LiDAR.shp", "FirstEYr": null, "Extrap2050": 2.7734615284013637, "Extrap2100": 8.2496161863823012, "Dist_2040": -3.717958363517937, "Rate_2040": -0.37183910393954001, "Dist_2050": -4.242199098571291, "Rate_2050": -0.42415313557621814, "Dist_2060": -4.7267415315973267, "Rate_2060": -0.47272916042016339, "Dist_2070": -5.2565408316073103, "Rate_2070": -0.52557134264668304, "Dist_2080": -5.5679316195989941, "Rate_2080": -0.55685795853542874, "Dist_2090": -5.8817119351217571, "Rate_2090": -0.58807861250033078, "Dist_2100": -6.0817127084161484, "Rate_2100": -0.60824204652346248, "RSL_2050": 0.18573485314846039, "RSL_2100": 0.55779761075973511 }, "geometry": { "type": "LineString", "coordinates": [ [ -2.445248660828461, 56.738727294434618 ], [ -2.444542925874814, 56.738586556734077 ] ] } },
{ "type": "Feature", "properties": { "Cell": "None", "SubCell": "None", "CMU": "None", "LineID": 0, "TransectID": 175, "Hist_Rate": -0.10157586331423592, "LatestYr": "2024-09-05 00:00:00", "LatestSrc": "montrose_MHWS_Modern_LiDAR.shp", "FirstEYr": null, "Extrap2050": 2.4222611267021272, "Extrap2100": 7.2049763062711891, "Dist_2040": -3.5406878081636819, "Rate_2040": -0.35410998542530769, "Dist_2050": -4.0571802524120812, "Rate_2050": -0.40565416324708997, "Dist_2060": -4.5346257130115077, "Rate_2060": -0.45351534282163353, "Dist_2070": -5.0565949223188795, "Rate_2070": -0.50557989896387989, "Dist_2080": -5.3634368392310989, "Rate_2080": -0.53640610069903194, "Dist_2090": -5.6725660015961239, "Rate_2090": -0.56716731120667185, "Dist_2100": -5.869657120385682, "Rate_2100": -0.58703401993222004, "RSL_2050": 0.18573485314846039, "RSL_2100": 0.55779761075973511 }, "geometry": { "type": "LineString", "coordinates": [ [ -2.44530333220835, 56.73865314368912 ], [ -2.444586591601419, 56.738509275111831 ] ] } },
{ "type": "Feature", "properties": { "Cell": "None", "SubCell": "None", "CMU": "None", "LineID": 0, "TransectID": 176, "Hist_Rate": -0.0093438984256256075, "LatestYr": "2024-09-05 00:00:00", "LatestSrc": "montrose_MHWS_Modern_LiDAR.shp", "FirstEYr": null, "Extrap2050": 0.80515479487843233, "Extrap2100": 2.3949198358633961, "Dist_2040": -2.8437674402508151, "Rate_2040": -0.28440983825186428, "Dist_2050": -3.3484189845023025, "Rate_2050": -0.33478919270382762, "Dist_2060": -3.8152437956348422, "Rate_2060": -0.38156877930645094, "Dist_2070": -4.3252483380291551, "Rate_2070": -0.43245675228650798, "Dist_2080": -4.6253249971609876, "Rate_2080": -0.46258632674577549, "Dist_2090": -4.9272993677760724, "Rate_2090": -0.49265237868462969, "Dist_2100": -5.1201054370244492, "Rate_2100": -0.51207012871916824, "RSL_2050": 0.18573485314846039, "RSL_2100": 0.55779761075973511 }, "geometry": { "type": "LineString", "coordinates": [ [ -2.445373503831916, 56.73857679525122 ], [ -2.444633100670562, 56.738427699038255 ] ] } },
{ "type": "Feature", "properties": { "Cell": "None", "SubCell": "None", "CMU": "None", "LineID": 0, "TransectID": 177, "Hist_Rate": -0.020877416903990951, "LatestYr": "2024-09-05 00:00:00", "LatestSrc": "montrose_MHWS_Modern_LiDAR.shp", "FirstEYr": null, "Extrap2050": 0.74612963614883954, "Extrap2100": 2.2193504616813411, "Dist_2040": -2.8327706672275781, "Rate_2040": -0.2833100329750462, "Dist_2050": -3.3398747829914441, "Rate_2050": -0.3339349070426369, "Dist_2060": -3.8089814322513575, "Rate_2060": -0.38094247009010584, "Dist_2070": -4.3214646335516704, "Rate_2070": -0.43207844139611168, "Dist_2080": -4.6230104974885649, "Rate_2080": -0.46235484984363834, "Dist_2090": -4.926449709179451, "Rate_2090": -0.49256742619900784, "Dist_2100": -5.120202208888486, "Rate_2100": -0.51207980703175049, "RSL_2050": 0.18573485314846039, "RSL_2100": 0.55779761075973511 }, "geometry": { "type": "LineString", "coordinates": [ [ -2.445411030785556, 56.738487793549034 ], [ -2.444682874702589, 56.738341243453092 ] ] } },
{ "type": "Feature", "properties": { "Cell": "None", "SubCell": "None", "CMU": "None", "LineID": 0, "TransectID": 178, "Hist_Rate": -0.058035039334997159, "LatestYr": "2024-09-05 00:00:00", "LatestSrc": "montrose_MHWS_Modern_LiDAR.shp", "FirstEYr": null, "Extrap2050": 1.5869516147662301, "Extrap2100": 4.7203617551988062, "Dist_2040": -3.1508383929047454, "Rate_2040": -0.31512050704285638, "Dist_2050": -3.6552500029181374, "Rate_2050": -0.36546746487567144, "Dist_2060": -4.1216900370384906, "Rate_2060": -0.41221696970236332, "Dist_2070": -4.6314512029305774, "Rate_2070": -0.46307221899435302, "Dist_2080": -4.9312503130296363, "Rate_2080": -0.49318241852593842, "Dist_2090": -5.2331150816681884, "Rate_2090": -0.52322913638548951, "Dist_2100": -5.4257125826097763, "Rate_2100": -0.54263439976830541, "RSL_2050": 0.18573485314846039, "RSL_2100": 0.55779761075973511 }, "geometry": { "type": "LineString", "coordinates": [ [ -2.445466856085718, 56.738396032844655 ], [ -2.444736098517391, 56.738249624826999 ] ] } },
{ "type": "Feature", "properties": { "Cell": "None", "SubCell": "None", "CMU": "None", "LineID": 0, "TransectID": 179, "Hist_Rate": -0.081854354052060069, "LatestYr": "2024-09-05 00:00:00", "LatestSrc": "montrose_MHWS_Modern_LiDAR.shp", "FirstEYr": null, "Extrap2050": 2.2920128546815368, "Extrap2100": 6.8175549405496545, "Dist_2040": -3.3845985025222944, "Rate_2040": -0.33849923837828566, "Dist_2050": -3.8801698838756806, "Rate_2050": -0.38795591262290263, "Dist_2060": -4.3382826091813058, "Rate_2060": -0.43387874750380701, "Dist_2070": -4.8391089503941203, "Rate_2070": -0.48383472510657666, "Dist_2080": -5.133527457619607, "Rate_2080": -0.51341248697689745, "Dist_2090": -5.4301336266872795, "Rate_2090": -0.54292788971949868, "Dist_2100": -5.6192461672602576, "Rate_2100": -0.56199001047249586, "RSL_2050": 0.18573485314846039, "RSL_2100": 0.55779761075973511 }, "geometry": { "type": "LineString", "coordinates": [ [ -2.445519557815555, 56.738297383366429 ], [ -2.444792638842596, 56.738152973050738 ] ] } },
{ "type": "Feature", "properties": { "Cell": "None", "SubCell": "None", "CMU": "None", "LineID": 0, "TransectID": 180, "Hist_Rate": -0.13771416914672127, "LatestYr": "2024-09-05 00:00:00", "LatestSrc": "montrose_MHWS_Modern_LiDAR.shp", "FirstEYr": null, "Extrap2050": 3.7520790288120343, "Extrap2100": 11.160498017261094, "Dist_2040": -3.9341927383378561, "Rate_2040": -0.39346505784018743, "Dist_2050": -4.4245448330967179, "Rate_2050": -0.44238483881804763, "Dist_2060": -4.8775238120989002, "Rate_2060": -0.48780914319291691, "Dist_2070": -5.3730738197640449, "Rate_2070": -0.53722280717633975, "Dist_2080": -5.6641356173519171, "Rate_2080": -0.56647947788079345, "Dist_2090": -5.957682432421052, "Rate_2090": -0.59567446641761457, "Dist_2100": -6.1445814470682762, "Rate_2100": -0.61452965202103915, "RSL_2050": 0.18573485314846039, "RSL_2100": 0.55779761075973511 }, "geometry": { "type": "LineString", "coordinates": [ [ -2.44556632003141, 56.738192106424584 ], [ -2.444852012428762, 56.738051894990697 ] ] } },
{ "type": "Feature", "properties": { "Cell": "None", "SubCell": "None", "CMU": "None", "LineID": 0, "TransectID": 181, "Hist_Rate": -0.10086249468524507, "LatestYr": "2024-09-05 00:00:00", "LatestSrc": "montrose_MHWS_Modern_LiDAR.shp", "FirstEYr": null, "Extrap2050": 2.5641018550212884, "Extrap2100": 7.6268792446200306, "Dist_2040": -3.4552195817898337, "Rate_2040": -0.34556216815494889, "Dist_2050": -3.9434663616183911, "Rate_2050": -0.39428456407977153, "Dist_2060": -4.3947444354428171, "Rate_2060": -0.43952558720214219, "Dist_2070": -4.8881681552646228, "Rate_2070": -0.48873987337783714, "Dist_2080": -5.1781823627715085, "Rate_2080": -0.51787849716171219, "Dist_2090": -5.4704179470169265, "Rate_2090": -0.54695568765763203, "Dist_2100": -5.6566896550764341, "Rate_2100": -0.56573479500116497, "RSL_2050": 0.18573485314846039, "RSL_2100": 0.55779761075973511 }, "geometry": { "type": "LineString", "coordinates": [ [ -2.44563704221886, 56.738087440286087 ], [ -2.444913410596633, 56.737947480642568 ] ] } },
{ "type": "Feature", "properties": { "Cell": "None", "SubCell": "None", "CMU": "None", "LineID": 0, "TransectID": 182, "Hist_Rate": -0.050124155191322822, "LatestYr": "2024-09-05 00:00:00", "LatestSrc": "montrose_MHWS_Modern_LiDAR.shp", "FirstEYr": null, "Extrap2050": 1.0436199366696817, "Extrap2100": 3.1042305198096667, "Dist_2040": -2.8088494795929364, "Rate_2040": -0.28091763582974344, "Dist_2050": -3.2877423907325465, "Rate_2050": -0.32872248840600388, "Dist_2060": -3.7306811397175466, "Rate_2060": -0.37311152962028643, "Dist_2070": -4.214653498377686, "Rate_2070": -0.42139900913802686, "Dist_2080": -4.499365312728969, "Rate_2080": -0.44998889245191964, "Dist_2090": -4.785938323948244, "Rate_2090": -0.47851849939355778, "Dist_2100": -4.968861324390673, "Rate_2100": -0.49694395735864194, "RSL_2050": 0.18573485314846039, "RSL_2100": 0.55779761075973511 }, "geometry": { "type": "LineString", "coordinates": [ [ -2.4457256102406, 56.73798391748732 ], [ -2.444975775285629, 56.737841247794982 ] ] } },
{ "type": "Feature", "properties": { "Cell": "None", "SubCell": "None", "CMU": "None", "LineID": 0, "TransectID": 183, "Hist_Rate": -0.0085373916997419797, "LatestYr": "2024-09-05 00:00:00", "LatestSrc": "montrose_MHWS_Modern_LiDAR.shp", "FirstEYr": null, "Extrap2050": 0.073159966663408335, "Extrap2100": 0.21761313037917901, "Dist_2040": -2.4014558951990352, "Rate_2040": -0.24017353636424799, "Dist_2050": -2.8754088671145155, "Rate_2050": -0.2874956263747806, "Dist_2060": -3.3139783368356461, "Rate_2060": -0.33143639997034324, "Dist_2070": -3.7929594609117885, "Rate_2070": -0.37923624306106596, "Dist_2080": -4.0748998681151534, "Rate_2080": -0.40753740829136059, "Dist_2090": -4.3584751037885781, "Rate_2090": -0.43577890585696683, "Dist_2100": -4.5396546226245391, "Rate_2100": -0.45401829230666574, "RSL_2050": 0.18573485314846039, "RSL_2100": 0.55779761075973511 }, "geometry": { "type": "LineString", "coordinates": [ [ -2.44578329082348, 56.737874512601287 ], [ -2.445037912736469, 56.737735023873668 ] ] } },
{ "type": "Feature", "properties": { "Cell": "None", "SubCell": "None", "CMU": "None", "LineID": 0, "TransectID": 184, "Hist_Rate": 0.058644273844947838, "LatestYr": "2024-09-05 00:00:00", "LatestSrc": "montrose_MHWS_Modern_LiDAR.shp", "FirstEYr": null, "Extrap2050": -1.5988011364288222, "Extrap2100": -4.7556079645684211, "Dist_2040": -1.7520345454237258, "Rate_2040": -0.17522384377243297, "Dist_2050": -2.2279558347905208, "Rate_2050": -0.22276051436859481, "Dist_2060": -2.6686947924675337, "Rate_2060": -0.26690053607278841, "Dist_2070": -3.14966703399881, "Rate_2070": -0.31491712610602529, "Dist_2080": -3.4330666994121657, "Rate_2080": -0.34334662211392331, "Dist_2090": -3.7177469904509621, "Rate_2090": -0.37171617989591721, "Dist_2100": -3.899928870296776, "Rate_2100": -0.39003827229172244, "RSL_2050": 0.18573485314846039, "RSL_2100": 0.55779761075973511 }, "geometry": { "type": "LineString", "coordinates": [ [ -2.445840412460147, 56.737767493341849 ], [ -2.445098626306265, 56.737630767548183 ] ] } },
{ "type": "Feature", "properties": { "Cell": "None", "SubCell": "None", "CMU": "None", "LineID": 0, "TransectID": 185, "Hist_Rate": 0.073999167332785845, "LatestYr": "2024-09-05 00:00:00", "LatestSrc": "montrose_MHWS_Modern_LiDAR.shp", "FirstEYr": null, "Extrap2050": -1.4404603849137385, "Extrap2100": -4.2846259757121699, "Dist_2040": -1.7427591415950019, "Rate_2040": -0.1742961954474295, "Dist_2050": -2.2043553972894756, "Rate_2050": -0.22040084210087635, "Dist_2060": -2.6318053507888521, "Rate_2060": -0.26321116260555788, "Dist_2070": -3.0983004006539545, "Rate_2070": -0.30978127130737804, "Dist_2080": -3.3731508476345766, "Rate_2080": -0.33735433966790029, "Dist_2090": -3.6492671666192678, "Rate_2090": -0.36486927541854308, "Dist_2100": -3.8259489749445947, "Rate_2100": -0.38263942181851074, "RSL_2050": 0.18573485314846039, "RSL_2100": 0.55779761075973511 }, "geometry": { "type": "LineString", "coordinates": [ [ -2.445901318729443, 56.737665901162742 ], [ -2.445156849764025, 56.737530340963936 ] ] } },
{ "type": "Feature", "properties": { "Cell": "None", "SubCell": "None", "CMU": "None", "LineID": 0, "TransectID": 186, "Hist_Rate": 0.19109315931128087, "LatestYr": "2024-09-05 00:00:00", "LatestSrc": "montrose_MHWS_Modern_LiDAR.shp", "FirstEYr": null, "Extrap2050": -4.557741499996113, "Extrap2100": -13.556927928034714, "Dist_2040": -0.50665726201975758, "Rate_2040": -0.050671622405052387, "Dist_2050": -0.96687122636194545, "Rate_2050": -0.096671903611963553, "Dist_2060": -1.3936909689748518, "Rate_2060": -0.13938531591889303, "Dist_2070": -1.8587926382618321, "Rate_2070": -0.18585000552432171, "Dist_2080": -2.1333583084236807, "Rate_2080": -0.21336065771205812, "Dist_2090": -2.4085122003828019, "Rate_2090": -0.24081330888264865, "Dist_2100": -2.5851314527402565, "Rate_2100": -0.25854322963512683, "RSL_2050": 0.18573485314846039, "RSL_2100": 0.55779761075973511 }, "geometry": { "type": "LineString", "coordinates": [ [ -2.445972405676301, 56.737572682048764 ], [ -2.445211765975343, 56.737435256872374 ] ] } },
{ "type": "Feature", "properties": { "Cell": "None", "SubCell": "None", "CMU": "None", "LineID": 0, "TransectID": 187, "Hist_Rate": 0.32335806942191092, "LatestYr": "2024-09-05 00:00:00", "LatestSrc": "montrose_MHWS_Modern_LiDAR.shp", "FirstEYr": 2030.0, "Extrap2050": -8.2268231757658743, "Extrap2100": -24.470551669206937, "Dist_2040": 0.94008599332664744, "Rate_2040": 0.094019539544799566, "Dist_2050": 0.47986791471583956, "Rate_2050": 0.047979238116780738, "Dist_2060": 0.052280567500474717, "Rate_2060": 0.0052286651630044185, "Dist_2070": -0.41282946835599432, "Rate_2070": -0.04127644869860779, "Dist_2080": -0.68803028215523909, "Rate_2080": -0.068811035139672766, "Dist_2090": -0.96302728621469669, "Rate_2090": -0.096287570102729633, "Dist_2100": -1.14019646887607, "Rate_2100": -0.11403291587718181, "RSL_2050": 0.18573485314846039, "RSL_2100": 0.55779761075973511 }, "geometry": { "type": "LineString", "coordinates": [ [ -2.445995232536531, 56.737478403920768 ], [ -2.44526290102323, 56.737346440383526 ] ] } },
{ "type": "Feature", "properties": { "Cell": "None", "SubCell": "None", "CMU": "None", "LineID": 0, "TransectID": 188, "Hist_Rate": 0.28524477684246563, "LatestYr": "2024-09-05 00:00:00", "LatestSrc": "montrose_MHWS_Modern_LiDAR.shp", "FirstEYr": 2030.0, "Extrap2050": -7.4970774677470198, "Extrap2100": -22.299934935148475, "Dist_2040": 0.68574298360982766, "Rate_2040": 0.068582278666788746, "Dist_2050": 0.23219783152757145, "Rate_2050": 0.023216128245745694, "Dist_2060": -0.18906263762647768, "Rate_2060": -0.018908463971327706, "Dist_2070": -0.64742811584420679, "Rate_2070": -0.064732620750404521, "Dist_2080": -0.91853339090368991, "Rate_2080": -0.091864028484978363, "Dist_2090": -1.1895695917276612, "Rate_2090": -0.11893823476774988, "Dist_2100": -1.3640786763566553, "Rate_2100": -0.1364237420452343, "RSL_2050": 0.18573485314846039, "RSL_2100": 0.55779761075973511 }, "geometry": { "type": "LineString", "coordinates": [ [ -2.446109119191892, 56.73740841521802 ], [ -2.445310187094017, 56.737264056053412 ] ] } },
{ "type": "Feature", "properties": { "Cell": "None", "SubCell": "None", "CMU": "None", "LineID": 0, "TransectID": 189, "Hist_Rate": 0.25648340534130659, "LatestYr": "2024-09-05 00:00:00", "LatestSrc": "montrose_MHWS_Modern_LiDAR.shp", "FirstEYr": 2030.0, "Extrap2050": -6.9805012865516867, "Extrap2100": -20.763387489925769, "Dist_2040": 0.39013564299574455, "Rate_2040": 0.039018104487095626, "Dist_2050": -0.081770485054050823, "Rate_2050": -0.0081757613981259681, "Dist_2060": -0.51991422416506339, "Rate_2060": -0.051997472896935425, "Dist_2070": -0.99683488007423193, "Rate_2070": -0.09966779734068236, "Dist_2080": -1.2787739594047025, "Rate_2080": -0.12789227761989924, "Dist_2090": -1.5608181994918482, "Rate_2090": -0.1560572519101838, "Dist_2100": -1.7422694125633029, "Rate_2100": -0.17424721684505809, "RSL_2050": 0.18573485314846039, "RSL_2100": 0.55779761075973511 }, "geometry": { "type": "LineString", "coordinates": [ [ -2.446148715590783, 56.737332136069888 ], [ -2.445353986040823, 56.737187450137078 ] ] } },
{ "type": "Feature", "properties": { "Cell": "None", "SubCell": "None", "CMU": "None", "LineID": 0, "TransectID": 190, "Hist_Rate": 0.2050170294718236, "LatestYr": "2024-09-05 00:00:00", "LatestSrc": "montrose_MHWS_Modern_LiDAR.shp", "FirstEYr": null, "Extrap2050": -5.2109624258114184, "Extrap2100": -15.499922942642225, "Dist_2040": -0.40417777291156654, "Rate_2040": -0.040422480893387965, "Dist_2050": -0.89537327143864331, "Rate_2050": -0.089523233532282698, "Dist_2060": -1.3509985636725901, "Rate_2060": -0.13511557855755366, "Dist_2070": -1.8474112040336763, "Rate_2070": -0.18471204125082674, "Dist_2080": -2.1405203256370555, "Rate_2080": -0.21407694278107675, "Dist_2090": -2.4341824917797226, "Rate_2090": -0.24337993395944577, "Dist_2100": -2.6227434952780868, "Rate_2100": -0.26230487159751004, "RSL_2050": 0.18573485314846039, "RSL_2100": 0.55779761075973511 }, "geometry": { "type": "LineString", "coordinates": [ [ -2.446180980350589, 56.737259923050374 ], [ -2.445395060595334, 56.737115240410382 ] ] } },
{ "type": "Feature", "properties": { "Cell": "None", "SubCell": "None", "CMU": "None", "LineID": 0, "TransectID": 191, "Hist_Rate": 0.21091635443444845, "LatestYr": "2024-09-05 00:00:00", "LatestSrc": "montrose_MHWS_Modern_LiDAR.shp", "FirstEYr": null, "Extrap2050": -5.2859175696046066, "Extrap2100": -15.722875798182757, "Dist_2040": -0.41444501700135561, "Rate_2040": -0.041449324786998254, "Dist_2050": -0.9135955664236235, "Rate_2050": -0.091345176202978468, "Dist_2060": -1.3765978752440446, "Rate_2060": -0.13767580762563608, "Dist_2070": -1.881050048771499, "Rate_2070": -0.18807539623280159, "Dist_2080": -2.1789045285531756, "Rate_2080": -0.21791580976727362, "Dist_2090": -2.477323046944548, "Rate_2090": -0.24769331042256887, "Dist_2100": -2.6689364390355195, "Rate_2100": -0.26692470354173897, "RSL_2050": 0.18573485314846039, "RSL_2100": 0.55779761075973511 }, "geometry": { "type": "LineString", "coordinates": [ [ -2.446245743145401, 56.737196872112136 ], [ -2.445434478566989, 56.73704555321909 ] ] } },
{ "type": "Feature", "properties": { "Cell": "None", "SubCell": "None", "CMU": "None", "LineID": 0, "TransectID": 192, "Hist_Rate": 0.27985130071363479, "LatestYr": "2024-09-05 00:00:00", "LatestSrc": "montrose_MHWS_Modern_LiDAR.shp", "FirstEYr": 2030.0, "Extrap2050": -6.9861368375798749, "Extrap2100": -20.780150344757264, "Dist_2040": 0.13167052686355873, "Rate_2040": 0.013168584996704095, "Dist_2050": -0.39231057995772289, "Rate_2050": -0.039224882836082289, "Dist_2060": -0.8786444271451046, "Rate_2060": -0.08787466790294246, "Dist_2070": -1.4081925393210781, "Rate_2070": -0.14079708829536788, "Dist_2080": -1.7211118195085646, "Rate_2080": -0.17213121131896411, "Dist_2090": -2.0343129333570573, "Rate_2090": -0.20339927225887353, "Dist_2100": -2.2356730587756033, "Rate_2100": -0.22359332343095517, "RSL_2050": 0.18573485314846039, "RSL_2100": 0.55779761075973511 }, "geometry": { "type": "LineString", "coordinates": [ [ -2.446274083257534, 56.737127720210367 ], [ -2.445473445837696, 56.736976367521649 ] ] } },
{ "type": "Feature", "properties": { "Cell": "None", "SubCell": "None", "CMU": "None", "LineID": 0, "TransectID": 193, "Hist_Rate": 0.35447034325466831, "LatestYr": "2024-09-05 00:00:00", "LatestSrc": "montrose_MHWS_Modern_LiDAR.shp", "FirstEYr": 2030.0, "Extrap2050": -9.1732906306691486, "Extrap2100": -27.285803712870464, "Dist_2040": 0.99436143593004545, "Rate_2040": 0.099447715433373399, "Dist_2050": 0.47043413966872549, "Rate_2050": 0.047036009104285376, "Dist_2060": -0.016305215080421931, "Rate_2060": -0.0016307112593129812, "Dist_2070": -0.5458014546060781, "Rate_2070": -0.054571554279759238, "Dist_2080": -0.85906587565182235, "Rate_2080": -0.085916584909025387, "Dist_2090": -1.172139805096549, "Rate_2090": -0.11719553045797326, "Dist_2100": -1.3738062369286581, "Rate_2100": -0.1373966113065212, "RSL_2050": 0.18573485314846039, "RSL_2100": 0.55779761075973511 }, "geometry": { "type": "LineString", "coordinates": [ [ -2.446318454799099, 56.737060016936589 ], [ -2.445513089159652, 56.736905891349195 ] ] } },
{ "type": "Feature", "properties": { "Cell": "None", "SubCell": "None", "CMU": "None", "LineID": 0, "TransectID": 194, "Hist_Rate": 0.3973792318452985, "LatestYr": "2024-09-05 00:00:00", "LatestSrc": "montrose_MHWS_Modern_LiDAR.shp", "FirstEYr": 2030.0, "Extrap2050": -10.283881874864353, "Extrap2100": -30.589239297155714, "Dist_2040": 1.5233397910819235, "Rate_2040": 0.15235170691244235, "Dist_2050": 1.0176023957289999, "Rate_2050": 0.10174422201534335, "Dist_2060": 0.54746434532052035, "Rate_2060": 0.054752805625884492, "Dist_2070": 0.03634971209686455, "Rate_2070": 0.0036343990475058994, "Dist_2080": -0.26628510855039167, "Rate_2080": -0.026631609737052694, "Dist_2090": -0.56842755681896051, "Rate_2090": -0.056833808355173612, "Dist_2100": -0.76330603925015339, "Rate_2100": -0.076339486867695552, "RSL_2050": 0.18573485314846039, "RSL_2100": 0.55779761075973511 }, "geometry": { "type": "LineString", "coordinates": [ [ -2.44640211298055, 56.736996796935451 ], [ -2.445554239955045, 56.736832879812802 ] ] } },
{ "type": "Feature", "properties": { "Cell": "None", "SubCell": "None", "CMU": "None", "LineID": 0, "TransectID": 195, "Hist_Rate": 0.41785443988991366, "LatestYr": "2024-09-05 00:00:00", "LatestSrc": "montrose_MHWS_Modern_LiDAR.shp", "FirstEYr": 2030.0, "Extrap2050": -10.386703389086327, "Extrap2100": -30.895080218094272, "Dist_2040": 1.4849534677861698, "Rate_2040": 0.14851262786360628, "Dist_2050": 0.96344896809182501, "Rate_2050": 0.096329731652964254, "Dist_2060": 0.47869901344546406, "Rate_2060": 0.047875472184653593, "Dist_2070": -0.048350117567451889, "Rate_2070": -0.0048342507023350799, "Dist_2080": -0.36038246588822176, "Rate_2080": -0.036042440524966822, "Dist_2090": -0.67195410655364185, "Rate_2090": -0.067184833770303459, "Dist_2100": -0.8728756611924382, "Rate_2100": -0.087297724173898986, "RSL_2050": 0.18573485314846039, "RSL_2100": 0.55779761075973511 }, "geometry": { "type": "LineString", "coordinates": [ [ -2.446439550571151, 56.736920900537335 ], [ -2.445597286787449, 56.736756812580715 ] ] } },
{ "type": "Feature", "properties": { "Cell": "None", "SubCell": "None", "CMU": "None", "LineID": 0, "TransectID": 196, "Hist_Rate": 0.34256052326783121, "LatestYr": "2024-09-05 00:00:00", "LatestSrc": "montrose_MHWS_Modern_LiDAR.shp", "FirstEYr": 2030.0, "Extrap2050": -9.2090400298300921, "Extrap2100": -27.39213971895942, "Dist_2040": 1.0032645580884605, "Rate_2040": 0.10033813125893333, "Dist_2050": 0.47829984571137629, "Rate_2050": 0.047822455898504618, "Dist_2060": -0.009406950997970398, "Rate_2060": -0.00094080457280290336, "Dist_2070": -0.53995165374470844, "Rate_2070": -0.053986666272338266, "Dist_2080": -0.85383939475809711, "Rate_2080": -0.085393875996696136, "Dist_2090": -1.1675324707784966, "Rate_2090": -0.11673486954785521, "Dist_2100": -1.3696008457971516, "Rate_2100": -0.13697602325330399, "RSL_2050": 0.18573485314846039, "RSL_2100": 0.55779761075973511 }, "geometry": { "type": "LineString", "coordinates": [ [ -2.446473426581777, 56.736840703295584 ], [ -2.445642151787301, 56.736677881850476 ] ] } },
{ "type": "Feature", "properties": { "Cell": "None", "SubCell": "None", "CMU": "None", "LineID": 0, "TransectID": 197, "Hist_Rate": 0.46147196899883525, "LatestYr": "2024-09-05 00:00:00", "LatestSrc": "montrose_MHWS_Modern_LiDAR.shp", "FirstEYr": 2030.0, "Extrap2050": -11.35174952959499, "Extrap2100": -33.765594259778112, "Dist_2040": 1.9449478929632278, "Rate_2040": 0.19451742354754156, "Dist_2050": 1.4393173302634068, "Rate_2050": 0.14390907747022513, "Dist_2060": 0.96905584087113539, "Rate_2060": 0.096916861434659274, "Dist_2070": 0.45804794879671817, "Rate_2070": 0.045797584981764394, "Dist_2080": 0.15529253954389333, "Rate_2080": 0.015531061164939885, "Dist_2090": -0.14673961152601578, "Rate_2090": -0.01467165139961424, "Dist_2100": -0.3417368488889565, "Rate_2100": -0.034177661837438304, "RSL_2050": 0.18573485314846039, "RSL_2100": 0.55779761075973511 }, "geometry": { "type": "LineString", "coordinates": [ [ -2.446543854176659, 56.736764962622381 ], [ -2.445688406160166, 56.73659679118893 ] ] } },
{ "type": "Feature", "properties": { "Cell": "None", "SubCell": "None", "CMU": "None", "LineID": 0, "TransectID": 198, "Hist_Rate": 0.59891862041069355, "LatestYr": "2024-09-05 00:00:00", "LatestSrc": "montrose_MHWS_Modern_LiDAR.shp", "FirstEYr": 2030.0, "Extrap2050": -15.387418451848946, "Extrap2100": -45.769625800499114, "Dist_2040": 3.5353368949527635, "Rate_2040": 0.35357483183318311, "Dist_2050": 3.029521615589772, "Rate_2050": 0.30290447541255061, "Dist_2060": 2.5582490835466274, "Rate_2060": 0.25585467987329658, "Dist_2070": 2.0470498859742747, "Rate_2070": 0.20467276703475473, "Dist_2080": 1.7434886790615565, "Rate_2080": 0.17436915768404726, "Dist_2090": 1.4415212802083488, "Rate_2090": 0.14412943777347328, "Dist_2100": 1.2458502811392691, "Rate_2100": 0.12459952664540239, "RSL_2050": 0.18573485314846039, "RSL_2100": 0.55779761075973511 }, "geometry": { "type": "LineString", "coordinates": [ [ -2.446601554039008, 56.73668512844074 ], [ -2.445735490285553, 56.736514418444408 ] ] } },
{ "type": "Feature", "properties": { "Cell": "None", "SubCell": "None", "CMU": "None", "LineID": 0, "TransectID": 199, "Hist_Rate": 0.66719125564309856, "LatestYr": "2024-09-05 00:00:00", "LatestSrc": "montrose_MHWS_Modern_LiDAR.shp", "FirstEYr": 2030.0, "Extrap2050": -16.767064102674123, "Extrap2100": -49.873359339244004, "Dist_2040": 4.1338396321384039, "Rate_2040": 0.41343207060276865, "Dist_2050": 3.6389096042689175, "Rate_2050": 0.36383368221658641, "Dist_2060": 3.1774228200042103, "Rate_2060": 0.31777925912798133, "Dist_2070": 2.6772227746085946, "Rate_2070": 0.2676801366698548, "Dist_2080": 2.3798992611037306, "Rate_2080": 0.23801762209027363, "Dist_2090": 2.0845045644108495, "Rate_2090": 0.20841764532352305, "Dist_2100": 1.8927887633773253, "Rate_2100": 0.18930090358922311, "RSL_2050": 0.18573485314846039, "RSL_2100": 0.55779761075973511 }, "geometry": { "type": "LineString", "coordinates": [ [ -2.446660296944995, 56.736604743247518 ], [ -2.445782968060371, 56.736431437396767 ] ] } },
{ "type": "Feature", "properties": { "Cell": "None", "SubCell": "None", "CMU": "None", "LineID": 0, "TransectID": 200, "Hist_Rate": 0.7987183563823701, "LatestYr": "2024-09-05 00:00:00", "LatestSrc": "montrose_MHWS_Modern_LiDAR.shp", "FirstEYr": 2030.0, "Extrap2050": -19.736983517664093, "Extrap2100": -58.707336312515615, "Dist_2040": 5.3835695454977213, "Rate_2040": 0.53841960561923641, "Dist_2050": 4.9043515281283021, "Rate_2050": 0.49035795593003051, "Dist_2060": 4.4567860092312799, "Rate_2060": 0.44573046658725513, "Dist_2070": 3.9724612586707053, "Rate_2070": 0.39718359739119496, "Dist_2080": 3.6839726345644408, "Rate_2080": 0.3684401355366656, "Dist_2090": 3.3981076171544942, "Rate_2090": 0.33975727384575699, "Dist_2100": 3.2119545939905834, "Rate_2100": 0.32123283838872008, "RSL_2050": 0.18573485314846039, "RSL_2100": 0.55779761075973511 }, "geometry": { "type": "LineString", "coordinates": [ [ -2.446713643780495, 56.736522734156551 ], [ -2.445830736004703, 56.736348009247052 ] ] } },
{ "type": "Feature", "properties": { "Cell": "None", "SubCell": "None", "CMU": "None", "LineID": 0, "TransectID": 201, "Hist_Rate": 0.92261418752346713, "LatestYr": "2024-09-05 00:00:00", "LatestSrc": "montrose_MHWS_Modern_LiDAR.shp", "FirstEYr": 2030.0, "Extrap2050": -23.567340780047129, "Extrap2100": -70.100671661787928, "Dist_2040": 6.8545955969904071, "Rate_2040": 0.68553932977375931, "Dist_2050": 6.3675208579883247, "Rate_2050": 0.6366518579178212, "Dist_2060": 5.9118875472508989, "Rate_2060": 0.59125755407359981, "Dist_2070": 5.4196183283096389, "Rate_2070": 0.54187652539765485, "Dist_2080": 5.1257952606100616, "Rate_2080": 0.51263917729281772, "Dist_2090": 4.835395821039242, "Rate_2090": 0.48346347061755418, "Dist_2100": 4.6456667418582924, "Rate_2100": 0.46462073794172437, "RSL_2050": 0.18573485314846039, "RSL_2100": 0.55779761075973511 }, "geometry": { "type": "LineString", "coordinates": [ [ -2.446747260929093, 56.736435624869792 ], [ -2.445879123105491, 56.736263638447362 ] ] } },
{ "type": "Feature", "properties": { "Cell": "None", "SubCell": "None", "CMU": "None", "LineID": 0, "TransectID": 202, "Hist_Rate": 1.1038532043555658, "LatestYr": "2024-09-05 00:00:00", "LatestSrc": "montrose_MHWS_Modern_LiDAR.shp", "FirstEYr": 2030.0, "Extrap2050": -27.973518466227798, "Extrap2100": -83.206775491879441, "Dist_2040": 8.6120002465383436, "Rate_2040": 0.86130024645297953, "Dist_2050": 8.1289196778190558, "Rate_2050": 0.8127640146251921, "Dist_2060": 7.6760652367897251, "Rate_2060": 0.76769585357288372, "Dist_2070": 7.187827508721, "Rate_2070": 0.71866961096469473, "Dist_2080": 6.8956207586039682, "Rate_2080": 0.68964232336374864, "Dist_2090": 6.6078024434967801, "Rate_2090": 0.66067623431942868, "Dist_2100": 6.418941801632343, "Rate_2100": 0.64196888033480315, "RSL_2050": 0.18573485314846039, "RSL_2100": 0.55779761075973511 }, "geometry": { "type": "LineString", "coordinates": [ [ -2.446781754061297, 56.736346119866511 ], [ -2.445928847817686, 56.7361772402569 ] ] } },
{ "type": "Feature", "properties": { "Cell": "None", "SubCell": "None", "CMU": "None", "LineID": 0, "TransectID": 203, "Hist_Rate": 1.3098459848310198, "LatestYr": "2024-09-05 00:00:00", "LatestSrc": "montrose_MHWS_Modern_LiDAR.shp", "FirstEYr": 2030.0, "Extrap2050": -33.334572810353194, "Extrap2100": -99.153144403246472, "Dist_2040": 10.792098729818406, "Rate_2040": 1.0793354655875409, "Dist_2050": 10.322236119024524, "Rate_2050": 1.0320611348762154, "Dist_2060": 9.8804972414260419, "Rate_2060": 0.98816470802342582, "Dist_2070": 9.4056115530787565, "Rate_2070": 0.94041310639895093, "Dist_2080": 9.120343661838433, "Rate_2080": 0.91214050380860456, "Dist_2090": 8.8406666506488136, "Rate_2090": 0.88392750866400205, "Dist_2100": 8.6560579559566122, "Rate_2100": 0.86570653011459009, "RSL_2050": 0.18573485314846039, "RSL_2100": 0.55779761075973511 }, "geometry": { "type": "LineString", "coordinates": [ [ -2.446823378812277, 56.736253689365874 ], [ -2.445980836731811, 56.73608740401302 ] ] } },
{ "type": "Feature", "properties": { "Cell": "None", "SubCell": "None", "CMU": "None", "LineID": 0, "TransectID": 204, "Hist_Rate": 1.4246181089982743, "LatestYr": "2024-09-05 00:00:00", "LatestSrc": "montrose_MHWS_Modern_LiDAR.shp", "FirstEYr": 2030.0, "Extrap2050": -36.785248832980152, "Extrap2100": -109.41712408304865, "Dist_2040": 12.120890221679986, "Rate_2040": 1.2122300785301074, "Dist_2050": 11.644664777803428, "Rate_2050": 1.1642831850826358, "Dist_2060": 11.196319555679395, "Rate_2060": 1.119762252276898, "Dist_2070": 10.714999571899227, "Rate_2070": 1.0713312978755554, "Dist_2080": 10.425351418515106, "Rate_2080": 1.0426564664504392, "Dist_2090": 10.142017307889887, "Rate_2090": 1.0140420904946543, "Dist_2100": 9.9544604099246499, "Rate_2100": 0.99556188561662218, "RSL_2050": 0.18573485314846039, "RSL_2100": 0.55779761075973511 }, "geometry": { "type": "LineString", "coordinates": [ [ -2.446897350253101, 56.736161585067407 ], [ -2.446035950404848, 56.735992777916749 ] ] } },
{ "type": "Feature", "properties": { "Cell": "None", "SubCell": "None", "CMU": "None", "LineID": 0, "TransectID": 205, "Hist_Rate": 1.6136380200048495, "LatestYr": "2024-09-05 00:00:00", "LatestSrc": "montrose_MHWS_Modern_LiDAR.shp", "FirstEYr": 2030.0, "Extrap2050": -41.073387329745913, "Extrap2100": -122.17212226496268, "Dist_2040": 13.816903798919043, "Rate_2040": 1.3818511735423573, "Dist_2050": 13.341706728802592, "Rate_2050": 1.3339606679153246, "Dist_2060": 12.893420471866762, "Rate_2060": 1.2894920938378411, "Dist_2070": 12.413134853267138, "Rate_2070": 1.2411180965355662, "Dist_2080": 12.123359029792709, "Rate_2080": 1.2124769880720327, "Dist_2090": 11.840826443572382, "Rate_2090": 1.1838962639793282, "Dist_2100": 11.65302181135894, "Rate_2100": 1.1654377926985946, "RSL_2050": 0.18573485314846039, "RSL_2100": 0.55779761075973511 }, "geometry": { "type": "LineString", "coordinates": [ [ -2.446968616136803, 56.736061737668422 ], [ -2.446094696430861, 56.735892467855649 ] ] } },
{ "type": "Feature", "properties": { "Cell": "None", "SubCell": "None", "CMU": "None", "LineID": 0, "TransectID": 206, "Hist_Rate": 1.8518918099436514, "LatestYr": "2024-09-05 00:00:00", "LatestSrc": "montrose_MHWS_Modern_LiDAR.shp", "FirstEYr": 2030.0, "Extrap2050": -46.077275659945329, "Extrap2100": -137.05610667972277, "Dist_2040": 15.809094981697854, "Rate_2040": 1.581093475863302, "Dist_2050": 15.337712677962884, "Rate_2050": 1.5335298447251187, "Dist_2060": 14.89191484849465, "Rate_2060": 1.4893647888968531, "Dist_2070": 14.415478727935067, "Rate_2070": 1.4413209661340882, "Dist_2080": 14.12710942610488, "Rate_2080": 1.4128753462661863, "Dist_2090": 13.847076583510045, "Rate_2090": 1.3844896986183048, "Dist_2100": 13.659982473168498, "Rate_2100": 1.3661572148018195, "RSL_2050": 0.18573485314846039, "RSL_2100": 0.55779761075973511 }, "geometry": { "type": "LineString", "coordinates": [ [ -2.44706391457269, 56.735959121500521 ], [ -2.446157021847996, 56.735786343953286 ] ] } },
{ "type": "Feature", "properties": { "Cell": "None", "SubCell": "None", "CMU": "None", "LineID": 0, "TransectID": 207, "Hist_Rate": 1.8454220248096065, "LatestYr": "2024-09-05 00:00:00", "LatestSrc": "montrose_MHWS_Modern_LiDAR.shp", "FirstEYr": 2030.0, "Extrap2050": -47.103915507526295, "Extrap2100": -140.10983020083856, "Dist_2040": 16.213574028576431, "Rate_2040": 1.6215460876594543, "Dist_2050": 15.742124281465408, "Rate_2050": 1.573964639439674, "Dist_2060": 15.296050324605119, "Rate_2060": 1.529783039617904, "Dist_2070": 14.819544867536649, "Rate_2070": 1.4817212198963194, "Dist_2080": 14.530958410198195, "Rate_2080": 1.4532649444514827, "Dist_2090": 14.250929802711084, "Rate_2090": 1.4248686636919528, "Dist_2100": 14.063656474005825, "Rate_2100": 1.4065293126251568, "RSL_2050": 0.18573485314846039, "RSL_2100": 0.55779761075973511 }, "geometry": { "type": "LineString", "coordinates": [ [ -2.447137882644042, 56.735846017204302 ], [ -2.446222140322861, 56.73567515953021 ] ] } },
{ "type": "Feature", "properties": { "Cell": "None", "SubCell": "None", "CMU": "None", "LineID": 0, "TransectID": 208, "Hist_Rate": 1.791714201206688, "LatestYr": "2024-09-05 00:00:00", "LatestSrc": "montrose_MHWS_Modern_LiDAR.shp", "FirstEYr": 2030.0, "Extrap2050": -45.481042988117402, "Extrap2100": -135.28262229928617, "Dist_2040": 15.542522465359298, "Rate_2040": 1.5544331220027365, "Dist_2050": 15.064853570081027, "Rate_2050": 1.5062482288722474, "Dist_2060": 14.61336239826062, "Rate_2060": 1.4615063022307515, "Dist_2070": 14.130573674706511, "Rate_2070": 1.4128349453555962, "Dist_2080": 13.838567315092689, "Rate_2080": 1.3840177772680016, "Dist_2090": 13.554747230659586, "Rate_2090": 1.3552613647397165, "Dist_2100": 13.365338888940244, "Rate_2100": 1.3366894274763848, "RSL_2050": 0.18573485314846039, "RSL_2100": 0.55779761075973511 }, "geometry": { "type": "LineString", "coordinates": [ [ -2.447215401063382, 56.735729305337202 ], [ -2.446288936270606, 56.735560557908187 ] ] } },
{ "type": "Feature", "properties": { "Cell": "None", "SubCell": "None", "CMU": "None", "LineID": 0, "TransectID": 209, "Hist_Rate": 1.8960898422143881, "LatestYr": "2024-09-05 00:00:00", "LatestSrc": "montrose_MHWS_Modern_LiDAR.shp", "FirstEYr": 2030.0, "Extrap2050": -47.667847324009053, "Extrap2100": -141.78723621265144, "Dist_2040": 16.468261735336228, "Rate_2040": 1.6470178222531606, "Dist_2050": 16.003268738292547, "Rate_2050": 1.6000749745813896, "Dist_2060": 15.563052308506428, "Rate_2060": 1.5564863452326558, "Dist_2070": 15.093071455243887, "Rate_2070": 1.5090695732252712, "Dist_2080": 14.808228852376885, "Rate_2080": 1.4809952153927339, "Dist_2090": 14.532087891887727, "Rate_2090": 1.4529800470442933, "Dist_2100": 14.347198673007938, "Rate_2100": 1.4348868322360631, "RSL_2050": 0.18573485314846039, "RSL_2100": 0.55779761075973511 }, "geometry": { "type": "LineString", "coordinates": [ [ -2.447312254263342, 56.735614614142946 ], [ -2.446355957177484, 56.735444813783829 ] ] } },
{ "type": "Feature", "properties": { "Cell": "None", "SubCell": "None", "CMU": "None", "LineID": 0, "TransectID": 210, "Hist_Rate": 1.7332783664622655, "LatestYr": "2024-09-05 00:00:00", "LatestSrc": "montrose_MHWS_Modern_LiDAR.shp", "FirstEYr": 2030.0, "Extrap2050": -45.647715315570998, "Extrap2100": -135.7783864251999, "Dist_2040": 15.674876007023727, "Rate_2040": 1.5676700164280843, "Dist_2050": 15.210517662431698, "Rate_2050": 1.5208123452835232, "Dist_2060": 14.77130905821133, "Rate_2060": 1.4773028063235902, "Dist_2070": 14.301971907730604, "Rate_2070": 1.4299720707663004, "Dist_2080": 14.017855208823562, "Rate_2080": 1.4019486530965881, "Dist_2090": 13.742006233874577, "Rate_2090": 1.3739843175132591, "Dist_2100": 13.557661556243374, "Rate_2100": 1.3559239323538392, "RSL_2050": 0.18573485314846039, "RSL_2100": 0.55779761075973511 }, "geometry": { "type": "LineString", "coordinates": [ [ -2.44738357450349, 56.735497152596572 ], [ -2.446421665561969, 56.73533052037692 ] ] } },
{ "type": "Feature", "properties": { "Cell": "None", "SubCell": "None", "CMU": "None", "LineID": 0, "TransectID": 211, "Hist_Rate": 1.8582063217278109, "LatestYr": "2024-09-05 00:00:00", "LatestSrc": "montrose_MHWS_Modern_LiDAR.shp", "FirstEYr": 2030.0, "Extrap2050": -47.909495876789371, "Extrap2100": -142.50601590078412, "Dist_2040": 16.562188247651818, "Rate_2040": 1.6564115665506487, "Dist_2050": 16.096923881734426, "Rate_2050": 1.6094390147479842, "Dist_2060": 15.656406029425114, "Rate_2060": 1.5658228037246174, "Dist_2070": 15.186150651111973, "Rate_2070": 1.5183760277001821, "Dist_2080": 14.901104941966253, "Rate_2080": 1.4902839051933485, "Dist_2090": 14.624812112929817, "Rate_2090": 1.4622510096240813, "Dist_2100": 14.439783035497896, "Rate_2100": 1.4441463459317745, "RSL_2050": 0.18573485314846039, "RSL_2100": 0.55779761075973511 }, "geometry": { "type": "LineString", "coordinates": [ [ -2.447481629276623, 56.735389280194369 ], [ -2.446484683367714, 56.735220262345806 ] ] } },
{ "type": "Feature", "properties": { "Cell": "None", "SubCell": "None", "CMU": "None", "LineID": 0, "TransectID": 212, "Hist_Rate": 1.9163323428440222, "LatestYr": "2024-09-05 00:00:00", "LatestSrc": "montrose_MHWS_Modern_LiDAR.shp", "FirstEYr": 2030.0, "Extrap2050": -47.77256242292097, "Extrap2100": -142.09870957043776, "Dist_2040": 16.523289378574077, "Rate_2040": 1.6525212269588836, "Dist_2050": 16.061040528587966, "Rate_2050": 1.6058512442548016, "Dist_2060": 15.623341667921579, "Rate_2060": 1.5625159827891149, "Dist_2070": 15.156133954657832, "Rate_2070": 1.5153748305321963, "Dist_2080": 14.872905778549921, "Rate_2080": 1.4874636606851095, "Dist_2090": 14.598411223770995, "Rate_2090": 1.4596113362710588, "Dist_2100": 14.414555432025224, "Rate_2100": 1.4416232919993082, "RSL_2050": 0.18573485314846039, "RSL_2100": 0.55779761075973511 }, "geometry": { "type": "LineString", "coordinates": [ [ -2.44765739972976, 56.735302062096999 ], [ -2.446541262845392, 56.73511588446744 ] ] } },
{ "type": "Feature", "properties": { "Cell": "None", "SubCell": "None", "CMU": "None", "LineID": 0, "TransectID": 213, "Hist_Rate": 2.0003816776597625, "LatestYr": "2024-09-05 00:00:00", "LatestSrc": "montrose_MHWS_Modern_LiDAR.shp", "FirstEYr": 2030.0, "Extrap2050": -51.114486281327679, "Extrap2100": -152.0392077073852, "Dist_2040": 17.793410673503899, "Rate_2040": 1.7795481374362674, "Dist_2050": 17.321645196979887, "Rate_2050": 1.7318918685622575, "Dist_2060": 16.874444186129381, "Rate_2060": 1.6876407942640637, "Dist_2070": 16.39761504966873, "Rate_2070": 1.6395033985159133, "Dist_2080": 16.108149183550211, "Rate_2080": 1.6110023762795285, "Dist_2090": 15.828105851672774, "Rate_2090": 1.5825614430685992, "Dist_2100": 15.640112426584381, "Rate_2100": 1.5641932538244101, "RSL_2050": 0.18573485314846039, "RSL_2100": 0.55779761075973511 }, "geometry": { "type": "LineString", "coordinates": [ [ -2.44763491739178, 56.735191791639615 ], [ -2.446585490682575, 56.735018328234325 ] ] } },
{ "type": "Feature", "properties": { "Cell": "None", "SubCell": "None", "CMU": "None", "LineID": 0, "TransectID": 214, "Hist_Rate": 2.0555594848510266, "LatestYr": "2024-09-05 00:00:00", "LatestSrc": "montrose_MHWS_Modern_LiDAR.shp", "FirstEYr": 2030.0, "Extrap2050": -51.515515407658789, "Extrap2100": -153.23206231809937, "Dist_2040": 17.965758996554086, "Rate_2040": 1.7967849754378167, "Dist_2050": 17.496833637730163, "Rate_2050": 1.7494079550858634, "Dist_2060": 17.052177320862995, "Rate_2060": 1.7054161760994804, "Dist_2070": 16.578217973320648, "Rate_2070": 1.6575608481030843, "Dist_2080": 16.290372530211584, "Rate_2080": 1.6292268315623781, "Dist_2090": 16.012045893516984, "Rate_2090": 1.600952551947133, "Dist_2100": 15.825078299585698, "Rate_2100": 1.5826919936572919, "RSL_2050": 0.18573485314846039, "RSL_2100": 0.55779761075973511 }, "geometry": { "type": "LineString", "coordinates": [ [ -2.447652791697635, 56.735099805921166 ], [ -2.446631709377127, 56.734931166174555 ] ] } },
{ "type": "Feature", "properties": { "Cell": "None", "SubCell": "None", "CMU": "None", "LineID": 0, "TransectID": 215, "Hist_Rate": 2.0216866842039001, "LatestYr": "2024-09-05 00:00:00", "LatestSrc": "montrose_MHWS_Modern_LiDAR.shp", "FirstEYr": 2030.0, "Extrap2050": -50.325819432246057, "Extrap2100": -149.69333099800207, "Dist_2040": 17.490160988781156, "Rate_2040": 1.7492196399082425, "Dist_2050": 17.019939922349124, "Rate_2050": 1.701726090087216, "Dist_2060": 16.574332249284907, "Rate_2060": 1.657626108039278, "Dist_2070": 16.099064812434847, "Rate_2070": 1.6096530741187338, "Dist_2080": 15.81065370829765, "Rate_2080": 1.5812493666628984, "Dist_2090": 15.531500164433055, "Rate_2090": 1.5529055430626719, "Dist_2100": 15.3442150306538, "Rate_2100": 1.5346000707375604, "RSL_2050": 0.18573485314846039, "RSL_2100": 0.55779761075973511 }, "geometry": { "type": "LineString", "coordinates": [ [ -2.447681546007128, 56.735021537857385 ], [ -2.446667754544459, 56.734852786452784 ] ] } },
{ "type": "Feature", "properties": { "Cell": "None", "SubCell": "None", "CMU": "None", "LineID": 0, "TransectID": 216, "Hist_Rate": 2.0291409746817965, "LatestYr": "2024-09-05 00:00:00", "LatestSrc": "montrose_MHWS_Modern_LiDAR.shp", "FirstEYr": 2030.0, "Extrap2050": -50.832846687571518, "Extrap2100": -151.20147531860525, "Dist_2040": 17.734347801485114, "Rate_2040": 1.7736411628926416, "Dist_2050": 17.272968078464146, "Rate_2050": 1.7270249229122479, "Dist_2060": 16.835436423789076, "Rate_2060": 1.6837395640788011, "Dist_2070": 16.369103547859538, "Rate_2070": 1.6366526971199253, "Dist_2080": 16.085864697340071, "Rate_2080": 1.6087736683237215, "Dist_2090": 15.812023061449565, "Rate_2090": 1.5809534171972333, "Dist_2100": 15.628042163225075, "Rate_2100": 1.5629860870212855, "RSL_2050": 0.18573485314846039, "RSL_2100": 0.55779761075973511 }, "geometry": { "type": "LineString", "coordinates": [ [ -2.447702031654554, 56.734953269466033 ], [ -2.446699416007838, 56.734783692930847 ] ] } },
{ "type": "Feature", "properties": { "Cell": "None", "SubCell": "None", "CMU": "None", "LineID": 0, "TransectID": 217, "Hist_Rate": 1.9715736106603945, "LatestYr": "2024-09-05 00:00:00", "LatestSrc": "montrose_MHWS_Modern_LiDAR.shp", "FirstEYr": 2030.0, "Extrap2050": -49.571721786685167, "Extrap2100": -147.45027982198027, "Dist_2040": 17.288786203042378, "Rate_2040": 1.7290798178435667, "Dist_2050": 16.837737165387352, "Rate_2050": 1.6835086823512155, "Dist_2060": 16.410027808846849, "Rate_2060": 1.641193751909295, "Dist_2070": 15.954136664612463, "Rate_2070": 1.5951625405761614, "Dist_2080": 15.677260972190595, "Rate_2080": 1.5679085406997053, "Dist_2090": 15.409545544929358, "Rate_2090": 1.5407120007374382, "Dist_2100": 15.229702508822811, "Rate_2100": 1.5231474859196921, "RSL_2050": 0.18573485314846039, "RSL_2100": 0.55779761075973511 }, "geometry": { "type": "LineString", "coordinates": [ [ -2.447716319459727, 56.734893747800527 ], [ -2.446728771916884, 56.734722882400298 ] ] } },
{ "type": "Feature", "properties": { "Cell": "None", "SubCell": "None", "CMU": "None", "LineID": 0, "TransectID": 218, "Hist_Rate": 1.965302507229735, "LatestYr": "2024-09-05 00:00:00", "LatestSrc": "montrose_MHWS_Modern_LiDAR.shp", "FirstEYr": 2030.0, "Extrap2050": -49.973585529791762, "Extrap2100": -148.64561698671218, "Dist_2040": 17.36559916117352, "Rate_2040": 1.7367620075643264, "Dist_2050": 16.898240323741049, "Rate_2050": 1.6895580458373913, "Dist_2060": 16.45535461363977, "Rate_2060": 1.6457269598774162, "Dist_2070": 15.982980175626267, "Rate_2070": 1.5980464376666239, "Dist_2080": 15.69633254103644, "Rate_2080": 1.569815919528889, "Dist_2090": 15.418876207344283, "Rate_2090": 1.5416449201097575, "Dist_2100": 15.232737935654541, "Rate_2100": 1.5234510639275203, "RSL_2050": 0.18573485314846039, "RSL_2100": 0.55779761075973511 }, "geometry": { "type": "LineString", "coordinates": [ [ -2.447754018839575, 56.734845562383022 ], [ -2.446752894658459, 56.734667550519148 ] ] } },
{ "type": "Feature", "properties": { "Cell": "None", "SubCell": "None", "CMU": "None", "LineID": 0, "TransectID": 219, "Hist_Rate": 2.0118032157342474, "LatestYr": "2024-09-05 00:00:00", "LatestSrc": "montrose_MHWS_Modern_LiDAR.shp", "FirstEYr": 2030.0, "Extrap2050": -51.55248124742343, "Extrap2100": -153.34201660697005, "Dist_2040": 18.062567969851727, "Rate_2040": 1.8064669993780311, "Dist_2050": 17.610069480588322, "Rate_2050": 1.7607297569843363, "Dist_2060": 17.180606499140424, "Rate_2060": 1.7182605885165105, "Dist_2070": 16.723248253807185, "Rate_2070": 1.6720615933044543, "Dist_2080": 16.445168725556016, "Rate_2080": 1.6447082525311865, "Dist_2090": 16.176672098148742, "Rate_2090": 1.6174125811136306, "Dist_2100": 15.99597891048461, "Rate_2100": 1.5997840435960227, "RSL_2050": 0.18573485314846039, "RSL_2100": 0.55779761075973511 }, "geometry": { "type": "LineString", "coordinates": [ [ -2.447777110938415, 56.734798520431418 ], [ -2.446771296060028, 56.73461437266738 ] ] } },
{ "type": "Feature", "properties": { "Cell": "None", "SubCell": "None", "CMU": "None", "LineID": 0, "TransectID": 220, "Hist_Rate": 1.8628296662513624, "LatestYr": "2024-09-05 00:00:00", "LatestSrc": "montrose_MHWS_Modern_LiDAR.shp", "FirstEYr": 2030.0, "Extrap2050": -48.182324212501094, "Extrap2100": -143.31753934588795, "Dist_2040": 16.6951804057598, "Rate_2040": 1.6697123300522245, "Dist_2050": 16.234992469944189, "Rate_2050": 1.6232437003021052, "Dist_2060": 15.799115429135668, "Rate_2060": 1.5800954044704503, "Dist_2070": 15.333990024560194, "Rate_2070": 1.5331576379812282, "Dist_2080": 15.051917220052928, "Rate_2080": 1.5053668880737081, "Dist_2090": 14.778673532391451, "Rate_2090": 1.4776347297165302, "Dist_2100": 14.595544380072681, "Rate_2100": 1.4597242930555028, "RSL_2050": 0.18573485314846039, "RSL_2100": 0.55779761075973511 }, "geometry": { "type": "LineString", "coordinates": [ [ -2.447821208442404, 56.734754688251961 ], [ -2.446796594318205, 56.734561753405828 ] ] } },
{ "type": "Feature", "properties": { "Cell": "None", "SubCell": "None", "CMU": "None", "LineID": 0, "TransectID": 221, "Hist_Rate": 1.8550136584853159, "LatestYr": "2024-09-05 00:00:00", "LatestSrc": "montrose_MHWS_Modern_LiDAR.shp", "FirstEYr": 2030.0, "Extrap2050": -47.260387146907711, "Extrap2100": -140.57525254606747, "Dist_2040": 16.290004481311769, "Rate_2040": 1.6291900223892426, "Dist_2050": 15.821497557206953, "Rate_2050": 1.5819007176397921, "Dist_2060": 15.378114245194467, "Rate_2060": 1.5379903866923441, "Dist_2070": 14.904582652487818, "Rate_2070": 1.4902236598552647, "Dist_2080": 14.617719888667068, "Rate_2080": 1.461942101981512, "Dist_2090": 14.339458805028244, "Rate_2090": 1.4337201704340345, "Dist_2100": 14.153287121330266, "Rate_2100": 1.4154934204305776, "RSL_2050": 0.18573485314846039, "RSL_2100": 0.55779761075973511 }, "geometry": { "type": "LineString", "coordinates": [ [ -2.447840179066973, 56.734700615932532 ], [ -2.446819335371187, 56.734503725943178 ] ] } },
{ "type": "Feature", "properties": { "Cell": "None", "SubCell": "None", "CMU": "None", "LineID": 0, "TransectID": 222, "Hist_Rate": 1.8236712766705034, "LatestYr": "2024-09-05 00:00:00", "LatestSrc": "montrose_MHWS_Modern_LiDAR.shp", "FirstEYr": 2030.0, "Extrap2050": -46.199725888912504, "Extrap2100": -137.4203328932719, "Dist_2040": 15.853895025630834, "Rate_2040": 1.5855740016152711, "Dist_2050": 15.381816840515967, "Rate_2050": 1.5379395667594178, "Dist_2060": 14.935349568509707, "Rate_2060": 1.493708766368129, "Dist_2070": 14.458210043405643, "Rate_2070": 1.4455934250694185, "Dist_2080": 14.169405648786721, "Rate_2080": 1.4171054607549245, "Dist_2090": 13.888961769616628, "Rate_2090": 1.3886775579357244, "Dist_2100": 13.701583325793251, "Rate_2100": 1.3703177841925087, "RSL_2050": 0.18573485314846039, "RSL_2100": 0.55779761075973511 }, "geometry": { "type": "LineString", "coordinates": [ [ -2.447872391329303, 56.734638843028314 ], [ -2.446857877961599, 56.734439782880962 ] ] } },
{ "type": "Feature", "properties": { "Cell": "None", "SubCell": "None", "CMU": "None", "LineID": 0, "TransectID": 223, "Hist_Rate": 1.7956144832106755, "LatestYr": "2024-09-05 00:00:00", "LatestSrc": "montrose_MHWS_Modern_LiDAR.shp", "FirstEYr": 2030.0, "Extrap2050": -44.245754692052984, "Extrap2100": -131.60827736329003, "Dist_2040": 15.032053650145428, "Rate_2040": 1.5033802999214791, "Dist_2050": 14.54971445660027, "Rate_2050": 1.4547424260648301, "Dist_2060": 14.094158654429862, "Rate_2060": 1.4095798856354322, "Dist_2070": 13.606651501682961, "Rate_2070": 1.3604509748435365, "Dist_2080": 13.312079810386081, "Rate_2080": 1.3313628998206293, "Dist_2090": 13.025411778414707, "Rate_2090": 1.3023361515131766, "Dist_2100": 12.834402617365356, "Rate_2100": 1.2835896215698428, "RSL_2050": 0.18573485314846039, "RSL_2100": 0.55779761075973511 }, "geometry": { "type": "LineString", "coordinates": [ [ -2.447920000956909, 56.734566120661491 ], [ -2.446901461757981, 56.734364602556923 ] ] } },
{ "type": "Feature", "properties": { "Cell": "None", "SubCell": "None", "CMU": "None", "LineID": 0, "TransectID": 224, "Hist_Rate": 1.7293011357180015, "LatestYr": "2024-09-05 00:00:00", "LatestSrc": "montrose_MHWS_Modern_LiDAR.shp", "FirstEYr": 2030.0, "Extrap2050": -43.461324955079895, "Extrap2100": -129.27500387492736, "Dist_2040": 14.743210180773474, "Rate_2040": 1.4744925915802727, "Dist_2050": 14.264959439092479, "Rate_2050": 1.4262714064967794, "Dist_2060": 13.813350287831042, "Rate_2060": 1.3814957810797179, "Dist_2070": 13.32997586171615, "Rate_2070": 1.3327877658562446, "Dist_2080": 13.03797164361481, "Rate_2080": 1.30394889322097, "Dist_2090": 12.753715716048418, "Rate_2090": 1.2751708219049589, "Dist_2100": 12.564386790734261, "Rate_2100": 1.2565848966086415, "RSL_2050": 0.18573485314846039, "RSL_2100": 0.55779761075973511 }, "geometry": { "type": "LineString", "coordinates": [ [ -2.44795164206038, 56.734474022217988 ], [ -2.446949959669602, 56.734276194862375 ] ] } },
{ "type": "Feature", "properties": { "Cell": "None", "SubCell": "None", "CMU": "None", "LineID": 0, "TransectID": 225, "Hist_Rate": 1.8312939698223174, "LatestYr": "2024-09-05 00:00:00", "LatestSrc": "montrose_MHWS_Modern_LiDAR.shp", "FirstEYr": 2030.0, "Extrap2050": -46.634487603810811, "Extrap2100": -138.7135245397815, "Dist_2040": 16.054874904534813, "Rate_2040": 1.6056743284007549, "Dist_2050": 15.588699239542905, "Rate_2050": 1.5586245502323433, "Dist_2060": 15.14760351303147, "Rate_2060": 1.5149366309168666, "Dist_2070": 14.676428630048463, "Rate_2070": 1.4674118488668151, "Dist_2080": 14.391060654457476, "Rate_2080": 1.4392735408230244, "Dist_2090": 14.114167209595678, "Rate_2090": 1.4111945570902682, "Dist_2100": 13.928980300493379, "Rate_2100": 1.3930601279854746, "RSL_2050": 0.18573485314846039, "RSL_2100": 0.55779761075973511 }, "geometry": { "type": "LineString", "coordinates": [ [ -2.448016517263369, 56.734372007903687 ], [ -2.447008101930668, 56.734175255749449 ] ] } },
{ "type": "Feature", "properties": { "Cell": "None", "SubCell": "None", "CMU": "None", "LineID": 0, "TransectID": 226, "Hist_Rate": 1.8439983197014267, "LatestYr": "2024-09-05 00:00:00", "LatestSrc": "montrose_MHWS_Modern_LiDAR.shp", "FirstEYr": 2030.0, "Extrap2050": -47.356809330057509, "Extrap2100": -140.86205876086194, "Dist_2040": 16.387292442974854, "Rate_2040": 1.638919950740209, "Dist_2050": 15.930624817209434, "Rate_2050": 1.5928117259237933, "Dist_2060": 15.498177235264336, "Rate_2060": 1.5499980829274465, "Dist_2070": 15.036610435134776, "Rate_2070": 1.5034243599383283, "Dist_2080": 14.756774202894519, "Rate_2080": 1.4758491516431276, "Dist_2090": 14.485600908861556, "Rate_2090": 1.4483320804694408, "Dist_2100": 14.303940934105015, "Rate_2100": 1.4305605549356109, "RSL_2050": 0.18573485314846039, "RSL_2100": 0.55779761075973511 }, "geometry": { "type": "LineString", "coordinates": [ [ -2.448088672772346, 56.734256702481218 ], [ -2.447082132868472, 56.734064527764609 ] ] } },
{ "type": "Feature", "properties": { "Cell": "None", "SubCell": "None", "CMU": "None", "LineID": 0, "TransectID": 227, "Hist_Rate": 1.9003360051358922, "LatestYr": "2024-09-05 00:00:00", "LatestSrc": "montrose_MHWS_Modern_LiDAR.shp", "FirstEYr": 2030.0, "Extrap2050": -46.806946180765081, "Extrap2100": -139.22649977068096, "Dist_2040": 16.108849017848115, "Rate_2040": 1.6110723678536119, "Dist_2050": 15.639871031744406, "Rate_2050": 1.5637409239835496, "Dist_2060": 15.196146203646833, "Rate_2060": 1.5197914648919713, "Dist_2070": 14.722139071499271, "Rate_2070": 1.4719821735072742, "Dist_2080": 14.43507426580004, "Rate_2080": 1.443675414163875, "Dist_2090": 14.156511646706576, "Rate_2090": 1.4154283342792846, "Dist_2100": 13.970227646144906, "Rate_2100": 1.3971853425649181, "RSL_2050": 0.18573485314846039, "RSL_2100": 0.55779761075973511 }, "geometry": { "type": "LineString", "coordinates": [ [ -2.448166728125829, 56.73413142462644 ], [ -2.447157908795381, 56.733944384803571 ] ] } },
{ "type": "Feature", "properties": { "Cell": "None", "SubCell": "None", "CMU": "None", "LineID": 0, "TransectID": 228, "Hist_Rate": 1.786573385449282, "LatestYr": "2024-09-05 00:00:00", "LatestSrc": "montrose_MHWS_Modern_LiDAR.shp", "FirstEYr": 2030.0, "Extrap2050": -45.394800392922015, "Extrap2100": -135.02609510321955, "Dist_2040": 15.517504315871918, "Rate_2040": 1.5519310159063113, "Dist_2050": 15.041630938846652, "Rate_2050": 1.5039263312843412, "Dist_2060": 14.59181924973285, "Rate_2060": 1.4593517366704685, "Dist_2070": 14.110845192271654, "Rate_2070": 1.4108624076480372, "Dist_2080": 13.819921852069115, "Rate_2080": 1.3821530139798339, "Dist_2090": 13.537172303372472, "Rate_2090": 1.3535041486489243, "Dist_2100": 13.348463270847901, "Rate_2100": 1.3350016692778381, "RSL_2050": 0.18573485314846039, "RSL_2100": 0.55779761075973511 }, "geometry": { "type": "LineString", "coordinates": [ [ -2.44823719018307, 56.733998583286066 ], [ -2.447238289376364, 56.733819619232442 ] ] } },
{ "type": "Feature", "properties": { "Cell": "None", "SubCell": "None", "CMU": "None", "LineID": 0, "TransectID": 229, "Hist_Rate": 1.7584382835924037, "LatestYr": "2024-09-05 00:00:00", "LatestSrc": "montrose_MHWS_Modern_LiDAR.shp", "FirstEYr": 2030.0, "Extrap2050": -44.393754599274452, "Extrap2100": -132.04850067906145, "Dist_2040": 15.137725537052063, "Rate_2040": 1.5139487183643863, "Dist_2050": 14.66483774612567, "Rate_2050": 1.4662529429206967, "Dist_2060": 14.217997235661755, "Rate_2060": 1.4219651849250243, "Dist_2070": 13.740041587075211, "Rate_2070": 1.3737878837578203, "Dist_2080": 13.451066982198768, "Rate_2080": 1.3452632344594013, "Dist_2090": 13.170060271656951, "Rate_2090": 1.3167987239996342, "Dist_2100": 12.982642227448139, "Rate_2100": 1.2984153077104947, "RSL_2050": 0.18573485314846039, "RSL_2100": 0.55779761075973511 }, "geometry": { "type": "LineString", "coordinates": [ [ -2.448337950390107, 56.733870269523905 ], [ -2.447318131870177, 56.733693982732603 ] ] } },
{ "type": "Feature", "properties": { "Cell": "None", "SubCell": "None", "CMU": "None", "LineID": 0, "TransectID": 230, "Hist_Rate": 1.6951334505927407, "LatestYr": "2024-09-05 00:00:00", "LatestSrc": "montrose_MHWS_Modern_LiDAR.shp", "FirstEYr": 2030.0, "Extrap2050": -42.953589097203249, "Extrap2100": -127.76475182756607, "Dist_2040": 14.495205339858217, "Rate_2040": 1.4496892213425971, "Dist_2050": 14.007406379342513, "Rate_2050": 1.4005201545324413, "Dist_2060": 13.547067231659469, "Rate_2060": 1.3548643766044315, "Dist_2070": 13.054043870669034, "Rate_2070": 1.3051989100555255, "Dist_2080": 12.75644700333828, "Rate_2080": 1.2757931529618789, "Dist_2090": 12.466456204515566, "Rate_2090": 1.2464493923563582, "Dist_2100": 12.273552913712706, "Rate_2100": 1.2274981243391876, "RSL_2050": 0.18573485314846039, "RSL_2100": 0.55779761075973511 }, "geometry": { "type": "LineString", "coordinates": [ [ -2.448393959873402, 56.733738455375345 ], [ -2.447392849190582, 56.733571149895518 ] ] } },
{ "type": "Feature", "properties": { "Cell": "None", "SubCell": "None", "CMU": "None", "LineID": 0, "TransectID": 231, "Hist_Rate": 1.6303154163201139, "LatestYr": "2024-09-05 00:00:00", "LatestSrc": "montrose_MHWS_Modern_LiDAR.shp", "FirstEYr": 2030.0, "Extrap2050": -41.30699951131578, "Extrap2100": -122.86699789769796, "Dist_2040": 13.82785905782174, "Rate_2040": 1.3829468269240026, "Dist_2050": 13.336449261978373, "Rate_2050": 1.3334350039879923, "Dist_2060": 12.873111506616908, "Rate_2060": 1.2874609609681069, "Dist_2070": 12.37644089115588, "Rate_2070": 1.2374492779052839, "Dist_2080": 12.076979887820585, "Rate_2080": 1.2078385341394606, "Dist_2090": 11.784757168576732, "Rate_2090": 1.1782902190374727, "Dist_2100": 11.590719557627665, "Rate_2100": 1.1592068422855484, "RSL_2050": 0.18573485314846039, "RSL_2100": 0.55779761075973511 }, "geometry": { "type": "LineString", "coordinates": [ [ -2.448459754682944, 56.733616697159988 ], [ -2.447459646442668, 56.73345426302123 ] ] } },
{ "type": "Feature", "properties": { "Cell": "None", "SubCell": "None", "CMU": "None", "LineID": 0, "TransectID": 232, "Hist_Rate": 1.5231929849957753, "LatestYr": "2024-09-05 00:00:00", "LatestSrc": "montrose_MHWS_Modern_LiDAR.shp", "FirstEYr": 2030.0, "Extrap2050": -39.218503405712916, "Extrap2100": -116.65480021565229, "Dist_2040": 12.979902899018271, "Rate_2040": 1.2981413429886859, "Dist_2050": 12.48361164776577, "Rate_2050": 1.2481646666463426, "Dist_2060": 12.016191475650203, "Rate_2060": 1.2017589854997726, "Dist_2070": 11.514590012336441, "Rate_2070": 1.1512777559761274, "Dist_2080": 11.212585187715433, "Rate_2080": 1.1213890047711266, "Dist_2090": 10.917351127826237, "Rate_2090": 1.091563268356166, "Dist_2100": 10.721759487930854, "Rate_2100": 1.0723007228287473, "RSL_2050": 0.18573485314846039, "RSL_2100": 0.55779761075973511 }, "geometry": { "type": "LineString", "coordinates": [ [ -2.448515001423441, 56.733504055492652 ], [ -2.447518166189681, 56.733345520081365 ] ] } },
{ "type": "Feature", "properties": { "Cell": "None", "SubCell": "None", "CMU": "None", "LineID": 0, "TransectID": 233, "Hist_Rate": 1.4897185358891705, "LatestYr": "2024-09-05 00:00:00", "LatestSrc": "montrose_MHWS_Modern_LiDAR.shp", "FirstEYr": 2030.0, "Extrap2050": -37.704286627638247, "Extrap2100": -112.15078704864914, "Dist_2040": 12.368544862184706, "Rate_2040": 1.2369984246512864, "Dist_2050": 11.869400271886263, "Rate_2050": 1.1867531970447356, "Dist_2060": 11.39965490474799, "Rate_2060": 1.1400981534905306, "Dist_2070": 10.895171567794478, "Rate_2070": 1.0893456614700725, "Dist_2080": 10.591730412796039, "Rate_2080": 1.0592963021072446, "Dist_2090": 10.294723401090835, "Rate_2090": 1.0293102961464329, "Dist_2100": 10.098267245460022, "Rate_2100": 1.0099442427163012, "RSL_2050": 0.18573485314846039, "RSL_2100": 0.55779761075973511 }, "geometry": { "type": "LineString", "coordinates": [ [ -2.448564755001044, 56.733402083190285 ], [ -2.447577416571256, 56.733247010489777 ] ] } },
{ "type": "Feature", "properties": { "Cell": "None", "SubCell": "None", "CMU": "None", "LineID": 0, "TransectID": 234, "Hist_Rate": 1.4213380870668657, "LatestYr": "2024-09-05 00:00:00", "LatestSrc": "montrose_MHWS_Modern_LiDAR.shp", "FirstEYr": 2030.0, "Extrap2050": -35.554124705302598, "Extrap2100": -105.75516539815978, "Dist_2040": 11.521510082326188, "Rate_2040": 1.1522850893329746, "Dist_2050": 11.022525381360936, "Rate_2050": 1.1020790382156369, "Dist_2060": 10.553375573889753, "Rate_2060": 1.0554603718637536, "Dist_2070": 10.049056288920497, "Rate_2070": 1.004747451849451, "Dist_2080": 9.7460810252508736, "Rate_2080": 0.97472152214271424, "Dist_2090": 9.4490762950612748, "Rate_2090": 0.94475889644098487, "Dist_2100": 9.2530026139478423, "Rate_2100": 0.92540794283265193, "RSL_2050": 0.18573485314846039, "RSL_2100": 0.55779761075973511 }, "geometry": { "type": "LineString", "coordinates": [ [ -2.448610342220871, 56.733310014345861 ], [ -2.447622079794098, 56.73315548895004 ] ] } },
{ "type": "Feature", "properties": { "Cell": "None", "SubCell": "None", "CMU": "None", "LineID": 0, "TransectID": 235, "Hist_Rate": 1.3743702915906888, "LatestYr": "2024-09-05 00:00:00", "LatestSrc": "montrose_MHWS_Modern_LiDAR.shp", "FirstEYr": 2030.0, "Extrap2050": -35.133961008002359, "Extrap2100": -104.50539531745625, "Dist_2040": 11.376154248221894, "Rate_2040": 1.1377478143499959, "Dist_2050": 10.88122864903977, "Rate_2050": 1.0879515890629368, "Dist_2060": 10.415922502896933, "Rate_2060": 1.0417134651600035, "Dist_2070": 9.9157058652651244, "Rate_2070": 0.99141450848455992, "Dist_2080": 9.615217800527887, "Rate_2080": 0.96163367675501288, "Dist_2090": 9.3206234344219183, "Rate_2090": 0.93191563228766705, "Dist_2100": 9.12616432774945, "Rate_2100": 0.91272263813746679, "RSL_2050": 0.18573485314846039, "RSL_2100": 0.55779761075973511 }, "geometry": { "type": "LineString", "coordinates": [ [ -2.448665638846233, 56.733227745109147 ], [ -2.44766626976296, 56.733071184109306 ] ] } },
{ "type": "Feature", "properties": { "Cell": "None", "SubCell": "None", "CMU": "None", "LineID": 0, "TransectID": 236, "Hist_Rate": 1.2430488861466402, "LatestYr": "2024-09-05 00:00:00", "LatestSrc": "montrose_MHWS_Modern_LiDAR.shp", "FirstEYr": 2030.0, "Extrap2050": -31.477079503167165, "Extrap2100": -93.628060786207357, "Dist_2040": 9.9397195315460749, "Rate_2040": 0.99408762623239799, "Dist_2050": 9.4458963013469202, "Rate_2050": 0.94444094712420001, "Dist_2060": 8.982371518622756, "Rate_2060": 0.89834168384188717, "Dist_2070": 8.483273139824405, "Rate_2070": 0.84819378312956895, "Dist_2080": 8.1840714629502145, "Rate_2080": 0.818502388090524, "Dist_2090": 7.8899778384901538, "Rate_2090": 0.78887359175328231, "Dist_2100": 7.6964866974419692, "Rate_2100": 0.76973823729201762, "RSL_2050": 0.18573485314846039, "RSL_2100": 0.55779761075973511 }, "geometry": { "type": "LineString", "coordinates": [ [ -2.448705440330965, 56.733148356602193 ], [ -2.44771596442958, 56.732992415325256 ] ] } },
{ "type": "Feature", "properties": { "Cell": "None", "SubCell": "None", "CMU": "None", "LineID": 0, "TransectID": 237, "Hist_Rate": 1.0172332572005387, "LatestYr": "2024-09-05 00:00:00", "LatestSrc": "montrose_MHWS_Modern_LiDAR.shp", "FirstEYr": 2030.0, "Extrap2050": -25.381024570412603, "Extrap2100": -75.49544458391405, "Dist_2040": 7.5294778918301404, "Rate_2040": 0.75303541317271905, "Dist_2050": 7.0343577171707921, "Rate_2050": 0.70332504749897429, "Dist_2060": 6.5709017966248666, "Rate_2060": 0.65716664826225568, "Dist_2070": 6.0704997064264603, "Rate_2070": 0.60695441801929007, "Dist_2080": 5.7715776847670668, "Rate_2080": 0.57722493497495497, "Dist_2090": 5.4764433282030609, "Rate_2090": 0.54755813093380967, "Dist_2100": 5.2833674474311465, "Rate_2100": 0.52839822971477834, "RSL_2050": 0.18573485314846039, "RSL_2100": 0.55779761075973511 }, "geometry": { "type": "LineString", "coordinates": [ [ -2.448734645099321, 56.733069603847348 ], [ -2.447760408548666, 56.732914874108424 ] ] } },
{ "type": "Feature", "properties": { "Cell": "None", "SubCell": "None", "CMU": "None", "LineID": 0, "TransectID": 238, "Hist_Rate": 0.89835552020972365, "LatestYr": "2024-09-05 00:00:00", "LatestSrc": "montrose_MHWS_Modern_LiDAR.shp", "FirstEYr": 2030.0, "Extrap2050": -22.656176129824551, "Extrap2100": -67.39042723619886, "Dist_2040": 6.5105520285942475, "Rate_2040": 0.65113096914124713, "Dist_2050": 6.0265216001391195, "Rate_2050": 0.60255729962737814, "Dist_2060": 5.5738950995746563, "Rate_2060": 0.55745437593274827, "Dist_2070": 5.0847035338734372, "Rate_2070": 0.50839031767609333, "Dist_2080": 4.7928486373805299, "Rate_2080": 0.47934064031721202, "Dist_2090": 4.5042310751146033, "Rate_2090": 0.45035220871955806, "Dist_2100": 4.3158020013270288, "Rate_2100": 0.43163042510122873, "RSL_2050": 0.18573485314846039, "RSL_2100": 0.55779761075973511 }, "geometry": { "type": "LineString", "coordinates": [ [ -2.44877928824942, 56.732993304956835 ], [ -2.447805654089612, 56.732837478844729 ] ] } },
{ "type": "Feature", "properties": { "Cell": "None", "SubCell": "None", "CMU": "None", "LineID": 0, "TransectID": 239, "Hist_Rate": 0.79569331765924833, "LatestYr": "2024-09-05 00:00:00", "LatestSrc": "montrose_MHWS_Modern_LiDAR.shp", "FirstEYr": 2030.0, "Extrap2050": -20.42797632614009, "Extrap2100": -60.762683177472162, "Dist_2040": 5.6375392381458482, "Rate_2040": 0.56381953044591593, "Dist_2050": 5.1546262066378858, "Rate_2050": 0.51538148433559761, "Dist_2060": 4.7034975655387825, "Rate_2060": 0.47040449331360867, "Dist_2070": 4.215437807287401, "Rate_2070": 0.42147742768359392, "Dist_2080": 3.9246318770146331, "Rate_2080": 0.39250886044373418, "Dist_2090": 3.6365860959687097, "Rate_2090": 0.36360136795971848, "Dist_2100": 3.4489172113286486, "Rate_2100": 0.34493185776525298, "RSL_2050": 0.18573485314846039, "RSL_2100": 0.55779761075973511 }, "geometry": { "type": "LineString", "coordinates": [ [ -2.448823935887453, 56.732915890788021 ], [ -2.447859872252774, 56.732760545984249 ] ] } },
{ "type": "Feature", "properties": { "Cell": "None", "SubCell": "None", "CMU": "None", "LineID": 0, "TransectID": 240, "Hist_Rate": 0.55863851270431109, "LatestYr": "2024-09-05 00:00:00", "LatestSrc": "montrose_MHWS_Modern_LiDAR.shp", "FirstEYr": 2030.0, "Extrap2050": -13.620576095985033, "Extrap2100": -40.514181963092689, "Dist_2040": 2.9542757012553125, "Rate_2040": 0.29546195038766249, "Dist_2050": 2.4715579884480121, "Rate_2050": 0.24711689531774517, "Dist_2060": 2.0220271956706029, "Rate_2060": 0.20222625082549842, "Dist_2070": 1.5341726367719275, "Rate_2070": 0.15339311505233252, "Dist_2080": 1.2446567683414855, "Rate_2080": 0.12448016147616786, "Dist_2090": 0.95643220113834104, "Rate_2090": 0.095628165404946772, "Dist_2100": 0.76985537652279845, "Rate_2100": 0.076994496812603563, "RSL_2050": 0.18573485314846039, "RSL_2100": 0.55779761075973511 }, "geometry": { "type": "LineString", "coordinates": [ [ -2.44887838071105, 56.732839173604553 ], [ -2.447909671112213, 56.732682128858592 ] ] } },
{ "type": "Feature", "properties": { "Cell": "None", "SubCell": "None", "CMU": "None", "LineID": 0, "TransectID": 241, "Hist_Rate": 0.35082742126951955, "LatestYr": "2024-09-05 00:00:00", "LatestSrc": "montrose_MHWS_Modern_LiDAR.shp", "FirstEYr": 2030.0, "Extrap2050": -9.2964004584946025, "Extrap2100": -27.651991892490543, "Dist_2040": 1.27936154140383, "Rate_2040": 0.12795104265777338, "Dist_2050": 0.80266885309197278, "Rate_2050": 0.080254250910332572, "Dist_2060": 0.3596136424012002, "Rate_2060": 0.035965549229112916, "Dist_2070": -0.12214701155687635, "Rate_2070": -0.012212778502207066, "Dist_2080": -0.40733295284633186, "Rate_2080": -0.040738035605141394, "Dist_2090": -0.69214047216274821, "Rate_2090": -0.06920315258798318, "Dist_2100": -0.87576768881285716, "Rate_2100": -0.087586960591793536, "RSL_2050": 0.18573485314846039, "RSL_2100": 0.55779761075973511 }, "geometry": { "type": "LineString", "coordinates": [ [ -2.448931939328117, 56.732762838508435 ], [ -2.447946796809138, 56.732602101443099 ] ] } },
{ "type": "Feature", "properties": { "Cell": "None", "SubCell": "None", "CMU": "None", "LineID": 0, "TransectID": 242, "Hist_Rate": 0.38796696536657244, "LatestYr": "2024-09-05 00:00:00", "LatestSrc": "montrose_MHWS_Modern_LiDAR.shp", "FirstEYr": 2030.0, "Extrap2050": -9.8836968789713726, "Extrap2100": -29.398895538694067, "Dist_2040": 1.4995154421848156, "Rate_2040": 0.14996899476784981, "Dist_2050": 1.0205406374295194, "Rate_2050": 0.10203799993603921, "Dist_2060": 0.57525135274443073, "Rate_2060": 0.05753182973843312, "Dist_2070": 0.091183697373821815, "Rate_2070": 0.0091169344615543713, "Dist_2080": -0.19546114061870412, "Rate_2080": -0.019548388732866111, "Dist_2090": -0.48160857257875023, "Rate_2090": -0.048153276504268872, "Dist_2100": -0.6661960073901696, "Rate_2100": -0.066627353567690034, "RSL_2050": 0.18573485314846039, "RSL_2100": 0.55779761075973511 }, "geometry": { "type": "LineString", "coordinates": [ [ -2.448956593647989, 56.73268429529535 ], [ -2.448019327961755, 56.732530105225415 ] ] } },
{ "type": "Feature", "properties": { "Cell": "None", "SubCell": "None", "CMU": "None", "LineID": 0, "TransectID": 243, "Hist_Rate": 0.34526366655029062, "LatestYr": "2024-09-05 00:00:00", "LatestSrc": "montrose_MHWS_Modern_LiDAR.shp", "FirstEYr": 2030.0, "Extrap2050": -8.8052097145363177, "Extrap2100": -26.190953017256852, "Dist_2040": 1.0989485367720135, "Rate_2040": 0.10990764264566051, "Dist_2050": 0.62490657277913897, "Rate_2050": 0.062480820943959667, "Dist_2060": 0.1844065305194249, "Rate_2060": 0.018442799075367212, "Dist_2070": -0.29467471377478205, "Rate_2070": -0.029462833053897027, "Dist_2080": -0.57819904723379523, "Rate_2080": -0.057826633491043118, "Dist_2090": -0.86144193724834395, "Rate_2090": -0.086130634208986659, "Dist_2100": -1.0439823816602711, "Rate_2100": -0.10441038746811379, "RSL_2050": 0.18573485314846039, "RSL_2100": 0.55779761075973511 }, "geometry": { "type": "LineString", "coordinates": [ [ -2.448988031372313, 56.732611163157848 ], [ -2.448066639792595, 56.732457855400845 ] ] } },
{ "type": "Feature", "properties": { "Cell": "None", "SubCell": "None", "CMU": "None", "LineID": 0, "TransectID": 244, "Hist_Rate": 0.33325218890686142, "LatestYr": "2024-09-05 00:00:00", "LatestSrc": "montrose_MHWS_Modern_LiDAR.shp", "FirstEYr": 2030.0, "Extrap2050": -8.6165108001790944, "Extrap2100": -25.629671167015577, "Dist_2040": 1.0471219471423865, "Rate_2040": 0.10472438055288968, "Dist_2050": 0.57759051234410208, "Rate_2050": 0.057749959678302959, "Dist_2060": 0.14130368718360842, "Rate_2060": 0.014132013134216621, "Dist_2070": -0.33321895860655104, "Rate_2070": -0.033316650831878791, "Dist_2080": -0.6140274542538009, "Rate_2080": -0.061409891144658786, "Dist_2090": -0.89457983285672071, "Rate_2090": -0.089443902163200334, "Dist_2100": -1.0753677170558262, "Rate_2100": -0.10754928625322087, "RSL_2050": 0.18573485314846039, "RSL_2100": 0.55779761075973511 }, "geometry": { "type": "LineString", "coordinates": [ [ -2.449038380786396, 56.732546309058179 ], [ -2.448089718652366, 56.732386090245733 ] ] } },
{ "type": "Feature", "properties": { "Cell": "None", "SubCell": "None", "CMU": "None", "LineID": 0, "TransectID": 245, "Hist_Rate": 0.40840598814743462, "LatestYr": "2024-09-05 00:00:00", "LatestSrc": "montrose_MHWS_Modern_LiDAR.shp", "FirstEYr": 2030.0, "Extrap2050": -10.794657417898009, "Extrap2100": -32.108532838554666, "Dist_2040": 1.9243927683596098, "Rate_2040": 0.19246167187776145, "Dist_2050": 1.4585371089565911, "Rate_2050": 0.14583075281086169, "Dist_2060": 1.0251983305566341, "Rate_2060": 0.1025317637591269, "Dist_2070": 0.55438795853621059, "Rate_2070": 0.055430069517016671, "Dist_2080": 0.27539056987973254, "Rate_2080": 0.027542261834419008, "Dist_2090": -0.0028679481276299157, "Rate_2090": -0.0002867496698619955, "Dist_2100": -0.18257612894234398, "Rate_2100": -0.018259737616435946, "RSL_2050": 0.18573485314846039, "RSL_2100": 0.55779761075973511 }, "geometry": { "type": "LineString", "coordinates": [ [ -2.449079472235882, 56.732484188896208 ], [ -2.448109328553985, 56.732317407191985 ] ] } },
{ "type": "Feature", "properties": { "Cell": "None", "SubCell": "None", "CMU": "None", "LineID": 0, "TransectID": 246, "Hist_Rate": 0.33389926835607064, "LatestYr": "2024-09-05 00:00:00", "LatestSrc": "montrose_MHWS_Modern_LiDAR.shp", "FirstEYr": 2030.0, "Extrap2050": -9.5351098798843825, "Extrap2100": -28.362029182127717, "Dist_2040": 1.402418933241222, "Rate_2040": 0.14025821391685572, "Dist_2050": 0.93150557963093661, "Rate_2050": 0.093135895611374864, "Dist_2060": 0.49374873405685094, "Rate_2060": 0.049380619386297751, "Dist_2070": 0.017828454789878379, "Rate_2070": 0.001782564850422161, "Dist_2080": -0.26396054282542991, "Rate_2080": -0.026399126112518372, "Dist_2090": -0.54529984585008151, "Rate_2090": -0.054521401299725818, "Dist_2100": -0.72675332038670604, "Rate_2100": -0.072683789600586385, "RSL_2050": 0.18573485314846039, "RSL_2100": 0.55779761075973511 }, "geometry": { "type": "LineString", "coordinates": [ [ -2.449103273895251, 56.732420599528076 ], [ -2.448128056091978, 56.732249804900412 ] ] } },
{ "type": "Feature", "properties": { "Cell": "None", "SubCell": "None", "CMU": "None", "LineID": 0, "TransectID": 247, "Hist_Rate": 0.23759297637325616, "LatestYr": "2024-09-05 00:00:00", "LatestSrc": "montrose_MHWS_Modern_LiDAR.shp", "FirstEYr": 2030.0, "Extrap2050": -6.2661271672931482, "Extrap2100": -18.638493296507924, "Dist_2040": 0.13480919292175031, "Rate_2040": 0.013482488128620589, "Dist_2050": -0.33183124946083353, "Rate_2050": -0.033177901760525187, "Dist_2060": -0.76495353733560023, "Rate_2060": -0.076504255848931543, "Dist_2070": -1.2365518237225501, "Rate_2070": -0.12363571844401411, "Dist_2080": -1.515235177826014, "Rate_2080": -0.15154115126974751, "Dist_2090": -1.794159917092145, "Rate_2090": -0.17938775075787786, "Dist_2100": -1.9734913124012223, "Rate_2100": -0.19737209766421235, "RSL_2050": 0.18573485314846039, "RSL_2100": 0.55779761075973511 }, "geometry": { "type": "LineString", "coordinates": [ [ -2.449150678591653, 56.732358446514283 ], [ -2.448147900770623, 56.732179914325499 ] ] } },
{ "type": "Feature", "properties": { "Cell": "None", "SubCell": "None", "CMU": "None", "LineID": 0, "TransectID": 248, "Hist_Rate": 0.0018897923633034441, "LatestYr": "2024-09-05 00:00:00", "LatestSrc": "montrose_MHWS_Modern_LiDAR.shp", "FirstEYr": null, "Extrap2050": -0.66451654491431245, "Extrap2100": -1.9765936498148609, "Dist_2040": -2.0280529935910181, "Rate_2040": -0.20282890074251572, "Dist_2050": -2.4855201413499231, "Rate_2050": -0.24851289083684625, "Dist_2060": -2.908987588307923, "Rate_2060": -0.29093261205436927, "Dist_2070": -3.3713088338772081, "Rate_2070": -0.33707781734393544, "Dist_2080": -3.643569084809883, "Rate_2080": -0.36439931036655909, "Dist_2090": -3.9172486058023424, "Rate_2090": -0.3916632011784183, "Dist_2100": -4.092235903975677, "Rate_2100": -0.40927121362481828, "RSL_2050": 0.18573485314846039, "RSL_2100": 0.55779761075973511 }, "geometry": { "type": "LineString", "coordinates": [ [ -2.449175593824926, 56.73228477113156 ], [ -2.448171255549699, 56.73210395824669 ] ] } },
{ "type": "Feature", "properties": { "Cell": "None", "SubCell": "None", "CMU": "None", "LineID": 0, "TransectID": 249, "Hist_Rate": -0.072939340085332371, "LatestYr": "2024-09-05 00:00:00", "LatestSrc": "montrose_MHWS_Modern_LiDAR.shp", "FirstEYr": null, "Extrap2050": 2.3990038033089354, "Extrap2100": 7.1357977762819891, "Dist_2040": -3.2529107670443409, "Rate_2040": -0.32532893231987753, "Dist_2050": -3.7137487049862443, "Rate_2050": -0.37131641428440687, "Dist_2060": -4.139697663346908, "Rate_2060": -0.4140179418962166, "Dist_2070": -4.6054219462653236, "Rate_2070": -0.46046970304101081, "Dist_2080": -4.8791591957590299, "Rate_2080": -0.48797270059064007, "Dist_2090": -5.1549885529317407, "Rate_2090": -0.5154177132614759, "Dist_2100": -5.3308066374966074, "Rate_2100": -0.53314270079295034, "RSL_2050": 0.18573485314846039, "RSL_2100": 0.55779761075973511 }, "geometry": { "type": "LineString", "coordinates": [ [ -2.449230391408779, 56.732204728443833 ], [ -2.448200264795304, 56.732018691194099 ] ] } },
{ "type": "Feature", "properties": { "Cell": "None", "SubCell": "None", "CMU": "None", "LineID": 0, "TransectID": 250, "Hist_Rate": -0.22962100127642676, "LatestYr": "2024-09-05 00:00:00", "LatestSrc": "montrose_MHWS_Modern_LiDAR.shp", "FirstEYr": null, "Extrap2050": 5.4487588345706603, "Extrap2100": 16.207244491066433, "Dist_2040": -4.4582788021781994, "Rate_2040": -0.44587976325426371, "Dist_2050": -4.9196785194171753, "Rate_2050": -0.49189041380460652, "Dist_2060": -5.3455124635009952, "Rate_2060": -0.53461345453183529, "Dist_2070": -5.8118009874669951, "Rate_2070": -0.58108861816723623, "Dist_2080": -6.0853465381190972, "Rate_2080": -0.60860547178230129, "Dist_2090": -6.361644466894063, "Rate_2090": -0.63606431130565422, "Dist_2100": -6.5372215207453337, "Rate_2100": -0.65379822872147531, "RSL_2050": 0.18573485314846039, "RSL_2100": 0.55779761075973511 }, "geometry": { "type": "LineString", "coordinates": [ [ -2.449278313309701, 56.732109289202164 ], [ -2.448236125688288, 56.731922287881176 ] ] } },
{ "type": "Feature", "properties": { "Cell": "None", "SubCell": "None", "CMU": "None", "LineID": 0, "TransectID": 251, "Hist_Rate": -0.35590404848483154, "LatestYr": "2024-09-05 00:00:00", "LatestSrc": "montrose_MHWS_Modern_LiDAR.shp", "FirstEYr": null, "Extrap2050": 9.1215661115578222, "Extrap2100": 27.131949972436722, "Dist_2040": -5.8791343070618609, "Rate_2040": -0.58798184889020855, "Dist_2050": -6.3350651063883561, "Rate_2050": -0.63340679362716923, "Dist_2060": -6.7550736722369606, "Rate_2060": -0.67558597911610296, "Dist_2070": -7.2158310448185148, "Rate_2070": -0.72146952378514273, "Dist_2080": -7.4854898161528354, "Rate_2080": -0.74863609369556461, "Dist_2090": -7.7586751334850987, "Rate_2090": -0.77574538802133353, "Dist_2100": -7.9316125261838124, "Rate_2100": -0.79325355643337658, "RSL_2050": 0.18573485314846039, "RSL_2100": 0.55779761075973511 }, "geometry": { "type": "LineString", "coordinates": [ [ -2.449335174798385, 56.732001473304472 ], [ -2.448278614714815, 56.731814926959572 ] ] } },
{ "type": "Feature", "properties": { "Cell": "None", "SubCell": "None", "CMU": "None", "LineID": 0, "TransectID": 252, "Hist_Rate": -0.42836175664548709, "LatestYr": "2024-09-05 00:00:00", "LatestSrc": "montrose_MHWS_Modern_LiDAR.shp", "FirstEYr": null, "Extrap2050": 10.210066264065286, "Extrap2100": 30.369675963963683, "Dist_2040": -6.3482004681860644, "Rate_2040": -0.63489392374081288, "Dist_2050": -6.8120931584534219, "Rate_2050": -0.68110209017969447, "Dist_2060": -7.2392428725468676, "Rate_2060": -0.72400853364627582, "Dist_2070": -7.7080453563561377, "Rate_2070": -0.77068320724579986, "Dist_2080": -7.9822529288750275, "Rate_2080": -0.79831818602810445, "Dist_2090": -8.2602492202181566, "Rate_2090": -0.82589490167411173, "Dist_2100": -8.4360677338605683, "Rate_2100": -0.8437049477778118, "RSL_2050": 0.18573485314846039, "RSL_2100": 0.55779761075973511 }, "geometry": { "type": "LineString", "coordinates": [ [ -2.449395683472012, 56.731883239246876 ], [ -2.448326066673119, 56.731698895057519 ] ] } },
{ "type": "Feature", "properties": { "Cell": "None", "SubCell": "None", "CMU": "None", "LineID": 0, "TransectID": 253, "Hist_Rate": -0.4707317870299994, "LatestYr": "2024-09-05 00:00:00", "LatestSrc": "montrose_MHWS_Modern_LiDAR.shp", "FirstEYr": null, "Extrap2050": 11.421640275611523, "Extrap2100": 33.973483146540012, "Dist_2040": -6.8429190876202597, "Rate_2040": -0.68437154295184632, "Dist_2050": -7.3102037372842688, "Rate_2050": -0.73090530755955374, "Dist_2060": -7.7402400742656141, "Rate_2060": -0.77411408415250782, "Dist_2070": -8.2124691135160219, "Rate_2070": -0.82111764308605961, "Dist_2080": -8.4884856275286893, "Rate_2080": -0.84894734715570852, "Dist_2090": -8.768563990174016, "Rate_2090": -0.87671837754753168, "Dist_2100": -8.9454981631508872, "Rate_2100": -0.89465391918254056, "RSL_2050": 0.18573485314846039, "RSL_2100": 0.55779761075973511 }, "geometry": { "type": "LineString", "coordinates": [ [ -2.449491904252396, 56.731765006152443 ], [ -2.448377066621473, 56.731578364481329 ] ] } },
{ "type": "Feature", "properties": { "Cell": "None", "SubCell": "None", "CMU": "None", "LineID": 0, "TransectID": 254, "Hist_Rate": -0.11848692785528485, "LatestYr": "2024-09-05 00:00:00", "LatestSrc": "montrose_MHWS_Modern_LiDAR.shp", "FirstEYr": null, "Extrap2050": 2.7220015112028362, "Extrap2100": 8.0965492025841943, "Dist_2040": -3.371056470995029, "Rate_2040": -0.33714487763072343, "Dist_2050": -3.8300533679510522, "Rate_2050": -0.38294504988882078, "Dist_2060": -4.254231432351105, "Rate_2060": -0.42547265167866882, "Dist_2070": -4.7180947719144797, "Rate_2070": -0.47173521208074853, "Dist_2080": -4.990681094649176, "Rate_2080": -0.49912618831117245, "Dist_2090": -5.2654229616169914, "Rate_2090": -0.52645941583859679, "Dist_2100": -5.4404889499144247, "Rate_2100": -0.54411220845813779, "RSL_2050": 0.18573485314846039, "RSL_2100": 0.55779761075973511 }, "geometry": { "type": "LineString", "coordinates": [ [ -2.449542891163333, 56.731639153383071 ], [ -2.448433523354693, 56.731458868225403 ] ] } },
{ "type": "Feature", "properties": { "Cell": "None", "SubCell": "None", "CMU": "None", "LineID": 0, "TransectID": 255, "Hist_Rate": -0.1176690875830315, "LatestYr": "2024-09-05 00:00:00", "LatestSrc": "montrose_MHWS_Modern_LiDAR.shp", "FirstEYr": null, "Extrap2050": 4.0768522232637148, "Extrap2100": 12.126530599438649, "Dist_2040": -3.8732227526862175, "Rate_2040": -0.3873673497393198, "Dist_2050": -4.325813745006144, "Rate_2050": -0.43251328408442558, "Dist_2060": -4.7437818980959037, "Rate_2060": -0.4744333953765863, "Dist_2070": -5.2011698177551011, "Rate_2070": -0.52003511282820081, "Dist_2080": -5.4697116591288477, "Rate_2080": -0.54703481945765831, "Dist_2090": -5.74067963396908, "Rate_2090": -0.57397760230220418, "Dist_2100": -5.913094181519341, "Rate_2100": -0.59137823154260072, "RSL_2050": 0.18573485314846039, "RSL_2100": 0.55779761075973511 }, "geometry": { "type": "LineString", "coordinates": [ [ -2.449604037972009, 56.731520698472849 ], [ -2.448487041414881, 56.731343862597569 ] ] } },
{ "type": "Feature", "properties": { "Cell": "None", "SubCell": "None", "CMU": "None", "LineID": 0, "TransectID": 256, "Hist_Rate": -0.28228665876394171, "LatestYr": "2024-09-05 00:00:00", "LatestSrc": "montrose_MHWS_Modern_LiDAR.shp", "FirstEYr": null, "Extrap2050": 7.9509406938456015, "Extrap2100": 23.649943715902946, "Dist_2040": -5.4124554863404342, "Rate_2040": -0.54130853586245786, "Dist_2050": -5.8673701291695011, "Rate_2050": -0.58664465765211926, "Dist_2060": -6.2866820587641428, "Rate_2060": -0.62874136688065785, "Dist_2070": -6.7464138370722821, "Rate_2070": -0.67453519186610267, "Dist_2080": -7.0156699628652177, "Rate_2080": -0.70164864085755729, "Dist_2090": -7.2881964602344169, "Rate_2090": -0.72870492625983274, "Dist_2100": -7.4609203342683941, "Rate_2100": -0.74617885958078423, "RSL_2050": 0.18573485314846039, "RSL_2100": 0.55779761075973511 }, "geometry": { "type": "LineString", "coordinates": [ [ -2.449650515221482, 56.731409584868857 ], [ -2.448536167518323, 56.731236534529309 ] ] } },
{ "type": "Feature", "properties": { "Cell": "None", "SubCell": "None", "CMU": "None", "LineID": 0, "TransectID": 257, "Hist_Rate": -0.28627683791811143, "LatestYr": "2024-09-05 00:00:00", "LatestSrc": "montrose_MHWS_Modern_LiDAR.shp", "FirstEYr": null, "Extrap2050": 7.5174002490478662, "Extrap2100": 22.36038471743495, "Dist_2040": -5.2504758820147686, "Rate_2040": -0.52510869039889896, "Dist_2050": -5.7071825156674549, "Rate_2050": -0.57062841773300588, "Dist_2060": -6.1282429612015221, "Rate_2060": -0.61289561329590558, "Dist_2070": -6.5897862391211675, "Rate_2070": -0.65887489746570305, "Dist_2080": -6.8601831738756118, "Rate_2080": -0.68609815248747619, "Dist_2090": -7.1337630132069307, "Rate_2090": -0.71326401241479132, "Dist_2100": -7.3072367528236555, "Rate_2100": -0.73080871294994365, "RSL_2050": 0.18573485314846039, "RSL_2100": 0.55779761075973511 }, "geometry": { "type": "LineString", "coordinates": [ [ -2.44970925691671, 56.731311498439645 ], [ -2.448580524553885, 56.731138102077693 ] ] } },
{ "type": "Feature", "properties": { "Cell": "None", "SubCell": "None", "CMU": "None", "LineID": 0, "TransectID": 258, "Hist_Rate": -0.27140569248328206, "LatestYr": "2024-09-05 00:00:00", "LatestSrc": "montrose_MHWS_Modern_LiDAR.shp", "FirstEYr": null, "Extrap2050": 7.2250423715447445, "Extrap2100": 21.490770968057895, "Dist_2040": -5.1628569574106109, "Rate_2040": -0.51634577827684691, "Dist_2050": -5.6250892351622497, "Rate_2050": -0.56242038187072219, "Dist_2060": -6.051323839569875, "Rate_2060": -0.60520280598962217, "Dist_2070": -6.5184517193027887, "Rate_2070": -0.65174256832396626, "Dist_2080": -6.7921862552395851, "Rate_2080": -0.67929766931252578, "Dist_2090": -7.0690594601248904, "Rate_2090": -0.7067946755720409, "Dist_2100": -7.2446893267992891, "Rate_2100": -0.72455324245440567, "RSL_2050": 0.18573485314846039, "RSL_2100": 0.55779761075973511 }, "geometry": { "type": "LineString", "coordinates": [ [ -2.44976415457943, 56.731222835652027 ], [ -2.448620712655118, 56.731047705995216 ] ] } },
{ "type": "Feature", "properties": { "Cell": "None", "SubCell": "None", "CMU": "None", "LineID": 0, "TransectID": 259, "Hist_Rate": -0.18540260240640311, "LatestYr": "2024-09-05 00:00:00", "LatestSrc": "montrose_MHWS_Modern_LiDAR.shp", "FirstEYr": null, "Extrap2050": 5.0731315247195274, "Extrap2100": 15.089947170132872, "Dist_2040": -4.3627615091934331, "Rate_2040": -0.43632692237721316, "Dist_2050": -4.83466805204705, "Rate_2050": -0.48339070517377353, "Dist_2060": -5.2703029550724523, "Rate_2060": -0.52709162844141577, "Dist_2070": -5.7472102039621973, "Rate_2070": -0.57463055650716199, "Dist_2080": -6.0270710028360099, "Rate_2080": -0.60277724007484434, "Dist_2090": -6.3096389846540433, "Rate_2090": -0.63086458167328352, "Dist_2100": -6.4892888975873575, "Rate_2100": -0.64900440859174435, "RSL_2050": 0.18573485314846039, "RSL_2100": 0.55779761075973511 }, "geometry": { "type": "LineString", "coordinates": [ [ -2.449795828999578, 56.731137555844491 ], [ -2.448658048556724, 56.730962863978959 ] ] } },
{ "type": "Feature", "properties": { "Cell": "None", "SubCell": "None", "CMU": "None", "LineID": 0, "TransectID": 260, "Hist_Rate": -0.16983101649812443, "LatestYr": "2024-09-05 00:00:00", "LatestSrc": "montrose_MHWS_Modern_LiDAR.shp", "FirstEYr": null, "Extrap2050": 3.9220361955088059, "Extrap2100": 11.666032844052628, "Dist_2040": -3.9524364580476004, "Rate_2040": -0.39528964212170065, "Dist_2050": -4.4330457472762532, "Rate_2050": -0.44323479642746977, "Dist_2060": -4.8769735877899052, "Rate_2060": -0.48775411435880461, "Dist_2070": -5.3626772321317731, "Rate_2070": -0.53618331206046788, "Dist_2080": -5.6479137602053697, "Rate_2080": -0.56485710338494244, "Dist_2090": -5.9356387127852486, "Rate_2090": -0.5934704414329226, "Dist_2100": -6.1187876885195465, "Rate_2100": -0.61194997599236045, "RSL_2050": 0.18573485314846039, "RSL_2100": 0.55779761075973511 }, "geometry": { "type": "LineString", "coordinates": [ [ -2.449848305525713, 56.731058349858763 ], [ -2.448694197094149, 56.730880314663317 ] ] } },
{ "type": "Feature", "properties": { "Cell": "None", "SubCell": "None", "CMU": "None", "LineID": 0, "TransectID": 261, "Hist_Rate": 0.0028170537994112402, "LatestYr": "2024-09-05 00:00:00", "LatestSrc": "montrose_MHWS_Modern_LiDAR.shp", "FirstEYr": null, "Extrap2050": -0.14348784167117071, "Extrap2100": -0.42680225021251783, "Dist_2040": -2.3071237340000721, "Rate_2040": -0.23073922245770026, "Dist_2050": -2.7792977849223917, "Rate_2050": -0.27788603099083403, "Dist_2060": -3.2162661837196538, "Rate_2060": -0.32166404753757549, "Dist_2070": -3.6934497624784512, "Rate_2070": -0.36928683954887376, "Dist_2080": -3.9743692543148654, "Rate_2080": -0.39748317699044283, "Dist_2090": -4.2568707299645894, "Rate_2090": -0.4256200677769208, "Dist_2100": -4.4374025527350796, "Rate_2100": -0.44379189536345626, "RSL_2050": 0.18573485314846039, "RSL_2100": 0.55779761075973511 }, "geometry": { "type": "LineString", "coordinates": [ [ -2.449891323473649, 56.730976700394955 ], [ -2.44873074794244, 56.730796964973024 ] ] } },
{ "type": "Feature", "properties": { "Cell": "None", "SubCell": "None", "CMU": "None", "LineID": 0, "TransectID": 262, "Hist_Rate": 0.10547183589699367, "LatestYr": "2024-09-05 00:00:00", "LatestSrc": "montrose_MHWS_Modern_LiDAR.shp", "FirstEYr": null, "Extrap2050": -3.2849639662658521, "Extrap2100": -9.7710718646275119, "Dist_2040": -1.0833158114954813, "Rate_2040": -0.10834418819280896, "Dist_2050": -1.5584692072628741, "Rate_2050": -0.15582238966156867, "Dist_2060": -1.9988485852836106, "Rate_2060": -0.19990812004667283, "Dist_2070": -2.4790467206482845, "Rate_2070": -0.24786565066147853, "Dist_2080": -2.7622803304996069, "Rate_2080": -0.27626017897385069, "Dist_2090": -3.0464279504347473, "Rate_2090": -0.30459484278309973, "Dist_2100": -3.2285682705135628, "Rate_2100": -0.32289439938199616, "RSL_2050": 0.18573485314846039, "RSL_2100": 0.55779761075973511 }, "geometry": { "type": "LineString", "coordinates": [ [ -2.449925610780809, 56.730889975487244 ], [ -2.448768834313498, 56.730710647191849 ] ] } },
{ "type": "Feature", "properties": { "Cell": "None", "SubCell": "None", "CMU": "None", "LineID": 0, "TransectID": 263, "Hist_Rate": 0.2398103055782638, "LatestYr": "2024-09-05 00:00:00", "LatestSrc": "montrose_MHWS_Modern_LiDAR.shp", "FirstEYr": 2030.0, "Extrap2050": -6.4257534200676201, "Extrap2100": -19.11329898794251, "Dist_2040": 0.16425329257901922, "Rate_2040": 0.016427240748847872, "Dist_2050": -0.30907881881290677, "Rate_2050": -0.030903016830077502, "Dist_2060": -0.74842664610497422, "Rate_2060": -0.074851374394851053, "Dist_2070": -1.2267877774926887, "Rate_2070": -0.12265946751187336, "Dist_2080": -1.5094795088332944, "Rate_2080": -0.15096551738911407, "Dist_2090": -1.7924010256883776, "Rate_2090": -0.17921188930330886, "Dist_2100": -1.9743144778100827, "Rate_2100": -0.19745442378465203, "RSL_2050": 0.18573485314846039, "RSL_2100": 0.55779761075973511 }, "geometry": { "type": "LineString", "coordinates": [ [ -2.449965050220032, 56.730799219432519 ], [ -2.448808916627208, 56.730620484021117 ] ] } },
{ "type": "Feature", "properties": { "Cell": "None", "SubCell": "None", "CMU": "None", "LineID": 0, "TransectID": 264, "Hist_Rate": 0.37968788648693474, "LatestYr": "2024-09-05 00:00:00", "LatestSrc": "montrose_MHWS_Modern_LiDAR.shp", "FirstEYr": 2030.0, "Extrap2050": -9.7367486330912367, "Extrap2100": -28.961800372469781, "Dist_2040": 1.515995620618412, "Rate_2040": 0.15161720439860907, "Dist_2050": 1.0518877134399531, "Rate_2050": 0.10517221411883167, "Dist_2060": 0.62038648918621675, "Rate_2060": 0.062045868640908206, "Dist_2070": 0.15134362503152943, "Rate_2070": 0.015131980280749628, "Dist_2080": -0.12643160604335435, "Rate_2080": -0.012644631946957792, "Dist_2090": -0.40369036714048434, "Rate_2090": -0.040362682430963144, "Dist_2100": -0.58257228053315657, "Rate_2100": -0.058264007714302152, "RSL_2050": 0.18573485314846039, "RSL_2100": 0.55779761075973511 }, "geometry": { "type": "LineString", "coordinates": [ [ -2.450029026262191, 56.730707826561336 ], [ -2.448850806685515, 56.730526807692897 ] ] } },
{ "type": "Feature", "properties": { "Cell": "None", "SubCell": "None", "CMU": "None", "LineID": 0, "TransectID": 265, "Hist_Rate": 0.4695058953563383, "LatestYr": "2024-09-05 00:00:00", "LatestSrc": "montrose_MHWS_Modern_LiDAR.shp", "FirstEYr": 2030.0, "Extrap2050": -11.890580913749213, "Extrap2100": -35.368339444064723, "Dist_2040": 2.3483560118447713, "Rate_2040": 0.23486293008111006, "Dist_2050": 1.880867747965965, "Rate_2050": 0.18805716902175171, "Dist_2060": 1.4457900568109494, "Rate_2060": 0.1445958310034976, "Dist_2070": 0.9733285026875933, "Rate_2070": 0.097317529603852537, "Dist_2080": 0.69317090220346245, "Rate_2080": 0.069325156968249771, "Dist_2090": 0.41398317263286799, "Rate_2090": 0.041391800966427673, "Dist_2100": 0.23348706351561077, "Rate_2100": 0.023351423547672636, "RSL_2050": 0.18573485314846039, "RSL_2100": 0.55779761075973511 }, "geometry": { "type": "LineString", "coordinates": [ [ -2.450063589446668, 56.730608886955949 ], [ -2.448893902755823, 56.730430727630036 ] ] } },
{ "type": "Feature", "properties": { "Cell": "None", "SubCell": "None", "CMU": "None", "LineID": 0, "TransectID": 266, "Hist_Rate": 0.54078762757722798, "LatestYr": "2024-09-05 00:00:00", "LatestSrc": "montrose_MHWS_Modern_LiDAR.shp", "FirstEYr": 2030.0, "Extrap2050": -13.816491622151235, "Extrap2100": -41.096929507730849, "Dist_2040": 3.0801470944273888, "Rate_2040": 0.3080505545280382, "Dist_2050": 2.6071416294342953, "Rate_2050": 0.26067312526379843, "Dist_2060": 2.1665575335890708, "Rate_2060": 0.21668096658321637, "Dist_2070": 1.6885180364290022, "Rate_2070": 0.16882522554624141, "Dist_2080": 1.4047461677806723, "Rate_2080": 0.14049096445389711, "Dist_2090": 1.1223410699794272, "Rate_2090": 0.11221644080261729, "Dist_2100": 0.93944792118816167, "Rate_2100": 0.093955724905412694, "RSL_2050": 0.18573485314846039, "RSL_2100": 0.55779761075973511 }, "geometry": { "type": "LineString", "coordinates": [ [ -2.450119024440302, 56.730511743591308 ], [ -2.448937514636814, 56.730333544106117 ] ] } },
{ "type": "Feature", "properties": { "Cell": "None", "SubCell": "None", "CMU": "None", "LineID": 0, "TransectID": 267, "Hist_Rate": 0.60249382423254494, "LatestYr": "2024-09-05 00:00:00", "LatestSrc": "montrose_MHWS_Modern_LiDAR.shp", "FirstEYr": 2030.0, "Extrap2050": -15.862572427823856, "Extrap2100": -47.182963570317021, "Dist_2040": 3.8632338454013961, "Rate_2040": 0.38636834276533938, "Dist_2050": 3.3854924673191249, "Rate_2050": 0.3384959574308255, "Dist_2060": 2.9400999360009905, "Rate_2060": 0.29404420889234439, "Dist_2070": 2.4572719347855809, "Rate_2070": 0.24568851482094786, "Dist_2080": 2.1703298614622213, "Rate_2080": 0.21705824327084211, "Dist_2090": 1.8851800689685092, "Rate_2090": 0.18848833324397229, "Dist_2100": 1.7001706041476723, "Rate_2100": 0.17003684608034125, "RSL_2050": 0.18573485314846039, "RSL_2100": 0.55779761075973511 }, "geometry": { "type": "LineString", "coordinates": [ [ -2.450167106572103, 56.730413319244796 ], [ -2.448978452716792, 56.730235834511625 ] ] } },
{ "type": "Feature", "properties": { "Cell": "None", "SubCell": "None", "CMU": "None", "LineID": 0, "TransectID": 268, "Hist_Rate": 0.6814378493829425, "LatestYr": "2024-09-05 00:00:00", "LatestSrc": "montrose_MHWS_Modern_LiDAR.shp", "FirstEYr": 2030.0, "Extrap2050": -17.43416854831457, "Extrap2100": -51.857650657658361, "Dist_2040": 4.4746957096714368, "Rate_2040": 0.44752164505467412, "Dist_2050": 3.995308758243425, "Rate_2050": 0.39946798771769071, "Dist_2060": 3.548066291719806, "Rate_2060": 0.35484791964771939, "Dist_2070": 3.0635734563185224, "Rate_2070": 0.3063091234928601, "Dist_2080": 2.7753814310913185, "Rate_2080": 0.27757044149654186, "Dist_2090": 2.4893153262264036, "Rate_2090": 0.24889234958643505, "Dist_2100": 2.3034418841701836, "Rate_2100": 0.23037099462733523, "RSL_2050": 0.18573485314846039, "RSL_2100": 0.55779761075973511 }, "geometry": { "type": "LineString", "coordinates": [ [ -2.450202279347244, 56.730313320073947 ], [ -2.449016615866288, 56.730138019624256 ] ] } },
{ "type": "Feature", "properties": { "Cell": "None", "SubCell": "None", "CMU": "None", "LineID": 0, "TransectID": 269, "Hist_Rate": 0.8139719704938656, "LatestYr": "2024-09-05 00:00:00", "LatestSrc": "montrose_MHWS_Modern_LiDAR.shp", "FirstEYr": 2030.0, "Extrap2050": -20.408871935800843, "Extrap2100": -60.705857479275274, "Dist_2040": 5.7113037387790087, "Rate_2040": 0.57119683894057838, "Dist_2050": 5.244630742175616, "Rate_2050": 0.5243805211741247, "Dist_2060": 4.8085342164021654, "Rate_2060": 0.48090938075965717, "Dist_2070": 4.3368868078640048, "Rate_2070": 0.43362041607480667, "Dist_2080": 4.0557453138878827, "Rate_2080": 0.40562172995829548, "Dist_2090": 3.7774153214413673, "Rate_2090": 0.37768207378635332, "Dist_2100": 3.5959577967739165, "Rate_2100": 0.35963762748855344, "RSL_2050": 0.18573485314846039, "RSL_2100": 0.55779761075973511 }, "geometry": { "type": "LineString", "coordinates": [ [ -2.450284256881343, 56.730220383615965 ], [ -2.449054652642892, 56.730040360908042 ] ] } },
{ "type": "Feature", "properties": { "Cell": "None", "SubCell": "None", "CMU": "None", "LineID": 0, "TransectID": 270, "Hist_Rate": 0.7688506335236569, "LatestYr": "2024-09-05 00:00:00", "LatestSrc": "montrose_MHWS_Modern_LiDAR.shp", "FirstEYr": 2030.0, "Extrap2050": -19.287399543255926, "Extrap2100": -57.370056096282163, "Dist_2040": 5.3057234906084432, "Rate_2040": 0.53063409420004226, "Dist_2050": 4.8463677259068163, "Rate_2050": 0.48456048840118271, "Dist_2060": 4.4172758491533841, "Rate_2060": 0.44177899078160049, "Dist_2070": 3.9530245884899955, "Rate_2070": 0.39524023631578353, "Dist_2080": 3.6764294776547217, "Rate_2080": 0.36768573206251498, "Dist_2090": 3.4024287716697472, "Rate_2090": 0.34018932128020468, "Dist_2100": 3.2239362055348124, "Rate_2100": 0.32243113897865522, "RSL_2050": 0.18573485314846039, "RSL_2100": 0.55779761075973511 }, "geometry": { "type": "LineString", "coordinates": [ [ -2.450323411329293, 56.730120909197979 ], [ -2.449092723416663, 56.729942535318514 ] ] } },
{ "type": "Feature", "properties": { "Cell": "None", "SubCell": "None", "CMU": "None", "LineID": 0, "TransectID": 271, "Hist_Rate": 0.79740912887088122, "LatestYr": "2024-09-05 00:00:00", "LatestSrc": "montrose_MHWS_Modern_LiDAR.shp", "FirstEYr": 2030.0, "Extrap2050": -20.111672064692286, "Extrap2100": -59.821841298707909, "Dist_2040": 5.6502427094824839, "Rate_2040": 0.56509002541570541, "Dist_2050": 5.1947819649163876, "Rate_2050": 0.51939642809224573, "Dist_2060": 4.7691228564183916, "Rate_2060": 0.47696778611319673, "Dist_2070": 4.3088069932373401, "Rate_2070": 0.43081287660210493, "Dist_2080": 4.0343868792606372, "Rate_2080": 0.40348563793766523, "Dist_2090": 3.7627524115403048, "Rate_2090": 0.37621601359759371, "Dist_2100": 3.5856257065822774, "Rate_2100": 0.3586042982301143, "RSL_2050": 0.18573485314846039, "RSL_2100": 0.55779761075973511 }, "geometry": { "type": "LineString", "coordinates": [ [ -2.450380662121698, 56.730023718559167 ], [ -2.449136655135241, 56.729845289053991 ] ] } },
{ "type": "Feature", "properties": { "Cell": "None", "SubCell": "None", "CMU": "None", "LineID": 0, "TransectID": 272, "Hist_Rate": 0.73233695003710864, "LatestYr": "2024-09-05 00:00:00", "LatestSrc": "montrose_MHWS_Modern_LiDAR.shp", "FirstEYr": 2030.0, "Extrap2050": -18.839228128155657, "Extrap2100": -56.036977514724867, "Dist_2040": 5.1515107948634409, "Rate_2040": 0.51521102998162938, "Dist_2050": 4.6966509927310653, "Rate_2050": 0.4695911716979404, "Dist_2060": 4.271812868189329, "Rate_2060": 0.42723099986572866, "Dist_2070": 3.812105782495621, "Rate_2070": 0.38115057384701806, "Dist_2080": 3.5382625872475728, "Rate_2080": 0.35386743511028795, "Dist_2090": 3.2669324082954176, "Rate_2090": 0.32664181772155465, "Dist_2100": 3.0902256127041596, "Rate_2100": 0.30905852364405778, "RSL_2050": 0.18573485314846039, "RSL_2100": 0.55779761075973511 }, "geometry": { "type": "LineString", "coordinates": [ [ -2.450429711923348, 56.729925631432288 ], [ -2.449181402544686, 56.729748418955495 ] ] } },
{ "type": "Feature", "properties": { "Cell": "None", "SubCell": "None", "CMU": "None", "LineID": 0, "TransectID": 273, "Hist_Rate": 0.79190010589640847, "LatestYr": "2024-09-05 00:00:00", "LatestSrc": "montrose_MHWS_Modern_LiDAR.shp", "FirstEYr": 2030.0, "Extrap2050": -20.353204027873257, "Extrap2100": -60.540274192974501, "Dist_2040": 5.7145434899306338, "Rate_2040": 0.57152085175821177, "Dist_2050": 5.2529025139143641, "Rate_2050": 0.52520756814628178, "Dist_2060": 4.8214740876205724, "Rate_2060": 0.48220351846871767, "Dist_2070": 4.3549121489628533, "Rate_2070": 0.43542266645703942, "Dist_2080": 4.0767737864140372, "Rate_2080": 0.40772482192889625, "Dist_2090": 3.8014520978598512, "Rate_2090": 0.38008537307762846, "Dist_2100": 3.6219266156572303, "Rate_2100": 0.36223481158794796, "RSL_2050": 0.18573485314846039, "RSL_2100": 0.55779761075973511 }, "geometry": { "type": "LineString", "coordinates": [ [ -2.450473469111059, 56.729828601045526 ], [ -2.449225427086515, 56.729652987912068 ] ] } },
{ "type": "Feature", "properties": { "Cell": "None", "SubCell": "None", "CMU": "None", "LineID": 0, "TransectID": 274, "Hist_Rate": 0.96913166428749709, "LatestYr": "2024-09-05 00:00:00", "LatestSrc": "montrose_MHWS_Modern_LiDAR.shp", "FirstEYr": 2030.0, "Extrap2050": -24.994128844577343, "Extrap2100": -74.344629542995705, "Dist_2040": 7.5125664361642066, "Rate_2040": 0.75134407079975507, "Dist_2050": 7.0445430054469966, "Rate_2050": 0.70434341600519434, "Dist_2060": 6.6062423016616094, "Rate_2060": 0.66070111003960585, "Dist_2070": 6.133224872498829, "Rate_2070": 0.61322594730184876, "Dist_2080": 5.8504893285901858, "Rate_2080": 0.58511701768828062, "Dist_2090": 5.5715504936652565, "Rate_2090": 0.55706735044690192, "Dist_2100": 5.3888914199608848, "Rate_2100": 0.53895185499864828, "RSL_2050": 0.18573485314846039, "RSL_2100": 0.55779761075973511 }, "geometry": { "type": "LineString", "coordinates": [ [ -2.450521123908672, 56.729736065351474 ], [ -2.449267956959464, 56.729560706015953 ] ] } },
{ "type": "Feature", "properties": { "Cell": "None", "SubCell": "None", "CMU": "None", "LineID": 0, "TransectID": 275, "Hist_Rate": 0.99586308086962527, "LatestYr": "2024-09-05 00:00:00", "LatestSrc": "montrose_MHWS_Modern_LiDAR.shp", "FirstEYr": 2030.0, "Extrap2050": -25.457763705669255, "Extrap2100": -75.723703893033502, "Dist_2040": 7.6833467821655859, "Rate_2040": 0.76842409284915503, "Dist_2050": 7.2129189243395331, "Rate_2050": 0.72117835757543991, "Dist_2060": 6.7722967059897883, "Rate_2060": 0.67730848292373369, "Dist_2070": 6.2968488089845209, "Rate_2070": 0.6295857654299285, "Dist_2080": 6.0126029303578434, "Rate_2080": 0.60133026445542848, "Dist_2090": 5.7322456321055029, "Rate_2090": 0.5731343348711454, "Dist_2100": 5.5485980629931646, "Rate_2100": 0.55492437788137483, "RSL_2050": 0.18573485314846039, "RSL_2100": 0.55779761075973511 }, "geometry": { "type": "LineString", "coordinates": [ [ -2.450568734092422, 56.729649665555563 ], [ -2.44930820583931, 56.729473330703506 ] ] } },
{ "type": "Feature", "properties": { "Cell": "None", "SubCell": "None", "CMU": "None", "LineID": 0, "TransectID": 276, "Hist_Rate": 0.91407068173389361, "LatestYr": "2024-09-05 00:00:00", "LatestSrc": "montrose_MHWS_Modern_LiDAR.shp", "FirstEYr": 2030.0, "Extrap2050": -23.74598027938201, "Extrap2100": -70.632031945732351, "Dist_2040": 7.0221685652043107, "Rate_2040": 0.70229857671868445, "Dist_2050": 6.5544971917487374, "Rate_2050": 0.65534654819526095, "Dist_2060": 6.1167821019594157, "Rate_2060": 0.61174939399641626, "Dist_2070": 5.6441218967845543, "Rate_2070": 0.56432334844958465, "Dist_2080": 5.3618110211646126, "Rate_2080": 0.53624349997199239, "Dist_2090": 5.0830286190175684, "Rate_2090": 0.50822285255448241, "Dist_2100": 4.9006906757768434, "Rate_2100": 0.49012609916413574, "RSL_2050": 0.18573485314846039, "RSL_2100": 0.55779761075973511 }, "geometry": { "type": "LineString", "coordinates": [ [ -2.450600982912134, 56.729568801099717 ], [ -2.449342406148567, 56.729391637847982 ] ] } },
{ "type": "Feature", "properties": { "Cell": "None", "SubCell": "None", "CMU": "None", "LineID": 0, "TransectID": 277, "Hist_Rate": 1.045008413781461, "LatestYr": "2024-09-05 00:00:00", "LatestSrc": "montrose_MHWS_Modern_LiDAR.shp", "FirstEYr": 2030.0, "Extrap2050": -27.014793803250193, "Extrap2100": -80.35506458224846, "Dist_2040": 8.3226455820474712, "Rate_2040": 0.83236141265086905, "Dist_2050": 7.8572802021563461, "Rate_2050": 0.78560434279663005, "Dist_2060": 7.4210185504081778, "Rate_2060": 0.74218821683939185, "Dist_2070": 6.9506850538983826, "Rate_2070": 0.6949590982202245, "Dist_2080": 6.6691823321914967, "Rate_2080": 0.66699584555461466, "Dist_2090": 6.3919216008944204, "Rate_2090": 0.63909154812884761, "Dist_2100": 6.2099766944681392, "Rate_2100": 0.6210699377955311, "RSL_2050": 0.18573485314846039, "RSL_2100": 0.55779761075973511 }, "geometry": { "type": "LineString", "coordinates": [ [ -2.450633324939726, 56.729495872576493 ], [ -2.44937264991199, 56.729316113662648 ] ] } },
{ "type": "Feature", "properties": { "Cell": "None", "SubCell": "None", "CMU": "None", "LineID": 0, "TransectID": 278, "Hist_Rate": 1.134571326223093, "LatestYr": "2024-09-05 00:00:00", "LatestSrc": "montrose_MHWS_Modern_LiDAR.shp", "FirstEYr": 2030.0, "Extrap2050": -28.258240977288366, "Extrap2100": -84.053677968016032, "Dist_2040": 8.8457854080521656, "Rate_2040": 0.88468148326957641, "Dist_2050": 8.3869788337117939, "Rate_2050": 0.83856586823760748, "Dist_2060": 7.9565276931629683, "Rate_2060": 0.79574536308052446, "Dist_2070": 7.4928211592199432, "Rate_2070": 0.74916417526591572, "Dist_2080": 7.215005828887513, "Rate_2080": 0.72158454722274024, "Dist_2090": 6.9417233172679289, "Rate_2090": 0.69406306561928044, "Dist_2100": 6.7620999800869299, "Rate_2100": 0.67628869166946892, "RSL_2050": 0.18573485314846039, "RSL_2100": 0.55779761075973511 }, "geometry": { "type": "LineString", "coordinates": [ [ -2.450665737558945, 56.729429498785471 ], [ -2.449400298564685, 56.729245754930766 ] ] } },
{ "type": "Feature", "properties": { "Cell": "None", "SubCell": "None", "CMU": "None", "LineID": 0, "TransectID": 279, "Hist_Rate": 1.1111160391918296, "LatestYr": "2024-09-05 00:00:00", "LatestSrc": "montrose_MHWS_Modern_LiDAR.shp", "FirstEYr": 2030.0, "Extrap2050": -28.301318241658819, "Extrap2100": -84.18181058993143, "Dist_2040": 8.8440233925412599, "Rate_2040": 0.88450526121310269, "Dist_2050": 8.3814717297220795, "Rate_2050": 0.83801524452313625, "Dist_2060": 7.9475460067745871, "Rate_2060": 0.79484708991767994, "Dist_2070": 7.4800546027517498, "Rate_2070": 0.74788772057091601, "Dist_2080": 7.2000039036877865, "Rate_2080": 0.7200841801184793, "Dist_2090": 6.9244825291191887, "Rate_2090": 0.69233925818281283, "Dist_2100": 6.743421020533674, "Rate_2100": 0.67442057833851876, "RSL_2050": 0.18573485314846039, "RSL_2100": 0.55779761075973511 }, "geometry": { "type": "LineString", "coordinates": [ [ -2.450709584524923, 56.729368434980934 ], [ -2.449426383364138, 56.729178196324789 ] ] } },
{ "type": "Feature", "properties": { "Cell": "None", "SubCell": "None", "CMU": "None", "LineID": 0, "TransectID": 280, "Hist_Rate": 1.1773835588820176, "LatestYr": "2024-09-05 00:00:00", "LatestSrc": "montrose_MHWS_Modern_LiDAR.shp", "FirstEYr": 2030.0, "Extrap2050": -30.026476093091297, "Extrap2100": -89.313264547198045, "Dist_2040": 9.5300151682004071, "Rate_2040": 0.95311242198013069, "Dist_2050": 9.0686103097805812, "Rate_2050": 0.90671828663291376, "Dist_2060": 8.6353866838024942, "Rate_2060": 0.86363916233809768, "Dist_2070": 8.1690522719366072, "Rate_2070": 0.8167766423303604, "Dist_2080": 7.8893863168928533, "Rate_2080": 0.78903044409850442, "Dist_2090": 7.6146260141202333, "Rate_2090": 0.76134274348817665, "Dist_2100": 7.4337450935407787, "Rate_2100": 0.74346101925727492, "RSL_2050": 0.18573485314846039, "RSL_2100": 0.55779761075973511 }, "geometry": { "type": "LineString", "coordinates": [ [ -2.450741855875383, 56.729305292864773 ], [ -2.449452436802205, 56.729110249338504 ] ] } },
{ "type": "Feature", "properties": { "Cell": "None", "SubCell": "None", "CMU": "None", "LineID": 0, "TransectID": 281, "Hist_Rate": 1.1712138542653809, "LatestYr": "2024-09-05 00:00:00", "LatestSrc": "montrose_MHWS_Modern_LiDAR.shp", "FirstEYr": 2030.0, "Extrap2050": -29.027207859618652, "Extrap2100": -86.340957446855739, "Dist_2040": 9.1489532733064607, "Rate_2040": 0.91500179789858571, "Dist_2050": 8.6901376705242797, "Rate_2050": 0.86887698005104419, "Dist_2060": 8.2595180984670264, "Rate_2060": 0.82604792964932727, "Dist_2070": 7.7958015582480584, "Rate_2070": 0.77945744610961309, "Dist_2080": 7.5178482563546822, "Rate_2080": 0.75187231428576806, "Dist_2090": 7.2445937394086855, "Rate_2090": 0.72434534050533173, "Dist_2100": 7.0648520258255871, "Rate_2100": 0.70656741950783186, "RSL_2050": 0.18573485314846039, "RSL_2100": 0.55779761075973511 }, "geometry": { "type": "LineString", "coordinates": [ [ -2.450781166110745, 56.729238509386434 ], [ -2.44948022823603, 56.729038533034149 ] ] } },
{ "type": "Feature", "properties": { "Cell": "None", "SubCell": "None", "CMU": "None", "LineID": 0, "TransectID": 282, "Hist_Rate": 1.1338815660894617, "LatestYr": "2024-09-05 00:00:00", "LatestSrc": "montrose_MHWS_Modern_LiDAR.shp", "FirstEYr": 2030.0, "Extrap2050": -28.912868341988354, "Extrap2100": -86.000856412200406, "Dist_2040": 9.096015639888833, "Rate_2040": 0.90970741849728842, "Dist_2050": 8.6356314868117465, "Rate_2050": 0.86342721963368174, "Dist_2060": 8.2035842181774683, "Rate_2060": 0.82045389069213692, "Dist_2070": 7.7382826178392179, "Rate_2070": 0.77370645744487831, "Dist_2080": 7.4594159073657806, "Rate_2080": 0.74602839938281662, "Dist_2090": 7.1852179411312704, "Rate_2090": 0.71840869528158724, "Dist_2100": 7.004893665074178, "Rate_2100": 0.70057088566973047, "RSL_2050": 0.18573485314846039, "RSL_2100": 0.55779761075973511 }, "geometry": { "type": "LineString", "coordinates": [ [ -2.450824274715083, 56.729163866157371 ], [ -2.449511376936211, 56.728960159421142 ] ] } },
{ "type": "Feature", "properties": { "Cell": "None", "SubCell": "None", "CMU": "None", "LineID": 0, "TransectID": 283, "Hist_Rate": 1.1845308306673072, "LatestYr": "2024-09-05 00:00:00", "LatestSrc": "montrose_MHWS_Modern_LiDAR.shp", "FirstEYr": 2030.0, "Extrap2050": -30.191909808730429, "Extrap2100": -89.805344442424342, "Dist_2040": 9.6127966540794318, "Rate_2040": 0.96139153393417498, "Dist_2050": 9.1548973788229091, "Rate_2050": 0.91534563533663471, "Dist_2060": 8.7248832967820817, "Rate_2060": 0.87258986514921399, "Dist_2070": 8.2620914695593797, "Rate_2070": 0.82607909761033171, "Dist_2080": 7.9844824467312492, "Rate_2080": 0.79854116375964901, "Dist_2090": 7.7118267635535744, "Rate_2090": 0.77106128844435162, "Dist_2100": 7.5322612896753185, "Rate_2100": 0.75331378534891502, "RSL_2050": 0.18573485314846039, "RSL_2100": 0.55779761075973511 }, "geometry": { "type": "LineString", "coordinates": [ [ -2.450863951348524, 56.729077828383112 ], [ -2.449546950756439, 56.728873303091909 ] ] } },
{ "type": "Feature", "properties": { "Cell": "None", "SubCell": "None", "CMU": "None", "LineID": 0, "TransectID": 284, "Hist_Rate": 1.1879639185937536, "LatestYr": "2024-09-05 00:00:00", "LatestSrc": "montrose_MHWS_Modern_LiDAR.shp", "FirstEYr": 2030.0, "Extrap2050": -29.680474674481086, "Extrap2100": -88.284088957687231, "Dist_2040": 9.3911101427972881, "Rate_2040": 0.93922030293829095, "Dist_2050": 8.9292113914349898, "Rate_2050": 0.89278058900525437, "Dist_2060": 8.4956027563389398, "Rate_2060": 0.84965914286202771, "Dist_2070": 8.028769608632274, "Rate_2070": 0.80275058411740308, "Dist_2080": 7.7488695027941503, "Rate_2080": 0.77497712742998148, "Dist_2090": 7.4737986706622337, "Rate_2090": 0.74726222583338375, "Dist_2100": 7.2927806478083426, "Rate_2100": 0.729362934216084, "RSL_2050": 0.18573485314846039, "RSL_2100": 0.55779761075973511 }, "geometry": { "type": "LineString", "coordinates": [ [ -2.450914416837473, 56.728982001783585 ], [ -2.449587191828965, 56.728777530587685 ] ] } },
{ "type": "Feature", "properties": { "Cell": "None", "SubCell": "None", "CMU": "None", "LineID": 0, "TransectID": 285, "Hist_Rate": 1.2600804147264084, "LatestYr": "2024-09-05 00:00:00", "LatestSrc": "montrose_MHWS_Modern_LiDAR.shp", "FirstEYr": 2030.0, "Extrap2050": -32.197667477461103, "Extrap2100": -95.771437990315974, "Dist_2040": 10.361496747576723, "Rate_2040": 1.0362702562504904, "Dist_2050": 9.8951686397485901, "Rate_2050": 0.98936110919884335, "Dist_2060": 9.4569371773393982, "Rate_2060": 0.94580377245191272, "Dist_2070": 8.9856247941116862, "Rate_2070": 0.89842104129847733, "Dist_2080": 8.7026556145934251, "Rate_2080": 0.87036683825660988, "Dist_2090": 8.4250439650357407, "Rate_2090": 0.84237178220628706, "Dist_2100": 8.2419564122254769, "Rate_2100": 0.8242915566517699, "RSL_2050": 0.18573485314846039, "RSL_2100": 0.55779761075973511 }, "geometry": { "type": "LineString", "coordinates": [ [ -2.450972603942381, 56.728877153422069 ], [ -2.449631473075416, 56.728673834899851 ] ] } },
{ "type": "Feature", "properties": { "Cell": "None", "SubCell": "None", "CMU": "None", "LineID": 0, "TransectID": 286, "Hist_Rate": 1.2312115563919546, "LatestYr": "2024-09-05 00:00:00", "LatestSrc": "montrose_MHWS_Modern_LiDAR.shp", "FirstEYr": 2030.0, "Extrap2050": -31.498415752746162, "Extrap2100": -93.691525113396011, "Dist_2040": 10.090026535404263, "Rate_2040": 1.0091200758098007, "Dist_2050": 9.624548069960781, "Rate_2050": 0.96230331191969631, "Dist_2060": 9.1872484103253669, "Rate_2060": 0.91883175725856048, "Dist_2070": 8.7167954855447647, "Rate_2070": 0.8715423419460947, "Dist_2080": 8.4344523343093556, "Rate_2080": 0.84354338902354464, "Dist_2090": 8.1573186677874219, "Rate_2090": 0.81560346660808858, "Dist_2100": 7.9746604357725914, "Rate_2100": 0.79755884836053414, "RSL_2050": 0.18573485314846039, "RSL_2100": 0.55779761075973511 }, "geometry": { "type": "LineString", "coordinates": [ [ -2.45102450284014, 56.728763959903752 ], [ -2.44967849569903, 56.728564390019926 ] ] } },
{ "type": "Feature", "properties": { "Cell": "None", "SubCell": "None", "CMU": "None", "LineID": 0, "TransectID": 287, "Hist_Rate": 1.1823516632274165, "LatestYr": "2024-09-05 00:00:00", "LatestSrc": "montrose_MHWS_Modern_LiDAR.shp", "FirstEYr": 2030.0, "Extrap2050": -30.747328056679557, "Extrap2100": -91.457426983166968, "Dist_2040": 9.7823787208756698, "Rate_2040": 0.97835171411813582, "Dist_2050": 9.3146060609157644, "Rate_2050": 0.9313139896534427, "Dist_2060": 8.8753397636361342, "Rate_2060": 0.88763726276557253, "Dist_2070": 8.4025691664371607, "Rate_2070": 0.8401246561107103, "Dist_2080": 8.1189907241156334, "Rate_2080": 0.81199355683264085, "Dist_2090": 7.8404517919892669, "Rate_2090": 0.78392176666729807, "Dist_2100": 7.6570287507242369, "Rate_2100": 0.7657919834300102, "RSL_2050": 0.18573485314846039, "RSL_2100": 0.55779761075973511 }, "geometry": { "type": "LineString", "coordinates": [ [ -2.451094716666166, 56.728649794059422 ], [ -2.449726641615096, 56.728452095079831 ] ] } },
{ "type": "Feature", "properties": { "Cell": "None", "SubCell": "None", "CMU": "None", "LineID": 0, "TransectID": 288, "Hist_Rate": 1.1537072848776275, "LatestYr": "2024-09-05 00:00:00", "LatestSrc": "montrose_MHWS_Modern_LiDAR.shp", "FirstEYr": 2030.0, "Extrap2050": -29.435775657999145, "Extrap2100": -87.556235714911281, "Dist_2040": 9.2284685056994249, "Rate_2040": 0.92295424649313318, "Dist_2050": 8.7533548456798371, "Rate_2050": 0.8751977024974591, "Dist_2060": 8.3075683907348434, "Rate_2060": 0.83085351805941154, "Dist_2070": 7.8273804161652833, "Rate_2070": 0.78261483483472449, "Dist_2080": 7.5396610016546788, "Rate_2080": 0.75405384266069531, "Dist_2090": 7.2566728951475739, "Rate_2090": 0.72555306594742341, "Dist_2100": 7.070639433165411, "Rate_2100": 0.70714622759252954, "RSL_2050": 0.18573485314846039, "RSL_2100": 0.55779761075973511 }, "geometry": { "type": "LineString", "coordinates": [ [ -2.451144457262095, 56.728532917849357 ], [ -2.449774348626583, 56.728340012246036 ] ] } },
{ "type": "Feature", "properties": { "Cell": "None", "SubCell": "None", "CMU": "None", "LineID": 0, "TransectID": 289, "Hist_Rate": 1.1276013703375098, "LatestYr": "2024-09-05 00:00:00", "LatestSrc": "montrose_MHWS_Modern_LiDAR.shp", "FirstEYr": 2030.0, "Extrap2050": -28.440576269616042, "Extrap2100": -84.596031328079462, "Dist_2040": 8.8404812178850989, "Rate_2040": 0.88415100252557455, "Dist_2050": 8.3662529001248345, "Rate_2050": 0.83649360111520532, "Dist_2060": 7.9214928915585574, "Rate_2060": 0.79224147520401877, "Dist_2070": 7.4422007935252168, "Rate_2070": 0.74410293548566497, "Dist_2080": 7.1551796782175643, "Rate_2080": 0.71560123593137426, "Dist_2090": 6.8726780613207552, "Rate_2090": 0.68715962683053544, "Dist_2100": 6.6871317985040832, "Rate_2100": 0.66879100107205025, "RSL_2050": 0.18573485314846039, "RSL_2100": 0.55779761075973511 }, "geometry": { "type": "LineString", "coordinates": [ [ -2.45120840051608, 56.728421712046213 ], [ -2.449820396583514, 56.728230815593683 ] ] } },
{ "type": "Feature", "properties": { "Cell": "None", "SubCell": "None", "CMU": "None", "LineID": 0, "TransectID": 290, "Hist_Rate": 1.0689072535556934, "LatestYr": "2024-09-05 00:00:00", "LatestSrc": "montrose_MHWS_Modern_LiDAR.shp", "FirstEYr": 2030.0, "Extrap2050": -27.438652663060541, "Extrap2100": -81.615825863710512, "Dist_2040": 8.4475529720069744, "Rate_2040": 0.8448536052514396, "Dist_2050": 7.973752641931469, "Rate_2050": 0.79724975344118665, "Dist_2060": 7.5295972545917493, "Rate_2060": 0.75304735083795926, "Dist_2070": 7.0507388340919874, "Rate_2070": 0.70496290134433148, "Dist_2080": 6.7641450988184033, "Rate_2080": 0.67649322734260153, "Dist_2090": 6.4818560384695729, "Rate_2090": 0.64808357627449309, "Dist_2100": 6.296623134829531, "Rate_2100": 0.62973559017606107, "RSL_2050": 0.18573485314846039, "RSL_2100": 0.55779761075973511 }, "geometry": { "type": "LineString", "coordinates": [ [ -2.451253848658786, 56.728313974759772 ], [ -2.449864054808568, 56.728126358883529 ] ] } },
{ "type": "Feature", "properties": { "Cell": "None", "SubCell": "None", "CMU": "None", "LineID": 0, "TransectID": 291, "Hist_Rate": 0.91966291350184082, "LatestYr": "2024-09-05 00:00:00", "LatestSrc": "montrose_MHWS_Modern_LiDAR.shp", "FirstEYr": 2030.0, "Extrap2050": -23.861619841730196, "Extrap2100": -70.975999942246673, "Dist_2040": 7.0291357399403296, "Rate_2040": 0.70299537527249611, "Dist_2050": 6.5537474407350942, "Rate_2050": 0.65527158489534298, "Dist_2060": 6.1088672203246119, "Rate_2060": 0.61095781372382585, "Dist_2070": 5.6284080867660009, "Rate_2070": 0.56275221479075588, "Dist_2080": 5.3414864971959446, "Rate_2080": 0.53421081104931267, "Dist_2090": 5.058091983025804, "Rate_2090": 0.50572958147010738, "Dist_2100": 4.8727866051146975, "Rate_2100": 0.48733536736544497, "RSL_2050": 0.18573485314846039, "RSL_2100": 0.55779761075973511 }, "geometry": { "type": "LineString", "coordinates": [ [ -2.451309364989223, 56.728214624256594 ], [ -2.449905101821236, 56.728027440169001 ] ] } },
{ "type": "Feature", "properties": { "Cell": "None", "SubCell": "None", "CMU": "None", "LineID": 0, "TransectID": 292, "Hist_Rate": 0.94277546390474398, "LatestYr": "2024-09-05 00:00:00", "LatestSrc": "montrose_MHWS_Modern_LiDAR.shp", "FirstEYr": 2030.0, "Extrap2050": -23.351607134217883, "Extrap2100": -69.45897544269306, "Dist_2040": 6.8596922809222178, "Rate_2040": 0.68604905747939027, "Dist_2050": 6.390628553559452, "Rate_2050": 0.63896226374854592, "Dist_2060": 5.9517071100528369, "Rate_2060": 0.59523997375232018, "Dist_2070": 5.4776402316546182, "Rate_2070": 0.54767780243912179, "Dist_2080": 5.1945690550612085, "Rate_2080": 0.51951735709014057, "Dist_2090": 4.9149364621935661, "Rate_2090": 0.49141628272453697, "Dist_2100": 4.7321251677319651, "Rate_2100": 0.47326758668547159, "RSL_2050": 0.18573485314846039, "RSL_2100": 0.55779761075973511 }, "geometry": { "type": "LineString", "coordinates": [ [ -2.4513593986899, 56.728121218776984 ], [ -2.449943757753766, 56.727933796672708 ] ] } },
{ "type": "Feature", "properties": { "Cell": "None", "SubCell": "None", "CMU": "None", "LineID": 0, "TransectID": 293, "Hist_Rate": 0.81447404689054148, "LatestYr": "2024-09-05 00:00:00", "LatestSrc": "montrose_MHWS_Modern_LiDAR.shp", "FirstEYr": 2030.0, "Extrap2050": -20.388765670381382, "Extrap2100": -60.646051719954826, "Dist_2040": 5.6462527769891153, "Rate_2040": 0.56469098573369303, "Dist_2050": 5.1681689077625492, "Rate_2050": 0.51673554127934929, "Dist_2060": 4.721517220011151, "Rate_2060": 0.4722066684638343, "Dist_2070": 4.2383379023037833, "Rate_2070": 0.42376707672657804, "Dist_2080": 3.9504115858503042, "Rate_2080": 0.39508713133760398, "Dist_2090": 3.6652534507505266, "Rate_2090": 0.36646765219976712, "Dist_2100": 3.4794365970064973, "Rate_2100": 0.34798415150113515, "RSL_2050": 0.18573485314846039, "RSL_2100": 0.55779761075973511 }, "geometry": { "type": "LineString", "coordinates": [ [ -2.451404709459047, 56.728032466636847 ], [ -2.449980566338368, 56.727844313997849 ] ] } },
{ "type": "Feature", "properties": { "Cell": "None", "SubCell": "None", "CMU": "None", "LineID": 0, "TransectID": 294, "Hist_Rate": 0.6252463432406995, "LatestYr": "2024-09-05 00:00:00", "LatestSrc": "montrose_MHWS_Modern_LiDAR.shp", "FirstEYr": 2030.0, "Extrap2050": -15.750861980445521, "Extrap2100": -46.850682662345847, "Dist_2040": 3.8187563147278638, "Rate_2040": 0.3819200720925498, "Dist_2050": 3.340929292836563, "Rate_2050": 0.33404034142864997, "Dist_2060": 2.8954807636986288, "Rate_2060": 0.28958177240832322, "Dist_2070": 2.4125663382050675, "Rate_2070": 0.24121865885077043, "Dist_2080": 2.1255925790069909, "Rate_2080": 0.21258399439703202, "Dist_2090": 1.8403866931146808, "Rate_2090": 0.1840097007281519, "Dist_2100": 1.6553611825127064, "Rate_2100": 0.16555538244904083, "RSL_2050": 0.18573485314846039, "RSL_2100": 0.55779761075973511 }, "geometry": { "type": "LineString", "coordinates": [ [ -2.451447698560285, 56.727946661389311 ], [ -2.450016247190137, 56.727757389742713 ] ] } },
{ "type": "Feature", "properties": { "Cell": "None", "SubCell": "None", "CMU": "None", "LineID": 0, "TransectID": 295, "Hist_Rate": 0.54539246362352523, "LatestYr": "2024-09-05 00:00:00", "LatestSrc": "montrose_MHWS_Modern_LiDAR.shp", "FirstEYr": 2030.0, "Extrap2050": -13.998854330724269, "Extrap2100": -41.639364416969983, "Dist_2040": 3.0503992531284325, "Rate_2040": 0.3050754242088613, "Dist_2050": 2.5570870132739287, "Rate_2050": 0.25566845153181028, "Dist_2060": 2.0976735529088728, "Rate_2060": 0.20979176688070073, "Dist_2070": 1.5991116341756992, "Rate_2070": 0.1598859926212477, "Dist_2080": 1.3032278871122003, "Rate_2080": 0.13033795497222833, "Dist_2090": 1.0086809091203008, "Rate_2090": 0.10085221378301984, "Dist_2100": 0.81799730130182979, "Rate_2100": 0.081809249540178958, "RSL_2050": 0.18573485314846039, "RSL_2100": 0.55779761075973511 }, "geometry": { "type": "LineString", "coordinates": [ [ -2.451492694538529, 56.727862266023443 ], [ -2.450052221842363, 56.727671452787007 ] ] } },
{ "type": "Feature", "properties": { "Cell": "None", "SubCell": "None", "CMU": "None", "LineID": 0, "TransectID": 296, "Hist_Rate": 0.48339527585919956, "LatestYr": "2024-09-05 00:00:00", "LatestSrc": "montrose_MHWS_Modern_LiDAR.shp", "FirstEYr": 2030.0, "Extrap2050": -12.228466552315217, "Extrap2100": -36.373374777894249, "Dist_2040": 2.3973659257530358, "Rate_2040": 0.2397644918227966, "Dist_2050": 1.9130533406294603, "Rate_2050": 0.19127522167118963, "Dist_2060": 1.4623364885055139, "Rate_2060": 0.14625066673137327, "Dist_2070": 0.97287173388929205, "Rate_2070": 0.097271859913785869, "Dist_2080": 0.68264713653110221, "Rate_2080": 0.068272657931122971, "Dist_2090": 0.39340787723568837, "Rate_2090": 0.039334595291885002, "Dist_2100": 0.20642939465545851, "Rate_2100": 0.0206453417791474, "RSL_2050": 0.18573485314846039, "RSL_2100": 0.55779761075973511 }, "geometry": { "type": "LineString", "coordinates": [ [ -2.451525563627715, 56.72777571148557 ], [ -2.450104620071222, 56.727587234 ] ] } },
{ "type": "Feature", "properties": { "Cell": "None", "SubCell": "None", "CMU": "None", "LineID": 0, "TransectID": 297, "Hist_Rate": 0.34723476754342059, "LatestYr": "2024-09-05 00:00:00", "LatestSrc": "montrose_MHWS_Modern_LiDAR.shp", "FirstEYr": 2030.0, "Extrap2050": -8.6552147837939568, "Extrap2100": -25.744795536485626, "Dist_2040": 0.99024582124724247, "Rate_2040": 0.099036106069796265, "Dist_2050": 0.50630415920466021, "Rate_2050": 0.050622446446292942, "Dist_2060": 0.056674398717746044, "Rate_2060": 0.0056680994177618731, "Dist_2070": -0.4324113989110856, "Rate_2070": -0.043234333524988282, "Dist_2080": -0.72179916420725476, "Rate_2080": -0.072188316328852212, "Dist_2090": -1.0109716831231026, "Rate_2090": -0.10108125512540099, "Dist_2100": -1.1972743278827238, "Rate_2100": -0.11974136601908701, "RSL_2050": 0.18573485314846039, "RSL_2100": 0.55779761075973511 }, "geometry": { "type": "LineString", "coordinates": [ [ -2.451570247741841, 56.727689230498079 ], [ -2.450157508840935, 56.727501840578569 ] ] } },
{ "type": "Feature", "properties": { "Cell": "None", "SubCell": "None", "CMU": "None", "LineID": 0, "TransectID": 298, "Hist_Rate": 0.18429139825869417, "LatestYr": "2024-09-05 00:00:00", "LatestSrc": "montrose_MHWS_Modern_LiDAR.shp", "FirstEYr": null, "Extrap2050": -4.9703542372035212, "Extrap2100": -14.784237800811555, "Dist_2040": -0.42525022234298149, "Rate_2040": -0.042529971066294199, "Dist_2050": -0.90170294739385781, "Rate_2050": -0.090156101495620353, "Dist_2060": -1.3436355433506719, "Rate_2060": -0.13437919083851529, "Dist_2070": -1.8251487260138788, "Rate_2070": -0.18248614387109888, "Dist_2080": -2.109445930997083, "Rate_2080": -0.21096914169008821, "Dist_2090": -2.3942977589809402, "Rate_2090": -0.23939208848469645, "Dist_2100": -2.5771866954263487, "Rate_2100": -0.25774866144694913, "RSL_2050": 0.18573485314846039, "RSL_2100": 0.55779761075973511 }, "geometry": { "type": "LineString", "coordinates": [ [ -2.451610447238098, 56.727600579072927 ], [ -2.450210919631056, 56.727415200748773 ] ] } },
{ "type": "Feature", "properties": { "Cell": "None", "SubCell": "None", "CMU": "None", "LineID": 0, "TransectID": 299, "Hist_Rate": 0.0091902738277335697, "LatestYr": "2024-09-05 00:00:00", "LatestSrc": "montrose_MHWS_Modern_LiDAR.shp", "FirstEYr": null, "Extrap2050": -0.014212074367066875, "Extrap2100": -0.042273583945548358, "Dist_2040": -2.4568787928741926, "Rate_2040": -0.24571647111345901, "Dist_2050": -2.9487851776398202, "Rate_2050": -0.29483210244842928, "Dist_2060": -3.4039864928582233, "Rate_2060": -0.34043826303881974, "Dist_2070": -3.9011116003761117, "Rate_2070": -0.39004975464012376, "Dist_2080": -4.1937474986981442, "Rate_2080": -0.41942355443407914, "Dist_2090": -4.488060693780767, "Rate_2090": -0.44873542511585596, "Dist_2100": -4.6761167934309924, "Rate_2100": -0.46766609746021887, "RSL_2050": 0.18573485314846039, "RSL_2100": 0.55779761075973511 }, "geometry": { "type": "LineString", "coordinates": [ [ -2.451644538690732, 56.727510162441121 ], [ -2.450264649890377, 56.7273277967859 ] ] } },
{ "type": "Feature", "properties": { "Cell": "None", "SubCell": "None", "CMU": "None", "LineID": 0, "TransectID": 300, "Hist_Rate": -0.093408255116743846, "LatestYr": "2024-09-05 00:00:00", "LatestSrc": "montrose_MHWS_Modern_LiDAR.shp", "FirstEYr": null, "Extrap2050": 2.5130589843945583, "Extrap2100": 7.4750530565119142, "Dist_2040": -3.4153809413194267, "Rate_2040": -0.34157784048736606, "Dist_2050": -3.8996900831338053, "Rate_2050": -0.38990762529126716, "Dist_2060": -4.3473349869503863, "Rate_2060": -0.43478409062738954, "Dist_2070": -4.8367793523322575, "Rate_2070": -0.483601801969399, "Dist_2080": -5.1244598741055825, "Rate_2080": -0.51250562310186421, "Dist_2090": -5.4143373029085069, "Rate_2090": -0.54134850598345485, "Dist_2100": -5.5991112951868445, "Rate_2100": -0.55997628894640772, "RSL_2050": 0.18573485314846039, "RSL_2100": 0.55779761075973511 }, "geometry": { "type": "LineString", "coordinates": [ [ -2.451705376116959, 56.727423265104598 ], [ -2.450318386333625, 56.727240376075606 ] ] } },
{ "type": "Feature", "properties": { "Cell": "None", "SubCell": "None", "CMU": "None", "LineID": 0, "TransectID": 301, "Hist_Rate": -0.21469944673750718, "LatestYr": "2024-09-05 00:00:00", "LatestSrc": "montrose_MHWS_Modern_LiDAR.shp", "FirstEYr": null, "Extrap2050": 5.5944210616616719, "Extrap2100": 16.640514415328603, "Dist_2040": -4.6109243780049383, "Rate_2040": -0.4611460972435566, "Dist_2050": -5.091343111925994, "Rate_2050": -0.50905417097115524, "Dist_2060": -5.5347464746682249, "Rate_2060": -0.55353905785159063, "Dist_2070": -6.0202556237500175, "Rate_2070": -0.60193080061798954, "Dist_2080": -6.3050904052372516, "Rate_2080": -0.63058241575434471, "Dist_2090": -6.5927739784342521, "Rate_2090": -0.65917362436853888, "Dist_2100": -6.7756001616605772, "Rate_2100": -0.67763886693464226, "RSL_2050": 0.18573485314846039, "RSL_2100": 0.55779761075973511 }, "geometry": { "type": "LineString", "coordinates": [ [ -2.451746070549556, 56.727334494410506 ], [ -2.450371863947335, 56.727153574446035 ] ] } },
{ "type": "Feature", "properties": { "Cell": "None", "SubCell": "None", "CMU": "None", "LineID": 0, "TransectID": 302, "Hist_Rate": -0.056979574411713647, "LatestYr": "2024-09-05 00:00:00", "LatestSrc": "montrose_MHWS_Modern_LiDAR.shp", "FirstEYr": null, "Extrap2050": 1.7784130488940249, "Extrap2100": 5.289860675545845, "Dist_2040": -3.0769891433156431, "Rate_2040": -0.30773472266633728, "Dist_2050": -3.5515675784760106, "Rate_2050": -0.35510085444334089, "Dist_2060": -3.9903608521817091, "Rate_2060": -0.39908252287869056, "Dist_2070": -4.4699721191079789, "Rate_2070": -0.44692685237155655, "Dist_2080": -4.7519905586152618, "Rate_2080": -0.47525435695647172, "Dist_2090": -5.0360140766059658, "Rate_2090": -0.50352213834512849, "Dist_2100": -5.2171778515091773, "Rate_2100": -0.52177849984387759, "RSL_2050": 0.18573485314846039, "RSL_2100": 0.55779761075973511 }, "geometry": { "type": "LineString", "coordinates": [ [ -2.451783639790045, 56.727246315971655 ], [ -2.45042501055744, 56.727067566539027 ] ] } },
{ "type": "Feature", "properties": { "Cell": "None", "SubCell": "None", "CMU": "None", "LineID": 0, "TransectID": 303, "Hist_Rate": -0.17656127885145961, "LatestYr": "2024-09-05 00:00:00", "LatestSrc": "montrose_MHWS_Modern_LiDAR.shp", "FirstEYr": null, "Extrap2050": 4.8093029987818623, "Extrap2100": 14.305193512756817, "Dist_2040": -4.2796892939114741, "Rate_2040": -0.42801873409952401, "Dist_2050": -4.7557825345894003, "Rate_2050": -0.47550339512449197, "Dist_2060": -5.1953466287660035, "Rate_2060": -0.51959512350960213, "Dist_2070": -5.6764852953936042, "Rate_2070": -0.56755917889482577, "Dist_2080": -5.9588822412328, "Rate_2080": -0.59595757037061092, "Dist_2090": -6.24394371915173, "Rate_2090": -0.62429608919854251, "Dist_2100": -6.4252336211636703, "Rate_2100": -0.64259813550872724, "RSL_2050": 0.18573485314846039, "RSL_2100": 0.55779761075973511 }, "geometry": { "type": "LineString", "coordinates": [ [ -2.451832167955747, 56.727159960997056 ], [ -2.450478031049914, 56.726981861032812 ] ] } },
{ "type": "Feature", "properties": { "Cell": "None", "SubCell": "None", "CMU": "None", "LineID": 0, "TransectID": 304, "Hist_Rate": -0.12648385046782651, "LatestYr": "2024-09-05 00:00:00", "LatestSrc": "montrose_MHWS_Modern_LiDAR.shp", "FirstEYr": null, "Extrap2050": 3.255903602014611, "Extrap2100": 9.684632284033297, "Dist_2040": -3.7581062803411669, "Rate_2040": -0.37585436284159601, "Dist_2050": -4.2523660050540002, "Rate_2050": -0.42516966619242696, "Dist_2060": -4.7090643004484036, "Rate_2060": -0.47096123158721964, "Dist_2070": -5.2085639638249859, "Rate_2070": -0.52077441104772726, "Dist_2080": -5.502035957720409, "Rate_2080": -0.55026762548951169, "Dist_2090": -5.7978992081452816, "Rate_2090": -0.57969865905584539, "Dist_2100": -5.9863662503443038, "Rate_2100": -0.59870629112578844, "RSL_2050": 0.18573485314846039, "RSL_2100": 0.55779761075973511 }, "geometry": { "type": "LineString", "coordinates": [ [ -2.451874412290435, 56.7270717415714 ], [ -2.450531397652552, 56.726895326048719 ] ] } },
{ "type": "Feature", "properties": { "Cell": "None", "SubCell": "None", "CMU": "None", "LineID": 0, "TransectID": 305, "Hist_Rate": -0.17966841749428525, "LatestYr": "2024-09-05 00:00:00", "LatestSrc": "montrose_MHWS_Modern_LiDAR.shp", "FirstEYr": null, "Extrap2050": 4.6949313003905235, "Extrap2100": 13.964996756951422, "Dist_2040": -4.3505453327437067, "Rate_2040": -0.43510516256698889, "Dist_2050": -4.8498016232842929, "Rate_2050": -0.48490382408771243, "Dist_2060": -5.3108240565069877, "Rate_2060": -0.53114421014752289, "Dist_2070": -5.81537164435656, "Rate_2070": -0.58144562765231345, "Dist_2080": -6.1115679326034069, "Rate_2080": -0.61122791638113361, "Dist_2090": -6.4104831890500691, "Rate_2090": -0.64094741477597039, "Dist_2100": -6.6006453318648255, "Rate_2100": -0.66014134792542134, "RSL_2050": 0.18573485314846039, "RSL_2100": 0.55779761075973511 }, "geometry": { "type": "LineString", "coordinates": [ [ -2.451917745184992, 56.726980764033797 ], [ -2.450585731844418, 56.726806466834994 ] ] } },
{ "type": "Feature", "properties": { "Cell": "None", "SubCell": "None", "CMU": "None", "LineID": 0, "TransectID": 306, "Hist_Rate": -0.15693546398041344, "LatestYr": "2024-09-05 00:00:00", "LatestSrc": "montrose_MHWS_Modern_LiDAR.shp", "FirstEYr": null, "Extrap2050": 4.7307373647143462, "Extrap2100": 14.071501312645299, "Dist_2040": -4.3740382628262751, "Rate_2040": -0.4374547289732546, "Dist_2050": -4.8751671387599913, "Rate_2050": -0.48743997636970876, "Dist_2060": -5.3379149637469254, "Rate_2060": -0.53385361614083693, "Dist_2070": -5.8443549624489606, "Rate_2070": -0.58434350325000395, "Dist_2080": -6.1416590710300625, "Rate_2080": -0.61423738040818665, "Dist_2090": -6.4416962740746158, "Rate_2090": -0.64406823196925755, "Dist_2100": -6.6325689479535868, "Rate_2100": -0.66333408104406844, "RSL_2050": 0.18573485314846039, "RSL_2100": 0.55779761075973511 }, "geometry": { "type": "LineString", "coordinates": [ [ -2.451966467726243, 56.726885878389325 ], [ -2.450638745389579, 56.726713530611683 ] ] } },
{ "type": "Feature", "properties": { "Cell": "None", "SubCell": "None", "CMU": "None", "LineID": 0, "TransectID": 307, "Hist_Rate": -0.2019454415110975, "LatestYr": "2024-09-05 00:00:00", "LatestSrc": "montrose_MHWS_Modern_LiDAR.shp", "FirstEYr": null, "Extrap2050": 4.8439460123516431, "Extrap2100": 14.408238592907995, "Dist_2040": -4.3474485675076835, "Rate_2040": -0.43479545000490832, "Dist_2050": -4.8343486642745574, "Rate_2050": -0.48335877142384343, "Dist_2060": -5.2839059518988734, "Rate_2060": -0.52845208642837471, "Dist_2070": -5.7759660863872568, "Rate_2070": -0.57750569211806668, "Dist_2080": -6.0647860205915549, "Rate_2080": -0.60654918075736886, "Dist_2090": -6.3563148817668207, "Rate_2090": -0.63553143668319689, "Dist_2100": -6.5417310270186135, "Rate_2100": -0.65424923182799732, "RSL_2050": 0.18573485314846039, "RSL_2100": 0.55779761075973511 }, "geometry": { "type": "LineString", "coordinates": [ [ -2.452009762287496, 56.726784810673102 ], [ -2.450685063576256, 56.726615087535222 ] ] } },
{ "type": "Feature", "properties": { "Cell": "None", "SubCell": "None", "CMU": "None", "LineID": 0, "TransectID": 308, "Hist_Rate": -0.2447041781903497, "LatestYr": "2024-09-05 00:00:00", "LatestSrc": "montrose_MHWS_Modern_LiDAR.shp", "FirstEYr": null, "Extrap2050": 6.0157575560250116, "Extrap2100": 17.89377296181253, "Dist_2040": -4.8065282630885804, "Rate_2040": -0.48070876208409935, "Dist_2050": -5.2928330838681745, "Rate_2050": -0.5291999966150347, "Dist_2060": -5.7415955799018548, "Rate_2060": -0.57422637557291989, "Dist_2070": -6.2330527788968766, "Rate_2070": -0.62320716660176367, "Dist_2080": -6.5213165183620276, "Rate_2080": -0.65220754338933273, "Dist_2090": -6.8125401105752417, "Rate_2090": -0.68114677835663229, "Dist_2100": -6.9975535525942405, "Rate_2100": -0.69983678900147916, "RSL_2050": 0.18573485314846039, "RSL_2100": 0.55779761075973511 }, "geometry": { "type": "LineString", "coordinates": [ [ -2.452068748698431, 56.726680797165727 ], [ -2.450732950197861, 56.726512669070182 ] ] } },
{ "type": "Feature", "properties": { "Cell": "None", "SubCell": "None", "CMU": "None", "LineID": 0, "TransectID": 309, "Hist_Rate": -0.23355418776400916, "LatestYr": "2024-09-05 00:00:00", "LatestSrc": "montrose_MHWS_Modern_LiDAR.shp", "FirstEYr": null, "Extrap2050": 5.461817797233314, "Extrap2100": 16.246088163010672, "Dist_2040": -4.5981246577825345, "Rate_2040": -0.4598659762650979, "Dist_2050": -5.0864314022015833, "Rate_2050": -0.50856307731141848, "Dist_2060": -5.537161744638297, "Rate_2060": -0.55378061295620296, "Dist_2070": -6.0306427413736401, "Rate_2070": -0.60296934888205911, "Dist_2080": -6.3201929397692993, "Rate_2080": -0.63209284496267482, "Dist_2090": -6.6125902504189753, "Rate_2090": -0.66115493964923422, "Dist_2100": -6.7984518086625485, "Rate_2100": -0.67992429756994277, "RSL_2050": 0.18573485314846039, "RSL_2100": 0.55779761075973511 }, "geometry": { "type": "LineString", "coordinates": [ [ -2.452121524308045, 56.726573225469203 ], [ -2.450781607164442, 56.726408025640097 ] ] } },
{ "type": "Feature", "properties": { "Cell": "None", "SubCell": "None", "CMU": "None", "LineID": 0, "TransectID": 310, "Hist_Rate": -0.22914702623693495, "LatestYr": "2024-09-05 00:00:00", "LatestSrc": "montrose_MHWS_Modern_LiDAR.shp", "FirstEYr": null, "Extrap2050": 5.5425394075281265, "Extrap2100": 16.486193279328173, "Dist_2040": -4.6980681690363895, "Rate_2040": -0.46986149047899056, "Dist_2050": -5.1999813871572087, "Rate_2050": -0.51991628847488824, "Dist_2060": -5.6632860297158913, "Rate_2060": -0.56639450923014967, "Dist_2070": -6.1705177606208963, "Rate_2070": -0.61695464910582476, "Dist_2080": -6.468148484659082, "Rate_2080": -0.64689012127822965, "Dist_2090": -6.7686902264061928, "Rate_2090": -0.67676248015827101, "Dist_2100": -6.9597414246460403, "Rate_2100": -0.69605513616957326, "RSL_2050": 0.18573485314846039, "RSL_2100": 0.55779761075973511 }, "geometry": { "type": "LineString", "coordinates": [ [ -2.452170817139472, 56.726466154042114 ], [ -2.450829815455236, 56.726304112476335 ] ] } },
{ "type": "Feature", "properties": { "Cell": "None", "SubCell": "None", "CMU": "None", "LineID": 0, "TransectID": 311, "Hist_Rate": -0.14549550211962015, "LatestYr": "2024-09-05 00:00:00", "LatestSrc": "montrose_MHWS_Modern_LiDAR.shp", "FirstEYr": null, "Extrap2050": 3.8802413017628581, "Extrap2100": 11.541714612693047, "Dist_2040": -3.9902160958942545, "Rate_2040": -0.39906804556534975, "Dist_2050": -4.4816643561767364, "Rate_2050": -0.44809589203692357, "Dist_2060": -4.9356310207310798, "Rate_2060": -0.49362054027638869, "Dist_2070": -5.4322886762897724, "Rate_2070": -0.54314336075821712, "Dist_2080": -5.7239804787575395, "Rate_2080": -0.57246466046347222, "Dist_2090": -6.0181887096582614, "Rate_2090": -0.60172414174304889, "Dist_2100": -6.205487629983395, "Rate_2100": -0.62062097910575309, "RSL_2050": 0.18573485314846039, "RSL_2100": 0.55779761075973511 }, "geometry": { "type": "LineString", "coordinates": [ [ -2.452224879263007, 56.726365141422768 ], [ -2.450876177391797, 56.726204608418918 ] ] } },
{ "type": "Feature", "properties": { "Cell": "None", "SubCell": "None", "CMU": "None", "LineID": 0, "TransectID": 312, "Hist_Rate": 0.0016507609068513607, "LatestYr": "2024-09-05 00:00:00", "LatestSrc": "montrose_MHWS_Modern_LiDAR.shp", "FirstEYr": null, "Extrap2050": 0.18131559880688655, "Extrap2100": 0.53932029827832795, "Dist_2040": -2.5913515038716355, "Rate_2040": -0.25916530713385427, "Dist_2050": -3.0947188889590507, "Rate_2050": -0.30942317651262691, "Dist_2060": -3.5604852354284731, "Rate_2060": -0.35608995854353342, "Dist_2070": -4.0691927104073784, "Rate_2070": -0.40685521996467749, "Dist_2080": -4.3686130023556871, "Rate_2080": -0.43691213978994992, "Dist_2090": -4.6697919507415691, "Rate_2090": -0.46690569027339929, "Dist_2100": -4.8622003257411279, "Rate_2100": -0.48627661623069662, "RSL_2050": 0.18573485314846039, "RSL_2100": 0.55779761075973511 }, "geometry": { "type": "LineString", "coordinates": [ [ -2.452274567959593, 56.726273606879445 ], [ -2.450919376895591, 56.726113170905137 ] ] } },
{ "type": "Feature", "properties": { "Cell": "None", "SubCell": "None", "CMU": "None", "LineID": 0, "TransectID": 313, "Hist_Rate": 0.0028688565325293829, "LatestYr": "2024-09-05 00:00:00", "LatestSrc": "montrose_MHWS_Modern_LiDAR.shp", "FirstEYr": null, "Extrap2050": 0.13616513057965329, "Extrap2100": 0.40502096522616948, "Dist_2040": -2.5340830926921853, "Rate_2040": -0.25343779955712636, "Dist_2050": -3.0295669305037336, "Rate_2050": -0.30290900619066796, "Dist_2060": -3.4880474306559108, "Rate_2060": -0.34884533507429943, "Dist_2070": -3.9887877724483474, "Rate_2070": -0.39881599178167687, "Dist_2080": -4.2835259544798419, "Rate_2080": -0.42840244480534057, "Dist_2090": -4.5799861159077864, "Rate_2090": -0.45792652037762105, "Dist_2100": -4.7693873880966748, "Rate_2100": -0.47699424235950161, "RSL_2050": 0.18573485314846039, "RSL_2100": 0.55779761075973511 }, "geometry": { "type": "LineString", "coordinates": [ [ -2.452309778019455, 56.726193838044566 ], [ -2.450958382845926, 56.726032604268305 ] ] } },
{ "type": "Feature", "properties": { "Cell": "None", "SubCell": "None", "CMU": "None", "LineID": 0, "TransectID": 314, "Hist_Rate": 0.036242843935769306, "LatestYr": "2024-09-05 00:00:00", "LatestSrc": "montrose_MHWS_Modern_LiDAR.shp", "FirstEYr": null, "Extrap2050": -1.1990034299529337, "Extrap2100": -3.5664161921759279, "Dist_2040": -1.977933048425939, "Rate_2040": -0.19781632295720455, "Dist_2050": -2.4674886537522411, "Rate_2050": -0.24671002590147906, "Dist_2060": -2.9207612536349075, "Rate_2060": -0.29211011560261441, "Dist_2070": -3.4155120009773441, "Rate_2070": -0.34149743827455997, "Dist_2080": -3.7069537338486498, "Rate_2080": -0.37073851290668552, "Dist_2090": -3.9998089719480276, "Rate_2090": -0.39991793825259447, "Dist_2100": -4.1871434487127317, "Rate_2100": -0.4187630725811774, "RSL_2050": 0.18573485314846039, "RSL_2100": 0.55779761075973511 }, "geometry": { "type": "LineString", "coordinates": [ [ -2.452349910047857, 56.726129726727486 ], [ -2.450992586507418, 56.725964163104834 ] ] } },
{ "type": "Feature", "properties": { "Cell": "None", "SubCell": "None", "CMU": "None", "LineID": 0, "TransectID": 315, "Hist_Rate": 0.1496131355846089, "LatestYr": "2024-09-05 00:00:00", "LatestSrc": "montrose_MHWS_Modern_LiDAR.shp", "FirstEYr": null, "Extrap2050": -3.7427332532107034, "Extrap2100": -11.132699159809672, "Dist_2040": -0.98901693467388441, "Rate_2040": -0.09891320311134344, "Dist_2050": -1.4813907021638215, "Rate_2050": -0.14811575240489175, "Dist_2060": -1.9378006930857623, "Rate_2060": -0.19380262038454998, "Dist_2070": -2.4354024186917513, "Rate_2070": -0.24350190744840461, "Dist_2080": -2.7289593072332536, "Rate_2080": -0.27292768887517571, "Dist_2090": -3.0233902123146663, "Rate_2090": -0.30229143159631522, "Dist_2100": -3.2121822315181134, "Rate_2100": -0.32125560479059545, "RSL_2050": 0.18573485314846039, "RSL_2100": 0.55779761075973511 }, "geometry": { "type": "LineString", "coordinates": [ [ -2.45238509025494, 56.726079376976884 ], [ -2.451021907737295, 56.72590719244144 ] ] } },
{ "type": "Feature", "properties": { "Cell": "None", "SubCell": "None", "CMU": "None", "LineID": 0, "TransectID": 316, "Hist_Rate": 0.1339763983119443, "LatestYr": "2024-09-05 00:00:00", "LatestSrc": "montrose_MHWS_Modern_LiDAR.shp", "FirstEYr": null, "Extrap2050": -3.5029906883374897, "Extrap2100": -10.419588801692363, "Dist_2040": -1.0961384670946472, "Rate_2040": -0.10962660297585343, "Dist_2050": -1.5910268380916932, "Rate_2050": -0.15907764027147694, "Dist_2060": -2.0497138752057822, "Rate_2060": -0.20499524098161226, "Dist_2070": -2.5498566071148048, "Rate_2070": -0.25494552472601401, "Dist_2080": -2.8448680836096969, "Rate_2080": -0.28451991539644433, "Dist_2090": -3.1408139198820209, "Rate_2090": -0.31403195404667644, "Dist_2100": -3.3305314322371942, "Rate_2100": -0.33309190214646589, "RSL_2050": 0.18573485314846039, "RSL_2100": 0.55779761075973511 }, "geometry": { "type": "LineString", "coordinates": [ [ -2.452423022302758, 56.726040831874585 ], [ -2.451046882003107, 56.725859220610531 ] ] } },
{ "type": "Feature", "properties": { "Cell": "None", "SubCell": "None", "CMU": "None", "LineID": 0, "TransectID": 317, "Hist_Rate": 0.15627230774783432, "LatestYr": "2024-09-05 00:00:00", "LatestSrc": "montrose_MHWS_Modern_LiDAR.shp", "FirstEYr": null, "Extrap2050": -3.7998592316879556, "Extrap2100": -11.302619453234657, "Dist_2040": -0.98354170698917187, "Rate_2040": -0.098365616625134891, "Dist_2050": -1.4793214372047032, "Rate_2050": -0.14790885848021867, "Dist_2060": -1.9388951162347325, "Rate_2060": -0.19391207543575145, "Dist_2070": -2.439939004447524, "Rate_2070": -0.24395549461591154, "Dist_2080": -2.7355319395137485, "Rate_2080": -0.27358502859196338, "Dist_2090": -3.0319981941754577, "Rate_2090": -0.30315209428856549, "Dist_2100": -3.2221008379041791, "Rate_2100": -0.32224758085657645, "RSL_2050": 0.18573485314846039, "RSL_2100": 0.55779761075973511 }, "geometry": { "type": "LineString", "coordinates": [ [ -2.452433192258304, 56.726005393066508 ], [ -2.451068675705348, 56.725816491606935 ] ] } },
{ "type": "Feature", "properties": { "Cell": "None", "SubCell": "None", "CMU": "None", "LineID": 0, "TransectID": 318, "Hist_Rate": 0.20135168967151451, "LatestYr": "2024-09-05 00:00:00", "LatestSrc": "montrose_MHWS_Modern_LiDAR.shp", "FirstEYr": null, "Extrap2050": -4.9592004747431471, "Extrap2100": -14.751061115867524, "Dist_2040": -0.53541389127144612, "Rate_2040": -0.053547619984313025, "Dist_2050": -1.0329943886794695, "Rate_2050": -0.1032831790329212, "Dist_2060": -1.4944757959570438, "Rate_2060": -0.14946497149639665, "Dist_2070": -1.9973408857960635, "Rate_2070": -0.19970264946081817, "Dist_2080": -2.2942050078723355, "Rate_2080": -0.2294471995037819, "Dist_2090": -2.5916983337226611, "Rate_2090": -0.25912903877763455, "Dist_2100": -2.7826626717431395, "Rate_2100": -0.27829865029686301, "RSL_2050": 0.18573485314846039, "RSL_2100": 0.55779761075973511 }, "geometry": { "type": "LineString", "coordinates": [ [ -2.45243864338873, 56.725970648587904 ], [ -2.451088098650744, 56.725774669241353 ] ] } },
{ "type": "Feature", "properties": { "Cell": "None", "SubCell": "None", "CMU": "None", "LineID": 0, "TransectID": 319, "Hist_Rate": 0.14358546486399257, "LatestYr": "2024-09-05 00:00:00", "LatestSrc": "montrose_MHWS_Modern_LiDAR.shp", "FirstEYr": null, "Extrap2050": -3.6720718665914291, "Extrap2100": -10.922518015114802, "Dist_2040": -1.0335761113352646, "Rate_2040": -0.10336963933306965, "Dist_2050": -1.5292851825011553, "Rate_2050": -0.15290444655616706, "Dist_2060": -1.9887668736866431, "Rate_2060": -0.19889983156147145, "Dist_2070": -2.4897392066381485, "Rate_2070": -0.24893473095552532, "Dist_2080": -2.785268071234043, "Rate_2080": -0.27855922056618293, "Dist_2090": -3.081697599543304, "Rate_2090": -0.30812125253249256, "Dist_2100": -3.2717541323003161, "Rate_2100": -0.32721348813436424, "RSL_2050": 0.18573485314846039, "RSL_2100": 0.55779761075973511 }, "geometry": { "type": "LineString", "coordinates": [ [ -2.452453584989936, 56.725933880862925 ], [ -2.451106415034889, 56.725729871763448 ] ] } },
{ "type": "Feature", "properties": { "Cell": "None", "SubCell": "None", "CMU": "None", "LineID": 0, "TransectID": 320, "Hist_Rate": 0.27355323124225095, "LatestYr": "2024-09-05 00:00:00", "LatestSrc": "montrose_MHWS_Modern_LiDAR.shp", "FirstEYr": null, "Extrap2050": -6.0900794877171931, "Extrap2100": -18.114842338262267, "Dist_2040": -0.068134649590831486, "Rate_2040": -0.0068142578732692414, "Dist_2050": -0.56144830751304653, "Rate_2050": -0.056135993281367071, "Dist_2060": -1.0192167004964858, "Rate_2060": -0.10193353114213793, "Dist_2070": -1.5177709805130348, "Rate_2070": -0.15175320759650482, "Dist_2080": -1.8122917828467848, "Rate_2080": -0.18125026875586442, "Dist_2090": -2.1071830901832413, "Rate_2090": -0.21068514092971599, "Dist_2100": -2.296685245317974, "Rate_2100": -0.22969525211200717, "RSL_2050": 0.18573485314846039, "RSL_2100": 0.55779761075973511 }, "geometry": { "type": "LineString", "coordinates": [ [ -2.452484710350774, 56.725892889443891 ], [ -2.451126612310409, 56.725679659361944 ] ] } },
{ "type": "Feature", "properties": { "Cell": "None", "SubCell": "None", "CMU": "None", "LineID": 0, "TransectID": 321, "Hist_Rate": 0.2700050397168785, "LatestYr": "2024-09-05 00:00:00", "LatestSrc": "montrose_MHWS_Modern_LiDAR.shp", "FirstEYr": 2030.0, "Extrap2050": -6.5068743307083228, "Extrap2100": -19.354591816641438, "Dist_2040": 0.089791808638608472, "Rate_2040": 0.0089802258123458257, "Dist_2050": -0.4048044812527678, "Rate_2050": -0.040474076305492483, "Dist_2060": -0.86384655576921432, "Rate_2060": -0.086394708555733099, "Dist_2070": -1.3636975534724343, "Rate_2070": -0.13634829008326185, "Dist_2080": -1.6590532612949005, "Rate_2080": -0.16592463329367543, "Dist_2090": -1.9546938820150217, "Rate_2090": -0.19543862036733414, "Dist_2100": -2.1447486740524369, "Rate_2100": -0.21449982682984589, "RSL_2050": 0.18573485314846039, "RSL_2100": 0.55779761075973511 }, "geometry": { "type": "LineString", "coordinates": [ [ -2.452503097220077, 56.725841644659113 ], [ -2.45114963067474, 56.725622880594429 ] ] } },
{ "type": "Feature", "properties": { "Cell": "None", "SubCell": "None", "CMU": "None", "LineID": 0, "TransectID": 322, "Hist_Rate": 0.26094820503663391, "LatestYr": "2024-09-05 00:00:00", "LatestSrc": "montrose_MHWS_Modern_LiDAR.shp", "FirstEYr": null, "Extrap2050": -6.2488180123778019, "Extrap2100": -18.587007496867304, "Dist_2040": -0.0065625258083628069, "Rate_2040": -0.00065632895196083034, "Dist_2050": -0.50008002338142887, "Rate_2050": -0.050000130834900507, "Dist_2060": -0.95807008948179373, "Rate_2060": -0.095818158449494539, "Dist_2070": -1.4568305537960669, "Rate_2070": -0.14566012415681903, "Dist_2080": -1.7514999925049892, "Rate_2080": -0.17517038225972167, "Dist_2090": -2.0465063656125722, "Rate_2090": -0.20461842355385981, "Dist_2100": -2.2361101719278622, "Rate_2100": -0.22363703983306743, "RSL_2050": 0.18573485314846039, "RSL_2100": 0.55779761075973511 }, "geometry": { "type": "LineString", "coordinates": [ [ -2.452555310052658, 56.725787887426883 ], [ -2.451175652525915, 56.7255597867699 ] ] } },
{ "type": "Feature", "properties": { "Cell": "None", "SubCell": "None", "CMU": "None", "LineID": 0, "TransectID": 323, "Hist_Rate": 0.14988060681732301, "LatestYr": "2024-09-05 00:00:00", "LatestSrc": "montrose_MHWS_Modern_LiDAR.shp", "FirstEYr": null, "Extrap2050": -3.7828031404615525, "Extrap2100": -11.251886387418939, "Dist_2040": -0.97958748026326248, "Rate_2040": -0.09797014793539284, "Dist_2050": -1.4732338395386932, "Rate_2050": -0.14730019453537124, "Dist_2060": -1.930829797739932, "Rate_2060": -0.19310544972645868, "Dist_2070": -2.4297176622054621, "Rate_2070": -0.2429335212806128, "Dist_2080": -2.7240385209511828, "Rate_2080": -0.27243555298152039, "Dist_2090": -3.0192290935457322, "Rate_2090": -0.30187538521745882, "Dist_2100": -3.2085136084295982, "Rate_2100": -0.32088869978829343, "RSL_2050": 0.18573485314846039, "RSL_2100": 0.55779761075973511 }, "geometry": { "type": "LineString", "coordinates": [ [ -2.4526128626866, 56.725728618496255 ], [ -2.451204243173437, 56.725491587099327 ] ] } },
{ "type": "Feature", "properties": { "Cell": "None", "SubCell": "None", "CMU": "None", "LineID": 0, "TransectID": 324, "Hist_Rate": 0.17946739316285962, "LatestYr": "2024-09-05 00:00:00", "LatestSrc": "montrose_MHWS_Modern_LiDAR.shp", "FirstEYr": null, "Extrap2050": -4.0592569987760312, "Extrap2100": -12.074193890510044, "Dist_2040": -0.97024428013003217, "Rate_2040": -0.097035719190962016, "Dist_2050": -1.4837999414487513, "Rate_2050": -0.14835663841078445, "Dist_2060": -1.959877039441551, "Rate_2060": -0.19601051193270283, "Dist_2070": -2.478885743743092, "Rate_2070": -0.24784955550481422, "Dist_2080": -2.7850982507347908, "Rate_2080": -0.27854223653997862, "Dist_2090": -3.0921888040932686, "Rate_2090": -0.30917020785081734, "Dist_2100": -3.2891258878890994, "Rate_2100": -0.32895086585633471, "RSL_2050": 0.18573485314846039, "RSL_2100": 0.55779761075973511 }, "geometry": { "type": "LineString", "coordinates": [ [ -2.452596100441823, 56.725652168759446 ], [ -2.451234688587488, 56.725419804920676 ] ] } },
{ "type": "Feature", "properties": { "Cell": "None", "SubCell": "None", "CMU": "None", "LineID": 0, "TransectID": 325, "Hist_Rate": 0.22994519145828149, "LatestYr": "2024-09-05 00:00:00", "LatestSrc": "montrose_MHWS_Modern_LiDAR.shp", "FirstEYr": null, "Extrap2050": -5.8231089202852564, "Extrap2100": -17.320742729588897, "Dist_2040": -0.32906694619248356, "Rate_2040": -0.032910524122318777, "Dist_2050": -0.8534758034250558, "Rate_2050": -0.08533414621748589, "Dist_2060": -1.3399633715842469, "Rate_2060": -0.13401193092712468, "Dist_2070": -1.8699424381767358, "Rate_2070": -0.18696481001252846, "Dist_2080": -2.182915633223331, "Rate_2080": -0.218316966913355, "Dist_2090": -2.4964231862686574, "Rate_2090": -0.24960302370947993, "Dist_2100": -2.6977730203740293, "Rate_2100": -0.26980869726012086, "RSL_2050": 0.18573485314846039, "RSL_2100": 0.55779761075973511 }, "geometry": { "type": "LineString", "coordinates": [ [ -2.452710846501137, 56.72559515135071 ], [ -2.451266378426769, 56.725345647941339 ] ] } },
{ "type": "Feature", "properties": { "Cell": "None", "SubCell": "None", "CMU": "None", "LineID": 0, "TransectID": 326, "Hist_Rate": 0.40864512133199776, "LatestYr": "2024-09-05 00:00:00", "LatestSrc": "montrose_MHWS_Modern_LiDAR.shp", "FirstEYr": 2030.0, "Extrap2050": -10.105917282416426, "Extrap2100": -30.059886512764439, "Dist_2040": 1.363515403271947, "Rate_2040": 0.1363674081816961, "Dist_2050": 0.83986934035414151, "Rate_2050": 0.083973714082753226, "Dist_2060": 0.35319608612235243, "Rate_2060": 0.035323718917180537, "Dist_2070": -0.17601700619184157, "Rate_2070": -0.017598930025738764, "Dist_2080": -0.4892749445164668, "Rate_2080": -0.048933188368717316, "Dist_2090": -0.80214010418814041, "Rate_2090": -0.080201384342714718, "Dist_2100": -1.0038384059649843, "Rate_2100": -0.10039552272471682, "RSL_2050": 0.18573485314846039, "RSL_2100": 0.55779761075973511 }, "geometry": { "type": "LineString", "coordinates": [ [ -2.452796446935748, 56.725530877346486 ], [ -2.451298475199197, 56.725269484952868 ] ] } },
{ "type": "Feature", "properties": { "Cell": "None", "SubCell": "None", "CMU": "None", "LineID": 0, "TransectID": 327, "Hist_Rate": 0.43104309081737768, "LatestYr": "2024-09-05 00:00:00", "LatestSrc": "montrose_MHWS_Modern_LiDAR.shp", "FirstEYr": 2030.0, "Extrap2050": -11.021441114026386, "Extrap2100": -32.783097252457551, "Dist_2040": 1.7668304747935508, "Rate_2040": 0.1767036088964358, "Dist_2050": 1.2516368328360841, "Rate_2050": 0.12514398190997358, "Dist_2060": 0.77259466024918311, "Rate_2060": 0.077268457063543891, "Dist_2070": 0.25192261170019492, "Rate_2070": 0.025188295785356817, "Dist_2080": -0.056464882767784275, "Rate_2080": -0.0056471453845324338, "Dist_2090": -0.36423309053628827, "Rate_2090": -0.036417575847303658, "Dist_2100": -0.56283689164069983, "Rate_2100": -0.056290239155278837, "RSL_2050": 0.18573485314846039, "RSL_2100": 0.55779761075973511 }, "geometry": { "type": "LineString", "coordinates": [ [ -2.452682122482755, 56.725428632405198 ], [ -2.451329203087468, 56.725190620842724 ] ] } },
{ "type": "Feature", "properties": { "Cell": "None", "SubCell": "None", "CMU": "None", "LineID": 0, "TransectID": 328, "Hist_Rate": 0.39673558864790137, "LatestYr": "2024-09-05 00:00:00", "LatestSrc": "montrose_MHWS_Modern_LiDAR.shp", "FirstEYr": 2030.0, "Extrap2050": -9.6207554501010453, "Extrap2100": -28.616780537109939, "Dist_2040": 1.1963240806570639, "Rate_2040": 0.11964633023805796, "Dist_2050": 0.67749502468512901, "Rate_2050": 0.06773883836670086, "Dist_2060": 0.19538030976389109, "Rate_2060": 0.019540304706719056, "Dist_2070": -0.32896411476747289, "Rate_2070": -0.032891233421286262, "Dist_2080": -0.63927277066517263, "Rate_2080": -0.063934716577128778, "Dist_2090": -0.94927692489943638, "Rate_2090": -0.09491275040859086, "Dist_2100": -1.149061193714715, "Rate_2100": -0.11491949152391753, "RSL_2050": 0.18573485314846039, "RSL_2100": 0.55779761075973511 }, "geometry": { "type": "LineString", "coordinates": [ [ -2.452730441686728, 56.725350695532612 ], [ -2.451361767334177, 56.725108624460979 ] ] } },
{ "type": "Feature", "properties": { "Cell": "None", "SubCell": "None", "CMU": "None", "LineID": 0, "TransectID": 329, "Hist_Rate": -0.0041244195421310421, "LatestYr": "2024-09-05 00:00:00", "LatestSrc": "montrose_MHWS_Modern_LiDAR.shp", "FirstEYr": null, "Extrap2050": -0.11992750598730255, "Extrap2100": -0.35672241509532709, "Dist_2040": -2.5887481497691169, "Rate_2040": -0.25890494142717602, "Dist_2050": -3.1153237888455578, "Rate_2050": -0.31148334217011325, "Dist_2060": -3.6026292064302652, "Rate_2060": -0.36030484609244418, "Dist_2070": -4.1347915006869016, "Rate_2070": -0.41341406643570644, "Dist_2080": -4.448070250911428, "Rate_2080": -0.44485878932599049, "Dist_2090": -4.7631219081340532, "Rate_2090": -0.47623721695364141, "Dist_2100": -4.9644477339080595, "Rate_2100": -0.49650254694740265, "RSL_2050": 0.18573485314846039, "RSL_2100": 0.55779761075973511 }, "geometry": { "type": "LineString", "coordinates": [ [ -2.452773770974936, 56.725266506353222 ], [ -2.451396775481585, 56.725022549480066 ] ] } },
{ "type": "Feature", "properties": { "Cell": "None", "SubCell": "None", "CMU": "None", "LineID": 0, "TransectID": 330, "Hist_Rate": -0.023530228033519132, "LatestYr": "2024-09-05 00:00:00", "LatestSrc": "montrose_MHWS_Modern_LiDAR.shp", "FirstEYr": null, "Extrap2050": 0.5870212879344282, "Extrap2100": 1.7460852689332957, "Dist_2040": -3.0089186738433114, "Rate_2040": -0.30092688355181152, "Dist_2050": -3.5637428122034862, "Rate_2050": -0.35631818617197697, "Dist_2060": -4.0770415462933443, "Rate_2060": -0.40775160103287156, "Dist_2070": -4.6377512213634873, "Rate_2070": -0.46370212167228403, "Dist_2080": -4.9677130022648726, "Rate_2080": -0.49682911178251032, "Dist_2090": -5.2996967969721709, "Rate_2090": -0.52988625988724558, "Dist_2100": -5.5117162625914489, "Rate_2100": -0.55123576863076595, "RSL_2050": 0.18573485314846039, "RSL_2100": 0.55779761075973511 }, "geometry": { "type": "LineString", "coordinates": [ [ -2.452816293047005, 56.725176137928322 ], [ -2.451434534136095, 56.724931917733933 ] ] } },
{ "type": "Feature", "properties": { "Cell": "None", "SubCell": "None", "CMU": "None", "LineID": 0, "TransectID": 331, "Hist_Rate": -0.026592297193248605, "LatestYr": "2024-09-05 00:00:00", "LatestSrc": "montrose_MHWS_Modern_LiDAR.shp", "FirstEYr": null, "Extrap2050": 0.61822750206860999, "Extrap2100": 1.8389076450869857, "Dist_2040": -3.0388217251375522, "Rate_2040": -0.30391753667676685, "Dist_2050": -3.5971612576019538, "Rate_2050": -0.35965950468920932, "Dist_2060": -4.1137065567463083, "Rate_2060": -0.4114185287657211, "Dist_2070": -4.6779688854531969, "Rate_2070": -0.46772325503562534, "Dist_2080": -5.0100165812426667, "Rate_2080": -0.50105996198645253, "Dist_2090": -5.3441050360067948, "Rate_2090": -0.53432638478338679, "Dist_2100": -5.5574637597957235, "Rate_2100": -0.55581105073581316, "RSL_2050": 0.18573485314846039, "RSL_2100": 0.55779761075973511 }, "geometry": { "type": "LineString", "coordinates": [ [ -2.452861505641784, 56.725080665642565 ], [ -2.451474815567089, 56.724837082679883 ] ] } },
{ "type": "Feature", "properties": { "Cell": "None", "SubCell": "None", "CMU": "None", "LineID": 0, "TransectID": 332, "Hist_Rate": -0.61361617372498578, "LatestYr": "2024-09-05 00:00:00", "LatestSrc": "montrose_MHWS_Modern_LiDAR.shp", "FirstEYr": null, "Extrap2050": 15.765963170491167, "Extrap2100": 46.895600906409612, "Dist_2040": -9.0781101828497981, "Rate_2040": -0.90791666441936403, "Dist_2050": -9.649703957795623, "Rate_2050": -0.96481850473724828, "Dist_2060": -10.175361091440891, "Rate_2060": -1.0176545244908544, "Dist_2070": -10.753000903475822, "Rate_2070": -1.0751308328737388, "Dist_2080": -11.090321429364735, "Rate_2080": -1.1091612060965907, "Dist_2090": -11.432997936596507, "Rate_2090": -1.1431198327011634, "Dist_2100": -11.649159824333992, "Rate_2100": -1.1650515490523845, "RSL_2050": 0.18573485314846039, "RSL_2100": 0.55779761075973511 }, "geometry": { "type": "LineString", "coordinates": [ [ -2.452901271848048, 56.72498030874835 ], [ -2.451516838361112, 56.724739282634239 ] ] } },
{ "type": "Feature", "properties": { "Cell": "None", "SubCell": "None", "CMU": "None", "LineID": 0, "TransectID": 333, "Hist_Rate": -0.69926106908563401, "LatestYr": "2024-09-05 00:00:00", "LatestSrc": "montrose_MHWS_Modern_LiDAR.shp", "FirstEYr": null, "Extrap2050": 17.506743212526715, "Extrap2100": 52.073522815420311, "Dist_2040": -9.6326155889937013, "Rate_2040": -0.96337365806764297, "Dist_2050": -10.177859879337234, "Rate_2050": -1.0176257834598494, "Dist_2060": -10.678771452267256, "Rate_2060": -1.0680014189908882, "Dist_2070": -11.229780237404725, "Rate_2070": -1.1228012615275924, "Dist_2080": -11.551125363926985, "Rate_2080": -1.1552469621396775, "Dist_2090": -11.878112243911119, "Rate_2090": -1.1876242571165363, "Dist_2100": -12.083940656164827, "Rate_2100": -1.2085346919795406, "RSL_2050": 0.18573485314846039, "RSL_2100": 0.55779761075973511 }, "geometry": { "type": "LineString", "coordinates": [ [ -2.452947515961327, 56.724879575614636 ], [ -2.451559482174175, 56.724640342110241 ] ] } },
{ "type": "Feature", "properties": { "Cell": "None", "SubCell": "None", "CMU": "None", "LineID": 0, "TransectID": 334, "Hist_Rate": -0.74977490305251815, "LatestYr": "2024-09-05 00:00:00", "LatestSrc": "montrose_MHWS_Modern_LiDAR.shp", "FirstEYr": null, "Extrap2050": 18.887155963187951, "Extrap2100": 56.179538080145285, "Dist_2040": -10.095508729105916, "Rate_2040": -1.0096683589787698, "Dist_2050": -10.624488429626467, "Rate_2050": -1.0622816083377622, "Dist_2060": -11.110061779421812, "Rate_2060": -1.1111354708298113, "Dist_2070": -11.644631837920656, "Rate_2070": -1.1642798916128485, "Dist_2080": -11.95606317663237, "Rate_2080": -1.195745455857379, "Dist_2090": -12.273378698603779, "Rate_2090": -1.2271446808992037, "Dist_2100": -12.47278291120756, "Rate_2100": -1.2474234426195858, "RSL_2050": 0.18573485314846039, "RSL_2100": 0.55779761075973511 }, "geometry": { "type": "LineString", "coordinates": [ [ -2.453008835589416, 56.724782343810105 ], [ -2.451594830404785, 56.724540943083312 ] ] } },
{ "type": "Feature", "properties": { "Cell": "None", "SubCell": "None", "CMU": "None", "LineID": 0, "TransectID": 335, "Hist_Rate": -0.83888496960121262, "LatestYr": "2024-09-05 00:00:00", "LatestSrc": "montrose_MHWS_Modern_LiDAR.shp", "FirstEYr": null, "Extrap2050": 21.422416576654314, "Extrap2100": 63.720629521065717, "Dist_2040": -10.980873764583123, "Rate_2040": -1.098215165925726, "Dist_2050": -11.487017007200166, "Rate_2050": -1.1485208894750361, "Dist_2060": -11.95093027880921, "Rate_2060": -1.1952321063411755, "Dist_2070": -12.462418696005329, "Rate_2070": -1.2460457050576859, "Dist_2080": -12.759827522923729, "Rate_2080": -1.2761312442610817, "Dist_2090": -13.063589810532221, "Rate_2090": -1.3061533537840995, "Dist_2100": -13.253884826677108, "Rate_2100": -1.3255427242079993, "RSL_2050": 0.18573485314846039, "RSL_2100": 0.55779761075973511 }, "geometry": { "type": "LineString", "coordinates": [ [ -2.453053128932093, 56.7246847191022 ], [ -2.451626464341015, 56.724443055135765 ] ] } },
{ "type": "Feature", "properties": { "Cell": "None", "SubCell": "None", "CMU": "None", "LineID": 0, "TransectID": 336, "Hist_Rate": -0.52933639315224923, "LatestYr": "2024-09-05 00:00:00", "LatestSrc": "montrose_MHWS_Modern_LiDAR.shp", "FirstEYr": null, "Extrap2050": 13.224212694994161, "Extrap2100": 39.335205476482251, "Dist_2040": -7.7241603347465002, "Rate_2040": -0.77250592307328825, "Dist_2050": -8.2254971019144136, "Rate_2050": -0.82242023685901322, "Dist_2060": -8.6866692069925193, "Rate_2060": -0.86876801145535743, "Dist_2070": -9.1933095599626995, "Rate_2070": -0.91918624882416544, "Dist_2080": -9.4892727283108798, "Rate_2080": -0.94903770385270714, "Dist_2090": -9.7898031899566149, "Rate_2090": -0.97882622272316699, "Dist_2100": -9.9794859594853733, "Rate_2100": -0.99806473180649957, "RSL_2050": 0.18573485314846039, "RSL_2100": 0.55779761075973511 }, "geometry": { "type": "LineString", "coordinates": [ [ -2.453097330151266, 56.724589734764372 ], [ -2.451656878305361, 56.724347195557364 ] ] } },
{ "type": "Feature", "properties": { "Cell": "None", "SubCell": "None", "CMU": "None", "LineID": 0, "TransectID": 337, "Hist_Rate": -0.63318462969332601, "LatestYr": "2024-09-05 00:00:00", "LatestSrc": "montrose_MHWS_Modern_LiDAR.shp", "FirstEYr": null, "Extrap2050": 16.331344695054767, "Extrap2100": 48.577319051319243, "Dist_2040": -8.9910873085584058, "Rate_2040": -0.89921336426509957, "Dist_2050": -9.5007634231589577, "Rate_2050": -0.94992679567017135, "Dist_2060": -9.9690057445199045, "Rate_2060": -0.99701658834688156, "Dist_2070": -10.484070354210985, "Rate_2070": -1.0482420110451425, "Dist_2080": -10.784458778665226, "Rate_2080": -1.078571381562605, "Dist_2090": -11.090113721212447, "Rate_2090": -1.108836808327385, "Dist_2100": -11.282520220113611, "Rate_2100": -1.1283833218770114, "RSL_2050": 0.18573485314846039, "RSL_2100": 0.55779761075973511 }, "geometry": { "type": "LineString", "coordinates": [ [ -2.453308788317634, 56.724523852540827 ], [ -2.451686784835556, 56.724252179617025 ] ] } },
{ "type": "Feature", "properties": { "Cell": "None", "SubCell": "None", "CMU": "None", "LineID": 0, "TransectID": 338, "Hist_Rate": -0.6483186454763874, "LatestYr": "2024-09-05 00:00:00", "LatestSrc": "montrose_MHWS_Modern_LiDAR.shp", "FirstEYr": null, "Extrap2050": 16.137521801088621, "Extrap2100": 48.000796007108775, "Dist_2040": -8.8989181632409782, "Rate_2040": -0.8899953771187139, "Dist_2050": -9.4054495699813856, "Rate_2050": -0.94039691063890674, "Dist_2060": -9.8708222025562691, "Rate_2060": -0.98719709154358115, "Dist_2070": -10.382708964049812, "Rate_2070": -1.0381074675066968, "Dist_2080": -10.681260035215018, "Rate_2080": -1.0682503062464461, "Dist_2090": -10.985025041473818, "Rate_2090": -1.0983295945005478, "Dist_2100": -11.176258297820596, "Rate_2100": -1.1177558930289537, "RSL_2050": 0.18573485314846039, "RSL_2100": 0.55779761075973511 }, "geometry": { "type": "LineString", "coordinates": [ [ -2.453178236675055, 56.724398926727623 ], [ -2.4517174459804, 56.724155856925528 ] ] } },
{ "type": "Feature", "properties": { "Cell": "None", "SubCell": "None", "CMU": "None", "LineID": 0, "TransectID": 339, "Hist_Rate": -0.67443233532001745, "LatestYr": "2024-09-05 00:00:00", "LatestSrc": "montrose_MHWS_Modern_LiDAR.shp", "FirstEYr": null, "Extrap2050": 16.946182435290513, "Extrap2100": 50.406143904992682, "Dist_2040": -9.2696958530605116, "Rate_2040": -0.92707746101080335, "Dist_2050": -9.7865973971734093, "Rate_2050": -0.97850569390558695, "Dist_2060": -10.261397965958736, "Rate_2060": -1.0262592131932322, "Dist_2070": -10.783763955540735, "Rate_2070": -1.0782066538548007, "Dist_2080": -11.088344741060723, "Rate_2080": -1.1089635142625607, "Dist_2090": -11.398349452103503, "Rate_2090": -1.1396555296358921, "Dist_2100": -11.593426316040791, "Rate_2100": -1.1594775496266507, "RSL_2050": 0.18573485314846039, "RSL_2100": 0.55779761075973511 }, "geometry": { "type": "LineString", "coordinates": [ [ -2.45323337658772, 56.724300066530013 ], [ -2.451750253931432, 56.724055799204621 ] ] } },
{ "type": "Feature", "properties": { "Cell": "None", "SubCell": "None", "CMU": "None", "LineID": 0, "TransectID": 340, "Hist_Rate": -0.72140355582823446, "LatestYr": "2024-09-05 00:00:00", "LatestSrc": "montrose_MHWS_Modern_LiDAR.shp", "FirstEYr": null, "Extrap2050": 18.646614288909301, "Extrap2100": 55.464050784104636, "Dist_2040": -9.9134911744657188, "Rate_2040": -0.99146448529293407, "Dist_2050": -10.425057961254652, "Rate_2050": -1.0423417006333293, "Dist_2060": -10.894567892670011, "Rate_2060": -1.0895835743533753, "Dist_2070": -11.411540577215987, "Rate_2070": -1.1409744345124035, "Dist_2080": -11.71265451131751, "Rate_2080": -1.1714017566675481, "Dist_2090": -12.019541219930716, "Rate_2090": -1.2017649285574992, "Dist_2100": -12.212324490399055, "Rate_2100": -1.221374569464561, "RSL_2050": 0.18573485314846039, "RSL_2100": 0.55779761075973511 }, "geometry": { "type": "LineString", "coordinates": [ [ -2.453300300113099, 56.724195636140415 ], [ -2.451792236342545, 56.723951166723282 ] ] } },
{ "type": "Feature", "properties": { "Cell": "None", "SubCell": "None", "CMU": "None", "LineID": 0, "TransectID": 341, "Hist_Rate": -0.72028981693624217, "LatestYr": "2024-09-05 00:00:00", "LatestSrc": "montrose_MHWS_Modern_LiDAR.shp", "FirstEYr": null, "Extrap2050": 18.281848963304601, "Extrap2100": 54.379062258565554, "Dist_2040": -9.8446410115707863, "Rate_2040": -0.98457866776249814, "Dist_2050": -10.371186082596239, "Rate_2050": -1.0369553607371085, "Dist_2060": -10.85463249223892, "Rate_2060": -1.0855895695636839, "Dist_2070": -11.386742786226705, "Rate_2070": -1.1384950457427887, "Dist_2080": -11.696830151148902, "Rate_2080": -1.1698191364953459, "Dist_2090": -12.012662714799148, "Rate_2090": -1.2010771863153649, "Dist_2100": -12.211226642935685, "Rate_2100": -1.2212647719420693, "RSL_2050": 0.18573485314846039, "RSL_2100": 0.55779761075973511 }, "geometry": { "type": "LineString", "coordinates": [ [ -2.453329958304065, 56.724077213108266 ], [ -2.451836219035492, 56.723840354152152 ] ] } },
{ "type": "Feature", "properties": { "Cell": "None", "SubCell": "None", "CMU": "None", "LineID": 0, "TransectID": 342, "Hist_Rate": -0.84734090638721804, "LatestYr": "2024-09-05 00:00:00", "LatestSrc": "montrose_MHWS_Modern_LiDAR.shp", "FirstEYr": null, "Extrap2050": 21.278138170050507, "Extrap2100": 63.291475748325169, "Dist_2040": -11.04067597676476, "Rate_2040": -1.1041960830896778, "Dist_2050": -11.570129843141672, "Rate_2050": -1.1568308648326504, "Dist_2060": -12.055644240855145, "Rate_2060": -1.2057047211502014, "Dist_2070": -12.59069075310822, "Rate_2070": -1.2588708917032929, "Dist_2080": -12.901991870757229, "Rate_2080": -1.2903493334761904, "Dist_2090": -13.21969493336394, "Rate_2090": -1.3217614088965723, "Dist_2100": -13.418923076927058, "Rate_2100": -1.3420484698588531, "RSL_2050": 0.18573485314846039, "RSL_2100": 0.55779761075973511 }, "geometry": { "type": "LineString", "coordinates": [ [ -2.453398277450154, 56.723959036661391 ], [ -2.451874193806011, 56.723723827672551 ] ] } },
{ "type": "Feature", "properties": { "Cell": "None", "SubCell": "None", "CMU": "None", "LineID": 0, "TransectID": 343, "Hist_Rate": -0.79212912298794369, "LatestYr": "2024-09-05 00:00:00", "LatestSrc": "montrose_MHWS_Modern_LiDAR.shp", "FirstEYr": null, "Extrap2050": 20.017488052345268, "Extrap2100": 59.541692486546729, "Dist_2040": -10.562538473294126, "Rate_2040": -1.0563767684370564, "Dist_2050": -11.095778253664093, "Rate_2050": -1.1094031724100486, "Dist_2060": -11.58505847640231, "Rate_2060": -1.1586406682824126, "Dist_2070": -12.123932514000785, "Rate_2070": -1.2122024147946706, "Dist_2080": -12.43770324548143, "Rate_2080": -1.2439150678088038, "Dist_2090": -12.757616717837891, "Rate_2090": -1.2755608606802371, "Dist_2100": -12.958480610883385, "Rate_2100": -1.2959988648741989, "RSL_2050": 0.18573485314846039, "RSL_2100": 0.55779761075973511 }, "geometry": { "type": "LineString", "coordinates": [ [ -2.453443918216737, 56.723836037462668 ], [ -2.451912274715557, 56.723606377156578 ] ] } },
{ "type": "Feature", "properties": { "Cell": "None", "SubCell": "None", "CMU": "None", "LineID": 0, "TransectID": 344, "Hist_Rate": -0.86673484224492736, "LatestYr": "2024-09-05 00:00:00", "LatestSrc": "montrose_MHWS_Modern_LiDAR.shp", "FirstEYr": null, "Extrap2050": 22.167070939925626, "Extrap2100": 65.935591807578533, "Dist_2040": -11.359119430461362, "Rate_2040": -1.1360441343319507, "Dist_2050": -11.882166258392544, "Rate_2050": -1.1880295947525155, "Dist_2060": -12.361566686320657, "Rate_2060": -1.2363005258566464, "Dist_2070": -12.890137167266403, "Rate_2070": -1.288810819686641, "Dist_2080": -13.197473471897752, "Rate_2080": -1.3199009322452395, "Dist_2090": -13.511381729022787, "Rate_2090": -1.350925497170163, "Dist_2100": -13.70802763149743, "Rate_2100": -1.3709622897582694, "RSL_2050": 0.18573485314846039, "RSL_2100": 0.55779761075973511 }, "geometry": { "type": "LineString", "coordinates": [ [ -2.45350099365088, 56.723719835047447 ], [ -2.451947927990875, 56.723492817990952 ] ] } },
{ "type": "Feature", "properties": { "Cell": "None", "SubCell": "None", "CMU": "None", "LineID": 0, "TransectID": 345, "Hist_Rate": -0.90791306796520621, "LatestYr": "2024-09-05 00:00:00", "LatestSrc": "montrose_MHWS_Modern_LiDAR.shp", "FirstEYr": null, "Extrap2050": 23.058801179116315, "Extrap2100": 68.588028893790565, "Dist_2040": -11.695653884883768, "Rate_2040": -1.169701496180082, "Dist_2050": -12.21568718780668, "Rate_2050": -1.2213764379119851, "Dist_2060": -12.692113339445655, "Rate_2060": -1.2693590378922452, "Dist_2070": -13.217637301590571, "Rate_2070": -1.3215556781073623, "Dist_2080": -13.523027100495938, "Rate_2080": -1.3524600837220393, "Dist_2090": -13.835171055649766, "Rate_2090": -1.3832993332310868, "Dist_2100": -14.030531626470179, "Rate_2100": -1.4032164423825395, "RSL_2050": 0.18573485314846039, "RSL_2100": 0.55779761075973511 }, "geometry": { "type": "LineString", "coordinates": [ [ -2.453547110642688, 56.72361382303859 ], [ -2.451978715174975, 56.723388262475979 ] ] } },
{ "type": "Feature", "properties": { "Cell": "None", "SubCell": "None", "CMU": "None", "LineID": 0, "TransectID": 346, "Hist_Rate": -0.92091547784894223, "LatestYr": "2024-09-05 00:00:00", "LatestSrc": "montrose_MHWS_Modern_LiDAR.shp", "FirstEYr": null, "Extrap2050": 23.346785002859832, "Extrap2100": 69.4446320914344, "Dist_2040": -11.87925330108618, "Rate_2040": -1.1880635744309884, "Dist_2050": -12.413278590226469, "Rate_2050": -1.2411324679690094, "Dist_2060": -12.902592639975978, "Rate_2060": -1.2904094173894924, "Dist_2070": -13.442256701022757, "Rate_2070": -1.3440140824317832, "Dist_2080": -13.755920625389649, "Rate_2080": -1.3757521465002407, "Dist_2090": -14.076448670126865, "Rate_2090": -1.4074232968515772, "Dist_2100": -14.277115284857473, "Rate_2100": -1.4278776778284654, "RSL_2050": 0.18573485314846039, "RSL_2100": 0.55779761075973511 }, "geometry": { "type": "LineString", "coordinates": [ [ -2.453598919874793, 56.723525899950637 ], [ -2.452002772545437, 56.723296825984598 ] ] } },
{ "type": "Feature", "properties": { "Cell": "None", "SubCell": "None", "CMU": "None", "LineID": 0, "TransectID": 347, "Hist_Rate": -0.88343648345507375, "LatestYr": "2024-09-05 00:00:00", "LatestSrc": "montrose_MHWS_Modern_LiDAR.shp", "FirstEYr": null, "Extrap2050": 22.474011194182484, "Extrap2100": 66.84858059932472, "Dist_2040": -11.553398642639706, "Rate_2040": -1.1554743164661372, "Dist_2050": -12.091077697290302, "Rate_2050": -1.2089174502744466, "Dist_2060": -12.583954540332115, "Rate_2060": -1.2585418992873092, "Dist_2070": -13.127312131342364, "Rate_2070": -1.3125245828447341, "Dist_2080": -13.443300169503459, "Rate_2080": -1.3444864628039066, "Dist_2090": -13.765976403487571, "Rate_2090": -1.3763809571724088, "Dist_2100": -13.968170278321054, "Rate_2100": -1.3969795818399993, "RSL_2050": 0.18573485314846039, "RSL_2100": 0.55779761075973511 }, "geometry": { "type": "LineString", "coordinates": [ [ -2.45361435337217, 56.72345267737002 ], [ -2.45201912878207, 56.723220423047863 ] ] } },
{ "type": "Feature", "properties": { "Cell": "None", "SubCell": "None", "CMU": "None", "LineID": 0, "TransectID": 348, "Hist_Rate": -0.88141466716149275, "LatestYr": "2024-09-05 00:00:00", "LatestSrc": "montrose_MHWS_Modern_LiDAR.shp", "FirstEYr": null, "Extrap2050": 22.483282566938112, "Extrap2100": 66.87615814672229, "Dist_2040": -11.523123341378721, "Rate_2040": -1.1524464340124638, "Dist_2050": -12.054024304733844, "Rate_2050": -1.2052126942572545, "Dist_2060": -12.540626934814554, "Rate_2060": -1.2542086345123233, "Dist_2070": -13.077134514136787, "Rate_2070": -1.3075076109443213, "Dist_2080": -13.389088689914956, "Rate_2080": -1.3390646839611893, "Dist_2090": -13.707709908796915, "Rate_2090": -1.3705552248463611, "Dist_2100": -13.907311158977109, "Rate_2100": -1.3908929616601031, "RSL_2050": 0.18573485314846039, "RSL_2100": 0.55779761075973511 }, "geometry": { "type": "LineString", "coordinates": [ [ -2.4536275901066, 56.723397809671972 ], [ -2.452043609333184, 56.72316034024513 ] ] } },
{ "type": "Feature", "properties": { "Cell": "None", "SubCell": "None", "CMU": "None", "LineID": 0, "TransectID": 349, "Hist_Rate": -0.91414098728224369, "LatestYr": "2024-09-05 00:00:00", "LatestSrc": "montrose_MHWS_Modern_LiDAR.shp", "FirstEYr": null, "Extrap2050": 23.034652247905598, "Extrap2100": 68.516198290856408, "Dist_2040": -11.786827017671897, "Rate_2040": -1.178819870482483, "Dist_2050": -12.326975257804634, "Rate_2050": -1.2325034931833312, "Dist_2060": -12.822020316445787, "Rate_2060": -1.2823512473793677, "Dist_2070": -13.367872645798229, "Rate_2070": -1.336576847750605, "Dist_2080": -13.685232917179974, "Rate_2080": -1.3686825530539724, "Dist_2090": -14.009410844911372, "Rate_2090": -1.4007205695380625, "Dist_2100": -14.212464890323304, "Rate_2100": -1.4214118860087375, "RSL_2050": 0.18573485314846039, "RSL_2100": 0.55779761075973511 }, "geometry": { "type": "LineString", "coordinates": [ [ -2.453639363206926, 56.7233561536911 ], [ -2.452048405807262, 56.723108137396807 ] ] } },
{ "type": "Feature", "properties": { "Cell": "None", "SubCell": "None", "CMU": "None", "LineID": 0, "TransectID": 350, "Hist_Rate": -0.87381953241886712, "LatestYr": "2024-09-05 00:00:00", "LatestSrc": "montrose_MHWS_Modern_LiDAR.shp", "FirstEYr": null, "Extrap2050": 22.25327796613546, "Extrap2100": 66.192013204276421, "Dist_2040": -11.673896231051685, "Rate_2040": -1.167525477593071, "Dist_2050": -12.253032627418747, "Rate_2050": -1.225110394037775, "Dist_2060": -12.784319049313922, "Rate_2060": -1.2785806819192334, "Dist_2070": -13.369574062208244, "Rate_2070": -1.3367469626104831, "Dist_2080": -13.710262996209508, "Rate_2080": -1.3711858522434424, "Dist_2090": -14.057734095629712, "Rate_2090": -1.4055521339783836, "Dist_2100": -14.275809946898789, "Rate_2100": -1.4277471288417802, "RSL_2050": 0.18573485314846039, "RSL_2100": 0.55779761075973511 }, "geometry": { "type": "LineString", "coordinates": [ [ -2.453648776995547, 56.723318928619193 ], [ -2.452047162861974, 56.72305868002595 ] ] } },
{ "type": "Feature", "properties": { "Cell": "None", "SubCell": "None", "CMU": "None", "LineID": 0, "TransectID": 351, "Hist_Rate": -0.43223629948291287, "LatestYr": "2024-09-05 00:00:00", "LatestSrc": "montrose_MHWS_Modern_LiDAR.shp", "FirstEYr": null, "Extrap2050": 10.896020316275683, "Extrap2100": 32.410035130398995, "Dist_2040": -7.3334483287540024, "Rate_2040": -0.73343017557911661, "Dist_2050": -7.9401232686133767, "Rate_2050": -0.79388734545210005, "Dist_2060": -8.4992574520334756, "Rate_2060": -0.8500246549628524, "Dist_2070": -9.1123561962778012, "Rate_2070": -0.91109218670106629, "Dist_2080": -9.4713861611908214, "Rate_2080": -0.94724883898651113, "Dist_2090": -9.8348406697999735, "Rate_2090": -0.98332926179562463, "Dist_2100": -10.065141786447498, "Rate_2100": -1.0066313113188801, "RSL_2050": 0.18573485314846039, "RSL_2100": 0.55779761075973511 }, "geometry": { "type": "LineString", "coordinates": [ [ -2.453646544187048, 56.723273890710054 ], [ -2.452046087852086, 56.723004307483507 ] ] } },
{ "type": "Feature", "properties": { "Cell": "None", "SubCell": "None", "CMU": "None", "LineID": 0, "TransectID": 352, "Hist_Rate": -0.20162565327097606, "LatestYr": "2024-09-05 00:00:00", "LatestSrc": "montrose_MHWS_Modern_LiDAR.shp", "FirstEYr": null, "Extrap2050": 5.4601088310519508, "Extrap2100": 16.241004870912555, "Dist_2040": -5.2997934946656073, "Rate_2040": -0.53004102559567445, "Dist_2050": -5.9284004522222631, "Rate_2050": -0.59274672931037231, "Dist_2060": -6.5089615987275238, "Rate_2060": -0.65097190764601254, "Dist_2070": -7.1442312759475044, "Rate_2070": -0.71431067391329217, "Dist_2080": -7.5172458921711041, "Rate_2080": -0.75181207085742185, "Dist_2090": -7.8935865208313771, "Rate_2090": -0.78923440318498617, "Dist_2100": -8.1330845825118558, "Rate_2100": -0.81340310668896132, "RSL_2050": 0.18573485314846039, "RSL_2100": 0.55779761075973511 }, "geometry": { "type": "LineString", "coordinates": [ [ -2.453642096410876, 56.723211776583547 ], [ -2.452051895412142, 56.722937586616617 ] ] } },
{ "type": "Feature", "properties": { "Cell": "None", "SubCell": "None", "CMU": "None", "LineID": 0, "TransectID": 353, "Hist_Rate": -0.15555504776646431, "LatestYr": "2024-09-05 00:00:00", "LatestSrc": "montrose_MHWS_Modern_LiDAR.shp", "FirstEYr": null, "Extrap2050": 3.8232609681255232, "Extrap2100": 11.372227537474458, "Dist_2040": -4.8711647693718874, "Rate_2040": -0.4871731649171171, "Dist_2050": -5.5430798550076474, "Rate_2050": -0.55422073472286637, "Dist_2060": -6.1640580479935352, "Rate_2060": -0.6164775387717083, "Dist_2070": -6.8430971930888518, "Rate_2070": -0.68420200562462496, "Dist_2080": -7.2421579263758531, "Rate_2080": -0.72430007295299359, "Dist_2090": -7.6443392670036019, "Rate_2090": -0.76431360107543478, "Dist_2100": -7.9006384972593651, "Rate_2100": -0.79015579308194239, "RSL_2050": 0.18573485314846039, "RSL_2100": 0.55779761075973511 }, "geometry": { "type": "LineString", "coordinates": [ [ -2.453665748701104, 56.723129180809629 ], [ -2.452069122128886, 56.722852419560432 ] ] } },
{ "type": "Feature", "properties": { "Cell": "None", "SubCell": "None", "CMU": "None", "LineID": 0, "TransectID": 354, "Hist_Rate": -0.04876592176225069, "LatestYr": "2024-09-05 00:00:00", "LatestSrc": "montrose_MHWS_Modern_LiDAR.shp", "FirstEYr": null, "Extrap2050": 1.1035787498063687, "Extrap2100": 3.2825770338331726, "Dist_2040": -3.9459388051405995, "Rate_2040": -0.39463980121483172, "Dist_2050": -4.6472542274024136, "Rate_2050": -0.46465227269423109, "Dist_2060": -5.2960049456086153, "Rate_2060": -0.52966212660089118, "Dist_2070": -6.0047594594165616, "Rate_2070": -0.60038142810182138, "Dist_2080": -6.4217793354317791, "Rate_2080": -0.64225266673642978, "Dist_2090": -6.8414331525955276, "Rate_2090": -0.68403562776810078, "Dist_2100": -7.1093784881271631, "Rate_2100": -0.71102058391286571, "RSL_2050": 0.18573485314846039, "RSL_2100": 0.55779761075973511 }, "geometry": { "type": "LineString", "coordinates": [ [ -2.453706607163649, 56.72301921101657 ], [ -2.4521250115605, 56.722749491891811 ] ] } },
{ "type": "Feature", "properties": { "Cell": "None", "SubCell": "None", "CMU": "None", "LineID": 0, "TransectID": 355, "Hist_Rate": 0.035170047232796028, "LatestYr": "2024-09-05 00:00:00", "LatestSrc": "montrose_MHWS_Modern_LiDAR.shp", "FirstEYr": null, "Extrap2050": -0.83623227153121105, "Extrap2100": -2.4873592844734724, "Dist_2040": -3.117827446873207, "Rate_2040": -0.31181902827617397, "Dist_2050": -3.8065139988954684, "Rate_2050": -0.38059148350440136, "Dist_2060": -4.4439820767350966, "Rate_2060": -0.44444992433239827, "Dist_2070": -5.1399759638575802, "Rate_2070": -0.51391669065952705, "Dist_2080": -5.549817468419235, "Rate_2080": -0.55504633261476244, "Dist_2090": -5.9618310260906355, "Rate_2090": -0.59608926048368716, "Dist_2100": -6.2252383033718388, "Rate_2100": -0.62259627629224779, "RSL_2050": 0.18573485314846039, "RSL_2100": 0.55779761075973511 }, "geometry": { "type": "LineString", "coordinates": [ [ -2.453792228128745, 56.722885727221389 ], [ -2.452178015547334, 56.722621098874669 ] ] } },
{ "type": "Feature", "properties": { "Cell": "None", "SubCell": "None", "CMU": "None", "LineID": 0, "TransectID": 356, "Hist_Rate": 0.025394481929094805, "LatestYr": "2024-09-05 00:00:00", "LatestSrc": "montrose_MHWS_Modern_LiDAR.shp", "FirstEYr": null, "Extrap2050": -0.20372214272953751, "Extrap2100": -0.60596819857631168, "Dist_2040": -3.2350321398982942, "Rate_2040": -0.32354086154348377, "Dist_2050": -3.8973100163509002, "Rate_2050": -0.38966965607638754, "Dist_2060": -4.5102084695197391, "Rate_2060": -0.45107333431778845, "Dist_2070": -5.1795127820624884, "Rate_2070": -0.51786975015123415, "Dist_2080": -5.5735347847023604, "Rate_2080": -0.55741834025236914, "Dist_2090": -5.9697751678660325, "Rate_2090": -0.59688354961656431, "Dist_2100": -6.2229919760965231, "Rate_2100": -0.62237161742317482, "RSL_2050": 0.18573485314846039, "RSL_2100": 0.55779761075973511 }, "geometry": { "type": "LineString", "coordinates": [ [ -2.453921513159846, 56.722731466106154 ], [ -2.452252652860525, 56.722474367517776 ] ] } },
{ "type": "Feature", "properties": { "Cell": "None", "SubCell": "None", "CMU": "None", "LineID": 0, "TransectID": 357, "Hist_Rate": 0.016773793179776626, "LatestYr": "2024-09-05 00:00:00", "LatestSrc": "montrose_MHWS_Modern_LiDAR.shp", "FirstEYr": null, "Extrap2050": -0.97920390892426934, "Extrap2100": -2.9126260934604362, "Dist_2040": -3.1091340065234476, "Rate_2040": -0.31094958307164305, "Dist_2050": -3.8073455363344237, "Rate_2050": -0.38067462415949244, "Dist_2060": -4.4536575624893544, "Rate_2060": -0.44541758550589211, "Dist_2070": -5.1592776432735263, "Rate_2070": -0.51584655478328256, "Dist_2080": -5.5748101789795328, "Rate_2080": -0.55754589452243486, "Dist_2090": -5.9925164420379815, "Rate_2090": -0.59915731907502257, "Dist_2100": -6.2595864504149858, "Rate_2100": -0.62603149072171294, "RSL_2050": 0.18573485314846039, "RSL_2100": 0.55779761075973511 }, "geometry": { "type": "LineString", "coordinates": [ [ -2.453964598660679, 56.722544051749878 ], [ -2.45233079201354, 56.722312255242045 ] ] } },
{ "type": "Feature", "properties": { "Cell": "None", "SubCell": "None", "CMU": "None", "LineID": 0, "TransectID": 358, "Hist_Rate": 0.28045807226975572, "LatestYr": "2024-09-05 00:00:00", "LatestSrc": "montrose_MHWS_Modern_LiDAR.shp", "FirstEYr": null, "Extrap2050": -6.111636486947857, "Extrap2100": -18.178963281697751, "Dist_2040": -1.1921516187931047, "Rate_2040": -0.11922903549480848, "Dist_2050": -1.9116972827426935, "Rate_2050": -0.19113963722752483, "Dist_2060": -2.5788198293072924, "Rate_2060": -0.25791199384057195, "Dist_2070": -3.3060062683661613, "Rate_2070": -0.33054858868703196, "Dist_2080": -3.7351154446002965, "Rate_2080": -0.37355501171260236, "Dist_2090": -4.1653632866102157, "Rate_2090": -0.41647076381323073, "Dist_2100": -4.4413563153538576, "Rate_2100": -0.44418731763708419, "RSL_2050": 0.18573485314846039, "RSL_2100": 0.55779761075973511 }, "geometry": { "type": "LineString", "coordinates": [ [ -2.45404658793927, 56.722352820277514 ], [ -2.452376783568917, 56.722138024527226 ] ] } },
{ "type": "Feature", "properties": { "Cell": "None", "SubCell": "None", "CMU": "None", "LineID": 0, "TransectID": 359, "Hist_Rate": 0.19287510729783008, "LatestYr": "2024-09-05 00:00:00", "LatestSrc": "montrose_MHWS_Modern_LiDAR.shp", "FirstEYr": null, "Extrap2050": -4.7485470868575286, "Extrap2100": -14.124476041359872, "Dist_2040": -1.6512490392196355, "Rate_2040": -0.16514412026483508, "Dist_2050": -2.3551364038706311, "Rate_2050": -0.23547656939247713, "Dist_2060": -3.0074853802171333, "Rate_2060": -0.30078353750929804, "Dist_2070": -3.7188458352571274, "Rate_2070": -0.37182604708018108, "Dist_2080": -4.1384048911036189, "Rate_2080": -0.41388864962730382, "Dist_2090": -4.5593433740315277, "Rate_2090": -0.45586257111681094, "Dist_2100": -4.8291465747674351, "Rate_2100": -0.48297085647165799, "RSL_2050": 0.18573485314846039, "RSL_2100": 0.55779761075973511 }, "geometry": { "type": "LineString", "coordinates": [ [ -2.454247443408136, 56.72217608639361 ], [ -2.452418428428209, 56.721964601879826 ] ] } },
{ "type": "Feature", "properties": { "Cell": "None", "SubCell": "None", "CMU": "None", "LineID": 0, "TransectID": 360, "Hist_Rate": 0.14546751548119644, "LatestYr": "2024-09-05 00:00:00", "LatestSrc": "montrose_MHWS_Modern_LiDAR.shp", "FirstEYr": null, "Extrap2050": -3.6693080352741378, "Extrap2100": -10.914297043834663, "Dist_2040": -2.0101238960040746, "Rate_2040": -0.20103578233468461, "Dist_2050": -2.7006907777165452, "Rate_2050": -0.27002656758284571, "Dist_2060": -3.3404886324531731, "Rate_2060": -0.33408773804457231, "Dist_2070": -4.0383860476612767, "Rate_2070": -0.40377503860195013, "Dist_2080": -4.4498346893055327, "Rate_2080": -0.44503525369898028, "Dist_2090": -4.8628502305301708, "Rate_2090": -0.48620847942086393, "Dist_2100": -5.1273997641846449, "Rate_2100": -0.51279964632262054, "RSL_2050": 0.18573485314846039, "RSL_2100": 0.55779761075973511 }, "geometry": { "type": "LineString", "coordinates": [ [ -2.454211014528108, 56.7219823083284 ], [ -2.452452761593984, 56.721799438297992 ] ] } },
{ "type": "Feature", "properties": { "Cell": "None", "SubCell": "None", "CMU": "None", "LineID": 0, "TransectID": 361, "Hist_Rate": 0.1656930159939006, "LatestYr": "2024-09-05 00:00:00", "LatestSrc": "montrose_MHWS_Modern_LiDAR.shp", "FirstEYr": null, "Extrap2050": -4.5036200541654337, "Extrap2100": -13.395944568077116, "Dist_2040": -1.5444989170670738, "Rate_2040": -0.15446786574941695, "Dist_2050": -2.2077694421378737, "Rate_2050": -0.22074219284698668, "Dist_2060": -2.8224815836702533, "Rate_2060": -0.28228100488052643, "Dist_2070": -3.4927940082200166, "Rate_2070": -0.34922442254237601, "Dist_2080": -3.8881480081322479, "Rate_2080": -0.38886004897597004, "Dist_2090": -4.284795559429142, "Rate_2090": -0.4284121111729533, "Dist_2100": -4.5390344887093761, "Rate_2100": -0.45395627169836644, "RSL_2050": 0.18573485314846039, "RSL_2100": 0.55779761075973511 }, "geometry": { "type": "LineString", "coordinates": [ [ -2.454217325649272, 56.721813046957521 ], [ -2.452478654162006, 56.721648477845292 ] ] } },
{ "type": "Feature", "properties": { "Cell": "None", "SubCell": "None", "CMU": "None", "LineID": 0, "TransectID": 362, "Hist_Rate": -0.051364301789203134, "LatestYr": "2024-09-05 00:00:00", "LatestSrc": "montrose_MHWS_Modern_LiDAR.shp", "FirstEYr": null, "Extrap2050": 1.6247026313998754, "Extrap2100": 4.8326515398899312, "Dist_2040": -3.7014347708897617, "Rate_2040": -0.37018655238409198, "Dist_2050": -4.3128601273269851, "Rate_2050": -0.4312181262127639, "Dist_2060": -4.8783202540682851, "Rate_2060": -0.48788879665841611, "Dist_2070": -5.4962304474970551, "Rate_2070": -0.54953653140430969, "Dist_2080": -5.859685164277721, "Rate_2080": -0.58603670827319432, "Dist_2090": -6.2255792505997078, "Rate_2090": -0.62245993140902378, "Dist_2100": -6.4590820655083689, "Rate_2100": -0.64598337385307791, "RSL_2050": 0.18573485314846039, "RSL_2100": 0.55779761075973511 }, "geometry": { "type": "LineString", "coordinates": [ [ -2.454286731304558, 56.721673156881621 ], [ -2.452496337713883, 56.721515432801162 ] ] } },
{ "type": "Feature", "properties": { "Cell": "None", "SubCell": "None", "CMU": "None", "LineID": 0, "TransectID": 363, "Hist_Rate": -0.11338421268092135, "LatestYr": "2024-09-05 00:00:00", "LatestSrc": "montrose_MHWS_Modern_LiDAR.shp", "FirstEYr": null, "Extrap2050": 3.0340868646247476, "Extrap2100": 9.0248420080756215, "Dist_2040": -4.1875533976655106, "Rate_2040": -0.41880407224721944, "Dist_2050": -4.7850716710591428, "Rate_2050": -0.47843184774618641, "Dist_2060": -5.3373691238003858, "Rate_2060": -0.53379902579399297, "Dist_2070": -5.9412230752703863, "Rate_2070": -0.59402878978084972, "Dist_2080": -6.2961614812249422, "Rate_2080": -0.62968941944312729, "Dist_2090": -6.6537959939031452, "Rate_2090": -0.66527486539917047, "Dist_2100": -6.881771545315587, "Rate_2100": -0.68825724086525963, "RSL_2050": 0.18573485314846039, "RSL_2100": 0.55779761075973511 }, "geometry": { "type": "LineString", "coordinates": [ [ -2.454341711531829, 56.721556531611462 ], [ -2.452514254992604, 56.721402125588874 ] ] } },
{ "type": "Feature", "properties": { "Cell": "None", "SubCell": "None", "CMU": "None", "LineID": 0, "TransectID": 364, "Hist_Rate": 0.011170951932605769, "LatestYr": "2024-09-05 00:00:00", "LatestSrc": "montrose_MHWS_Modern_LiDAR.shp", "FirstEYr": null, "Extrap2050": -0.29243380580205058, "Extrap2100": -0.86983959686671142, "Dist_2040": -3.0200100728951611, "Rate_2040": -0.30203615253269739, "Dist_2050": -3.6463227049385409, "Rate_2050": -0.36457487559773205, "Dist_2060": -4.2259582517572198, "Rate_2060": -0.42264500459130239, "Dist_2070": -4.8589158611342782, "Rate_2070": -0.48581510441016607, "Dist_2080": -5.231557558726081, "Rate_2080": -0.52321663790882, "Dist_2090": -5.6062756284426314, "Rate_2090": -0.56053931733409745, "Dist_2100": -5.8457563161977077, "Rate_2100": -0.58464366136879553, "RSL_2050": 0.18573485314846039, "RSL_2100": 0.55779761075973511 }, "geometry": { "type": "LineString", "coordinates": [ [ -2.454394667635029, 56.72146305217727 ], [ -2.452554307842114, 56.721309087233763 ] ] } },
{ "type": "Feature", "properties": { "Cell": "None", "SubCell": "None", "CMU": "None", "LineID": 0, "TransectID": 365, "Hist_Rate": -0.1834135414478355, "LatestYr": "2024-09-05 00:00:00", "LatestSrc": "montrose_MHWS_Modern_LiDAR.shp", "FirstEYr": null, "Extrap2050": 4.4749989356861626, "Extrap2100": 13.310811516884206, "Dist_2040": -5.14714126910917, "Rate_2040": -0.51477402655602578, "Dist_2050": -5.8228494509696702, "Rate_2050": -0.58219329060930469, "Dist_2060": -6.4472020110069934, "Rate_2060": -0.64479523014929407, "Dist_2070": -7.130073746255448, "Rate_2070": -0.71289514379050245, "Dist_2080": -7.5312785940518552, "Rate_2080": -0.75321550435048867, "Dist_2090": -7.9357576973421828, "Rate_2090": -0.79345085704119966, "Dist_2100": -8.1934096095526456, "Rate_2100": -0.81943631142306472, "RSL_2050": 0.18573485314846039, "RSL_2100": 0.55779761075973511 }, "geometry": { "type": "LineString", "coordinates": [ [ -2.454424811539054, 56.721387308154263 ], [ -2.452585483995428, 56.721230701807514 ] ] } },
{ "type": "Feature", "properties": { "Cell": "None", "SubCell": "None", "CMU": "None", "LineID": 0, "TransectID": 366, "Hist_Rate": -0.0050632386543055553, "LatestYr": "2024-09-05 00:00:00", "LatestSrc": "montrose_MHWS_Modern_LiDAR.shp", "FirstEYr": null, "Extrap2050": 0.69144556935002988, "Extrap2100": 2.0566935948090248, "Dist_2040": -3.6510995912469753, "Rate_2040": -0.36515244864622765, "Dist_2050": -4.3259807180581333, "Rate_2050": -0.43252997876138732, "Dist_2060": -4.9503555682853175, "Rate_2060": -0.49509316638812984, "Dist_2070": -5.6323958140945933, "Rate_2070": -0.56315092475484385, "Dist_2080": -6.0337610851938734, "Rate_2080": -0.60344632616618932, "Dist_2090": -6.4375810299217164, "Rate_2090": -0.64365677232991581, "Dist_2100": -6.6954822277122048, "Rate_2100": -0.66962614117063934, "RSL_2050": 0.18573485314846039, "RSL_2100": 0.55779761075973511 }, "geometry": { "type": "LineString", "coordinates": [ [ -2.454473478705867, 56.721327578058357 ], [ -2.45257453708653, 56.721159871696507 ] ] } },
{ "type": "Feature", "properties": { "Cell": "None", "SubCell": "None", "CMU": "None", "LineID": 0, "TransectID": 367, "Hist_Rate": -0.41584647620994164, "LatestYr": "2024-09-05 00:00:00", "LatestSrc": "montrose_MHWS_Modern_LiDAR.shp", "FirstEYr": null, "Extrap2050": 9.7115706932330212, "Extrap2100": 28.886909000057695, "Dist_2040": -7.1324291886318179, "Rate_2040": -0.71332592221491153, "Dist_2050": -7.7922451428547674, "Rate_2050": -0.7791018605499952, "Dist_2060": -8.4008013133016561, "Rate_2060": -0.84017789531039988, "Dist_2070": -9.0676062113008129, "Rate_2070": -0.9066178925899363, "Dist_2080": -9.4584538326247412, "Rate_2080": -0.94595545563046057, "Dist_2090": -9.8536518412614669, "Rate_2090": -0.98521008284476908, "Dist_2100": -10.104445589682655, "Rate_2100": -1.0105621490387917, "RSL_2050": 0.18573485314846039, "RSL_2100": 0.55779761075973511 }, "geometry": { "type": "LineString", "coordinates": [ [ -2.454521287939613, 56.721276484005401 ], [ -2.452611236592462, 56.721099820856885 ] ] } },
{ "type": "Feature", "properties": { "Cell": "None", "SubCell": "None", "CMU": "None", "LineID": 0, "TransectID": 368, "Hist_Rate": -0.08916529102271506, "LatestYr": "2024-09-05 00:00:00", "LatestSrc": "montrose_MHWS_Modern_LiDAR.shp", "FirstEYr": null, "Extrap2050": 1.8625314596992821, "Extrap2100": 5.5400695197088279, "Dist_2040": -3.8732598039299546, "Rate_2040": -0.38737105529487581, "Dist_2050": -4.5002756978851153, "Rate_2050": -0.44995673325617419, "Dist_2060": -5.0801134245544404, "Rate_2060": -0.50807046206676487, "Dist_2070": -5.7137792849798075, "Rate_2070": -0.57128799082787773, "Dist_2080": -6.086467748716359, "Rate_2080": -0.60871760589006974, "Dist_2090": -6.4617001798363845, "Rate_2090": -0.64606830767421042, "Dist_2100": -6.7011276546976433, "Rate_2100": -0.67019074956760794, "RSL_2050": 0.18573485314846039, "RSL_2100": 0.55779761075973511 }, "geometry": { "type": "LineString", "coordinates": [ [ -2.454550351469821, 56.721226818578621 ], [ -2.452650723064189, 56.721042504946929 ] ] } },
{ "type": "Feature", "properties": { "Cell": "None", "SubCell": "None", "CMU": "None", "LineID": 0, "TransectID": 369, "Hist_Rate": -0.75420727867941062, "LatestYr": "2024-09-05 00:00:00", "LatestSrc": "montrose_MHWS_Modern_LiDAR.shp", "FirstEYr": null, "Extrap2050": 18.933881183055945, "Extrap2100": 56.318521486328478, "Dist_2040": -10.416399893553717, "Rate_2040": -1.041761209781296, "Dist_2050": -11.005800470702184, "Rate_2050": -1.1004068104080051, "Dist_2060": -11.547276122038568, "Rate_2060": -1.1548619931554414, "Dist_2070": -12.142908017445393, "Rate_2070": -1.2140996664554611, "Dist_2080": -12.490275474386522, "Rate_2080": -1.2491729025064675, "Dist_2090": -12.843743600424204, "Rate_2090": -1.2841721932597694, "Dist_2100": -13.066239505481917, "Rate_2100": -1.3067760083737621, "RSL_2050": 0.18573485314846039, "RSL_2100": 0.55779761075973511 }, "geometry": { "type": "LineString", "coordinates": [ [ -2.454586299757137, 56.721176467796973 ], [ -2.45269385841281, 56.720984577281627 ] ] } },
{ "type": "Feature", "properties": { "Cell": "None", "SubCell": "None", "CMU": "None", "LineID": 0, "TransectID": 370, "Hist_Rate": -1.3231963689711312, "LatestYr": "2024-09-05 00:00:00", "LatestSrc": "montrose_MHWS_Modern_LiDAR.shp", "FirstEYr": null, "Extrap2050": 33.679605894111326, "Extrap2100": 100.17943969649654, "Dist_2040": -16.059817252923153, "Rate_2040": -1.6061686207559653, "Dist_2050": -16.61505830736553, "Rate_2050": -1.6612443016227634, "Dist_2060": -17.121853920538229, "Rate_2060": -1.7123846469255706, "Dist_2070": -17.682946975678078, "Rate_2070": -1.7680163593660281, "Dist_2080": -18.007450296608909, "Rate_2080": -1.8009545906240907, "Dist_2090": -18.341120760169133, "Rate_2090": -1.8338233778390569, "Dist_2100": -18.548353805625311, "Rate_2100": -1.8550512362681004, "RSL_2050": 0.18573485314846039, "RSL_2100": 0.55779761075973511 }, "geometry": { "type": "LineString", "coordinates": [ [ -2.454614164938441, 56.721120948749792 ], [ -2.452743844153317, 56.720924079497337 ] ] } },
{ "type": "Feature", "properties": { "Cell": "None", "SubCell": "None", "CMU": "None", "LineID": 0, "TransectID": 371, "Hist_Rate": -1.9615540887664407, "LatestYr": "2024-09-05 00:00:00", "LatestSrc": "montrose_MHWS_Modern_LiDAR.shp", "FirstEYr": null, "Extrap2050": 50.25120316011548, "Extrap2100": 149.47138611070784, "Dist_2040": -22.414514060019769, "Rate_2040": -2.2417122539887107, "Dist_2050": -22.933860779563702, "Rate_2050": -2.2930250878127008, "Dist_2060": -23.403990906835702, "Rate_2060": -2.3406714536664674, "Dist_2070": -23.928789810258309, "Rate_2070": -2.3925023302144184, "Dist_2080": -24.229082107984141, "Rate_2080": -2.4231901757462753, "Dist_2090": -24.541996247280508, "Rate_2090": -2.4538133217485223, "Dist_2100": -24.733030337695482, "Rate_2100": -2.4735908633942341, "RSL_2050": 0.18573485314846039, "RSL_2100": 0.55779761075973511 }, "geometry": { "type": "LineString", "coordinates": [ [ -2.454643240946206, 56.721059823335999 ], [ -2.452763912405041, 56.720856006295783 ] ] } },
{ "type": "Feature", "properties": { "Cell": "None", "SubCell": "None", "CMU": "None", "LineID": 0, "TransectID": 372, "Hist_Rate": -2.1342878826777043, "LatestYr": "2024-09-05 00:00:00", "LatestSrc": "montrose_MHWS_Modern_LiDAR.shp", "FirstEYr": null, "Extrap2050": 54.053919781941417, "Extrap2100": 160.7825048244124, "Dist_2040": -23.976183060912319, "Rate_2040": -2.3978973279368203, "Dist_2050": -24.50795712119907, "Rate_2050": -2.4504099449328089, "Dist_2060": -24.988795594873523, "Rate_2060": -2.4991703655697131, "Dist_2070": -25.526149320567015, "Rate_2070": -2.5522131380282502, "Dist_2080": -25.833178861275769, "Rate_2080": -2.5836185186855189, "Dist_2090": -26.153693589068553, "Rate_2090": -2.614957687025834, "Dist_2100": -26.348910275826256, "Rate_2100": -2.6351976619437218, "RSL_2050": 0.18573485314846039, "RSL_2100": 0.55779761075973511 }, "geometry": { "type": "LineString", "coordinates": [ [ -2.454671851376519, 56.720993070782335 ], [ -2.45278533404038, 56.720783679200856 ] ] } },
{ "type": "Feature", "properties": { "Cell": "None", "SubCell": "None", "CMU": "None", "LineID": 0, "TransectID": 373, "Hist_Rate": -2.0395682378886026, "LatestYr": "2024-09-05 00:00:00", "LatestSrc": "montrose_MHWS_Modern_LiDAR.shp", "FirstEYr": null, "Extrap2050": 52.502897743565825, "Extrap2100": 156.16901500954043, "Dist_2040": -23.377143474634465, "Rate_2040": -2.3379863980104543, "Dist_2050": -23.911424008463655, "Rate_2050": -2.390766023381135, "Dist_2060": -24.394904790780856, "Rate_2060": -2.4397743737806072, "Dist_2070": -24.93479336067287, "Rate_2070": -2.4930868502697949, "Dist_2080": -25.24358145211329, "Rate_2080": -2.5246519163536387, "Dist_2090": -25.565528473294648, "Rate_2090": -2.5561504334539613, "Dist_2100": -25.761935181350395, "Rate_2100": -2.5764933215975829, "RSL_2050": 0.18573485314846039, "RSL_2100": 0.55779761075973511 }, "geometry": { "type": "LineString", "coordinates": [ [ -2.454710530910578, 56.720923196202641 ], [ -2.452807842248231, 56.720708118947414 ] ] } },
{ "type": "Feature", "properties": { "Cell": "None", "SubCell": "None", "CMU": "None", "LineID": 0, "TransectID": 374, "Hist_Rate": -1.929870896580824, "LatestYr": "2024-09-05 00:00:00", "LatestSrc": "montrose_MHWS_Modern_LiDAR.shp", "FirstEYr": null, "Extrap2050": 49.235466051153814, "Extrap2100": 146.45009260820549, "Dist_2040": -22.291210157982619, "Rate_2040": -2.2293804288409, "Dist_2050": -22.86593317547954, "Rate_2050": -2.2862333966178721, "Dist_2060": -23.38751864644064, "Rate_2060": -2.3390240359317076, "Dist_2070": -23.968282508133029, "Rate_2070": -2.3964509783675823, "Dist_2080": -24.301693132161745, "Rate_2080": -2.4304521231718472, "Dist_2090": -24.647695497176414, "Rate_2090": -2.4643815829804154, "Dist_2100": -24.860051545250258, "Rate_2100": -2.486294462353797, "RSL_2050": 0.18573485314846039, "RSL_2100": 0.55779761075973511 }, "geometry": { "type": "LineString", "coordinates": [ [ -2.454761858047059, 56.720852549871921 ], [ -2.45283092061978, 56.720630838354303 ] ] } },
{ "type": "Feature", "properties": { "Cell": "None", "SubCell": "None", "CMU": "None", "LineID": 0, "TransectID": 375, "Hist_Rate": -1.6582615462579073, "LatestYr": "2024-09-05 00:00:00", "LatestSrc": "montrose_MHWS_Modern_LiDAR.shp", "FirstEYr": null, "Extrap2050": 41.351547464114432, "Extrap2100": 122.99950505841194, "Dist_2040": -19.270945414368384, "Rate_2040": -1.9273188062725752, "Dist_2050": -19.863339417616089, "Rate_2050": -1.9860212831203516, "Dist_2060": -20.402918399740088, "Rate_2060": -2.0405292780988691, "Dist_2070": -21.001549764560991, "Rate_2070": -2.0998244018293644, "Dist_2080": -21.346832300477672, "Rate_2080": -2.1349316529318774, "Dist_2090": -21.703065038413683, "Rate_2090": -2.1699648870223953, "Dist_2100": -21.923354918358996, "Rate_2100": -2.1925906239782957, "RSL_2050": 0.18573485314846039, "RSL_2100": 0.55779761075973511 }, "geometry": { "type": "LineString", "coordinates": [ [ -2.454806009924662, 56.720781052745949 ], [ -2.452853957849611, 56.720553455821758 ] ] } },
{ "type": "Feature", "properties": { "Cell": "None", "SubCell": "None", "CMU": "None", "LineID": 0, "TransectID": 376, "Hist_Rate": -0.73983616736697422, "LatestYr": "2024-09-05 00:00:00", "LatestSrc": "montrose_MHWS_Modern_LiDAR.shp", "FirstEYr": null, "Extrap2050": 18.13600281085014, "Extrap2100": 53.945245251302644, "Dist_2040": -10.112066616105437, "Rate_2040": -1.0113243403704519, "Dist_2050": -10.703520717264894, "Rate_2050": -1.0701835930948873, "Dist_2060": -11.247062745757717, "Rate_2060": -1.1248371618065205, "Dist_2070": -11.844770866523845, "Rate_2070": -1.1842906441873353, "Dist_2080": -12.193497544032198, "Rate_2080": -1.2194916557300604, "Dist_2090": -12.548159667320647, "Rate_2090": -1.2546184525845501, "Dist_2100": -12.771559872734542, "Rate_2100": -1.2773046157769021, "RSL_2050": 0.18573485314846039, "RSL_2100": 0.55779761075973511 }, "geometry": { "type": "LineString", "coordinates": [ [ -2.454837367599307, 56.720709875111915 ], [ -2.45287639291571, 56.720477349763677 ] ] } },
{ "type": "Feature", "properties": { "Cell": "None", "SubCell": "None", "CMU": "None", "LineID": 0, "TransectID": 377, "Hist_Rate": -0.68671338707335305, "LatestYr": "2024-09-05 00:00:00", "LatestSrc": "montrose_MHWS_Modern_LiDAR.shp", "FirstEYr": null, "Extrap2050": 17.364630979006307, "Extrap2100": 51.650812289268295, "Dist_2040": -9.7547361900922738, "Rate_2040": -0.97558713935097963, "Dist_2050": -10.33556922138871, "Rate_2050": -1.033394235243106, "Dist_2060": -10.869443344312685, "Rate_2060": -1.0870708271317433, "Dist_2070": -11.456418599548215, "Rate_2070": -1.145461530343687, "Dist_2080": -11.798959853732754, "Rate_2080": -1.1800332952839501, "Dist_2090": -12.14723375562005, "Rate_2090": -1.2145321721837001, "Dist_2100": -12.366688849942989, "Rate_2100": -1.2368128018278484, "RSL_2050": 0.18573485314846039, "RSL_2100": 0.55779761075973511 }, "geometry": { "type": "LineString", "coordinates": [ [ -2.454861492463612, 56.720640825432163 ], [ -2.452897828149193, 56.720403396829468 ] ] } },
{ "type": "Feature", "properties": { "Cell": "None", "SubCell": "None", "CMU": "None", "LineID": 0, "TransectID": 378, "Hist_Rate": -0.81514688914414446, "LatestYr": "2024-09-05 00:00:00", "LatestSrc": "montrose_MHWS_Modern_LiDAR.shp", "FirstEYr": null, "Extrap2050": 21.090016633358005, "Extrap2100": 62.731911298552497, "Dist_2040": -11.226110032776546, "Rate_2040": -1.1227416466720668, "Dist_2050": -11.807424215369679, "Rate_2050": -1.1805565669264058, "Dist_2060": -12.34096806592288, "Rate_2060": -1.2342404241012699, "Dist_2070": -12.92842530382336, "Rate_2070": -1.2926390306684106, "Dist_2080": -13.270610388164755, "Rate_2080": -1.3272154749997989, "Dist_2090": -13.619333963779468, "Rate_2090": -1.3617190214250541, "Dist_2100": -13.8384162281817, "Rate_2100": -1.3840026668186349, "RSL_2050": 0.18573485314846039, "RSL_2100": 0.55779761075973511 }, "geometry": { "type": "LineString", "coordinates": [ [ -2.454871561775513, 56.720573333851455 ], [ -2.452918107848526, 56.720331814518062 ] ] } },
{ "type": "Feature", "properties": { "Cell": "None", "SubCell": "None", "CMU": "None", "LineID": 0, "TransectID": 379, "Hist_Rate": -0.73130042863222788, "LatestYr": "2024-09-05 00:00:00", "LatestSrc": "montrose_MHWS_Modern_LiDAR.shp", "FirstEYr": null, "Extrap2050": 18.70795327742238, "Extrap2100": 55.646502607326958, "Dist_2040": -10.34412090277732, "Rate_2040": -1.0345324695598701, "Dist_2050": -10.93687888183814, "Rate_2050": -1.0935157363809929, "Dist_2060": -11.481508423982405, "Rate_2060": -1.1482844579809401, "Dist_2070": -12.080533599619798, "Rate_2070": -1.2078632064766313, "Dist_2080": -12.429937322608907, "Rate_2080": -1.243138385145943, "Dist_2090": -12.785404412550861, "Rate_2090": -1.2783391927596792, "Dist_2100": -13.00921760557037, "Rate_2100": -1.3010731547925893, "RSL_2050": 0.18573485314846039, "RSL_2100": 0.55779761075973511 }, "geometry": { "type": "LineString", "coordinates": [ [ -2.454897262869595, 56.720510387888318 ], [ -2.452937568780809, 56.720262131703727 ] ] } },
{ "type": "Feature", "properties": { "Cell": "None", "SubCell": "None", "CMU": "None", "LineID": 0, "TransectID": 380, "Hist_Rate": -0.72922241070694638, "LatestYr": "2024-09-05 00:00:00", "LatestSrc": "montrose_MHWS_Modern_LiDAR.shp", "FirstEYr": null, "Extrap2050": 18.572896070359551, "Extrap2100": 55.244777142573426, "Dist_2040": -10.261527140521309, "Rate_2040": -1.026272132152753, "Dist_2050": -10.848424340938834, "Rate_2050": -1.0846716746086373, "Dist_2060": -11.387658574286093, "Rate_2060": -1.1388983808375379, "Dist_2070": -11.980760948344823, "Rate_2070": -1.1978875118192811, "Dist_2080": -12.326701403156562, "Rate_2080": -1.2328135917969361, "Dist_2090": -12.678656049518509, "Rate_2090": -1.2676660367276935, "Dist_2100": -12.900248873513647, "Rate_2100": -1.2901750134677734, "RSL_2050": 0.18573485314846039, "RSL_2100": 0.55779761075973511 }, "geometry": { "type": "LineString", "coordinates": [ [ -2.454937265814917, 56.720450368262036 ], [ -2.452957438328232, 56.720193270809375 ] ] } },
{ "type": "Feature", "properties": { "Cell": "None", "SubCell": "None", "CMU": "None", "LineID": 0, "TransectID": 381, "Hist_Rate": -0.81605535634436666, "LatestYr": "2024-09-05 00:00:00", "LatestSrc": "montrose_MHWS_Modern_LiDAR.shp", "FirstEYr": null, "Extrap2050": 20.751933858212162, "Extrap2100": 61.726289585174051, "Dist_2040": -11.159666307047473, "Rate_2040": -1.1160965008630304, "Dist_2050": -11.754337754852486, "Rate_2050": -1.1752487564814424, "Dist_2060": -12.300312477012199, "Rate_2060": -1.2301743920824557, "Dist_2070": -12.901269077096686, "Rate_2070": -1.2899238354479843, "Dist_2080": -13.251458652377323, "Rate_2080": -1.3253000785435172, "Dist_2090": -13.608159365674737, "Rate_2090": -1.3606017375082002, "Dist_2100": -13.832398590416915, "Rate_2100": -1.3834008330121441, "RSL_2050": 0.18573485314846039, "RSL_2100": 0.55779761075973511 }, "geometry": { "type": "LineString", "coordinates": [ [ -2.454969308233621, 56.720388026847587 ], [ -2.452977541370546, 56.720123348865918 ] ] } },
{ "type": "Feature", "properties": { "Cell": "None", "SubCell": "None", "CMU": "None", "LineID": 0, "TransectID": 382, "Hist_Rate": -0.7479883876323371, "LatestYr": "2024-09-05 00:00:00", "LatestSrc": "montrose_MHWS_Modern_LiDAR.shp", "FirstEYr": null, "Extrap2050": 18.920078365562116, "Extrap2100": 56.27746523029294, "Dist_2040": -10.421345489565169, "Rate_2040": -1.0422558269366118, "Dist_2050": -11.012821220220985, "Rate_2050": -1.1011087748498667, "Dist_2060": -11.556220042133873, "Rate_2060": -1.1557564892494745, "Dist_2070": -12.15394912248621, "Rate_2070": -1.2152036031671694, "Dist_2080": -12.502553461399543, "Rate_2080": -1.2504008440923393, "Dist_2090": -12.857262578568793, "Rate_2090": -1.2855238782789249, "Dist_2100": -13.080553869950677, "Rate_2100": -1.3082076114034666, "RSL_2050": 0.18573485314846039, "RSL_2100": 0.55779761075973511 }, "geometry": { "type": "LineString", "coordinates": [ [ -2.454999500936502, 56.720321054537941 ], [ -2.452998954243057, 56.72005017306607 ] ] } },
{ "type": "Feature", "properties": { "Cell": "None", "SubCell": "None", "CMU": "None", "LineID": 0, "TransectID": 383, "Hist_Rate": -0.77585045759936522, "LatestYr": "2024-09-05 00:00:00", "LatestSrc": "montrose_MHWS_Modern_LiDAR.shp", "FirstEYr": null, "Extrap2050": 19.811391861676956, "Extrap2100": 58.928662721007107, "Dist_2040": -10.815742697637631, "Rate_2040": -1.0817001375251678, "Dist_2050": -11.415796412290547, "Rate_2050": -1.1413999510309418, "Dist_2060": -11.966947548763528, "Rate_2060": -1.1968340197369285, "Dist_2070": -12.573344595805111, "Rate_2070": -1.2571365490099502, "Dist_2080": -12.926898250429531, "Rate_2080": -1.2928402612903911, "Dist_2090": -13.286778393991654, "Rate_2090": -1.3284686990329857, "Dist_2100": -13.513215806648077, "Rate_2100": -1.3514788401587241, "RSL_2050": 0.18573485314846039, "RSL_2100": 0.55779761075973511 }, "geometry": { "type": "LineString", "coordinates": [ [ -2.45501868179905, 56.720244789482273 ], [ -2.453022928410402, 56.719971348271542 ] ] } },
{ "type": "Feature", "properties": { "Cell": "None", "SubCell": "None", "CMU": "None", "LineID": 0, "TransectID": 384, "Hist_Rate": -0.80546725019297616, "LatestYr": "2024-09-05 00:00:00", "LatestSrc": "montrose_MHWS_Modern_LiDAR.shp", "FirstEYr": null, "Extrap2050": 19.60905280840737, "Extrap2100": 58.32680849952375, "Dist_2040": -10.733570317635269, "Rate_2040": -1.0734819432472344, "Dist_2050": -11.333147081992138, "Rate_2050": -1.1331363189418324, "Dist_2060": -11.88389898128969, "Rate_2060": -1.1885281965152519, "Dist_2070": -12.489814250095037, "Rate_2070": -1.2487848292472863, "Dist_2080": -12.843119059924334, "Rate_2080": -1.284461367262983, "Dist_2090": -13.202705050434588, "Rate_2090": -1.3200626880326731, "Dist_2100": -13.428990367070583, "Rate_2100": -1.3430553160308809, "RSL_2050": 0.18573485314846039, "RSL_2100": 0.55779761075973511 }, "geometry": { "type": "LineString", "coordinates": [ [ -2.455052151972769, 56.720159448863463 ], [ -2.453050676447206, 56.719884597471946 ] ] } },
{ "type": "Feature", "properties": { "Cell": "None", "SubCell": "None", "CMU": "None", "LineID": 0, "TransectID": 385, "Hist_Rate": -0.71918898535460019, "LatestYr": "2024-09-05 00:00:00", "LatestSrc": "montrose_MHWS_Modern_LiDAR.shp", "FirstEYr": null, "Extrap2050": 18.199375408945823, "Extrap2100": 54.133746013137475, "Dist_2040": -10.183153598928698, "Rate_2040": -1.0184338659246208, "Dist_2050": -10.783816330096897, "Rate_2050": -1.0782118904860158, "Dist_2060": -11.335866611325969, "Rate_2060": -1.1337185818146838, "Dist_2070": -11.942880985105148, "Rate_2070": -1.194100111744393, "Dist_2080": -12.297074917552322, "Rate_2080": -1.2298505984595027, "Dist_2090": -12.657249432952995, "Rate_2090": -1.2655257120217176, "Dist_2100": -12.884160591999603, "Rate_2100": -1.2885659980896536, "RSL_2050": 0.18573485314846039, "RSL_2100": 0.55779761075973511 }, "geometry": { "type": "LineString", "coordinates": [ [ -2.455104874177629, 56.720063264096673 ], [ -2.453083058954543, 56.719788195475275 ] ] } },
{ "type": "Feature", "properties": { "Cell": "None", "SubCell": "None", "CMU": "None", "LineID": 0, "TransectID": 386, "Hist_Rate": -0.76713707491530259, "LatestYr": "2024-09-05 00:00:00", "LatestSrc": "montrose_MHWS_Modern_LiDAR.shp", "FirstEYr": null, "Extrap2050": 19.319198052725273, "Extrap2100": 57.464640245272456, "Dist_2040": -10.606966168827057, "Rate_2040": -1.0608200550158315, "Dist_2050": -11.204083710098985, "Rate_2050": -1.1202320132728794, "Dist_2060": -11.752620242834837, "Rate_2060": -1.1753987949188398, "Dist_2070": -12.356050530779839, "Rate_2070": -1.2354105628218877, "Dist_2080": -12.707942339622946, "Rate_2080": -1.2709421221193138, "Dist_2090": -13.066044357358805, "Rate_2090": -1.3063987698309947, "Dist_2100": -13.291432842019049, "Rate_2100": -1.3292979627056798, "RSL_2050": 0.18573485314846039, "RSL_2100": 0.55779761075973511 }, "geometry": { "type": "LineString", "coordinates": [ [ -2.455151407595999, 56.719951823532156 ], [ -2.453120231405967, 56.719681503546354 ] ] } },
{ "type": "Feature", "properties": { "Cell": "None", "SubCell": "None", "CMU": "None", "LineID": 0, "TransectID": 387, "Hist_Rate": -0.71604223972958059, "LatestYr": "2024-09-05 00:00:00", "LatestSrc": "montrose_MHWS_Modern_LiDAR.shp", "FirstEYr": null, "Extrap2050": 18.518351896171772, "Extrap2100": 55.082536383996285, "Dist_2040": -10.284344940015046, "Rate_2040": -1.0285541776433311, "Dist_2050": -10.880096564300743, "Rate_2050": -1.0878383984085995, "Dist_2060": -11.427535823410381, "Rate_2060": -1.1428865698198154, "Dist_2070": -12.029586621774342, "Rate_2070": -1.202769310622342, "Dist_2080": -12.380803949044207, "Rate_2080": -1.2382244760018561, "Dist_2090": -12.738053940336499, "Rate_2090": -1.2736048908577482, "Dist_2100": -12.963039929363617, "Rate_2100": -1.2964548497811039, "RSL_2050": 0.18573485314846039, "RSL_2100": 0.55779761075973511 }, "geometry": { "type": "LineString", "coordinates": [ [ -2.45520210115909, 56.719827987787184 ], [ -2.453161376608394, 56.719565533894261 ] ] } },
{ "type": "Feature", "properties": { "Cell": "None", "SubCell": "None", "CMU": "None", "LineID": 0, "TransectID": 388, "Hist_Rate": -0.76629141035494674, "LatestYr": "2024-09-05 00:00:00", "LatestSrc": "montrose_MHWS_Modern_LiDAR.shp", "FirstEYr": null, "Extrap2050": 19.334441172497289, "Extrap2100": 57.509980656997833, "Dist_2040": -10.576516978167888, "Rate_2040": -1.0577747815987089, "Dist_2050": -11.166351309688025, "Rate_2050": -1.1164593671581517, "Dist_2060": -11.708144961826633, "Rate_2060": -1.1709507492387634, "Dist_2070": -12.304214753902443, "Rate_2070": -1.2302278010545342, "Dist_2080": -12.651771177330829, "Rate_2080": -1.265324352200508, "Dist_2090": -13.005516220558206, "Rate_2090": -1.3003469088933017, "Dist_2100": -13.228118083164759, "Rate_2100": -1.3229657499973453, "RSL_2050": 0.18573485314846039, "RSL_2100": 0.55779761075973511 }, "geometry": { "type": "LineString", "coordinates": [ [ -2.455286688248256, 56.719699786484497 ], [ -2.453204673039984, 56.719443397366732 ] ] } },
{ "type": "Feature", "properties": { "Cell": "None", "SubCell": "None", "CMU": "None", "LineID": 0, "TransectID": 389, "Hist_Rate": -0.74159181829179555, "LatestYr": "2024-09-05 00:00:00", "LatestSrc": "montrose_MHWS_Modern_LiDAR.shp", "FirstEYr": null, "Extrap2050": 19.131366678294608, "Extrap2100": 56.905938878426092, "Dist_2040": -10.478714062514484, "Rate_2040": -1.0479933518559548, "Dist_2050": -11.065007011885029, "Rate_2050": -1.1063265325864817, "Dist_2060": -11.603565828292403, "Rate_2060": -1.1604916188499694, "Dist_2070": -12.196056900118265, "Rate_2070": -1.219413718133437, "Dist_2080": -12.54154158540689, "Rate_2080": -1.2543001102157656, "Dist_2090": -12.893158955300692, "Rate_2090": -1.2891129509256538, "Dist_2100": -13.114437310936751, "Rate_2100": -1.3115963498192269, "RSL_2050": 0.18573485314846039, "RSL_2100": 0.55779761075973511 }, "geometry": { "type": "LineString", "coordinates": [ [ -2.455353892383275, 56.719568063791783 ], [ -2.453246622547224, 56.719320308078146 ] ] } },
{ "type": "Feature", "properties": { "Cell": "None", "SubCell": "None", "CMU": "None", "LineID": 0, "TransectID": 390, "Hist_Rate": -0.66770531362739072, "LatestYr": "2024-09-05 00:00:00", "LatestSrc": "montrose_MHWS_Modern_LiDAR.shp", "FirstEYr": null, "Extrap2050": 17.035034882084272, "Extrap2100": 50.670434062171083, "Dist_2040": -9.6368864637041725, "Rate_2040": -0.96380079524081907, "Dist_2050": -10.220139402119628, "Rate_2050": -1.0218530702377986, "Dist_2060": -10.75632146141902, "Rate_2060": -1.0757573223911108, "Dist_2070": -11.345742674986695, "Rate_2070": -1.1343956799805168, "Dist_2080": -11.689780359264205, "Rate_2080": -1.1691140752652127, "Dist_2090": -12.039487807715659, "Rate_2090": -1.2037592733669824, "Dist_2100": -12.259917282822244, "Rate_2100": -1.226134402566047, "RSL_2050": 0.18573485314846039, "RSL_2100": 0.55779761075973511 }, "geometry": { "type": "LineString", "coordinates": [ [ -2.455408754162308, 56.719443484041506 ], [ -2.453282983163356, 56.719203207153527 ] ] } },
{ "type": "Feature", "properties": { "Cell": "None", "SubCell": "None", "CMU": "None", "LineID": 0, "TransectID": 391, "Hist_Rate": -0.63446132007033473, "LatestYr": "2024-09-05 00:00:00", "LatestSrc": "montrose_MHWS_Modern_LiDAR.shp", "FirstEYr": null, "Extrap2050": 15.857344844062503, "Extrap2100": 47.167414207482267, "Dist_2040": -9.1404459864850764, "Rate_2040": -0.91415097021324632, "Dist_2050": -9.7172940355908963, "Rate_2050": -0.97157644861601644, "Dist_2060": -10.247794325338646, "Rate_2060": -1.0248986908194142, "Dist_2070": -10.830744050073008, "Rate_2070": -1.0829039238184481, "Dist_2080": -11.171174568074548, "Rate_2080": -1.1172474608926528, "Dist_2090": -11.516998742737997, "Rate_2090": -1.1515185911016925, "Dist_2100": -11.735155662563898, "Rate_2100": -1.1736521336484103, "RSL_2050": 0.18573485314846039, "RSL_2100": 0.55779761075973511 }, "geometry": { "type": "LineString", "coordinates": [ [ -2.455451638855299, 56.719336827094928 ], [ -2.453313521721101, 56.719100055531307 ] ] } },
{ "type": "Feature", "properties": { "Cell": "None", "SubCell": "None", "CMU": "None", "LineID": 0, "TransectID": 392, "Hist_Rate": -0.58578599703254419, "LatestYr": "2024-09-05 00:00:00", "LatestSrc": "montrose_MHWS_Modern_LiDAR.shp", "FirstEYr": null, "Extrap2050": 15.51696068048952, "Extrap2100": 46.154947051675549, "Dist_2040": -9.0240166753613948, "Rate_2040": -0.90250668415955215, "Dist_2050": -9.6044181280750536, "Rate_2050": -0.96029063458621755, "Dist_2060": -10.138277510396733, "Rate_2060": -1.0139457348277872, "Dist_2070": -10.724818727755746, "Rate_2070": -1.0723130589029095, "Dist_2080": -11.067421849377752, "Rate_2080": -1.1068709816049709, "Dist_2090": -11.415357287363236, "Rate_2090": -1.1413560454502509, "Dist_2100": -11.634923531766617, "Rate_2100": -1.1636277541213771, "RSL_2050": 0.18573485314846039, "RSL_2100": 0.55779761075973511 }, "geometry": { "type": "LineString", "coordinates": [ [ -2.45550030672018, 56.719259035106852 ], [ -2.453336138803401, 56.719017263168027 ] ] } },
{ "type": "Feature", "properties": { "Cell": "None", "SubCell": "None", "CMU": "None", "LineID": 0, "TransectID": 393, "Hist_Rate": -0.64484777140861271, "LatestYr": "2024-09-05 00:00:00", "LatestSrc": "montrose_MHWS_Modern_LiDAR.shp", "FirstEYr": null, "Extrap2050": 16.278177168767897, "Extrap2100": 48.419173109522497, "Dist_2040": -9.2566901608743137, "Rate_2040": -0.92577674043897495, "Dist_2050": -9.8236110869140703, "Rate_2050": -0.98220648026614088, "Dist_2060": -10.344837450153818, "Rate_2060": -1.0346041326363105, "Dist_2070": -10.917754250808912, "Rate_2070": -1.0916035743090813, "Dist_2080": -11.252206588529475, "Rate_2080": -1.1253516059449553, "Dist_2090": -11.592109516787787, "Rate_2090": -1.1590284862264888, "Dist_2100": -11.806408439600887, "Rate_2100": -1.1807782405533753, "RSL_2050": 0.18573485314846039, "RSL_2100": 0.55779761075973511 }, "geometry": { "type": "LineString", "coordinates": [ [ -2.455540149582417, 56.719212907396383 ], [ -2.45334938491257, 56.71895776649523 ] ] } },
{ "type": "Feature", "properties": { "Cell": "None", "SubCell": "None", "CMU": "None", "LineID": 0, "TransectID": 394, "Hist_Rate": -0.65617291834409497, "LatestYr": "2024-09-05 00:00:00", "LatestSrc": "montrose_MHWS_Modern_LiDAR.shp", "FirstEYr": null, "Extrap2050": 16.310183825234542, "Extrap2100": 48.514376388369286, "Dist_2040": -9.3047189618978337, "Rate_2040": -0.9305801794745262, "Dist_2050": -9.8787130386669446, "Rate_2050": -0.98771580810985815, "Dist_2060": -10.406478062883252, "Rate_2060": -1.0407689112493528, "Dist_2070": -10.986543017640088, "Rate_2070": -1.0984813682234902, "Dist_2080": -11.32519762962545, "Rate_2080": -1.1326515594847957, "Dist_2090": -11.669333903496522, "Rate_2090": -1.1667497093478862, "Dist_2100": -11.886332081934142, "Rate_2100": -1.1887715348948058, "RSL_2050": 0.18573485314846039, "RSL_2100": 0.55779761075973511 }, "geometry": { "type": "LineString", "coordinates": [ [ -2.455558226285639, 56.719193897386603 ], [ -2.453353009055421, 56.718919026871298 ] ] } },
{ "type": "Feature", "properties": { "Cell": "None", "SubCell": "None", "CMU": "None", "LineID": 0, "TransectID": 395, "Hist_Rate": -0.64695065999979973, "LatestYr": "2024-09-05 00:00:00", "LatestSrc": "montrose_MHWS_Modern_LiDAR.shp", "FirstEYr": null, "Extrap2050": 16.684280754504258, "Extrap2100": 49.62712161716582, "Dist_2040": -9.4065893797637159, "Rate_2040": -0.94076840677391815, "Dist_2050": -9.9714662782041614, "Rate_2050": -0.99698967208239353, "Dist_2060": -10.490716608290199, "Rate_2060": -1.0491937461126597, "Dist_2070": -11.061567230134983, "Rate_2070": -1.1059826085553179, "Dist_2080": -11.394733554276286, "Rate_2080": -1.1396059611713463, "Dist_2090": -11.733431152189041, "Rate_2090": -1.1731584252952112, "Dist_2100": -11.946887957237777, "Rate_2100": -1.194827827141681, "RSL_2050": 0.18573485314846039, "RSL_2100": 0.55779761075973511 }, "geometry": { "type": "LineString", "coordinates": [ [ -2.455565599115234, 56.719190921632254 ], [ -2.453349294667929, 56.718891961785509 ] ] } },
{ "type": "Feature", "properties": { "Cell": "None", "SubCell": "None", "CMU": "None", "LineID": 0, "TransectID": 396, "Hist_Rate": -0.74021705585141584, "LatestYr": "2024-09-05 00:00:00", "LatestSrc": "montrose_MHWS_Modern_LiDAR.shp", "FirstEYr": null, "Extrap2050": 18.603010067725673, "Extrap2100": 55.334350737723106, "Dist_2040": -10.185046512961321, "Rate_2040": -1.0186231793565923, "Dist_2050": -10.754293899910067, "Rate_2050": -1.0752601121647694, "Dist_2060": -11.277189150816525, "Rate_2060": -1.1278501529072029, "Dist_2070": -11.852454427423368, "Rate_2070": -1.1850588793342949, "Dist_2080": -12.187889874934513, "Rate_2080": -1.218930823561273, "Dist_2090": -12.52928572250039, "Rate_2090": -1.2527313551876127, "Dist_2100": -12.744126588012364, "Rate_2100": -1.27456096805096, "RSL_2050": 0.18573485314846039, "RSL_2100": 0.55779761075973511 }, "geometry": { "type": "LineString", "coordinates": [ [ -2.455566683817747, 56.719183044060237 ], [ -2.45334471286849, 56.718861420046139 ] ] } },
{ "type": "Feature", "properties": { "Cell": "None", "SubCell": "None", "CMU": "None", "LineID": 0, "TransectID": 397, "Hist_Rate": -0.65142251223558478, "LatestYr": "2024-09-05 00:00:00", "LatestSrc": "montrose_MHWS_Modern_LiDAR.shp", "FirstEYr": null, "Extrap2050": 16.433970612163947, "Extrap2100": 48.882578171828555, "Dist_2040": -9.320241631296085, "Rate_2040": -0.93213262705877886, "Dist_2050": -9.8875860906358639, "Rate_2050": -0.98860297364058847, "Dist_2060": -10.409171949704046, "Rate_2060": -1.0410383312814293, "Dist_2070": -10.98251659828145, "Rate_2070": -1.0980787896654292, "Dist_2080": -11.317194029526604, "Rate_2080": -1.1318511063333436, "Dist_2090": -11.657357129280285, "Rate_2090": -1.1655522204465247, "Dist_2100": -11.871794683404232, "Rate_2100": -1.1873176258634366, "RSL_2050": 0.18573485314846039, "RSL_2100": 0.55779761075973511 }, "geometry": { "type": "LineString", "coordinates": [ [ -2.455584009717102, 56.719145505235872 ], [ -2.453350254051045, 56.718808360555471 ] ] } },
{ "type": "Feature", "properties": { "Cell": "None", "SubCell": "None", "CMU": "None", "LineID": 0, "TransectID": 398, "Hist_Rate": -0.59813237079914472, "LatestYr": "2024-09-05 00:00:00", "LatestSrc": "montrose_MHWS_Modern_LiDAR.shp", "FirstEYr": null, "Extrap2050": 14.66777292999608, "Extrap2100": 43.629051905840861, "Dist_2040": -8.6461573354486632, "Rate_2040": -0.86471635284573067, "Dist_2050": -9.2179662557432493, "Rate_2050": -0.92165153029381441, "Dist_2060": -9.7440510913749563, "Rate_2060": -0.97451850513185034, "Dist_2070": -10.321909590955556, "Rate_2070": -1.0320284872090295, "Dist_2080": -10.659547477900219, "Rate_2080": -1.0660787978359723, "Dist_2090": -11.00230501452404, "Rate_2090": -1.1000573198103742, "Dist_2100": -11.218713280001225, "Rate_2100": -1.1220018853151281, "RSL_2050": 0.18573485314846039, "RSL_2100": 0.55779761075973511 }, "geometry": { "type": "LineString", "coordinates": [ [ -2.45563875017278, 56.719052154191843 ], [ -2.453384628199938, 56.718714163212397 ] ] } },
{ "type": "Feature", "properties": { "Cell": "None", "SubCell": "None", "CMU": "None", "LineID": 0, "TransectID": 399, "Hist_Rate": -0.59962790168678237, "LatestYr": "2024-09-05 00:00:00", "LatestSrc": "montrose_MHWS_Modern_LiDAR.shp", "FirstEYr": null, "Extrap2050": 14.397012728338337, "Extrap2100": 42.823680091827867, "Dist_2040": -8.532488171015757, "Rate_2040": -0.85334811358220775, "Dist_2050": -9.1029177262104781, "Rate_2050": -0.91014848826045192, "Dist_2060": -9.6277824949928004, "Rate_2060": -0.96289029242261992, "Dist_2070": -10.20424730616628, "Rate_2070": -1.020264110791798, "Dist_2080": -10.54111130333149, "Rate_2080": -1.0542338020829825, "Dist_2090": -10.883031789156348, "Rate_2090": -1.0881318746922906, "Dist_2100": -11.098953194586898, "Rate_2100": -1.1100244830706203, "RSL_2050": 0.18573485314846039, "RSL_2100": 0.55779761075973511 }, "geometry": { "type": "LineString", "coordinates": [ [ -2.455719944307947, 56.718877101022215 ], [ -2.453453527627614, 56.718562081721402 ] ] } },
{ "type": "Feature", "properties": { "Cell": "None", "SubCell": "None", "CMU": "None", "LineID": 0, "TransectID": 400, "Hist_Rate": -0.57359069379662542, "LatestYr": "2024-09-05 00:00:00", "LatestSrc": "montrose_MHWS_Modern_LiDAR.shp", "FirstEYr": null, "Extrap2050": 14.230322540929755, "Extrap2100": 42.327862841768678, "Dist_2040": -8.4756256313224867, "Rate_2040": -0.84766119787741057, "Dist_2050": -9.0478261504086959, "Rate_2050": -0.90464019784852123, "Dist_2060": -9.5743644267577679, "Rate_2060": -0.95754786394854163, "Dist_2070": -10.152619181439832, "Rate_2070": -1.0151021109709932, "Dist_2080": -10.490565463084295, "Rate_2080": -1.0491786298331232, "Dist_2090": -10.833538299592988, "Rate_2090": -1.0831833047875969, "Dist_2100": -11.050161650359087, "Rate_2100": -1.1051447608382472, "RSL_2050": 0.18573485314846039, "RSL_2100": 0.55779761075973511 }, "geometry": { "type": "LineString", "coordinates": [ [ -2.4558389274218, 56.718609702463297 ], [ -2.453546926628789, 56.718341650750403 ] ] } },
{ "type": "Feature", "properties": { "Cell": "None", "SubCell": "None", "CMU": "None", "LineID": 0, "TransectID": 401, "Hist_Rate": -0.66248917883803282, "LatestYr": "2024-09-05 00:00:00", "LatestSrc": "montrose_MHWS_Modern_LiDAR.shp", "FirstEYr": null, "Extrap2050": 16.942442454418298, "Extrap2100": 50.395019392745354, "Dist_2040": -9.5189194896281606, "Rate_2040": -0.95200272499740235, "Dist_2050": -10.085900621296446, "Rate_2050": -1.0084313051393012, "Dist_2060": -10.607044416437532, "Rate_2060": -1.0608278806874822, "Dist_2070": -11.18002129950014, "Rate_2070": -1.1178261509670628, "Dist_2080": -7.436887579469726, "Rate_2080": -0.7437753044207206, "Dist_2090": 0.0, "Rate_2090": 0.0, "Dist_2100": 0.0, "Rate_2100": 0.0, "RSL_2050": 0.18573485314846039, "RSL_2100": 0.55779761075973511 }, "geometry": { "type": "LineString", "coordinates": [ [ -2.45597258414495, 56.718251261911171 ], [ -2.453646555289946, 56.718053985622092 ] ] } },
{ "type": "Feature", "properties": { "Cell": "None", "SubCell": "None", "CMU": "None", "LineID": 0, "TransectID": 402, "Hist_Rate": -0.41674500142037685, "LatestYr": "2024-09-05 00:00:00", "LatestSrc": "montrose_MHWS_Modern_LiDAR.shp", "FirstEYr": null, "Extrap2050": 9.7551200018951914, "Extrap2100": 29.01644571003769, "Dist_2040": -6.7203092942105513, "Rate_2040": -0.67210913674444073, "Dist_2050": -7.2943697509467711, "Rate_2050": -0.72932215816046431, "Dist_2060": -7.8235607774889218, "Rate_2060": -0.78244712411610007, "Dist_2070": -8.403700335490214, "Rate_2070": -0.84023775521086352, "Dist_2080": -8.7435247912361547, "Rate_2080": -0.87445423153424739, "Dist_2090": -9.0874160923343652, "Rate_2090": -0.90859856887611123, "Dist_2100": -2.0323966752133629, "Rate_2100": -0.20326331945416667, "RSL_2050": 0.18573485314846039, "RSL_2100": 0.55779761075973511 }, "geometry": { "type": "LineString", "coordinates": [ [ -2.45604314123094, 56.717819330606488 ], [ -2.453725929383328, 56.717713830344493 ] ] } },
{ "type": "Feature", "properties": { "Cell": "None", "SubCell": "None", "CMU": "None", "LineID": 0, "TransectID": 403, "Hist_Rate": -0.055344785336287991, "LatestYr": "2024-09-05 00:00:00", "LatestSrc": "montrose_MHWS_Modern_LiDAR.shp", "FirstEYr": null, "Extrap2050": 1.4799048683918357, "Extrap2100": 4.4019529499759749, "Dist_2040": -3.5330360250342778, "Rate_2040": -0.35334471806505541, "Dist_2050": -4.1222274142181163, "Rate_2050": -0.41215785555367107, "Dist_2060": -4.667142904284276, "Rate_2060": -0.46676860411228088, "Dist_2070": -5.2625834131555962, "Rate_2070": -0.52617550568833371, "Dist_2080": -5.6128361867920944, "Rate_2080": -0.56134893782979511, "Dist_2090": -5.9654211206423042, "Rate_2090": -0.59644821342901644, "Dist_2100": -6.190445613370116, "Rate_2100": -0.61911660239357469, "RSL_2050": 0.18573485314846039, "RSL_2100": 0.55779761075973511 }, "geometry": { "type": "LineString", "coordinates": [ [ -2.456068991821603, 56.717357989280593 ], [ -2.453763973296619, 56.717349992639299 ] ] } },
{ "type": "Feature", "properties": { "Cell": "None", "SubCell": "None", "CMU": "None", "LineID": 0, "TransectID": 404, "Hist_Rate": -0.0087592558527400076, "LatestYr": "2024-09-05 00:00:00", "LatestSrc": "montrose_MHWS_Modern_LiDAR.shp", "FirstEYr": null, "Extrap2050": -0.19373691453917796, "Extrap2100": -0.57626729980401392, "Dist_2040": -2.8659101221537071, "Rate_2040": -0.28662436412670467, "Dist_2050": -3.4536655450434068, "Rate_2050": -0.34531219212579156, "Dist_2060": -3.9976006305009264, "Rate_2060": -0.39980658496323512, "Dist_2070": -4.5915918584678934, "Rate_2070": -0.45908691195358875, "Dist_2080": -4.9412789832234694, "Rate_2080": -0.49418540225355917, "Dist_2090": -5.2929320734193652, "Rate_2090": -0.52920989401201002, "Dist_2100": -5.517657733366093, "Rate_2100": -0.55182998485185253, "RSL_2050": 0.18573485314846039, "RSL_2100": 0.55779761075973511 }, "geometry": { "type": "LineString", "coordinates": [ [ -2.455995082982508, 56.716920949453993 ], [ -2.453759533138259, 56.717001471164252 ] ] } },
{ "type": "Feature", "properties": { "Cell": "None", "SubCell": "None", "CMU": "None", "LineID": 0, "TransectID": 405, "Hist_Rate": -0.010395005934997103, "LatestYr": "2024-09-05 00:00:00", "LatestSrc": "montrose_MHWS_Modern_LiDAR.shp", "FirstEYr": null, "Extrap2050": -0.085823497963809309, "Extrap2100": -0.25528059817086796, "Dist_2040": -2.9426872976237064, "Rate_2040": -0.29430297516493059, "Dist_2050": -3.5372796364832197, "Rate_2050": -0.3536722851432309, "Dist_2060": -4.0875189753376162, "Rate_2060": -0.40879946586794891, "Dist_2070": -4.688419529328371, "Rate_2070": -0.46876815492491586, "Dist_2080": -5.0421553037339777, "Rate_2080": -0.50427420824864666, "Dist_2090": -5.3979036939554703, "Rate_2090": -0.53970540376116372, "Dist_2100": -5.6252269533213166, "Rate_2100": -0.56258815867975387, "RSL_2050": 0.18573485314846039, "RSL_2100": 0.55779761075973511 }, "geometry": { "type": "LineString", "coordinates": [ [ -2.455854974558161, 56.716567849175291 ], [ -2.453736594942884, 56.716709712681208 ] ] } },
{ "type": "Feature", "properties": { "Cell": "None", "SubCell": "None", "CMU": "None", "LineID": 0, "TransectID": 406, "Hist_Rate": -0.53649673133670539, "LatestYr": "2024-09-05 00:00:00", "LatestSrc": "montrose_MHWS_Modern_LiDAR.shp", "FirstEYr": null, "Extrap2050": 13.574304290493338, "Extrap2100": 40.376547230593815, "Dist_2040": -8.2007696093504023, "Rate_2040": -0.82017239705453571, "Dist_2050": -8.7697380083187682, "Rate_2050": -0.87683576088238924, "Dist_2060": -9.2934219224675871, "Rate_2060": -0.92945034406266913, "Dist_2070": -9.8684110194903951, "Rate_2070": -0.98668576835100485, "Dist_2080": -8.6928746628050249, "Rate_2080": -0.86938862925234517, "Dist_2090": 0.0, "Rate_2090": 0.0, "Dist_2100": 0.0, "Rate_2100": 0.0, "RSL_2050": 0.18573485314846039, "RSL_2100": 0.55779761075973511 }, "geometry": { "type": "LineString", "coordinates": [ [ -2.455734495898191, 56.716343158590014 ], [ -2.453733338325522, 56.716510402905399 ] ] } },
{ "type": "Feature", "properties": { "Cell": "None", "SubCell": "None", "CMU": "None", "LineID": 0, "TransectID": 407, "Hist_Rate": -0.23967602178040107, "LatestYr": "2024-09-05 00:00:00", "LatestSrc": "montrose_MHWS_Modern_LiDAR.shp", "FirstEYr": null, "Extrap2050": 5.8274753432996107, "Extrap2100": 17.333730583794527, "Dist_2040": -5.0365172591589271, "Rate_2040": -0.50371033817862942, "Dist_2050": -5.5835953619939005, "Rate_2050": -0.55827164768766968, "Dist_2060": -6.0886351888826766, "Rate_2060": -0.60893437513019744, "Dist_2070": -6.6415106385006766, "Rate_2070": -0.6640465232364039, "Dist_2080": -6.9659606656523465, "Rate_2080": -0.69667713264636566, "Dist_2090": -4.4262413402394714, "Rate_2090": -0.44255446282847388, "Dist_2100": 0.0, "Rate_2100": 0.0, "RSL_2050": 0.18573485314846039, "RSL_2100": 0.55779761075973511 }, "geometry": { "type": "LineString", "coordinates": [ [ -2.455663775222191, 56.716274070075215 ], [ -2.453778521880989, 56.71642811788459 ] ] } },
{ "type": "Feature", "properties": { "Cell": "None", "SubCell": "None", "CMU": "None", "LineID": 0, "TransectID": 408, "Hist_Rate": -0.41389998259756278, "LatestYr": "2024-09-05 00:00:00", "LatestSrc": "montrose_MHWS_Modern_LiDAR.shp", "FirstEYr": null, "Extrap2050": 10.588281530667729, "Extrap2100": 31.494671120142705, "Dist_2040": -6.8325116032811479, "Rate_2040": -0.68333067340126363, "Dist_2050": -7.3633592077435992, "Rate_2050": -0.7362200179124806, "Dist_2060": -7.852388658144946, "Rate_2060": -0.78533024766497961, "Dist_2070": -3.3210505481554264, "Rate_2070": -0.33205277986166393, "Dist_2080": 0.0, "Rate_2080": 0.0, "Dist_2090": 0.0, "Rate_2090": 0.0, "Dist_2100": 0.0, "Rate_2100": 0.0, "RSL_2050": 0.18573485314846039, "RSL_2100": 0.55779761075973511 }, "geometry": { "type": "LineString", "coordinates": [ [ -2.455629502485945, 56.716366658715323 ], [ -2.453869946623541, 56.716473090551411 ] ] } },
{ "type": "Feature", "properties": { "Cell": "None", "SubCell": "None", "CMU": "None", "LineID": 0, "TransectID": 409, "Hist_Rate": -0.13645639398963205, "LatestYr": "2024-09-05 00:00:00", "LatestSrc": "montrose_MHWS_Modern_LiDAR.shp", "FirstEYr": null, "Extrap2050": 3.5012291443779202, "Extrap2100": 10.41434911784852, "Dist_2040": -3.9531514606584892, "Rate_2040": -0.39536115070360306, "Dist_2050": -4.4670496864953293, "Rate_2050": -0.44663465511080491, "Dist_2060": -4.9418699095375018, "Rate_2060": -0.49424450176184309, "Dist_2070": -5.4612161403528603, "Rate_2070": -0.54603565183214609, "Dist_2080": -5.7663287083544787, "Rate_2080": -0.57669997624894875, "Dist_2090": -0.55139659746623693, "Rate_2090": -0.055130980495500151, "Dist_2100": 0.0, "Rate_2100": 0.0, "RSL_2050": 0.18573485314846039, "RSL_2100": 0.55779761075973511 }, "geometry": { "type": "LineString", "coordinates": [ [ -2.455687677371725, 56.716598549909882 ], [ -2.453971286993917, 56.71663720075545 ] ] } },
{ "type": "Feature", "properties": { "Cell": "None", "SubCell": "None", "CMU": "None", "LineID": 0, "TransectID": 410, "Hist_Rate": -1.2242735736883492, "LatestYr": "2024-09-05 00:00:00", "LatestSrc": "montrose_MHWS_Modern_LiDAR.shp", "FirstEYr": null, "Extrap2050": 30.269307389979314, "Extrap2100": 90.035562288433439, "Dist_2040": -8.8888780450200215, "Rate_2040": -0.88899124845515476, "Dist_2050": 0.0, "Rate_2050": 0.0, "Dist_2060": 0.0, "Rate_2060": 0.0, "Dist_2070": 0.0, "Rate_2070": 0.0, "Dist_2080": 0.0, "Rate_2080": 0.0, "Dist_2090": 0.0, "Rate_2090": 0.0, "Dist_2100": 0.0, "Rate_2100": 0.0, "RSL_2050": 0.18573485314846039, "RSL_2100": 0.55779761075973511 }, "geometry": { "type": "LineString", "coordinates": [ [ -2.455697332618798, 56.716935748761642 ], [ -2.454031448606073, 56.716890374346164 ] ] } },
{ "type": "Feature", "properties": { "Cell": "None", "SubCell": "None", "CMU": "None", "LineID": 0, "TransectID": 411, "Hist_Rate": -0.11326570615875088, "LatestYr": "2024-09-05 00:00:00", "LatestSrc": "montrose_MHWS_Modern_LiDAR.shp", "FirstEYr": null, "Extrap2050": 2.868865319604601, "Extrap2100": 8.5333932109030357, "Dist_2040": -3.7344703356952778, "Rate_2040": -0.3734904933146721, "Dist_2050": -4.2544947470727266, "Rate_2050": -0.42538250688686297, "Dist_2060": -4.7351156350849806, "Rate_2060": -0.47356666822221416, "Dist_2070": -5.2606537703935032, "Rate_2070": -0.52598257178564167, "Dist_2080": -5.5695198302448716, "Rate_2080": -0.55701679808275262, "Dist_2090": -4.5775111522915495, "Rate_2090": -0.45767906297313066, "Dist_2100": 0.0, "Rate_2100": 0.0, "RSL_2050": 0.18573485314846039, "RSL_2100": 0.55779761075973511 }, "geometry": { "type": "LineString", "coordinates": [ [ -2.455595195952909, 56.717314171763803 ], [ -2.454014811515923, 56.717183199660099 ] ] } },
{ "type": "Feature", "properties": { "Cell": "None", "SubCell": "None", "CMU": "None", "LineID": 0, "TransectID": 412, "Hist_Rate": -0.30136201682588254, "LatestYr": "2024-09-05 00:00:00", "LatestSrc": "montrose_MHWS_Modern_LiDAR.shp", "FirstEYr": null, "Extrap2050": 7.5904785633082854, "Extrap2100": 22.577754974070089, "Dist_2040": -5.6976587735645126, "Rate_2040": -0.56983218362640653, "Dist_2050": -6.2379385823234088, "Rate_2050": -0.62369567003949022, "Dist_2060": -6.736320424514247, "Rate_2060": -0.67371043610368153, "Dist_2070": -7.2823234336966607, "Rate_2070": -0.72811771605035658, "Dist_2080": -2.2343209868205349, "Rate_2080": -0.2234581005007665, "Dist_2090": 0.0, "Rate_2090": 0.0, "Dist_2100": 0.0, "Rate_2100": 0.0, "RSL_2050": 0.18573485314846039, "RSL_2100": 0.55779761075973511 }, "geometry": { "type": "LineString", "coordinates": [ [ -2.455433978411139, 56.717666232894608 ], [ -2.453912846168587, 56.717456276644839 ] ] } },
{ "type": "Feature", "properties": { "Cell": "None", "SubCell": "None", "CMU": "None", "LineID": 0, "TransectID": 413, "Hist_Rate": -0.62043092179992987, "LatestYr": "2024-09-05 00:00:00", "LatestSrc": "montrose_MHWS_Modern_LiDAR.shp", "FirstEYr": null, "Extrap2050": 15.622721996736756, "Extrap2100": 46.469532365901706, "Dist_2040": -8.9918085554361369, "Rate_2040": -0.89928549734635355, "Dist_2050": -9.5574455016088677, "Rate_2050": -0.95559411131162797, "Dist_2060": -7.6881350396496373, "Rate_2060": -0.76890297432070998, "Dist_2070": 0.0, "Rate_2070": 0.0, "Dist_2080": 0.0, "Rate_2080": 0.0, "Dist_2090": 0.0, "Rate_2090": 0.0, "Dist_2100": 0.0, "Rate_2100": 0.0, "RSL_2050": 0.18573485314846039, "RSL_2100": 0.55779761075973511 }, "geometry": { "type": "LineString", "coordinates": [ [ -2.455327739108313, 56.717946066519609 ], [ -2.453775457345899, 56.717657788826799 ] ] } },
{ "type": "Feature", "properties": { "Cell": "None", "SubCell": "None", "CMU": "None", "LineID": 0, "TransectID": 414, "Hist_Rate": -0.31030740880786012, "LatestYr": "2024-09-05 00:00:00", "LatestSrc": "montrose_MHWS_Modern_LiDAR.shp", "FirstEYr": null, "Extrap2050": 8.2104204835731895, "Extrap2100": 24.421762128184884, "Dist_2040": -6.2113624394476119, "Rate_2040": -0.62120852842002861, "Dist_2050": -6.8054283119623733, "Rate_2050": -0.68043571043852102, "Dist_2060": -7.3534534319363729, "Rate_2060": -0.73543091870592026, "Dist_2070": -7.9538124179456418, "Rate_2070": -0.79525604491144575, "Dist_2080": -2.3929120117148841, "Rate_2080": -0.23931904858673975, "Dist_2090": 0.0, "Rate_2090": 0.0, "Dist_2100": 0.0, "Rate_2100": 0.0, "RSL_2050": 0.18573485314846039, "RSL_2100": 0.55779761075973511 }, "geometry": { "type": "LineString", "coordinates": [ [ -2.455253920623995, 56.718101267846791 ], [ -2.453667729771943, 56.717754307226322 ] ] } },
{ "type": "Feature", "properties": { "Cell": "None", "SubCell": "None", "CMU": "None", "LineID": 0, "TransectID": 415, "Hist_Rate": -0.67810405138901964, "LatestYr": "2024-09-05 00:00:00", "LatestSrc": "montrose_MHWS_Modern_LiDAR.shp", "FirstEYr": null, "Extrap2050": 17.431990599024548, "Extrap2100": 51.851172382934841, "Dist_2040": -9.9541219063522703, "Rate_2040": -0.99552803132006273, "Dist_2050": -10.569478516000004, "Rate_2050": -1.0567814828579609, "Dist_2060": -8.3106400411377308, "Rate_2060": -0.8311607188459057, "Dist_2070": 0.0, "Rate_2070": 0.0, "Dist_2080": 0.0, "Rate_2080": 0.0, "Dist_2090": 0.0, "Rate_2090": 0.0, "Dist_2100": 0.0, "Rate_2100": 0.0, "RSL_2050": 0.18573485314846039, "RSL_2100": 0.55779761075973511 }, "geometry": { "type": "LineString", "coordinates": [ [ -2.455312550789905, 56.718119890144955 ], [ -2.453639798903888, 56.717732514896831 ] ] } },
{ "type": "Feature", "properties": { "Cell": "None", "SubCell": "None", "CMU": "None", "LineID": 0, "TransectID": 416, "Hist_Rate": -0.8058501082039643, "LatestYr": "2024-09-05 00:00:00", "LatestSrc": "montrose_MHWS_Modern_LiDAR.shp", "FirstEYr": null, "Extrap2050": 20.317759643467838, "Extrap2100": 60.43484544831265, "Dist_2040": -11.149080175178483, "Rate_2040": -1.1150377644804566, "Dist_2050": -11.77583594522423, "Rate_2050": -1.1773982371266249, "Dist_2060": -5.9439341519737354, "Rate_2060": -0.59446258748692971, "Dist_2070": 0.0, "Rate_2070": 0.0, "Dist_2080": 0.0, "Rate_2080": 0.0, "Dist_2090": 0.0, "Rate_2090": 0.0, "Dist_2100": 0.0, "Rate_2100": 0.0, "RSL_2050": 0.18573485314846039, "RSL_2100": 0.55779761075973511 }, "geometry": { "type": "LineString", "coordinates": [ [ -2.455519462869269, 56.717999529544286 ], [ -2.453707604616726, 56.717595732231416 ] ] } },
{ "type": "Feature", "properties": { "Cell": "None", "SubCell": "None", "CMU": "None", "LineID": 0, "TransectID": 417, "Hist_Rate": -0.72551678268354081, "LatestYr": "2024-09-05 00:00:00", "LatestSrc": "montrose_MHWS_Modern_LiDAR.shp", "FirstEYr": null, "Extrap2050": 18.161005006532463, "Extrap2100": 54.019613875523248, "Dist_2040": -10.106284439499177, "Rate_2040": -1.0107460554199832, "Dist_2050": -10.6946141195059, "Rate_2050": -1.0692930735131765, "Dist_2060": -8.5497898908898833, "Rate_2060": -0.85507848691767474, "Dist_2070": 0.0, "Rate_2070": 0.0, "Dist_2080": 0.0, "Rate_2080": 0.0, "Dist_2090": 0.0, "Rate_2090": 0.0, "Dist_2100": 0.0, "Rate_2100": 0.0, "RSL_2050": 0.18573485314846039, "RSL_2100": 0.55779761075973511 }, "geometry": { "type": "LineString", "coordinates": [ [ -2.455722438046998, 56.717726820545124 ], [ -2.453848967430256, 56.717359373686229 ] ] } },
{ "type": "Feature", "properties": { "Cell": "None", "SubCell": "None", "CMU": "None", "LineID": 0, "TransectID": 418, "Hist_Rate": -0.66334928976875696, "LatestYr": "2024-09-05 00:00:00", "LatestSrc": "montrose_MHWS_Modern_LiDAR.shp", "FirstEYr": null, "Extrap2050": 16.85853644579581, "Extrap2100": 50.145442335418799, "Dist_2040": -9.4873993609593299, "Rate_2040": -0.94885034531631662, "Dist_2050": -10.05469312521916, "Rate_2050": -1.0053110467527673, "Dist_2060": -9.6535429108066637, "Rate_2060": -0.96546663378978725, "Dist_2070": 0.0, "Rate_2070": 0.0, "Dist_2080": 0.0, "Rate_2080": 0.0, "Dist_2090": 0.0, "Rate_2090": 0.0, "Dist_2100": 0.0, "Rate_2100": 0.0, "RSL_2050": 0.18573485314846039, "RSL_2100": 0.55779761075973511 }, "geometry": { "type": "LineString", "coordinates": [ [ -2.455940424533944, 56.717352401602 ], [ -2.454018826329419, 56.717048816554609 ] ] } },
{ "type": "Feature", "properties": { "Cell": "None", "SubCell": "None", "CMU": "None", "LineID": 0, "TransectID": 419, "Hist_Rate": -0.57146884294241129, "LatestYr": "2024-09-05 00:00:00", "LatestSrc": "montrose_MHWS_Modern_LiDAR.shp", "FirstEYr": null, "Extrap2050": 14.10763536116413, "Extrap2100": 41.962931821925224, "Dist_2040": -8.4283266125584078, "Rate_2040": -0.84293074556061454, "Dist_2050": -9.0007424811049077, "Rate_2050": -0.89993257203803978, "Dist_2060": -9.5275055766185233, "Rate_2060": -0.9528614336166733, "Dist_2070": -2.3577296622207768, "Rate_2070": -0.23573585440834166, "Dist_2080": 0.0, "Rate_2080": 0.0, "Dist_2090": 0.0, "Rate_2090": 0.0, "Dist_2100": 0.0, "Rate_2100": 0.0, "RSL_2050": 0.18573485314846039, "RSL_2100": 0.55779761075973511 }, "geometry": { "type": "LineString", "coordinates": [ [ -2.4561063868449, 56.716920563960223 ], [ -2.454172639167261, 56.716697388848644 ] ] } },
{ "type": "Feature", "properties": { "Cell": "None", "SubCell": "None", "CMU": "None", "LineID": 0, "TransectID": 420, "Hist_Rate": -0.49739106642096892, "LatestYr": "2024-09-05 00:00:00", "LatestSrc": "montrose_MHWS_Modern_LiDAR.shp", "FirstEYr": null, "Extrap2050": 12.818869963304198, "Extrap2100": 38.129520116819307, "Dist_2040": -7.6828980133341247, "Rate_2040": -0.76837921074348003, "Dist_2050": -8.207920220140636, "Rate_2050": -0.82066282535031931, "Dist_2060": -8.6910946430267586, "Rate_2060": -0.86921060655961147, "Dist_2070": -3.6258645283068063, "Rate_2070": -0.36252937995622742, "Dist_2080": 0.0, "Rate_2080": 0.0, "Dist_2090": 0.0, "Rate_2090": 0.0, "Dist_2100": 0.0, "Rate_2100": 0.0, "RSL_2050": 0.18573485314846039, "RSL_2100": 0.55779761075973511 }, "geometry": { "type": "LineString", "coordinates": [ [ -2.456266662106871, 56.71648801564551 ], [ -2.454284404725758, 56.716341121342928 ] ] } },
{ "type": "Feature", "properties": { "Cell": "None", "SubCell": "None", "CMU": "None", "LineID": 0, "TransectID": 421, "Hist_Rate": -0.81354850494540187, "LatestYr": "2024-09-05 00:00:00", "LatestSrc": "montrose_MHWS_Modern_LiDAR.shp", "FirstEYr": null, "Extrap2050": 21.02088953792234, "Extrap2100": 62.526293878017242, "Dist_2040": -11.035522621838822, "Rate_2040": -1.1036806876251277, "Dist_2050": -11.584209998902338, "Rate_2050": -1.1582386587802047, "Dist_2060": -3.5956571110469895, "Rate_2060": -0.35960755541664297, "Dist_2070": 0.0, "Rate_2070": 0.0, "Dist_2080": 0.0, "Rate_2080": 0.0, "Dist_2090": 0.0, "Rate_2090": 0.0, "Dist_2100": 0.0, "Rate_2100": 0.0, "RSL_2050": 0.18573485314846039, "RSL_2100": 0.55779761075973511 }, "geometry": { "type": "LineString", "coordinates": [ [ -2.456302142121185, 56.71608547030025 ], [ -2.454351270907944, 56.71601128453068 ] ] } },
{ "type": "Feature", "properties": { "Cell": "None", "SubCell": "None", "CMU": "None", "LineID": 0, "TransectID": 422, "Hist_Rate": -0.89451466845608441, "LatestYr": "2024-09-05 00:00:00", "LatestSrc": "montrose_MHWS_Modern_LiDAR.shp", "FirstEYr": null, "Extrap2050": 22.66650596670631, "Extrap2100": 67.421153167916245, "Dist_2040": -11.921121906291887, "Rate_2040": -1.1922509221957325, "Dist_2050": -12.51709506498139, "Rate_2050": -1.2515124813226022, "Dist_2060": -13.06387580024716, "Rate_2060": -1.3065396103427638, "Dist_2070": -13.666145725129809, "Rate_2070": -1.3663994607201546, "Dist_2080": -14.016779535200158, "Rate_2080": -1.4018410732161402, "Dist_2090": -14.37434222913123, "Rate_2090": -1.4372079637622401, "Dist_2100": -14.59879295340977, "Rate_2100": -1.4600491881943505, "RSL_2050": 0.18573485314846039, "RSL_2100": 0.55779761075973511 }, "geometry": { "type": "LineString", "coordinates": [ [ -2.456343433438269, 56.715746379491314 ], [ -2.454386182897092, 56.715727983659932 ] ] } },
{ "type": "Feature", "properties": { "Cell": "None", "SubCell": "None", "CMU": "None", "LineID": 0, "TransectID": 423, "Hist_Rate": -0.65608882590928685, "LatestYr": "2024-09-05 00:00:00", "LatestSrc": "montrose_MHWS_Modern_LiDAR.shp", "FirstEYr": null, "Extrap2050": 16.523528743285311, "Extrap2100": 49.148967375556509, "Dist_2040": -9.5624205899756589, "Rate_2040": -0.95635334127442073, "Dist_2050": -10.171088488932469, "Rate_2050": -1.0169487510043573, "Dist_2060": -10.730895423323545, "Rate_2060": -1.0732144226870892, "Dist_2070": -11.346001815176464, "Rate_2070": -1.134421589920501, "Dist_2080": -11.705246977744423, "Rate_2080": -1.1706609171053717, "Dist_2090": -12.070138303678391, "Rate_2090": -1.206823840509514, "Dist_2100": -12.300360269806788, "Rate_2100": -1.2301791719181012, "RSL_2050": 0.18573485314846039, "RSL_2100": 0.55779761075973511 }, "geometry": { "type": "LineString", "coordinates": [ [ -2.456358054364558, 56.715475472670299 ], [ -2.454406010214059, 56.715497455042737 ] ] } },
{ "type": "Feature", "properties": { "Cell": "None", "SubCell": "None", "CMU": "None", "LineID": 0, "TransectID": 424, "Hist_Rate": -0.0046779555359034979, "LatestYr": "2024-09-05 00:00:00", "LatestSrc": "montrose_MHWS_Modern_LiDAR.shp", "FirstEYr": null, "Extrap2050": 0.14004517751985496, "Extrap2100": 0.41656210171356145, "Dist_2040": -2.8773612205339987, "Rate_2040": -0.28776960722642086, "Dist_2050": -3.4411127885686597, "Rate_2050": -0.34405711406482037, "Dist_2060": -3.9627657992916738, "Rate_2060": -0.39632269645339246, "Dist_2070": -4.5324981291453241, "Rate_2070": -0.45317846918542598, "Dist_2080": -4.867847884335788, "Rate_2080": -0.48684143781339378, "Dist_2090": -5.205153660812698, "Rate_2090": -0.52043343442632961, "Dist_2100": -1.4123032014070986, "Rate_2100": -0.14124675576120818, "RSL_2050": 0.18573485314846039, "RSL_2100": 0.55779761075973511 }, "geometry": { "type": "LineString", "coordinates": [ [ -2.456269639387288, 56.715267101288468 ], [ -2.454422772064867, 56.715313303176487 ] ] } },
{ "type": "Feature", "properties": { "Cell": "None", "SubCell": "None", "CMU": "None", "LineID": 0, "TransectID": 425, "Hist_Rate": -0.21929265293503816, "LatestYr": "2024-09-05 00:00:00", "LatestSrc": "montrose_MHWS_Modern_LiDAR.shp", "FirstEYr": null, "Extrap2050": 5.4464215962671698, "Extrap2100": 16.200292413764313, "Dist_2040": -4.9208929834363175, "Rate_2040": -0.49214656503360876, "Dist_2050": -5.4748887636092149, "Rate_2050": -0.54740269894402926, "Dist_2060": -5.986409367436238, "Rate_2060": -0.5987106033367553, "Dist_2070": -6.5462763221294153, "Rate_2070": -0.6545245906338224, "Dist_2080": -1.399529893366207, "Rate_2080": -0.13996927630827133, "Dist_2090": 0.0, "Rate_2090": 0.0, "Dist_2100": 0.0, "Rate_2100": 0.0, "RSL_2050": 0.18573485314846039, "RSL_2100": 0.55779761075973511 }, "geometry": { "type": "LineString", "coordinates": [ [ -2.45616715652845, 56.715101515535395 ], [ -2.454441119284712, 56.715160401768706 ] ] } },
{ "type": "Feature", "properties": { "Cell": "None", "SubCell": "None", "CMU": "None", "LineID": 0, "TransectID": 426, "Hist_Rate": -0.18717816504803556, "LatestYr": "2024-09-05 00:00:00", "LatestSrc": "montrose_MHWS_Modern_LiDAR.shp", "FirstEYr": null, "Extrap2050": 4.7329366370183754, "Extrap2100": 14.07804301232701, "Dist_2040": -4.6763221822948822, "Rate_2040": -0.46768663873681232, "Dist_2050": -5.2376621628523594, "Rate_2050": -0.52368377293063317, "Dist_2060": -5.7561274404276901, "Rate_2060": -0.57567973073943335, "Dist_2070": -6.3234173296054905, "Rate_2070": -0.63224219929056491, "Dist_2080": -3.5823546946971874, "Rate_2080": -0.35827715897533885, "Dist_2090": 0.0, "Rate_2090": 0.0, "Dist_2100": 0.0, "Rate_2100": 0.0, "RSL_2050": 0.18573485314846039, "RSL_2100": 0.55779761075973511 }, "geometry": { "type": "LineString", "coordinates": [ [ -2.45609658879953, 56.71495249940488 ], [ -2.454460356390363, 56.715020093530597 ] ] } },
{ "type": "Feature", "properties": { "Cell": "None", "SubCell": "None", "CMU": "None", "LineID": 0, "TransectID": 427, "Hist_Rate": -0.07861690433656468, "LatestYr": "2024-09-05 00:00:00", "LatestSrc": "montrose_MHWS_Modern_LiDAR.shp", "FirstEYr": null, "Extrap2050": 2.041237929837874, "Extrap2100": 6.0716290072191317, "Dist_2040": -3.6842529685725935, "Rate_2040": -0.36846817219985639, "Dist_2050": -4.2594364521776242, "Rate_2050": -0.4258765996125064, "Dist_2060": -4.7912725093717086, "Rate_2060": -0.47918300917420492, "Dist_2070": -5.3725558568726797, "Rate_2070": -0.5371710190401916, "Dist_2080": -5.7143785785552836, "Rate_2080": -0.57150435870152749, "Dist_2090": -3.493204869318447, "Rate_2090": -0.34926550218506514, "Dist_2100": 0.0, "Rate_2100": 0.0, "RSL_2050": 0.18573485314846039, "RSL_2100": 0.55779761075973511 }, "geometry": { "type": "LineString", "coordinates": [ [ -2.455992992042327, 56.714801201161386 ], [ -2.454477501260219, 56.714875557355533 ] ] } },
{ "type": "Feature", "properties": { "Cell": "None", "SubCell": "None", "CMU": "None", "LineID": 0, "TransectID": 428, "Hist_Rate": -0.23284631433927661, "LatestYr": "2024-09-05 00:00:00", "LatestSrc": "montrose_MHWS_Modern_LiDAR.shp", "FirstEYr": null, "Extrap2050": 5.9554867931035149, "Extrap2100": 17.714498558230165, "Dist_2040": -5.1579280636050271, "Rate_2040": -0.51585283153648942, "Dist_2050": -5.7191760302387706, "Rate_2050": -0.57182758040637405, "Dist_2060": -6.237301660531557, "Rate_2060": -0.62380275239504301, "Dist_2070": -6.8044971572597888, "Rate_2070": -0.6803426096250913, "Dist_2080": -2.3457117053530965, "Rate_2080": -0.23459846865893438, "Dist_2090": 0.0, "Rate_2090": 0.0, "Dist_2100": 0.0, "Rate_2100": 0.0, "RSL_2050": 0.18573485314846039, "RSL_2100": 0.55779761075973511 }, "geometry": { "type": "LineString", "coordinates": [ [ -2.455905900286065, 56.71463284829705 ], [ -2.454489388591866, 56.714716289601043 ] ] } },
{ "type": "Feature", "properties": { "Cell": "None", "SubCell": "None", "CMU": "None", "LineID": 0, "TransectID": 429, "Hist_Rate": -0.2492136520009309, "LatestYr": "2024-09-05 00:00:00", "LatestSrc": "montrose_MHWS_Modern_LiDAR.shp", "FirstEYr": null, "Extrap2050": 6.3878903604897603, "Extrap2100": 19.000675933336986, "Dist_2040": -5.2422425718718273, "Rate_2040": -0.52428526356979621, "Dist_2050": -5.7862736916341078, "Rate_2050": -0.57853629039602261, "Dist_2060": -6.288377251251859, "Rate_2060": -0.62891090585716247, "Dist_2070": -6.8381727490815365, "Rate_2070": -0.68370963873704171, "Dist_2080": -2.0553322402167851, "Rate_2080": -0.20555714286620458, "Dist_2090": 0.0, "Rate_2090": 0.0, "Dist_2100": 0.0, "Rate_2100": 0.0, "RSL_2050": 0.18573485314846039, "RSL_2100": 0.55779761075973511 }, "geometry": { "type": "LineString", "coordinates": [ [ -2.455907688395923, 56.714440289871554 ], [ -2.454494082190926, 56.714540749691849 ] ] } },
{ "type": "Feature", "properties": { "Cell": "None", "SubCell": "None", "CMU": "None", "LineID": 0, "TransectID": 430, "Hist_Rate": -0.34918182154419641, "LatestYr": "2024-09-05 00:00:00", "LatestSrc": "montrose_MHWS_Modern_LiDAR.shp", "FirstEYr": null, "Extrap2050": 8.8070375238993979, "Extrap2100": 26.196389806465167, "Dist_2040": -6.1480838302964571, "Rate_2040": -0.61487993110269823, "Dist_2050": -6.6825148473604941, "Rate_2050": -0.66814629869615805, "Dist_2060": -7.1752311055473683, "Rate_2060": -0.71760661201201659, "Dist_2070": -5.3248577713261511, "Rate_2070": -0.53240196127664707, "Dist_2080": 0.0, "Rate_2080": 0.0, "Dist_2090": 0.0, "Rate_2090": 0.0, "Dist_2100": 0.0, "Rate_2100": 0.0, "RSL_2050": 0.18573485314846039, "RSL_2100": 0.55779761075973511 }, "geometry": { "type": "LineString", "coordinates": [ [ -2.455960295634824, 56.714232674654411 ], [ -2.454492465394393, 56.714356616227143 ] ] } },
{ "type": "Feature", "properties": { "Cell": "None", "SubCell": "None", "CMU": "None", "LineID": 0, "TransectID": 431, "Hist_Rate": -0.31251802217691349, "LatestYr": "2024-09-05 00:00:00", "LatestSrc": "montrose_MHWS_Modern_LiDAR.shp", "FirstEYr": null, "Extrap2050": 8.0397225619084001, "Extrap2100": 23.914023937794568, "Dist_2040": -5.8642645662300197, "Rate_2040": -0.58649470176102625, "Dist_2050": -6.4024395764025712, "Rate_2050": -0.64014318012160309, "Dist_2060": -6.8987801688332411, "Rate_2060": -0.68995830115418266, "Dist_2070": -5.1664716704813145, "Rate_2070": -0.5165658442665676, "Dist_2080": 0.0, "Rate_2080": 0.0, "Dist_2090": 0.0, "Rate_2090": 0.0, "Dist_2100": 0.0, "Rate_2100": 0.0, "RSL_2050": 0.18573485314846039, "RSL_2100": 0.55779761075973511 }, "geometry": { "type": "LineString", "coordinates": [ [ -2.455788125148003, 56.714052987849207 ], [ -2.454489687440047, 56.714178738122584 ] ] } },
{ "type": "Feature", "properties": { "Cell": "None", "SubCell": "None", "CMU": "None", "LineID": 0, "TransectID": 432, "Hist_Rate": -0.11972602532029721, "LatestYr": "2024-09-05 00:00:00", "LatestSrc": "montrose_MHWS_Modern_LiDAR.shp", "FirstEYr": null, "Extrap2050": 3.092531345250344, "Extrap2100": 9.198684164686151, "Dist_2040": -3.7872724729852507, "Rate_2040": -0.37877132152637333, "Dist_2050": -4.3002269433305855, "Rate_2050": -0.42995500666559577, "Dist_2060": -4.7742589168386758, "Rate_2060": -0.47748145192591734, "Dist_2070": -5.2926518485235192, "Rate_2070": -0.52918187593330179, "Dist_2080": -5.5972734553765804, "Rate_2080": -0.55979248357759603, "Dist_2090": -0.47722232376497686, "Rate_2090": -0.047714720664585153, "Dist_2100": 0.0, "Rate_2100": 0.0, "RSL_2050": 0.18573485314846039, "RSL_2100": 0.55779761075973511 }, "geometry": { "type": "LineString", "coordinates": [ [ -2.455733486922506, 56.713894776244388 ], [ -2.454494912852669, 56.714025511951689 ] ] } },
{ "type": "Feature", "properties": { "Cell": "None", "SubCell": "None", "CMU": "None", "LineID": 0, "TransectID": 433, "Hist_Rate": -0.015967361048231696, "LatestYr": "2024-09-05 00:00:00", "LatestSrc": "montrose_MHWS_Modern_LiDAR.shp", "FirstEYr": null, "Extrap2050": 0.46921681522094433, "Extrap2100": 1.3956777817648827, "Dist_2040": -2.5571794923848756, "Rate_2040": -0.25574770830979821, "Dist_2050": -3.031043277316769, "Rate_2050": -0.30305661763355324, "Dist_2060": -3.469447767891495, "Rate_2060": -0.3469851523450464, "Dist_2070": -3.9483383044857874, "Rate_2070": -0.39477168167975646, "Dist_2080": -4.2301573586507857, "Rate_2080": -0.42306496414759298, "Dist_2090": -4.5136964335132461, "Rate_2090": -0.45129859557006896, "Dist_2100": -2.1873694093401355, "Rate_2100": -0.21876239635567207, "RSL_2050": 0.18573485314846039, "RSL_2100": 0.55779761075973511 }, "geometry": { "type": "LineString", "coordinates": [ [ -2.455732206421768, 56.713783768083672 ], [ -2.454518229928408, 56.713914773083651 ] ] } },
{ "type": "Feature", "properties": { "Cell": "None", "SubCell": "None", "CMU": "None", "LineID": 0, "TransectID": 434, "Hist_Rate": -0.013592496337570641, "LatestYr": "2024-09-05 00:00:00", "LatestSrc": "montrose_MHWS_Modern_LiDAR.shp", "FirstEYr": null, "Extrap2050": 0.44820505285658657, "Extrap2100": 1.3331786365161156, "Dist_2040": -2.515491534706257, "Rate_2040": -0.2515784274000411, "Dist_2050": -2.982682772660155, "Rate_2050": -0.29822132838579979, "Dist_2060": -3.4149170225296075, "Rate_2060": -0.34153144320954826, "Dist_2070": -3.88706424622535, "Rate_2070": -0.38864524033724679, "Dist_2080": -4.1649174479862268, "Rate_2080": -0.41654021385435636, "Dist_2090": -4.4444633410398637, "Rate_2090": -0.44437637608534147, "Dist_2100": -3.322744335275388, "Rate_2100": -0.33231310182826423, "RSL_2050": 0.18573485314846039, "RSL_2100": 0.55779761075973511 }, "geometry": { "type": "LineString", "coordinates": [ [ -2.455712805150826, 56.713743011257833 ], [ -2.454565584357589, 56.713860118342055 ] ] } },
{ "type": "Feature", "properties": { "Cell": "None", "SubCell": "None", "CMU": "None", "LineID": 0, "TransectID": 435, "Hist_Rate": 0.086261759960950216, "LatestYr": "2024-09-05 00:00:00", "LatestSrc": "montrose_MHWS_Modern_LiDAR.shp", "FirstEYr": null, "Extrap2050": -2.3524363453198984, "Extrap2100": -6.997283630240644, "Dist_2040": -1.4209783327313517, "Rate_2040": -0.14211436985011794, "Dist_2050": -1.8901300204954055, "Rate_2050": -0.18898325048201292, "Dist_2060": -2.3247614365940876, "Rate_2060": -0.23250319797514132, "Dist_2070": -2.7988931212974535, "Rate_2070": -0.27984525618819744, "Dist_2080": -3.0783955303510879, "Rate_2080": -0.30787537773665313, "Dist_2090": -3.358992752475217, "Rate_2090": -0.33584640306485886, "Dist_2100": -3.5386992723743447, "Rate_2100": -0.35391110870487036, "RSL_2050": 0.18573485314846039, "RSL_2100": 0.55779761075973511 }, "geometry": { "type": "LineString", "coordinates": [ [ -2.455647831821998, 56.713779427922688 ], [ -2.454634534062819, 56.713868088314385 ] ] } },
{ "type": "Feature", "properties": { "Cell": "None", "SubCell": "None", "CMU": "None", "LineID": 0, "TransectID": 436, "Hist_Rate": 0.12517816055390107, "LatestYr": "2024-09-05 00:00:00", "LatestSrc": "montrose_MHWS_Modern_LiDAR.shp", "FirstEYr": null, "Extrap2050": -3.0076543941022704, "Extrap2100": -8.9462190546164511, "Dist_2040": -1.1405683542466249, "Rate_2040": -0.11407010874203805, "Dist_2050": -1.60531543144225, "Rate_2050": -0.16050627469711087, "Dist_2060": -2.0360073242526937, "Rate_2060": -0.20362442637687966, "Dist_2070": -2.5056884208064503, "Rate_2070": -0.2505294013239529, "Dist_2080": -2.7826835276370616, "Rate_2080": -0.27830073612896483, "Dist_2090": -3.0606169591902699, "Rate_2090": -0.30601352031674028, "Dist_2100": -3.2387375375932947, "Rate_2100": -0.32391144443439729, "RSL_2050": 0.18573485314846039, "RSL_2100": 0.55779761075973511 }, "geometry": { "type": "LineString", "coordinates": [ [ -2.455646036672878, 56.713875768262781 ], [ -2.45471370160219, 56.713936395579196 ] ] } },
{ "type": "Feature", "properties": { "Cell": "None", "SubCell": "None", "CMU": "None", "LineID": 0, "TransectID": 437, "Hist_Rate": 0.031688798788486919, "LatestYr": "2024-09-05 00:00:00", "LatestSrc": "montrose_MHWS_Modern_LiDAR.shp", "FirstEYr": null, "Extrap2050": -0.8577717962789001, "Extrap2100": -2.5514282503436934, "Dist_2040": -1.9444021299321435, "Rate_2040": -0.19446284089313826, "Dist_2050": -2.4003814725799089, "Rate_2050": -0.24000036408397685, "Dist_2060": -2.8225123706027944, "Rate_2060": -0.28228408393206222, "Dist_2070": -3.2833302483949751, "Rate_2070": -0.32828134362151706, "Dist_2080": -3.5547387340058663, "Rate_2080": -0.35551524152659847, "Dist_2090": -3.8275196892363965, "Rate_2090": -0.38269172189869277, "Dist_2100": -4.0019670877580893, "Rate_2100": -0.40024328150341837, "RSL_2050": 0.18573485314846039, "RSL_2100": 0.55779761075973511 }, "geometry": { "type": "LineString", "coordinates": [ [ -2.455560470635466, 56.714025210863753 ], [ -2.454786762006157, 56.714053566970655 ] ] } },
{ "type": "Feature", "properties": { "Cell": "None", "SubCell": "None", "CMU": "None", "LineID": 0, "TransectID": 438, "Hist_Rate": -0.059365975842242145, "LatestYr": "2024-09-05 00:00:00", "LatestSrc": "montrose_MHWS_Modern_LiDAR.shp", "FirstEYr": null, "Extrap2050": 1.4538901110391313, "Extrap2100": 4.3245724775432519, "Dist_2040": -2.8693279055304401, "Rate_2040": -0.28696618223869164, "Dist_2050": -3.3279858679509289, "Rate_2050": -0.33274620267590121, "Dist_2060": -3.7521142748187799, "Rate_2060": -0.37525509255763917, "Dist_2070": -4.2156365386389894, "Rate_2070": -0.42149729769062444, "Dist_2080": -4.4882399033640468, "Rate_2080": -0.4488762220439329, "Dist_2090": -3.9530711055841721, "Rate_2090": -0.39524488729299945, "Dist_2100": 0.0, "Rate_2100": 0.0, "RSL_2050": 0.18573485314846039, "RSL_2100": 0.55779761075973511 }, "geometry": { "type": "LineString", "coordinates": [ [ -2.455591149900285, 56.714196693077973 ], [ -2.454839093012732, 56.714200440565961 ] ] } },
{ "type": "Feature", "properties": { "Cell": "None", "SubCell": "None", "CMU": "None", "LineID": 0, "TransectID": 439, "Hist_Rate": -0.068385552066308766, "LatestYr": "2024-09-05 00:00:00", "LatestSrc": "montrose_MHWS_Modern_LiDAR.shp", "FirstEYr": null, "Extrap2050": 1.9357899553536917, "Extrap2100": 5.7579757229684736, "Dist_2040": -3.0503890420403081, "Rate_2040": -0.30507440298121774, "Dist_2050": -3.507257576271968, "Rate_2050": -0.35067055168396233, "Dist_2060": -3.9296297715641231, "Rate_2060": -0.3930087080614757, "Dist_2070": -4.3913430701239236, "Rate_2070": -0.43906518513269566, "Dist_2080": -4.6627988113004903, "Rate_2080": -0.46633414425969866, "Dist_2090": -2.8899322250285877, "Rate_2090": -0.28894773356145742, "Dist_2100": 0.0, "Rate_2100": 0.0, "RSL_2050": 0.18573485314846039, "RSL_2100": 0.55779761075973511 }, "geometry": { "type": "LineString", "coordinates": [ [ -2.455617229013273, 56.714373917098996 ], [ -2.454863714847962, 56.714353460174607 ] ] } },
{ "type": "Feature", "properties": { "Cell": "None", "SubCell": "None", "CMU": "None", "LineID": 0, "TransectID": 440, "Hist_Rate": -0.094323714327281996, "LatestYr": "2024-09-05 00:00:00", "LatestSrc": "montrose_MHWS_Modern_LiDAR.shp", "FirstEYr": null, "Extrap2050": 2.3006151394026628, "Extrap2100": 6.8431422964760138, "Dist_2040": -3.1899688973251159, "Rate_2040": -0.31903401286453142, "Dist_2050": -3.6459834193859137, "Rate_2050": -0.36454095238298923, "Dist_2060": -4.0674893862035333, "Rate_2060": -0.40679627386101974, "Dist_2070": -4.5283391937771285, "Rate_2070": -0.45276264111227565, "Dist_2080": -4.7992239755785704, "Rate_2080": -0.4799782483297525, "Dist_2090": -2.0001373346566425, "Rate_2090": -0.19998225032940836, "Dist_2100": 0.0, "Rate_2100": 0.0, "RSL_2050": 0.18573485314846039, "RSL_2100": 0.55779761075973511 }, "geometry": { "type": "LineString", "coordinates": [ [ -2.455609761501164, 56.714531469475496 ], [ -2.454863698694628, 56.714488934418064 ] ] } },
{ "type": "Feature", "properties": { "Cell": "None", "SubCell": "None", "CMU": "None", "LineID": 0, "TransectID": 441, "Hist_Rate": -0.10200150518097149, "LatestYr": "2024-09-05 00:00:00", "LatestSrc": "montrose_MHWS_Modern_LiDAR.shp", "FirstEYr": null, "Extrap2050": 2.509444679621053, "Extrap2100": 7.4643023657751959, "Dist_2040": -3.2569781775694082, "Rate_2040": -0.3257357207067072, "Dist_2050": -3.7099294217191527, "Rate_2050": -0.37093454607507736, "Dist_2060": -4.1285572324055693, "Rate_2060": -0.41290376915577526, "Dist_2070": -4.5863110237671663, "Rate_2070": -0.45855891160642742, "Dist_2080": -4.8553374613363758, "Rate_2080": -0.48559024992391875, "Dist_2090": -1.7623084896447381, "Rate_2090": -0.17620310937012545, "Dist_2100": 0.0, "Rate_2100": 0.0, "RSL_2050": 0.18573485314846039, "RSL_2100": 0.55779761075973511 }, "geometry": { "type": "LineString", "coordinates": [ [ -2.45558881526489, 56.714647715013314 ], [ -2.454850228745794, 56.714587009817542 ] ] } },
{ "type": "Feature", "properties": { "Cell": "None", "SubCell": "None", "CMU": "None", "LineID": 0, "TransectID": 442, "Hist_Rate": -0.079210683488430189, "LatestYr": "2024-09-05 00:00:00", "LatestSrc": "montrose_MHWS_Modern_LiDAR.shp", "FirstEYr": null, "Extrap2050": 2.0877276682067607, "Extrap2100": 6.209911977514996, "Dist_2040": -3.0883126505634664, "Rate_2040": -0.30886720516797012, "Dist_2050": -3.5407889958150918, "Rate_2050": -0.35402316583739218, "Dist_2060": -3.9590651358263926, "Rate_2060": -0.39595258704054526, "Dist_2070": -4.4163394737523731, "Rate_2070": -0.44156443203996748, "Dist_2080": -4.6851561164089617, "Rate_2080": -0.46857013495276567, "Dist_2090": -2.6187431968553483, "Rate_2090": -0.26183309939157939, "Dist_2100": 0.0, "Rate_2100": 0.0, "RSL_2050": 0.18573485314846039, "RSL_2100": 0.55779761075973511 }, "geometry": { "type": "LineString", "coordinates": [ [ -2.45556009562444, 56.714707163535664 ], [ -2.454837649287989, 56.714634327708609 ] ] } },
{ "type": "Feature", "properties": { "Cell": "None", "SubCell": "None", "CMU": "None", "LineID": 0, "TransectID": 443, "Hist_Rate": -0.051568134783644137, "LatestYr": "2024-09-05 00:00:00", "LatestSrc": "montrose_MHWS_Modern_LiDAR.shp", "FirstEYr": null, "Extrap2050": 1.384336971574454, "Extrap2100": 4.1176877959763001, "Dist_2040": -2.7008622699474358, "Rate_2040": -0.27011765816847655, "Dist_2050": -3.1313460386904808, "Rate_2050": -0.31308531495658581, "Dist_2060": -3.5294172022203156, "Rate_2060": -0.35298279366975732, "Dist_2070": -3.964466448022165, "Rate_2070": -0.39638424216855617, "Dist_2080": -4.220321073782543, "Rate_2080": -0.42208122119140756, "Dist_2090": -4.4779450802217298, "Rate_2090": -0.4477240229846387, "Dist_2100": -0.88213279633521324, "Rate_2100": -0.088223545417706495, "RSL_2050": 0.18573485314846039, "RSL_2100": 0.55779761075973511 }, "geometry": { "type": "LineString", "coordinates": [ [ -2.455624051539117, 56.714712887967266 ], [ -2.454838010112926, 56.714624983038476 ] ] } },
{ "type": "Feature", "properties": { "Cell": "None", "SubCell": "None", "CMU": "None", "LineID": 0, "TransectID": 444, "Hist_Rate": 0.029606336646951052, "LatestYr": "2024-09-05 00:00:00", "LatestSrc": "montrose_MHWS_Modern_LiDAR.shp", "FirstEYr": null, "Extrap2050": -0.90882587755057309, "Extrap2100": -2.7032877843327729, "Dist_2040": -1.8040625342843555, "Rate_2040": -0.18042724813207933, "Dist_2050": -2.2360290175599289, "Rate_2050": -0.22356770556970501, "Dist_2060": -2.6359496201156389, "Rate_2060": -0.2636256377670006, "Dist_2070": -3.0724999411766589, "Rate_2070": -0.30720163147145246, "Dist_2080": -3.329632061576433, "Rate_2080": -0.33300195461400067, "Dist_2090": -3.5880436019999706, "Rate_2090": -0.35874788264535296, "Dist_2100": -3.7533186041908948, "Rate_2100": -0.37537553951018426, "RSL_2050": 0.18573485314846039, "RSL_2100": 0.55779761075973511 }, "geometry": { "type": "LineString", "coordinates": [ [ -2.455679458614195, 56.714654695699771 ], [ -2.454857429652159, 56.714560046980097 ] ] } },
{ "type": "Feature", "properties": { "Cell": "None", "SubCell": "None", "CMU": "None", "LineID": 0, "TransectID": 445, "Hist_Rate": 0.081191115061172714, "LatestYr": "2024-09-05 00:00:00", "LatestSrc": "montrose_MHWS_Modern_LiDAR.shp", "FirstEYr": null, "Extrap2050": -2.1883237594083353, "Extrap2100": -6.509133413891524, "Dist_2040": -1.3387652799096941, "Rate_2040": -0.13389210781692673, "Dist_2050": -1.7785672493148468, "Rate_2050": -0.17782872941633671, "Dist_2060": -2.1860049772738535, "Rate_2060": -0.21862593727052176, "Dist_2070": -2.6304753799367404, "Rate_2070": -0.26300613302944015, "Dist_2080": -2.8924894410671982, "Rate_2080": -0.28928260533378591, "Dist_2090": -3.1555334829092772, "Rate_2090": -0.31550367865630763, "Dist_2100": -3.3239951877675367, "Rate_2100": -0.33243820163422361, "RSL_2050": 0.18573485314846039, "RSL_2100": 0.55779761075973511 }, "geometry": { "type": "LineString", "coordinates": [ [ -2.455712476326916, 56.714537399882666 ], [ -2.454895362182581, 56.714446221384989 ] ] } },
{ "type": "Feature", "properties": { "Cell": "None", "SubCell": "None", "CMU": "None", "LineID": 0, "TransectID": 446, "Hist_Rate": 0.019070501761510789, "LatestYr": "2024-09-05 00:00:00", "LatestSrc": "montrose_MHWS_Modern_LiDAR.shp", "FirstEYr": null, "Extrap2050": -0.39022917155967346, "Extrap2100": -1.160730320983693, "Dist_2040": -2.0051729006873984, "Rate_2040": -0.20054062518601234, "Dist_2050": -2.4364644601878922, "Rate_2050": -0.24360809488096805, "Dist_2060": -2.8356525475586523, "Rate_2060": -0.28359825454591758, "Dist_2070": -3.2715201896191388, "Rate_2070": -0.32710052364001324, "Dist_2080": -3.5281613733802146, "Rate_2080": -0.35285719617109068, "Dist_2090": -3.7861916212106053, "Rate_2090": -0.37855956562004228, "Dist_2100": -3.951131096420113, "Rate_2100": -0.39515909076785954, "RSL_2050": 0.18573485314846039, "RSL_2100": 0.55779761075973511 }, "geometry": { "type": "LineString", "coordinates": [ [ -2.455664758114499, 56.714367913858702 ], [ -2.454946384265591, 56.714294128837473 ] ] } },
{ "type": "Feature", "properties": { "Cell": "None", "SubCell": "None", "CMU": "None", "LineID": 0, "TransectID": 447, "Hist_Rate": -0.10036561864304161, "LatestYr": "2024-09-05 00:00:00", "LatestSrc": "montrose_MHWS_Modern_LiDAR.shp", "FirstEYr": null, "Extrap2050": 2.5681032149994638, "Extrap2100": 7.6387812247648661, "Dist_2040": -3.1081361050456735, "Rate_2040": -0.31084978131082813, "Dist_2050": -3.5267341946409942, "Rate_2050": -0.35261790694940143, "Dist_2060": -3.9135602099788116, "Rate_2060": -0.39140156489408162, "Dist_2070": -4.336596321883178, "Rate_2070": -0.43359137204911491, "Dist_2080": -4.5851760687143042, "Rate_2080": -0.4585709666696014, "Dist_2090": -3.5612232044156826, "Rate_2090": -0.35606626505305095, "Dist_2100": 0.0, "Rate_2100": 0.0, "RSL_2050": 0.18573485314846039, "RSL_2100": 0.55779761075973511 }, "geometry": { "type": "LineString", "coordinates": [ [ -2.455717191279466, 56.714181076497894 ], [ -2.455003169754189, 56.714116526632949 ] ] } },
{ "type": "Feature", "properties": { "Cell": "None", "SubCell": "None", "CMU": "None", "LineID": 0, "TransectID": 448, "Hist_Rate": -0.052586195338213952, "LatestYr": "2024-09-05 00:00:00", "LatestSrc": "montrose_MHWS_Modern_LiDAR.shp", "FirstEYr": null, "Extrap2050": 1.3482725155184891, "Extrap2100": 4.0104146582797231, "Dist_2040": -2.6961189947813864, "Rate_2040": -0.26964327545220168, "Dist_2050": -3.1284959684505225, "Rate_2050": -0.3128003527940843, "Dist_2060": -3.528326565942109, "Rate_2060": -0.35287371734970174, "Dist_2070": -3.9652891433247532, "Rate_2070": -0.39646649874919004, "Dist_2080": -4.2222762492554011, "Rate_2080": -0.42227676149196763, "Dist_2090": -4.4810314178574799, "Rate_2090": -0.44803260816775548, "Dist_2100": -1.0329587689209347, "Rate_2100": -0.10330789790733969, "RSL_2050": 0.18573485314846039, "RSL_2100": 0.55779761075973511 }, "geometry": { "type": "LineString", "coordinates": [ [ -2.455775673966359, 56.713981441096614 ], [ -2.455059215099025, 56.713926588516962 ] ] } },
{ "type": "Feature", "properties": { "Cell": "None", "SubCell": "None", "CMU": "None", "LineID": 0, "TransectID": 449, "Hist_Rate": -0.069696447735482586, "LatestYr": "2024-09-05 00:00:00", "LatestSrc": "montrose_MHWS_Modern_LiDAR.shp", "FirstEYr": null, "Extrap2050": 1.7579330244636979, "Extrap2100": 5.2289431761293974, "Dist_2040": -2.9032177124516352, "Rate_2040": -0.29035555732204721, "Dist_2050": -3.3446966779779359, "Rate_2050": -0.33441702064230944, "Dist_2060": -3.7528647606300751, "Rate_2060": -0.37533014987251651, "Dist_2070": -4.1990254243219169, "Rate_2070": -0.41983644772595069, "Dist_2080": -4.4613566326628415, "Rate_2080": -0.44618758212085374, "Dist_2090": -4.7255754298288366, "Rate_2090": -0.47248316012298358, "Dist_2100": -0.064142339602767606, "Rate_2100": -0.0064149804141193454, "RSL_2050": 0.18573485314846039, "RSL_2100": 0.55779761075973511 }, "geometry": { "type": "LineString", "coordinates": [ [ -2.455824955610552, 56.713781279087222 ], [ -2.455110411739601, 56.713736373145622 ] ] } },
{ "type": "Feature", "properties": { "Cell": "None", "SubCell": "None", "CMU": "None", "LineID": 0, "TransectID": 450, "Hist_Rate": -0.11981302634523472, "LatestYr": "2024-09-05 00:00:00", "LatestSrc": "montrose_MHWS_Modern_LiDAR.shp", "FirstEYr": null, "Extrap2050": 2.9286110845080242, "Extrap2100": 8.7111060164234235, "Dist_2040": -3.4161198417480705, "Rate_2040": -0.34165173912915381, "Dist_2050": -3.867844400813965, "Rate_2050": -0.38672355832584032, "Dist_2060": -4.2852498081803674, "Rate_2060": -0.42857485023666975, "Dist_2070": -4.7417634195688834, "Rate_2070": -0.47410170429014181, "Dist_2080": -5.009987825310418, "Rate_2080": -0.50105708605858168, "Dist_2090": -1.8295262076192103, "Rate_2090": -0.18292382312793853, "Dist_2100": 0.0, "Rate_2100": 0.0, "RSL_2050": 0.18573485314846039, "RSL_2100": 0.55779761075973511 }, "geometry": { "type": "LineString", "coordinates": [ [ -2.455873842874512, 56.713591927707313 ], [ -2.455155296323976, 56.713555612827363 ] ] } },
{ "type": "Feature", "properties": { "Cell": "None", "SubCell": "None", "CMU": "None", "LineID": 0, "TransectID": 451, "Hist_Rate": -0.013611998125531289, "LatestYr": "2024-09-05 00:00:00", "LatestSrc": "montrose_MHWS_Modern_LiDAR.shp", "FirstEYr": null, "Extrap2050": 0.30832700874971314, "Extrap2100": 0.91711367041986791, "Dist_2040": -2.3385807402976297, "Rate_2040": -0.23388528916707477, "Dist_2050": -2.781450125177173, "Rate_2050": -0.2781012311374278, "Dist_2060": -3.1912066348231747, "Rate_2060": -0.31915780101845659, "Dist_2070": -3.6387741318129088, "Rate_2070": -0.36382013710338801, "Dist_2080": -3.9021824658474316, "Rate_2080": -0.39026365807291363, "Dist_2090": -4.1671702115971812, "Rate_2090": -0.4166514278700475, "Dist_2100": -4.2172048134103761, "Rate_2100": -0.42176955888883882, "RSL_2050": 0.18573485314846039, "RSL_2100": 0.55779761075973511 }, "geometry": { "type": "LineString", "coordinates": [ [ -2.455909345535217, 56.713419878432887 ], [ -2.45519436418129, 56.713390937963034 ] ] } },
{ "type": "Feature", "properties": { "Cell": "None", "SubCell": "None", "CMU": "None", "LineID": 0, "TransectID": 452, "Hist_Rate": -0.09092760619626182, "LatestYr": "2024-09-05 00:00:00", "LatestSrc": "montrose_MHWS_Modern_LiDAR.shp", "FirstEYr": null, "Extrap2050": 2.383723573895542, "Extrap2100": 7.0903469825321928, "Dist_2040": -3.1437158398700262, "Rate_2040": -0.31440816885096606, "Dist_2050": -3.5839445549611924, "Rate_2050": -0.35833804246247286, "Dist_2060": -3.9908254142746387, "Rate_2060": -0.39912898449430578, "Dist_2070": -4.4357218456239025, "Rate_2070": -0.44350236413914268, "Dist_2080": -4.6972013729429136, "Rate_2080": -0.46977480078233902, "Dist_2090": -2.0765537984988214, "Rate_2090": -0.20762269388124988, "Dist_2100": 0.0, "Rate_2100": 0.0, "RSL_2050": 0.18573485314846039, "RSL_2100": 0.55779761075973511 }, "geometry": { "type": "LineString", "coordinates": [ [ -2.45593395992673, 56.7132688889862 ], [ -2.455229045438519, 56.713245597650854 ] ] } },
{ "type": "Feature", "properties": { "Cell": "None", "SubCell": "None", "CMU": "None", "LineID": 0, "TransectID": 453, "Hist_Rate": -0.052994794431364095, "LatestYr": "2024-09-05 00:00:00", "LatestSrc": "montrose_MHWS_Modern_LiDAR.shp", "FirstEYr": null, "Extrap2050": 1.3453237372945266, "Extrap2100": 4.0016435654351517, "Dist_2040": -2.8068087882448935, "Rate_2040": -0.28071354294647743, "Dist_2050": -3.2615294612594994, "Rate_2050": -0.32610160806298188, "Dist_2060": -3.6820369954533589, "Rate_2060": -0.36824654909963678, "Dist_2070": -4.1415803231232076, "Rate_2070": -0.41409284181996392, "Dist_2080": -4.411860128847934, "Rate_2080": -0.44123735572583284, "Dist_2090": -3.8947538701903568, "Rate_2090": -0.38941408169531933, "Dist_2100": 0.0, "Rate_2100": 0.0, "RSL_2050": 0.18573485314846039, "RSL_2100": 0.55779761075973511 }, "geometry": { "type": "LineString", "coordinates": [ [ -2.455934313453884, 56.713138672037545 ], [ -2.455260849257664, 56.713119677496543 ] ] } },
{ "type": "Feature", "properties": { "Cell": "None", "SubCell": "None", "CMU": "None", "LineID": 0, "TransectID": 454, "Hist_Rate": -0.032980821848308445, "LatestYr": "2024-09-05 00:00:00", "LatestSrc": "montrose_MHWS_Modern_LiDAR.shp", "FirstEYr": null, "Extrap2050": 0.92716757414954287, "Extrap2100": 2.7578448624097822, "Dist_2040": -2.7454575996309245, "Rate_2040": -0.27457771011314291, "Dist_2050": -3.2208600411457269, "Rate_2050": -0.32203530620809423, "Dist_2060": -3.6605930353889562, "Rate_2060": -0.366101903539992, "Dist_2070": -4.141038027101672, "Rate_2070": -0.41403862075381398, "Dist_2080": -4.423693453890678, "Rate_2080": -0.44242082593994142, "Dist_2090": -4.6892250923091296, "Rate_2090": -0.4688486985430379, "Dist_2100": 0.0, "Rate_2100": 0.0, "RSL_2050": 0.18573485314846039, "RSL_2100": 0.55779761075973511 }, "geometry": { "type": "LineString", "coordinates": [ [ -2.455929324022829, 56.713027128509204 ], [ -2.455290917346087, 56.713010771689405 ] ] } },
{ "type": "Feature", "properties": { "Cell": "None", "SubCell": "None", "CMU": "None", "LineID": 0, "TransectID": 455, "Hist_Rate": -0.047933377661304455, "LatestYr": "2024-09-05 00:00:00", "LatestSrc": "montrose_MHWS_Modern_LiDAR.shp", "FirstEYr": null, "Extrap2050": 1.2207605310459646, "Extrap2100": 3.6311323353449594, "Dist_2040": -2.9213288445233161, "Rate_2040": -0.29216688129677088, "Dist_2050": -3.4087376702692609, "Rate_2050": -0.34082011183501792, "Dist_2060": -3.859519966563596, "Rate_2060": -0.38599691166144695, "Dist_2070": -4.352098383217367, "Rate_2070": -0.4351413341725347, "Dist_2080": -4.6418457403116236, "Rate_2080": -0.46423859332030892, "Dist_2090": -3.3520830391313439, "Rate_2090": -0.3351555404927265, "Dist_2100": 0.0, "Rate_2100": 0.0, "RSL_2050": 0.18573485314846039, "RSL_2100": 0.55779761075973511 }, "geometry": { "type": "LineString", "coordinates": [ [ -2.455939384728842, 56.71293037281702 ], [ -2.45531995413612, 56.712915030256831 ] ] } },
{ "type": "Feature", "properties": { "Cell": "None", "SubCell": "None", "CMU": "None", "LineID": 0, "TransectID": 456, "Hist_Rate": 0.10318451120653875, "LatestYr": "2024-09-05 00:00:00", "LatestSrc": "montrose_MHWS_Modern_LiDAR.shp", "FirstEYr": null, "Extrap2050": -2.5934845218949896, "Extrap2100": -7.7142775091202358, "Dist_2040": -1.3351045289676904, "Rate_2040": -0.13352599012088764, "Dist_2050": -1.8060889069561199, "Rate_2050": -0.18058046197616223, "Dist_2060": -2.2424664298842458, "Rate_2060": -0.22427273959939667, "Dist_2070": -2.7184505245857622, "Rate_2070": -0.27180226272269786, "Dist_2080": -2.9990847611898062, "Rate_2080": -0.29994337784470643, "Dist_2090": -3.2807680362498104, "Rate_2090": -0.32802516273746823, "Dist_2100": -3.4612112122997587, "Rate_2100": -0.34616140093329534, "RSL_2050": 0.18573485314846039, "RSL_2100": 0.55779761075973511 }, "geometry": { "type": "LineString", "coordinates": [ [ -2.455961535313932, 56.712843855516624 ], [ -2.455348341483572, 56.712828456809582 ] ] } },
{ "type": "Feature", "properties": { "Cell": "None", "SubCell": "None", "CMU": "None", "LineID": 0, "TransectID": 457, "Hist_Rate": -0.0042340680857077904, "LatestYr": "2024-09-05 00:00:00", "LatestSrc": "montrose_MHWS_Modern_LiDAR.shp", "FirstEYr": null, "Extrap2050": 0.13579932817688486, "Extrap2100": 0.4039328919314823, "Dist_2040": -2.4429553147977572, "Rate_2040": -0.24432396127191125, "Dist_2050": -2.9202642507431165, "Rate_2050": -0.29198045869204564, "Dist_2060": -3.3619262092782947, "Rate_2060": -0.33623174520600424, "Dist_2070": -3.8442988294441989, "Rate_2070": -0.38436937180763014, "Dist_2080": -4.1282248867937597, "Rate_2080": -0.41287053072693586, "Dist_2090": -4.4138107586468323, "Rate_2090": -0.44131160033262135, "Dist_2100": -2.8044412150500193, "Rate_2100": -0.28047675807445421, "RSL_2050": 0.18573485314846039, "RSL_2100": 0.55779761075973511 }, "geometry": { "type": "LineString", "coordinates": [ [ -2.455805161665811, 56.712759546986803 ], [ -2.45537624244644, 56.712748273699404 ] ] } },
{ "type": "Feature", "properties": { "Cell": "None", "SubCell": "None", "CMU": "None", "LineID": 0, "TransectID": 458, "Hist_Rate": 0.14428461262956277, "LatestYr": "2024-09-05 00:00:00", "LatestSrc": "montrose_MHWS_Modern_LiDAR.shp", "FirstEYr": null, "Extrap2050": -3.6781442184323891, "Extrap2100": -10.940580126856249, "Dist_2040": -0.8959990084933338, "Rate_2040": -0.089610328000993014, "Dist_2050": -1.3647039382992148, "Rate_2050": -0.13644891272495235, "Dist_2060": -1.7991979095900774, "Rate_2060": -0.17994072905078146, "Dist_2070": -2.272879617279898, "Rate_2070": -0.2272521854953061, "Dist_2080": -2.5523448564638898, "Rate_2080": -0.25526418845482263, "Dist_2090": -2.8326172016872988, "Rate_2090": -0.28321713339372384, "Dist_2100": -3.0123510594889922, "Rate_2100": -0.30127016206062657, "RSL_2050": 0.18573485314846039, "RSL_2100": 0.55779761075973511 }, "geometry": { "type": "LineString", "coordinates": [ [ -2.455835970714772, 56.712686322183167 ], [ -2.45540359817079, 56.71267411774172 ] ] } },
{ "type": "Feature", "properties": { "Cell": "None", "SubCell": "None", "CMU": "None", "LineID": 0, "TransectID": 459, "Hist_Rate": 0.087280524719698688, "LatestYr": "2024-09-05 00:00:00", "LatestSrc": "montrose_MHWS_Modern_LiDAR.shp", "FirstEYr": null, "Extrap2050": -2.1391875862534304, "Extrap2100": -6.362978666387515, "Dist_2040": -1.4579545865878458, "Rate_2040": -0.14581242554540289, "Dist_2050": -1.9176954962560444, "Rate_2050": -0.19173936416405649, "Dist_2060": -2.3435740120160062, "Rate_2060": -0.23438467444790695, "Dist_2070": -2.8081948336998721, "Rate_2070": -0.28077528101495364, "Dist_2080": -3.0820620300411292, "Rate_2080": -0.30824207037439683, "Dist_2090": -3.3570379260592063, "Rate_2090": -0.33565095119317812, "Dist_2100": -3.5331148698106745, "Rate_2100": -0.35335260346024788, "RSL_2050": 0.18573485314846039, "RSL_2100": 0.55779761075973511 }, "geometry": { "type": "LineString", "coordinates": [ [ -2.455867971271422, 56.712622516551129 ], [ -2.455421572940361, 56.712608542715031 ] ] } },
{ "type": "Feature", "properties": { "Cell": "None", "SubCell": "None", "CMU": "None", "LineID": 0, "TransectID": 460, "Hist_Rate": -0.037621694025656217, "LatestYr": "2024-09-05 00:00:00", "LatestSrc": "montrose_MHWS_Modern_LiDAR.shp", "FirstEYr": null, "Extrap2050": 0.9814944151893058, "Extrap2100": 2.9194391670746018, "Dist_2040": -2.6237881200390802, "Rate_2040": -0.26240934623038714, "Dist_2050": -3.0706066119151956, "Rate_2050": -0.3070123283472313, "Dist_2060": -3.4838773962414393, "Rate_2060": -0.34842828310424806, "Dist_2070": -3.9354351247162072, "Rate_2070": -0.39348156680513535, "Dist_2080": -4.2010766882513053, "Rate_2080": -0.42015655868253765, "Dist_2090": -4.4684564705700041, "Rate_2090": -0.44677531137480558, "Dist_2100": -1.8801598255627141, "Rate_2100": -0.18803786283901688, "RSL_2050": 0.18573485314846039, "RSL_2100": 0.55779761075973511 }, "geometry": { "type": "LineString", "coordinates": [ [ -2.455888607180147, 56.71257420303418 ], [ -2.455431034975322, 56.712557594549978 ] ] } },
{ "type": "Feature", "properties": { "Cell": "None", "SubCell": "None", "CMU": "None", "LineID": 0, "TransectID": 461, "Hist_Rate": 0.055376344285072994, "LatestYr": "2024-09-05 00:00:00", "LatestSrc": "montrose_MHWS_Modern_LiDAR.shp", "FirstEYr": null, "Extrap2050": -1.1723506066630878, "Extrap2100": -3.4871378029958056, "Dist_2040": -1.6947254705893329, "Rate_2040": -0.16949226935698916, "Dist_2050": -2.1256080473393126, "Rate_2050": -0.21252734662751954, "Dist_2060": -2.5245804870982056, "Rate_2060": -0.25248742841154609, "Dist_2070": -2.9600357045899273, "Rate_2070": -0.2959569780546637, "Dist_2080": -3.2165684548344871, "Rate_2080": -0.32169427816672652, "Dist_2090": -3.4743200353005932, "Rate_2090": -0.34737731603976924, "Dist_2100": -3.6392200487880473, "Rate_2100": -0.36396435615264744, "RSL_2050": 0.18573485314846039, "RSL_2100": 0.55779761075973511 }, "geometry": { "type": "LineString", "coordinates": [ [ -2.45590575522287, 56.712550821596153 ], [ -2.455436535229358, 56.712530021365112 ] ] } },
{ "type": "Feature", "properties": { "Cell": "None", "SubCell": "None", "CMU": "None", "LineID": 0, "TransectID": 462, "Hist_Rate": 0.025642455377226103, "LatestYr": "2024-09-05 00:00:00", "LatestSrc": "montrose_MHWS_Modern_LiDAR.shp", "FirstEYr": null, "Extrap2050": -0.62276541096498161, "Extrap2100": -1.8524055812582558, "Dist_2040": -1.9215944712494206, "Rate_2040": -0.19218180960167486, "Dist_2050": -2.3545067779021451, "Rate_2050": -0.23541361670624808, "Dist_2060": -2.7552430731316235, "Rate_2060": -0.27555637134125877, "Dist_2070": -3.1927489238194653, "Rate_2070": -0.31922463695815251, "Dist_2080": -3.450394383115281, "Rate_2080": -0.34507959213444223, "Dist_2090": -3.7093842453367643, "Rate_2090": -0.37088003701818045, "Dist_2100": -3.874978079511834, "Rate_2100": -0.38754290284942527, "RSL_2050": 0.18573485314846039, "RSL_2100": 0.55779761075973511 }, "geometry": { "type": "LineString", "coordinates": [ [ -2.455905215005501, 56.712562078660362 ], [ -2.45543434644256, 56.712535385347266 ] ] } },
{ "type": "Feature", "properties": { "Cell": "None", "SubCell": "None", "CMU": "None", "LineID": 0, "TransectID": 463, "Hist_Rate": 0.017938538927703033, "LatestYr": "2024-09-05 00:00:00", "LatestSrc": "montrose_MHWS_Modern_LiDAR.shp", "FirstEYr": null, "Extrap2050": -0.4667664174296462, "Extrap2100": -1.3883891134076112, "Dist_2040": -1.9793590641021979, "Rate_2040": -0.19795894112002932, "Dist_2050": -2.4115227246950894, "Rate_2050": -0.24111431392675781, "Dist_2060": -2.811533766330399, "Rate_2060": -0.2811860957417664, "Dist_2070": -3.2482828495234344, "Rate_2070": -0.3247771553974988, "Dist_2080": -3.5054560413550462, "Rate_2080": -0.35058639873620495, "Dist_2090": -3.7640047542606681, "Rate_2090": -0.37634122815714538, "Dist_2100": -3.9292890692304354, "Rate_2100": -0.39297463386319753, "RSL_2050": 0.18573485314846039, "RSL_2100": 0.55779761075973511 }, "geometry": { "type": "LineString", "coordinates": [ [ -2.455889781922413, 56.712617275292892 ], [ -2.455418136398331, 56.712582086795912 ] ] } },
{ "type": "Feature", "properties": { "Cell": "None", "SubCell": "None", "CMU": "None", "LineID": 0, "TransectID": 464, "Hist_Rate": 0.088874743828503661, "LatestYr": "2024-09-05 00:00:00", "LatestSrc": "montrose_MHWS_Modern_LiDAR.shp", "FirstEYr": null, "Extrap2050": -2.1466237972641977, "Extrap2100": -6.3850975550367979, "Dist_2040": -1.276000978448792, "Rate_2040": -0.12761494725385622, "Dist_2050": -1.6999805096131126, "Rate_2050": -0.16997129243973921, "Dist_2060": -2.0927678524229805, "Rate_2060": -0.20930113974222356, "Dist_2070": -2.5212479064618947, "Rate_2070": -0.25208510497561143, "Dist_2080": -2.7738420617630482, "Rate_2080": -0.27741648664936752, "Dist_2090": -3.027421149705674, "Rate_2090": -0.30269446188649729, "Dist_2100": -3.1898277632484451, "Rate_2100": -0.3190198978144223, "RSL_2050": 0.18573485314846039, "RSL_2100": 0.55779761075973511 }, "geometry": { "type": "LineString", "coordinates": [ [ -2.455875222640043, 56.712724111814502 ], [ -2.455412782294602, 56.712678313426757 ] ] } },
{ "type": "Feature", "properties": { "Cell": "None", "SubCell": "None", "CMU": "None", "LineID": 0, "TransectID": 465, "Hist_Rate": 0.010330674198163782, "LatestYr": "2024-09-05 00:00:00", "LatestSrc": "montrose_MHWS_Modern_LiDAR.shp", "FirstEYr": null, "Extrap2050": -0.15947028566834937, "Extrap2100": -0.474341769815327, "Dist_2040": -2.0551987165119385, "Rate_2040": -0.2055437889418433, "Dist_2050": -2.4783070460375143, "Rate_2050": -0.24779169484324032, "Dist_2060": -2.8698745315192014, "Rate_2060": -0.28702085119890525, "Dist_2070": -3.2974718618326051, "Rate_2070": -0.32969528236939372, "Dist_2080": -3.5492050776697397, "Rate_2080": -0.35496181149528749, "Dist_2090": -3.8023492174335161, "Rate_2090": -0.38017507091389574, "Dist_2100": -3.9641257866107935, "Rate_2100": -0.39645871101210101, "RSL_2050": 0.18573485314846039, "RSL_2100": 0.55779761075973511 }, "geometry": { "type": "LineString", "coordinates": [ [ -2.455825057106306, 56.712880863998386 ], [ -2.455379157297255, 56.712822680995998 ] ] } },
{ "type": "Feature", "properties": { "Cell": "None", "SubCell": "None", "CMU": "None", "LineID": 0, "TransectID": 466, "Hist_Rate": 0.10040861602510417, "LatestYr": "2024-09-05 00:00:00", "LatestSrc": "montrose_MHWS_Modern_LiDAR.shp", "FirstEYr": null, "Extrap2050": -2.3790370357488997, "Extrap2100": -7.0764069510744925, "Dist_2040": -1.2066849776050503, "Rate_2040": -0.12068254050736928, "Dist_2050": -1.6351246348946233, "Rate_2050": -0.16348672583096072, "Dist_2060": -2.0320876530797705, "Rate_2060": -0.20323241364457506, "Dist_2070": -2.4650754179627938, "Rate_2070": -0.24646874030804156, "Dist_2080": -2.720362964553658, "Rate_2080": -0.27206795456763128, "Dist_2090": -2.9766005085853067, "Rate_2090": -0.29761319771611522, "Dist_2100": -3.1407469466984708, "Rate_2100": -0.31411124498343818, "RSL_2050": 0.18573485314846039, "RSL_2100": 0.55779761075973511 }, "geometry": { "type": "LineString", "coordinates": [ [ -2.455802748457411, 56.713092358100013 ], [ -2.455298283437083, 56.71300714035749 ] ] } },
{ "type": "Feature", "properties": { "Cell": "None", "SubCell": "None", "CMU": "None", "LineID": 0, "TransectID": 467, "Hist_Rate": 0.22320365239390749, "LatestYr": "2024-09-05 00:00:00", "LatestSrc": "montrose_MHWS_Modern_LiDAR.shp", "FirstEYr": 2030.0, "Extrap2050": -5.4934225136137229, "Extrap2100": -16.340095877611326, "Dist_2040": 0.016480233189895444, "Rate_2040": 0.0016482151070263929, "Dist_2050": -0.41293328262838713, "Rate_2050": -0.041286828491759839, "Dist_2060": -0.8114458116619403, "Rate_2060": -0.081154024333498428, "Dist_2070": -1.2454213392635438, "Rate_2070": -0.124522530387617, "Dist_2080": -1.5018252753218349, "Rate_2080": -0.15020000496214, "Dist_2090": -1.7585102323641308, "Rate_2090": -0.1758233434284851, "Dist_2100": -1.9234944290546991, "Rate_2100": -0.19237182749288362, "RSL_2050": 0.18573485314846039, "RSL_2100": 0.55779761075973511 }, "geometry": { "type": "LineString", "coordinates": [ [ -2.455625901878689, 56.71331566887897 ], [ -2.455163172599613, 56.713216766323356 ] ] } },
{ "type": "Feature", "properties": { "Cell": "None", "SubCell": "None", "CMU": "None", "LineID": 0, "TransectID": 468, "Hist_Rate": 0.19090033679209895, "LatestYr": "2024-09-05 00:00:00", "LatestSrc": "montrose_MHWS_Modern_LiDAR.shp", "FirstEYr": null, "Extrap2050": -4.866305539194931, "Extrap2100": -14.474746641668476, "Dist_2040": -0.24451688025141038, "Rate_2040": -0.024454533580291829, "Dist_2050": -0.67667055016113409, "Rate_2050": -0.067656403891932115, "Dist_2060": -1.0775882042624971, "Rate_2060": -0.10777136081471662, "Dist_2070": -1.5143322373092474, "Rate_2070": -0.1514093874036197, "Dist_2080": -1.7722581417980336, "Rate_2080": -0.17724643876113591, "Dist_2090": -2.0306098036070921, "Rate_2090": -0.2030290175729437, "Dist_2100": -2.1965478260991063, "Rate_2100": -0.21968034484501719, "RSL_2050": 0.18573485314846039, "RSL_2100": 0.55779761075973511 }, "geometry": { "type": "LineString", "coordinates": [ [ -2.455426956649177, 56.713549478384174 ], [ -2.45497672446553, 56.713430819098434 ] ] } },
{ "type": "Feature", "properties": { "Cell": "None", "SubCell": "None", "CMU": "None", "LineID": 0, "TransectID": 469, "Hist_Rate": 0.088116942746584992, "LatestYr": "2024-09-05 00:00:00", "LatestSrc": "montrose_MHWS_Modern_LiDAR.shp", "FirstEYr": null, "Extrap2050": -2.0449091669315758, "Extrap2100": -6.0825490422158701, "Dist_2040": -1.4388523709196761, "Rate_2040": -0.14390198167733564, "Dist_2050": -1.887351298076851, "Rate_2050": -0.18870542197860232, "Dist_2060": -2.3028071271092472, "Rate_2060": -0.23030751153428239, "Dist_2070": -2.756066590310013, "Rate_2070": -0.27556327719991924, "Dist_2080": -3.0232297118479323, "Rate_2080": -0.30235815389639059, "Dist_2090": -3.291483482070646, "Rate_2090": -0.32909653865321326, "Dist_2100": -3.4632485676035003, "Rate_2100": -0.34636516017330821, "RSL_2050": 0.18573485314846039, "RSL_2100": 0.55779761075973511 }, "geometry": { "type": "LineString", "coordinates": [ [ -2.455231417283847, 56.713776350286622 ], [ -2.454755354614532, 56.713625919516218 ] ] } },
{ "type": "Feature", "properties": { "Cell": "None", "SubCell": "None", "CMU": "None", "LineID": 0, "TransectID": 470, "Hist_Rate": 0.14719502332861178, "LatestYr": "2024-09-05 00:00:00", "LatestSrc": "montrose_MHWS_Modern_LiDAR.shp", "FirstEYr": null, "Extrap2050": -3.4620366113869903, "Extrap2100": -10.297771566209049, "Dist_2040": -0.88440870522316573, "Rate_2040": -0.088451162792297949, "Dist_2050": -1.3337759996630894, "Rate_2050": -0.13335660568216423, "Dist_2060": -1.750330400133862, "Rate_2060": -0.17505340941152578, "Dist_2070": -2.2044690687806678, "Rate_2070": -0.22041220746075091, "Dist_2080": -2.4723931483965202, "Rate_2080": -0.24726808721336693, "Dist_2090": -2.7411049274013521, "Rate_2090": -0.27406734641291769, "Dist_2100": -2.9134137812927747, "Rate_2100": -0.29137528286249353, "RSL_2050": 0.18573485314846039, "RSL_2100": 0.55779761075973511 }, "geometry": { "type": "LineString", "coordinates": [ [ -2.455066206727978, 56.713977322976902 ], [ -2.4545290228951, 56.713780025579602 ] ] } },
{ "type": "Feature", "properties": { "Cell": "None", "SubCell": "None", "CMU": "None", "LineID": 0, "TransectID": 471, "Hist_Rate": 0.052609990455172791, "LatestYr": "2024-09-05 00:00:00", "LatestSrc": "montrose_MHWS_Modern_LiDAR.shp", "FirstEYr": null, "Extrap2050": -1.2306025173151034, "Extrap2100": -3.660407163353423, "Dist_2040": -1.7444235381896078, "Rate_2040": -0.1744626544762371, "Dist_2050": -2.1898222009380106, "Rate_2050": -0.21894775122532203, "Dist_2060": -2.6022396044892844, "Rate_2060": -0.26025424390544288, "Dist_2070": -3.0523649780673168, "Rate_2070": -0.30518845209464879, "Dist_2080": -3.3175433438188975, "Rate_2080": -0.33179294215629074, "Dist_2090": -3.5839775522561013, "Rate_2090": -0.35834134167257026, "Dist_2100": -3.7544357172189393, "Rate_2100": -0.37548726381334568, "RSL_2050": 0.18573485314846039, "RSL_2100": 0.55779761075973511 }, "geometry": { "type": "LineString", "coordinates": [ [ -2.454867946623205, 56.714094964992988 ], [ -2.454337756538134, 56.713876480549516 ] ] } },
{ "type": "Feature", "properties": { "Cell": "None", "SubCell": "None", "CMU": "None", "LineID": 0, "TransectID": 472, "Hist_Rate": 0.051703496283312271, "LatestYr": "2024-09-05 00:00:00", "LatestSrc": "montrose_MHWS_Modern_LiDAR.shp", "FirstEYr": null, "Extrap2050": -1.2412356368090645, "Extrap2100": -3.6920352042657774, "Dist_2040": -1.8011434704407066, "Rate_2040": -0.18013530777722886, "Dist_2050": -2.2587100748049238, "Rate_2050": -0.22583545428331164, "Dist_2060": -2.6823896128575484, "Rate_2060": -0.26827017748469967, "Dist_2070": -3.144812031712263, "Rate_2070": -0.3144317022974723, "Dist_2080": -3.4172308984254869, "Rate_2080": -0.3417628577267719, "Dist_2090": -3.6909448784482493, "Rate_2090": -0.36903639057394871, "Dist_2100": -3.8660563912503676, "Rate_2100": -0.3866506301974979, "RSL_2050": 0.18573485314846039, "RSL_2100": 0.55779761075973511 }, "geometry": { "type": "LineString", "coordinates": [ [ -2.454783289184136, 56.714154935507096 ], [ -2.454228422248692, 56.713908534857588 ] ] } },
{ "type": "Feature", "properties": { "Cell": "None", "SubCell": "None", "CMU": "None", "LineID": 0, "TransectID": 473, "Hist_Rate": 0.072266150545908847, "LatestYr": "2024-09-05 00:00:00", "LatestSrc": "montrose_MHWS_Modern_LiDAR.shp", "FirstEYr": null, "Extrap2050": -1.840507959844403, "Extrap2100": -5.4745609777575277, "Dist_2040": -1.6854576561302679, "Rate_2040": -0.16856538005727256, "Dist_2050": -2.1671182740651034, "Rate_2050": -0.21667771590890325, "Dist_2060": -2.6132185849988332, "Rate_2060": -0.26135226972383252, "Dist_2070": -3.0999913217224275, "Rate_2070": -0.3099503367983038, "Dist_2080": -3.3868469742247385, "Rate_2080": -0.33872411171502714, "Dist_2090": -3.6749506807317402, "Rate_2090": -0.36743722255876338, "Dist_2100": -3.8593628084288412, "Rate_2100": -0.38598119401905012, "RSL_2050": 0.18573485314846039, "RSL_2100": 0.55779761075973511 }, "geometry": { "type": "LineString", "coordinates": [ [ -2.454794599580676, 56.714130955531097 ], [ -2.454220392435716, 56.713868187126707 ] ] } },
{ "type": "Feature", "properties": { "Cell": "None", "SubCell": "None", "CMU": "None", "LineID": 0, "TransectID": 474, "Hist_Rate": 0.034375080384524949, "LatestYr": "2024-09-05 00:00:00", "LatestSrc": "montrose_MHWS_Modern_LiDAR.shp", "FirstEYr": null, "Extrap2050": -0.91587964422288115, "Extrap2100": -2.7242690985204545, "Dist_2040": -2.1504662720913643, "Rate_2040": -0.21507165317205099, "Dist_2050": -2.6521860925311671, "Rate_2050": -0.2651768625516876, "Dist_2060": -3.1166562267540598, "Rate_2060": -0.3117018926342332, "Dist_2070": -3.6236999163793371, "Rate_2070": -0.362312952835527, "Dist_2080": -3.9223292779177541, "Rate_2080": -0.39227857373764385, "Dist_2090": -4.2224748159555929, "Rate_2090": -0.42218101778446776, "Dist_2100": -4.4083006214007128, "Rate_2100": -0.44088136355748903, "RSL_2050": 0.18573485314846039, "RSL_2100": 0.55779761075973511 }, "geometry": { "type": "LineString", "coordinates": [ [ -2.455002478353842, 56.714060592857912 ], [ -2.454324973909951, 56.713755633704068 ] ] } },
{ "type": "Feature", "properties": { "Cell": "None", "SubCell": "None", "CMU": "None", "LineID": 0, "TransectID": 475, "Hist_Rate": 0.036536474338843258, "LatestYr": "2024-09-05 00:00:00", "LatestSrc": "montrose_MHWS_Modern_LiDAR.shp", "FirstEYr": null, "Extrap2050": -0.91159090622530436, "Extrap2100": -2.711512317133133, "Dist_2040": -2.1261422992757844, "Rate_2040": -0.2126389728212584, "Dist_2050": -2.6226653396890924, "Rate_2050": -0.26222525193851448, "Dist_2060": -3.0823256056701211, "Rate_2060": -0.30826843100464657, "Dist_2070": -3.5841173769536567, "Rate_2070": -0.35835532194141695, "Dist_2080": -3.8796544520495218, "Rate_2080": -0.38801059452428738, "Dist_2090": -4.1766908771228373, "Rate_2090": -0.4176033445626986, "Dist_2100": -4.3666460234921942, "Rate_2100": -0.4367154190129649, "RSL_2050": 0.18573485314846039, "RSL_2100": 0.55779761075973511 }, "geometry": { "type": "LineString", "coordinates": [ [ -2.455230333087424, 56.713869370053345 ], [ -2.454532825142622, 56.713574154863757 ] ] } },
{ "type": "Feature", "properties": { "Cell": "None", "SubCell": "None", "CMU": "None", "LineID": 0, "TransectID": 476, "Hist_Rate": 0.0062534237780308474, "LatestYr": "2024-09-05 00:00:00", "LatestSrc": "montrose_MHWS_Modern_LiDAR.shp", "FirstEYr": null, "Extrap2050": -0.21518248781891783, "Extrap2100": -0.64005680856160108, "Dist_2040": -2.4140768793086522, "Rate_2040": -0.24143578165139387, "Dist_2050": -2.9132631663645157, "Rate_2050": -0.2912804604546651, "Dist_2060": -3.375242964619531, "Rate_2060": -0.33756357571332124, "Dist_2070": -3.8797254384956545, "Rate_2070": -0.38791147508068685, "Dist_2080": -4.1767267814304887, "Rate_2080": -0.41772128462941549, "Dist_2090": -4.4753869059231874, "Rate_2090": -0.44746824582169448, "Dist_2100": -4.6662561208079296, "Rate_2100": -0.46667991544473997, "RSL_2050": 0.18573485314846039, "RSL_2100": 0.55779761075973511 }, "geometry": { "type": "LineString", "coordinates": [ [ -2.455584160861371, 56.713623013189761 ], [ -2.454816926503606, 56.713329871537262 ] ] } },
{ "type": "Feature", "properties": { "Cell": "None", "SubCell": "None", "CMU": "None", "LineID": 0, "TransectID": 477, "Hist_Rate": 0.032735372120395276, "LatestYr": "2024-09-05 00:00:00", "LatestSrc": "montrose_MHWS_Modern_LiDAR.shp", "FirstEYr": null, "Extrap2050": -0.79429495996112054, "Extrap2100": -2.3626174336134054, "Dist_2040": -2.1699874333128264, "Rate_2040": -0.21702399647090909, "Dist_2050": -2.6660298314922102, "Rate_2050": -0.266561018540595, "Dist_2060": -3.1252209050463193, "Rate_2060": -0.31255846013455102, "Dist_2070": -3.6265268003471647, "Rate_2070": -0.36259559673577862, "Dist_2080": -3.9217577164995419, "Rate_2080": -0.39222141094430008, "Dist_2090": -4.2185116614491562, "Rate_2090": -0.42178476471580717, "Dist_2100": -4.4082655297852398, "Rate_2100": -0.44087785398756446, "RSL_2050": 0.18573485314846039, "RSL_2100": 0.55779761075973511 }, "geometry": { "type": "LineString", "coordinates": [ [ -2.455975610000032, 56.713310813921076 ], [ -2.455140130325442, 56.713032649543621 ] ] } },
{ "type": "Feature", "properties": { "Cell": "None", "SubCell": "None", "CMU": "None", "LineID": 0, "TransectID": 478, "Hist_Rate": 0.031650023140843683, "LatestYr": "2024-09-05 00:00:00", "LatestSrc": "montrose_MHWS_Modern_LiDAR.shp", "FirstEYr": null, "Extrap2050": -0.88781773476225345, "Extrap2100": -2.6407994054540334, "Dist_2040": -2.1963705236195779, "Rate_2040": -0.21966261253371405, "Dist_2050": -2.7050498136940178, "Rate_2050": -0.27046240256724263, "Dist_2060": -3.1759542323210326, "Rate_2060": -0.3176323832690347, "Dist_2070": -3.6900311934188608, "Rate_2070": -0.36894503645285748, "Dist_2080": -3.9927958809545316, "Rate_2080": -0.39932605409352012, "Dist_2090": -4.2971065764464811, "Rate_2090": -0.42964301909328056, "Dist_2100": -4.4917054587206167, "Rate_2100": -0.44922281790984797, "RSL_2050": 0.18573485314846039, "RSL_2100": 0.55779761075973511 }, "geometry": { "type": "LineString", "coordinates": [ [ -2.456511915694543, 56.712991665690168 ], [ -2.455424875133839, 56.712685700668658 ] ] } },
{ "type": "Feature", "properties": { "Cell": "None", "SubCell": "None", "CMU": "None", "LineID": 0, "TransectID": 479, "Hist_Rate": -0.16862781244926933, "LatestYr": "2024-09-05 00:00:00", "LatestSrc": "montrose_MHWS_Modern_LiDAR.shp", "FirstEYr": null, "Extrap2050": 4.2085345457458887, "Extrap2100": 12.51821752492325, "Dist_2040": -4.2377890265994438, "Rate_2040": -0.42382821975568108, "Dist_2050": -4.7528335534667008, "Rate_2050": -0.4752085434306218, "Dist_2060": -5.2285672953003086, "Rate_2060": -0.52291757676717499, "Dist_2070": -5.7490711770998359, "Rate_2070": -0.57481662452830196, "Dist_2080": -6.0547437080425652, "Rate_2080": -0.6055448326354701, "Dist_2090": -0.31884112077318605, "Rate_2090": -0.031879093362715688, "Dist_2100": 0.0, "Rate_2100": 0.0, "RSL_2050": 0.18573485314846039, "RSL_2100": 0.55779761075973511 }, "geometry": { "type": "LineString", "coordinates": [ [ -2.456757631044157, 56.712572192017845 ], [ -2.45568946133741, 56.712324586025588 ] ] } },
{ "type": "Feature", "properties": { "Cell": "None", "SubCell": "None", "CMU": "None", "LineID": 0, "TransectID": 480, "Hist_Rate": 0.043109966684298992, "LatestYr": "2024-09-05 00:00:00", "LatestSrc": "montrose_MHWS_Modern_LiDAR.shp", "FirstEYr": null, "Extrap2050": -0.87995718059462791, "Extrap2100": -2.6174183149896, "Dist_2040": -2.2394972641300228, "Rate_2040": -0.22397578847042987, "Dist_2050": -2.7561724065902808, "Rate_2050": -0.27557385716234623, "Dist_2060": -3.2344743586751861, "Rate_2060": -0.32348507693001688, "Dist_2070": -3.7566319923044489, "Rate_2070": -0.37560406801238921, "Dist_2080": -4.0641520299568015, "Rate_2080": -0.40646249939800028, "Dist_2090": -4.3732470864605375, "Rate_2090": -0.43725587160595752, "Dist_2100": -4.5709015784814255, "Rate_2100": -0.45714335152751973, "RSL_2050": 0.18573485314846039, "RSL_2100": 0.55779761075973511 }, "geometry": { "type": "LineString", "coordinates": [ [ -2.456942824266388, 56.712159569604609 ], [ -2.455909170943904, 56.711966603228312 ] ] } },
{ "type": "Feature", "properties": { "Cell": "None", "SubCell": "None", "CMU": "None", "LineID": 0, "TransectID": 481, "Hist_Rate": -0.041749602009685451, "LatestYr": "2024-09-05 00:00:00", "LatestSrc": "montrose_MHWS_Modern_LiDAR.shp", "FirstEYr": null, "Extrap2050": 0.87787822536142612, "Extrap2100": 2.6112344964772616, "Dist_2040": -2.9675819466811504, "Rate_2040": -0.29679272978113092, "Dist_2050": -3.4912384428120049, "Rate_2050": -0.34906889048693229, "Dist_2060": -3.975634841133342, "Rate_2060": -0.39760975040050511, "Dist_2070": -4.5048458782902117, "Rate_2070": -0.45041367935981735, "Dist_2080": -4.8162159787121936, "Rate_2080": -0.48167764638685334, "Dist_2090": -5.129564410842022, "Rate_2090": -0.51287569924088894, "Dist_2100": -2.1434346740765022, "Rate_2100": -0.21436841154063169, "RSL_2050": 0.18573485314846039, "RSL_2100": 0.55779761075973511 }, "geometry": { "type": "LineString", "coordinates": [ [ -2.45719439812077, 56.71179506558385 ], [ -2.456076599698644, 56.711629859512882 ] ] } },
{ "type": "Feature", "properties": { "Cell": "None", "SubCell": "None", "CMU": "None", "LineID": 0, "TransectID": 482, "Hist_Rate": 0.080899934807301163, "LatestYr": "2024-09-05 00:00:00", "LatestSrc": "montrose_MHWS_Modern_LiDAR.shp", "FirstEYr": null, "Extrap2050": -1.9921495828855522, "Extrap2100": -5.9256165179764757, "Dist_2040": -1.8468789774766492, "Rate_2040": -0.18470939072590775, "Dist_2050": -2.3727296718243451, "Rate_2050": -0.23723561926123826, "Dist_2060": -2.8597539857942706, "Rate_2060": -0.28600867884897696, "Dist_2070": -3.3911857918266719, "Rate_2070": -0.33906520026587827, "Dist_2080": -3.7043561206649542, "Rate_2080": -0.37047872135869925, "Dist_2090": -4.0188927230175295, "Rate_2090": -0.40182601297200388, "Dist_2100": -4.2202212154403469, "Rate_2100": -0.42207123419509063, "RSL_2050": 0.18573485314846039, "RSL_2100": 0.55779761075973511 }, "geometry": { "type": "LineString", "coordinates": [ [ -2.457332137493653, 56.711461214208967 ], [ -2.456192323435737, 56.711328871960148 ] ] } },
{ "type": "Feature", "properties": { "Cell": "None", "SubCell": "None", "CMU": "None", "LineID": 0, "TransectID": 483, "Hist_Rate": 0.21390164455546232, "LatestYr": "2024-09-05 00:00:00", "LatestSrc": "montrose_MHWS_Modern_LiDAR.shp", "FirstEYr": null, "Extrap2050": -5.3384597245861167, "Extrap2100": -15.87916158320777, "Dist_2040": -0.56881739509555018, "Rate_2040": -0.056888359098627189, "Dist_2050": -1.10294406003527, "Rate_2050": -0.11027704512658969, "Dist_2060": -1.598323364066232, "Rate_2060": -0.15985093682912396, "Dist_2070": -2.1381227800815736, "Rate_2070": -0.21377862291375424, "Dist_2080": -2.4567934932671278, "Rate_2080": -0.24570794016008185, "Dist_2090": -2.7761363820744123, "Rate_2090": -0.27756994046805739, "Dist_2100": -2.9811288652464896, "Rate_2100": -0.29814757928937324, "RSL_2050": 0.18573485314846039, "RSL_2100": 0.55779761075973511 }, "geometry": { "type": "LineString", "coordinates": [ [ -2.457412299089668, 56.71117896369396 ], [ -2.456266030627077, 56.711073477768267 ] ] } },
{ "type": "Feature", "properties": { "Cell": "None", "SubCell": "None", "CMU": "None", "LineID": 0, "TransectID": 484, "Hist_Rate": 0.16400034890362744, "LatestYr": "2024-09-05 00:00:00", "LatestSrc": "montrose_MHWS_Modern_LiDAR.shp", "FirstEYr": null, "Extrap2050": -4.301895631804129, "Extrap2100": -12.795918556229147, "Dist_2040": -1.0055792784415303, "Rate_2040": -0.10056963023170334, "Dist_2050": -1.5453056177892108, "Rate_2050": -0.15450623791551488, "Dist_2060": -2.0456509432026451, "Rate_2060": -0.20458890049909423, "Dist_2070": -2.5911082523871301, "Rate_2070": -0.2590700399322492, "Dist_2080": -2.9129314479658888, "Rate_2080": -0.29132704391667064, "Dist_2090": -3.2356697111500807, "Rate_2090": -0.32351604009710744, "Dist_2100": -3.4426480107293855, "Rate_2100": -0.34430486474776223, "RSL_2050": 0.18573485314846039, "RSL_2100": 0.55779761075973511 }, "geometry": { "type": "LineString", "coordinates": [ [ -2.4574698037039, 56.710955005849499 ], [ -2.456315325460773, 56.710867917755095 ] ] } },
{ "type": "Feature", "properties": { "Cell": "None", "SubCell": "None", "CMU": "None", "LineID": 0, "TransectID": 485, "Hist_Rate": 0.055612019438037869, "LatestYr": "2024-09-05 00:00:00", "LatestSrc": "montrose_MHWS_Modern_LiDAR.shp", "FirstEYr": null, "Extrap2050": -1.4315521963612454, "Extrap2100": -4.2581287138170847, "Dist_2040": -2.0800269737007966, "Rate_2040": -0.20802690359855236, "Dist_2050": -2.6082942845417847, "Rate_2050": -0.26078837263119431, "Dist_2060": -3.0974381771216031, "Rate_2060": -0.3097798640217243, "Dist_2070": -3.6313115948452719, "Rate_2070": -0.36307400087059244, "Dist_2080": -3.9458228913202902, "Rate_2080": -0.39462820848385849, "Dist_2090": -4.2618297328327799, "Rate_2090": -0.42611589000661831, "Dist_2100": -4.4639983054315735, "Rate_2100": -0.4464517801400853, "RSL_2050": 0.18573485314846039, "RSL_2100": 0.55779761075973511 }, "geometry": { "type": "LineString", "coordinates": [ [ -2.457543906578928, 56.710788636869964 ], [ -2.456346624432204, 56.710709930052559 ] ] } },
{ "type": "Feature", "properties": { "Cell": "None", "SubCell": "None", "CMU": "None", "LineID": 0, "TransectID": 486, "Hist_Rate": 0.14078948662029384, "LatestYr": "2024-09-05 00:00:00", "LatestSrc": "montrose_MHWS_Modern_LiDAR.shp", "FirstEYr": null, "Extrap2050": -3.545535867453351, "Extrap2100": -10.546138744676089, "Dist_2040": -1.192015413938293, "Rate_2040": -0.11921541342424891, "Dist_2050": -1.7094073922908706, "Rate_2050": -0.17091383232378821, "Dist_2060": -2.1889275839727134, "Rate_2060": -0.21891823195212315, "Dist_2070": -2.7118127160857171, "Rate_2070": -0.27113858635503357, "Dist_2080": -3.0202188491093125, "Rate_2080": -0.30205703258373717, "Dist_2090": -3.3296270305671101, "Rate_2090": -0.33291029310482007, "Dist_2100": -3.5279539465835228, "Rate_2100": -0.35283645107750067, "RSL_2050": 0.18573485314846039, "RSL_2100": 0.55779761075973511 }, "geometry": { "type": "LineString", "coordinates": [ [ -2.457559331614253, 56.710667201190091 ], [ -2.456382149850151, 56.710594307764069 ] ] } },
{ "type": "Feature", "properties": { "Cell": "None", "SubCell": "None", "CMU": "None", "LineID": 0, "TransectID": 487, "Hist_Rate": 0.16017907986170041, "LatestYr": "2024-09-05 00:00:00", "LatestSrc": "montrose_MHWS_Modern_LiDAR.shp", "FirstEYr": null, "Extrap2050": -3.8709259162480945, "Extrap2100": -11.514006150059609, "Dist_2040": -1.0267556168579404, "Rate_2040": -0.10268751051211289, "Dist_2050": -1.536765548986466, "Rate_2050": -0.15365236546008468, "Dist_2060": -2.0095223092087053, "Rate_2060": -0.20097561665420607, "Dist_2070": -2.5249474511359722, "Rate_2070": -0.25245500121038333, "Dist_2080": -2.8290181400101915, "Rate_2080": -0.28293473658342616, "Dist_2090": -3.133995418028519, "Rate_2090": -0.31335021118786788, "Dist_2100": -3.3295488360271861, "Rate_2100": -0.33299363109054203, "RSL_2050": 0.18573485314846039, "RSL_2100": 0.55779761075973511 }, "geometry": { "type": "LineString", "coordinates": [ [ -2.457600719367032, 56.710585900379982 ], [ -2.456438459857508, 56.710513026855963 ] ] } },
{ "type": "Feature", "properties": { "Cell": "None", "SubCell": "None", "CMU": "None", "LineID": 0, "TransectID": 488, "Hist_Rate": 0.14577863680369951, "LatestYr": "2024-09-05 00:00:00", "LatestSrc": "montrose_MHWS_Modern_LiDAR.shp", "FirstEYr": null, "Extrap2050": -3.7716317110922275, "Extrap2100": -11.218657152541709, "Dist_2040": -1.0032878820434803, "Rate_2040": -0.10034046392586689, "Dist_2050": -1.5007886909449439, "Rate_2050": -0.15005524594920852, "Dist_2060": -1.9619491387056769, "Rate_2060": -0.1962177459730855, "Dist_2070": -2.4647323324002173, "Rate_2070": -0.24643443715211782, "Dist_2080": -2.7613442638154879, "Rate_2080": -0.27616656141200119, "Dist_2090": -3.0588414875570038, "Rate_2090": -0.30583600110020231, "Dist_2100": -3.2495978745416778, "Rate_2100": -0.32499760451596077, "RSL_2050": 0.18573485314846039, "RSL_2100": 0.55779761075973511 }, "geometry": { "type": "LineString", "coordinates": [ [ -2.457600020647987, 56.710528861343633 ], [ -2.456483838870387, 56.710454427132646 ] ] } },
{ "type": "Feature", "properties": { "Cell": "None", "SubCell": "None", "CMU": "None", "LineID": 0, "TransectID": 489, "Hist_Rate": 0.18753878354872489, "LatestYr": "2024-09-05 00:00:00", "LatestSrc": "montrose_MHWS_Modern_LiDAR.shp", "FirstEYr": null, "Extrap2050": -4.8483791266126932, "Extrap2100": -14.421424819141725, "Dist_2040": -0.55563853089540771, "Rate_2040": -0.055570319310122115, "Dist_2050": -1.0485299390124965, "Rate_2050": -0.10483648952909164, "Dist_2060": -1.5056491058361985, "Rate_2060": -0.15058243251324691, "Dist_2070": -2.0037752320347977, "Rate_2070": -0.2003459828049465, "Dist_2080": -2.2978307207004605, "Rate_2080": -0.22980981298067851, "Dist_2090": -2.5925233181243925, "Rate_2090": -0.25921152423215121, "Dist_2100": -2.7816784721553063, "Rate_2100": -0.27820021888449742, "RSL_2050": 0.18573485314846039, "RSL_2100": 0.55779761075973511 }, "geometry": { "type": "LineString", "coordinates": [ [ -2.457732749374566, 56.710497198144949 ], [ -2.456531645950397, 56.71041003546749 ] ] } },
{ "type": "Feature", "properties": { "Cell": "None", "SubCell": "None", "CMU": "None", "LineID": 0, "TransectID": 490, "Hist_Rate": 0.084815678384572615, "LatestYr": "2024-09-05 00:00:00", "LatestSrc": "montrose_MHWS_Modern_LiDAR.shp", "FirstEYr": null, "Extrap2050": -2.141659451804546, "Extrap2100": -6.3703311902470388, "Dist_2040": -1.5580928154717526, "Rate_2040": -0.15582741378831919, "Dist_2050": -2.0380320749862335, "Rate_2050": -0.20377112788068968, "Dist_2060": -2.482602173257078, "Rate_2060": -0.24828910850653022, "Dist_2070": -2.9676356348567197, "Rate_2070": -0.29671685145473731, "Dist_2080": -3.2535191875789451, "Rate_2080": -0.32538978145380693, "Dist_2090": -3.5405799044527271, "Rate_2090": -0.35400225999235568, "Dist_2100": -3.7243789714201512, "Rate_2100": -0.37248123944932215, "RSL_2050": 0.18573485314846039, "RSL_2100": 0.55779761075973511 }, "geometry": { "type": "LineString", "coordinates": [ [ -2.457651544501762, 56.710456724104979 ], [ -2.456578009305544, 56.710371650610917 ] ] } },
{ "type": "Feature", "properties": { "Cell": "None", "SubCell": "None", "CMU": "None", "LineID": 0, "TransectID": 491, "Hist_Rate": 0.11215830895613647, "LatestYr": "2024-09-05 00:00:00", "LatestSrc": "montrose_MHWS_Modern_LiDAR.shp", "FirstEYr": null, "Extrap2050": -2.6963238204191278, "Extrap2100": -8.0201713291761934, "Dist_2040": -1.2319737592415549, "Rate_2040": -0.12321171296817734, "Dist_2050": -1.6904571406020068, "Rate_2050": -0.16901910544109733, "Dist_2060": -2.115287949614185, "Rate_2060": -0.2115534115380501, "Dist_2070": -2.5786385407573107, "Rate_2070": -0.25782326504860448, "Dist_2080": -2.8518537102696087, "Rate_2080": -0.28521855935737883, "Dist_2090": -3.1260530145700045, "Rate_2090": -0.31255609585931698, "Dist_2100": -3.3017324759524627, "Rate_2100": -0.33021167137132185, "RSL_2050": 0.18573485314846039, "RSL_2100": 0.55779761075973511 }, "geometry": { "type": "LineString", "coordinates": [ [ -2.457646117332081, 56.710421263743577 ], [ -2.456631228025564, 56.710334073463315 ] ] } },
{ "type": "Feature", "properties": { "Cell": "None", "SubCell": "None", "CMU": "None", "LineID": 0, "TransectID": 492, "Hist_Rate": 0.052902370303634247, "LatestYr": "2024-09-05 00:00:00", "LatestSrc": "montrose_MHWS_Modern_LiDAR.shp", "FirstEYr": null, "Extrap2050": -1.3326013094083471, "Extrap2100": -3.9638009107074317, "Dist_2040": -1.762882863807306, "Rate_2040": -0.1763088018576506, "Dist_2050": -2.2200032030476677, "Rate_2050": -0.22196537637260821, "Dist_2060": -2.6432887977777, "Rate_2060": -0.26435964094258535, "Dist_2070": -3.1052603218187755, "Rate_2070": -0.31047715387130964, "Dist_2080": -3.3774294620037608, "Rate_2080": -0.33778225089701769, "Dist_2090": -3.6508724679143825, "Rate_2090": -0.36502978027982996, "Dist_2100": -3.8258270301527091, "Rate_2100": -0.38262722592019466, "RSL_2050": 0.18573485314846039, "RSL_2100": 0.55779761075973511 }, "geometry": { "type": "LineString", "coordinates": [ [ -2.457713285367972, 56.710388026728339 ], [ -2.456683460613984, 56.71029319075619 ] ] } },
{ "type": "Feature", "properties": { "Cell": "None", "SubCell": "None", "CMU": "None", "LineID": 0, "TransectID": 493, "Hist_Rate": 0.0049617164754944248, "LatestYr": "2024-09-05 00:00:00", "LatestSrc": "montrose_MHWS_Modern_LiDAR.shp", "FirstEYr": null, "Extrap2050": -0.035672150460424414, "Extrap2100": -0.10610623108625107, "Dist_2040": -2.2948746557030972, "Rate_2040": -0.22951417207985719, "Dist_2050": -2.7561094060131381, "Rate_2050": -0.27556755809629174, "Dist_2060": -3.1829323945730152, "Rate_2060": -0.31833028070230956, "Dist_2070": -3.6490604924160266, "Rate_2070": -0.36484861125137164, "Dist_2080": -3.9234536395229043, "Rate_2080": -0.39239102298287087, "Dist_2090": -4.1994146757147064, "Rate_2090": -0.41987536673822301, "Dist_2100": -4.3757483312332397, "Rate_2100": -0.43762575571480189, "RSL_2050": 0.18573485314846039, "RSL_2100": 0.55779761075973511 }, "geometry": { "type": "LineString", "coordinates": [ [ -2.457714437474086, 56.710343424263449 ], [ -2.456732565962853, 56.710247567671544 ] ] } },
{ "type": "Feature", "properties": { "Cell": "None", "SubCell": "None", "CMU": "None", "LineID": 0, "TransectID": 494, "Hist_Rate": 0.061523669584857749, "LatestYr": "2024-09-05 00:00:00", "LatestSrc": "montrose_MHWS_Modern_LiDAR.shp", "FirstEYr": null, "Extrap2050": -1.7027067154369111, "Extrap2100": -5.064673418573344, "Dist_2040": -1.6370963460265671, "Rate_2040": -0.1637286862441425, "Dist_2050": -2.0982419713922127, "Rate_2050": -0.20979116978817966, "Dist_2060": -2.5253295145552102, "Rate_2060": -0.25256233987402282, "Dist_2070": -2.9913694541007203, "Rate_2070": -0.29908985979725772, "Dist_2080": -3.2659970443507405, "Rate_2080": -0.32663771234153216, "Dist_2090": -3.541832356058535, "Rate_2090": -0.3541274854387379, "Dist_2100": -3.718381083746408, "Rate_2100": -0.37188138088177641, "RSL_2050": 0.18573485314846039, "RSL_2100": 0.55779761075973511 }, "geometry": { "type": "LineString", "coordinates": [ [ -2.457692824507425, 56.710291757621881 ], [ -2.456798588864604, 56.710199979085203 ] ] } },
{ "type": "Feature", "properties": { "Cell": "None", "SubCell": "None", "CMU": "None", "LineID": 0, "TransectID": 495, "Hist_Rate": 0.014473600324372091, "LatestYr": "2024-09-05 00:00:00", "LatestSrc": "montrose_MHWS_Modern_LiDAR.shp", "FirstEYr": null, "Extrap2050": -0.2771391551311061, "Extrap2100": -0.82434590732099255, "Dist_2040": -2.1640760144290425, "Rate_2040": -0.21643278578863626, "Dist_2050": -2.618202244636052, "Rate_2050": -0.26177901268450132, "Dist_2060": -3.0384974458750094, "Rate_2060": -0.30388510497672594, "Dist_2070": -3.497441885267051, "Rate_2070": -0.34968913708722993, "Dist_2080": -3.7676478363092656, "Rate_2080": -0.37680862947787158, "Dist_2090": -4.0393452680073096, "Rate_2090": -0.40387094553795783, "Dist_2100": -4.2129974509232397, "Rate_2100": -0.42134877367711704, "RSL_2050": 0.18573485314846039, "RSL_2100": 0.55779761075973511 }, "geometry": { "type": "LineString", "coordinates": [ [ -2.457701159006053, 56.710240851121142 ], [ -2.456853722840801, 56.710149831281541 ] ] } },
{ "type": "Feature", "properties": { "Cell": "None", "SubCell": "None", "CMU": "None", "LineID": 0, "TransectID": 496, "Hist_Rate": -0.045004903981681749, "LatestYr": "2024-09-05 00:00:00", "LatestSrc": "montrose_MHWS_Modern_LiDAR.shp", "FirstEYr": null, "Extrap2050": 1.1266515058656508, "Extrap2100": 3.3512065712909411, "Dist_2040": -2.7061722960037855, "Rate_2040": -0.27064872256932165, "Dist_2050": -3.1580141523998009, "Rate_2050": -0.31575170655841345, "Dist_2060": -3.5759032200957677, "Rate_2060": -0.35763193643642621, "Dist_2070": -4.0325374401922431, "Rate_2070": -0.40319026991497819, "Dist_2080": -4.3011423554469275, "Rate_2080": -0.4301642899121918, "Dist_2090": -4.5715339845243079, "Rate_2090": -0.45708144027993969, "Dist_2100": -3.0823416856774202, "Rate_2100": -0.3082700391925069, "RSL_2050": 0.18573485314846039, "RSL_2100": 0.55779761075973511 }, "geometry": { "type": "LineString", "coordinates": [ [ -2.457691700562447, 56.710188906168895 ], [ -2.456895065028291, 56.710099426896434 ] ] } },
{ "type": "Feature", "properties": { "Cell": "None", "SubCell": "None", "CMU": "None", "LineID": 0, "TransectID": 497, "Hist_Rate": -0.030198078423025999, "LatestYr": "2024-09-05 00:00:00", "LatestSrc": "montrose_MHWS_Modern_LiDAR.shp", "FirstEYr": null, "Extrap2050": 0.84512872209962886, "Extrap2100": 2.5138216319259259, "Dist_2040": -2.5513446686708221, "Rate_2040": -0.2551641580358715, "Dist_2050": -2.9944330781570443, "Rate_2050": -0.29939617397995466, "Dist_2060": -3.4042805212254734, "Rate_2060": -0.34046766929728778, "Dist_2070": -3.8520687507426032, "Rate_2070": -0.38514624163512329, "Dist_2080": -4.115514815743154, "Rate_2080": -0.4115993757089455, "Dist_2090": -4.3806569201743741, "Rate_2090": -0.43799673834294794, "Dist_2100": -4.0631362738514554, "Rate_2100": -0.40636091196664575, "RSL_2050": 0.18573485314846039, "RSL_2100": 0.55779761075973511 }, "geometry": { "type": "LineString", "coordinates": [ [ -2.457726264477764, 56.710145766684207 ], [ -2.456939880008937, 56.710053187183426 ] ] } },
{ "type": "Feature", "properties": { "Cell": "None", "SubCell": "None", "CMU": "None", "LineID": 0, "TransectID": 498, "Hist_Rate": -0.043889034520462035, "LatestYr": "2024-09-05 00:00:00", "LatestSrc": "montrose_MHWS_Modern_LiDAR.shp", "FirstEYr": null, "Extrap2050": 1.0513163756322859, "Extrap2100": 3.1271234522672522, "Dist_2040": -2.6022137250365063, "Rate_2040": -0.260251655658994, "Dist_2050": -3.0392227760851256, "Rate_2050": -0.30387443876109266, "Dist_2060": -3.4434016044909868, "Rate_2060": -0.34438023289383879, "Dist_2070": -3.8850457422625482, "Rate_2070": -0.38844342171320251, "Dist_2080": -4.1448396624747375, "Rate_2080": -0.41453220164880322, "Dist_2090": -4.4063533646555015, "Rate_2090": -0.44056597831650346, "Dist_2100": -3.5519274394507647, "Rate_2100": -0.35523407935476342, "RSL_2050": 0.18573485314846039, "RSL_2100": 0.55779761075973511 }, "geometry": { "type": "LineString", "coordinates": [ [ -2.45773608554937, 56.710105413385001 ], [ -2.456983804639233, 56.710012248960794 ] ] } },
{ "type": "Feature", "properties": { "Cell": "None", "SubCell": "None", "CMU": "None", "LineID": 0, "TransectID": 499, "Hist_Rate": -0.014199727545775028, "LatestYr": "2024-09-05 00:00:00", "LatestSrc": "montrose_MHWS_Modern_LiDAR.shp", "FirstEYr": null, "Extrap2050": 0.23421291382411386, "Extrap2100": 0.69666250105040506, "Dist_2040": -2.2603747351406582, "Rate_2040": -0.2260637785322048, "Dist_2050": -2.6934594773823051, "Rate_2050": -0.26930355137361256, "Dist_2060": -3.0941769421073104, "Rate_2060": -0.30945370256780652, "Dist_2070": -3.5318560747741117, "Rate_2070": -0.35313001434182412, "Dist_2080": -3.7894563381639728, "Rate_2080": -0.37898973345888687, "Dist_2090": -4.0485865896522455, "Rate_2090": -0.40479493223954566, "Dist_2100": -4.2141182668209467, "Rate_2100": -0.42146086831033669, "RSL_2050": 0.18573485314846039, "RSL_2100": 0.55779761075973511 }, "geometry": { "type": "LineString", "coordinates": [ [ -2.457734022199098, 56.710068972612149 ], [ -2.456980076425828, 56.709970460367153 ] ] } },
{ "type": "Feature", "properties": { "Cell": "None", "SubCell": "None", "CMU": "None", "LineID": 0, "TransectID": 500, "Hist_Rate": -0.17120224090674394, "LatestYr": "2024-09-05 00:00:00", "LatestSrc": "montrose_MHWS_Modern_LiDAR.shp", "FirstEYr": null, "Extrap2050": 4.4392714583743036, "Extrap2100": 13.204540716978643, "Dist_2040": -3.9239086827562915, "Rate_2040": -0.39243653260175654, "Dist_2050": -4.358077694350925, "Rate_2050": -0.43573917116861971, "Dist_2060": -4.758923143562015, "Rate_2060": -0.47594769612881965, "Dist_2070": -5.1976932253041923, "Rate_2070": -0.51968750830636912, "Dist_2080": -5.4552133970018986, "Rate_2080": -0.54558482452203338, "Dist_2090": -1.0771617939670932, "Rate_2090": -0.10769922434520286, "Dist_2100": 0.0, "Rate_2100": 0.0, "RSL_2050": 0.18573485314846039, "RSL_2100": 0.55779761075973511 }, "geometry": { "type": "LineString", "coordinates": [ [ -2.45775409291986, 56.710038501417159 ], [ -2.456963901931531, 56.709929529063857 ] ] } },
{ "type": "Feature", "properties": { "Cell": "None", "SubCell": "None", "CMU": "None", "LineID": 0, "TransectID": 501, "Hist_Rate": -0.18893543295784671, "LatestYr": "2024-09-05 00:00:00", "LatestSrc": "montrose_MHWS_Modern_LiDAR.shp", "FirstEYr": null, "Extrap2050": 4.6642056875642828, "Extrap2100": 13.873603921567843, "Dist_2040": -3.9963519493175568, "Rate_2040": -0.39968170231342215, "Dist_2050": -4.4272746446387714, "Rate_2050": -0.44265777700368919, "Dist_2060": -4.8250692058797995, "Rate_2060": -0.48256307213268146, "Dist_2070": -5.2605582726940838, "Rate_2070": -0.52597302351888009, "Dist_2080": -5.5161084341646074, "Rate_2080": -0.55167503690179809, "Dist_2090": -1.0709578249379774, "Rate_2090": -0.10707892509578681, "Dist_2100": 0.0, "Rate_2100": 0.0, "RSL_2050": 0.18573485314846039, "RSL_2100": 0.55779761075973511 }, "geometry": { "type": "LineString", "coordinates": [ [ -2.457789469603998, 56.71000874773781 ], [ -2.456994876107143, 56.70989353072391 ] ] } },
{ "type": "Feature", "properties": { "Cell": "None", "SubCell": "None", "CMU": "None", "LineID": 0, "TransectID": 502, "Hist_Rate": -0.17951688260611276, "LatestYr": "2024-09-05 00:00:00", "LatestSrc": "montrose_MHWS_Modern_LiDAR.shp", "FirstEYr": null, "Extrap2050": 4.46146835101053, "Extrap2100": 13.270565012936608, "Dist_2040": -3.9249267758796691, "Rate_2040": -0.39253835376211121, "Dist_2050": -4.3575507584369575, "Rate_2050": -0.43568648587145098, "Dist_2060": -4.7569618541214709, "Rate_2060": -0.4757515443603399, "Dist_2070": -5.1941704899272736, "Rate_2070": -0.51933529021824865, "Dist_2080": -5.4507677014368028, "Rate_2080": -0.54514020322892431, "Dist_2090": -1.6124265747376967, "Rate_2090": -0.16121727709379502, "Dist_2100": 0.0, "Rate_2100": 0.0, "RSL_2050": 0.18573485314846039, "RSL_2100": 0.55779761075973511 }, "geometry": { "type": "LineString", "coordinates": [ [ -2.457772325581058, 56.709962987527803 ], [ -2.457028068661643, 56.709850516157417 ] ] } },
{ "type": "Feature", "properties": { "Cell": "None", "SubCell": "None", "CMU": "None", "LineID": 0, "TransectID": 503, "Hist_Rate": -0.23374404368945229, "LatestYr": "2024-09-05 00:00:00", "LatestSrc": "montrose_MHWS_Modern_LiDAR.shp", "FirstEYr": null, "Extrap2050": 5.9561930679103003, "Extrap2100": 17.716599361150422, "Dist_2040": -4.5675483952932154, "Rate_2040": -0.45680799418616713, "Dist_2050": -5.0108062902412485, "Rate_2050": -0.50100175649149725, "Dist_2060": -5.4197465943793759, "Rate_2060": -0.5420377315163224, "Dist_2070": -5.8677002447635687, "Rate_2070": -0.58667766401534571, "Dist_2080": -4.1130952503713161, "Rate_2080": -0.41135739101416907, "Dist_2090": 0.0, "Rate_2090": 0.0, "Dist_2100": 0.0, "Rate_2100": 0.0, "RSL_2050": 0.18573485314846039, "RSL_2100": 0.55779761075973511 }, "geometry": { "type": "LineString", "coordinates": [ [ -2.457813740232813, 56.709909813504062 ], [ -2.457067283781835, 56.709793905045558 ] ] } },
{ "type": "Feature", "properties": { "Cell": "None", "SubCell": "None", "CMU": "None", "LineID": 0, "TransectID": 504, "Hist_Rate": -0.11348198715380733, "LatestYr": "2024-09-05 00:00:00", "LatestSrc": "montrose_MHWS_Modern_LiDAR.shp", "FirstEYr": null, "Extrap2050": 2.838701428574248, "Extrap2100": 8.443671207860973, "Dist_2040": -3.3855892743013669, "Rate_2040": -0.33859832708625875, "Dist_2050": -3.8382970360115678, "Rate_2050": -0.38376928693552015, "Dist_2060": -4.2566309921027141, "Rate_2060": -0.42571263557860778, "Dist_2070": -4.7141383402072279, "Rate_2070": -0.47133963118618627, "Dist_2080": -4.982963153894616, "Rate_2080": -0.49835430441849787, "Dist_2090": -5.2539472200101045, "Rate_2090": -0.52531202231167273, "Dist_2100": -0.63714289445476879, "Rate_2100": -0.063721704169741489, "RSL_2050": 0.18573485314846039, "RSL_2100": 0.55779761075973511 }, "geometry": { "type": "LineString", "coordinates": [ [ -2.457847187391168, 56.709831647355749 ], [ -2.457116417199716, 56.709717273507621 ] ] } },
{ "type": "Feature", "properties": { "Cell": "None", "SubCell": "None", "CMU": "None", "LineID": 0, "TransectID": 505, "Hist_Rate": -0.070558259805200196, "LatestYr": "2024-09-05 00:00:00", "LatestSrc": "montrose_MHWS_Modern_LiDAR.shp", "FirstEYr": null, "Extrap2050": 1.6722113487129382, "Extrap2100": 4.9739654464743914, "Dist_2040": -2.8970493725585698, "Rate_2040": -0.28973865154893852, "Dist_2050": -3.3440482688475299, "Rate_2050": -0.3343521899355445, "Dist_2060": -3.7573422076708312, "Rate_2060": -0.37577794668269815, "Dist_2070": -4.2090814622023345, "Rate_2070": -0.42084189322705617, "Dist_2080": -4.4747112405553935, "Rate_2080": -0.44752319832380977, "Dist_2090": -4.742228959197746, "Rate_2090": -0.47414825092520746, "Dist_2100": -4.8180665803010925, "Rate_2100": -0.48186272808204322, "RSL_2050": 0.18573485314846039, "RSL_2100": 0.55779761075973511 }, "geometry": { "type": "LineString", "coordinates": [ [ -2.457886925807534, 56.709724734595525 ], [ -2.457178292127246, 56.709615552946595 ] ] } },
{ "type": "Feature", "properties": { "Cell": "None", "SubCell": "None", "CMU": "None", "LineID": 0, "TransectID": 506, "Hist_Rate": -0.10337663378094077, "LatestYr": "2024-09-05 00:00:00", "LatestSrc": "montrose_MHWS_Modern_LiDAR.shp", "FirstEYr": null, "Extrap2050": 2.7210221057729687, "Extrap2100": 8.0936359770699688, "Dist_2040": -3.3470470279394817, "Rate_2040": -0.33474365391626126, "Dist_2050": -3.8013249362807642, "Rate_2050": -0.38007265892130498, "Dist_2060": -4.2211363658143455, "Rate_2060": -0.42216275988251539, "Dist_2070": -4.6802306534492573, "Rate_2070": -0.46794939623390103, "Dist_2080": -4.9500098346770756, "Rate_2080": -0.49505858900384497, "Dist_2090": -5.2219282285284407, "Rate_2090": -0.52211062715803425, "Dist_2100": -1.5349972747447964, "Rate_2100": -0.15351759094221695, "RSL_2050": 0.18573485314846039, "RSL_2100": 0.55779761075973511 }, "geometry": { "type": "LineString", "coordinates": [ [ -2.457959879654195, 56.709590525458104 ], [ -2.457260389674062, 56.709487243955138 ] ] } },
{ "type": "Feature", "properties": { "Cell": "None", "SubCell": "None", "CMU": "None", "LineID": 0, "TransectID": 507, "Hist_Rate": -0.16628538556095473, "LatestYr": "2024-09-05 00:00:00", "LatestSrc": "montrose_MHWS_Modern_LiDAR.shp", "FirstEYr": null, "Extrap2050": 4.3228161749796783, "Extrap2100": 12.858146371485125, "Dist_2040": -3.91941535756132, "Rate_2040": -0.391987147791372, "Dist_2050": -4.3618597245888395, "Rate_2050": -0.43611731466141235, "Dist_2060": -4.7703872316504317, "Rate_2060": -0.47709423835051556, "Dist_2070": -5.2175205968572982, "Rate_2070": -0.52166993336919021, "Dist_2080": -5.4799838311009808, "Rate_2080": -0.54806215619685106, "Dist_2090": -3.2087908393256157, "Rate_2090": -0.32082857600120074, "Dist_2100": 0.0, "Rate_2100": 0.0, "RSL_2050": 0.18573485314846039, "RSL_2100": 0.55779761075973511 }, "geometry": { "type": "LineString", "coordinates": [ [ -2.458037457387586, 56.709426302678899 ], [ -2.457326444544742, 56.70932852270078 ] ] } },
{ "type": "Feature", "properties": { "Cell": "None", "SubCell": "None", "CMU": "None", "LineID": 0, "TransectID": 508, "Hist_Rate": -0.12437116948797079, "LatestYr": "2024-09-05 00:00:00", "LatestSrc": "montrose_MHWS_Modern_LiDAR.shp", "FirstEYr": null, "Extrap2050": 3.0920798046831424, "Extrap2100": 9.1973410646164915, "Dist_2040": -3.213320612255302, "Rate_2040": -0.32136945611217338, "Dist_2050": -3.6116578339880903, "Rate_2050": -0.3611089341446469, "Dist_2060": -3.9796258518482546, "Rate_2060": -0.39800889791721966, "Dist_2070": -4.3821855443612776, "Rate_2070": -0.43814957670034876, "Dist_2080": -4.6186218148327498, "Rate_2080": -0.46191593050494267, "Dist_2090": -4.8570863034384502, "Rate_2090": -0.4856321774387129, "Dist_2100": -3.636305029537084, "Rate_2100": -0.36367282030413428, "RSL_2050": 0.18573485314846039, "RSL_2100": 0.55779761075973511 }, "geometry": { "type": "LineString", "coordinates": [ [ -2.45812030123977, 56.709238965095246 ], [ -2.457398641911847, 56.709149055670743 ] ] } },
{ "type": "Feature", "properties": { "Cell": "None", "SubCell": "None", "CMU": "None", "LineID": 0, "TransectID": 509, "Hist_Rate": -0.070475397949435858, "LatestYr": "2024-09-05 00:00:00", "LatestSrc": "montrose_MHWS_Modern_LiDAR.shp", "FirstEYr": null, "Extrap2050": 1.7000258369591523, "Extrap2100": 5.0566991891645845, "Dist_2040": -2.8014277899037552, "Rate_2040": -0.28017538049121643, "Dist_2050": -3.2271343967487383, "Rate_2050": -0.32266264300698089, "Dist_2060": -3.6207191720196761, "Rate_2060": -0.3621140531726168, "Dist_2070": -4.0509402122037272, "Rate_2070": -0.40503025744752802, "Dist_2080": -4.3038984831230209, "Rate_2080": -0.43043993475412379, "Dist_2090": -4.5586779636498704, "Rate_2090": -0.45579604055252887, "Dist_2100": -4.7211699361780575, "Rate_2100": -0.47217193603902363, "RSL_2050": 0.18573485314846039, "RSL_2100": 0.55779761075973511 }, "geometry": { "type": "LineString", "coordinates": [ [ -2.458192040887873, 56.709038156341443 ], [ -2.457477865723356, 56.708959371536238 ] ] } },
{ "type": "Feature", "properties": { "Cell": "None", "SubCell": "None", "CMU": "None", "LineID": 0, "TransectID": 510, "Hist_Rate": -0.061099012483372253, "LatestYr": "2024-09-05 00:00:00", "LatestSrc": "montrose_MHWS_Modern_LiDAR.shp", "FirstEYr": null, "Extrap2050": 1.9438670114534959, "Extrap2100": 5.7820007949072467, "Dist_2040": -3.0329117415446945, "Rate_2040": -0.30332646954028974, "Dist_2050": -3.4856527912619413, "Rate_2050": -0.34851041325280308, "Dist_2060": -3.9042038300839295, "Rate_2060": -0.39046581802010671, "Dist_2070": -4.3617458457803195, "Rate_2070": -0.43610592857306829, "Dist_2080": -4.6307447675471849, "Rate_2080": -0.46312836685675046, "Dist_2090": -4.901709887322113, "Rate_2090": -0.49009383343012508, "Dist_2100": -5.0745005835561869, "Rate_2100": -0.50750911264773291, "RSL_2050": 0.18573485314846039, "RSL_2100": 0.55779761075973511 }, "geometry": { "type": "LineString", "coordinates": [ [ -2.458258636664607, 56.708840120489775 ], [ -2.457534197215268, 56.708770156665246 ] ] } },
{ "type": "Feature", "properties": { "Cell": "None", "SubCell": "None", "CMU": "None", "LineID": 0, "TransectID": 511, "Hist_Rate": -0.098772055050192681, "LatestYr": "2024-09-05 00:00:00", "LatestSrc": "montrose_MHWS_Modern_LiDAR.shp", "FirstEYr": null, "Extrap2050": 2.5660814702013455, "Extrap2100": 7.6327675777607533, "Dist_2040": -3.2887665930961703, "Rate_2040": -0.3289149321957634, "Dist_2050": -3.7436067380449458, "Rate_2050": -0.37430174761028778, "Dist_2060": -4.1639707020219703, "Rate_2060": -0.41644552824021347, "Dist_2070": -4.6236333688402738, "Rate_2070": -0.4622905586418406, "Dist_2080": -4.8937737406753286, "Rate_2080": -0.48943432515843616, "Dist_2090": -5.1660217986742509, "Rate_2090": -0.51652086416706278, "Dist_2100": -4.0083737289988903, "Rate_2100": -0.40088402018452279, "RSL_2050": 0.18573485314846039, "RSL_2100": 0.55779761075973511 }, "geometry": { "type": "LineString", "coordinates": [ [ -2.4583214801691, 56.708662127541842 ], [ -2.457596912105449, 56.708600241042596 ] ] } },
{ "type": "Feature", "properties": { "Cell": "None", "SubCell": "None", "CMU": "None", "LineID": 0, "TransectID": 512, "Hist_Rate": -0.10583993126493048, "LatestYr": "2024-09-05 00:00:00", "LatestSrc": "montrose_MHWS_Modern_LiDAR.shp", "FirstEYr": null, "Extrap2050": 2.7673645141231673, "Extrap2100": 8.2314807166226025, "Dist_2040": -3.3166824630025076, "Rate_2040": -0.33170684405618661, "Dist_2050": -3.7612444393440683, "Rate_2050": -0.37606524011418724, "Dist_2060": -4.1720553315491884, "Rate_2060": -0.41725408527747931, "Dist_2070": -4.6213305562897062, "Rate_2070": -0.46206031363417549, "Dist_2080": -4.8853217710923218, "Rate_2080": -0.48858902984068658, "Dist_2090": -5.1514290125949174, "Rate_2090": -0.51506181525669292, "Dist_2100": -2.4283850891731618, "Rate_2100": -0.24286676914904945, "RSL_2050": 0.18573485314846039, "RSL_2100": 0.55779761075973511 }, "geometry": { "type": "LineString", "coordinates": [ [ -2.458358247447556, 56.708519052102837 ], [ -2.457655322787773, 56.708463681186906 ] ] } },
{ "type": "Feature", "properties": { "Cell": "None", "SubCell": "None", "CMU": "None", "LineID": 0, "TransectID": 513, "Hist_Rate": -0.038648401212822175, "LatestYr": "2024-09-05 00:00:00", "LatestSrc": "montrose_MHWS_Modern_LiDAR.shp", "FirstEYr": null, "Extrap2050": 0.94505005200743686, "Extrap2100": 2.811036001813882, "Dist_2040": -2.4888136907795797, "Rate_2040": -0.24891033254506043, "Dist_2050": -2.9115402932162056, "Rate_2050": -0.29110820025869694, "Dist_2060": -3.3025246082250419, "Rate_2060": -0.33029089381698656, "Dist_2070": -3.7297348947017213, "Rate_2070": -0.37291478162553887, "Dist_2080": -3.9810505590070306, "Rate_2080": -0.39815138521306831, "Dist_2090": -4.2340142763349604, "Rate_2090": -0.42333478218567527, "Dist_2100": -4.39547983813884, "Rate_2100": -0.43959913602996314, "RSL_2050": 0.18573485314846039, "RSL_2100": 0.55779761075973511 }, "geometry": { "type": "LineString", "coordinates": [ [ -2.458328066629016, 56.708421440154176 ], [ -2.457693270763315, 56.708371779627278 ] ] } },
{ "type": "Feature", "properties": { "Cell": "None", "SubCell": "None", "CMU": "None", "LineID": 0, "TransectID": 514, "Hist_Rate": 0.046195915526052324, "LatestYr": "2024-09-05 00:00:00", "LatestSrc": "montrose_MHWS_Modern_LiDAR.shp", "FirstEYr": null, "Extrap2050": -1.1345905251808843, "Extrap2100": -3.3748210550601474, "Dist_2040": -1.5973863624348041, "Rate_2040": -0.15975722576166318, "Dist_2050": -2.0058501623133225, "Rate_2050": -0.20055344317238535, "Dist_2060": -2.3840689437173523, "Rate_2060": -0.23843463887614597, "Dist_2070": -2.7968674969567928, "Rate_2070": -0.2796427256384455, "Dist_2080": -3.0400568811829771, "Rate_2080": -0.30404106665538705, "Dist_2090": -3.2843966637967696, "Rate_2090": -0.32838796837579842, "Dist_2100": -3.4407204191503524, "Rate_2100": -0.34411208315759106, "RSL_2050": 0.18573485314846039, "RSL_2100": 0.55779761075973511 }, "geometry": { "type": "LineString", "coordinates": [ [ -2.458385935744848, 56.708389078387142 ], [ -2.45772308165509, 56.708332928389339 ] ] } },
{ "type": "Feature", "properties": { "Cell": "None", "SubCell": "None", "CMU": "None", "LineID": 0, "TransectID": 515, "Hist_Rate": -0.054212215315293938, "LatestYr": "2024-09-05 00:00:00", "LatestSrc": "montrose_MHWS_Modern_LiDAR.shp", "FirstEYr": null, "Extrap2050": 1.2636562630670758, "Extrap2100": 3.7587249922411421, "Dist_2040": -2.5583292588133304, "Rate_2040": -0.25586269833300324, "Dist_2050": -2.9698463572486276, "Rate_2050": -0.29693788889608047, "Dist_2060": -3.3503913417638387, "Rate_2060": -0.33507812421801175, "Dist_2070": -3.7662728355192598, "Rate_2070": -0.37656800058230039, "Dist_2080": -4.0108650633154639, "Rate_2080": -0.40113318260898095, "Dist_2090": -4.2571358297867619, "Rate_2090": -0.42564657358633767, "Dist_2100": -4.4142684231907197, "Rate_2100": -0.4414782131865379, "RSL_2050": 0.18573485314846039, "RSL_2100": 0.55779761075973511 }, "geometry": { "type": "LineString", "coordinates": [ [ -2.458406029716839, 56.708412669924435 ], [ -2.457722991398899, 56.70834553429772 ] ] } },
{ "type": "Feature", "properties": { "Cell": "None", "SubCell": "None", "CMU": "None", "LineID": 0, "TransectID": 516, "Hist_Rate": 0.023064931488783358, "LatestYr": "2024-09-05 00:00:00", "LatestSrc": "montrose_MHWS_Modern_LiDAR.shp", "FirstEYr": null, "Extrap2050": -0.41657117825846163, "Extrap2100": -1.2390841912713306, "Dist_2040": -1.8406648056123345, "Rate_2040": -0.18408790122230642, "Dist_2050": -2.2411690788400165, "Rate_2050": -0.22408163079064461, "Dist_2060": -2.6118728344152373, "Rate_2060": -0.26121767900435577, "Dist_2070": -3.0166265936164791, "Rate_2070": -0.30161517618915051, "Dist_2080": -3.2549570671263837, "Rate_2080": -0.32553358614181493, "Dist_2090": -3.494565748096818, "Rate_2090": -0.34940156864200717, "Dist_2100": -3.6477392955384857, "Rate_2100": -0.36481637997007543, "RSL_2050": 0.18573485314846039, "RSL_2100": 0.55779761075973511 }, "geometry": { "type": "LineString", "coordinates": [ [ -2.458402215770037, 56.708485177983022 ], [ -2.457698650497322, 56.70840205953558 ] ] } },
{ "type": "Feature", "properties": { "Cell": "None", "SubCell": "None", "CMU": "None", "LineID": 0, "TransectID": 517, "Hist_Rate": 0.011213143440303552, "LatestYr": "2024-09-05 00:00:00", "LatestSrc": "montrose_MHWS_Modern_LiDAR.shp", "FirstEYr": null, "Extrap2050": 0.012486487651394398, "Extrap2100": 0.037140854338578361, "Dist_2040": -2.1572458254518097, "Rate_2040": -0.21574968740486927, "Dist_2050": -2.587194437581843, "Rate_2050": -0.25867872005707265, "Dist_2060": -2.9850559598766608, "Rate_2060": -0.2985403344537928, "Dist_2070": -3.4195659451039546, "Rate_2070": -0.34190276887616511, "Dist_2080": -3.6753387697606854, "Rate_2080": -0.36757664858004302, "Dist_2090": -3.9325830052756601, "Rate_2090": -0.39319639975483039, "Dist_2100": -4.0969488894143069, "Rate_2100": -0.40974256701585571, "RSL_2050": 0.18573485314846039, "RSL_2100": 0.55779761075973511 }, "geometry": { "type": "LineString", "coordinates": [ [ -2.458363501422061, 56.708588769254746 ], [ -2.457660938651416, 56.708488613671193 ] ] } },
{ "type": "Feature", "properties": { "Cell": "None", "SubCell": "None", "CMU": "None", "LineID": 0, "TransectID": 518, "Hist_Rate": -0.046150170052850915, "LatestYr": "2024-09-05 00:00:00", "LatestSrc": "montrose_MHWS_Modern_LiDAR.shp", "FirstEYr": null, "Extrap2050": 1.0144812268615482, "Extrap2100": 3.0175579016313172, "Dist_2040": -2.8627402686955747, "Rate_2040": -0.28630734189185197, "Dist_2050": -3.3546936182248714, "Rate_2050": -0.3354165573102923, "Dist_2060": -3.8097242491267593, "Rate_2060": -0.38101676042214688, "Dist_2070": -4.306895639692641, "Rate_2070": -0.43062177133327112, "Dist_2080": -4.5993820894253759, "Rate_2080": -0.45999173406269112, "Dist_2090": -4.8937680606350114, "Rate_2090": -0.48929977576963679, "Dist_2100": -5.0070853757312079, "Rate_2100": -0.50076680732352297, "RSL_2050": 0.18573485314846039, "RSL_2100": 0.55779761075973511 }, "geometry": { "type": "LineString", "coordinates": [ [ -2.458310361563372, 56.70870321947632 ], [ -2.457611598120524, 56.708585059221683 ] ] } },
{ "type": "Feature", "properties": { "Cell": "None", "SubCell": "None", "CMU": "None", "LineID": 0, "TransectID": 519, "Hist_Rate": -0.059795116972760604, "LatestYr": "2024-09-05 00:00:00", "LatestSrc": "montrose_MHWS_Modern_LiDAR.shp", "FirstEYr": null, "Extrap2050": 1.3653685579942716, "Extrap2100": 4.061266558436631, "Dist_2040": -2.9951299809979446, "Rate_2040": -0.29954785380192822, "Dist_2050": -3.4858908690491148, "Rate_2050": -0.34853421728406003, "Dist_2060": -3.9397449800747495, "Rate_2060": -0.39402034662786189, "Dist_2070": -4.4357108556766889, "Rate_2070": -0.44350126531740847, "Dist_2080": -4.7274274071259015, "Rate_2080": -0.47279775595486917, "Dist_2090": -5.0211151527106495, "Rate_2090": -0.50203248047191884, "Dist_2100": -4.0968216324729383, "Rate_2100": -0.40972983984077144, "RSL_2050": 0.18573485314846039, "RSL_2100": 0.55779761075973511 }, "geometry": { "type": "LineString", "coordinates": [ [ -2.458249242638864, 56.708803642055365 ], [ -2.457554415288742, 56.708668321700763 ] ] } },
{ "type": "Feature", "properties": { "Cell": "None", "SubCell": "None", "CMU": "None", "LineID": 0, "TransectID": 520, "Hist_Rate": -0.094406484877273975, "LatestYr": "2024-09-05 00:00:00", "LatestSrc": "montrose_MHWS_Modern_LiDAR.shp", "FirstEYr": null, "Extrap2050": 2.3292369066427145, "Extrap2100": 6.92827727739731, "Dist_2040": -3.3680507454203052, "Rate_2040": -0.33684427009424311, "Dist_2050": -3.857384479136897, "Rate_2050": -0.38567773080239753, "Dist_2060": -4.3097172861216109, "Rate_2060": -0.43102188277006365, "Dist_2070": -4.8042397608872989, "Rate_2070": -0.48034835501392809, "Dist_2080": -5.0949410936807453, "Rate_2080": -0.50955340153578577, "Dist_2090": -5.3878168159185407, "Rate_2090": -0.53869687472984606, "Dist_2100": -1.8851157046376557, "Rate_2100": -0.18853350842035022, "RSL_2050": 0.18573485314846039, "RSL_2100": 0.55779761075973511 }, "geometry": { "type": "LineString", "coordinates": [ [ -2.45819387773675, 56.708866729283066 ], [ -2.45749799583374, 56.708716239516413 ] ] } },
{ "type": "Feature", "properties": { "Cell": "None", "SubCell": "None", "CMU": "None", "LineID": 0, "TransectID": 521, "Hist_Rate": -0.088084327297106413, "LatestYr": "2024-09-05 00:00:00", "LatestSrc": "montrose_MHWS_Modern_LiDAR.shp", "FirstEYr": null, "Extrap2050": 2.2544477666632639, "Extrap2100": 6.7058181974995197, "Dist_2040": -3.2588542014510722, "Rate_2040": -0.32592334492702446, "Dist_2050": -3.7322657840513216, "Rate_2050": -0.37316783072306731, "Dist_2060": -4.169880183669477, "Rate_2060": -0.41703654517631406, "Dist_2070": -4.6483116726874414, "Rate_2070": -0.4647580005780298, "Dist_2080": -4.9295538681673179, "Rate_2080": -0.49301275429739916, "Dist_2090": -5.2128999178680715, "Rate_2090": -0.52120793820200639, "Dist_2100": -3.2931050186501807, "Rate_2100": -0.32934882523941367, "RSL_2050": 0.18573485314846039, "RSL_2100": 0.55779761075973511 }, "geometry": { "type": "LineString", "coordinates": [ [ -2.458168882704355, 56.708876477234426 ], [ -2.457490286522219, 56.708719983767757 ] ] } },
{ "type": "Feature", "properties": { "Cell": "None", "SubCell": "None", "CMU": "None", "LineID": 0, "TransectID": 522, "Hist_Rate": -0.11175098130501486, "LatestYr": "2024-09-05 00:00:00", "LatestSrc": "montrose_MHWS_Modern_LiDAR.shp", "FirstEYr": null, "Extrap2050": 2.8135131452983106, "Extrap2100": 8.3687490691211828, "Dist_2040": -3.4757454525346816, "Rate_2040": -0.3476149940984114, "Dist_2050": -3.9484468719014103, "Rate_2050": -0.3947825367124147, "Dist_2060": -4.3852877221712561, "Rate_2060": -0.43857980582287376, "Dist_2070": -4.863000872449561, "Rate_2070": -0.48622354124162576, "Dist_2080": -5.1437241890421319, "Rate_2080": -0.51443227878319298, "Dist_2090": -5.4266696195047643, "Rate_2090": -0.54258154352640819, "Dist_2100": -2.1729327547085404, "Rate_2100": -0.21731856288653725, "RSL_2050": 0.18573485314846039, "RSL_2100": 0.55779761075973511 }, "geometry": { "type": "LineString", "coordinates": [ [ -2.458214989060409, 56.708829892620173 ], [ -2.457518871769918, 56.7086657534214 ] ] } },
{ "type": "Feature", "properties": { "Cell": "None", "SubCell": "None", "CMU": "None", "LineID": 0, "TransectID": 523, "Hist_Rate": -0.084783489213000621, "LatestYr": "2024-09-05 00:00:00", "LatestSrc": "montrose_MHWS_Modern_LiDAR.shp", "FirstEYr": null, "Extrap2050": 2.4046505920564458, "Extrap2100": 7.1525940575267466, "Dist_2040": -3.2582507384760788, "Rate_2040": -0.32586299160674953, "Dist_2050": -3.7197106049399054, "Rate_2050": -0.37191251043656265, "Dist_2060": -4.1462339055217399, "Rate_2060": -0.41467164217894964, "Dist_2070": -4.6125867086152539, "Rate_2070": -0.46118606649915328, "Dist_2080": -4.886692967555291, "Rate_2080": -0.48872616544422604, "Dist_2090": -5.162894677671602, "Rate_2090": -0.51620820128920619, "Dist_2100": -3.9743712404238067, "Rate_2100": -0.39748337562445024, "RSL_2050": 0.18573485314846039, "RSL_2100": 0.55779761075973511 }, "geometry": { "type": "LineString", "coordinates": [ [ -2.458306115841006, 56.708719013537817 ], [ -2.457600823479956, 56.708555846706062 ] ] } },
{ "type": "Feature", "properties": { "Cell": "None", "SubCell": "None", "CMU": "None", "LineID": 0, "TransectID": 524, "Hist_Rate": -0.049979151293179536, "LatestYr": "2024-09-05 00:00:00", "LatestSrc": "montrose_MHWS_Modern_LiDAR.shp", "FirstEYr": null, "Extrap2050": 1.6653696408696277, "Extrap2100": 4.9536148978229351, "Dist_2040": -3.0434589824205318, "Rate_2040": -0.30438131637095595, "Dist_2050": -3.5202436185911665, "Rate_2050": -0.35196895150924834, "Dist_2060": -3.9611019901245186, "Rate_2060": -0.39615629617416609, "Dist_2070": -4.4429429936362794, "Rate_2070": -0.44422436527599202, "Dist_2080": -4.7262933878699869, "Rate_2080": -0.4726843408321752, "Dist_2090": -5.0116319943170993, "Rate_2090": -0.50108431390209773, "Dist_2100": -5.1936560863783825, "Rate_2100": -0.51942604959722249, "RSL_2050": 0.18573485314846039, "RSL_2100": 0.55779761075973511 }, "geometry": { "type": "LineString", "coordinates": [ [ -2.458451343985814, 56.708554754521671 ], [ -2.457728338036262, 56.708396712306332 ] ] } },
{ "type": "Feature", "properties": { "Cell": "None", "SubCell": "None", "CMU": "None", "LineID": 0, "TransectID": 525, "Hist_Rate": -0.088762424445115465, "LatestYr": "2024-09-05 00:00:00", "LatestSrc": "montrose_MHWS_Modern_LiDAR.shp", "FirstEYr": null, "Extrap2050": 1.8465118094132196, "Extrap2100": 5.4924193306051556, "Dist_2040": -3.1440819861981026, "Rate_2040": -0.31444478774478657, "Dist_2050": -3.6266989105268408, "Rate_2050": -0.36261280504464816, "Dist_2060": -4.0729166328818565, "Rate_2060": -0.40733906168821232, "Dist_2070": -4.5606515923651614, "Rate_2070": -0.45599337235818027, "Dist_2080": -4.8474403589968915, "Rate_2080": -0.48480044778776621, "Dist_2090": -5.136276364292371, "Rate_2090": -0.51354678893650596, "Dist_2100": -5.2899232505006921, "Rate_2100": -0.52905388631462191, "RSL_2050": 0.18573485314846039, "RSL_2100": 0.55779761075973511 }, "geometry": { "type": "LineString", "coordinates": [ [ -2.458623360532576, 56.708349111917492 ], [ -2.457870608418575, 56.708198385415535 ] ] } },
{ "type": "Feature", "properties": { "Cell": "None", "SubCell": "None", "CMU": "None", "LineID": 0, "TransectID": 526, "Hist_Rate": -0.13244835361722046, "LatestYr": "2024-09-05 00:00:00", "LatestSrc": "montrose_MHWS_Modern_LiDAR.shp", "FirstEYr": null, "Extrap2050": 3.0461951296004766, "Extrap2100": 9.0608578452198838, "Dist_2040": -3.6379424083503977, "Rate_2040": -0.36383657724039437, "Dist_2050": -4.1247164636452567, "Rate_2050": -0.41240672131753425, "Dist_2060": -4.5745313555850089, "Rate_2060": -0.45750637147926004, "Dist_2070": -5.0664661735348773, "Rate_2070": -0.5065668687071756, "Dist_2080": -5.3555211300731571, "Rate_2080": -0.53561443766449757, "Dist_2090": -5.6468965020829955, "Rate_2090": -0.5646007653057894, "Dist_2100": -2.5661174867873342, "Rate_2100": -0.25664161176558681, "RSL_2050": 0.18573485314846039, "RSL_2100": 0.55779761075973511 }, "geometry": { "type": "LineString", "coordinates": [ [ -2.458796996704008, 56.708121698785519 ], [ -2.45801891850464, 56.707981891707163 ] ] } },
{ "type": "Feature", "properties": { "Cell": "None", "SubCell": "None", "CMU": "None", "LineID": 0, "TransectID": 527, "Hist_Rate": -0.088681059570484999, "LatestYr": "2024-09-05 00:00:00", "LatestSrc": "montrose_MHWS_Modern_LiDAR.shp", "FirstEYr": null, "Extrap2050": 2.3595615582294731, "Extrap2100": 7.0184774600985005, "Dist_2040": -3.4332670263777345, "Rate_2040": -0.34336665714177705, "Dist_2050": -3.9332397756309092, "Rate_2050": -0.39326206645246986, "Dist_2060": -4.3954113594053297, "Rate_2060": -0.43959228735969363, "Dist_2070": -4.9006856857884031, "Rate_2070": -0.4899914293981853, "Dist_2080": -5.1977109038266462, "Rate_2080": -0.51983157852982032, "Dist_2090": -5.4969534006474987, "Rate_2090": -0.54960881533971917, "Dist_2100": -5.6877384723508158, "Rate_2100": -0.56884003805793892, "RSL_2050": 0.18573485314846039, "RSL_2100": 0.55779761075973511 }, "geometry": { "type": "LineString", "coordinates": [ [ -2.458955337422422, 56.707896838422826 ], [ -2.45816467720728, 56.707770052249728 ] ] } },
{ "type": "Feature", "properties": { "Cell": "None", "SubCell": "None", "CMU": "None", "LineID": 0, "TransectID": 528, "Hist_Rate": 0.37787725414513934, "LatestYr": "2024-09-05 00:00:00", "LatestSrc": "montrose_MHWS_Modern_LiDAR.shp", "FirstEYr": 2030.0, "Extrap2050": -9.7838975854309336, "Extrap2100": -29.102044163995071, "Dist_2040": 1.3564135409159235, "Rate_2040": 0.13565713929846226, "Dist_2050": 0.85671363798462608, "Rate_2050": 0.085657878708349247, "Dist_2060": 0.39226662044899285, "Rate_2060": 0.039231227031583042, "Dist_2070": -0.11274589420571601, "Rate_2070": -0.011272814745259029, "Dist_2080": -0.41170281375394779, "Rate_2080": -0.041175072549979812, "Dist_2090": -0.71025466843110507, "Rate_2090": -0.071014287088543085, "Dist_2100": -0.90275031558741148, "Rate_2100": -0.090285537278459782, "RSL_2050": 0.18573485314846039, "RSL_2100": 0.55779761075973511 }, "geometry": { "type": "LineString", "coordinates": [ [ -2.459083332980334, 56.707697831756526 ], [ -2.458273476678543, 56.707580255115538 ] ] } },
{ "type": "Feature", "properties": { "Cell": "None", "SubCell": "None", "CMU": "None", "LineID": 0, "TransectID": 529, "Hist_Rate": 0.7734205025793035, "LatestYr": "2024-09-05 00:00:00", "LatestSrc": "montrose_MHWS_Modern_LiDAR.shp", "FirstEYr": 2030.0, "Extrap2050": -19.816911367721858, "Extrap2100": -58.945080401924102, "Dist_2040": 5.315601464955364, "Rate_2040": 0.53162200658925507, "Dist_2050": 4.8165103684522137, "Rate_2050": 0.4815752226250774, "Dist_2060": 4.3505381406413335, "Rate_2060": 0.43510444327305375, "Dist_2070": 3.84612938287529, "Rate_2070": 0.38455239833693627, "Dist_2080": 3.5458045483346154, "Rate_2080": 0.35462171898825462, "Dist_2090": 3.248052687591553, "Rate_2090": 0.32475414282717158, "Dist_2100": 3.0542903149166705, "Rate_2100": 0.30546457566975688, "RSL_2050": 0.18573485314846039, "RSL_2100": 0.55779761075973511 }, "geometry": { "type": "LineString", "coordinates": [ [ -2.459134043934886, 56.707538389084327 ], [ -2.458363181528022, 56.70743332608086 ] ] } },
{ "type": "Feature", "properties": { "Cell": "None", "SubCell": "None", "CMU": "None", "LineID": 0, "TransectID": 530, "Hist_Rate": 0.94407317260758061, "LatestYr": "2024-09-05 00:00:00", "LatestSrc": "montrose_MHWS_Modern_LiDAR.shp", "FirstEYr": 2030.0, "Extrap2050": -24.209416540323975, "Extrap2100": -72.010515562855758, "Dist_2040": 7.0685428887994703, "Rate_2040": 0.70693654875748646, "Dist_2050": 6.5736313429439406, "Rate_2050": 0.65725966213391795, "Dist_2060": 6.1106123776036725, "Rate_2060": 0.61113234976092812, "Dist_2070": 5.6104224734854711, "Rate_2070": 0.5609539365650198, "Dist_2080": 5.3118265963672684, "Rate_2080": 0.53124447580056733, "Dist_2090": 5.016766181703133, "Rate_2090": 0.50159765182608995, "Dist_2100": 4.8239451599726522, "Rate_2100": 0.48245065446092866, "RSL_2050": 0.18573485314846039, "RSL_2100": 0.55779761075973511 }, "geometry": { "type": "LineString", "coordinates": [ [ -2.459205760297591, 56.707443249295117 ], [ -2.458432385719241, 56.707338989670383 ] ] } },
{ "type": "Feature", "properties": { "Cell": "None", "SubCell": "None", "CMU": "None", "LineID": 0, "TransectID": 531, "Hist_Rate": 1.1687691315947972, "LatestYr": "2024-09-05 00:00:00", "LatestSrc": "montrose_MHWS_Modern_LiDAR.shp", "FirstEYr": 2030.0, "Extrap2050": -29.627640888775119, "Extrap2100": -88.12693572181773, "Dist_2040": 9.2197333919505127, "Rate_2040": 0.92208063346371449, "Dist_2050": 8.727761972384144, "Rate_2050": 0.87263881801218612, "Dist_2060": 8.2663358107206477, "Rate_2060": 0.82672978021553567, "Dist_2070": 7.7691110100983565, "Rate_2070": 0.77678881141687628, "Dist_2080": 7.4713298861251474, "Rate_2080": 0.74721993590719171, "Dist_2090": 7.1782639016159351, "Rate_2090": 0.71771340079002421, "Dist_2100": 6.9857571061070871, "Rate_2100": 0.69865700707210232, "RSL_2050": 0.18573485314846039, "RSL_2100": 0.55779761075973511 }, "geometry": { "type": "LineString", "coordinates": [ [ -2.45926230438941, 56.707408181788267 ], [ -2.458472844924349, 56.707297052687295 ] ] } },
{ "type": "Feature", "properties": { "Cell": "None", "SubCell": "None", "CMU": "None", "LineID": 0, "TransectID": 532, "Hist_Rate": 1.3929238722930195, "LatestYr": "2024-09-05 00:00:00", "LatestSrc": "montrose_MHWS_Modern_LiDAR.shp", "FirstEYr": 2030.0, "Extrap2050": -34.906552634875077, "Extrap2100": -103.8289728119849, "Dist_2040": 11.310404507007263, "Rate_2040": 1.1311720750686201, "Dist_2050": 10.820257208197177, "Rate_2050": 1.081855404698866, "Dist_2060": 10.359420126368605, "Rate_2060": 1.0360625699630845, "Dist_2070": 9.8640327436438042, "Rate_2070": 0.986248009682541, "Dist_2080": 9.5664264879430334, "Rate_2080": 0.95675397768963133, "Dist_2090": 9.2746811629658623, "Rate_2090": 0.92732212829580052, "Dist_2100": 9.0820827696960578, "Rate_2100": 0.90831396933480624, "RSL_2050": 0.18573485314846039, "RSL_2100": 0.55779761075973511 }, "geometry": { "type": "LineString", "coordinates": [ [ -2.459301662447011, 56.707424300597005 ], [ -2.458477384833921, 56.707298085122055 ] ] } },
{ "type": "Feature", "properties": { "Cell": "None", "SubCell": "None", "CMU": "None", "LineID": 0, "TransectID": 533, "Hist_Rate": 1.5238585271587564, "LatestYr": "2024-09-05 00:00:00", "LatestSrc": "montrose_MHWS_Modern_LiDAR.shp", "FirstEYr": 2030.0, "Extrap2050": -37.916965637677052, "Extrap2100": -112.78339730329044, "Dist_2040": 12.501432108904567, "Rate_2040": 1.2502886957931481, "Dist_2050": 12.012080830462878, "Rate_2050": 1.2010190070408808, "Dist_2060": 11.551353685299546, "Rate_2060": 1.155269796934014, "Dist_2070": 11.056767314918829, "Rate_2070": 1.1055026925867071, "Dist_2080": 10.759115493734271, "Rate_2080": 1.0760367581380721, "Dist_2090": 10.467977181117135, "Rate_2090": 1.0466329470501439, "Dist_2100": 10.275233186428636, "Rate_2100": 1.0276428962470321, "RSL_2050": 0.18573485314846039, "RSL_2100": 0.55779761075973511 }, "geometry": { "type": "LineString", "coordinates": [ [ -2.459332679296593, 56.707476074804056 ], [ -2.458455838407047, 56.707327072144629 ] ] } },
{ "type": "Feature", "properties": { "Cell": "None", "SubCell": "None", "CMU": "None", "LineID": 0, "TransectID": 534, "Hist_Rate": 1.6720401631187674, "LatestYr": "2024-09-05 00:00:00", "LatestSrc": "montrose_MHWS_Modern_LiDAR.shp", "FirstEYr": 2030.0, "Extrap2050": -43.140325917372216, "Extrap2100": -128.32019746057162, "Dist_2040": 14.57323135171481, "Rate_2040": 1.4574927305527647, "Dist_2050": 14.086310017476421, "Rate_2050": 1.4084092763641205, "Dist_2060": 13.626744130837267, "Rate_2060": 1.3628329937588528, "Dist_2070": 13.134607492790963, "Rate_2070": 1.31325400415705, "Dist_2080": 12.837500521491279, "Rate_2080": 1.2838994480341672, "Dist_2090": 12.548042927617928, "Rate_2090": 1.2546067804518179, "Dist_2100": 12.355447241578133, "Rate_2100": 1.2356885101676072, "RSL_2050": 0.18573485314846039, "RSL_2100": 0.55779761075973511 }, "geometry": { "type": "LineString", "coordinates": [ [ -2.459348029425002, 56.707539560802928 ], [ -2.458426743173239, 56.707365831592973 ] ] } },
{ "type": "Feature", "properties": { "Cell": "None", "SubCell": "None", "CMU": "None", "LineID": 0, "TransectID": 535, "Hist_Rate": 1.9810608564903653, "LatestYr": "2024-09-05 00:00:00", "LatestSrc": "montrose_MHWS_Modern_LiDAR.shp", "FirstEYr": 2030.0, "Extrap2050": -49.047459787021772, "Extrap2100": -145.89087103478818, "Dist_2040": 16.923847465014262, "Rate_2040": 1.6925816970811807, "Dist_2050": 16.441193184411873, "Rate_2050": 1.6438605260491523, "Dist_2060": 15.984346231242796, "Rate_2060": 1.5986206402970145, "Dist_2070": 15.496515140796589, "Rate_2070": 1.5494075913803445, "Dist_2080": 15.200927999732585, "Rate_2080": 1.5202697001485019, "Dist_2090": 14.914279986944564, "Rate_2090": 1.4911932406601698, "Dist_2100": 14.722432737216366, "Rate_2100": 1.4724146054279159, "RSL_2050": 0.18573485314846039, "RSL_2100": 0.55779761075973511 }, "geometry": { "type": "LineString", "coordinates": [ [ -2.459362286635174, 56.707591872700647 ], [ -2.458364739247893, 56.707386317557571 ] ] } },
{ "type": "Feature", "properties": { "Cell": "None", "SubCell": "None", "CMU": "None", "LineID": 0, "TransectID": 536, "Hist_Rate": 0.58900702650163372, "LatestYr": "2024-09-05 00:00:00", "LatestSrc": "montrose_MHWS_Modern_LiDAR.shp", "FirstEYr": 2030.0, "Extrap2050": -14.038809131043212, "Extrap2100": -41.758209320372991, "Dist_2040": 3.0764739879459739, "Rate_2040": 0.30768320113427094, "Dist_2050": 2.5852232882448334, "Rate_2050": 0.25848163615022274, "Dist_2060": 2.1277092101943822, "Rate_2060": 0.21279568214797964, "Dist_2070": 1.631230656963794, "Rate_2070": 0.16309738933098783, "Dist_2080": 1.3365664233759276, "Rate_2080": 0.13367219657444748, "Dist_2090": 1.0432546261861262, "Rate_2090": 0.104309041282449, "Dist_2100": 0.85335316608842504, "Rate_2100": 0.085345247471262764, "RSL_2050": 0.18573485314846039, "RSL_2100": 0.55779761075973511 }, "geometry": { "type": "LineString", "coordinates": [ [ -2.459393129489567, 56.707612671340179 ], [ -2.458406492049013, 56.70739614730811 ] ] } },
{ "type": "Feature", "properties": { "Cell": "None", "SubCell": "None", "CMU": "None", "LineID": 0, "TransectID": 537, "Hist_Rate": 0.44673561273946549, "LatestYr": "2024-09-05 00:00:00", "LatestSrc": "montrose_MHWS_Modern_LiDAR.shp", "FirstEYr": 2030.0, "Extrap2050": -11.374278111844099, "Extrap2100": -33.832605161092332, "Dist_2040": 2.0209102381520552, "Rate_2040": 0.20211454207509638, "Dist_2050": 1.528679408746882, "Rate_2050": 0.15284387871591379, "Dist_2060": 1.070813020984076, "Rate_2060": 0.10709376364095739, "Dist_2070": 0.5733469960841262, "Rate_2070": 0.057325674847319048, "Dist_2080": 0.27855915810351917, "Rate_2080": 0.027859157531112979, "Dist_2090": -0.015454784613439188, "Rate_2090": -0.001545235195503439, "Dist_2100": -0.2053327209094391, "Rate_2100": -0.020535661642049785, "RSL_2050": 0.18573485314846039, "RSL_2100": 0.55779761075973511 }, "geometry": { "type": "LineString", "coordinates": [ [ -2.459456408339956, 56.707587313817882 ], [ -2.458410021766368, 56.707350378963028 ] ] } },
{ "type": "Feature", "properties": { "Cell": "None", "SubCell": "None", "CMU": "None", "LineID": 0, "TransectID": 538, "Hist_Rate": 0.45369813577006979, "LatestYr": "2024-09-05 00:00:00", "LatestSrc": "montrose_MHWS_Modern_LiDAR.shp", "FirstEYr": 2030.0, "Extrap2050": -11.878292220057217, "Extrap2100": -35.331786924639864, "Dist_2040": 2.217092161115545, "Rate_2040": 0.22173501743051602, "Dist_2050": 1.7243505417135339, "Rate_2050": 0.17240791205360126, "Dist_2060": 1.2659065599007135, "Rate_2060": 0.12660538792566714, "Dist_2070": 0.76792374782473871, "Rate_2070": 0.076780287288496341, "Dist_2080": 0.47274513045766753, "Rate_2080": 0.04728001459780521, "Dist_2090": 0.178447465135946, "Rate_2090": 0.017841937663541134, "Dist_2100": -0.011701070988749507, "Rate_2100": -0.0011702432696079797, "RSL_2050": 0.18573485314846039, "RSL_2100": 0.55779761075973511 }, "geometry": { "type": "LineString", "coordinates": [ [ -2.459561275873945, 56.70750847481095 ], [ -2.458473779243417, 56.707262945255437 ] ] } },
{ "type": "Feature", "properties": { "Cell": "None", "SubCell": "None", "CMU": "None", "LineID": 0, "TransectID": 539, "Hist_Rate": 0.5640260107463706, "LatestYr": "2024-09-05 00:00:00", "LatestSrc": "montrose_MHWS_Modern_LiDAR.shp", "FirstEYr": 2030.0, "Extrap2050": -15.475053971081982, "Extrap2100": -46.030296226450041, "Dist_2040": 3.6689163081705942, "Rate_2040": 0.36693432767990097, "Dist_2050": 3.1828820271161931, "Rate_2050": 0.31823810259758722, "Dist_2060": 2.7298961127245889, "Rate_2060": 0.27302138032634465, "Dist_2070": 2.2386876724284548, "Rate_2070": 0.22383352920803448, "Dist_2080": 1.9468790027676732, "Rate_2080": 0.19471055700119713, "Dist_2090": 1.6567506314615912, "Rate_2090": 0.16564898508393383, "Dist_2100": 1.4686287368002695, "Rate_2100": 0.1468799647866299, "RSL_2050": 0.18573485314846039, "RSL_2100": 0.55779761075973511 }, "geometry": { "type": "LineString", "coordinates": [ [ -2.459706541344644, 56.707377822943101 ], [ -2.458579698970593, 56.707132345658572 ] ] } },
{ "type": "Feature", "properties": { "Cell": "None", "SubCell": "None", "CMU": "None", "LineID": 0, "TransectID": 540, "Hist_Rate": 0.55518916677024499, "LatestYr": "2024-09-05 00:00:00", "LatestSrc": "montrose_MHWS_Modern_LiDAR.shp", "FirstEYr": 2030.0, "Extrap2050": -14.603190962793903, "Extrap2100": -43.436953895277661, "Dist_2040": 3.2830417188130809, "Rate_2040": 0.32834237814446515, "Dist_2050": 2.7885998599328445, "Rate_2050": 0.27881609207268604, "Dist_2060": 2.3280152717276223, "Rate_2060": 0.23282861935486751, "Dist_2070": 1.8283110564665321, "Rate_2070": 0.18280232713974195, "Dist_2080": 1.5316510911105752, "Rate_2080": 0.15318293363772023, "Dist_2090": 1.2364544943208671, "Rate_2090": 0.123625987035858, "Dist_2100": 1.0452487170832114, "Rate_2100": 0.10453703574733431, "RSL_2050": 0.18573485314846039, "RSL_2100": 0.55779761075973511 }, "geometry": { "type": "LineString", "coordinates": [ [ -2.459881049027175, 56.707206202472911 ], [ -2.45871525064137, 56.706967771374302 ] ] } },
{ "type": "Feature", "properties": { "Cell": "None", "SubCell": "None", "CMU": "None", "LineID": 0, "TransectID": 541, "Hist_Rate": 0.63782750040744729, "LatestYr": "2024-09-05 00:00:00", "LatestSrc": "montrose_MHWS_Modern_LiDAR.shp", "FirstEYr": 2030.0, "Extrap2050": -16.321888744052213, "Extrap2100": -48.549192478929662, "Dist_2040": 3.9213626512064934, "Rate_2040": 0.39218189981743912, "Dist_2050": 3.4190536996056835, "Rate_2050": 0.34185155238933174, "Dist_2060": 2.9508313092202343, "Rate_2060": 0.29511747110018388, "Dist_2070": 2.4431745666594225, "Rate_2070": 0.24427899990777557, "Dist_2080": 2.1415381223322925, "Rate_2080": 0.21417873429516768, "Dist_2090": 1.8417091881082683, "Rate_2090": 0.18414192941079502, "Dist_2100": 1.647238985119202, "Rate_2100": 0.16474306818795184, "RSL_2050": 0.18573485314846039, "RSL_2100": 0.55779761075973511 }, "geometry": { "type": "LineString", "coordinates": [ [ -2.460067347157656, 56.707012826393772 ], [ -2.45887571106824, 56.706787874772779 ] ] } },
{ "type": "Feature", "properties": { "Cell": "None", "SubCell": "None", "CMU": "None", "LineID": 0, "TransectID": 542, "Hist_Rate": 0.84933048691063751, "LatestYr": "2024-09-05 00:00:00", "LatestSrc": "montrose_MHWS_Modern_LiDAR.shp", "FirstEYr": 2030.0, "Extrap2050": -21.421748766474334, "Extrap2100": -63.718643130551989, "Dist_2040": 5.9313388076686806, "Rate_2040": 0.59320290647862217, "Dist_2050": 5.4288378615823945, "Rate_2050": 0.54279833360498431, "Dist_2060": 4.9593761598214314, "Rate_2060": 0.4959953305185047, "Dist_2070": 4.4515195360391431, "Rate_2070": 0.44508188451732189, "Dist_2080": 4.1488894554947251, "Rate_2080": 0.41493722808010192, "Dist_2090": 3.849167137271138, "Rate_2090": 0.38485612596078667, "Dist_2100": 3.6538613431093836, "Rate_2100": 0.36542865597224233, "RSL_2050": 0.18573485314846039, "RSL_2100": 0.55779761075973511 }, "geometry": { "type": "LineString", "coordinates": [ [ -2.460244767981458, 56.706826029816085 ], [ -2.459033253274225, 56.706614695029423 ] ] } },
{ "type": "Feature", "properties": { "Cell": "None", "SubCell": "None", "CMU": "None", "LineID": 0, "TransectID": 543, "Hist_Rate": 0.91936824766658076, "LatestYr": "2024-09-05 00:00:00", "LatestSrc": "montrose_MHWS_Modern_LiDAR.shp", "FirstEYr": 2030.0, "Extrap2050": -23.282815253701248, "Extrap2100": -69.254355113479832, "Dist_2040": 6.6390662444424038, "Rate_2040": 0.66398388630497118, "Dist_2050": 6.1313487814807104, "Rate_2050": 0.6130383677306237, "Dist_2060": 5.6566724197072631, "Rate_2060": 0.565733071263672, "Dist_2070": 5.1435418015100254, "Rate_2070": 0.51427321829674943, "Dist_2080": 4.8374875105709521, "Rate_2080": 0.4838050471193075, "Dist_2090": 4.5347249110927237, "Rate_2090": 0.45340111232953306, "Dist_2100": 4.3371467189214172, "Rate_2100": 0.43376514525894189, "RSL_2050": 0.18573485314846039, "RSL_2100": 0.55779761075973511 }, "geometry": { "type": "LineString", "coordinates": [ [ -2.460398389172686, 56.706675538629682 ], [ -2.45917668375185, 56.706473894871344 ] ] } },
{ "type": "Feature", "properties": { "Cell": "None", "SubCell": "None", "CMU": "None", "LineID": 0, "TransectID": 544, "Hist_Rate": 0.97935999261865692, "LatestYr": "2024-09-05 00:00:00", "LatestSrc": "montrose_MHWS_Modern_LiDAR.shp", "FirstEYr": 2030.0, "Extrap2050": -24.467332729531122, "Extrap2100": -72.777683070832595, "Dist_2040": 7.0770466762857609, "Rate_2040": 0.70778702646859315, "Dist_2050": 6.5635183211713866, "Rate_2050": 0.65624851914055304, "Dist_2060": 6.0832181168365196, "Rate_2060": 0.60839260488462832, "Dist_2070": 5.5642135991748205, "Rate_2070": 0.55633377648415261, "Dist_2080": 5.2544981700382891, "Rate_2080": 0.52551096601046277, "Dist_2090": 4.9483102842950188, "Rate_2090": 0.49475313961446032, "Dist_2100": 4.7483335793429546, "Rate_2100": 0.47488861647129493, "RSL_2050": 0.18573485314846039, "RSL_2100": 0.55779761075973511 }, "geometry": { "type": "LineString", "coordinates": [ [ -2.460512040845663, 56.706590557705717 ], [ -2.459291952652898, 56.706390543046034 ] ] } },
{ "type": "Feature", "properties": { "Cell": "None", "SubCell": "None", "CMU": "None", "LineID": 0, "TransectID": 545, "Hist_Rate": 1.0640115740623655, "LatestYr": "2024-09-05 00:00:00", "LatestSrc": "montrose_MHWS_Modern_LiDAR.shp", "FirstEYr": 2030.0, "Extrap2050": -27.179753444842568, "Extrap2100": -80.845734351936841, "Dist_2040": 8.1294543661782086, "Rate_2040": 0.81304004280910303, "Dist_2050": 7.6125035121479527, "Rate_2050": 0.7611305267001639, "Dist_2060": 7.1284715614591505, "Rate_2060": 0.71293011344092105, "Dist_2070": 6.6060051237865878, "Rate_2070": 0.66049653063909741, "Dist_2080": 6.2937859320458642, "Rate_2080": 0.6294518368798635, "Dist_2090": 5.9856681233025597, "Rate_2090": 0.59847259499735428, "Dist_2100": 5.7839776287661948, "Rate_2100": 0.5784650736787067, "RSL_2050": 0.18573485314846039, "RSL_2100": 0.55779761075973511 }, "geometry": { "type": "LineString", "coordinates": [ [ -2.46056869891702, 56.706593578872159 ], [ -2.459362126475681, 56.706383953481271 ] ] } },
{ "type": "Feature", "properties": { "Cell": "None", "SubCell": "None", "CMU": "None", "LineID": 0, "TransectID": 546, "Hist_Rate": 1.1358233082333995, "LatestYr": "2024-09-05 00:00:00", "LatestSrc": "montrose_MHWS_Modern_LiDAR.shp", "FirstEYr": 2030.0, "Extrap2050": -28.538594059979225, "Extrap2100": -84.887583650566384, "Dist_2040": 8.636508120547262, "Rate_2040": 0.86375131906324842, "Dist_2050": 8.1138134085830984, "Rate_2050": 0.81125362548163493, "Dist_2060": 7.6241833581217975, "Rate_2060": 0.76250706193285889, "Dist_2070": 7.0959105664204571, "Rate_2070": 0.70947936355210073, "Dist_2080": 6.7800400546483388, "Rate_2080": 0.67808290790249071, "Dist_2090": 6.4685446379767768, "Rate_2090": 0.6467526457531434, "Dist_2100": 6.2644552043722115, "Rate_2100": 0.6265184227773597, "RSL_2050": 0.18573485314846039, "RSL_2100": 0.55779761075973511 }, "geometry": { "type": "LineString", "coordinates": [ [ -2.460559921904298, 56.706684291608333 ], [ -2.459378706441076, 56.706454224356783 ] ] } },
{ "type": "Feature", "properties": { "Cell": "None", "SubCell": "None", "CMU": "None", "LineID": 0, "TransectID": 547, "Hist_Rate": 1.2061271986010738, "LatestYr": "2024-09-05 00:00:00", "LatestSrc": "montrose_MHWS_Modern_LiDAR.shp", "FirstEYr": 2030.0, "Extrap2050": -30.089131274097689, "Extrap2100": -89.499631363574593, "Dist_2040": 9.1984664551538344, "Rate_2040": 0.91995369229094315, "Dist_2050": 8.665896095030746, "Rate_2050": 0.86645320407590132, "Dist_2060": 8.1668045796138244, "Rate_2060": 0.81677549881423939, "Dist_2070": 7.628549589007207, "Rate_2070": 0.76273488181302074, "Dist_2080": 7.3065367130058689, "Rate_2080": 0.73073870082148029, "Dist_2090": 6.9891999115011458, "Rate_2090": 0.69880997773787501, "Dist_2100": 6.7811033210955998, "Rate_2100": 0.67818924692093641, "RSL_2050": 0.18573485314846039, "RSL_2100": 0.55779761075973511 }, "geometry": { "type": "LineString", "coordinates": [ [ -2.460464429152134, 56.706867602433505 ], [ -2.459291423920167, 56.706599103638759 ] ] } },
{ "type": "Feature", "properties": { "Cell": "None", "SubCell": "None", "CMU": "None", "LineID": 0, "TransectID": 548, "Hist_Rate": 1.2160573899056193, "LatestYr": "2024-09-05 00:00:00", "LatestSrc": "montrose_MHWS_Modern_LiDAR.shp", "FirstEYr": 2030.0, "Extrap2050": -31.631052428344727, "Extrap2100": -94.086050746696046, "Dist_2040": 9.7989252404019567, "Rate_2040": 0.9800065586302058, "Dist_2050": 9.2648487643546673, "Rate_2050": 0.92633904320142613, "Dist_2060": 8.7640425417565098, "Rate_2060": 0.87650624536076183, "Dist_2070": 8.2242636879485644, "Rate_2070": 0.8222969148769651, "Dist_2080": 7.9010889399408484, "Rate_2080": 0.790200842592099, "Dist_2090": 7.5829179764098171, "Rate_2090": 0.75817243881709906, "Dist_2100": 7.3740151578512041, "Rate_2100": 0.73748733058364413, "RSL_2050": 0.18573485314846039, "RSL_2100": 0.55779761075973511 }, "geometry": { "type": "LineString", "coordinates": [ [ -2.460288463030964, 56.707106466138974 ], [ -2.459137408297619, 56.706791800864373 ] ] } },
{ "type": "Feature", "properties": { "Cell": "None", "SubCell": "None", "CMU": "None", "LineID": 0, "TransectID": 549, "Hist_Rate": 1.3544755910647766, "LatestYr": "2024-09-05 00:00:00", "LatestSrc": "montrose_MHWS_Modern_LiDAR.shp", "FirstEYr": 2030.0, "Extrap2050": -35.279295819444414, "Extrap2100": -104.93769134919832, "Dist_2040": 11.23356075092687, "Rate_2040": 1.1234868051945255, "Dist_2050": 10.69870290235832, "Rate_2050": 1.0697018874389841, "Dist_2060": 10.196414156966398, "Rate_2060": 1.0197600760475902, "Dist_2070": 9.6558414561932295, "Rate_2070": 0.96543215796979354, "Dist_2080": 9.3315727695894566, "Rate_2080": 0.93326587275377249, "Dist_2090": 9.0130927454995913, "Rate_2090": 0.90116740407832863, "Dist_2100": 8.803345968063411, "Rate_2100": 0.88043704538346124, "RSL_2050": 0.18573485314846039, "RSL_2100": 0.55779761075973511 }, "geometry": { "type": "LineString", "coordinates": [ [ -2.460100732619418, 56.70731664055603 ], [ -2.45897126658808, 56.706958032830812 ] ] } },
{ "type": "Feature", "properties": { "Cell": "None", "SubCell": "None", "CMU": "None", "LineID": 0, "TransectID": 550, "Hist_Rate": 1.4592993273069803, "LatestYr": "2024-09-05 00:00:00", "LatestSrc": "montrose_MHWS_Modern_LiDAR.shp", "FirstEYr": 2030.0, "Extrap2050": -37.142096280919766, "Extrap2100": -110.47856101031287, "Dist_2040": 10.376996350208174, "Rate_2040": 1.0378203968896247, "Dist_2050": 9.5243019428692719, "Rate_2050": 0.95228027713343288, "Dist_2060": 8.7275070964487895, "Rate_2060": 0.8728522756502457, "Dist_2070": 7.8657237258397572, "Rate_2070": 0.78644856225979409, "Dist_2080": 7.3520539223345622, "Rate_2080": 0.73529095145900369, "Dist_2090": 6.8434891667805573, "Rate_2090": 0.68424119682393858, "Dist_2100": 6.5119562565478191, "Rate_2100": 0.65127140827824936, "RSL_2050": 0.18573485314846039, "RSL_2100": 0.55779761075973511 }, "geometry": { "type": "LineString", "coordinates": [ [ -2.459848620479017, 56.70754751484769 ], [ -2.458732565343287, 56.707134278130084 ] ] } },
{ "type": "Feature", "properties": { "Cell": "None", "SubCell": "None", "CMU": "None", "LineID": 0, "TransectID": 551, "Hist_Rate": 1.5605904901435144, "LatestYr": "2024-09-05 00:00:00", "LatestSrc": "montrose_MHWS_Modern_LiDAR.shp", "FirstEYr": 2030.0, "Extrap2050": -40.517773695081871, "Extrap2100": -120.51945854961589, "Dist_2040": 11.70989438421401, "Rate_2040": 1.1711257118363323, "Dist_2050": 10.857564954430984, "Rate_2050": 1.085585592080142, "Dist_2060": 10.060405130454626, "Rate_2060": 1.0061575905969533, "Dist_2070": 9.1989867374014693, "Rate_2070": 0.91975387720650326, "Dist_2080": 8.6849519563403987, "Rate_2080": 0.86859626640571141, "Dist_2090": 8.1767521783422694, "Rate_2090": 0.81754651177064785, "Dist_2100": 7.8448542905536556, "Rate_2100": 0.7845767232249572, "RSL_2050": 0.18573485314846039, "RSL_2100": 0.55779761075973511 }, "geometry": { "type": "LineString", "coordinates": [ [ -2.459777040834655, 56.707612258208336 ], [ -2.458643439444915, 56.707163115462116 ] ] } },
{ "type": "Feature", "properties": { "Cell": "None", "SubCell": "None", "CMU": "None", "LineID": 0, "TransectID": 552, "Hist_Rate": 1.7161634842153703, "LatestYr": "2024-09-05 00:00:00", "LatestSrc": "montrose_MHWS_Modern_LiDAR.shp", "FirstEYr": 2030.0, "Extrap2050": -44.161341255124448, "Extrap2100": -131.35719096872404, "Dist_2040": 13.148569779313561, "Rate_2040": 1.3150099938721067, "Dist_2050": 12.29663429131449, "Rate_2050": 1.2294698741159138, "Dist_2060": 11.49908052555412, "Rate_2060": 1.150041872632722, "Dist_2070": 10.638056074284975, "Rate_2070": 1.063638159242275, "Dist_2080": 10.123627351439893, "Rate_2080": 1.0124805484414801, "Dist_2090": 9.6158215152258322, "Rate_2090": 0.96143079380642515, "Dist_2100": 9.28352968565315, "Rate_2100": 0.92846100526072584, "RSL_2050": 0.18573485314846039, "RSL_2100": 0.55779761075973511 }, "geometry": { "type": "LineString", "coordinates": [ [ -2.459800126684861, 56.70760197269162 ], [ -2.458626508150036, 56.707122910895968 ] ] } },
{ "type": "Feature", "properties": { "Cell": "None", "SubCell": "None", "CMU": "None", "LineID": 0, "TransectID": 553, "Hist_Rate": 1.9172415968751588, "LatestYr": "2024-09-05 00:00:00", "LatestSrc": "montrose_MHWS_Modern_LiDAR.shp", "FirstEYr": 2030.0, "Extrap2050": -49.399254869689187, "Extrap2100": -146.93727978376248, "Dist_2040": 15.216778290546131, "Rate_2040": 1.5218549136869648, "Dist_2050": 14.36540912470241, "Rate_2050": 1.4363147939307748, "Dist_2060": 13.567289036786804, "Rate_2060": 1.3568867924475916, "Dist_2070": 12.706830907672838, "Rate_2070": 1.2704830790571302, "Dist_2080": 12.191835862672576, "Rate_2080": 1.2193254682563495, "Dist_2090": 11.684596348613695, "Rate_2090": 1.1682757136212805, "Dist_2100": 11.351738196885776, "Rate_2100": 1.1353059250755897, "RSL_2050": 0.18573485314846039, "RSL_2100": 0.55779761075973511 }, "geometry": { "type": "LineString", "coordinates": [ [ -2.459865596912587, 56.707564596187645 ], [ -2.458623083040311, 56.707049586381515 ] ] } },
{ "type": "Feature", "properties": { "Cell": "None", "SubCell": "None", "CMU": "None", "LineID": 1, "TransectID": 0, "Hist_Rate": 0.31579093460646668, "LatestYr": "2024-10-11 00:00:00", "LatestSrc": "montrose_MHWS_Modern_LiDAR.shp", "FirstEYr": 2030.0, "Extrap2050": -8.1447157332244551, "Extrap2100": -24.289163656826432, "Dist_2040": 2.5726915444915903, "Rate_2040": 0.25729909404133894, "Dist_2050": 2.4419118763671577, "Rate_2050": 0.24415275075390955, "Dist_2060": 2.3191876677065579, "Rate_2060": 0.23194575622188185, "Dist_2070": 2.1870111505759269, "Rate_2070": 0.21866669043641609, "Dist_2080": 2.1077993781620989, "Rate_2080": 0.21080446724489882, "Dist_2090": 2.0299077180349059, "Rate_2090": 0.20295882006689409, "Dist_2100": 1.9786878882450765, "Rate_2100": 0.1978918157235357, "RSL_2050": 0.18573485314846039, "RSL_2100": 0.55779761075973511 }, "geometry": { "type": "LineString", "coordinates": [ [ -2.406226672943339, 56.777334923248169 ], [ -2.405559827766901, 56.776912848698309 ] ] } },
{ "type": "Feature", "properties": { "Cell": "None", "SubCell": "None", "CMU": "None", "LineID": 1, "TransectID": 1, "Hist_Rate": 0.0079844322774837422, "LatestYr": "2024-10-11 00:00:00", "LatestSrc": "montrose_MHWS_Modern_LiDAR.shp", "FirstEYr": null, "Extrap2050": 0.21242493424968861, "Extrap2100": 0.6334934406284809, "Dist_2040": -0.7414908574509127, "Rate_2040": -0.074157714814489323, "Dist_2050": -0.87346710803598171, "Rate_2050": -0.08733296200570273, "Dist_2060": -0.99555209467479244, "Rate_2060": -0.099566795164090338, "Dist_2070": -1.1289282654158797, "Rate_2070": -0.11287505666059662, "Dist_2080": -1.2074051481957326, "Rate_2080": -0.12075456594739319, "Dist_2090": -1.2863771097873382, "Rate_2090": -0.12861746277621186, "Dist_2100": -1.3368005061055896, "Rate_2100": -0.13369560757154186, "RSL_2050": 0.18573485314846039, "RSL_2100": 0.55779761075973511 }, "geometry": { "type": "LineString", "coordinates": [ [ -2.406308876326647, 56.777305777842656 ], [ -2.405568357500788, 56.776830018594794 ] ] } },
{ "type": "Feature", "properties": { "Cell": "None", "SubCell": "None", "CMU": "None", "LineID": 1, "TransectID": 2, "Hist_Rate": -0.32047071418168133, "LatestYr": "2024-10-11 00:00:00", "LatestSrc": "montrose_MHWS_Modern_LiDAR.shp", "FirstEYr": null, "Extrap2050": 8.3325007035994787, "Extrap2100": 24.849175820188393, "Dist_2040": -3.9677539373063837, "Rate_2040": -0.39682156830411469, "Dist_2050": -4.1021160750892136, "Rate_2050": -0.41014703820305837, "Dist_2060": -4.2247119525890753, "Rate_2060": -0.42252036017073258, "Dist_2070": -4.3604899722623145, "Rate_2070": -0.43598036098932891, "Dist_2080": -4.4389805311378723, "Rate_2080": -0.44394971156739438, "Dist_2090": -4.5197340309008496, "Rate_2090": -0.45190226027410446, "Dist_2100": -4.5698512405724614, "Rate_2100": -0.45703830551335906, "RSL_2050": 0.18573485314846039, "RSL_2100": 0.55779761075973511 }, "geometry": { "type": "LineString", "coordinates": [ [ -2.406331438791542, 56.777303299053109 ], [ -2.405577507960087, 56.776803069780492 ] ] } },
{ "type": "Feature", "properties": { "Cell": "None", "SubCell": "None", "CMU": "None", "LineID": 1, "TransectID": 3, "Hist_Rate": -0.020535450588732233, "LatestYr": "2024-10-11 00:00:00", "LatestSrc": "montrose_MHWS_Modern_LiDAR.shp", "FirstEYr": null, "Extrap2050": 0.39659310702227585, "Extrap2100": 1.1827195935566079, "Dist_2040": -0.82778968193343871, "Rate_2040": -0.082788601561767247, "Dist_2050": -0.96245499859253414, "Rate_2050": -0.096230350348599419, "Dist_2060": -1.0869899290082117, "Rate_2060": -0.10871164270147365, "Dist_2070": -1.2230834826322052, "Rate_2070": -0.12228909633323111, "Dist_2080": -1.3031282286411283, "Rate_2080": -0.13032798796534975, "Dist_2090": -1.3837171149353935, "Rate_2090": -0.13834993111190541, "Dist_2100": -1.43514092411192, "Rate_2100": -0.14353079380475026, "RSL_2050": 0.18573485314846039, "RSL_2100": 0.55779761075973511 }, "geometry": { "type": "LineString", "coordinates": [ [ -2.406235283287779, 56.777350325208083 ], [ -2.405598576224083, 56.776898972254216 ] ] } },
{ "type": "Feature", "properties": { "Cell": "None", "SubCell": "None", "CMU": "None", "LineID": 1, "TransectID": 4, "Hist_Rate": 0.38530483053817127, "LatestYr": "2024-10-11 00:00:00", "LatestSrc": "montrose_MHWS_Modern_LiDAR.shp", "FirstEYr": 2030.0, "Extrap2050": -9.7571594106359001, "Extrap2100": -29.097791686445387, "Dist_2040": 3.1950631084794736, "Rate_2040": 0.31954349326364023, "Dist_2050": 3.0610867269090818, "Rate_2050": 0.30606048969424865, "Dist_2060": 2.9350673362090447, "Rate_2060": 0.29354089034647646, "Dist_2070": 2.7996583341961241, "Rate_2070": 0.2799217654332406, "Dist_2080": 2.7182656750823071, "Rate_2080": 0.27185820121337612, "Dist_2090": 2.6385316927109557, "Rate_2090": 0.26381163749657305, "Dist_2100": 2.585847812461509, "Rate_2100": 0.2586148739438589, "RSL_2050": 0.18573485314846039, "RSL_2100": 0.55779761075973511 }, "geometry": { "type": "LineString", "coordinates": [ [ -2.406179371941608, 56.777375412208102 ], [ -2.405573287691448, 56.776921857861012 ] ] } },
{ "type": "Feature", "properties": { "Cell": "None", "SubCell": "None", "CMU": "None", "LineID": 1, "TransectID": 5, "Hist_Rate": 0.31352590491997107, "LatestYr": "2024-10-11 00:00:00", "LatestSrc": "montrose_MHWS_Modern_LiDAR.shp", "FirstEYr": 2030.0, "Extrap2050": -7.7827567490443723, "Extrap2100": -23.209729912080117, "Dist_2040": 2.4088477297350437, "Rate_2040": 0.24091280584001964, "Dist_2050": 2.2739404932785305, "Rate_2050": 0.2273582563964642, "Dist_2060": 2.1474723223773822, "Rate_2060": 0.21477222335868593, "Dist_2070": 2.0111248634569279, "Rate_2070": 0.20108083026037968, "Dist_2080": 1.9295202303184738, "Rate_2080": 0.19297447774427579, "Dist_2090": 1.8491432235764478, "Rate_2090": 0.18488521594227231, "Dist_2100": 1.7963997088510837, "Rate_2100": 0.1796608764129359, "RSL_2050": 0.18573485314846039, "RSL_2100": 0.55779761075973511 }, "geometry": { "type": "LineString", "coordinates": [ [ -2.406156283928703, 56.777384447687552 ], [ -2.4055370895679, 56.776899880633486 ] ] } },
{ "type": "Feature", "properties": { "Cell": "None", "SubCell": "None", "CMU": "None", "LineID": 1, "TransectID": 6, "Hist_Rate": 0.40672406749287032, "LatestYr": "2024-10-11 00:00:00", "LatestSrc": "montrose_MHWS_Modern_LiDAR.shp", "FirstEYr": 2030.0, "Extrap2050": -10.616137612721136, "Extrap2100": -31.659435678879106, "Dist_2040": 3.5289083230811116, "Rate_2040": 0.35293189983377682, "Dist_2050": 3.393690029237689, "Rate_2050": 0.33931558458906286, "Dist_2060": 3.2663418719704396, "Rate_2060": 0.32667219911641932, "Dist_2070": 3.129676792811722, "Rate_2070": 0.31291841664345343, "Dist_2080": 3.0473966089001578, "Rate_2080": 0.30477512484288499, "Dist_2090": 2.9669570298528924, "Rate_2090": 0.29664900163592806, "Dist_2100": 2.9136694796150095, "Rate_2100": 0.2914008556703957, "RSL_2050": 0.18573485314846039, "RSL_2100": 0.55779761075973511 }, "geometry": { "type": "LineString", "coordinates": [ [ -2.406226313922456, 56.777356499937625 ], [ -2.405631592450086, 56.776882560951826 ] ] } },
{ "type": "Feature", "properties": { "Cell": "None", "SubCell": "None", "CMU": "None", "LineID": 1, "TransectID": 7, "Hist_Rate": 0.45546469112649374, "LatestYr": "2024-10-11 00:00:00", "LatestSrc": "montrose_MHWS_Modern_LiDAR.shp", "FirstEYr": 2030.0, "Extrap2050": -11.502776289407926, "Extrap2100": -34.303568712849533, "Dist_2040": 3.8811284415891123, "Rate_2040": 0.38815801063173916, "Dist_2050": 3.7461589071792787, "Rate_2050": 0.37455692435133525, "Dist_2060": 3.6188556540020613, "Rate_2060": 0.36192767968424094, "Dist_2070": 3.4824409524123325, "Rate_2070": 0.34818927992375071, "Dist_2080": 3.4001552669894295, "Rate_2080": 0.34005509586620669, "Dist_2090": 3.3199031809408552, "Rate_2090": 0.33193806120032587, "Dist_2100": 3.2665777028136631, "Rate_2100": 0.3266957849452134, "RSL_2050": 0.18573485314846039, "RSL_2100": 0.55779761075973511 }, "geometry": { "type": "LineString", "coordinates": [ [ -2.406419295364865, 56.777281530915026 ], [ -2.40580741783045, 56.776802210763741 ] ] } },
{ "type": "Feature", "properties": { "Cell": "None", "SubCell": "None", "CMU": "None", "LineID": 1, "TransectID": 8, "Hist_Rate": 0.28862355244422372, "LatestYr": "2024-10-11 00:00:00", "LatestSrc": "montrose_MHWS_Modern_LiDAR.shp", "FirstEYr": 2030.0, "Extrap2050": -7.6380178152963474, "Extrap2100": -22.778089598965284, "Dist_2040": 2.3511905493753602, "Rate_2040": 0.23514641682098303, "Dist_2050": 2.2162107512409079, "Rate_2050": 0.22158619088697162, "Dist_2060": 2.0897056809830588, "Rate_2060": 0.20899488696233703, "Dist_2070": 1.9532850572360303, "Rate_2070": 0.1952977600650235, "Dist_2080": 1.8716623130779908, "Rate_2080": 0.18718801270109203, "Dist_2090": 1.7912355812952683, "Rate_2090": 0.17909536320866057, "Dist_2100": 1.7384860422570796, "Rate_2100": 0.17386883578561924, "RSL_2050": 0.18573485314846039, "RSL_2100": 0.55779761075973511 }, "geometry": { "type": "LineString", "coordinates": [ [ -2.406716607785104, 56.777164801771477 ], [ -2.406066384155017, 56.77667886466115 ] ] } },
{ "type": "Feature", "properties": { "Cell": "None", "SubCell": "None", "CMU": "None", "LineID": 1, "TransectID": 9, "Hist_Rate": 0.38654675984249554, "LatestYr": "2024-10-11 00:00:00", "LatestSrc": "montrose_MHWS_Modern_LiDAR.shp", "FirstEYr": 2030.0, "Extrap2050": -9.7215336863020756, "Extrap2100": -28.991548684592374, "Dist_2040": 3.1803929853651312, "Rate_2040": 0.31807631022925081, "Dist_2050": 3.0463026803998901, "Rate_2050": 0.30458231775142536, "Dist_2060": 2.9201853115166045, "Rate_2060": 0.29205251468828136, "Dist_2070": 2.7846612184955575, "Rate_2070": 0.27842228992509271, "Dist_2080": 2.7032069528470402, "Rate_2080": 0.27035215374458793, "Dist_2090": 2.6234032556842521, "Rate_2090": 0.26229903192287313, "Dist_2100": 2.5706811671095693, "Rate_2100": 0.25709803290745259, "RSL_2050": 0.18573485314846039, "RSL_2100": 0.55779761075973511 }, "geometry": { "type": "LineString", "coordinates": [ [ -2.407095173026098, 56.777010748251456 ], [ -2.406391444978431, 56.776520614085591 ] ] } },
{ "type": "Feature", "properties": { "Cell": "None", "SubCell": "None", "CMU": "None", "LineID": 1, "TransectID": 10, "Hist_Rate": 0.3741010434878097, "LatestYr": "2024-10-11 00:00:00", "LatestSrc": "montrose_MHWS_Modern_LiDAR.shp", "FirstEYr": 2030.0, "Extrap2050": -9.4924105025171706, "Extrap2100": -28.308257739787177, "Dist_2040": 3.0916501656401465, "Rate_2040": 0.30920099551583274, "Dist_2050": 2.957952717991077, "Rate_2050": 0.29574871218200272, "Dist_2060": 2.8322467785402523, "Rate_2060": 0.28325763800958054, "Dist_2070": 2.6971199745905778, "Rate_2070": 0.26966954347643013, "Dist_2080": 2.6159390873265238, "Rate_2080": 0.26162435161633568, "Dist_2090": 2.5363604507402897, "Rate_2090": 0.25359612152464012, "Dist_2100": 2.4838229310659017, "Rate_2100": 0.24841119849393145, "RSL_2050": 0.18573485314846039, "RSL_2100": 0.55779761075973511 }, "geometry": { "type": "LineString", "coordinates": [ [ -2.407512599561752, 56.776832044407954 ], [ -2.406751247422656, 56.776343635203858 ] ] } },
{ "type": "Feature", "properties": { "Cell": "None", "SubCell": "None", "CMU": "None", "LineID": 1, "TransectID": 11, "Hist_Rate": 0.56399182211952315, "LatestYr": "2024-10-11 00:00:00", "LatestSrc": "montrose_MHWS_Modern_LiDAR.shp", "FirstEYr": 2030.0, "Extrap2050": -14.151573420626052, "Extrap2100": -42.202809045012572, "Dist_2040": 4.9394270022150408, "Rate_2040": 0.49400018260036338, "Dist_2050": 4.8064162399755332, "Rate_2050": 0.48056596866391016, "Dist_2060": 4.6803720513447047, "Rate_2060": 0.46809167277197927, "Dist_2070": 4.5459338527468844, "Rate_2070": 0.4545218300607457, "Dist_2080": 4.4643549092915009, "Rate_2080": 0.44648744467604085, "Dist_2090": 4.3853902645595326, "Rate_2090": 0.43846999827631677, "Dist_2100": 4.3324162143041463, "Rate_2100": 0.43329203974616159, "RSL_2050": 0.18573485314846039, "RSL_2100": 0.55779761075973511 }, "geometry": { "type": "LineString", "coordinates": [ [ -2.407924191927141, 56.776646411318126 ], [ -2.407106611911704, 56.776163091939907 ] ] } },
{ "type": "Feature", "properties": { "Cell": "None", "SubCell": "None", "CMU": "None", "LineID": 1, "TransectID": 12, "Hist_Rate": 0.43716888018110966, "LatestYr": "2024-10-11 00:00:00", "LatestSrc": "montrose_MHWS_Modern_LiDAR.shp", "FirstEYr": 2030.0, "Extrap2050": -11.245768132029271, "Extrap2100": -33.537119225822671, "Dist_2040": 3.7887540868325686, "Rate_2040": 0.37891950015332543, "Dist_2050": 3.6556643764629939, "Rate_2050": 0.36550889570771561, "Dist_2060": 3.5301544030525633, "Rate_2060": 0.35305652233212648, "Dist_2070": 3.3956397649230325, "Rate_2070": 0.33951052746780747, "Dist_2080": 3.3145168927933355, "Rate_2080": 0.33149026183353503, "Dist_2090": 3.2353783184667009, "Rate_2090": 0.32348690541543224, "Dist_2100": 3.1828100688649101, "Rate_2100": 0.31831804670793867, "RSL_2050": 0.18573485314846039, "RSL_2100": 0.55779761075973511 }, "geometry": { "type": "LineString", "coordinates": [ [ -2.408293744905618, 56.776473007314856 ], [ -2.407422216994977, 56.775992969737182 ] ] } },
{ "type": "Feature", "properties": { "Cell": "None", "SubCell": "None", "CMU": "None", "LineID": 1, "TransectID": 13, "Hist_Rate": 0.51847382816868204, "LatestYr": "2024-10-11 00:00:00", "LatestSrc": "montrose_MHWS_Modern_LiDAR.shp", "FirstEYr": 2030.0, "Extrap2050": -13.206743348399694, "Extrap2100": -39.385137685583587, "Dist_2040": 4.5693287519550836, "Rate_2040": 0.45698605057118147, "Dist_2050": 4.4371045744602498, "Rate_2050": 0.44364061525795179, "Dist_2060": 4.3119857391248502, "Rate_2060": 0.43124875446941624, "Dist_2070": 4.1783435583383266, "Rate_2070": 0.41776858667023992, "Dist_2080": 4.0973961241717802, "Rate_2080": 0.40978729569627914, "Dist_2090": 4.0188609059670739, "Rate_2090": 0.40182283176777417, "Dist_2100": 3.9663293325012887, "Rate_2100": 0.39667909124482531, "RSL_2050": 0.18573485314846039, "RSL_2100": 0.55779761075973511 }, "geometry": { "type": "LineString", "coordinates": [ [ -2.408594699458334, 56.776330220429962 ], [ -2.407670284827633, 56.775846350821801 ] ] } },
{ "type": "Feature", "properties": { "Cell": "None", "SubCell": "None", "CMU": "None", "LineID": 1, "TransectID": 14, "Hist_Rate": 0.45149005628175171, "LatestYr": "2024-10-11 00:00:00", "LatestSrc": "montrose_MHWS_Modern_LiDAR.shp", "FirstEYr": 2030.0, "Extrap2050": -11.562279390478071, "Extrap2100": -34.481018805316943, "Dist_2040": 3.9195392307989323, "Rate_2040": 0.39199953655670294, "Dist_2050": 3.7875521344440699, "Rate_2050": 0.37869559552824755, "Dist_2060": 3.6629963615391148, "Rate_2060": 0.36634226412361726, "Dist_2070": 3.529595670818253, "Rate_2070": 0.35290400952609796, "Dist_2080": 3.4490739591860233, "Rate_2080": 0.34494753437513725, "Dist_2090": 3.3706088897646964, "Rate_2090": 0.33700783395014566, "Dist_2100": 3.3184146868396738, "Rate_2100": 0.33188008659858698, "RSL_2050": 0.18573485314846039, "RSL_2100": 0.55779761075973511 }, "geometry": { "type": "LineString", "coordinates": [ [ -2.40880123360253, 56.776222786895417 ], [ -2.407852872874757, 56.77573928649656 ] ] } },
{ "type": "Feature", "properties": { "Cell": "None", "SubCell": "None", "CMU": "None", "LineID": 1, "TransectID": 15, "Hist_Rate": 0.62294573269137421, "LatestYr": "2024-10-11 00:00:00", "LatestSrc": "montrose_MHWS_Modern_LiDAR.shp", "FirstEYr": 2030.0, "Extrap2050": -15.885373001399364, "Extrap2100": -47.373344536355965, "Dist_2040": 5.6344547131785703, "Rate_2040": 0.5635110420531555, "Dist_2050": 5.5031891542055291, "Rate_2050": 0.55023229254172268, "Dist_2060": 5.3783976175735688, "Rate_2060": 0.53790235263872244, "Dist_2070": 5.2457211409290494, "Rate_2070": 0.52448954388606028, "Dist_2080": 5.1648802854043652, "Rate_2080": 0.51654813462261884, "Dist_2090": 5.0870354073765043, "Rate_2090": 0.5086234683215749, "Dist_2100": 5.0344684213466735, "Rate_2100": 0.5035054305541381, "RSL_2050": 0.18573485314846039, "RSL_2100": 0.55779761075973511 }, "geometry": { "type": "LineString", "coordinates": [ [ -2.408921990673623, 56.77615832118525 ], [ -2.407970146903745, 56.775673532125793 ] ] } },
{ "type": "Feature", "properties": { "Cell": "None", "SubCell": "None", "CMU": "None", "LineID": 1, "TransectID": 16, "Hist_Rate": 0.67255055095772698, "LatestYr": "2024-10-11 00:00:00", "LatestSrc": "montrose_MHWS_Modern_LiDAR.shp", "FirstEYr": 2030.0, "Extrap2050": -16.840985443755162, "Extrap2100": -50.223171069920021, "Dist_2040": 6.0141660313170178, "Rate_2040": 0.60148659274186911, "Dist_2050": 5.8831868812023913, "Rate_2050": 0.58822608389202424, "Dist_2060": 5.7584606744676421, "Rate_2060": 0.57591308129634389, "Dist_2070": 5.626072544821227, "Rate_2070": 0.56251869735884674, "Dist_2080": 5.5452366453234845, "Rate_2080": 0.55458819699604678, "Dist_2090": 5.4676047935993211, "Rate_2090": 0.54667441659627702, "Dist_2100": 5.4150039245410539, "Rate_2100": 0.54156340933986469, "RSL_2050": 0.18573485314846039, "RSL_2100": 0.55779761075973511 }, "geometry": { "type": "LineString", "coordinates": [ [ -2.408973993680363, 56.776133757952344 ], [ -2.408030026881181, 56.775642864254365 ] ] } },
{ "type": "Feature", "properties": { "Cell": "None", "SubCell": "None", "CMU": "None", "LineID": 1, "TransectID": 17, "Hist_Rate": 0.54761319384110874, "LatestYr": "2024-10-11 00:00:00", "LatestSrc": "montrose_MHWS_Modern_LiDAR.shp", "FirstEYr": 2030.0, "Extrap2050": -13.845604905298663, "Extrap2100": -41.290350024213694, "Dist_2040": 4.8273381627055869, "Rate_2040": 0.48278999422015206, "Dist_2050": 4.6961403237187938, "Rate_2050": 0.46954011283489233, "Dist_2060": 4.5718377376318244, "Rate_2060": 0.45723697833707327, "Dist_2070": 4.4392320483218555, "Rate_2070": 0.44385332915663711, "Dist_2080": 4.3587845941485739, "Rate_2080": 0.43592918459154179, "Dist_2090": 4.2808912990447539, "Rate_2090": 0.42802174658947539, "Dist_2100": 4.2286562467083968, "Rate_2100": 0.42291483548422554, "RSL_2050": 0.18573485314846039, "RSL_2100": 0.55779761075973511 }, "geometry": { "type": "LineString", "coordinates": [ [ -2.408976957288913, 56.776135967381364 ], [ -2.408049143003757, 56.775635878617145 ] ] } },
{ "type": "Feature", "properties": { "Cell": "None", "SubCell": "None", "CMU": "None", "LineID": 1, "TransectID": 18, "Hist_Rate": 0.56252099900927977, "LatestYr": "2024-10-11 00:00:00", "LatestSrc": "montrose_MHWS_Modern_LiDAR.shp", "FirstEYr": 2030.0, "Extrap2050": -14.420819266751336, "Extrap2100": -43.005753755996196, "Dist_2040": 5.0566887197485926, "Rate_2040": 0.50572771898213997, "Dist_2050": 4.9258218564922913, "Rate_2050": 0.4925046508129991, "Dist_2060": 4.8017053399159977, "Rate_2060": 0.48022641364027074, "Dist_2070": 4.6694334753427711, "Rate_2070": 0.46686984837609696, "Dist_2080": 4.5890833429324971, "Rate_2080": 0.45896173956216391, "Dist_2090": 4.5114131534421631, "Rate_2090": 0.45107030350290156, "Dist_2100": 4.4592183306424431, "Rate_2100": 0.44597372703441196, "RSL_2050": 0.18573485314846039, "RSL_2100": 0.55779761075973511 }, "geometry": { "type": "LineString", "coordinates": [ [ -2.408956434869071, 56.776148762702448 ], [ -2.40804141081575, 56.775634238356218 ] ] } },
{ "type": "Feature", "properties": { "Cell": "None", "SubCell": "None", "CMU": "None", "LineID": 1, "TransectID": 19, "Hist_Rate": 0.79737963682034163, "LatestYr": "2024-10-11 00:00:00", "LatestSrc": "montrose_MHWS_Modern_LiDAR.shp", "FirstEYr": 2030.0, "Extrap2050": -20.312275553448135, "Extrap2100": -60.575249194723497, "Dist_2040": 7.3919013815697099, "Rate_2040": 0.73927616110568861, "Dist_2050": 7.2616460092834814, "Rate_2050": 0.72605029908177443, "Dist_2060": 7.1368641272107993, "Rate_2060": 0.71376946768422522, "Dist_2070": 7.0052034567499391, "Rate_2070": 0.70041008035915409, "Dist_2080": 6.924197206085978, "Rate_2080": 0.69250030066918344, "Dist_2090": 6.8471497473007048, "Rate_2090": 0.68460719725663233, "Dist_2100": 6.7943047550820097, "Rate_2100": 0.67950954395072316, "RSL_2050": 0.18573485314846039, "RSL_2100": 0.55779761075973511 }, "geometry": { "type": "LineString", "coordinates": [ [ -2.408940359613367, 56.776156473292041 ], [ -2.408040487551763, 56.775629676425368 ] ] } },
{ "type": "Feature", "properties": { "Cell": "None", "SubCell": "None", "CMU": "None", "LineID": 1, "TransectID": 20, "Hist_Rate": 0.77937260135843733, "LatestYr": "2024-10-11 00:00:00", "LatestSrc": "montrose_MHWS_Modern_LiDAR.shp", "FirstEYr": 2030.0, "Extrap2050": -19.98405265108423, "Extrap2100": -59.596423161677976, "Dist_2040": 7.2606389480485518, "Rate_2040": 0.72614839019239408, "Dist_2050": 7.1301158659020984, "Rate_2050": 0.71289935509218372, "Dist_2060": 7.0051548420785821, "Rate_2060": 0.70059700640960754, "Dist_2070": 6.873223999530012, "Rate_2070": 0.68721421205812772, "Dist_2080": 6.7921153065428825, "Rate_2080": 0.67929057361719303, "Dist_2090": 6.7148933636573815, "Rate_2090": 0.67138364067222323, "Dist_2100": 6.6619952705488004, "Rate_2100": 0.66627705575121032, "RSL_2050": 0.18573485314846039, "RSL_2100": 0.55779761075973511 }, "geometry": { "type": "LineString", "coordinates": [ [ -2.408954141990425, 56.77614675822629 ], [ -2.408068341788372, 56.775611935734254 ] ] } },
{ "type": "Feature", "properties": { "Cell": "None", "SubCell": "None", "CMU": "None", "LineID": 1, "TransectID": 21, "Hist_Rate": 1.0251872902277712, "LatestYr": "2024-10-11 00:00:00", "LatestSrc": "montrose_MHWS_Modern_LiDAR.shp", "FirstEYr": 2030.0, "Extrap2050": -25.361407120071824, "Extrap2100": -75.632764639528204, "Dist_2040": 9.3928492924397347, "Rate_2040": 0.93939423814181811, "Dist_2050": 9.2630396504525834, "Rate_2050": 0.92615816028755205, "Dist_2060": 9.1376150439401727, "Rate_2060": 0.91386784301377832, "Dist_2070": 9.0063990183075475, "Rate_2070": 0.90049813672165191, "Dist_2080": 8.9247838560792729, "Rate_2080": 0.89258224741348136, "Dist_2090": 8.8482232260875548, "Rate_2090": 0.88468304726369662, "Dist_2100": 8.7947910744320552, "Rate_2100": 0.87958145646310237, "RSL_2050": 0.18573485314846039, "RSL_2100": 0.55779761075973511 }, "geometry": { "type": "LineString", "coordinates": [ [ -2.409015894667784, 56.776111998973569 ], [ -2.408131821259734, 56.775569343622351 ] ] } },
{ "type": "Feature", "properties": { "Cell": "None", "SubCell": "None", "CMU": "None", "LineID": 1, "TransectID": 22, "Hist_Rate": 0.88829688225942816, "LatestYr": "2024-10-11 00:00:00", "LatestSrc": "montrose_MHWS_Modern_LiDAR.shp", "FirstEYr": 2030.0, "Extrap2050": -22.623623610058665, "Extrap2100": -67.46814921158817, "Dist_2040": 8.3031970829618444, "Rate_2040": 0.83041633641119705, "Dist_2050": 8.1722060140115218, "Rate_2050": 0.81709196689641483, "Dist_2060": 8.0462602866328439, "Rate_2060": 0.804719666686883, "Dist_2070": 7.9138534527120896, "Rate_2070": 0.79126077736167411, "Dist_2080": 7.8320094018502004, "Rate_2080": 0.78329208487274693, "Dist_2090": 7.7546225440518128, "Rate_2090": 0.77534019286773725, "Dist_2100": 7.7011494993932388, "Rate_2100": 0.77020457175031076, "RSL_2050": 0.18573485314846039, "RSL_2100": 0.55779761075973511 }, "geometry": { "type": "LineString", "coordinates": [ [ -2.40913321388567, 56.776049520580138 ], [ -2.408258919737379, 56.775512832056855 ] ] } },
{ "type": "Feature", "properties": { "Cell": "None", "SubCell": "None", "CMU": "None", "LineID": 1, "TransectID": 23, "Hist_Rate": 0.92373346113627541, "LatestYr": "2024-10-11 00:00:00", "LatestSrc": "montrose_MHWS_Modern_LiDAR.shp", "FirstEYr": 2030.0, "Extrap2050": -23.288942942485548, "Extrap2100": -69.452263903700256, "Dist_2040": 8.5659786038149264, "Rate_2040": 0.85669754660566078, "Dist_2050": 8.4348693013845377, "Rate_2050": 0.84335416118558504, "Dist_2060": 8.3086751195327793, "Rate_2060": 0.83096420381871605, "Dist_2070": 8.1761480316197321, "Rate_2070": 0.81748610660795784, "Dist_2080": 8.0941184660960062, "Rate_2080": 0.80950604158079698, "Dist_2090": 8.0166898761936523, "Rate_2090": 0.80154280101441555, "Dist_2100": 7.9630718066215422, "Rate_2100": 0.79639985058323348, "RSL_2050": 0.18573485314846039, "RSL_2100": 0.55779761075973511 }, "geometry": { "type": "LineString", "coordinates": [ [ -2.409302484370741, 56.775961146577664 ], [ -2.408420042795162, 56.775427690052688 ] ] } },
{ "type": "Feature", "properties": { "Cell": "None", "SubCell": "None", "CMU": "None", "LineID": 1, "TransectID": 24, "Hist_Rate": 0.89892342580769791, "LatestYr": "2024-10-11 00:00:00", "LatestSrc": "montrose_MHWS_Modern_LiDAR.shp", "FirstEYr": 2030.0, "Extrap2050": -22.152393453591749, "Extrap2100": -66.062847078848719, "Dist_2040": 8.1169648888271126, "Rate_2040": 0.81179094972821375, "Dist_2050": 7.9860354436649459, "Rate_2050": 0.79847784027725, "Dist_2060": 7.8602452228261654, "Rate_2060": 0.78611599556355038, "Dist_2070": 7.7279012091181016, "Rate_2070": 0.77266847998119859, "Dist_2080": 7.646175395663704, "Rate_2080": 0.76470652161848318, "Dist_2090": 7.5688048621863686, "Rate_2090": 0.75676134954204899, "Dist_2100": 7.515426079366307, "Rate_2100": 0.75163006839894542, "RSL_2050": 0.18573485314846039, "RSL_2100": 0.55779761075973511 }, "geometry": { "type": "LineString", "coordinates": [ [ -2.40950767497918, 56.775850430589287 ], [ -2.40860701298046, 56.775320532699304 ] ] } },
{ "type": "Feature", "properties": { "Cell": "None", "SubCell": "None", "CMU": "None", "LineID": 1, "TransectID": 25, "Hist_Rate": 1.0554882353149773, "LatestYr": "2024-10-11 00:00:00", "LatestSrc": "montrose_MHWS_Modern_LiDAR.shp", "FirstEYr": 2030.0, "Extrap2050": -26.363689827605835, "Extrap2100": -78.621771194341733, "Dist_2040": 9.7871888211416831, "Rate_2040": 0.97883278012208141, "Dist_2050": 9.6568933896555791, "Rate_2050": 0.96553733475808323, "Dist_2060": 9.5308097756791312, "Rate_2060": 0.95319189197521503, "Dist_2070": 9.3991016525237683, "Rate_2070": 0.93976221881245892, "Dist_2080": 9.3170239804372272, "Rate_2080": 0.93181082452761343, "Dist_2090": 9.24021639765283, "Rate_2090": 0.92387619425669698, "Dist_2100": 9.1864481448209858, "Rate_2100": 0.91875172139506545, "RSL_2050": 0.18573485314846039, "RSL_2100": 0.55779761075973511 }, "geometry": { "type": "LineString", "coordinates": [ [ -2.409729942703944, 56.775725115686939 ], [ -2.408813806525608, 56.775204052097664 ] ] } },
{ "type": "Feature", "properties": { "Cell": "None", "SubCell": "None", "CMU": "None", "LineID": 1, "TransectID": 26, "Hist_Rate": 1.1706481135545439, "LatestYr": "2024-10-11 00:00:00", "LatestSrc": "montrose_MHWS_Modern_LiDAR.shp", "FirstEYr": 2030.0, "Extrap2050": -29.246239990128824, "Extrap2100": -87.218109598262188, "Dist_2040": 10.929534749998993, "Rate_2040": 1.0930806670116395, "Dist_2050": 10.799494667258614, "Rate_2050": 1.0797794774175211, "Dist_2060": 10.673044937262659, "Rate_2060": 1.0674287008483454, "Dist_2070": 10.541591552506645, "Rate_2070": 1.0539932254630191, "Dist_2080": 10.459166776946006, "Rate_2080": 1.0460383958183739, "Dist_2090": 10.382637652062556, "Rate_2090": 1.0381003374304567, "Dist_2100": 10.328534526698434, "Rate_2100": 1.03297365056617, "RSL_2050": 0.18573485314846039, "RSL_2100": 0.55779761075973511 }, "geometry": { "type": "LineString", "coordinates": [ [ -2.4099543884354, 56.775596767655138 ], [ -2.409026081469852, 56.775086978768961 ] ] } },
{ "type": "Feature", "properties": { "Cell": "None", "SubCell": "None", "CMU": "None", "LineID": 1, "TransectID": 27, "Hist_Rate": 0.98528086177940721, "LatestYr": "2024-10-11 00:00:00", "LatestSrc": "montrose_MHWS_Modern_LiDAR.shp", "FirstEYr": 2030.0, "Extrap2050": -24.929712715007341, "Extrap2100": -74.345365987715908, "Dist_2040": 9.2151514106331547, "Rate_2040": 0.92162238200935931, "Dist_2050": 9.0839747951195591, "Rate_2050": 0.90825449332232566, "Dist_2060": 8.9573754243760391, "Rate_2060": 0.89584178352619537, "Dist_2070": 8.8247784198143222, "Rate_2070": 0.88233893566904809, "Dist_2080": 8.742424767559271, "Rate_2080": 0.87434421636507864, "Dist_2090": 8.6650274417179389, "Rate_2090": 0.86636635241764703, "Dist_2100": 8.6111374591654908, "Rate_2100": 0.86121395767504161, "RSL_2050": 0.18573485314846039, "RSL_2100": 0.55779761075973511 }, "geometry": { "type": "LineString", "coordinates": [ [ -2.410165324241751, 56.775474120617716 ], [ -2.409236783492636, 56.774979982068309 ] ] } },
{ "type": "Feature", "properties": { "Cell": "None", "SubCell": "None", "CMU": "None", "LineID": 1, "TransectID": 28, "Hist_Rate": 0.9841469059077842, "LatestYr": "2024-10-11 00:00:00", "LatestSrc": "montrose_MHWS_Modern_LiDAR.shp", "FirstEYr": 2030.0, "Extrap2050": -24.908808443672442, "Extrap2100": -74.283025289254354, "Dist_2040": 9.2075114372303801, "Rate_2040": 0.92085829575920519, "Dist_2050": 9.0764623213117375, "Rate_2050": 0.90750336419154187, "Dist_2060": 8.9499853060028158, "Rate_2060": 0.89510268568667406, "Dist_2070": 8.8175171777792798, "Rate_2070": 0.88161292576103167, "Dist_2080": 8.735242994825569, "Rate_2080": 0.87362595551412325, "Dist_2090": 8.657921041822874, "Rate_2090": 0.86565582428633758, "Dist_2100": 8.6040829395355445, "Rate_2100": 0.8605084236153645, "RSL_2050": 0.18573485314846039, "RSL_2100": 0.55779761075973511 }, "geometry": { "type": "LineString", "coordinates": [ [ -2.410352347504792, 56.775363806035848 ], [ -2.40941366758106, 56.774876267017028 ] ] } },
{ "type": "Feature", "properties": { "Cell": "None", "SubCell": "None", "CMU": "None", "LineID": 1, "TransectID": 29, "Hist_Rate": 1.163758608700872, "LatestYr": "2024-10-11 00:00:00", "LatestSrc": "montrose_MHWS_Modern_LiDAR.shp", "FirstEYr": 2030.0, "Extrap2050": -29.478069191377884, "Extrap2100": -87.909470425823017, "Dist_2040": 11.019868771170763, "Rate_2040": 1.1021151203872777, "Dist_2050": 10.88954022524581, "Rate_2050": 1.0887826158552814, "Dist_2060": 10.762775105485957, "Rate_2060": 1.0764027619018222, "Dist_2070": 10.63102993021397, "Rate_2070": 1.0629356554301057, "Dist_2080": 10.548393412665064, "Rate_2080": 1.0549620977615881, "Dist_2090": 10.471701805232726, "Rate_2090": 1.0470053508343045, "Dist_2100": 10.41745361542894, "Rate_2100": 1.0418665942314635, "RSL_2050": 0.18573485314846039, "RSL_2100": 0.55779761075973511 }, "geometry": { "type": "LineString", "coordinates": [ [ -2.410511122788562, 56.77526925211599 ], [ -2.409564584409681, 56.774785195274163 ] ] } },
{ "type": "Feature", "properties": { "Cell": "None", "SubCell": "None", "CMU": "None", "LineID": 1, "TransectID": 30, "Hist_Rate": 0.98899890917689137, "LatestYr": "2024-10-11 00:00:00", "LatestSrc": "montrose_MHWS_Modern_LiDAR.shp", "FirstEYr": 2030.0, "Extrap2050": -24.37421491246241, "Extrap2100": -72.688760959503398, "Dist_2040": 8.9971740873061776, "Rate_2040": 0.89982211297451442, "Dist_2050": 8.8663828525342296, "Rate_2050": 0.88649872406699526, "Dist_2060": 8.7402562002462219, "Rate_2060": 0.87412733439716073, "Dist_2070": 8.6080493046970332, "Rate_2070": 0.86066943557919695, "Dist_2080": 8.5260210832620373, "Rate_2080": 0.85270132954636768, "Dist_2090": 8.4488301146388949, "Rate_2090": 0.84475002276101741, "Dist_2100": 8.3951708114423695, "Rate_2100": 0.83961477959973707, "RSL_2050": 0.18573485314846039, "RSL_2100": 0.55779761075973511 }, "geometry": { "type": "LineString", "coordinates": [ [ -2.410642965307646, 56.775190360813802 ], [ -2.409694610185615, 56.774708709566539 ] ] } },
{ "type": "Feature", "properties": { "Cell": "None", "SubCell": "None", "CMU": "None", "LineID": 1, "TransectID": 31, "Hist_Rate": 1.034250814414541, "LatestYr": "2024-10-11 00:00:00", "LatestSrc": "montrose_MHWS_Modern_LiDAR.shp", "FirstEYr": 2030.0, "Extrap2050": -26.058056014298273, "Extrap2100": -77.710310321593951, "Dist_2040": 9.6619438522968721, "Rate_2040": 0.96630682570441961, "Dist_2050": 9.5307935932868872, "Rate_2050": 0.95292933999345364, "Dist_2060": 9.4039828044815295, "Rate_2060": 0.94050771891178675, "Dist_2070": 9.2714111367031364, "Rate_2070": 0.92699517714133461, "Dist_2080": 9.1888778311046053, "Rate_2080": 0.91899471829880175, "Dist_2090": 9.1115454707904746, "Rate_2090": 0.9110111269135478, "Dist_2100": 9.057496269424405, "Rate_2100": 0.90585503318325389, "RSL_2050": 0.18573485314846039, "RSL_2100": 0.55779761075973511 }, "geometry": { "type": "LineString", "coordinates": [ [ -2.410753620603615, 56.775124017523183 ], [ -2.409816111460333, 56.774647899052454 ] ] } },
{ "type": "Feature", "properties": { "Cell": "None", "SubCell": "None", "CMU": "None", "LineID": 1, "TransectID": 32, "Hist_Rate": 1.0646689140886252, "LatestYr": "2024-10-11 00:00:00", "LatestSrc": "montrose_MHWS_Modern_LiDAR.shp", "FirstEYr": 2030.0, "Extrap2050": -27.195725707282776, "Extrap2100": -81.103067818039108, "Dist_2040": 10.111275432275932, "Rate_2040": 1.0112452127801319, "Dist_2050": 9.9799201064108729, "Rate_2050": 0.99783492183568945, "Dist_2060": 9.8526817938089266, "Rate_2060": 0.98538283956058514, "Dist_2070": 9.7199015734945533, "Rate_2070": 0.97183716136246501, "Dist_2080": 9.63704932453129, "Rate_2080": 0.96381708321881698, "Dist_2090": 9.5596438734875164, "Rate_2090": 0.95581391389604831, "Dist_2100": 9.5053455795276136, "Rate_2100": 0.95064517602152643, "RSL_2050": 0.18573485314846039, "RSL_2100": 0.55779761075973511 }, "geometry": { "type": "LineString", "coordinates": [ [ -2.410851558959683, 56.77506521606302 ], [ -2.409918651940346, 56.774589505193497 ] ] } },
{ "type": "Feature", "properties": { "Cell": "None", "SubCell": "None", "CMU": "None", "LineID": 1, "TransectID": 33, "Hist_Rate": 1.215417803545179, "LatestYr": "2024-10-11 00:00:00", "LatestSrc": "montrose_MHWS_Modern_LiDAR.shp", "FirstEYr": 2030.0, "Extrap2050": -30.78959939655055, "Extrap2100": -91.820714579423239, "Dist_2040": 11.536255511507363, "Rate_2040": 1.1537598038504184, "Dist_2050": 11.40536686065559, "Rate_2050": 1.1403571600336708, "Dist_2060": 11.277809334313531, "Rate_2060": 1.1279121784742634, "Dist_2070": 11.145496601548814, "Rate_2070": 1.1143742246074988, "Dist_2080": 11.062299827992831, "Rate_2080": 1.1063587198591653, "Dist_2090": 10.985330287411216, "Rate_2090": 1.0983601142895678, "Dist_2100": 10.930671186158861, "Rate_2100": 1.0931943238528554, "RSL_2050": 0.18573485314846039, "RSL_2100": 0.55779761075973511 }, "geometry": { "type": "LineString", "coordinates": [ [ -2.410946047408528, 56.775008420702726 ], [ -2.410011016677301, 56.77452915607121 ] ] } },
{ "type": "Feature", "properties": { "Cell": "None", "SubCell": "None", "CMU": "None", "LineID": 1, "TransectID": 34, "Hist_Rate": 1.317820374606465, "LatestYr": "2024-10-11 00:00:00", "LatestSrc": "montrose_MHWS_Modern_LiDAR.shp", "FirstEYr": 2030.0, "Extrap2050": -32.796014111473475, "Extrap2100": -97.804242669351325, "Dist_2040": 12.332159137694703, "Rate_2040": 1.2333594287649117, "Dist_2050": 12.201602308967836, "Rate_2050": 1.2199681717309567, "Dist_2060": 12.07393253437931, "Rate_2060": 1.2075337633318826, "Dist_2070": 11.941952833628534, "Rate_2070": 1.1940073112062879, "Dist_2080": 11.858606123272637, "Rate_2080": 1.1859986163689502, "Dist_2090": 11.781922595555841, "Rate_2090": 1.1780068063529441, "Dist_2100": 11.727089312117414, "Rate_2100": 1.1728454047319399, "RSL_2050": 0.18573485314846039, "RSL_2100": 0.55779761075973511 }, "geometry": { "type": "LineString", "coordinates": [ [ -2.411045293369331, 56.774948788849258 ], [ -2.410106861996372, 56.774466034139948 ] ] } },
{ "type": "Feature", "properties": { "Cell": "None", "SubCell": "None", "CMU": "None", "LineID": 1, "TransectID": 35, "Hist_Rate": 1.4632998520233795, "LatestYr": "2024-10-11 00:00:00", "LatestSrc": "montrose_MHWS_Modern_LiDAR.shp", "FirstEYr": 2030.0, "Extrap2050": -35.869807623672507, "Extrap2100": -106.97090681215697, "Dist_2040": 13.550321069409449, "Rate_2040": 1.3551897982458327, "Dist_2050": 13.420041918965524, "Rate_2050": 1.3417929538975542, "Dist_2060": 13.291986724662706, "Rate_2060": 1.329353357415832, "Dist_2070": 13.160284108521466, "Rate_2070": 1.3158212615676572, "Dist_2080": 13.076570471628713, "Rate_2080": 1.3078092252146358, "Dist_2090": 13.000187100074641, "Rate_2090": 1.2998140807278982, "Dist_2100": 12.944998786927158, "Rate_2100": 1.2946505255844039, "RSL_2050": 0.18573485314846039, "RSL_2100": 0.55779761075973511 }, "geometry": { "type": "LineString", "coordinates": [ [ -2.411154995248226, 56.774883005201318 ], [ -2.410214601514048, 56.774399116253939 ] ] } },
{ "type": "Feature", "properties": { "Cell": "None", "SubCell": "None", "CMU": "None", "LineID": 1, "TransectID": 36, "Hist_Rate": 1.3873955318434066, "LatestYr": "2024-10-11 00:00:00", "LatestSrc": "montrose_MHWS_Modern_LiDAR.shp", "FirstEYr": 2030.0, "Extrap2050": -34.844317884909962, "Extrap2100": -103.91269227047664, "Dist_2040": 13.140864926910865, "Rate_2040": 1.3142394189669337, "Dist_2050": 13.009881096315155, "Rate_2050": 1.3007833277637253, "Dist_2060": 12.881388111814545, "Rate_2060": 1.2882887178065234, "Dist_2070": 12.748974520317745, "Rate_2070": 1.2746967769606226, "Dist_2080": 12.66501919148368, "Rate_2080": 1.2666493077890137, "Dist_2090": 12.588169491087285, "Rate_2090": 1.2586188051870923, "Dist_2100": 12.532865637775274, "Rate_2100": 1.2534324144866198, "RSL_2050": 0.18573485314846039, "RSL_2100": 0.55779761075973511 }, "geometry": { "type": "LineString", "coordinates": [ [ -2.411277584088613, 56.774809642180855 ], [ -2.410342549864685, 56.774330381144921 ] ] } },
{ "type": "Feature", "properties": { "Cell": "None", "SubCell": "None", "CMU": "None", "LineID": 1, "TransectID": 37, "Hist_Rate": 1.3794888007563038, "LatestYr": "2024-10-11 00:00:00", "LatestSrc": "montrose_MHWS_Modern_LiDAR.shp", "FirstEYr": 2030.0, "Extrap2050": -34.591540414680651, "Extrap2100": -103.15885953471734, "Dist_2040": 9.4445387627594073, "Rate_2040": 0.94456378670787322, "Dist_2050": 8.5915890274940239, "Rate_2050": 0.85902366695167975, "Dist_2060": 7.7950495089999663, "Rate_2060": 0.77959566546848857, "Dist_2070": 6.9330108104645092, "Rate_2070": 0.69319195207804096, "Dist_2080": 6.419596334885739, "Rate_2080": 0.64203434127724657, "Dist_2090": 5.9107762514053661, "Rate_2090": 0.59098458664219122, "Dist_2100": 5.5794986690989958, "Rate_2100": 0.55801479809649235, "RSL_2050": 0.18573485314846039, "RSL_2100": 0.55779761075973511 }, "geometry": { "type": "LineString", "coordinates": [ [ -2.411412267846734, 56.774729089143058 ], [ -2.410474679527109, 56.774252261935459 ] ] } },
{ "type": "Feature", "properties": { "Cell": "None", "SubCell": "None", "CMU": "None", "LineID": 1, "TransectID": 38, "Hist_Rate": 1.4213739324811732, "LatestYr": "2024-10-11 00:00:00", "LatestSrc": "montrose_MHWS_Modern_LiDAR.shp", "FirstEYr": 2030.0, "Extrap2050": -35.697007455809725, "Extrap2100": -106.45558231285925, "Dist_2040": 13.476948199136757, "Rate_2040": 1.3478516573447994, "Dist_2050": 13.345671512748595, "Rate_2050": 1.3343570839022938, "Dist_2060": 13.21672932241637, "Rate_2060": 1.3218267413862708, "Dist_2070": 13.08401878624278, "Rate_2070": 1.3081959297931232, "Dist_2080": 12.999741622051772, "Rate_2080": 1.3001254461643605, "Dist_2090": 12.922753880698963, "Rate_2090": 1.2920719776269343, "Dist_2100": 12.86721013060486, "Rate_2100": 1.2868707546898812, "RSL_2050": 0.18573485314846039, "RSL_2100": 0.55779761075973511 }, "geometry": { "type": "LineString", "coordinates": [ [ -2.411555763573563, 56.774643160350863 ], [ -2.410613293644678, 56.774168964265314 ] ] } },
{ "type": "Feature", "properties": { "Cell": "None", "SubCell": "None", "CMU": "None", "LineID": 1, "TransectID": 39, "Hist_Rate": 1.368771985451434, "LatestYr": "2024-10-11 00:00:00", "LatestSrc": "montrose_MHWS_Modern_LiDAR.shp", "FirstEYr": 2030.0, "Extrap2050": -34.098367835376813, "Extrap2100": -101.68812072907609, "Dist_2040": 12.840236887635285, "Rate_2040": 1.2841731164929164, "Dist_2050": 12.708181140101033, "Rate_2050": 1.2706180810466334, "Dist_2060": 12.57885210857836, "Rate_2060": 1.2580315967325937, "Dist_2070": 12.445356086940592, "Rate_2070": 1.2443397127249929, "Dist_2080": 12.360892201777119, "Rate_2080": 1.2362330695530064, "Dist_2090": 12.283368639156265, "Rate_2090": 1.2281435177079201, "Dist_2100": 12.227766907230716, "Rate_2100": 1.2229189908582188, "RSL_2050": 0.18573485314846039, "RSL_2100": 0.55779761075973511 }, "geometry": { "type": "LineString", "coordinates": [ [ -2.411703427988508, 56.774554514104977 ], [ -2.410763116750426, 56.774087123466721 ] ] } },
{ "type": "Feature", "properties": { "Cell": "None", "SubCell": "None", "CMU": "None", "LineID": 1, "TransectID": 40, "Hist_Rate": 1.2755778838031562, "LatestYr": "2024-10-11 00:00:00", "LatestSrc": "montrose_MHWS_Modern_LiDAR.shp", "FirstEYr": 2030.0, "Extrap2050": -32.642011433503718, "Extrap2100": -97.344976026865794, "Dist_2040": 12.261001252990638, "Rate_2040": 1.2262428121975448, "Dist_2050": 12.128397723576484, "Rate_2050": 1.2126488654676661, "Dist_2060": 11.998866138952792, "Rate_2060": 1.2000262502071373, "Dist_2070": 11.864818200963157, "Rate_2070": 1.1862950620764539, "Dist_2080": 11.780280553245916, "Rate_2080": 1.1781651478556741, "Dist_2090": 11.702365749635192, "Rate_2090": 1.1700523740243995, "Dist_2100": 11.64677310727609, "Rate_2100": 1.1648128495712726, "RSL_2050": 0.18573485314846039, "RSL_2100": 0.55779761075973511 }, "geometry": { "type": "LineString", "coordinates": [ [ -2.411852072680883, 56.77446681659972 ], [ -2.410908699894171, 56.774003513407891 ] ] } },
{ "type": "Feature", "properties": { "Cell": "None", "SubCell": "None", "CMU": "None", "LineID": 1, "TransectID": 41, "Hist_Rate": 1.2808498793617191, "LatestYr": "2024-10-11 00:00:00", "LatestSrc": "montrose_MHWS_Modern_LiDAR.shp", "FirstEYr": 2030.0, "Extrap2050": -32.009854662827991, "Extrap2100": -95.459758695451981, "Dist_2040": 12.006891733650718, "Rate_2040": 1.2008289030744586, "Dist_2050": 11.873511958328152, "Rate_2050": 1.1871643009689763, "Dist_2060": 11.74339415620824, "Rate_2060": 1.174476078887976, "Dist_2070": 11.60856246490755, "Rate_2070": 1.1606735220610447, "Dist_2080": 11.523672458453177, "Rate_2080": 1.1525013521102367, "Dist_2090": 11.445265656955542, "Rate_2090": 1.1443464116371707, "Dist_2100": 11.389471099307912, "Rate_2100": 1.1390796544329052, "RSL_2050": 0.18573485314846039, "RSL_2100": 0.55779761075973511 }, "geometry": { "type": "LineString", "coordinates": [ [ -2.411998363275712, 56.774382884559252 ], [ -2.411055784893726, 56.773924834375229 ] ] } },
{ "type": "Feature", "properties": { "Cell": "None", "SubCell": "None", "CMU": "None", "LineID": 1, "TransectID": 42, "Hist_Rate": 1.3434978446968835, "LatestYr": "2024-10-11 00:00:00", "LatestSrc": "montrose_MHWS_Modern_LiDAR.shp", "FirstEYr": 2030.0, "Extrap2050": -33.806549467794916, "Extrap2100": -100.81786026567517, "Dist_2040": 12.717829909825241, "Rate_2040": 1.2719309942057355, "Dist_2050": 12.584391163299131, "Rate_2050": 1.2582410318809973, "Dist_2060": 12.453843305605062, "Rate_2060": 1.2455292616504536, "Dist_2070": 12.318949948481134, "Rate_2070": 1.2317010885732604, "Dist_2080": 12.233713824997267, "Rate_2080": 1.223513751841885, "Dist_2090": 12.155350076977015, "Rate_2090": 1.2153436765645436, "Dist_2100": 12.099263400722691, "Rate_2100": 1.2100671447531373, "RSL_2050": 0.18573485314846039, "RSL_2100": 0.55779761075973511 }, "geometry": { "type": "LineString", "coordinates": [ [ -2.412137322710155, 56.774303311532769 ], [ -2.41118870392061, 56.773846076552331 ] ] } },
{ "type": "Feature", "properties": { "Cell": "None", "SubCell": "None", "CMU": "None", "LineID": 1, "TransectID": 43, "Hist_Rate": 1.3597148498239022, "LatestYr": "2024-10-11 00:00:00", "LatestSrc": "montrose_MHWS_Modern_LiDAR.shp", "FirstEYr": 2030.0, "Extrap2050": -33.900361166858026, "Extrap2100": -101.09762542705138, "Dist_2040": 12.754689694478543, "Rate_2040": 1.2756174016252955, "Dist_2050": 12.621195516934563, "Rate_2050": 1.2619208879260806, "Dist_2060": 12.490576758639463, "Rate_2060": 1.2492030344379448, "Dist_2070": 12.355627274389121, "Rate_2070": 1.2353682438450777, "Dist_2080": 12.270341934376972, "Rate_2080": 1.227176989037974, "Dist_2090": 12.191949111652377, "Rate_2090": 1.2190030039454403, "Dist_2100": 12.135827168429387, "Rate_2100": 1.2137239470331518, "RSL_2050": 0.18573485314846039, "RSL_2100": 0.55779761075973511 }, "geometry": { "type": "LineString", "coordinates": [ [ -2.412267848756179, 56.7742288817998 ], [ -2.411311082623996, 56.773770193937224 ] ] } },
{ "type": "Feature", "properties": { "Cell": "None", "SubCell": "None", "CMU": "None", "LineID": 1, "TransectID": 44, "Hist_Rate": 1.3930524689587216, "LatestYr": "2024-10-11 00:00:00", "LatestSrc": "montrose_MHWS_Modern_LiDAR.shp", "FirstEYr": 2030.0, "Extrap2050": -34.849126729682055, "Extrap2100": -103.92703320286709, "Dist_2040": 13.130311351886974, "Rate_2040": 1.3131839386477486, "Dist_2050": 12.996826685687438, "Rate_2050": 1.2994780921837379, "Dist_2060": 12.866018450257798, "Rate_2060": 1.2867515727870438, "Dist_2070": 12.731077485710159, "Rate_2070": 1.2729073552079093, "Dist_2080": 12.645633558623501, "Rate_2080": 1.2647105189034897, "Dist_2090": 12.567287793147045, "Rate_2090": 1.2565309640811688, "Dist_2100": 12.511027134703795, "Rate_2100": 1.2512483100347895, "RSL_2050": 0.18573485314846039, "RSL_2100": 0.55779761075973511 }, "geometry": { "type": "LineString", "coordinates": [ [ -2.412390287578715, 56.77415945421145 ], [ -2.411427003810913, 56.773698879860675 ] ] } },
{ "type": "Feature", "properties": { "Cell": "None", "SubCell": "None", "CMU": "None", "LineID": 1, "TransectID": 45, "Hist_Rate": 1.3201257939547855, "LatestYr": "2024-10-11 00:00:00", "LatestSrc": "montrose_MHWS_Modern_LiDAR.shp", "FirstEYr": 2030.0, "Extrap2050": -33.30686119921527, "Extrap2100": -99.327690377557758, "Dist_2040": 12.518494104708964, "Rate_2040": 1.2519950939318631, "Dist_2050": 12.384747934106372, "Rate_2050": 1.2382798514434292, "Dist_2060": 12.254020017440155, "Rate_2060": 1.2255446073986545, "Dist_2070": 12.118816550126155, "Rate_2070": 1.2116908989349719, "Dist_2080": 12.033484041242843, "Rate_2080": 1.2034884433005584, "Dist_2090": 11.954914571761833, "Rate_2090": 1.1953032809955437, "Dist_2100": 11.898785338072059, "Rate_2100": 1.1900170054328545, "RSL_2050": 0.18573485314846039, "RSL_2100": 0.55779761075973511 }, "geometry": { "type": "LineString", "coordinates": [ [ -2.412506087809962, 56.774094160434373 ], [ -2.41153725229585, 56.773631148161584 ] ] } },
{ "type": "Feature", "properties": { "Cell": "None", "SubCell": "None", "CMU": "None", "LineID": 1, "TransectID": 46, "Hist_Rate": 1.3562249724380049, "LatestYr": "2024-10-11 00:00:00", "LatestSrc": "montrose_MHWS_Modern_LiDAR.shp", "FirstEYr": 2030.0, "Extrap2050": -34.680600305439697, "Extrap2100": -103.42445385780481, "Dist_2040": 13.059848025957024, "Rate_2040": 1.3061367860406923, "Dist_2050": 12.92561029429595, "Rate_2050": 1.2923575740252913, "Dist_2060": 12.7941403999979, "Rate_2060": 1.2795629312831964, "Dist_2070": 12.658438574619652, "Rate_2070": 1.2656446074707139, "Dist_2080": 12.572575817701249, "Rate_2080": 1.2574038946048052, "Dist_2090": 12.4937721378775, "Rate_2090": 1.2491805557264504, "Dist_2100": 12.437248863711545, "Rate_2100": 1.2438696243439662, "RSL_2050": 0.18573485314846039, "RSL_2100": 0.55779761075973511 }, "geometry": { "type": "LineString", "coordinates": [ [ -2.412617349028732, 56.774031696534564 ], [ -2.411653178052762, 56.773570431564004 ] ] } },
{ "type": "Feature", "properties": { "Cell": "None", "SubCell": "None", "CMU": "None", "LineID": 1, "TransectID": 47, "Hist_Rate": 1.3171419079234001, "LatestYr": "2024-10-11 00:00:00", "LatestSrc": "montrose_MHWS_Modern_LiDAR.shp", "FirstEYr": 2030.0, "Extrap2050": -32.904862694315234, "Extrap2100": -98.128850811495823, "Dist_2040": 12.357059097317517, "Rate_2040": 1.2358497144994505, "Dist_2050": 12.222850870593049, "Rate_2050": 1.2220926934307643, "Dist_2060": 12.091779384345273, "Rate_2060": 1.2093186560204623, "Dist_2070": 11.956109421776205, "Rate_2070": 1.1954227471894596, "Dist_2080": 11.870571624183071, "Rate_2080": 1.1871953057080191, "Dist_2090": 11.791708174663256, "Rate_2090": 1.1789852102339022, "Dist_2100": 11.735462609595231, "Rate_2100": 1.1736828319236272, "RSL_2050": 0.18573485314846039, "RSL_2100": 0.55779761075973511 }, "geometry": { "type": "LineString", "coordinates": [ [ -2.412726367137391, 56.773970625953872 ], [ -2.411752106695139, 56.773503699947447 ] ] } },
{ "type": "Feature", "properties": { "Cell": "None", "SubCell": "None", "CMU": "None", "LineID": 1, "TransectID": 48, "Hist_Rate": 1.4618255875426047, "LatestYr": "2024-10-11 00:00:00", "LatestSrc": "montrose_MHWS_Modern_LiDAR.shp", "FirstEYr": 2030.0, "Extrap2050": -35.704069757983589, "Extrap2100": -106.47664350380974, "Dist_2040": 13.469955706801443, "Rate_2040": 1.3471523267364256, "Dist_2050": 13.336714006314367, "Rate_2050": 1.3334614742543869, "Dist_2060": 13.205951937479028, "Rate_2060": 1.3207488774711622, "Dist_2070": 13.071255531811516, "Rate_2070": 1.3069198052498407, "Dist_2080": 12.985808143474287, "Rate_2080": 1.2987319361563274, "Dist_2090": 12.907645022614133, "Rate_2090": 1.2905613296392398, "Dist_2100": 12.851348976880047, "Rate_2100": 1.2852844547338749, "RSL_2050": 0.18573485314846039, "RSL_2100": 0.55779761075973511 }, "geometry": { "type": "LineString", "coordinates": [ [ -2.412835255330115, 56.773909629711291 ], [ -2.411825975681716, 56.773425036340385 ] ] } },
{ "type": "Feature", "properties": { "Cell": "None", "SubCell": "None", "CMU": "None", "LineID": 1, "TransectID": 49, "Hist_Rate": 1.5469953671707337, "LatestYr": "2024-10-11 00:00:00", "LatestSrc": "montrose_MHWS_Modern_LiDAR.shp", "FirstEYr": 2030.0, "Extrap2050": -38.291368955048696, "Extrap2100": -114.19248475414771, "Dist_2040": 14.495102823301863, "Rate_2040": 1.4496789684939295, "Dist_2050": 14.36205182310016, "Rate_2050": 1.4359791166161129, "Dist_2060": 14.230925516618697, "Rate_2060": 1.4232581634730572, "Dist_2070": 14.096418855016509, "Rate_2070": 1.4094200010001006, "Dist_2080": 14.010637015691373, "Rate_2080": 1.4012267497819431, "Dist_2090": 13.932700799869906, "Rate_2090": 1.3930507724874033, "Dist_2100": 13.876089465173834, "Rate_2100": 1.3877704289385964, "RSL_2050": 0.18573485314846039, "RSL_2100": 0.55779761075973511 }, "geometry": { "type": "LineString", "coordinates": [ [ -2.412945687192237, 56.773847669701624 ], [ -2.411948867825073, 56.773368432499275 ] ] } },
{ "type": "Feature", "properties": { "Cell": "None", "SubCell": "None", "CMU": "None", "LineID": 1, "TransectID": 50, "Hist_Rate": 1.5016873490162645, "LatestYr": "2024-10-11 00:00:00", "LatestSrc": "montrose_MHWS_Modern_LiDAR.shp", "FirstEYr": 2030.0, "Extrap2050": -37.880152485053827, "Extrap2100": -112.96615538118462, "Dist_2040": 14.334126140321303, "Rate_2040": 1.4335794268363371, "Dist_2050": 14.201437644664566, "Rate_2050": 1.4199202269179847, "Dist_2060": 14.070732734460933, "Rate_2060": 1.407237021020358, "Dist_2070": 13.93659289682904, "Rate_2070": 1.3934399209198141, "Dist_2080": 13.851097901856974, "Rate_2080": 1.3852709817686188, "Dist_2090": 13.773360646915819, "Rate_2090": 1.3771192652836439, "Dist_2100": 13.716949598106225, "Rate_2100": 1.3718545902481689, "RSL_2050": 0.18573485314846039, "RSL_2100": 0.55779761075973511 }, "geometry": { "type": "LineString", "coordinates": [ [ -2.413058772178317, 56.773784061913112 ], [ -2.412048071318582, 56.773297942894104 ] ] } },
{ "type": "Feature", "properties": { "Cell": "None", "SubCell": "None", "CMU": "None", "LineID": 1, "TransectID": 51, "Hist_Rate": 1.5317617999997473, "LatestYr": "2024-10-11 00:00:00", "LatestSrc": "montrose_MHWS_Modern_LiDAR.shp", "FirstEYr": 2030.0, "Extrap2050": -37.852932735760788, "Extrap2100": -112.88498067025155, "Dist_2040": 14.323794589407328, "Rate_2040": 1.4325461515119404, "Dist_2050": 14.191195136933686, "Rate_2050": 1.4188961373669593, "Dist_2060": 14.060578314868792, "Rate_2060": 1.4062214608895029, "Dist_2070": 13.926528496443439, "Rate_2070": 1.39243363929982, "Dist_2080": 13.841091186069661, "Rate_2080": 1.3842701937371436, "Dist_2090": 13.763406019757497, "Rate_2090": 1.3761239592584937, "Dist_2100": 13.707033096674479, "Rate_2100": 1.3708628247021162, "RSL_2050": 0.18573485314846039, "RSL_2100": 0.55779761075973511 }, "geometry": { "type": "LineString", "coordinates": [ [ -2.413175041047856, 56.77371847951818 ], [ -2.412155473861439, 56.773228402202115 ] ] } },
{ "type": "Feature", "properties": { "Cell": "None", "SubCell": "None", "CMU": "None", "LineID": 1, "TransectID": 52, "Hist_Rate": 1.7036134660357207, "LatestYr": "2024-10-11 00:00:00", "LatestSrc": "montrose_MHWS_Modern_LiDAR.shp", "FirstEYr": 2030.0, "Extrap2050": -42.496157915458951, "Extrap2100": -126.73200246686582, "Dist_2040": 16.168831292317975, "Rate_2040": 1.6170712933418532, "Dist_2050": 16.03763500023598, "Rate_2050": 1.6035110598340241, "Dist_2060": 15.907346277878048, "Rate_2060": 1.590919748876745, "Dist_2070": 15.774709159378745, "Rate_2070": 1.5772226143291517, "Dist_2080": 15.689302788188797, "Rate_2080": 1.5691128624356645, "Dist_2090": 15.612659592928139, "Rate_2090": 1.5610202084232292, "Dist_2100": 15.556126442984691, "Rate_2100": 1.5557936780810067, "RSL_2050": 0.18573485314846039, "RSL_2100": 0.55779761075973511 }, "geometry": { "type": "LineString", "coordinates": [ [ -2.413294498763543, 56.773650916653516 ], [ -2.412251480113728, 56.773150406662076 ] ] } },
{ "type": "Feature", "properties": { "Cell": "None", "SubCell": "None", "CMU": "None", "LineID": 1, "TransectID": 53, "Hist_Rate": 1.661897998470353, "LatestYr": "2024-10-11 00:00:00", "LatestSrc": "montrose_MHWS_Modern_LiDAR.shp", "FirstEYr": 2030.0, "Extrap2050": -41.986502362688896, "Extrap2100": -125.21210815313985, "Dist_2040": 15.971427230476706, "Rate_2040": 1.5973285898760647, "Dist_2050": 15.841103418691148, "Rate_2050": 1.5838609951823985, "Dist_2060": 15.711728591001929, "Rate_2060": 1.5713557036963368, "Dist_2070": 15.579973796025683, "Rate_2070": 1.5577521432233536, "Dist_2080": 15.495174698841367, "Rate_2080": 1.5496977943432553, "Dist_2090": 15.419031296032642, "Rate_2090": 1.5416604265374221, "Dist_2100": 15.36290816825715, "Rate_2100": 1.5364696020385165, "RSL_2050": 0.18573485314846039, "RSL_2100": 0.55779761075973511 }, "geometry": { "type": "LineString", "coordinates": [ [ -2.41341670072619, 56.773581641744805 ], [ -2.412349261787878, 56.773070734035635 ] ] } },
{ "type": "Feature", "properties": { "Cell": "None", "SubCell": "None", "CMU": "None", "LineID": 1, "TransectID": 54, "Hist_Rate": 1.8220720035077087, "LatestYr": "2024-10-11 00:00:00", "LatestSrc": "montrose_MHWS_Modern_LiDAR.shp", "FirstEYr": 2030.0, "Extrap2050": -45.723186491472866, "Extrap2100": -136.35564407394085, "Dist_2040": 17.453843989100335, "Rate_2040": 1.7455875173025683, "Dist_2050": 17.324168404526404, "Rate_2050": 1.7321441496003929, "Dist_2060": 17.194612524118838, "Rate_2060": 1.7196613540088923, "Dist_2070": 17.06350853056415, "Rate_2070": 1.7060822651175955, "Dist_2080": 16.978448192931864, "Rate_2080": 1.6980424052866694, "Dist_2090": 16.902855551652237, "Rate_2090": 1.6900194959825738, "Dist_2100": 16.846419597939075, "Rate_2100": 1.684838009310039, "RSL_2050": 0.18573485314846039, "RSL_2100": 0.55779761075973511 }, "geometry": { "type": "LineString", "coordinates": [ [ -2.413540824256866, 56.773511157089096 ], [ -2.412460592154968, 56.772995786671814 ] ] } },
{ "type": "Feature", "properties": { "Cell": "None", "SubCell": "None", "CMU": "None", "LineID": 1, "TransectID": 55, "Hist_Rate": 1.6495991355819941, "LatestYr": "2024-10-11 00:00:00", "LatestSrc": "montrose_MHWS_Modern_LiDAR.shp", "FirstEYr": 2030.0, "Extrap2050": -41.902385848268942, "Extrap2100": -124.96125596235636, "Dist_2040": 15.936770045672176, "Rate_2040": 1.5938624680740472, "Dist_2050": 15.806173372188368, "Rate_2050": 1.5803685403480729, "Dist_2060": 15.676563620447951, "Rate_2060": 1.5678387974100385, "Dist_2070": 15.544533165788437, "Rate_2070": 1.554208638052418, "Dist_2080": 15.459586302963828, "Rate_2080": 1.5461385405970061, "Dist_2090": 15.383275976784489, "Rate_2090": 1.5380854574187541, "Dist_2100": 15.3270611531604, "Rate_2100": 1.5328844833606756, "RSL_2050": 0.18573485314846039, "RSL_2100": 0.55779761075973511 }, "geometry": { "type": "LineString", "coordinates": [ [ -2.413665733319875, 56.773440164150699 ], [ -2.412584441027608, 56.772926078524485 ] ] } },
{ "type": "Feature", "properties": { "Cell": "None", "SubCell": "None", "CMU": "None", "LineID": 1, "TransectID": 56, "Hist_Rate": 1.5889662689548667, "LatestYr": "2024-10-11 00:00:00", "LatestSrc": "montrose_MHWS_Modern_LiDAR.shp", "FirstEYr": 2030.0, "Extrap2050": -40.565022076952772, "Extrap2100": -120.97297097191766, "Dist_2040": 15.404910386620941, "Rate_2040": 1.5406703126739867, "Dist_2050": 15.273820548844355, "Rate_2050": 1.527141637506511, "Dist_2060": 15.144033918713831, "Rate_2060": 1.5145796299440955, "Dist_2070": 15.01150660771367, "Rate_2070": 1.5009143723426939, "Dist_2080": 14.926497875349639, "Rate_2080": 1.4928234940409066, "Dist_2090": 14.849834174545549, "Rate_2090": 1.484749673828758, "Dist_2100": 14.79363146761284, "Rate_2100": 1.479535307039864, "RSL_2050": 0.18573485314846039, "RSL_2100": 0.55779761075973511 }, "geometry": { "type": "LineString", "coordinates": [ [ -2.413783901048499, 56.773366600165879 ], [ -2.412699113681994, 56.772852543527669 ] ] } },
{ "type": "Feature", "properties": { "Cell": "None", "SubCell": "None", "CMU": "None", "LineID": 1, "TransectID": 57, "Hist_Rate": 1.7595170778010636, "LatestYr": "2024-10-11 00:00:00", "LatestSrc": "montrose_MHWS_Modern_LiDAR.shp", "FirstEYr": 2030.0, "Extrap2050": -43.991021965259598, "Extrap2100": -131.18998464078012, "Dist_2040": 16.761971518471967, "Rate_2040": 1.6763922186022719, "Dist_2050": 16.63105422182042, "Rate_2050": 1.6628436412847647, "Dist_2060": 16.500711272956039, "Rate_2060": 1.650263153645303, "Dist_2070": 16.368354388401713, "Rate_2070": 1.6365777929662777, "Dist_2080": 16.282855210453192, "Rate_2080": 1.628475012104039, "Dist_2090": 16.206444117530907, "Rate_2090": 1.6203893144257548, "Dist_2100": 16.149793341804696, "Rate_2100": 1.6151672767371581, "RSL_2050": 0.18573485314846039, "RSL_2100": 0.55779761075973511 }, "geometry": { "type": "LineString", "coordinates": [ [ -2.413897716221935, 56.773293241349116 ], [ -2.412807384779508, 56.772777899736511 ] ] } },
{ "type": "Feature", "properties": { "Cell": "None", "SubCell": "None", "CMU": "None", "LineID": 1, "TransectID": 58, "Hist_Rate": 1.8505318834343396, "LatestYr": "2024-10-11 00:00:00", "LatestSrc": "montrose_MHWS_Modern_LiDAR.shp", "FirstEYr": 2030.0, "Extrap2050": -45.91067179200045, "Extrap2100": -136.9147625621635, "Dist_2040": 17.522204024657697, "Rate_2040": 1.7524243163954105, "Dist_2050": 17.391352602160055, "Rate_2050": 1.7388615118517503, "Dist_2060": 17.260669432359009, "Rate_2060": 1.7262678135674658, "Dist_2070": 17.128376910261636, "Rate_2070": 1.7125680820274394, "Dist_2080": 17.042584601373846, "Rate_2080": 1.7044567925156866, "Dist_2090": 16.966296619027332, "Rate_2090": 1.6963626041267699, "Dist_2100": 16.90938300578182, "Rate_2100": 1.6911350828283862, "RSL_2050": 0.18573485314846039, "RSL_2100": 0.55779761075973511 }, "geometry": { "type": "LineString", "coordinates": [ [ -2.414008131376445, 56.77322204598488 ], [ -2.412911760996621, 56.772704608488297 ] ] } },
{ "type": "Feature", "properties": { "Cell": "None", "SubCell": "None", "CMU": "None", "LineID": 1, "TransectID": 59, "Hist_Rate": 1.734745469532242, "LatestYr": "2024-10-11 00:00:00", "LatestSrc": "montrose_MHWS_Modern_LiDAR.shp", "FirstEYr": 2030.0, "Extrap2050": -43.337150614287239, "Extrap2100": -129.24001010827547, "Dist_2040": 16.496279333669634, "Rate_2040": 1.649819908140151, "Dist_2050": 16.363986172663886, "Rate_2050": 1.6361410401503393, "Dist_2060": 16.232506663990193, "Rate_2060": 1.6234395715285976, "Dist_2070": 16.098760071201923, "Rate_2070": 1.6096226047922171, "Dist_2080": 16.012555576143882, "Rate_2080": 1.6014419030722158, "Dist_2090": 15.935292780907616, "Rate_2090": 1.5932784488175884, "Dist_2100": 15.878214110389592, "Rate_2100": 1.588006193103497, "RSL_2050": 0.18573485314846039, "RSL_2100": 0.55779761075973511 }, "geometry": { "type": "LineString", "coordinates": [ [ -2.414114197246637, 56.773153629728398 ], [ -2.41303043107055, 56.772642143948175 ] ] } },
{ "type": "Feature", "properties": { "Cell": "None", "SubCell": "None", "CMU": "None", "LineID": 1, "TransectID": 60, "Hist_Rate": 1.6585395592989758, "LatestYr": "2024-10-11 00:00:00", "LatestSrc": "montrose_MHWS_Modern_LiDAR.shp", "FirstEYr": 2030.0, "Extrap2050": -41.490572469456751, "Extrap2100": -123.73314648847546, "Dist_2040": 15.760947314496946, "Rate_2040": 1.5762781488267117, "Dist_2050": 15.627780170919095, "Rate_2050": 1.5625320282170594, "Dist_2060": 15.495877797513174, "Rate_2060": 1.5497681123927178, "Dist_2070": 15.361250076305964, "Rate_2070": 1.5358832140693077, "Dist_2080": 15.274845312660489, "Rate_2080": 1.5276622916509854, "Dist_2090": 15.196979093517598, "Rate_2090": 1.5194587014957848, "Dist_2100": 15.139843352519392, "Rate_2100": 1.5141605245571097, "RSL_2050": 0.18573485314846039, "RSL_2100": 0.55779761075973511 }, "geometry": { "type": "LineString", "coordinates": [ [ -2.41421567804239, 56.773088143230872 ], [ -2.413136584581511, 56.772578081660562 ] ] } },
{ "type": "Feature", "properties": { "Cell": "None", "SubCell": "None", "CMU": "None", "LineID": 1, "TransectID": 61, "Hist_Rate": 1.6529047817614353, "LatestYr": "2024-10-11 00:00:00", "LatestSrc": "montrose_MHWS_Modern_LiDAR.shp", "FirstEYr": 2030.0, "Extrap2050": -42.043503574265785, "Extrap2100": -125.3820971130959, "Dist_2040": 15.978548605307594, "Rate_2040": 1.5980408102338606, "Dist_2050": 15.845124565765786, "Rate_2050": 1.584263046595048, "Dist_2060": 15.712868908718121, "Rate_2060": 1.5714697487383567, "Dist_2070": 15.577980929354624, "Rate_2070": 1.5575528879249401, "Dist_2080": 15.491327615776072, "Rate_2080": 1.5493130412664546, "Dist_2090": 15.413331801222967, "Rate_2090": 1.54109056676928, "Dist_2100": 15.356014886430842, "Rate_2100": 1.5357801936356015, "RSL_2050": 0.18573485314846039, "RSL_2100": 0.55779761075973511 }, "geometry": { "type": "LineString", "coordinates": [ [ -2.414313340563436, 56.773025086097007 ], [ -2.413233207280923, 56.772513096266088 ] ] } },
{ "type": "Feature", "properties": { "Cell": "None", "SubCell": "None", "CMU": "None", "LineID": 1, "TransectID": 62, "Hist_Rate": 1.6119828413199944, "LatestYr": "2024-10-11 00:00:00", "LatestSrc": "montrose_MHWS_Modern_LiDAR.shp", "FirstEYr": 2030.0, "Extrap2050": -40.603654379439277, "Extrap2100": -121.08818018833107, "Dist_2040": 15.406070598151132, "Rate_2040": 1.5407863473289198, "Dist_2050": 15.272143576114502, "Rate_2050": 1.5269739666298936, "Dist_2060": 15.139723373049947, "Rate_2060": 1.5141485252139089, "Dist_2070": 15.004328732997294, "Rate_2070": 1.5001966978543018, "Dist_2080": 14.917625450710148, "Rate_2080": 1.4919361483244802, "Dist_2090": 14.839265918803505, "Rate_2090": 1.4836930146040486, "Dist_2100": 14.781972743918402, "Rate_2100": 1.4783692989925019, "RSL_2050": 0.18573485314846039, "RSL_2100": 0.55779761075973511 }, "geometry": { "type": "LineString", "coordinates": [ [ -2.414409117258947, 56.772963213196384 ], [ -2.413328754483477, 56.772449352143525 ] ] } },
{ "type": "Feature", "properties": { "Cell": "None", "SubCell": "None", "CMU": "None", "LineID": 1, "TransectID": 63, "Hist_Rate": 1.5893300874387919, "LatestYr": "2024-10-11 00:00:00", "LatestSrc": "montrose_MHWS_Modern_LiDAR.shp", "FirstEYr": 2030.0, "Extrap2050": -39.415836181178598, "Extrap2100": -117.5458698662631, "Dist_2040": 14.927755907145354, "Rate_2040": 1.4929493118607713, "Dist_2050": 14.7922007546602, "Rate_2050": 1.4789872390183352, "Dist_2060": 14.658522134975669, "Rate_2060": 1.4660228014468377, "Dist_2070": 14.521483459114563, "Rate_2070": 1.4519197706859159, "Dist_2080": 14.434017218883866, "Rate_2080": 1.4435696971709175, "Dist_2090": 14.354631771084257, "Rate_2090": 1.435237228209757, "Dist_2100": 14.296894371290193, "Rate_2100": 1.4298558166500435, "RSL_2050": 0.18573485314846039, "RSL_2100": 0.55779761075973511 }, "geometry": { "type": "LineString", "coordinates": [ [ -2.41450604883903, 56.77290058866118 ], [ -2.413445521965787, 56.772394624797897 ] ] } },
{ "type": "Feature", "properties": { "Cell": "None", "SubCell": "None", "CMU": "None", "LineID": 1, "TransectID": 64, "Hist_Rate": 1.4910728581099513, "LatestYr": "2024-10-11 00:00:00", "LatestSrc": "montrose_MHWS_Modern_LiDAR.shp", "FirstEYr": 2030.0, "Extrap2050": -37.823558474611488, "Extrap2100": -112.79738077607193, "Dist_2040": 14.296943446424223, "Rate_2040": 1.4298607247345563, "Dist_2050": 14.161287873469291, "Rate_2050": 1.4159058817754195, "Dist_2060": 14.027849089710628, "Rate_2060": 1.4029481574886731, "Dist_2070": 13.890710761582341, "Rate_2070": 1.3888524296023099, "Dist_2080": 13.803460427441735, "Rate_2080": 1.3805066799479431, "Dist_2090": 13.723945473203855, "Rate_2090": 1.3721785257313603, "Dist_2100": 13.666408585220722, "Rate_2100": 1.3667999007906571, "RSL_2050": 0.18573485314846039, "RSL_2100": 0.55779761075973511 }, "geometry": { "type": "LineString", "coordinates": [ [ -2.414607943700257, 56.772834810883786 ], [ -2.413538906614958, 56.772324079613952 ] ] } },
{ "type": "Feature", "properties": { "Cell": "None", "SubCell": "None", "CMU": "None", "LineID": 1, "TransectID": 65, "Hist_Rate": 1.4811646309375395, "LatestYr": "2024-10-11 00:00:00", "LatestSrc": "montrose_MHWS_Modern_LiDAR.shp", "FirstEYr": 2030.0, "Extrap2050": -37.33998481749385, "Extrap2100": -111.35526786721411, "Dist_2040": 14.10613707076709, "Rate_2040": 1.4107778666674833, "Dist_2050": 13.970605769824715, "Rate_2050": 1.3968406728401872, "Dist_2060": 13.837383046208686, "Rate_2060": 1.3838993365977208, "Dist_2070": 13.700370865380364, "Rate_2070": 1.3698214360248255, "Dist_2080": 13.613278175387336, "Rate_2080": 1.3614862415043563, "Dist_2090": 13.533816490343554, "Rate_2090": 1.3531686201681647, "Dist_2100": 13.476399666971588, "Rate_2100": 1.3477967977447618, "RSL_2050": 0.18573485314846039, "RSL_2100": 0.55779761075973511 }, "geometry": { "type": "LineString", "coordinates": [ [ -2.414718757359628, 56.772763387405504 ], [ -2.413638049744339, 56.772247899728811 ] ] } },
{ "type": "Feature", "properties": { "Cell": "None", "SubCell": "None", "CMU": "None", "LineID": 1, "TransectID": 66, "Hist_Rate": 1.4418288865970761, "LatestYr": "2024-10-11 00:00:00", "LatestSrc": "montrose_MHWS_Modern_LiDAR.shp", "FirstEYr": 2030.0, "Extrap2050": -36.450404169378473, "Extrap2100": -108.70236128879557, "Dist_2040": 13.754377175982484, "Rate_2040": 1.3755977835976951, "Dist_2050": 13.618923305512112, "Rate_2050": 1.3616779620622796, "Dist_2060": 13.485958145212408, "Rate_2060": 1.3487527568052418, "Dist_2070": 13.349025240728281, "Rate_2070": 1.3346924039109498, "Dist_2080": 13.262132614355551, "Rate_2080": 1.3263675989591339, "Dist_2090": 13.182678470698136, "Rate_2090": 1.3180603452871513, "Dist_2100": 13.125424720873525, "Rate_2100": 1.3126952186784362, "RSL_2050": 0.18573485314846039, "RSL_2100": 0.55779761075973511 }, "geometry": { "type": "LineString", "coordinates": [ [ -2.414841785302841, 56.77268419696906 ], [ -2.41374758602385, 56.772165227868385 ] ] } },
{ "type": "Feature", "properties": { "Cell": "None", "SubCell": "None", "CMU": "None", "LineID": 1, "TransectID": 67, "Hist_Rate": 1.5218531996014235, "LatestYr": "2024-10-11 00:00:00", "LatestSrc": "montrose_MHWS_Modern_LiDAR.shp", "FirstEYr": 2030.0, "Extrap2050": -39.166874187039738, "Extrap2100": -116.80341563973917, "Dist_2040": 14.826712626268602, "Rate_2040": 1.4828438078860651, "Dist_2050": 14.690657544854048, "Rate_2050": 1.4688345163773213, "Dist_2060": 14.556568325999592, "Rate_2060": 1.4558262340659656, "Dist_2070": 14.419024704046024, "Rate_2070": 1.441675507929792, "Dist_2080": 14.331304151390952, "Rate_2080": 1.433297195102522, "Dist_2090": 14.251608736322396, "Rate_2090": 1.4249365463663382, "Dist_2100": 14.193717564776705, "Rate_2100": 1.4195369352828466, "RSL_2050": 0.18573485314846039, "RSL_2100": 0.55779761075973511 }, "geometry": { "type": "LineString", "coordinates": [ [ -2.414978849314394, 56.772595950046856 ], [ -2.413887848804623, 56.772083865170281 ] ] } },
{ "type": "Feature", "properties": { "Cell": "None", "SubCell": "None", "CMU": "None", "LineID": 1, "TransectID": 68, "Hist_Rate": 1.5004850196372017, "LatestYr": "2024-10-11 00:00:00", "LatestSrc": "montrose_MHWS_Modern_LiDAR.shp", "FirstEYr": 2030.0, "Extrap2050": -37.707044221712245, "Extrap2100": -112.4499120798376, "Dist_2040": 14.248296115639448, "Rate_2040": 1.4249954255247648, "Dist_2050": 14.112133738616762, "Rate_2050": 1.4109912420002007, "Dist_2060": 13.978250313771412, "Rate_2060": 1.3979877026910337, "Dist_2070": 13.840599938952494, "Rate_2070": 1.383842136108091, "Dist_2080": 13.753068273640508, "Rate_2080": 1.3754668781312003, "Dist_2090": 13.673245013438873, "Rate_2090": 1.3671092778048037, "Dist_2100": 13.615531853025573, "Rate_2100": 1.361711635495261, "RSL_2050": 0.18573485314846039, "RSL_2100": 0.55779761075973511 }, "geometry": { "type": "LineString", "coordinates": [ [ -2.415129701145242, 56.772498553062675 ], [ -2.414023013586177, 56.771986937137541 ] ] } },
{ "type": "Feature", "properties": { "Cell": "None", "SubCell": "None", "CMU": "None", "LineID": 1, "TransectID": 69, "Hist_Rate": 1.4674249606346921, "LatestYr": "2024-10-11 00:00:00", "LatestSrc": "montrose_MHWS_Modern_LiDAR.shp", "FirstEYr": 2030.0, "Extrap2050": -37.678766837613935, "Extrap2100": -112.36558329137554, "Dist_2040": 14.236514911702898, "Rate_2040": 1.4238171680278329, "Dist_2050": 14.100234603548984, "Rate_2050": 1.4098015157916068, "Dist_2060": 13.966247956103814, "Rate_2060": 1.3967873272473295, "Dist_2070": 13.828478431559347, "Rate_2070": 1.3826301761672091, "Dist_2080": 13.740881503373089, "Rate_2080": 1.3742480592814199, "Dist_2090": 13.660986450901987, "Rate_2090": 1.3658836145068627, "Dist_2100": 13.603232447448306, "Rate_2100": 1.360481551803707, "RSL_2050": 0.18573485314846039, "RSL_2100": 0.55779761075973511 }, "geometry": { "type": "LineString", "coordinates": [ [ -2.415291836388955, 56.772393292073268 ], [ -2.414170514372504, 56.77188479101406 ] ] } },
{ "type": "Feature", "properties": { "Cell": "None", "SubCell": "None", "CMU": "None", "LineID": 1, "TransectID": 70, "Hist_Rate": 1.5438678016031824, "LatestYr": "2024-10-11 00:00:00", "LatestSrc": "montrose_MHWS_Modern_LiDAR.shp", "FirstEYr": 2030.0, "Extrap2050": -39.38810575174233, "Extrap2100": -117.46317220548363, "Dist_2040": 14.914725643569511, "Rate_2040": 1.4916461338640299, "Dist_2050": 14.778758339233036, "Rate_2050": 1.4776432090657876, "Dist_2060": 14.644704114002707, "Rate_2060": 1.46464083854289, "Dist_2070": 14.507248945614549, "Rate_2070": 1.4504965433940931, "Dist_2080": 14.419542313720967, "Rate_2080": 1.4421220382035134, "Dist_2090": 14.339909062324011, "Rate_2090": 1.4337651890763421, "Dist_2100": 14.282018255177263, "Rate_2100": 1.4283680319185601, "RSL_2050": 0.18573485314846039, "RSL_2100": 0.55779761075973511 }, "geometry": { "type": "LineString", "coordinates": [ [ -2.415460804249904, 56.772282774886143 ], [ -2.41431921940359, 56.77177629869265 ] ] } },
{ "type": "Feature", "properties": { "Cell": "None", "SubCell": "None", "CMU": "None", "LineID": 1, "TransectID": 71, "Hist_Rate": 1.3974524254918848, "LatestYr": "2024-10-11 00:00:00", "LatestSrc": "montrose_MHWS_Modern_LiDAR.shp", "FirstEYr": 2030.0, "Extrap2050": -35.584626037908016, "Extrap2100": -106.12043855329672, "Dist_2040": 13.404813231192236, "Rate_2040": 1.3406373210826206, "Dist_2050": 13.267986056423069, "Rate_2050": 1.3265897610766775, "Dist_2060": 13.133930990936051, "Rate_2060": 1.3135459446760571, "Dist_2070": 12.99561120945441, "Rate_2070": 1.2993565636926232, "Dist_2080": 12.908051473186902, "Rate_2080": 1.290955364237532, "Dist_2090": 12.827737919710898, "Rate_2090": 1.2825718771256525, "Dist_2100": 12.770089048015791, "Rate_2100": 1.2771575161883646, "RSL_2050": 0.18573485314846039, "RSL_2100": 0.55779761075973511 }, "geometry": { "type": "LineString", "coordinates": [ [ -2.415630952950536, 56.772170607268848 ], [ -2.414479088298835, 56.771671022474827 ] ] } },
{ "type": "Feature", "properties": { "Cell": "None", "SubCell": "None", "CMU": "None", "LineID": 1, "TransectID": 72, "Hist_Rate": 1.3311372503201981, "LatestYr": "2024-10-11 00:00:00", "LatestSrc": "montrose_MHWS_Modern_LiDAR.shp", "FirstEYr": 2030.0, "Extrap2050": -33.546323539300744, "Extrap2100": -100.04181474463127, "Dist_2040": 12.592510290474024, "Rate_2040": 1.2593975738686909, "Dist_2050": 12.454593173787202, "Rate_2050": 1.2452632760134061, "Dist_2060": 12.319955464876784, "Rate_2060": 1.2321389194633787, "Dist_2070": 12.180536525251057, "Rate_2070": 1.2178619249449794, "Dist_2080": 12.092681234909321, "Rate_2080": 1.209408851572116, "Dist_2090": 12.011626687658122, "Rate_2090": 1.2009735999088345, "Dist_2100": 11.953866949056078, "Rate_2100": 1.1955258075412416, "RSL_2050": 0.18573485314846039, "RSL_2100": 0.55779761075973511 }, "geometry": { "type": "LineString", "coordinates": [ [ -2.415796426355445, 56.772060831538795 ], [ -2.414642659002753, 56.771570988679279 ] ] } },
{ "type": "Feature", "properties": { "Cell": "None", "SubCell": "None", "CMU": "None", "LineID": 1, "TransectID": 73, "Hist_Rate": 1.5278037793579735, "LatestYr": "2024-10-11 00:00:00", "LatestSrc": "montrose_MHWS_Modern_LiDAR.shp", "FirstEYr": 2030.0, "Extrap2050": -38.886100610340087, "Extrap2100": -115.96609294139736, "Dist_2040": 14.714808636349346, "Rate_2040": 1.4716521066160533, "Dist_2050": 14.578601350457916, "Rate_2050": 1.4576306607568097, "Dist_2060": 14.444429961022252, "Rate_2060": 1.444611092562615, "Dist_2070": 14.306732843145824, "Rate_2070": 1.4304480893683791, "Dist_2080": 14.218970348997573, "Rate_2080": 1.4220625075831725, "Dist_2090": 14.13917162665291, "Rate_2090": 1.4136946052142829, "Dist_2100": 14.081264393349102, "Rate_2100": 1.4082903094709227, "RSL_2050": 0.18573485314846039, "RSL_2100": 0.55779761075973511 }, "geometry": { "type": "LineString", "coordinates": [ [ -2.415952174839917, 56.771957219196722 ], [ -2.414761192903192, 56.771460644429553 ] ] } },
{ "type": "Feature", "properties": { "Cell": "None", "SubCell": "None", "CMU": "None", "LineID": 1, "TransectID": 74, "Hist_Rate": 1.6505818298475314, "LatestYr": "2024-10-11 00:00:00", "LatestSrc": "montrose_MHWS_Modern_LiDAR.shp", "FirstEYr": 2030.0, "Extrap2050": -41.162371258032181, "Extrap2100": -122.75438514212897, "Dist_2040": 15.620643502961684, "Rate_2040": 1.5622461348933414, "Dist_2050": 15.485391828493221, "Rate_2050": 1.5482954352363634, "Dist_2060": 15.351629042470051, "Rate_2060": 1.5353415581994436, "Dist_2070": 15.214895053069824, "Rate_2070": 1.5212500154450741, "Dist_2080": 15.12730700295225, "Rate_2080": 1.5129067437091421, "Dist_2090": 15.048179278611485, "Rate_2090": 1.5045810621867659, "Dist_2100": 14.990295852496558, "Rate_2100": 1.499204034201937, "RSL_2050": 0.18573485314846039, "RSL_2100": 0.55779761075973511 }, "geometry": { "type": "LineString", "coordinates": [ [ -2.416085634174265, 56.771858805336343 ], [ -2.414876213465128, 56.771361273745782 ] ] } },
{ "type": "Feature", "properties": { "Cell": "None", "SubCell": "None", "CMU": "None", "LineID": 1, "TransectID": 75, "Hist_Rate": 1.5311642873211149, "LatestYr": "2024-10-11 00:00:00", "LatestSrc": "montrose_MHWS_Modern_LiDAR.shp", "FirstEYr": 2030.0, "Extrap2050": -38.761302072533162, "Extrap2100": -115.59391885844444, "Dist_2040": 14.665358357848504, "Rate_2040": 1.4667065032903841, "Dist_2050": 14.529141423118176, "Rate_2050": 1.4526854465461922, "Dist_2060": 14.394987185913919, "Rate_2060": 1.4396662396635171, "Dist_2070": 14.257280460543654, "Rate_2070": 1.425503629512761, "Dist_2080": 14.169533830713988, "Rate_2080": 1.4171182804393629, "Dist_2090": 14.089723894112581, "Rate_2090": 1.4087506102916547, "Dist_2100": 14.031831696601557, "Rate_2100": 1.4033464645251901, "RSL_2050": 0.18573485314846039, "RSL_2100": 0.55779761075973511 }, "geometry": { "type": "LineString", "coordinates": [ [ -2.416201721585135, 56.771769501547482 ], [ -2.41500496028464, 56.771281173379357 ] ] } },
{ "type": "Feature", "properties": { "Cell": "None", "SubCell": "None", "CMU": "None", "LineID": 1, "TransectID": 76, "Hist_Rate": 1.3082793597929456, "LatestYr": "2024-10-11 00:00:00", "LatestSrc": "montrose_MHWS_Modern_LiDAR.shp", "FirstEYr": 2030.0, "Extrap2050": -32.966754476498771, "Extrap2100": -98.313424426549844, "Dist_2040": 12.366878597067, "Rate_2040": 1.2368317787484238, "Dist_2050": 12.22972315054318, "Rate_2050": 1.2227798132527423, "Dist_2060": 12.095911404767264, "Rate_2060": 1.2097319061488794, "Dist_2070": 11.957262883430985, "Rate_2070": 1.1955380751988891, "Dist_2080": 11.869961048388689, "Rate_2080": 1.1871342410230301, "Dist_2090": 11.78933694653341, "Rate_2090": 1.1787481247452039, "Dist_2100": 11.731955356483184, "Rate_2100": 1.1733320657969084, "RSL_2050": 0.18573485314846039, "RSL_2100": 0.55779761075973511 }, "geometry": { "type": "LineString", "coordinates": [ [ -2.416304453185347, 56.771690051931259 ], [ -2.415110217935177, 56.771204271586257 ] ] } },
{ "type": "Feature", "properties": { "Cell": "None", "SubCell": "None", "CMU": "None", "LineID": 1, "TransectID": 77, "Hist_Rate": 1.223811150679647, "LatestYr": "2024-10-11 00:00:00", "LatestSrc": "montrose_MHWS_Modern_LiDAR.shp", "FirstEYr": 2030.0, "Extrap2050": -31.273784531609142, "Extrap2100": -93.264651037225789, "Dist_2040": 11.690090016159161, "Rate_2040": 1.1691450445583276, "Dist_2050": 11.551606230052414, "Rate_2050": 1.1549787950944208, "Dist_2060": 11.416919060549219, "Rate_2060": 1.1418247699815576, "Dist_2070": 11.276930056523497, "Rate_2070": 1.127515501278342, "Dist_2080": 11.189131060649743, "Rate_2080": 1.1190433191181171, "Dist_2090": 11.107638385953749, "Rate_2090": 1.1105889989547528, "Dist_2100": 11.050002975004077, "Rate_2100": 1.1051288914561683, "RSL_2050": 0.18573485314846039, "RSL_2100": 0.55779761075973511 }, "geometry": { "type": "LineString", "coordinates": [ [ -2.416396784192631, 56.771618340083492 ], [ -2.415220648801117, 56.771139522505436 ] ] } },
{ "type": "Feature", "properties": { "Cell": "None", "SubCell": "None", "CMU": "None", "LineID": 1, "TransectID": 78, "Hist_Rate": 1.2089393316062755, "LatestYr": "2024-10-11 00:00:00", "LatestSrc": "montrose_MHWS_Modern_LiDAR.shp", "FirstEYr": 2030.0, "Extrap2050": -30.791915975312964, "Extrap2100": -91.827623078446067, "Dist_2040": 11.496598521571684, "Rate_2040": 1.1497936433502591, "Dist_2050": 11.357564453742043, "Rate_2050": 1.1355776717754937, "Dist_2060": 11.222468763381471, "Rate_2060": 1.1223774773574362, "Dist_2070": 11.081924194469309, "Rate_2070": 1.1080179845602127, "Dist_2080": 10.99388125051189, "Rate_2080": 1.0995160658926859, "Dist_2090": 10.912038327162293, "Rate_2090": 1.0910320719158428, "Dist_2100": 10.854264839278301, "Rate_2100": 1.0855527999890757, "RSL_2050": 0.18573485314846039, "RSL_2100": 0.55779761075973511 }, "geometry": { "type": "LineString", "coordinates": [ [ -2.416483061152413, 56.77155112468526 ], [ -2.415313877216705, 56.771073642073603 ] ] } },
{ "type": "Feature", "properties": { "Cell": "None", "SubCell": "None", "CMU": "None", "LineID": 1, "TransectID": 79, "Hist_Rate": 1.1663124291301707, "LatestYr": "2024-10-11 00:00:00", "LatestSrc": "montrose_MHWS_Modern_LiDAR.shp", "FirstEYr": 2030.0, "Extrap2050": -29.970946983426717, "Extrap2100": -89.379330117187564, "Dist_2040": 11.167093583988333, "Rate_2040": 1.1168393149917466, "Dist_2050": 11.027152173633908, "Rate_2050": 1.1025416446149694, "Dist_2060": 10.891388409533249, "Rate_2060": 1.0892655890385947, "Dist_2070": 10.749927817287698, "Rate_2070": 1.0748235726268005, "Dist_2080": 10.661487210444136, "Rate_2080": 1.0662727936639218, "Dist_2090": 10.579065620521646, "Rate_2090": 1.0577400424044285, "Dist_2100": 10.52106842749231, "Rate_2100": 1.05222928125092, "RSL_2050": 0.18573485314846039, "RSL_2100": 0.55779761075973511 }, "geometry": { "type": "LineString", "coordinates": [ [ -2.416568223516448, 56.771484716387747 ], [ -2.415412105925728, 56.771010889933422 ] ] } },
{ "type": "Feature", "properties": { "Cell": "None", "SubCell": "None", "CMU": "None", "LineID": 1, "TransectID": 80, "Hist_Rate": 1.2797141940186143, "LatestYr": "2024-10-11 00:00:00", "LatestSrc": "montrose_MHWS_Modern_LiDAR.shp", "FirstEYr": 2030.0, "Extrap2050": -33.179370007521982, "Extrap2100": -98.947486264698412, "Dist_2040": 12.435206581328032, "Rate_2040": 1.2436653723386375, "Dist_2050": 12.294871767666962, "Rate_2050": 1.229293649494142, "Dist_2060": 12.158073436581617, "Rate_2060": 1.2159488327384067, "Dist_2070": 12.016211572672773, "Rate_2070": 1.2014320162419752, "Dist_2080": 11.926981501472028, "Rate_2080": 1.1928369499045448, "Dist_2090": 11.844464422835358, "Rate_2090": 1.1842600046420595, "Dist_2100": 11.785835442179462, "Rate_2100": 1.1787207013938203, "RSL_2050": 0.18573485314846039, "RSL_2100": 0.55779761075973511 }, "geometry": { "type": "LineString", "coordinates": [ [ -2.416656902578179, 56.771415690401483 ], [ -2.415511876635714, 56.770945369091535 ] ] } },
{ "type": "Feature", "properties": { "Cell": "None", "SubCell": "None", "CMU": "None", "LineID": 1, "TransectID": 81, "Hist_Rate": 1.1801550477479494, "LatestYr": "2024-10-11 00:00:00", "LatestSrc": "montrose_MHWS_Modern_LiDAR.shp", "FirstEYr": 2030.0, "Extrap2050": -29.507383385581701, "Extrap2100": -87.996891188413898, "Dist_2040": 10.977164114883806, "Rate_2040": 1.0978441577848983, "Dist_2050": 10.835932823760572, "Rate_2050": 1.0834227195133783, "Dist_2060": 10.699072296443148, "Rate_2060": 1.0700317396587176, "Dist_2070": 10.556308672618968, "Rate_2070": 1.0554647058196096, "Dist_2080": 10.46718095583725, "Rate_2080": 1.0468399069721761, "Dist_2090": 10.383967405918554, "Rate_2090": 1.038233291885083, "Dist_2100": 10.325546636599427, "Rate_2100": 1.0326748267848209, "RSL_2050": 0.18573485314846039, "RSL_2100": 0.55779761075973511 }, "geometry": { "type": "LineString", "coordinates": [ [ -2.416752593743438, 56.771341482006299 ], [ -2.415613078149797, 56.77087362879341 ] ] } },
{ "type": "Feature", "properties": { "Cell": "None", "SubCell": "None", "CMU": "None", "LineID": 1, "TransectID": 82, "Hist_Rate": 1.0460612515240357, "LatestYr": "2024-10-11 00:00:00", "LatestSrc": "montrose_MHWS_Modern_LiDAR.shp", "FirstEYr": 2030.0, "Extrap2050": -26.332500217555133, "Extrap2100": -78.528757568362892, "Dist_2040": 9.7156482916547589, "Rate_2040": 0.97167789462341547, "Dist_2050": 9.5734694100176512, "Rate_2050": 0.95719624992838004, "Dist_2060": 9.4363954992890058, "Rate_2060": 0.94374936559393885, "Dist_2070": 9.2926778877892389, "Rate_2070": 0.92912151750092009, "Dist_2080": 9.2035360618817208, "Rate_2080": 0.92046071196107193, "Dist_2090": 9.1196171331226878, "Rate_2090": 0.91181816609487087, "Dist_2100": 9.0613104496225105, "Rate_2100": 0.90623649559042985, "RSL_2050": 0.18573485314846039, "RSL_2100": 0.55779761075973511 }, "geometry": { "type": "LineString", "coordinates": [ [ -2.416857085912771, 56.771260759954892 ], [ -2.415723741554564, 56.770797194243798 ] ] } },
{ "type": "Feature", "properties": { "Cell": "None", "SubCell": "None", "CMU": "None", "LineID": 1, "TransectID": 83, "Hist_Rate": 1.0856594579584105, "LatestYr": "2024-10-11 00:00:00", "LatestSrc": "montrose_MHWS_Modern_LiDAR.shp", "FirstEYr": 2030.0, "Extrap2050": -26.687629659639601, "Extrap2100": -79.587824259046783, "Dist_2040": 9.8557667723512736, "Rate_2040": 0.98569137331613088, "Dist_2050": 9.713495234093557, "Rate_2050": 0.97119662826126918, "Dist_2060": 9.5762613628180588, "Rate_2060": 0.95773757963008621, "Dist_2070": 9.4324497027346865, "Rate_2070": 0.94309649891899094, "Dist_2080": 9.3431912765182119, "Rate_2080": 0.93442785865654521, "Dist_2090": 9.2592323941540826, "Rate_2090": 0.9257774945857713, "Dist_2100": 9.2008370043770356, "Rate_2100": 0.92019077480043254, "RSL_2050": 0.18573485314846039, "RSL_2100": 0.55779761075973511 }, "geometry": { "type": "LineString", "coordinates": [ [ -2.416970277113875, 56.771173534068545 ], [ -2.415833036332114, 56.770711671407085 ] ] } },
{ "type": "Feature", "properties": { "Cell": "None", "SubCell": "None", "CMU": "None", "LineID": 1, "TransectID": 84, "Hist_Rate": 0.90396917682802447, "LatestYr": "2024-10-11 00:00:00", "LatestSrc": "montrose_MHWS_Modern_LiDAR.shp", "FirstEYr": 2030.0, "Extrap2050": -23.061132211413227, "Extrap2100": -68.772886954149399, "Dist_2040": 8.4143850803671967, "Rate_2040": 0.84153643009748524, "Dist_2050": 8.2709467737441855, "Rate_2050": 0.82696448864200955, "Dist_2060": 8.1333910753818941, "Rate_2060": 0.81343375954276331, "Dist_2070": 7.9884044445218478, "Rate_2070": 0.79871470307371228, "Dist_2080": 7.8990796997950383, "Rate_2080": 0.7899998951950683, "Dist_2090": 7.8142646117646564, "Rate_2090": 0.78130346084381397, "Dist_2100": 7.7559672744487216, "Rate_2100": 0.77568698719546481, "RSL_2050": 0.18573485314846039, "RSL_2100": 0.55779761075973511 }, "geometry": { "type": "LineString", "coordinates": [ [ -2.41709039931132, 56.771081009917786 ], [ -2.415960233829647, 56.77062651212222 ] ] } },
{ "type": "Feature", "properties": { "Cell": "None", "SubCell": "None", "CMU": "None", "LineID": 1, "TransectID": 85, "Hist_Rate": 0.87794358747494294, "LatestYr": "2024-10-11 00:00:00", "LatestSrc": "montrose_MHWS_Modern_LiDAR.shp", "FirstEYr": 2030.0, "Extrap2050": -22.385435097718617, "Extrap2100": -66.757823652427973, "Dist_2040": 8.1460093161365421, "Rate_2040": 0.81469573046248656, "Dist_2050": 8.0023908938619002, "Rate_2050": 0.80011312785418975, "Dist_2060": 7.8648097297578374, "Rate_2060": 0.78657249937597951, "Dist_2070": 7.7196418504579469, "Rate_2070": 0.77184267412151297, "Dist_2080": 7.6303269268157692, "Rate_2080": 0.76312149029778442, "Dist_2090": 7.5453746131695993, "Rate_2090": 0.75441869344390844, "Dist_2100": 7.4871097972717848, "Rate_2100": 0.7487981106599233, "RSL_2050": 0.18573485314846039, "RSL_2100": 0.55779761075973511 }, "geometry": { "type": "LineString", "coordinates": [ [ -2.41721455946972, 56.770985247155707 ], [ -2.416078399928045, 56.770533562787264 ] ] } },
{ "type": "Feature", "properties": { "Cell": "None", "SubCell": "None", "CMU": "None", "LineID": 1, "TransectID": 86, "Hist_Rate": 0.847922455211641, "LatestYr": "2024-10-11 00:00:00", "LatestSrc": "montrose_MHWS_Modern_LiDAR.shp", "FirstEYr": 2030.0, "Extrap2050": -20.518452747900486, "Extrap2100": -61.190110631560394, "Dist_2040": 7.4060520866387947, "Rate_2040": 0.74069139629084613, "Dist_2050": 7.2622526684386912, "Rate_2050": 0.72611095544818471, "Dist_2060": 7.124894186070037, "Rate_2060": 0.71257233427045064, "Dist_2070": 6.9795455405405278, "Rate_2070": 0.69784469260631643, "Dist_2080": 6.8904461435118378, "Rate_2080": 0.68912480163516499, "Dist_2090": 6.8053041371128415, "Rate_2090": 0.68042329490814046, "Dist_2100": 6.7472502448741238, "Rate_2100": 0.67480354533500475, "RSL_2050": 0.18573485314846039, "RSL_2100": 0.55779761075973511 }, "geometry": { "type": "LineString", "coordinates": [ [ -2.417339426334684, 56.77088870735512 ], [ -2.416194703194745, 56.770439003284359 ] ] } },
{ "type": "Feature", "properties": { "Cell": "None", "SubCell": "None", "CMU": "None", "LineID": 1, "TransectID": 87, "Hist_Rate": 0.76396407491118468, "LatestYr": "2024-10-11 00:00:00", "LatestSrc": "montrose_MHWS_Modern_LiDAR.shp", "FirstEYr": 2030.0, "Extrap2050": -19.317758198297799, "Extrap2100": -57.609400466539888, "Dist_2040": 6.931337571558231, "Rate_2040": 0.69321442031211866, "Dist_2050": 6.7876560556615004, "Rate_2050": 0.67865876455240781, "Dist_2060": 6.650657607285325, "Rate_2060": 0.66514315748327224, "Dist_2070": 6.5054294975686844, "Rate_2070": 0.65044055112667132, "Dist_2080": 6.4166080996031951, "Rate_2080": 0.64173548297352689, "Dist_2090": 6.3314842846117472, "Rate_2090": 0.63304876781338792, "Dist_2100": 6.2736556176265594, "Rate_2100": 0.62743857117222579, "RSL_2050": 0.18573485314846039, "RSL_2100": 0.55779761075973511 }, "geometry": { "type": "LineString", "coordinates": [ [ -2.41746187978761, 56.770793790521537 ], [ -2.416304607333394, 56.770344163845465 ] ] } },
{ "type": "Feature", "properties": { "Cell": "None", "SubCell": "None", "CMU": "None", "LineID": 1, "TransectID": 88, "Hist_Rate": 0.60575439627352301, "LatestYr": "2024-10-11 00:00:00", "LatestSrc": "montrose_MHWS_Modern_LiDAR.shp", "FirstEYr": 2030.0, "Extrap2050": -15.141823125845736, "Extrap2100": -45.155930791556671, "Dist_2040": 5.2741340566335566, "Rate_2040": 0.52747478318181318, "Dist_2050": 5.1296222782485756, "Rate_2050": 0.5128814850706831, "Dist_2060": 4.9927282264824271, "Rate_2060": 0.49933092531791018, "Dist_2070": 4.8466658546344661, "Rate_2070": 0.48459029658125624, "Dist_2080": 4.7580734438499235, "Rate_2080": 0.47586271626926496, "Dist_2090": 4.6722708023201562, "Rate_2090": 0.46715353641292628, "Dist_2100": 4.614751272753665, "Rate_2100": 0.46152883125375971, "RSL_2050": 0.18573485314846039, "RSL_2100": 0.55779761075973511 }, "geometry": { "type": "LineString", "coordinates": [ [ -2.417579486405603, 56.770702452902057 ], [ -2.416422197951802, 56.770256956518118 ] ] } },
{ "type": "Feature", "properties": { "Cell": "None", "SubCell": "None", "CMU": "None", "LineID": 1, "TransectID": 89, "Hist_Rate": 0.77625133700360527, "LatestYr": "2024-10-11 00:00:00", "LatestSrc": "montrose_MHWS_Modern_LiDAR.shp", "FirstEYr": 2030.0, "Extrap2050": -19.922567679297035, "Extrap2100": -59.41306273620819, "Dist_2040": 7.1678766788405142, "Rate_2040": 0.71687108375449249, "Dist_2050": 7.0236173537505238, "Rate_2050": 0.70225118021550115, "Dist_2060": 6.8859578102756132, "Rate_2060": 0.68867591607874878, "Dist_2070": 6.7401450647946035, "Rate_2070": 0.67390841331186502, "Dist_2080": 6.6508752223008969, "Rate_2080": 0.66516492151731532, "Dist_2090": 6.5654320682466505, "Rate_2090": 0.65643986372476792, "Dist_2100": 6.507291756762811, "Rate_2100": 0.650804904016824, "RSL_2050": 0.18573485314846039, "RSL_2100": 0.55779761075973511 }, "geometry": { "type": "LineString", "coordinates": [ [ -2.417690742241782, 56.770615970152939 ], [ -2.416532306263228, 56.770173032818114 ] ] } },
{ "type": "Feature", "properties": { "Cell": "None", "SubCell": "None", "CMU": "None", "LineID": 1, "TransectID": 90, "Hist_Rate": 0.86178970730585402, "LatestYr": "2024-10-11 00:00:00", "LatestSrc": "montrose_MHWS_Modern_LiDAR.shp", "FirstEYr": 2030.0, "Extrap2050": -21.637906568898792, "Extrap2100": -64.528544771572157, "Dist_2040": 7.8471650646523585, "Rate_2040": 0.78480782752636613, "Dist_2050": 7.7029582703091251, "Rate_2050": 0.77017457871431172, "Dist_2060": 7.5649888562033993, "Rate_2060": 0.75658692286743434, "Dist_2070": 7.4192272234831194, "Rate_2070": 0.74180594009664202, "Dist_2080": 7.3296916812226982, "Rate_2080": 0.73305446710815481, "Dist_2090": 7.2443547462218589, "Rate_2090": 0.72432144494851836, "Dist_2100": 7.1859771504864511, "Rate_2100": 0.71868134156258157, "RSL_2050": 0.18573485314846039, "RSL_2100": 0.55779761075973511 }, "geometry": { "type": "LineString", "coordinates": [ [ -2.417795099143153, 56.770534864789752 ], [ -2.416634038083877, 56.770092692003246 ] ] } },
{ "type": "Feature", "properties": { "Cell": "None", "SubCell": "None", "CMU": "None", "LineID": 1, "TransectID": 91, "Hist_Rate": 0.77306583875454449, "LatestYr": "2024-10-11 00:00:00", "LatestSrc": "montrose_MHWS_Modern_LiDAR.shp", "FirstEYr": 2030.0, "Extrap2050": -19.864752782891767, "Extrap2100": -59.240647206116492, "Dist_2040": 7.1442257772174571, "Rate_2040": 0.71450571835579058, "Dist_2050": 6.9998129665027591, "Rate_2050": 0.69987111618337916, "Dist_2060": 6.8620234716181585, "Rate_2060": 0.68628220367812032, "Dist_2070": 6.7160556787267751, "Rate_2070": 0.67149985388375699, "Dist_2080": 6.6267045351085017, "Rate_2080": 0.66274757151269637, "Dist_2090": 6.5411670283326089, "Rate_2090": 0.65401374167691573, "Dist_2100": 6.4829767128912863, "Rate_2100": 0.64837311666434716, "RSL_2050": 0.18573485314846039, "RSL_2100": 0.55779761075973511 }, "geometry": { "type": "LineString", "coordinates": [ [ -2.417892842421256, 56.770458969176588 ], [ -2.416727877304878, 56.770015892844746 ] ] } },
{ "type": "Feature", "properties": { "Cell": "None", "SubCell": "None", "CMU": "None", "LineID": 1, "TransectID": 92, "Hist_Rate": 0.79008324274307529, "LatestYr": "2024-10-11 00:00:00", "LatestSrc": "montrose_MHWS_Modern_LiDAR.shp", "FirstEYr": 2030.0, "Extrap2050": -19.950278449601303, "Extrap2100": -59.495701769542585, "Dist_2040": 7.178775655280333, "Rate_2040": 0.71796110823486503, "Dist_2050": 7.0345021788815529, "Rate_2050": 0.70333949139615271, "Dist_2060": 6.8968237487740112, "Rate_2060": 0.68976263638050161, "Dist_2070": 6.7509966699396387, "Rate_2070": 0.67499340301681587, "Dist_2080": 6.6617136115798417, "Rate_2080": 0.66624888657651982, "Dist_2090": 6.5762631988566795, "Rate_2090": 0.65752280629849735, "Dist_2100": 6.5181133195620191, "Rate_2100": 0.6518871862322374, "RSL_2050": 0.18573485314846039, "RSL_2100": 0.55779761075973511 }, "geometry": { "type": "LineString", "coordinates": [ [ -2.417984907452527, 56.770387562607723 ], [ -2.41681417469622, 56.769941851876467 ] ] } },
{ "type": "Feature", "properties": { "Cell": "None", "SubCell": "None", "CMU": "None", "LineID": 1, "TransectID": 93, "Hist_Rate": 0.82163331166195686, "LatestYr": "2024-10-11 00:00:00", "LatestSrc": "montrose_MHWS_Modern_LiDAR.shp", "FirstEYr": 2030.0, "Extrap2050": -21.227187331147043, "Extrap2100": -63.303698244140342, "Dist_2040": 7.6836587233586897, "Rate_2040": 0.76845529059866824, "Dist_2050": 7.5392670783348308, "Rate_2050": 0.75380803609600588, "Dist_2060": 7.401212440046379, "Rate_2060": 0.74020737531041614, "Dist_2070": 7.2552644684874963, "Rate_2070": 0.72541224545073757, "Dist_2080": 7.1656900587921655, "Rate_2080": 0.71665239630295663, "Dist_2090": 7.0802246182904582, "Rate_2090": 0.70791101564356773, "Dist_2100": 7.0218379768340355, "Rate_2100": 0.70226551403444837, "RSL_2050": 0.18573485314846039, "RSL_2100": 0.55779761075973511 }, "geometry": { "type": "LineString", "coordinates": [ [ -2.418072712126417, 56.770319515578088 ], [ -2.41690424071552, 56.769873457277946 ] ] } },
{ "type": "Feature", "properties": { "Cell": "None", "SubCell": "None", "CMU": "None", "LineID": 1, "TransectID": 94, "Hist_Rate": 0.75914459620108066, "LatestYr": "2024-10-11 00:00:00", "LatestSrc": "montrose_MHWS_Modern_LiDAR.shp", "FirstEYr": 2030.0, "Extrap2050": -19.4216588622157, "Extrap2100": -57.919252929488373, "Dist_2040": 6.9668975146113894, "Rate_2040": 0.6967708284448112, "Dist_2050": 6.8220978504837149, "Rate_2050": 0.68210240190399629, "Dist_2060": 6.6840429661540384, "Rate_2060": 0.6684820818908862, "Dist_2070": 6.5376847258817747, "Rate_2070": 0.65366556624496963, "Dist_2080": 6.4481801464347654, "Rate_2080": 0.6448930550750821, "Dist_2090": 6.3623918623719078, "Rate_2090": 0.63613903908906966, "Dist_2100": 6.304120131872935, "Rate_2100": 0.63048537712639663, "RSL_2050": 0.18573485314846039, "RSL_2100": 0.55779761075973511 }, "geometry": { "type": "LineString", "coordinates": [ [ -2.418158775616373, 56.770253676191636 ], [ -2.416991361980911, 56.769806369236086 ] ] } },
{ "type": "Feature", "properties": { "Cell": "None", "SubCell": "None", "CMU": "None", "LineID": 1, "TransectID": 95, "Hist_Rate": 0.71574512823590886, "LatestYr": "2024-10-11 00:00:00", "LatestSrc": "montrose_MHWS_Modern_LiDAR.shp", "FirstEYr": 2030.0, "Extrap2050": -17.872305599961891, "Extrap2100": -53.298773077059913, "Dist_2040": 6.3540104093256105, "Rate_2040": 0.63547498546771886, "Dist_2050": 6.2092977227082997, "Rate_2050": 0.62083203489906547, "Dist_2060": 6.0716471197351325, "Rate_2060": 0.60723537051748611, "Dist_2070": 5.9253785638921954, "Rate_2070": 0.59244458804336031, "Dist_2080": 5.8361939441321624, "Rate_2080": 0.58368731288052889, "Dist_2090": 5.7503901472225039, "Rate_2090": 0.57494850077933624, "Dist_2100": 5.6923841315200434, "Rate_2100": 0.56930465803852948, "RSL_2050": 0.18573485314846039, "RSL_2100": 0.55779761075973511 }, "geometry": { "type": "LineString", "coordinates": [ [ -2.418245570141858, 56.770188522126212 ], [ -2.417069296431642, 56.769736089071905 ] ] } },
{ "type": "Feature", "properties": { "Cell": "None", "SubCell": "None", "CMU": "None", "LineID": 1, "TransectID": 96, "Hist_Rate": 0.70000860738085213, "LatestYr": "2024-10-11 00:00:00", "LatestSrc": "montrose_MHWS_Modern_LiDAR.shp", "FirstEYr": 2030.0, "Extrap2050": -17.279608255556539, "Extrap2100": -51.531231609835658, "Dist_2040": 6.1188683391536074, "Rate_2040": 0.61195804199433501, "Dist_2050": 5.974051373949635, "Rate_2050": 0.59731110291535716, "Dist_2060": 5.8364281382268359, "Rate_2060": 0.58371073501542037, "Dist_2070": 5.6900548800028901, "Rate_2070": 0.56891592376388056, "Dist_2080": 5.600910828867768, "Rate_2080": 0.56015626325649936, "Dist_2090": 5.5150187992301198, "Rate_2090": 0.5514150708398049, "Dist_2100": 5.4570618447157813, "Rate_2100": 0.54576969080465598, "RSL_2050": 0.18573485314846039, "RSL_2100": 0.55779761075973511 }, "geometry": { "type": "LineString", "coordinates": [ [ -2.418334360131217, 56.770121789070501 ], [ -2.417154532875295, 56.769666616202947 ] ] } },
{ "type": "Feature", "properties": { "Cell": "None", "SubCell": "None", "CMU": "None", "LineID": 1, "TransectID": 97, "Hist_Rate": 0.65697591021974033, "LatestYr": "2024-10-11 00:00:00", "LatestSrc": "montrose_MHWS_Modern_LiDAR.shp", "FirstEYr": 2030.0, "Extrap2050": -17.026927613376852, "Extrap2100": -50.777687634595573, "Dist_2040": 6.0191153544354279, "Rate_2040": 0.60198158265125457, "Dist_2050": 5.8743530133250488, "Rate_2050": 0.58734283615367489, "Dist_2060": 5.7368331328872841, "Rate_2060": 0.57375007544868128, "Dist_2070": 5.590515369249772, "Rate_2070": 0.55896353948897071, "Dist_2080": 5.5014475571768457, "Rate_2080": 0.55020877858766815, "Dist_2090": 5.4155771927101455, "Rate_2090": 0.54147247544714905, "Dist_2100": 5.3576790331471784, "Rate_2100": 0.53583025308440813, "RSL_2050": 0.18573485314846039, "RSL_2100": 0.55779761075973511 }, "geometry": { "type": "LineString", "coordinates": [ [ -2.418427634617946, 56.770051554651275 ], [ -2.417240757360694, 56.769593101314619 ] ] } },
{ "type": "Feature", "properties": { "Cell": "None", "SubCell": "None", "CMU": "None", "LineID": 1, "TransectID": 98, "Hist_Rate": 0.6965561747484561, "LatestYr": "2024-10-11 00:00:00", "LatestSrc": "montrose_MHWS_Modern_LiDAR.shp", "FirstEYr": 2030.0, "Extrap2050": -17.875595407959878, "Extrap2100": -53.308583939400592, "Dist_2040": 6.350220142700266, "Rate_2040": 0.63509591469611226, "Dist_2050": 6.2044851025963794, "Rate_2050": 0.6203508486408591, "Dist_2060": 6.0658877373513178, "Rate_2060": 0.60665936525452868, "Dist_2070": 5.9185859778627901, "Rate_2070": 0.59176543635903367, "Dist_2080": 5.8287925828667539, "Rate_2080": 0.58294709062095029, "Dist_2090": 5.7423772451622312, "Rate_2090": 0.57414733670029194, "Dist_2100": 5.6839798843319045, "Rate_2100": 0.56846413551563413, "RSL_2050": 0.18573485314846039, "RSL_2100": 0.55779761075973511 }, "geometry": { "type": "LineString", "coordinates": [ [ -2.418527737802063, 56.769976005497121 ], [ -2.417349704373023, 56.769521651178735 ] ] } },
{ "type": "Feature", "properties": { "Cell": "None", "SubCell": "None", "CMU": "None", "LineID": 1, "TransectID": 99, "Hist_Rate": 0.73429794227694756, "LatestYr": "2024-10-11 00:00:00", "LatestSrc": "montrose_MHWS_Modern_LiDAR.shp", "FirstEYr": 2030.0, "Extrap2050": -18.725892999493585, "Extrap2100": -55.844340623150579, "Dist_2040": 6.6828779478672118, "Rate_2040": 0.66836556650435108, "Dist_2050": 6.5363524642276047, "Rate_2050": 0.65353236105000023, "Dist_2060": 6.3968459307798753, "Rate_2060": 0.63975903610976692, "Dist_2070": 6.2487443626090453, "Rate_2070": 0.62477607797980683, "Dist_2080": 6.1583335276803268, "Rate_2080": 0.61590502012151749, "Dist_2090": 6.0714823330458216, "Rate_2090": 0.60705266521420442, "Dist_2100": 6.0126552037096417, "Rate_2100": 0.60133549239893724, "RSL_2050": 0.18573485314846039, "RSL_2100": 0.55779761075973511 }, "geometry": { "type": "LineString", "coordinates": [ [ -2.418636467302493, 56.769893714530589 ], [ -2.417461408532357, 56.769442748303469 ] ] } },
{ "type": "Feature", "properties": { "Cell": "None", "SubCell": "None", "CMU": "None", "LineID": 1, "TransectID": 100, "Hist_Rate": 0.74717969161338493, "LatestYr": "2024-10-11 00:00:00", "LatestSrc": "montrose_MHWS_Modern_LiDAR.shp", "FirstEYr": 2030.0, "Extrap2050": -18.466177212190857, "Extrap2100": -55.069816444691611, "Dist_2040": 6.5761097022835884, "Rate_2040": 0.65768749943491611, "Dist_2050": 6.428789579284512, "Rate_2050": 0.64277776564791222, "Dist_2060": 6.2886019722480455, "Rate_2060": 0.62893338057196246, "Dist_2070": 6.1396976332911208, "Rate_2070": 0.61387312149666917, "Dist_2080": 6.0488590221449385, "Rate_2080": 0.60495629556291697, "Dist_2090": 5.961521063198802, "Rate_2090": 0.5960582690734707, "Dist_2100": 5.9024291061282383, "Rate_2100": 0.59031159988911364, "RSL_2050": 0.18573485314846039, "RSL_2100": 0.55779761075973511 }, "geometry": { "type": "LineString", "coordinates": [ [ -2.418754619797276, 56.769803963995066 ], [ -2.41757887678362, 56.769356678747116 ] ] } },
{ "type": "Feature", "properties": { "Cell": "None", "SubCell": "None", "CMU": "None", "LineID": 1, "TransectID": 101, "Hist_Rate": 0.69665418647884669, "LatestYr": "2024-10-11 00:00:00", "LatestSrc": "montrose_MHWS_Modern_LiDAR.shp", "FirstEYr": 2030.0, "Extrap2050": -17.315480443406315, "Extrap2100": -51.638209614955876, "Dist_2040": 6.1169536096506931, "Rate_2040": 0.6117665467614577, "Dist_2050": 5.9689014977598163, "Rate_2050": 0.5967961963579359, "Dist_2060": 5.8282769958465224, "Rate_2060": 0.58289552591880434, "Dist_2070": 5.6786342272515071, "Rate_2070": 0.56777403825538153, "Dist_2080": 5.5875593531916365, "Rate_2080": 0.55882096031163642, "Dist_2090": 5.4997332672420498, "Rate_2090": 0.54988675824271949, "Dist_2100": 5.440534115608898, "Rate_2100": 0.54411672555319901, "RSL_2050": 0.18573485314846039, "RSL_2100": 0.55779761075973511 }, "geometry": { "type": "LineString", "coordinates": [ [ -2.418881632996809, 56.769707026327396 ], [ -2.4177007783015, 56.769263359456573 ] ] } },
{ "type": "Feature", "properties": { "Cell": "None", "SubCell": "None", "CMU": "None", "LineID": 1, "TransectID": 102, "Hist_Rate": 0.88816564107288709, "LatestYr": "2024-10-11 00:00:00", "LatestSrc": "montrose_MHWS_Modern_LiDAR.shp", "FirstEYr": 2030.0, "Extrap2050": -22.724100366370983, "Extrap2100": -67.767790900471368, "Dist_2040": 8.2586487532900605, "Rate_2040": 0.82596098501466186, "Dist_2050": 8.110729537770851, "Rate_2050": 0.81094528694203949, "Dist_2060": 7.9690976902440411, "Rate_2060": 0.79700250907145653, "Dist_2070": 7.819582999658337, "Rate_2070": 0.78183521591916516, "Dist_2080": 7.7276508740085887, "Rate_2080": 0.77285501762050435, "Dist_2090": 7.6401401190312868, "Rate_2090": 0.76389375237483848, "Dist_2100": 7.580180272647226, "Rate_2100": 0.75810624130130189, "RSL_2050": 0.18573485314846039, "RSL_2100": 0.55779761075973511 }, "geometry": { "type": "LineString", "coordinates": [ [ -2.419015485703575, 56.76960429622757 ], [ -2.417825468714717, 56.769164033723833 ] ] } },
{ "type": "Feature", "properties": { "Cell": "None", "SubCell": "None", "CMU": "None", "LineID": 1, "TransectID": 103, "Hist_Rate": 0.90460025673985456, "LatestYr": "2024-10-11 00:00:00", "LatestSrc": "montrose_MHWS_Modern_LiDAR.shp", "FirstEYr": 2030.0, "Extrap2050": -23.869764999627826, "Extrap2100": -71.18439090033371, "Dist_2040": 8.7099676995284767, "Rate_2040": 0.87109813184420315, "Dist_2050": 8.5616070334335177, "Rate_2050": 0.85602593947682504, "Dist_2060": 8.4193272443661726, "Rate_2060": 0.84203070401161328, "Dist_2070": 8.2693651004709068, "Rate_2070": 0.8268063462109897, "Dist_2080": 8.1769720209732668, "Rate_2080": 0.81779236127336485, "Dist_2090": 8.0892470931238449, "Rate_2090": 0.80879738062148532, "Dist_2100": 8.028946583760785, "Rate_2100": 0.80298809491217105, "RSL_2050": 0.18573485314846039, "RSL_2100": 0.55779761075973511 }, "geometry": { "type": "LineString", "coordinates": [ [ -2.419152955020606, 56.769498184047372 ], [ -2.417955279951158, 56.769062632285319 ] ] } },
{ "type": "Feature", "properties": { "Cell": "None", "SubCell": "None", "CMU": "None", "LineID": 1, "TransectID": 104, "Hist_Rate": 0.81585752451991722, "LatestYr": "2024-10-11 00:00:00", "LatestSrc": "montrose_MHWS_Modern_LiDAR.shp", "FirstEYr": 2030.0, "Extrap2050": -21.171935267625411, "Extrap2100": -63.138925591881922, "Dist_2040": 7.6371791995628087, "Rate_2040": 0.76380679731553103, "Dist_2050": 7.487847452598146, "Rate_2050": 0.74866688289230177, "Dist_2060": 7.3452328448565822, "Rate_2060": 0.73460876433119671, "Dist_2070": 7.1942924243653579, "Rate_2070": 0.71931600076820812, "Dist_2080": 7.1017886761015916, "Rate_2080": 0.71026151438418283, "Dist_2090": 7.0133651145984572, "Rate_2090": 0.70122611767553444, "Dist_2100": 6.9530981341264351, "Rate_2100": 0.69539072980659211, "RSL_2050": 0.18573485314846039, "RSL_2100": 0.55779761075973511 }, "geometry": { "type": "LineString", "coordinates": [ [ -2.419290210232578, 56.769391736485439 ], [ -2.418087020285931, 56.768961706171858 ] ] } },
{ "type": "Feature", "properties": { "Cell": "None", "SubCell": "None", "CMU": "None", "LineID": 1, "TransectID": 105, "Hist_Rate": 0.77188396974040796, "LatestYr": "2024-10-11 00:00:00", "LatestSrc": "montrose_MHWS_Modern_LiDAR.shp", "FirstEYr": 2030.0, "Extrap2050": -18.830669239402347, "Extrap2100": -56.156804228001683, "Dist_2040": 6.7073435774552195, "Rate_2040": 0.67081241418091131, "Dist_2050": 6.5574031304524283, "Rate_2050": 0.65563709632473888, "Dist_2060": 6.4147145304362425, "Rate_2060": 0.64154610402049816, "Dist_2070": 6.2631616481573928, "Rate_2070": 0.62621757959954194, "Dist_2080": 6.1707010877036055, "Rate_2080": 0.61714192005081714, "Dist_2090": 6.0818112548973886, "Rate_2090": 0.60808539481709811, "Dist_2100": 6.0216628452404848, "Rate_2100": 0.6022363613780799, "RSL_2050": 0.18573485314846039, "RSL_2100": 0.55779761075973511 }, "geometry": { "type": "LineString", "coordinates": [ [ -2.41942359950651, 56.76928803686959 ], [ -2.418209139526114, 56.768860844925761 ] ] } },
{ "type": "Feature", "properties": { "Cell": "None", "SubCell": "None", "CMU": "None", "LineID": 1, "TransectID": 106, "Hist_Rate": 0.77311631116021795, "LatestYr": "2024-10-11 00:00:00", "LatestSrc": "montrose_MHWS_Modern_LiDAR.shp", "FirstEYr": 2030.0, "Extrap2050": -19.337329434565277, "Extrap2100": -57.66776578906773, "Dist_2040": 6.9069640086220829, "Rate_2040": 0.69077678037216628, "Dist_2050": 6.7568340679374614, "Rate_2050": 0.67557705093310938, "Dist_2060": 6.6138642275925008, "Rate_2060": 0.66146339133254495, "Dist_2070": 6.46211925780824, "Rate_2070": 0.64611020887490456, "Dist_2080": 6.3694582557254762, "Rate_2080": 0.63701994988138344, "Dist_2090": 6.2804771375347741, "Rate_2090": 0.62794885598303996, "Dist_2100": 6.2201802647811064, "Rate_2100": 0.62209041357045824, "RSL_2050": 0.18573485314846039, "RSL_2100": 0.55779761075973511 }, "geometry": { "type": "LineString", "coordinates": [ [ -2.41955041399722, 56.769189529127821 ], [ -2.418323502222165, 56.76876364818677 ] ] } },
{ "type": "Feature", "properties": { "Cell": "None", "SubCell": "None", "CMU": "None", "LineID": 1, "TransectID": 107, "Hist_Rate": 0.87606715830341897, "LatestYr": "2024-10-11 00:00:00", "LatestSrc": "montrose_MHWS_Modern_LiDAR.shp", "FirstEYr": 2030.0, "Extrap2050": -21.592179022294598, "Extrap2100": -64.392176124774124, "Dist_2040": 7.8002781408605415, "Rate_2040": 0.78011858950253465, "Dist_2050": 7.6502925455982336, "Rate_2050": 0.76490883522739195, "Dist_2060": 7.5069850486756877, "Rate_2060": 0.75078586709773543, "Dist_2070": 7.3553833591369084, "Rate_2070": 0.73542255859555494, "Dist_2080": 7.2624178811890943, "Rate_2080": 0.72632630420870969, "Dist_2090": 7.1736214385415451, "Rate_2090": 0.7172492275572161, "Dist_2100": 7.1130414353746119, "Rate_2100": 0.71138692126500869, "RSL_2050": 0.18573485314846039, "RSL_2100": 0.55779761075973511 }, "geometry": { "type": "LineString", "coordinates": [ [ -2.419669418118453, 56.769097468279 ], [ -2.418428429238886, 56.768670964476669 ] ] } },
{ "type": "Feature", "properties": { "Cell": "None", "SubCell": "None", "CMU": "None", "LineID": 1, "TransectID": 108, "Hist_Rate": 0.79575168273405872, "LatestYr": "2024-10-11 00:00:00", "LatestSrc": "montrose_MHWS_Modern_LiDAR.shp", "FirstEYr": 2030.0, "Extrap2050": -19.334149956478672, "Extrap2100": -57.658283952485782, "Dist_2040": 6.9060559886446526, "Rate_2040": 0.69068596780737801, "Dist_2050": 6.7559964314058902, "Rate_2050": 0.67549330046475942, "Dist_2060": 6.6130923875996928, "Rate_2060": 0.66138619835100787, "Dist_2070": 6.4614185516360294, "Rate_2070": 0.64604014928714004, "Dist_2080": 6.3687999716056538, "Rate_2080": 0.63695411380864675, "Dist_2090": 6.2798608259024604, "Rate_2090": 0.62788723452085393, "Dist_2100": 6.2195913381833066, "Rate_2100": 0.62203151405706913, "RSL_2050": 0.18573485314846039, "RSL_2100": 0.55779761075973511 }, "geometry": { "type": "LineString", "coordinates": [ [ -2.419780999345647, 56.769011689747046 ], [ -2.41852176208969, 56.768581803400984 ] ] } },
{ "type": "Feature", "properties": { "Cell": "None", "SubCell": "None", "CMU": "None", "LineID": 1, "TransectID": 109, "Hist_Rate": 0.85607473136024315, "LatestYr": "2024-10-11 00:00:00", "LatestSrc": "montrose_MHWS_Modern_LiDAR.shp", "FirstEYr": 2030.0, "Extrap2050": -22.686272755687646, "Extrap2100": -67.654981435202231, "Dist_2040": 8.2375443160186137, "Rate_2040": 0.82385029568549528, "Dist_2050": 8.0883944431320174, "Rate_2050": 0.80871212904342893, "Dist_2060": 7.9456316641673084, "Rate_2060": 0.79465563337886858, "Dist_2070": 7.794873303462623, "Rate_2070": 0.77936463524225219, "Dist_2080": 7.7022155990806027, "Rate_2080": 0.77031119412573856, "Dist_2090": 7.6139668802962319, "Rate_2090": 0.76127684048086408, "Dist_2100": 7.5535422222308171, "Rate_2100": 0.75544212626044338, "RSL_2050": 0.18573485314846039, "RSL_2100": 0.55779761075973511 }, "geometry": { "type": "LineString", "coordinates": [ [ -2.419886886430757, 56.768930799414804 ], [ -2.418602925794267, 56.768494295928811 ] ] } },
{ "type": "Feature", "properties": { "Cell": "None", "SubCell": "None", "CMU": "None", "LineID": 1, "TransectID": 110, "Hist_Rate": 1.059851982418007, "LatestYr": "2024-10-11 00:00:00", "LatestSrc": "montrose_MHWS_Modern_LiDAR.shp", "FirstEYr": 2030.0, "Extrap2050": -27.284837499136128, "Extrap2100": -81.368816920521567, "Dist_2040": 10.065071062127004, "Rate_2040": 1.0066242380637793, "Dist_2050": 9.9173583037519961, "Rate_2050": 0.99157972632306013, "Dist_2060": 9.7749643786771117, "Rate_2060": 0.97761019361417723, "Dist_2070": 9.625653083673626, "Rate_2070": 0.96241379589752651, "Dist_2080": 9.5330542494212978, "Rate_2080": 0.95341636546940267, "Dist_2090": 9.4458658695643862, "Rate_2090": 0.94443790442495767, "Dist_2100": 9.3853006662803864, "Rate_2100": 0.93863928767905647, "RSL_2050": 0.18573485314846039, "RSL_2100": 0.55779761075973511 }, "geometry": { "type": "LineString", "coordinates": [ [ -2.419989494138309, 56.76885274395044 ], [ -2.418673595083101, 56.76840658835259 ] ] } },
{ "type": "Feature", "properties": { "Cell": "None", "SubCell": "None", "CMU": "None", "LineID": 1, "TransectID": 111, "Hist_Rate": 1.0444732830096197, "LatestYr": "2024-10-11 00:00:00", "LatestSrc": "montrose_MHWS_Modern_LiDAR.shp", "FirstEYr": 2030.0, "Extrap2050": -26.621960808448005, "Extrap2100": -79.391986672322687, "Dist_2040": 9.7986531168313604, "Rate_2040": 0.9799793431063194, "Dist_2050": 9.6501344471051311, "Rate_2050": 0.96486154689208758, "Dist_2060": 9.5071332724942863, "Rate_2060": 0.95082396612239717, "Dist_2070": 9.3570082793854112, "Rate_2070": 0.93555354406882729, "Dist_2080": 9.2640447562782242, "Rate_2080": 0.926512285568168, "Dist_2090": 9.1763452900063385, "Rate_2090": 0.91749008885440464, "Dist_2100": 9.1155714393408971, "Rate_2100": 0.91166322602230765, "RSL_2050": 0.18573485314846039, "RSL_2100": 0.55779761075973511 }, "geometry": { "type": "LineString", "coordinates": [ [ -2.420091066574661, 56.768775582389949 ], [ -2.418776371926217, 56.768330829824869 ] ] } },
{ "type": "Feature", "properties": { "Cell": "None", "SubCell": "None", "CMU": "None", "LineID": 1, "TransectID": 112, "Hist_Rate": 1.2638157203897784, "LatestYr": "2024-10-11 00:00:00", "LatestSrc": "montrose_MHWS_Modern_LiDAR.shp", "FirstEYr": 2030.0, "Extrap2050": -32.100237443975374, "Extrap2100": -95.729298141020664, "Dist_2040": 11.974374167774101, "Rate_2040": 1.1975767680649596, "Dist_2050": 11.827283642104021, "Rate_2050": 1.1825421970027863, "Dist_2060": 11.684459172651088, "Rate_2060": 1.1685818946788102, "Dist_2070": 11.535771166587665, "Rate_2070": 1.1533955379995608, "Dist_2080": 11.442708885793309, "Rate_2080": 1.1444040526339985, "Dist_2090": 11.3561027470883, "Rate_2090": 1.1354315241180943, "Dist_2100": 11.295052931003568, "Rate_2100": 1.1296367388149153, "RSL_2050": 0.18573485314846039, "RSL_2100": 0.55779761075973511 }, "geometry": { "type": "LineString", "coordinates": [ [ -2.420192882544504, 56.768698200572814 ], [ -2.418848391623212, 56.768244432010498 ] ] } },
{ "type": "Feature", "properties": { "Cell": "None", "SubCell": "None", "CMU": "None", "LineID": 1, "TransectID": 113, "Hist_Rate": 1.3236251714975598, "LatestYr": "2024-10-11 00:00:00", "LatestSrc": "montrose_MHWS_Modern_LiDAR.shp", "FirstEYr": 2030.0, "Extrap2050": -33.606121502526484, "Extrap2100": -100.22014417474385, "Dist_2040": 12.572748185507805, "Rate_2040": 1.2574211333913841, "Dist_2050": 12.426111604382811, "Rate_2050": 1.2424155673867476, "Dist_2060": 12.283392501394019, "Rate_2060": 1.2284821976151163, "Dist_2070": 12.135161521773284, "Rate_2070": 1.2133251388218667, "Dist_2080": 12.042108605027124, "Rate_2080": 1.2043510000469932, "Dist_2090": 11.955839722927237, "Rate_2090": 1.195395781549754, "Dist_2100": 11.894737511670826, "Rate_2100": 1.1896121756863176, "RSL_2050": 0.18573485314846039, "RSL_2100": 0.55779761075973511 }, "geometry": { "type": "LineString", "coordinates": [ [ -2.4202821636547, 56.768616462622184 ], [ -2.418931192730397, 56.768161594681239 ] ] } },
{ "type": "Feature", "properties": { "Cell": "None", "SubCell": "None", "CMU": "None", "LineID": 1, "TransectID": 114, "Hist_Rate": 1.2932701259176465, "LatestYr": "2024-10-11 00:00:00", "LatestSrc": "montrose_MHWS_Modern_LiDAR.shp", "FirstEYr": 2030.0, "Extrap2050": -32.239537393333926, "Extrap2100": -96.144718319966316, "Dist_2040": 12.032067800275456, "Rate_2040": 1.2033468027223737, "Dist_2050": 11.885489389298527, "Rate_2050": 1.1883618555354141, "Dist_2060": 11.74310971343283, "Rate_2060": 1.1744476313002439, "Dist_2070": 11.594939094788003, "Rate_2070": 1.1593113994875739, "Dist_2080": 11.502157359952491, "Rate_2080": 1.1503495918790931, "Dist_2090": 11.415863698075384, "Rate_2090": 1.1414066785503145, "Dist_2100": 11.354988765968983, "Rate_2100": 1.1356310198122745, "RSL_2050": 0.18573485314846039, "RSL_2100": 0.55779761075973511 }, "geometry": { "type": "LineString", "coordinates": [ [ -2.420367428242619, 56.768535045826162 ], [ -2.419014513617832, 56.768080328547526 ] ] } },
{ "type": "Feature", "properties": { "Cell": "None", "SubCell": "None", "CMU": "None", "LineID": 1, "TransectID": 115, "Hist_Rate": 1.5137020754165493, "LatestYr": "2024-10-11 00:00:00", "LatestSrc": "montrose_MHWS_Modern_LiDAR.shp", "FirstEYr": 2030.0, "Extrap2050": -37.175157262233874, "Extrap2100": -110.86371928577832, "Dist_2040": 13.99313887479201, "Rate_2040": 1.3994767320581107, "Dist_2050": 13.848021493700969, "Rate_2050": 1.3845841747640504, "Dist_2060": 13.705962362909986, "Rate_2060": 1.3707557388650466, "Dist_2070": 13.559262590928711, "Rate_2070": 1.3557128296926579, "Dist_2080": 13.466495604397323, "Rate_2080": 1.3468062762292139, "Dist_2090": 13.381291285976658, "Rate_2090": 1.3379185005525129, "Dist_2100": 13.320234380354123, "Rate_2100": 1.3321784517159065, "RSL_2050": 0.18573485314846039, "RSL_2100": 0.55779761075973511 }, "geometry": { "type": "LineString", "coordinates": [ [ -2.420449202376926, 56.768456781475074 ], [ -2.419080702344196, 56.767996898653024 ] ] } },
{ "type": "Feature", "properties": { "Cell": "None", "SubCell": "None", "CMU": "None", "LineID": 1, "TransectID": 116, "Hist_Rate": 1.6588432651797982, "LatestYr": "2024-10-11 00:00:00", "LatestSrc": "montrose_MHWS_Modern_LiDAR.shp", "FirstEYr": 2030.0, "Extrap2050": -41.323773684333709, "Extrap2100": -123.23571930718209, "Dist_2040": 15.627170965545758, "Rate_2040": 1.5628989571148266, "Dist_2050": 15.480403087534569, "Rate_2050": 1.5477966396657117, "Dist_2060": 15.335949601696939, "Rate_2060": 1.5337734316532843, "Dist_2070": 15.187577044980742, "Rate_2070": 1.5185186446349244, "Dist_2080": 15.093109978242126, "Rate_2080": 1.5094866432716594, "Dist_2090": 15.007099032296424, "Rate_2090": 1.5004736841783539, "Dist_2100": 14.94478867973163, "Rate_2100": 1.4946527873375903, "RSL_2050": 0.18573485314846039, "RSL_2100": 0.55779761075973511 }, "geometry": { "type": "LineString", "coordinates": [ [ -2.420525606640307, 56.768383367012341 ], [ -2.419139754340262, 56.76791656964982 ] ] } },
{ "type": "Feature", "properties": { "Cell": "None", "SubCell": "None", "CMU": "None", "LineID": 1, "TransectID": 117, "Hist_Rate": 1.632899383165558, "LatestYr": "2024-10-11 00:00:00", "LatestSrc": "montrose_MHWS_Modern_LiDAR.shp", "FirstEYr": 2030.0, "Extrap2050": -41.490735272399093, "Extrap2100": -123.73363199925812, "Dist_2040": 15.674471383762238, "Rate_2040": 1.5676295493931489, "Dist_2050": 15.523930870669517, "Rate_2050": 1.5521487328306902, "Dist_2060": 15.375951336888534, "Rate_2060": 1.5377740706909941, "Dist_2070": 15.223765928119576, "Rate_2070": 1.5221369633181534, "Dist_2080": 15.127025589070854, "Rate_2080": 1.51287859904606, "Dist_2090": 15.038764717720142, "Rate_2090": 1.5036397542874074, "Dist_2100": 14.974987014707551, "Rate_2100": 1.4976729722670654, "RSL_2050": 0.18573485314846039, "RSL_2100": 0.55779761075973511 }, "geometry": { "type": "LineString", "coordinates": [ [ -2.420595990333658, 56.768315356689484 ], [ -2.419213293665661, 56.767847246432858 ] ] } },
{ "type": "Feature", "properties": { "Cell": "None", "SubCell": "None", "CMU": "None", "LineID": 1, "TransectID": 118, "Hist_Rate": 2.0497243931957594, "LatestYr": "2024-10-11 00:00:00", "LatestSrc": "montrose_MHWS_Modern_LiDAR.shp", "FirstEYr": 2030.0, "Extrap2050": -50.94644817541824, "Extrap2100": -151.93245019207816, "Dist_2040": 19.395493065106336, "Rate_2040": 1.9397750207645403, "Dist_2050": 19.240520615093317, "Rate_2050": 1.9237492063395076, "Dist_2060": 19.086463702601577, "Rate_2060": 1.9088684881975511, "Dist_2070": 18.929788448815316, "Rate_2070": 1.8926808807874154, "Dist_2080": 18.828774592725267, "Rate_2080": 1.8830965783634881, "Dist_2090": 18.738274322005168, "Rate_2090": 1.8735324826320758, "Dist_2100": 18.671383542430078, "Rate_2100": 1.867355641702086, "RSL_2050": 0.18573485314846039, "RSL_2100": 0.55779761075973511 }, "geometry": { "type": "LineString", "coordinates": [ [ -2.420661627273381, 56.768251540672495 ], [ -2.419242893959857, 56.767767743854009 ] ] } },
{ "type": "Feature", "properties": { "Cell": "None", "SubCell": "None", "CMU": "None", "LineID": 1, "TransectID": 119, "Hist_Rate": 1.9968691987201574, "LatestYr": "2024-10-11 00:00:00", "LatestSrc": "montrose_MHWS_Modern_LiDAR.shp", "FirstEYr": 2030.0, "Extrap2050": -49.204822814197236, "Extrap2100": -146.73857666558874, "Dist_2040": 18.678829584369566, "Rate_2040": 1.868100332549042, "Dist_2050": 18.518390366433209, "Rate_2050": 1.8515475481554837, "Dist_2060": 18.359638542145262, "Rate_2060": 1.836177513753968, "Dist_2070": 18.197440527870924, "Rate_2070": 1.8194576162061036, "Dist_2080": 18.093475952012739, "Rate_2080": 1.8095581572845052, "Dist_2090": 17.999628924333535, "Rate_2090": 1.7996795695033923, "Dist_2100": 17.930909479450634, "Rate_2100": 1.7932996181676475, "RSL_2050": 0.18573485314846039, "RSL_2100": 0.55779761075973511 }, "geometry": { "type": "LineString", "coordinates": [ [ -2.420725882019474, 56.768188858146729 ], [ -2.419318454107963, 56.767705154290923 ] ] } },
{ "type": "Feature", "properties": { "Cell": "None", "SubCell": "None", "CMU": "None", "LineID": 1, "TransectID": 120, "Hist_Rate": 2.0399368364183421, "LatestYr": "2024-10-11 00:00:00", "LatestSrc": "montrose_MHWS_Modern_LiDAR.shp", "FirstEYr": 2030.0, "Extrap2050": -51.185480382514449, "Extrap2100": -152.64529181695261, "Dist_2040": 19.463703041721374, "Rate_2040": 1.9465968122168453, "Dist_2050": 19.303428205641694, "Rate_2050": 1.930038975198217, "Dist_2060": 19.144414568598108, "Rate_2060": 1.914664249198027, "Dist_2070": 18.982380399319823, "Rate_2070": 1.8979392480149386, "Dist_2080": 18.87817073414169, "Rate_2080": 1.8880367673506973, "Dist_2090": 18.784508415133189, "Rate_2090": 1.8781551641977234, "Dist_2100": 18.715554639267395, "Rate_2100": 1.8717732654251429, "RSL_2050": 0.18573485314846039, "RSL_2100": 0.55779761075973511 }, "geometry": { "type": "LineString", "coordinates": [ [ -2.420793710881435, 56.768122920810107 ], [ -2.419403323049099, 56.767642126877192 ] ] } },
{ "type": "Feature", "properties": { "Cell": "None", "SubCell": "None", "CMU": "None", "LineID": 1, "TransectID": 121, "Hist_Rate": 2.320671651732479, "LatestYr": "2024-10-11 00:00:00", "LatestSrc": "montrose_MHWS_Modern_LiDAR.shp", "FirstEYr": 2030.0, "Extrap2050": -57.740007480474183, "Extrap2100": -172.19219641007578, "Dist_2040": 22.035416583873541, "Rate_2040": 2.2037980946427798, "Dist_2050": 21.870537738192354, "Rate_2050": 2.1867095208983631, "Dist_2060": 21.705893795808265, "Rate_2060": 2.1708419810283406, "Dist_2070": 21.539199224131494, "Rate_2070": 2.15358088492194, "Dist_2080": 21.431115913045801, "Rate_2080": 2.1433609950357697, "Dist_2090": 21.334984749141654, "Rate_2090": 2.1331626518583002, "Dist_2100": 21.263287402222716, "Rate_2100": 2.1265761908560599, "RSL_2050": 0.18573485314846039, "RSL_2100": 0.55779761075973511 }, "geometry": { "type": "LineString", "coordinates": [ [ -2.42087053299994, 56.76804901983288 ], [ -2.419462986656711, 56.76756127554922 ] ] } },
{ "type": "Feature", "properties": { "Cell": "None", "SubCell": "None", "CMU": "None", "LineID": 1, "TransectID": 122, "Hist_Rate": 2.3780283159473083, "LatestYr": "2024-10-11 00:00:00", "LatestSrc": "montrose_MHWS_Modern_LiDAR.shp", "FirstEYr": 2030.0, "Extrap2050": -59.238539774716187, "Extrap2100": -176.66111801913897, "Dist_2040": 22.616284710748744, "Rate_2040": 2.2618916671592686, "Dist_2050": 22.448929666726599, "Rate_2050": 2.2445396095809991, "Dist_2060": 22.281681105007351, "Rate_2060": 2.2284274126494106, "Dist_2070": 22.112482338829693, "Rate_2070": 2.2109001726361908, "Dist_2080": 22.002666500615135, "Rate_2080": 2.2005227051891905, "Dist_2090": 21.905119139224098, "Rate_2090": 2.1901671166734351, "Dist_2100": 21.83225028995696, "Rate_2100": 2.1834791009117209, "RSL_2050": 0.18573485314846039, "RSL_2100": 0.55779761075973511 }, "geometry": { "type": "LineString", "coordinates": [ [ -2.420960729507462, 56.767963337130844 ], [ -2.419540373896751, 56.767473083967872 ] ] } },
{ "type": "Feature", "properties": { "Cell": "None", "SubCell": "None", "CMU": "None", "LineID": 1, "TransectID": 123, "Hist_Rate": 2.4447329338979431, "LatestYr": "2024-10-11 00:00:00", "LatestSrc": "montrose_MHWS_Modern_LiDAR.shp", "FirstEYr": 2030.0, "Extrap2050": -59.778216674241101, "Extrap2100": -178.27054196513342, "Dist_2040": 22.792573593050918, "Rate_2040": 2.2795226069441128, "Dist_2050": 22.617721310701256, "Rate_2050": 2.2614161171157416, "Dist_2060": 22.44342210155969, "Rate_2060": 2.2446033945588488, "Dist_2070": 22.266645935756628, "Rate_2070": 2.2263141057187492, "Dist_2080": 22.152276508386763, "Rate_2080": 2.2154854470466736, "Dist_2090": 22.050267005044702, "Rate_2090": 2.2046796185573609, "Dist_2100": 21.974450946723209, "Rate_2100": 2.1977008214426483, "RSL_2050": 0.18573485314846039, "RSL_2100": 0.55779761075973511 }, "geometry": { "type": "LineString", "coordinates": [ [ -2.421066228727633, 56.767864031823336 ], [ -2.419638501095408, 56.767376583456709 ] ] } },
{ "type": "Feature", "properties": { "Cell": "None", "SubCell": "None", "CMU": "None", "LineID": 1, "TransectID": 124, "Hist_Rate": 2.353437724746104, "LatestYr": "2024-10-11 00:00:00", "LatestSrc": "montrose_MHWS_Modern_LiDAR.shp", "FirstEYr": 2030.0, "Extrap2050": -58.696241661094042, "Extrap2100": -175.04387709091054, "Dist_2040": 22.360077158946524, "Rate_2040": 2.2362679303741855, "Dist_2050": 22.184383628708474, "Rate_2050": 2.2180891698627305, "Dist_2060": 22.009532055715681, "Rate_2060": 2.2012093405968605, "Dist_2070": 21.831906962989137, "Rate_2070": 2.1828470514452669, "Dist_2080": 21.71722437695388, "Rate_2080": 2.1719751710020749, "Dist_2090": 21.61466437215995, "Rate_2090": 2.1611262118665837, "Dist_2100": 21.538689038026348, "Rate_2100": 2.1541195594116482, "RSL_2050": 0.18573485314846039, "RSL_2100": 0.55779761075973511 }, "geometry": { "type": "LineString", "coordinates": [ [ -2.421185684644027, 56.767751920301123 ], [ -2.419768664323094, 56.767276538980099 ] ] } },
{ "type": "Feature", "properties": { "Cell": "None", "SubCell": "None", "CMU": "None", "LineID": 1, "TransectID": 125, "Hist_Rate": 2.031153131301604, "LatestYr": "2024-10-11 00:00:00", "LatestSrc": "montrose_MHWS_Modern_LiDAR.shp", "FirstEYr": 2030.0, "Extrap2050": -51.741588780386408, "Extrap2100": -154.30371776197944, "Dist_2040": 19.600072609092479, "Rate_2040": 1.960235355949195, "Dist_2050": 19.42298074473581, "Rate_2050": 1.9419923472924088, "Dist_2060": 19.248288594510996, "Rate_2060": 1.9250528606190258, "Dist_2070": 19.069258341055786, "Rate_2070": 1.9066256746873989, "Dist_2080": 18.954947829570585, "Rate_2080": 1.8957153703838814, "Dist_2090": 18.851247962261141, "Rate_2090": 1.8848280683975267, "Dist_2100": 18.775781503486655, "Rate_2100": 1.8777966527347276, "RSL_2050": 0.18573485314846039, "RSL_2100": 0.55779761075973511 }, "geometry": { "type": "LineString", "coordinates": [ [ -2.421314573839186, 56.767630572533506 ], [ -2.419919857511196, 56.767173039318379 ] ] } },
{ "type": "Feature", "properties": { "Cell": "None", "SubCell": "None", "CMU": "None", "LineID": 1, "TransectID": 126, "Hist_Rate": 1.9342901685263645, "LatestYr": "2024-10-11 00:00:00", "LatestSrc": "montrose_MHWS_Modern_LiDAR.shp", "FirstEYr": 2030.0, "Extrap2050": -49.571864914537002, "Extrap2100": -147.83316927460154, "Dist_2040": 18.718495027948848, "Rate_2040": 1.8720673385119406, "Dist_2050": 18.53685005814765, "Rate_2050": 1.8533932267623852, "Dist_2060": 18.358397956046417, "Rate_2060": 1.8360534407068136, "Dist_2070": 18.174768790802432, "Rate_2070": 1.8171907993634431, "Dist_2080": 18.058125214403162, "Rate_2080": 1.8060226721307906, "Dist_2090": 17.951606578211056, "Rate_2090": 1.794878090786272, "Dist_2100": 17.874724983772694, "Rate_2100": 1.7876805147550927, "RSL_2050": 0.18573485314846039, "RSL_2100": 0.55779761075973511 }, "geometry": { "type": "LineString", "coordinates": [ [ -2.421446183528991, 56.767505772889074 ], [ -2.420071247568095, 56.767065573293088 ] ] } },
{ "type": "Feature", "properties": { "Cell": "None", "SubCell": "None", "CMU": "None", "LineID": 1, "TransectID": 127, "Hist_Rate": 1.7592531696264331, "LatestYr": "2024-10-11 00:00:00", "LatestSrc": "montrose_MHWS_Modern_LiDAR.shp", "FirstEYr": 2030.0, "Extrap2050": -48.231660540397996, "Extrap2100": -143.83641304107621, "Dist_2040": 18.165626581436129, "Rate_2040": 1.8167740598768307, "Dist_2050": 17.979496581057049, "Rate_2050": 1.7976666520686366, "Dist_2060": 17.797174164761259, "Rate_2060": 1.7799245303594782, "Dist_2070": 17.60901392958408, "Rate_2070": 1.7606242184987992, "Dist_2080": 17.489934184342815, "Rate_2080": 1.749196956824981, "Dist_2090": 17.380673676481138, "Rate_2090": 1.7377937873753524, "Dist_2100": 17.302278511838949, "Rate_2100": 1.7304292057394133, "RSL_2050": 0.18573485314846039, "RSL_2100": 0.55779761075973511 }, "geometry": { "type": "LineString", "coordinates": [ [ -2.421573126284245, 56.76738443033134 ], [ -2.420207677823798, 56.766957076084523 ] ] } },
{ "type": "Feature", "properties": { "Cell": "None", "SubCell": "None", "CMU": "None", "LineID": 1, "TransectID": 128, "Hist_Rate": 1.933972964998814, "LatestYr": "2024-10-11 00:00:00", "LatestSrc": "montrose_MHWS_Modern_LiDAR.shp", "FirstEYr": 2030.0, "Extrap2050": -47.606919772212613, "Extrap2100": -141.97331170536648, "Dist_2040": 17.824251186988477, "Rate_2040": 1.7826325476899341, "Dist_2050": 17.619236575876698, "Rate_2050": 1.7616463222186272, "Dist_2060": 17.419569109262341, "Rate_2060": 1.7421596304462625, "Dist_2070": 17.212324631825538, "Rate_2070": 1.7209615328057868, "Dist_2080": 17.082118442610806, "Rate_2080": 1.7084106367128362, "Dist_2090": 16.961531845912702, "Rate_2090": 1.6958862018151575, "Dist_2100": 16.876010722837179, "Rate_2100": 1.6877974661653501, "RSL_2050": 0.18573485314846039, "RSL_2100": 0.55779761075973511 }, "geometry": { "type": "LineString", "coordinates": [ [ -2.421688879095747, 56.767273162898668 ], [ -2.420328547676067, 56.766854806916655 ] ] } },
{ "type": "Feature", "properties": { "Cell": "None", "SubCell": "None", "CMU": "None", "LineID": 1, "TransectID": 129, "Hist_Rate": 1.950066873726841, "LatestYr": "2024-10-11 00:00:00", "LatestSrc": "montrose_MHWS_Modern_LiDAR.shp", "FirstEYr": 2030.0, "Extrap2050": -47.587921855859868, "Extrap2100": -141.91665613695321, "Dist_2040": 17.774076822570862, "Rate_2040": 1.7776145273460675, "Dist_2050": 17.560499243290565, "Rate_2050": 1.7557735135142498, "Dist_2060": 17.352911669780838, "Rate_2060": 1.7354931107748981, "Dist_2070": 17.137013399658997, "Rate_2070": 1.7134315950246239, "Dist_2080": 17.001716325578911, "Rate_2080": 1.7003694893333121, "Dist_2090": 16.876005591774117, "Rate_2090": 1.6873349226262135, "Dist_2100": 16.787213647878389, "Rate_2100": 1.6789167252971584, "RSL_2050": 0.18573485314846039, "RSL_2100": 0.55779761075973511 }, "geometry": { "type": "LineString", "coordinates": [ [ -2.42178895151599, 56.767176891533033 ], [ -2.420430221586137, 56.766763053444414 ] ] } },
{ "type": "Feature", "properties": { "Cell": "None", "SubCell": "None", "CMU": "None", "LineID": 1, "TransectID": 130, "Hist_Rate": 1.7268583486276192, "LatestYr": "2024-10-11 00:00:00", "LatestSrc": "montrose_MHWS_Modern_LiDAR.shp", "FirstEYr": 2030.0, "Extrap2050": -44.407866684736092, "Extrap2100": -132.43309857409358, "Dist_2040": 16.520336548747366, "Rate_2040": 1.6522259096127765, "Dist_2050": 16.307783373558607, "Rate_2050": 1.6305216448992552, "Dist_2060": 16.101808359779056, "Rate_2060": 1.610368220111337, "Dist_2070": 15.886949023863167, "Rate_2070": 1.5884448340674358, "Dist_2080": 15.752811890320004, "Rate_2080": 1.5754645117333528, "Dist_2090": 15.627575416106197, "Rate_2090": 1.5625115559587102, "Dist_2100": 15.539652238738881, "Rate_2100": 1.5541460659385504, "RSL_2050": 0.18573485314846039, "RSL_2100": 0.55779761075973511 }, "geometry": { "type": "LineString", "coordinates": [ [ -2.421871522289831, 56.767097805412561 ], [ -2.420521473576906, 56.766686862210094 ] ] } },
{ "type": "Feature", "properties": { "Cell": "None", "SubCell": "None", "CMU": "None", "LineID": 1, "TransectID": 131, "Hist_Rate": 1.6768528839481169, "LatestYr": "2024-10-11 00:00:00", "LatestSrc": "montrose_MHWS_Modern_LiDAR.shp", "FirstEYr": 2030.0, "Extrap2050": -40.5206711061671, "Extrap2100": -120.84070754824066, "Dist_2040": 14.976021683258352, "Rate_2040": 1.4977764511630582, "Dist_2050": 14.762355074913955, "Rate_2050": 1.4760031408292529, "Dist_2060": 14.556162072157122, "Rate_2060": 1.4557856039539561, "Dist_2070": 14.340181966725538, "Rate_2070": 1.4337924752208466, "Dist_2080": 14.206055374914058, "Rate_2080": 1.4207708598773408, "Dist_2090": 14.07998323948766, "Rate_2090": 1.4077766981518127, "Dist_2100": 13.992217619717849, "Rate_2100": 1.3993845958296267, "RSL_2050": 0.18573485314846039, "RSL_2100": 0.55779761075973511 }, "geometry": { "type": "LineString", "coordinates": [ [ -2.421935832218237, 56.767034437285957 ], [ -2.420609369833008, 56.766627444151958 ] ] } },
{ "type": "Feature", "properties": { "Cell": "None", "SubCell": "None", "CMU": "None", "LineID": 1, "TransectID": 132, "Hist_Rate": 1.5530255946275351, "LatestYr": "2024-10-11 00:00:00", "LatestSrc": "montrose_MHWS_Modern_LiDAR.shp", "FirstEYr": 2030.0, "Extrap2050": -39.96012331845499, "Extrap2100": -119.16904245897655, "Dist_2040": 14.69239425470704, "Rate_2040": 1.4694104076053769, "Dist_2050": 14.466334794929594, "Rate_2050": 1.4464057723342656, "Dist_2060": 14.248790729548205, "Rate_2060": 1.4250448926716897, "Dist_2070": 14.020286939722837, "Rate_2070": 1.401808007824177, "Dist_2080": 13.878884787246704, "Rate_2080": 1.3880499936763293, "Dist_2090": 13.745373445800794, "Rate_2090": 1.3743209857043244, "Dist_2100": 13.652954072529269, "Rate_2100": 1.365454292945173, "RSL_2050": 0.18573485314846039, "RSL_2100": 0.55779761075973511 }, "geometry": { "type": "LineString", "coordinates": [ [ -2.421982144318381, 56.766982040268971 ], [ -2.420677067820858, 56.76657574981769 ] ] } },
{ "type": "Feature", "properties": { "Cell": "None", "SubCell": "None", "CMU": "None", "LineID": 1, "TransectID": 133, "Hist_Rate": 1.5066278836884863, "LatestYr": "2024-10-11 00:00:00", "LatestSrc": "montrose_MHWS_Modern_LiDAR.shp", "FirstEYr": 2030.0, "Extrap2050": -39.354867104512742, "Extrap2100": -117.36404794274259, "Dist_2040": 14.415189542915016, "Rate_2040": 1.4416867104677267, "Dist_2050": 14.181579591316392, "Rate_2050": 1.4179347341586033, "Dist_2060": 13.957174873434553, "Rate_2060": 1.3958799133927766, "Dist_2070": 13.721041183958448, "Rate_2070": 1.3718881425217475, "Dist_2080": 13.575251966394092, "Rate_2080": 1.3576831780765866, "Dist_2090": 13.437196701412176, "Rate_2090": 1.3435081621175848, "Dist_2100": 13.341981544140822, "Rate_2100": 1.3343534211763017, "RSL_2050": 0.18573485314846039, "RSL_2100": 0.55779761075973511 }, "geometry": { "type": "LineString", "coordinates": [ [ -2.42202090648773, 56.766936576128188 ], [ -2.420740152180389, 56.766530574916921 ] ] } },
{ "type": "Feature", "properties": { "Cell": "None", "SubCell": "None", "CMU": "None", "LineID": 1, "TransectID": 134, "Hist_Rate": 1.6032300630916176, "LatestYr": "2024-10-11 00:00:00", "LatestSrc": "montrose_MHWS_Modern_LiDAR.shp", "FirstEYr": 2030.0, "Extrap2050": -38.721278352021884, "Extrap2100": -115.47456015649639, "Dist_2040": 14.127149610443155, "Rate_2040": 1.4128793651676572, "Dist_2050": 13.886065529394614, "Rate_2050": 1.3883879795017553, "Dist_2060": 13.654876745023728, "Rate_2060": 1.3656465825696411, "Dist_2070": 13.411190361039701, "Rate_2070": 1.3409079374328068, "Dist_2080": 13.26106441171595, "Rate_2080": 1.3262607662640096, "Dist_2090": 13.118509676253666, "Rate_2090": 1.3116444758907966, "Dist_2100": 13.020532179724114, "Rate_2100": 1.3022047438808557, "RSL_2050": 0.18573485314846039, "RSL_2100": 0.55779761075973511 }, "geometry": { "type": "LineString", "coordinates": [ [ -2.422058284229116, 56.766891866643775 ], [ -2.420799716340843, 56.766485476261508 ] ] } },
{ "type": "Feature", "properties": { "Cell": "None", "SubCell": "None", "CMU": "None", "LineID": 1, "TransectID": 135, "Hist_Rate": 1.4610113531580899, "LatestYr": "2024-10-11 00:00:00", "LatestSrc": "montrose_MHWS_Modern_LiDAR.shp", "FirstEYr": 2030.0, "Extrap2050": -37.230953790076505, "Extrap2100": -111.0301156390266, "Dist_2040": 13.481385606283652, "Rate_2040": 1.3482954496996322, "Dist_2050": 13.229097317692833, "Rate_2050": 1.3227014993313508, "Dist_2060": 12.987851739203961, "Rate_2060": 1.2989363195115562, "Dist_2070": 12.732843995981852, "Rate_2070": 1.2730839784293462, "Dist_2080": 12.576310577319759, "Rate_2080": 1.2577774140297679, "Dist_2090": 12.42698727466933, "Rate_2090": 1.2425031206319224, "Dist_2100": 12.324949952341228, "Rate_2100": 1.2326384263329657, "RSL_2050": 0.18573485314846039, "RSL_2100": 0.55779761075973511 }, "geometry": { "type": "LineString", "coordinates": [ [ -2.422100144520592, 56.766842386957634 ], [ -2.420860120824655, 56.76643556122049 ] ] } },
{ "type": "Feature", "properties": { "Cell": "None", "SubCell": "None", "CMU": "None", "LineID": 1, "TransectID": 136, "Hist_Rate": 1.2696083100106352, "LatestYr": "2024-10-11 00:00:00", "LatestSrc": "montrose_MHWS_Modern_LiDAR.shp", "FirstEYr": 2030.0, "Extrap2050": -32.559856737143903, "Extrap2100": -97.099974368069994, "Dist_2040": 11.560636801219346, "Rate_2040": 1.1561982165578744, "Dist_2050": 11.293960780200393, "Rate_2050": 1.1292183055741425, "Dist_2060": 11.040377145727973, "Rate_2060": 1.1041661965083651, "Dist_2070": 10.770834406487609, "Rate_2070": 1.0769139024668903, "Dist_2080": 10.606550254841409, "Rate_2080": 1.0607784587770848, "Dist_2090": 10.448414967673216, "Rate_2090": 1.0446770336245237, "Dist_2100": 10.341577978613941, "Rate_2100": 1.0342781475503566, "RSL_2050": 0.18573485314846039, "RSL_2100": 0.55779761075973511 }, "geometry": { "type": "LineString", "coordinates": [ [ -2.422150963589286, 56.766784194196994 ], [ -2.42094144599074, 56.766382831332706 ] ] } },
{ "type": "Feature", "properties": { "Cell": "None", "SubCell": "None", "CMU": "None", "LineID": 1, "TransectID": 137, "Hist_Rate": 1.3805834393504681, "LatestYr": "2024-10-11 00:00:00", "LatestSrc": "montrose_MHWS_Modern_LiDAR.shp", "FirstEYr": 2030.0, "Extrap2050": -34.096523901752754, "Extrap2100": -101.68262175194366, "Dist_2040": 12.129296235147308, "Rate_2040": 1.2130707777014762, "Dist_2050": 11.854662494731201, "Rate_2050": 1.1852796513090229, "Dist_2060": 11.593393731563367, "Rate_2060": 1.159474290799708, "Dist_2070": 11.315807078201487, "Rate_2070": 1.1314025915028763, "Dist_2080": 11.146522799915658, "Rate_2080": 1.1147819971928246, "Dist_2090": 10.983693329535811, "Rate_2090": 1.0981964442685419, "Dist_2100": 10.873583499872382, "Rate_2100": 1.087484890868603, "RSL_2050": 0.18573485314846039, "RSL_2100": 0.55779761075973511 }, "geometry": { "type": "LineString", "coordinates": [ [ -2.422213078114023, 56.766715404084231 ], [ -2.42100597726663, 56.766312466218018 ] ] } },
{ "type": "Feature", "properties": { "Cell": "None", "SubCell": "None", "CMU": "None", "LineID": 1, "TransectID": 138, "Hist_Rate": 1.3701143247691643, "LatestYr": "2024-10-11 00:00:00", "LatestSrc": "montrose_MHWS_Modern_LiDAR.shp", "FirstEYr": 2030.0, "Extrap2050": -34.135936953777069, "Extrap2100": -101.80015931889993, "Dist_2040": 12.117676229007031, "Rate_2040": 1.2119086418601044, "Dist_2050": 11.837577572195869, "Rate_2050": 1.1835714279804954, "Dist_2060": 11.571243398317563, "Rate_2060": 1.1572589997015341, "Dist_2070": 11.288133804686822, "Rate_2070": 1.1286356997422193, "Dist_2080": 11.115591583855007, "Rate_2080": 1.1116885156260028, "Dist_2090": 10.94949411821284, "Rate_2090": 1.0947770614484953, "Dist_2100": 10.837289106572939, "Rate_2100": 1.0838550291641476, "RSL_2050": 0.18573485314846039, "RSL_2100": 0.55779761075973511 }, "geometry": { "type": "LineString", "coordinates": [ [ -2.4222864815464, 56.766636195759318 ], [ -2.421084221331333, 56.766234658111067 ] ] } },
{ "type": "Feature", "properties": { "Cell": "None", "SubCell": "None", "CMU": "None", "LineID": 1, "TransectID": 139, "Hist_Rate": 1.3682859955562643, "LatestYr": "2024-10-11 00:00:00", "LatestSrc": "montrose_MHWS_Modern_LiDAR.shp", "FirstEYr": 2030.0, "Extrap2050": -34.057127999711653, "Extrap2100": -101.56513532965133, "Dist_2040": 12.052779538919935, "Rate_2040": 1.2054182176188293, "Dist_2050": 11.765915513031302, "Rate_2050": 1.1764063500597688, "Dist_2060": 11.493337210494929, "Rate_2060": 1.1494674742892097, "Dist_2070": 11.2033905632656, "Rate_2070": 1.12016270950001, "Dist_2080": 11.026837216868273, "Rate_2080": 1.1028120460520292, "Dist_2090": 10.856688527703284, "Rate_2090": 1.0854979632027557, "Dist_2100": 10.741908901523971, "Rate_2100": 1.0743158986760319, "RSL_2050": 0.18573485314846039, "RSL_2100": 0.55779761075973511 }, "geometry": { "type": "LineString", "coordinates": [ [ -2.422369186828766, 56.76654842384049 ], [ -2.421170342306308, 56.766149585662852 ] ] } },
{ "type": "Feature", "properties": { "Cell": "None", "SubCell": "None", "CMU": "None", "LineID": 1, "TransectID": 140, "Hist_Rate": 1.3620576803801741, "LatestYr": "2024-10-11 00:00:00", "LatestSrc": "montrose_MHWS_Modern_LiDAR.shp", "FirstEYr": 2030.0, "Extrap2050": -33.22460301609982, "Extrap2100": -99.082380100655882, "Dist_2040": 11.674573948048817, "Rate_2040": 1.1675932571796879, "Dist_2050": 11.377944057222521, "Rate_2050": 1.1376153113386522, "Dist_2060": 11.096502516122939, "Rate_2060": 1.1097793867045544, "Dist_2070": 10.796687354461881, "Rate_2070": 1.0794987903263191, "Dist_2080": 10.614468344578597, "Rate_2080": 1.0615703598972477, "Dist_2090": 10.438440343168736, "Rate_2090": 1.0436797281795256, "Dist_2100": 10.320052082385814, "Rate_2100": 1.0321253074208108, "RSL_2050": 0.18573485314846039, "RSL_2100": 0.55779761075973511 }, "geometry": { "type": "LineString", "coordinates": [ [ -2.422457992585261, 56.766454974668427 ], [ -2.421265118011263, 56.76606083812176 ] ] } },
{ "type": "Feature", "properties": { "Cell": "None", "SubCell": "None", "CMU": "None", "LineID": 1, "TransectID": 141, "Hist_Rate": 1.3370356521664419, "LatestYr": "2024-10-11 00:00:00", "LatestSrc": "montrose_MHWS_Modern_LiDAR.shp", "FirstEYr": 2030.0, "Extrap2050": -34.188446388629394, "Extrap2100": -101.95675290650088, "Dist_2040": 11.98589809084649, "Rate_2040": 1.1987292944813799, "Dist_2050": 11.675171465694632, "Rate_2050": 1.1673333736816238, "Dist_2060": 11.380483530770107, "Rate_2060": 1.1381807929866652, "Dist_2070": 11.066420969547607, "Rate_2070": 1.1064679060963569, "Dist_2080": 10.875648851541825, "Rate_2080": 1.0876914500709927, "Dist_2090": 10.691228658074749, "Rate_2090": 1.0689545806588741, "Dist_2100": 10.567306522184879, "Rate_2100": 1.0568536288141048, "RSL_2050": 0.18573485314846039, "RSL_2100": 0.55779761075973511 }, "geometry": { "type": "LineString", "coordinates": [ [ -2.422541234008218, 56.766356353747675 ], [ -2.421356240126064, 56.765968017940502 ] ] } },
{ "type": "Feature", "properties": { "Cell": "None", "SubCell": "None", "CMU": "None", "LineID": 1, "TransectID": 142, "Hist_Rate": 1.455034807466097, "LatestYr": "2024-10-11 00:00:00", "LatestSrc": "montrose_MHWS_Modern_LiDAR.shp", "FirstEYr": 2030.0, "Extrap2050": -34.505635957329929, "Extrap2100": -102.9026753421947, "Dist_2040": 12.045543709764331, "Rate_2040": 1.2046945504966042, "Dist_2050": 11.721584214183281, "Rate_2050": 1.1719739179712119, "Dist_2060": 11.414584437312101, "Rate_2060": 1.1415912804887638, "Dist_2070": 11.087148249997938, "Rate_2070": 1.108540307883896, "Dist_2080": 10.88844888835149, "Rate_2080": 1.0889716027118619, "Dist_2090": 10.696125166828722, "Rate_2090": 1.0694441544608375, "Dist_2100": 10.56709643892782, "Rate_2100": 1.0568326180435637, "RSL_2050": 0.18573485314846039, "RSL_2100": 0.55779761075973511 }, "geometry": { "type": "LineString", "coordinates": [ [ -2.422621042339016, 56.766257092251017 ], [ -2.421450094574939, 56.765876448462969 ] ] } },
{ "type": "Feature", "properties": { "Cell": "None", "SubCell": "None", "CMU": "None", "LineID": 1, "TransectID": 143, "Hist_Rate": 1.387724915554075, "LatestYr": "2024-10-11 00:00:00", "LatestSrc": "montrose_MHWS_Modern_LiDAR.shp", "FirstEYr": 2030.0, "Extrap2050": -34.453097641140765, "Extrap2100": -102.74599562469798, "Dist_2040": 11.95751006160441, "Rate_2040": 1.1958901611926476, "Dist_2050": 11.620052625932374, "Rate_2050": 1.1618223573027937, "Dist_2060": 11.300572982539393, "Rate_2060": 1.1301888082078708, "Dist_2070": 10.959495713049762, "Rate_2070": 1.0957770635022113, "Dist_2080": 10.752775421243427, "Rate_2080": 1.0754026771066547, "Dist_2090": 10.552373457589795, "Rate_2090": 1.0550712462588943, "Dist_2100": 10.418192273500324, "Rate_2100": 1.0419404686347049, "RSL_2050": 0.18573485314846039, "RSL_2100": 0.55779761075973511 }, "geometry": { "type": "LineString", "coordinates": [ [ -2.422698413110283, 56.766160086949981 ], [ -2.42154096971927, 56.765786442324547 ] ] } },
{ "type": "Feature", "properties": { "Cell": "None", "SubCell": "None", "CMU": "None", "LineID": 1, "TransectID": 144, "Hist_Rate": 1.4033501464770342, "LatestYr": "2024-10-11 00:00:00", "LatestSrc": "montrose_MHWS_Modern_LiDAR.shp", "FirstEYr": 2030.0, "Extrap2050": -35.7335305203407, "Extrap2100": -106.56450136181057, "Dist_2040": 12.351959754276265, "Rate_2040": 1.2353397208519301, "Dist_2050": 11.991934102293101, "Rate_2050": 1.1990046513432215, "Dist_2060": 11.651302485382473, "Rate_2060": 1.1652658400923626, "Dist_2070": 11.287416093981051, "Rate_2070": 1.1285639399687584, "Dist_2080": 11.06704813982077, "Rate_2080": 1.1068336063002431, "Dist_2090": 10.8531992158251, "Rate_2090": 1.0851490869384066, "Dist_2100": 10.710197960425774, "Rate_2100": 1.0711444355314377, "RSL_2050": 0.18573485314846039, "RSL_2100": 0.55779761075973511 }, "geometry": { "type": "LineString", "coordinates": [ [ -2.422772559474638, 56.766066136213787 ], [ -2.421626981954955, 56.765698313287807 ] ] } },
{ "type": "Feature", "properties": { "Cell": "None", "SubCell": "None", "CMU": "None", "LineID": 1, "TransectID": 145, "Hist_Rate": 1.465018819524341, "LatestYr": "2024-10-11 00:00:00", "LatestSrc": "montrose_MHWS_Modern_LiDAR.shp", "FirstEYr": 2030.0, "Extrap2050": -35.6623139025927, "Extrap2100": -106.3521192308406, "Dist_2040": 12.241038603301661, "Rate_2040": 1.2242463149141312, "Dist_2050": 11.864404603385481, "Rate_2050": 1.1862537088289136, "Dist_2060": 11.508418686021912, "Rate_2060": 1.1509757973519601, "Dist_2070": 11.127747827118014, "Rate_2070": 1.1125996265387768, "Dist_2080": 10.897511771445068, "Rate_2080": 1.0898779964901493, "Dist_2090": 10.673722803074043, "Rate_2090": 1.0672042707094911, "Dist_2100": 10.524382767413783, "Rate_2100": 1.0525607538135622, "RSL_2050": 0.18573485314846039, "RSL_2100": 0.55779761075973511 }, "geometry": { "type": "LineString", "coordinates": [ [ -2.42284379181902, 56.765974977194432 ], [ -2.421718690340282, 56.765615155785383 ] ] } },
{ "type": "Feature", "properties": { "Cell": "None", "SubCell": "None", "CMU": "None", "LineID": 1, "TransectID": 146, "Hist_Rate": 1.3212059676325856, "LatestYr": "2024-10-11 00:00:00", "LatestSrc": "montrose_MHWS_Modern_LiDAR.shp", "FirstEYr": 2030.0, "Extrap2050": -33.663483893315266, "Extrap2100": -100.39121024300847, "Dist_2040": 11.375863875784148, "Rate_2040": 1.137718773727024, "Dist_2050": 10.984388813789337, "Rate_2050": 1.0982659817466336, "Dist_2060": 10.615086867428943, "Rate_2060": 1.0616322193803165, "Dist_2070": 10.21941979613797, "Rate_2070": 1.0217811209665817, "Dist_2080": 9.9807007090769844, "Rate_2080": 0.99818622090225917, "Dist_2090": 9.7479450363564979, "Rate_2090": 0.9746410662308892, "Dist_2100": 9.5932310802529059, "Rate_2100": 0.95943474885796065, "RSL_2050": 0.18573485314846039, "RSL_2100": 0.55779761075973511 }, "geometry": { "type": "LineString", "coordinates": [ [ -2.42291321783935, 56.765885557535142 ], [ -2.421817565799712, 56.765536224944128 ] ] } },
{ "type": "Feature", "properties": { "Cell": "None", "SubCell": "None", "CMU": "None", "LineID": 1, "TransectID": 147, "Hist_Rate": 1.4570561899972836, "LatestYr": "2024-10-11 00:00:00", "LatestSrc": "montrose_MHWS_Modern_LiDAR.shp", "FirstEYr": 2030.0, "Extrap2050": -34.700009565440801, "Extrap2100": -103.48233613486227, "Dist_2040": 11.788098722369796, "Rate_2040": 1.1789470557516841, "Dist_2050": 11.397009154271473, "Rate_2050": 1.1395215209496301, "Dist_2060": 11.027847320278397, "Rate_2060": 1.1029130681480785, "Dist_2070": 10.632568639062868, "Rate_2070": 1.0630895020949684, "Dist_2080": 10.393899447172714, "Rate_2080": 1.0395109032951753, "Dist_2090": 10.161419612162717, "Rate_2090": 1.0159820155202139, "Dist_2100": 10.006697513694007, "Rate_2100": 1.0007862039007074, "RSL_2050": 0.18573485314846039, "RSL_2100": 0.55779761075973511 }, "geometry": { "type": "LineString", "coordinates": [ [ -2.422982335905997, 56.765796428929995 ], [ -2.421901210319847, 56.76545273387287 ] ] } },
{ "type": "Feature", "properties": { "Cell": "None", "SubCell": "None", "CMU": "None", "LineID": 1, "TransectID": 148, "Hist_Rate": 1.3969690153380727, "LatestYr": "2024-10-11 00:00:00", "LatestSrc": "montrose_MHWS_Modern_LiDAR.shp", "FirstEYr": 2030.0, "Extrap2050": -33.221532427455486, "Extrap2100": -99.073222994067024, "Dist_2040": 11.201244354482469, "Rate_2040": 1.1202547894693493, "Dist_2050": 10.809835440387701, "Rate_2050": 1.0808133919616221, "Dist_2060": 10.440687068291254, "Rate_2060": 1.0441902098960483, "Dist_2070": 10.04508735560637, "Rate_2070": 1.0043506209909827, "Dist_2080": 9.8064841288035609, "Rate_2080": 0.98076253543661962, "Dist_2090": 9.5737487637865115, "Rate_2090": 0.95722418090810157, "Dist_2100": 9.4191264061811353, "Rate_2100": 0.94202225531479011, "RSL_2050": 0.18573485314846039, "RSL_2100": 0.55779761075973511 }, "geometry": { "type": "LineString", "coordinates": [ [ -2.423052616580319, 56.765706156977288 ], [ -2.421994358686097, 56.765370924204639 ] ] } },
{ "type": "Feature", "properties": { "Cell": "None", "SubCell": "None", "CMU": "None", "LineID": 1, "TransectID": 149, "Hist_Rate": 1.2358818058979357, "LatestYr": "2024-10-11 00:00:00", "LatestSrc": "montrose_MHWS_Modern_LiDAR.shp", "FirstEYr": 2030.0, "Extrap2050": -31.70021746446163, "Extrap2100": -94.536358931518862, "Dist_2040": 10.604788212388144, "Rate_2040": 1.0606022340260615, "Dist_2050": 10.214536667022799, "Rate_2050": 1.0212928849178962, "Dist_2060": 9.8467772450080133, "Rate_2060": 0.9847923159665497, "Dist_2070": 9.4523489316975429, "Rate_2070": 0.94508610859171638, "Dist_2080": 9.2146975944615974, "Rate_2080": 0.92157699511093649, "Dist_2090": 8.982588364760943, "Rate_2090": 0.8981174461582806, "Dist_2100": 8.8286367317518284, "Rate_2100": 0.88296641607252668, "RSL_2050": 0.18573485314846039, "RSL_2100": 0.55779761075973511 }, "geometry": { "type": "LineString", "coordinates": [ [ -2.423125153867972, 56.765613659880913 ], [ -2.422091270217912, 56.765287705513678 ] ] } },
{ "type": "Feature", "properties": { "Cell": "None", "SubCell": "None", "CMU": "None", "LineID": 1, "TransectID": 150, "Hist_Rate": 1.280411372255962, "LatestYr": "2024-10-11 00:00:00", "LatestSrc": "montrose_MHWS_Modern_LiDAR.shp", "FirstEYr": 2030.0, "Extrap2050": -31.717384144963926, "Extrap2100": -94.587553390088331, "Dist_2040": 10.635203748795902, "Rate_2040": 1.0636441416263931, "Dist_2050": 10.24969402608258, "Rate_2050": 1.0248080674299116, "Dist_2060": 9.8863190473495024, "Rate_2060": 0.98874695636679921, "Dist_2070": 9.4966828439515325, "Rate_2070": 0.94951880197973382, "Dist_2080": 9.2618494806018248, "Rate_2080": 0.92629273245309751, "Dist_2090": 9.0325780789011105, "Rate_2090": 0.90311563070983825, "Dist_2100": 8.8804366958900118, "Rate_2100": 0.88814701530630003, "RSL_2050": 0.18573485314846039, "RSL_2100": 0.55779761075973511 }, "geometry": { "type": "LineString", "coordinates": [ [ -2.423200443553241, 56.765518423074845 ], [ -2.422188050964548, 56.765201239754695 ] ] } },
{ "type": "Feature", "properties": { "Cell": "None", "SubCell": "None", "CMU": "None", "LineID": 1, "TransectID": 151, "Hist_Rate": 1.1901752505502801, "LatestYr": "2024-10-11 00:00:00", "LatestSrc": "montrose_MHWS_Modern_LiDAR.shp", "FirstEYr": 2030.0, "Extrap2050": -30.304642642703623, "Extrap2100": -90.374477000790407, "Dist_2040": 10.044979127130148, "Rate_2040": 1.0046148107450255, "Dist_2050": 9.6532494660139605, "Rate_2050": 0.96517299975105508, "Dist_2060": 9.2844138675910699, "Rate_2060": 0.92854943374414878, "Dist_2070": 8.8884933639502037, "Rate_2070": 0.88870942717836909, "Dist_2080": 8.6502042793989062, "Rate_2080": 0.86512109433689899, "Dist_2090": 8.4171498308240302, "Rate_2090": 0.8415824930426351, "Dist_2100": 8.2628424958886058, "Rate_2100": 0.82638040807902358, "RSL_2050": 0.18573485314846039, "RSL_2100": 0.55779761075973511 }, "geometry": { "type": "LineString", "coordinates": [ [ -2.423278312749458, 56.765420573984038 ], [ -2.422286041733743, 56.765112087759903 ] ] } },
{ "type": "Feature", "properties": { "Cell": "None", "SubCell": "None", "CMU": "None", "LineID": 1, "TransectID": 152, "Hist_Rate": 1.2117111445898154, "LatestYr": "2024-10-11 00:00:00", "LatestSrc": "montrose_MHWS_Modern_LiDAR.shp", "FirstEYr": 2030.0, "Extrap2050": -30.780146718148107, "Extrap2100": -91.792524810715207, "Dist_2040": 10.26888233282682, "Rate_2040": 1.0270077369790525, "Dist_2050": 9.8843140251825048, "Rate_2050": 0.98827581859915714, "Dist_2060": 9.5220060912781719, "Rate_2060": 0.95231142108260347, "Dist_2070": 9.1333223699012365, "Rate_2070": 0.91318847404562076, "Dist_2080": 8.8992113111562503, "Rate_2080": 0.89002469532173789, "Dist_2090": 8.6704623035436157, "Rate_2090": 0.86690975305284124, "Dist_2100": 8.5188214506424629, "Rate_2100": 0.85198128249898131, "RSL_2050": 0.18573485314846039, "RSL_2100": 0.55779761075973511 }, "geometry": { "type": "LineString", "coordinates": [ [ -2.423357990004287, 56.765320830426234 ], [ -2.422382081134344, 56.765020092854471 ] ] } },
{ "type": "Feature", "properties": { "Cell": "None", "SubCell": "None", "CMU": "None", "LineID": 1, "TransectID": 153, "Hist_Rate": 1.065369437512599, "LatestYr": "2024-10-11 00:00:00", "LatestSrc": "montrose_MHWS_Modern_LiDAR.shp", "FirstEYr": 2030.0, "Extrap2050": -29.871640107404581, "Extrap2100": -89.083177244213701, "Dist_2040": 9.9164892614994642, "Rate_2040": 0.99176432888642341, "Dist_2050": 9.5333753140430417, "Rate_2050": 0.95318747143152638, "Dist_2060": 9.1726030944351464, "Rate_2060": 0.91736705523527629, "Dist_2070": 8.7853902090595284, "Rate_2070": 0.87840073458319867, "Dist_2080": 8.5523016360677389, "Rate_2080": 0.85532969066579168, "Dist_2090": 8.324383175369519, "Rate_2090": 0.83230728768954332, "Dist_2100": 8.1734346436715555, "Rate_2100": 0.81743858237711065, "RSL_2050": 0.18573485314846039, "RSL_2100": 0.55779761075973511 }, "geometry": { "type": "LineString", "coordinates": [ [ -2.423438278750013, 56.765220353166448 ], [ -2.422482711800467, 56.764928603562431 ] ] } },
{ "type": "Feature", "properties": { "Cell": "None", "SubCell": "None", "CMU": "None", "LineID": 1, "TransectID": 154, "Hist_Rate": 1.2328767490383934, "LatestYr": "2024-10-11 00:00:00", "LatestSrc": "montrose_MHWS_Modern_LiDAR.shp", "FirstEYr": 2030.0, "Extrap2050": -29.621398592468065, "Extrap2100": -88.336907231961376, "Dist_2040": 9.8570908465595153, "Rate_2040": 0.98582379614581428, "Dist_2050": 9.4819390473846852, "Rate_2050": 0.94804465439759134, "Dist_2060": 9.1285872098150094, "Rate_2060": 0.9129649545402132, "Dist_2070": 8.7494212330507253, "Rate_2070": 0.87480440315152741, "Dist_2080": 8.5211127220424032, "Rate_2080": 0.8522104363035522, "Dist_2090": 8.2979471830178682, "Rate_2090": 0.82966410456977935, "Dist_2100": 8.1500801716020987, "Rate_2100": 0.8151028633834555, "RSL_2050": 0.18573485314846039, "RSL_2100": 0.55779761075973511 }, "geometry": { "type": "LineString", "coordinates": [ [ -2.423517784999653, 56.765120539026228 ], [ -2.422578263853271, 56.764836253308118 ] ] } },
{ "type": "Feature", "properties": { "Cell": "None", "SubCell": "None", "CMU": "None", "LineID": 1, "TransectID": 155, "Hist_Rate": 1.1421551227076872, "LatestYr": "2024-10-11 00:00:00", "LatestSrc": "montrose_MHWS_Modern_LiDAR.shp", "FirstEYr": 2030.0, "Extrap2050": -29.259833906223584, "Extrap2100": -87.25864936215055, "Dist_2040": 9.7625629614379363, "Rate_2040": 0.97636990756927589, "Dist_2050": 9.3971677434287244, "Rate_2050": 0.93956885834362602, "Dist_2060": 9.0529201014816181, "Rate_2060": 0.90539736313400876, "Dist_2070": 8.6836146319357681, "Rate_2070": 0.86822477886799887, "Dist_2080": 8.4611729761276706, "Rate_2080": 0.84621576416574773, "Dist_2090": 8.2438291320402186, "Rate_2090": 0.82425315131650689, "Dist_2100": 8.0997463655372144, "Rate_2100": 0.81006889701936635, "RSL_2050": 0.18573485314846039, "RSL_2100": 0.55779761075973511 }, "geometry": { "type": "LineString", "coordinates": [ [ -2.423595152750222, 56.765022789950123 ], [ -2.422669710877622, 56.764744969527229 ] ] } },
{ "type": "Feature", "properties": { "Cell": "None", "SubCell": "None", "CMU": "None", "LineID": 1, "TransectID": 156, "Hist_Rate": 1.1635994497304027, "LatestYr": "2024-10-11 00:00:00", "LatestSrc": "montrose_MHWS_Modern_LiDAR.shp", "FirstEYr": 2030.0, "Extrap2050": -29.738495825636647, "Extrap2100": -88.68611449141072, "Dist_2040": 9.9667342257810674, "Rate_2040": 0.9967894100382918, "Dist_2050": 9.6042881320931883, "Rate_2050": 0.96027763703423119, "Dist_2060": 9.2626695438803495, "Rate_2060": 0.9263747483244027, "Dist_2070": 8.8963439353553895, "Rate_2070": 0.88949436074706845, "Dist_2080": 8.6755738721170701, "Rate_2080": 0.86765834884630866, "Dist_2090": 8.4600153881935398, "Rate_2090": 0.84586837405482596, "Dist_2100": 8.3169882708592127, "Rate_2100": 0.83179561569531657, "RSL_2050": 0.18573485314846039, "RSL_2100": 0.55779761075973511 }, "geometry": { "type": "LineString", "coordinates": [ [ -2.423669271737966, 56.764928290203478 ], [ -2.422761944059076, 56.764657579726922 ] ] } },
{ "type": "Feature", "properties": { "Cell": "None", "SubCell": "None", "CMU": "None", "LineID": 1, "TransectID": 157, "Hist_Rate": 1.3187114218793328, "LatestYr": "2024-10-11 00:00:00", "LatestSrc": "montrose_MHWS_Modern_LiDAR.shp", "FirstEYr": 2030.0, "Extrap2050": -30.316724920316524, "Extrap2100": -90.410508757809239, "Dist_2040": 10.149371140607343, "Rate_2040": 1.0150552269505142, "Dist_2050": 9.7776384688178837, "Rate_2050": 0.97760994208793217, "Dist_2060": 9.4273053408301735, "Rate_2060": 0.94284024396170996, "Dist_2070": 9.0515939650159112, "Rate_2070": 0.90501692000200495, "Dist_2080": 8.8251991470739313, "Rate_2080": 0.88262261759998639, "Dist_2090": 8.6041096223536329, "Rate_2090": 0.86027552935737661, "Dist_2100": 8.4574454369150658, "Rate_2100": 0.84584296686540283, "RSL_2050": 0.18573485314846039, "RSL_2100": 0.55779761075973511 }, "geometry": { "type": "LineString", "coordinates": [ [ -2.423739434717461, 56.764837821128879 ], [ -2.422846284628867, 56.764572391700035 ] ] } },
{ "type": "Feature", "properties": { "Cell": "None", "SubCell": "None", "CMU": "None", "LineID": 1, "TransectID": 158, "Hist_Rate": 1.1605875492778577, "LatestYr": "2024-10-11 00:00:00", "LatestSrc": "montrose_MHWS_Modern_LiDAR.shp", "FirstEYr": 2030.0, "Extrap2050": -29.262865748715711, "Extrap2100": -87.267690920000447, "Dist_2040": 9.700749259471479, "Rate_2040": 0.97018781801821241, "Dist_2050": 9.3227037231270629, "Rate_2050": 0.93212362841342356, "Dist_2060": 8.9667489811794781, "Rate_2060": 0.89677924829092159, "Dist_2070": 8.5846589798259174, "Rate_2070": 0.85833077126719626, "Dist_2080": 8.3546910303462028, "Rate_2080": 0.8355663304083305, "Dist_2090": 8.1297785075105367, "Rate_2090": 0.81284988407594227, "Dist_2100": 7.9808589977490669, "Rate_2100": 0.79817877669369208, "RSL_2050": 0.18573485314846039, "RSL_2100": 0.55779761075973511 }, "geometry": { "type": "LineString", "coordinates": [ [ -2.423805430335877, 56.764751640469477 ], [ -2.422931165259668, 56.76449223363511 ] ] } },
{ "type": "Feature", "properties": { "Cell": "None", "SubCell": "None", "CMU": "None", "LineID": 1, "TransectID": 159, "Hist_Rate": 1.1460005279601646, "LatestYr": "2024-10-11 00:00:00", "LatestSrc": "montrose_MHWS_Modern_LiDAR.shp", "FirstEYr": 2030.0, "Extrap2050": -29.65487443518445, "Extrap2100": -88.436738858861688, "Dist_2040": 9.8653655546391406, "Rate_2040": 0.9866513632503523, "Dist_2050": 9.4892146212536659, "Rate_2050": 0.9487720972634115, "Dist_2060": 9.1349311998143889, "Rate_2060": 0.9135994273680742, "Dist_2070": 8.7547554502580169, "Rate_2070": 0.87533774090907857, "Dist_2080": 8.5258467516823089, "Rate_2080": 0.85268389435961822, "Dist_2090": 8.3020848803078593, "Rate_2090": 0.83007780916940688, "Dist_2100": 8.1538308715544758, "Rate_2100": 0.81547797702730984, "RSL_2050": 0.18573485314846039, "RSL_2100": 0.55779761075973511 }, "geometry": { "type": "LineString", "coordinates": [ [ -2.423867562218522, 56.764669448547821 ], [ -2.423010657555482, 56.7644150295516 ] ] } },
{ "type": "Feature", "properties": { "Cell": "None", "SubCell": "None", "CMU": "None", "LineID": 1, "TransectID": 160, "Hist_Rate": 1.1992405644968789, "LatestYr": "2024-10-11 00:00:00", "LatestSrc": "montrose_MHWS_Modern_LiDAR.shp", "FirstEYr": 2030.0, "Extrap2050": -30.66128572182933, "Extrap2100": -91.438057658445771, "Dist_2040": 10.245556907164655, "Rate_2040": 1.024674922964153, "Dist_2050": 9.8657517769324272, "Rate_2050": 0.98641988595298169, "Dist_2060": 9.5078764756671035, "Rate_2060": 0.95089829508867529, "Dist_2070": 9.1240066021624671, "Rate_2070": 0.91225704390646734, "Dist_2080": 8.8927497698260254, "Rate_2080": 0.88937846599279358, "Dist_2090": 8.6668454361228555, "Rate_2090": 0.86654812324202091, "Dist_2100": 8.5170434066683356, "Rate_2100": 0.85180345740965491, "RSL_2050": 0.18573485314846039, "RSL_2100": 0.55779761075973511 }, "geometry": { "type": "LineString", "coordinates": [ [ -2.423926588213278, 56.764590453371433 ], [ -2.423083822368099, 56.764339622772603 ] ] } },
{ "type": "Feature", "properties": { "Cell": "None", "SubCell": "None", "CMU": "None", "LineID": 1, "TransectID": 161, "Hist_Rate": 1.3682786167247143, "LatestYr": "2024-10-11 00:00:00", "LatestSrc": "montrose_MHWS_Modern_LiDAR.shp", "FirstEYr": 2030.0, "Extrap2050": -34.229577952982403, "Extrap2100": -102.0794154193196, "Dist_2040": 11.663929059389659, "Rate_2040": 1.1665286444343175, "Dist_2050": 11.285296986885044, "Rate_2050": 1.1283520626149359, "Dist_2060": 10.927761496895812, "Rate_2060": 1.0929033210651613, "Dist_2070": 10.545073017281595, "Rate_2070": 1.054341317140562, "Dist_2080": 10.313896321233528, "Rate_2080": 1.0315096596681645, "Dist_2090": 10.088849418416373, "Rate_2090": 1.0087261384357904, "Dist_2100": 9.9389604739890842, "Rate_2100": 0.99401171164319779, "RSL_2050": 0.18573485314846039, "RSL_2100": 0.55779761075973511 }, "geometry": { "type": "LineString", "coordinates": [ [ -2.42398358076279, 56.764513529711863 ], [ -2.423143889316625, 56.764262712689778 ] ] } },
{ "type": "Feature", "properties": { "Cell": "None", "SubCell": "None", "CMU": "None", "LineID": 1, "TransectID": 162, "Hist_Rate": 1.3722406944593215, "LatestYr": "2024-10-11 00:00:00", "LatestSrc": "montrose_MHWS_Modern_LiDAR.shp", "FirstEYr": 2030.0, "Extrap2050": -36.723543244902082, "Extrap2100": -109.51691638485669, "Dist_2040": 12.686166011241994, "Rate_2040": 1.2687642358600915, "Dist_2050": 12.314557638583949, "Rate_2050": 1.2312619267206402, "Dist_2060": 11.963000599584802, "Rate_2060": 1.196439278886597, "Dist_2070": 11.58740746385547, "Rate_2070": 1.1585583549458613, "Dist_2080": 11.359977476756569, "Rate_2080": 1.1361299489469501, "Dist_2090": 11.139241661000199, "Rate_2090": 1.1137488290084492, "Dist_2100": 10.991663725741603, "Rate_2100": 1.0992942876093037, "RSL_2050": 0.18573485314846039, "RSL_2100": 0.55779761075973511 }, "geometry": { "type": "LineString", "coordinates": [ [ -2.42403972344551, 56.764437445748634 ], [ -2.423214077062845, 56.764189815497218 ] ] } },
{ "type": "Feature", "properties": { "Cell": "None", "SubCell": "None", "CMU": "None", "LineID": 1, "TransectID": 163, "Hist_Rate": 1.376119090109363, "LatestYr": "2024-10-11 00:00:00", "LatestSrc": "montrose_MHWS_Modern_LiDAR.shp", "FirstEYr": 2030.0, "Extrap2050": -35.691108528130577, "Extrap2100": -106.43799053624093, "Dist_2040": 12.274357637171988, "Rate_2040": 1.227578606050052, "Dist_2050": 11.902124279425152, "Rate_2050": 1.1900250827068002, "Dist_2060": 11.55020465057288, "Rate_2060": 1.1551548800895031, "Dist_2070": 11.173981088050709, "Rate_2070": 1.1172222248979911, "Dist_2080": 10.946358022477511, "Rate_2080": 1.0947631900396337, "Dist_2090": 10.725203257421981, "Rate_2090": 1.0723515058168487, "Dist_2100": 10.577541291887769, "Rate_2100": 1.0578772248911059, "RSL_2050": 0.18573485314846039, "RSL_2100": 0.55779761075973511 }, "geometry": { "type": "LineString", "coordinates": [ [ -2.424096078325616, 56.764361110963748 ], [ -2.423294558615197, 56.764119765046821 ] ] } },
{ "type": "Feature", "properties": { "Cell": "None", "SubCell": "None", "CMU": "None", "LineID": 1, "TransectID": 164, "Hist_Rate": 1.5623848903399511, "LatestYr": "2024-10-11 00:00:00", "LatestSrc": "montrose_MHWS_Modern_LiDAR.shp", "FirstEYr": 2030.0, "Extrap2050": -37.199358184649299, "Extrap2100": -110.93589125401492, "Dist_2040": 12.958005687870923, "Rate_2040": 1.2959513670460558, "Dist_2050": 12.603157426254256, "Rate_2050": 1.2601173627863866, "Dist_2060": 12.267010572199354, "Rate_2060": 1.2268438140516218, "Dist_2070": 11.908354811254071, "Rate_2070": 1.1906480378180853, "Dist_2080": 11.690813168680791, "Rate_2080": 1.1692173682261484, "Dist_2090": 11.480125839303696, "Rate_2090": 1.1478318811557295, "Dist_2100": 11.338883998834604, "Rate_2100": 1.1340203556802704, "RSL_2050": 0.18573485314846039, "RSL_2100": 0.55779761075973511 }, "geometry": { "type": "LineString", "coordinates": [ [ -2.424153376272618, 56.764283788036721 ], [ -2.423354816326201, 56.764042512192844 ] ] } },
{ "type": "Feature", "properties": { "Cell": "None", "SubCell": "None", "CMU": "None", "LineID": 1, "TransectID": 165, "Hist_Rate": 1.6344435567524234, "LatestYr": "2024-10-11 00:00:00", "LatestSrc": "montrose_MHWS_Modern_LiDAR.shp", "FirstEYr": 2030.0, "Extrap2050": -40.169775319157651, "Extrap2100": -119.79426645976952, "Dist_2040": 14.24112756031252, "Rate_2040": 1.424278486568304, "Dist_2050": 13.907813278542733, "Rate_2050": 1.3905624120963986, "Dist_2060": 13.5909729582512, "Rate_2060": 1.3592554602146945, "Dist_2070": 13.254076215253122, "Rate_2070": 1.3251989959073607, "Dist_2080": 13.04883107461535, "Rate_2080": 1.3050349626972062, "Dist_2090": 12.851157250219728, "Rate_2090": 1.2849134415448615, "Dist_2100": 12.717702294996172, "Rate_2100": 1.2719182312377162, "RSL_2050": 0.18573485314846039, "RSL_2100": 0.55779761075973511 }, "geometry": { "type": "LineString", "coordinates": [ [ -2.424211886964113, 56.764205215317233 ], [ -2.423412258770155, 56.763962959160857 ] ] } },
{ "type": "Feature", "properties": { "Cell": "None", "SubCell": "None", "CMU": "None", "LineID": 1, "TransectID": 166, "Hist_Rate": 1.66919673878824, "LatestYr": "2024-10-11 00:00:00", "LatestSrc": "montrose_MHWS_Modern_LiDAR.shp", "FirstEYr": 2030.0, "Extrap2050": -42.607980964297205, "Extrap2100": -127.06548105872851, "Dist_2040": 15.270539098581764, "Rate_2040": 1.5272316201297236, "Dist_2050": 14.950120055936225, "Rate_2050": 1.494776683419186, "Dist_2060": 14.644703297929823, "Rate_2060": 1.4646407569261044, "Dist_2070": 14.320835794742663, "Rate_2070": 1.4318581625407329, "Dist_2080": 14.122840038427398, "Rate_2080": 1.4124483578136142, "Dist_2090": 13.932987870141289, "Rate_2090": 1.3930794749959157, "Dist_2100": 13.804097012914951, "Rate_2100": 1.3805703459035019, "RSL_2050": 0.18573485314846039, "RSL_2100": 0.55779761075973511 }, "geometry": { "type": "LineString", "coordinates": [ [ -2.424280040022139, 56.764128226902599 ], [ -2.423482591166569, 56.763886112441398 ] ] } },
{ "type": "Feature", "properties": { "Cell": "None", "SubCell": "None", "CMU": "None", "LineID": 1, "TransectID": 167, "Hist_Rate": 1.7710622300427734, "LatestYr": "2024-10-11 00:00:00", "LatestSrc": "montrose_MHWS_Modern_LiDAR.shp", "FirstEYr": 2030.0, "Extrap2050": -43.960633649021716, "Extrap2100": -131.09936063246192, "Dist_2040": 15.78700333496289, "Rate_2040": 1.578884054099174, "Dist_2050": 15.462771749221417, "Rate_2050": 1.5460337833602529, "Dist_2060": 15.153544219855576, "Rate_2060": 1.5155307707340089, "Dist_2070": 14.825822167827482, "Rate_2070": 1.4823488511176375, "Dist_2080": 14.625324136844824, "Rate_2080": 1.4627026152934135, "Dist_2090": 14.433249862346941, "Rate_2090": 1.4430977998489605, "Dist_2100": 14.302698498175118, "Rate_2100": 1.4304362968838242, "RSL_2050": 0.18573485314846039, "RSL_2100": 0.55779761075973511 }, "geometry": { "type": "LineString", "coordinates": [ [ -2.424352771924601, 56.764052031699492 ], [ -2.423551712307998, 56.763808361645559 ] ] } },
{ "type": "Feature", "properties": { "Cell": "None", "SubCell": "None", "CMU": "None", "LineID": 1, "TransectID": 168, "Hist_Rate": 1.6158424011951587, "LatestYr": "2024-10-11 00:00:00", "LatestSrc": "montrose_MHWS_Modern_LiDAR.shp", "FirstEYr": 2030.0, "Extrap2050": -42.087291772057071, "Extrap2100": -125.51268223567436, "Dist_2040": 15.035185975897207, "Rate_2040": 1.5036935689489692, "Dist_2050": 14.708897810383633, "Rate_2050": 1.4706582558196124, "Dist_2060": 14.398158647004493, "Rate_2060": 1.4399834226803228, "Dist_2070": 14.068360353746016, "Rate_2070": 1.4066145925275333, "Dist_2080": 13.86696315147384, "Rate_2080": 1.3868576913614963, "Dist_2090": 13.673576726526164, "Rate_2090": 1.3671424438922071, "Dist_2100": 13.542520193858081, "Rate_2100": 1.3544096199083271, "RSL_2050": 0.18573485314846039, "RSL_2100": 0.55779761075973511 }, "geometry": { "type": "LineString", "coordinates": [ [ -2.424425247769126, 56.76397608415796 ], [ -2.423634445691274, 56.763735046315915 ] ] } },
{ "type": "Feature", "properties": { "Cell": "None", "SubCell": "None", "CMU": "None", "LineID": 1, "TransectID": 169, "Hist_Rate": 1.6814132814603029, "LatestYr": "2024-10-11 00:00:00", "LatestSrc": "montrose_MHWS_Modern_LiDAR.shp", "FirstEYr": 2030.0, "Extrap2050": -41.277836336384532, "Extrap2100": -123.09872499100889, "Dist_2040": 14.689615624686269, "Rate_2040": 1.4691325122671071, "Dist_2050": 14.358279932503024, "Rate_2050": 1.4356019869277952, "Dist_2060": 14.043039008032679, "Rate_2060": 1.4044673260929288, "Dist_2070": 13.708140569922705, "Rate_2070": 1.3705982841801243, "Dist_2080": 13.503880685141382, "Rate_2080": 1.3505452193709615, "Dist_2090": 13.307438982375913, "Rate_2090": 1.3305344326636832, "Dist_2100": 13.174574201231337, "Rate_2100": 1.3176107386892761, "RSL_2050": 0.18573485314846039, "RSL_2100": 0.55779761075973511 }, "geometry": { "type": "LineString", "coordinates": [ [ -2.424496844710147, 56.763900999525724 ], [ -2.423708684329857, 56.763660162378343 ] ] } },
{ "type": "Feature", "properties": { "Cell": "None", "SubCell": "None", "CMU": "None", "LineID": 1, "TransectID": 170, "Hist_Rate": 1.6938971785287338, "LatestYr": "2024-10-11 00:00:00", "LatestSrc": "montrose_MHWS_Modern_LiDAR.shp", "FirstEYr": 2030.0, "Extrap2050": -42.892170673783347, "Extrap2100": -127.91299134507733, "Dist_2040": 15.254555850892871, "Rate_2040": 1.5256331093564457, "Dist_2050": 14.908343595789404, "Rate_2050": 1.4905996949863431, "Dist_2060": 14.578998689052355, "Rate_2060": 1.4580695314036707, "Dist_2070": 14.229064000342987, "Rate_2070": 1.4226824276335268, "Dist_2080": 14.015674471915872, "Rate_2080": 1.4017305540275831, "Dist_2090": 13.810402359547595, "Rate_2090": 1.3808228534922153, "Dist_2100": 13.671607971649735, "Rate_2100": 1.3673198999412044, "RSL_2050": 0.18573485314846039, "RSL_2100": 0.55779761075973511 }, "geometry": { "type": "LineString", "coordinates": [ [ -2.424567211337134, 56.763827118406709 ], [ -2.423774050025314, 56.763583978478273 ] ] } },
{ "type": "Feature", "properties": { "Cell": "None", "SubCell": "None", "CMU": "None", "LineID": 1, "TransectID": 171, "Hist_Rate": 1.7602722194378011, "LatestYr": "2024-10-11 00:00:00", "LatestSrc": "montrose_MHWS_Modern_LiDAR.shp", "FirstEYr": 2030.0, "Extrap2050": -43.86872078602299, "Extrap2100": -130.82525817822443, "Dist_2040": 15.603510516237634, "Rate_2040": 1.5605326368365071, "Dist_2050": 15.249746221012288, "Rate_2050": 1.5247345836649551, "Dist_2060": 14.913208653435902, "Rate_2060": 1.4914944171967586, "Dist_2070": 14.555640678821931, "Rate_2070": 1.4553349550053707, "Dist_2080": 14.337589329985633, "Rate_2080": 1.4339257861054977, "Dist_2090": 14.127841335036862, "Rate_2090": 1.4125617543969891, "Dist_2100": 13.986013239200986, "Rate_2100": 1.398764085574717, "RSL_2050": 0.18573485314846039, "RSL_2100": 0.55779761075973511 }, "geometry": { "type": "LineString", "coordinates": [ [ -2.424636346521938, 56.763754430831447 ], [ -2.423855019299349, 56.763513991762878 ] ] } },
{ "type": "Feature", "properties": { "Cell": "None", "SubCell": "None", "CMU": "None", "LineID": 1, "TransectID": 172, "Hist_Rate": 1.7466163197468079, "LatestYr": "2024-10-11 00:00:00", "LatestSrc": "montrose_MHWS_Modern_LiDAR.shp", "FirstEYr": 2030.0, "Extrap2050": -42.803287301708018, "Extrap2100": -127.64792343584367, "Dist_2040": 15.098248395799033, "Rate_2040": 1.5100005448254732, "Dist_2050": 14.727720262009484, "Rate_2050": 1.4725402047076372, "Dist_2060": 14.375892282168877, "Rate_2060": 1.437756527072855, "Dist_2070": 14.001383844676411, "Rate_2070": 1.3999179958634613, "Dist_2080": 13.773544005531846, "Rate_2080": 1.377514689605823, "Dist_2090": 13.553719586411319, "Rate_2090": 1.3551586164905109, "Dist_2100": 13.405642436276707, "Rate_2100": 1.3407202512409078, "RSL_2050": 0.18573485314846039, "RSL_2100": 0.55779761075973511 }, "geometry": { "type": "LineString", "coordinates": [ [ -2.424704548389776, 56.76368263155512 ], [ -2.423932875473811, 56.763444125548631 ] ] } },
{ "type": "Feature", "properties": { "Cell": "None", "SubCell": "None", "CMU": "None", "LineID": 1, "TransectID": 173, "Hist_Rate": 1.5797182659983202, "LatestYr": "2024-10-11 00:00:00", "LatestSrc": "montrose_MHWS_Modern_LiDAR.shp", "FirstEYr": 2030.0, "Extrap2050": -39.413380173779771, "Extrap2100": -117.53854556329091, "Dist_2040": 13.687075308884573, "Rate_2040": 1.36886681366519, "Dist_2050": 13.3026431308935, "Rate_2050": 1.3300549230044811, "Dist_2060": 12.938656943965327, "Rate_2060": 1.2940162674852838, "Dist_2070": 12.550100854882373, "Rate_2070": 1.2548125407854847, "Dist_2080": 12.314576239439702, "Rate_2080": 1.2316009343191554, "Dist_2090": 12.086285091602122, "Rate_2090": 1.2084382651435774, "Dist_2100": 11.933400963536769, "Rate_2100": 1.1934789708172449, "RSL_2050": 0.18573485314846039, "RSL_2100": 0.55779761075973511 }, "geometry": { "type": "LineString", "coordinates": [ [ -2.424772257994957, 56.763611279339727 ], [ -2.4240146249236, 56.763376030414385 ] ] } },
{ "type": "Feature", "properties": { "Cell": "None", "SubCell": "None", "CMU": "None", "LineID": 1, "TransectID": 174, "Hist_Rate": 1.5402066732809556, "LatestYr": "2024-10-11 00:00:00", "LatestSrc": "montrose_MHWS_Modern_LiDAR.shp", "FirstEYr": 2030.0, "Extrap2050": -39.673233564960952, "Extrap2100": -118.31348010390776, "Dist_2040": 13.718672606346217, "Rate_2040": 1.3720269111236059, "Dist_2050": 13.31993322681268, "Rate_2050": 1.3317836604418642, "Dist_2060": 12.942653006127216, "Rate_2060": 1.2944159202054819, "Dist_2070": 12.539637628052219, "Rate_2070": 1.253766382798758, "Dist_2080": 12.295556567115341, "Rate_2080": 1.2296987457460637, "Dist_2090": 12.058716608383179, "Rate_2090": 1.2056818507630422, "Dist_2100": 11.900323768075964, "Rate_2100": 1.1901708663366608, "RSL_2050": 0.18573485314846039, "RSL_2100": 0.55779761075973511 }, "geometry": { "type": "LineString", "coordinates": [ [ -2.424839864328726, 56.763539990508576 ], [ -2.424088055118114, 56.763305462742558 ] ] } },
{ "type": "Feature", "properties": { "Cell": "None", "SubCell": "None", "CMU": "None", "LineID": 1, "TransectID": 175, "Hist_Rate": 1.589892107399077, "LatestYr": "2024-10-11 00:00:00", "LatestSrc": "montrose_MHWS_Modern_LiDAR.shp", "FirstEYr": 2030.0, "Extrap2050": -40.861704011246324, "Extrap2100": -121.85773555942612, "Dist_2040": 14.153556060713299, "Rate_2040": 1.4155203174986521, "Dist_2050": 13.747673961724672, "Rate_2050": 1.3745510010854705, "Dist_2060": 13.363535572665967, "Rate_2060": 1.336509074862938, "Dist_2070": 12.953300327888655, "Rate_2070": 1.2951261415299404, "Dist_2080": 12.704764267897929, "Rate_2080": 1.2706242779621328, "Dist_2090": 12.463702567002315, "Rate_2090": 1.2461740719486294, "Dist_2100": 12.302400708135622, "Rate_2100": 1.230383239496502, "RSL_2050": 0.18573485314846039, "RSL_2100": 0.55779761075973511 }, "geometry": { "type": "LineString", "coordinates": [ [ -2.424907558599283, 56.763468579167871 ], [ -2.424150580733119, 56.763231355581851 ] ] } },
{ "type": "Feature", "properties": { "Cell": "None", "SubCell": "None", "CMU": "None", "LineID": 1, "TransectID": 176, "Hist_Rate": 1.727384036958685, "LatestYr": "2024-10-11 00:00:00", "LatestSrc": "montrose_MHWS_Modern_LiDAR.shp", "FirstEYr": 2030.0, "Extrap2050": -40.514572602745829, "Extrap2100": -120.82252059703048, "Dist_2040": 13.958008267006505, "Rate_2040": 1.3959632624485552, "Dist_2050": 13.540455538780577, "Rate_2050": 1.3538324205100096, "Dist_2060": 13.145589822567217, "Rate_2060": 1.314711963518348, "Dist_2070": 12.723560532044928, "Rate_2070": 1.2721557781618997, "Dist_2080": 12.468141621212624, "Rate_2080": 1.2469592596072705, "Dist_2090": 12.220082132030996, "Rate_2090": 1.2218158631558531, "Dist_2100": 12.054370608603733, "Rate_2100": 1.2055773431032173, "RSL_2050": 0.18573485314846039, "RSL_2100": 0.55779761075973511 }, "geometry": { "type": "LineString", "coordinates": [ [ -2.424975314284418, 56.763397072147008 ], [ -2.424215805381587, 56.763157976075412 ] ] } },
{ "type": "Feature", "properties": { "Cell": "None", "SubCell": "None", "CMU": "None", "LineID": 1, "TransectID": 177, "Hist_Rate": 1.5816009763464582, "LatestYr": "2024-10-11 00:00:00", "LatestSrc": "montrose_MHWS_Modern_LiDAR.shp", "FirstEYr": 2030.0, "Extrap2050": -38.732941359446947, "Extrap2100": -115.50934156635242, "Dist_2040": 13.249078176630917, "Rate_2040": 1.3250620032661877, "Dist_2050": 12.830790453392922, "Rate_2050": 1.2828770824454871, "Dist_2060": 12.435616917016375, "Rate_2060": 1.2437064106827365, "Dist_2070": 12.012846885394993, "Rate_2070": 1.2010956004760145, "Dist_2080": 11.757299147436697, "Rate_2080": 1.1758667398295859, "Dist_2090": 11.508722223692246, "Rate_2090": 1.1506910694735601, "Dist_2100": 11.342997020973826, "Rate_2100": 1.134431705759319, "RSL_2050": 0.18573485314846039, "RSL_2100": 0.55779761075973511 }, "geometry": { "type": "LineString", "coordinates": [ [ -2.425043023872562, 56.763325573376193 ], [ -2.42429637312002, 56.763089458039815 ] ] } },
{ "type": "Feature", "properties": { "Cell": "None", "SubCell": "None", "CMU": "None", "LineID": 1, "TransectID": 178, "Hist_Rate": 1.5674226692672779, "LatestYr": "2024-10-11 00:00:00", "LatestSrc": "montrose_MHWS_Modern_LiDAR.shp", "FirstEYr": 2030.0, "Extrap2050": -38.917003501382368, "Extrap2100": -116.05825151421693, "Dist_2040": 13.326912297672266, "Rate_2040": 1.3328463211617094, "Dist_2050": 12.909622739515044, "Rate_2050": 1.290759070199103, "Dist_2060": 12.515334427767925, "Rate_2060": 1.2516790894671486, "Dist_2070": 12.093572939021442, "Rate_2070": 1.20916693517124, "Dist_2080": 11.838587153024037, "Rate_2080": 1.1839964863741461, "Dist_2090": 11.590615466523218, "Rate_2090": 1.158879104717111, "Dist_2100": 11.425244251542892, "Rate_2100": 1.1426573859649931, "RSL_2050": 0.18573485314846039, "RSL_2100": 0.55779761075973511 }, "geometry": { "type": "LineString", "coordinates": [ [ -2.425110757353623, 56.763254015683763 ], [ -2.424373482350445, 56.763019814233346 ] ] } },
{ "type": "Feature", "properties": { "Cell": "None", "SubCell": "None", "CMU": "None", "LineID": 1, "TransectID": 179, "Hist_Rate": 1.8334520703824606, "LatestYr": "2024-10-11 00:00:00", "LatestSrc": "montrose_MHWS_Modern_LiDAR.shp", "FirstEYr": 2030.0, "Extrap2050": -45.225965491861693, "Extrap2100": -134.8728320730381, "Dist_2040": 15.728894924920723, "Rate_2040": 1.5730725368607221, "Dist_2050": 15.292442127161962, "Rate_2050": 1.5290035022255553, "Dist_2060": 14.879101877384187, "Rate_2060": 1.4880833426753817, "Dist_2070": 14.437966576978909, "Rate_2070": 1.4435693970687706, "Dist_2080": 14.170488261435878, "Rate_2080": 1.4172137346187004, "Dist_2090": 13.911326091592116, "Rate_2090": 1.3909136381079479, "Dist_2100": 13.737682073696135, "Rate_2100": 1.3739280790804931, "RSL_2050": 0.18573485314846039, "RSL_2100": 0.55779761075973511 }, "geometry": { "type": "LineString", "coordinates": [ [ -2.425179046898661, 56.763181894103163 ], [ -2.424420972962559, 56.762940075912169 ] ] } },
{ "type": "Feature", "properties": { "Cell": "None", "SubCell": "None", "CMU": "None", "LineID": 1, "TransectID": 180, "Hist_Rate": 2.0108977879469654, "LatestYr": "2024-10-11 00:00:00", "LatestSrc": "montrose_MHWS_Modern_LiDAR.shp", "FirstEYr": 2030.0, "Extrap2050": -49.523010138668489, "Extrap2100": -147.68747460761062, "Dist_2040": 17.342005205457269, "Rate_2040": 1.7344023374190107, "Dist_2050": 16.887906199804888, "Rate_2050": 1.6885247961079215, "Dist_2060": 16.45733831935479, "Rate_2060": 1.645925353534212, "Dist_2070": 15.998364650338772, "Rate_2070": 1.5995846429787459, "Dist_2080": 15.719644591584142, "Rate_2080": 1.5721473958766898, "Dist_2090": 15.450111873203014, "Rate_2090": 1.5447679950310298, "Dist_2100": 15.269076887478434, "Rate_2100": 1.5270853820029688, "RSL_2050": 0.18573485314846039, "RSL_2100": 0.55779761075973511 }, "geometry": { "type": "LineString", "coordinates": [ [ -2.425249068211867, 56.76310810234547 ], [ -2.424482518258376, 56.762862783963413 ] ] } },
{ "type": "Feature", "properties": { "Cell": "None", "SubCell": "None", "CMU": "None", "LineID": 1, "TransectID": 181, "Hist_Rate": 1.8619802813935762, "LatestYr": "2024-10-11 00:00:00", "LatestSrc": "montrose_MHWS_Modern_LiDAR.shp", "FirstEYr": 2030.0, "Extrap2050": -46.919922397928694, "Extrap2100": -139.92454877706402, "Dist_2040": 16.233546051233873, "Rate_2040": 1.623543522348792, "Dist_2050": 15.76378579208432, "Rate_2050": 1.5761304495388331, "Dist_2060": 15.319269167934522, "Rate_2060": 1.5321051941591799, "Dist_2070": 14.844471089355693, "Rate_2070": 1.4842134497273465, "Dist_2080": 14.556884667224892, "Rate_2080": 1.4558578718699036, "Dist_2090": 14.27786816998082, "Rate_2090": 1.4275620763958992, "Dist_2100": 14.091236361973984, "Rate_2100": 1.4092876223817861, "RSL_2050": 0.18573485314846039, "RSL_2100": 0.55779761075973511 }, "geometry": { "type": "LineString", "coordinates": [ [ -2.425323818629458, 56.763031364779842 ], [ -2.424564880306426, 56.762788145458138 ] ] } },
{ "type": "Feature", "properties": { "Cell": "None", "SubCell": "None", "CMU": "None", "LineID": 1, "TransectID": 182, "Hist_Rate": 1.7702138632420281, "LatestYr": "2024-10-11 00:00:00", "LatestSrc": "montrose_MHWS_Modern_LiDAR.shp", "FirstEYr": 2030.0, "Extrap2050": -45.670785155690666, "Extrap2100": -136.19937285928592, "Dist_2040": 15.661717429464431, "Rate_2040": 1.5663540055397489, "Dist_2050": 15.176428711236156, "Rate_2050": 1.5174039867406712, "Dist_2060": 14.717803273036623, "Rate_2060": 1.4719516051347423, "Dist_2070": 14.227313429018466, "Rate_2070": 1.4225073980559204, "Dist_2080": 13.930705254913221, "Rate_2080": 1.393232643501545, "Dist_2090": 13.642343463747977, "Rate_2090": 1.3640196092411636, "Dist_2100": 13.449962456673859, "Rate_2100": 1.34515276905304, "RSL_2050": 0.18573485314846039, "RSL_2100": 0.55779761075973511 }, "geometry": { "type": "LineString", "coordinates": [ [ -2.425413428878826, 56.762952319235801 ], [ -2.424655946683355, 56.762709947538262 ] ] } },
{ "type": "Feature", "properties": { "Cell": "None", "SubCell": "None", "CMU": "None", "LineID": 1, "TransectID": 183, "Hist_Rate": 1.726595663580627, "LatestYr": "2024-10-11 00:00:00", "LatestSrc": "montrose_MHWS_Modern_LiDAR.shp", "FirstEYr": 2030.0, "Extrap2050": -44.278275531158599, "Extrap2100": -132.04663195686339, "Dist_2040": 15.141928523520676, "Rate_2040": 1.5143690659233298, "Dist_2050": 14.662952329675875, "Rate_2050": 1.4660644309530908, "Dist_2060": 14.210459447755056, "Rate_2060": 1.4212113184136572, "Dist_2070": 13.726350702608329, "Rate_2070": 1.3724190108123249, "Dist_2080": 13.433738960530889, "Rate_2080": 1.3435302306384729, "Dist_2090": 13.149093301402274, "Rate_2090": 1.3147023570044951, "Dist_2100": 12.959334538362214, "Rate_2100": 1.2960842675596278, "RSL_2050": 0.18573485314846039, "RSL_2100": 0.55779761075973511 }, "geometry": { "type": "LineString", "coordinates": [ [ -2.425518707333202, 56.762868863356204 ], [ -2.424745019554269, 56.762622667261383 ] ] } },
{ "type": "Feature", "properties": { "Cell": "None", "SubCell": "None", "CMU": "None", "LineID": 1, "TransectID": 184, "Hist_Rate": 1.7008302791761314, "LatestYr": "2024-10-11 00:00:00", "LatestSrc": "montrose_MHWS_Modern_LiDAR.shp", "FirstEYr": 2030.0, "Extrap2050": -43.598554240344193, "Extrap2100": -130.01956775789176, "Dist_2040": 14.722568134452104, "Rate_2040": 1.4724281467271694, "Dist_2050": 14.213420783820482, "Rate_2050": 1.4211183522131268, "Dist_2060": 13.733149895329404, "Rate_2060": 1.3734748085007804, "Dist_2070": 13.218550683757314, "Rate_2070": 1.3216470019469562, "Dist_2080": 12.908107565149749, "Rate_2080": 1.2909609740865846, "Dist_2090": 12.605380567559507, "Rate_2090": 1.2603396419235844, "Dist_2100": 12.404189184790823, "Rate_2100": 1.2405632717212383, "RSL_2050": 0.18573485314846039, "RSL_2100": 0.55779761075973511 }, "geometry": { "type": "LineString", "coordinates": [ [ -2.425582960140817, 56.762761746997668 ], [ -2.424837763306184, 56.762526984209146 ] ] } },
{ "type": "Feature", "properties": { "Cell": "None", "SubCell": "None", "CMU": "None", "LineID": 1, "TransectID": 185, "Hist_Rate": 1.95891140989695, "LatestYr": "2024-10-11 00:00:00", "LatestSrc": "montrose_MHWS_Modern_LiDAR.shp", "FirstEYr": 2030.0, "Extrap2050": -46.617995883250501, "Extrap2100": -139.02414380682814, "Dist_2040": 15.766144390743989, "Rate_2040": 1.5767979169321773, "Dist_2050": 15.226545192719129, "Rate_2050": 1.5224148460311298, "Dist_2060": 14.717463475947454, "Rate_2060": 1.4719176214714509, "Dist_2070": 14.172085869669786, "Rate_2070": 1.4169855114297474, "Dist_2080": 13.843004009417143, "Rate_2080": 1.3844614983322949, "Dist_2090": 13.522189018212543, "Rate_2090": 1.3520060559771407, "Dist_2100": 13.308902688861167, "Rate_2100": 1.3310451506945167, "RSL_2050": 0.18573485314846039, "RSL_2100": 0.55779761075973511 }, "geometry": { "type": "LineString", "coordinates": [ [ -2.425685547653959, 56.76265656179045 ], [ -2.42491880781459, 56.762418484532844 ] ] } },
{ "type": "Feature", "properties": { "Cell": "None", "SubCell": "None", "CMU": "None", "LineID": 1, "TransectID": 186, "Hist_Rate": 1.8676146118931531, "LatestYr": "2024-10-11 00:00:00", "LatestSrc": "montrose_MHWS_Modern_LiDAR.shp", "FirstEYr": 2030.0, "Extrap2050": -45.131957469715125, "Extrap2100": -134.59248143714566, "Dist_2040": 15.127164923079476, "Rate_2040": 1.5128925340684161, "Dist_2050": 14.577382924271774, "Rate_2050": 1.4575088373168172, "Dist_2060": 14.059188716293534, "Rate_2060": 1.4060824848605809, "Dist_2070": 13.503521988928298, "Rate_2070": 1.3501396468768532, "Dist_2080": 13.16863955984752, "Rate_2080": 1.3170172054867493, "Dist_2090": 12.841667306128045, "Rate_2090": 1.2839645965120374, "Dist_2100": 12.624710997480804, "Rate_2100": 1.2626180193037739, "RSL_2050": 0.18573485314846039, "RSL_2100": 0.55779761075973511 }, "geometry": { "type": "LineString", "coordinates": [ [ -2.425808485458488, 56.762549584941155 ], [ -2.425028501490626, 56.762311736919436 ] ] } },
{ "type": "Feature", "properties": { "Cell": "None", "SubCell": "None", "CMU": "None", "LineID": 1, "TransectID": 187, "Hist_Rate": 1.5246712582749944, "LatestYr": "2024-10-11 00:00:00", "LatestSrc": "montrose_MHWS_Modern_LiDAR.shp", "FirstEYr": 2030.0, "Extrap2050": -38.722668974746099, "Extrap2100": -115.47870727028645, "Dist_2040": 12.449197453798547, "Rate_2040": 1.2450646224038926, "Dist_2050": 11.871146426435587, "Rate_2050": 1.1869277850143445, "Dist_2060": 11.328131820561737, "Rate_2060": 1.1329450127249507, "Dist_2070": 10.743903532970705, "Rate_2070": 1.0742212390202719, "Dist_2080": 10.393313191030472, "Rate_2080": 1.0394522708584193, "Dist_2090": 10.049147849866756, "Rate_2090": 1.004756606502863, "Dist_2100": 9.8223457721585419, "Rate_2100": 0.98234888436134071, "RSL_2050": 0.18573485314846039, "RSL_2100": 0.55779761075973511 }, "geometry": { "type": "LineString", "coordinates": [ [ -2.425947653537587, 56.762442950761034 ], [ -2.425167973454863, 56.762209949358933 ] ] } },
{ "type": "Feature", "properties": { "Cell": "None", "SubCell": "None", "CMU": "None", "LineID": 1, "TransectID": 188, "Hist_Rate": 1.4280496331738366, "LatestYr": "2024-10-11 00:00:00", "LatestSrc": "montrose_MHWS_Modern_LiDAR.shp", "FirstEYr": 2030.0, "Extrap2050": -37.649806835911406, "Extrap2100": -112.27921880133135, "Dist_2040": 12.043725256461244, "Rate_2040": 1.2045126840041198, "Dist_2050": 11.469534019712512, "Rate_2050": 1.1467728659170127, "Dist_2060": 10.930315435196349, "Rate_2060": 1.0931587446165669, "Dist_2070": 10.349989123031378, "Rate_2070": 1.0348359984310944, "Dist_2080": 10.001880727750745, "Rate_2080": 1.0003044692512326, "Dist_2090": 9.6599779604252376, "Rate_2090": 0.96584574328240214, "Dist_2100": 9.4348124732733254, "Rate_2100": 0.94359104456997056, "RSL_2050": 0.18573485314846039, "RSL_2100": 0.55779761075973511 }, "geometry": { "type": "LineString", "coordinates": [ [ -2.426086633496216, 56.762335915413793 ], [ -2.425279472839368, 56.762099581248087 ] ] } },
{ "type": "Feature", "properties": { "Cell": "None", "SubCell": "None", "CMU": "None", "LineID": 1, "TransectID": 189, "Hist_Rate": 1.3718763989911433, "LatestYr": "2024-10-11 00:00:00", "LatestSrc": "montrose_MHWS_Modern_LiDAR.shp", "FirstEYr": 2030.0, "Extrap2050": -37.665506927460129, "Extrap2100": -112.32603959969251, "Dist_2040": 11.884519575026331, "Rate_2040": 1.1885902631110501, "Dist_2050": 11.277119399111825, "Rate_2050": 1.1275344325568302, "Dist_2060": 10.707166343985875, "Rate_2060": 1.0708412386071362, "Dist_2070": 10.093278753710536, "Rate_2070": 1.0091690022453108, "Dist_2080": 9.7254113946902407, "Rate_2080": 0.97265431854467421, "Dist_2090": 9.3636400741941088, "Rate_2090": 0.93621661916201526, "Dist_2100": 9.1257762658469801, "Rate_2100": 0.91268382743116527, "RSL_2050": 0.18573485314846039, "RSL_2100": 0.55779761075973511 }, "geometry": { "type": "LineString", "coordinates": [ [ -2.426222432504895, 56.762231553536395 ], [ -2.425390605129519, 56.761992558618743 ] ] } },
{ "type": "Feature", "properties": { "Cell": "None", "SubCell": "None", "CMU": "None", "LineID": 1, "TransectID": 190, "Hist_Rate": 1.3621048273594836, "LatestYr": "2024-10-11 00:00:00", "LatestSrc": "montrose_MHWS_Modern_LiDAR.shp", "FirstEYr": 2030.0, "Extrap2050": -34.468424033940686, "Extrap2100": -102.79170197899927, "Dist_2040": 10.582650738036762, "Rate_2040": 1.0583882289669748, "Dist_2050": 9.9679661308878735, "Rate_2050": 0.99663971244478899, "Dist_2060": 9.3919402886098169, "Rate_2060": 0.9393033271803316, "Dist_2070": 8.7706946665797432, "Rate_2070": 0.87693141165021959, "Dist_2080": 8.399047207686408, "Rate_2080": 0.84000246433554293, "Dist_2090": 8.0327781457762057, "Rate_2090": 0.80315137473546838, "Dist_2100": 7.7926091439575202, "Rate_2100": 0.77935160056459607, "RSL_2050": 0.18573485314846039, "RSL_2100": 0.55779761075973511 }, "geometry": { "type": "LineString", "coordinates": [ [ -2.426353245496107, 56.762131896128629 ], [ -2.425506822962855, 56.761892612727976 ] ] } },
{ "type": "Feature", "properties": { "Cell": "None", "SubCell": "None", "CMU": "None", "LineID": 1, "TransectID": 191, "Hist_Rate": 1.2219451831393404, "LatestYr": "2024-10-11 00:00:00", "LatestSrc": "montrose_MHWS_Modern_LiDAR.shp", "FirstEYr": 2030.0, "Extrap2050": -30.518835267393133, "Extrap2100": -91.013242046198457, "Dist_2040": 9.070406984822398, "Rate_2040": 0.90714625497097334, "Dist_2050": 8.4660057395038848, "Rate_2050": 0.84646731489481186, "Dist_2060": 7.9003214171328864, "Rate_2060": 0.79012408137928758, "Dist_2070": 7.2894728035011553, "Rate_2070": 0.72883254049624169, "Dist_2080": 6.9246267259454726, "Rate_2080": 0.69254325765365266, "Dist_2090": 6.5643380979415156, "Rate_2090": 0.65633048391388016, "Dist_2100": 6.3286930743946641, "Rate_2100": 0.6329429573451788, "RSL_2050": 0.18573485314846039, "RSL_2100": 0.55779761075973511 }, "geometry": { "type": "LineString", "coordinates": [ [ -2.426478788108602, 56.76203744993856 ], [ -2.425619832805204, 56.761797796678422 ] ] } },
{ "type": "Feature", "properties": { "Cell": "None", "SubCell": "None", "CMU": "None", "LineID": 1, "TransectID": 192, "Hist_Rate": 1.2357789448053864, "LatestYr": "2024-10-11 00:00:00", "LatestSrc": "montrose_MHWS_Modern_LiDAR.shp", "FirstEYr": 2030.0, "Extrap2050": -30.675182763605036, "Extrap2100": -91.479501403456894, "Dist_2040": 9.0475690089521095, "Rate_2040": 0.90486219160793835, "Dist_2050": 8.4261580307540953, "Rate_2050": 0.8424831712421853, "Dist_2060": 7.8447004129457127, "Rate_2060": 0.78456133367341852, "Dist_2070": 7.2166614264335749, "Rate_2070": 0.72155254887603748, "Dist_2080": 6.8416690657280697, "Rate_2080": 0.68424652621554893, "Dist_2090": 6.4712101626304843, "Rate_2090": 0.64701915626185735, "Dist_2100": 6.2290387636815581, "Rate_2100": 0.62297636655092048, "RSL_2050": 0.18573485314846039, "RSL_2100": 0.55779761075973511 }, "geometry": { "type": "LineString", "coordinates": [ [ -2.426600298033592, 56.761947080176355 ], [ -2.425707509798515, 56.761700654062565 ] ] } },
{ "type": "Feature", "properties": { "Cell": "None", "SubCell": "None", "CMU": "None", "LineID": 1, "TransectID": 193, "Hist_Rate": 1.0114100571367077, "LatestYr": "2024-10-11 00:00:00", "LatestSrc": "montrose_MHWS_Modern_LiDAR.shp", "FirstEYr": 2030.0, "Extrap2050": -26.459066494109337, "Extrap2100": -78.906203400157821, "Dist_2040": 7.3610302094770077, "Rate_2040": 0.73618868463442111, "Dist_2050": 6.736092970927416, "Rate_2050": 0.67350326770707825, "Dist_2060": 6.1522533000712656, "Rate_2060": 0.61529692660221225, "Dist_2070": 5.5206554974068354, "Rate_2070": 0.55197865193310047, "Dist_2080": 5.1442952105906556, "Rate_2080": 0.51448938758328522, "Dist_2090": 4.7715426867770816, "Rate_2090": 0.47707916227078517, "Dist_2100": 4.5286557587213565, "Rate_2100": 0.45291827791752054, "RSL_2050": 0.18573485314846039, "RSL_2100": 0.55779761075973511 }, "geometry": { "type": "LineString", "coordinates": [ [ -2.426719754001059, 56.761858785170723 ], [ -2.425815447992468, 56.76161154743572 ] ] } },
{ "type": "Feature", "properties": { "Cell": "None", "SubCell": "None", "CMU": "None", "LineID": 1, "TransectID": 194, "Hist_Rate": 0.76857040368256124, "LatestYr": "2024-10-11 00:00:00", "LatestSrc": "montrose_MHWS_Modern_LiDAR.shp", "FirstEYr": 2030.0, "Extrap2050": -20.279624978096507, "Extrap2100": -60.477878679387985, "Dist_2040": 4.9671907312191479, "Rate_2040": 0.49677687860003006, "Dist_2050": 4.3527585378516278, "Rate_2050": 0.43520733924480515, "Dist_2060": 3.7799315385172463, "Rate_2060": 0.37803714264974958, "Dist_2070": 3.1589573472736561, "Rate_2070": 0.31584601119945205, "Dist_2080": 2.7899163435856167, "Rate_2080": 0.27902410189541887, "Dist_2090": 2.4231796666525156, "Rate_2090": 0.24227982463655393, "Dist_2100": 2.1852360316651129, "Rate_2100": 0.21854903376107476, "RSL_2050": 0.18573485314846039, "RSL_2100": 0.55779761075973511 }, "geometry": { "type": "LineString", "coordinates": [ [ -2.42683895118292, 56.761770687574796 ], [ -2.425938603984858, 56.761526831631983 ] ] } },
{ "type": "Feature", "properties": { "Cell": "None", "SubCell": "None", "CMU": "None", "LineID": 1, "TransectID": 195, "Hist_Rate": 0.66200097920330503, "LatestYr": "2024-10-11 00:00:00", "LatestSrc": "montrose_MHWS_Modern_LiDAR.shp", "FirstEYr": 2030.0, "Extrap2050": -15.928362314833656, "Extrap2100": -47.501547226750752, "Dist_2040": 3.419626876187408, "Rate_2040": 0.34200248338605682, "Dist_2050": 2.8403083258514243, "Rate_2050": 0.28398612474809443, "Dist_2060": 2.3008844616533679, "Rate_2060": 0.23011522261375417, "Dist_2070": 1.715401452415108, "Rate_2070": 0.17151314398678486, "Dist_2080": 1.3680030854455367, "Rate_2080": 0.13681622862427203, "Dist_2090": 1.0220855328263951, "Rate_2090": 0.10219246515832046, "Dist_2100": 0.79821889987135819, "Rate_2100": 0.079831179226797527, "RSL_2050": 0.18573485314846039, "RSL_2100": 0.55779761075973511 }, "geometry": { "type": "LineString", "coordinates": [ [ -2.426958530073014, 56.761682104012195 ], [ -2.426045444206542, 56.761437169553297 ] ] } },
{ "type": "Feature", "properties": { "Cell": "None", "SubCell": "None", "CMU": "None", "LineID": 1, "TransectID": 196, "Hist_Rate": 0.4467142750134605, "LatestYr": "2024-10-11 00:00:00", "LatestSrc": "montrose_MHWS_Modern_LiDAR.shp", "FirstEYr": 2030.0, "Extrap2050": -13.254946742522339, "Extrap2100": -39.528889802540029, "Dist_2040": 2.4596480768705078, "Rate_2040": 0.2459934317405193, "Dist_2050": 1.900065311119306, "Rate_2050": 0.18997662315808736, "Dist_2060": 1.3794634331035809, "Rate_2060": 0.13796239675940161, "Dist_2070": 0.81392866825336796, "Rate_2070": 0.081380055191494868, "Dist_2080": 0.47873407490220643, "Rate_2080": 0.047878978738354089, "Dist_2090": 0.14450807608704963, "Rate_2090": 0.014448532981172798, "Dist_2100": -0.071412339073560815, "Rate_2100": -0.0071420649655189036, "RSL_2050": 0.18573485314846039, "RSL_2100": 0.55779761075973511 }, "geometry": { "type": "LineString", "coordinates": [ [ -2.427076454175415, 56.761595241721409 ], [ -2.426143542620096, 56.761347133332734 ] ] } },
{ "type": "Feature", "properties": { "Cell": "None", "SubCell": "None", "CMU": "None", "LineID": 1, "TransectID": 197, "Hist_Rate": 0.27365687195775967, "LatestYr": "2024-10-11 00:00:00", "LatestSrc": "montrose_MHWS_Modern_LiDAR.shp", "FirstEYr": null, "Extrap2050": -5.7733488145197551, "Extrap2100": -17.217275445449939, "Dist_2040": -0.36177608832724673, "Rate_2040": -0.03618181898709321, "Dist_2050": -0.89321122641109696, "Rate_2050": -0.089307063061170297, "Dist_2060": -1.3862020472026302, "Rate_2060": -0.13863633658965133, "Dist_2070": -1.9232819446518761, "Rate_2070": -0.19229792107021978, "Dist_2080": -2.2404361281878096, "Rate_2080": -0.22406968580220046, "Dist_2090": -2.5581473225093418, "Rate_2090": -0.25577446576556756, "Dist_2100": -2.7621842116391235, "Rate_2100": -0.27625056596922304, "RSL_2050": 0.18573485314846039, "RSL_2100": 0.55779761075973511 }, "geometry": { "type": "LineString", "coordinates": [ [ -2.427189155793021, 56.761514021415245 ], [ -2.426224305754317, 56.761258775008308 ] ] } },
{ "type": "Feature", "properties": { "Cell": "None", "SubCell": "None", "CMU": "None", "LineID": 1, "TransectID": 198, "Hist_Rate": 0.0016780922306179266, "LatestYr": "2024-10-11 00:00:00", "LatestSrc": "montrose_MHWS_Modern_LiDAR.shp", "FirstEYr": null, "Extrap2050": -0.83081241522848026, "Extrap2100": -2.4776480091612392, "Dist_2040": -2.2331090553412309, "Rate_2040": -0.22333689324903327, "Dist_2050": -2.7474402396823621, "Rate_2050": -0.27470077792011638, "Dist_2060": -3.2235703270554268, "Rate_2060": -0.32239454687282088, "Dist_2070": -3.7433591196220846, "Rate_2070": -0.37427698966563627, "Dist_2080": -4.0494824067561694, "Rate_2080": -0.40499536636079964, "Dist_2090": -4.3571756322476176, "Rate_2090": -0.43564897915718603, "Dist_2100": -4.5539320117007378, "Rate_2100": -0.45544619736681458, "RSL_2050": 0.18573485314846039, "RSL_2100": 0.55779761075973511 }, "geometry": { "type": "LineString", "coordinates": [ [ -2.427290936169549, 56.761444680587473 ], [ -2.426284946280232, 56.761178124751893 ] ] } },
{ "type": "Feature", "properties": { "Cell": "None", "SubCell": "None", "CMU": "None", "LineID": 1, "TransectID": 199, "Hist_Rate": 0.0060828598169029285, "LatestYr": "2024-10-11 00:00:00", "LatestSrc": "montrose_MHWS_Modern_LiDAR.shp", "FirstEYr": null, "Extrap2050": 0.24498942538592372, "Extrap2100": 0.73060723569719466, "Dist_2040": -2.6620517496015168, "Rate_2040": -0.26623615447804821, "Dist_2050": -3.1770013334718783, "Rate_2050": -0.31765012579813923, "Dist_2060": -3.6534788533665505, "Rate_2060": -0.36539040254675037, "Dist_2070": -4.1738913673594311, "Rate_2070": -0.41732343765200575, "Dist_2080": -4.4801963076745324, "Rate_2080": -0.44807176886796701, "Dist_2090": -4.7883064330816296, "Rate_2090": -0.47875527303170468, "Dist_2100": -4.9851378183708448, "Rate_2100": -0.4985717961736893, "RSL_2050": 0.18573485314846039, "RSL_2100": 0.55779761075973511 }, "geometry": { "type": "LineString", "coordinates": [ [ -2.427375147474478, 56.761394228181445 ], [ -2.42633745095509, 56.761115833952097 ] ] } },
{ "type": "Feature", "properties": { "Cell": "None", "SubCell": "None", "CMU": "None", "LineID": 1, "TransectID": 200, "Hist_Rate": -0.27443112717112728, "LatestYr": "2024-10-11 00:00:00", "LatestSrc": "montrose_MHWS_Modern_LiDAR.shp", "FirstEYr": null, "Extrap2050": 8.1602016526572658, "Extrap2100": 24.335345751303418, "Dist_2040": -5.8587656116732205, "Rate_2040": -0.58594474231148863, "Dist_2050": -6.3864494123372992, "Rate_2050": -0.63854441540804985, "Dist_2060": -6.8730568678853956, "Rate_2060": -0.68738567170553988, "Dist_2070": -7.4063295839982857, "Rate_2070": -0.74051637916328883, "Dist_2080": -7.7188399638671399, "Rate_2080": -0.77197382406975468, "Dist_2090": -8.0349142035636305, "Rate_2090": -0.80336494689162041, "Dist_2100": -8.2354263646756181, "Rate_2100": -0.82363847590362393, "RSL_2050": 0.18573485314846039, "RSL_2100": 0.55779761075973511 }, "geometry": { "type": "LineString", "coordinates": [ [ -2.427438962152175, 56.761364917971925 ], [ -2.42637574740852, 56.7610726797338 ] ] } },
{ "type": "Feature", "properties": { "Cell": "None", "SubCell": "None", "CMU": "None", "LineID": 1, "TransectID": 201, "Hist_Rate": -0.3950052320517517, "LatestYr": "2024-10-11 00:00:00", "LatestSrc": "montrose_MHWS_Modern_LiDAR.shp", "FirstEYr": null, "Extrap2050": 9.5549309484659659, "Extrap2100": 28.494706155335116, "Dist_2040": -6.4094273534416857, "Rate_2040": -0.64101732479173734, "Dist_2050": -6.9368200933468529, "Rate_2050": -0.69357282040630663, "Dist_2060": -7.4228667253916569, "Rate_2060": -0.74237305584580016, "Dist_2070": -7.9558436867200726, "Rate_2070": -0.79545913981572847, "Dist_2080": -8.2679394639643533, "Rate_2080": -0.82689016420235495, "Dist_2090": -8.5839003698159786, "Rate_2090": -0.85825492220709354, "Dist_2100": -8.7840919935132433, "Rate_2100": -0.87851142386110648, "RSL_2050": 0.18573485314846039, "RSL_2100": 0.55779761075973511 }, "geometry": { "type": "LineString", "coordinates": [ [ -2.427478912382153, 56.761362930013796 ], [ -2.42641793690834, 56.76105985035359 ] ] } },
{ "type": "Feature", "properties": { "Cell": "None", "SubCell": "None", "CMU": "None", "LineID": 1, "TransectID": 202, "Hist_Rate": -0.32775998899354408, "LatestYr": "2024-10-11 00:00:00", "LatestSrc": "montrose_MHWS_Modern_LiDAR.shp", "FirstEYr": null, "Extrap2050": 8.2320340232031821, "Extrap2100": 24.549564179692545, "Dist_2040": -5.8344637386612135, "Rate_2040": -0.58351427219823881, "Dist_2050": -6.3515603239314942, "Rate_2050": -0.63505605573872126, "Dist_2060": -6.8283554740473846, "Rate_2060": -0.68291501211110406, "Dist_2070": -7.3509285699750535, "Rate_2070": -0.73497714979992157, "Dist_2080": -7.6571281011179053, "Rate_2080": -0.7658019196255631, "Dist_2090": -7.9668710367474205, "Rate_2090": -0.79656170124260051, "Dist_2100": -8.1633248678077734, "Rate_2100": -0.81642748713863111, "RSL_2050": 0.18573485314846039, "RSL_2100": 0.55779761075973511 }, "geometry": { "type": "LineString", "coordinates": [ [ -2.427503170500382, 56.761381987908138 ], [ -2.42642251332132, 56.761058063713563 ] ] } },
{ "type": "Feature", "properties": { "Cell": "None", "SubCell": "None", "CMU": "None", "LineID": 1, "TransectID": 203, "Hist_Rate": -0.43579909412622797, "LatestYr": "2024-10-11 00:00:00", "LatestSrc": "montrose_MHWS_Modern_LiDAR.shp", "FirstEYr": null, "Extrap2050": 10.699684413097149, "Extrap2100": 31.908588868972554, "Dist_2040": -6.8259094533365783, "Rate_2040": -0.68267038157455784, "Dist_2050": -7.3459394996575043, "Rate_2050": -0.7344783212985645, "Dist_2060": -7.8249335379150011, "Rate_2060": -0.78258441613415108, "Dist_2070": -8.3504683750007871, "Rate_2070": -0.83491539705891737, "Dist_2080": -8.6579858570000852, "Rate_2080": -0.86589934265480661, "Dist_2090": -8.9695915019087806, "Rate_2090": -0.8968179644500186, "Dist_2100": -9.1667965689257471, "Rate_2100": -0.91678633511113428, "RSL_2050": 0.18573485314846039, "RSL_2100": 0.55779761075973511 }, "geometry": { "type": "LineString", "coordinates": [ [ -2.427528340468335, 56.761396393909287 ], [ -2.426418968633811, 56.761048710723365 ] ] } },
{ "type": "Feature", "properties": { "Cell": "None", "SubCell": "None", "CMU": "None", "LineID": 1, "TransectID": 204, "Hist_Rate": -0.34597089744022042, "LatestYr": "2024-10-11 00:00:00", "LatestSrc": "montrose_MHWS_Modern_LiDAR.shp", "FirstEYr": null, "Extrap2050": 7.6163366001793182, "Extrap2100": 22.713431899481904, "Dist_2040": -5.6235157718769528, "Rate_2040": -0.56241702062151366, "Dist_2050": -6.1471929655058943, "Rate_2050": -0.61462253673796519, "Dist_2060": -6.6302064109183334, "Rate_2060": -0.66309779984661543, "Dist_2070": -7.1594306393168381, "Rate_2070": -0.71583037100483993, "Dist_2080": -7.4696516098881602, "Rate_2080": -0.7470520887526223, "Dist_2090": -7.7833049441442199, "Rate_2090": -0.77820798140202452, "Dist_2100": -7.9823669574421956, "Rate_2100": -0.79832959021182404, "RSL_2050": 0.18573485314846039, "RSL_2100": 0.55779761075973511 }, "geometry": { "type": "LineString", "coordinates": [ [ -2.427536830894447, 56.761422082721694 ], [ -2.426425208175338, 56.761055949082341 ] ] } },
{ "type": "Feature", "properties": { "Cell": "None", "SubCell": "None", "CMU": "None", "LineID": 1, "TransectID": 205, "Hist_Rate": -0.38654686101919683, "LatestYr": "2024-10-11 00:00:00", "LatestSrc": "montrose_MHWS_Modern_LiDAR.shp", "FirstEYr": null, "Extrap2050": 9.4343336266066071, "Extrap2100": 28.135060934659343, "Dist_2040": -6.3866437711812409, "Rate_2040": -0.63873870142269018, "Dist_2050": -6.9190464514654195, "Rate_2050": -0.69179573598394706, "Dist_2060": -7.4097544307709313, "Rate_2060": -0.74106167378993759, "Dist_2070": -7.9477946229001191, "Rate_2070": -0.79465436012991975, "Dist_2080": -8.2628917282678458, "Rate_2080": -0.82638533188988739, "Dist_2090": -8.5818448730552745, "Rate_2090": -0.85804940488554371, "Dist_2100": -8.783969919595279, "Rate_2100": -0.87849921504867989, "RSL_2050": 0.18573485314846039, "RSL_2100": 0.55779761075973511 }, "geometry": { "type": "LineString", "coordinates": [ [ -2.427619581488514, 56.761380671813662 ], [ -2.426471531773226, 56.760997309941338 ] ] } },
{ "type": "Feature", "properties": { "Cell": "None", "SubCell": "None", "CMU": "None", "LineID": 1, "TransectID": 206, "Hist_Rate": -0.26377368789603606, "LatestYr": "2024-10-11 00:00:00", "LatestSrc": "montrose_MHWS_Modern_LiDAR.shp", "FirstEYr": null, "Extrap2050": 7.8256839627991033, "Extrap2100": 23.337747408868488, "Dist_2040": -5.7834621977355596, "Rate_2040": -0.57841352457733575, "Dist_2050": -6.3226125587199249, "Rate_2050": -0.63216173486949423, "Dist_2060": -6.8199009534727111, "Rate_2060": -0.68206946166450078, "Dist_2070": -7.3647622663540915, "Rate_2070": -0.73636030168870359, "Dist_2080": -7.6841520985497027, "Rate_2080": -0.76850463385940304, "Dist_2090": -8.0070723099314591, "Rate_2090": -0.80058119577337561, "Dist_2100": -8.2120183925806032, "Rate_2100": -0.82129740628480863, "RSL_2050": 0.18573485314846039, "RSL_2100": 0.55779761075973511 }, "geometry": { "type": "LineString", "coordinates": [ [ -2.427698801979703, 56.761341884081588 ], [ -2.426527598842868, 56.7609448867765 ] ] } },
{ "type": "Feature", "properties": { "Cell": "None", "SubCell": "None", "CMU": "None", "LineID": 1, "TransectID": 207, "Hist_Rate": -0.272390262574292, "LatestYr": "2024-10-11 00:00:00", "LatestSrc": "montrose_MHWS_Modern_LiDAR.shp", "FirstEYr": null, "Extrap2050": 6.2944939248084566, "Extrap2100": 18.771433906882923, "Dist_2040": -5.5489764435927214, "Rate_2040": -0.5549622203447192, "Dist_2050": -6.1627361252538435, "Rate_2050": -0.61617660805585195, "Dist_2060": -6.7293871677390484, "Rate_2060": -0.67301702974067068, "Dist_2070": -7.3496511110623146, "Rate_2070": -0.73484942401647346, "Dist_2080": -7.7136916568923652, "Rate_2080": -0.77145893345906624, "Dist_2090": -8.0811846044490494, "Rate_2090": -0.80799125866150623, "Dist_2100": -8.3148839906797321, "Rate_2100": -0.83158516318889431, "RSL_2050": 0.18573485314846039, "RSL_2100": 0.55779761075973511 }, "geometry": { "type": "LineString", "coordinates": [ [ -2.427787861302751, 56.761294411249395 ], [ -2.42658826055349, 56.760883559869164 ] ] } }
]
}
