{
"type": "FeatureCollection",
"name": "Montrose_VEdge_Uncertainty_RCP8_2030",
"crs": { "type": "name", "properties": { "name": "urn:ogc:def:crs:OGC:1.3:CRS84" } },
"features": [
{ "type": "Feature", "properties": { "Poly_ID": "UncertaintyLower_0", "Method": "Open", "Timeseries": "VEdge", "Scenario": 8, "Year": 2030, "UncertaintyInterval": 95, "LowerQ": 2.5, "UpperQ": 97.5 }, "geometry": { "type": "MultiPolygon", "coordinates": [ [ [ [ -2.448089460032661, 56.715451376057288 ], [ -2.448091498285306, 56.715452556062992 ], [ -2.448102465747061, 56.715458787006384 ], [ -2.448113469458356, 56.715464969855148 ], [ -2.448124453426931, 56.715471121564114 ], [ -2.448135361660503, 56.715477259088225 ], [ -2.448146138166777, 56.715483399382364 ], [ -2.44815672695344, 56.715489559401504 ], [ -2.448167072028159, 56.715495756100573 ], [ -2.448177117398587, 56.71550200643459 ], [ -2.448186807072346, 56.715508327358499 ], [ -2.448196085057045, 56.71551473582732 ], [ -2.448204895360262, 56.715521248796058 ], [ -2.448213181989547, 56.715527883219778 ], [ -2.44822088895241, 56.715534656053485 ], [ -2.448227960256331, 56.715541584252243 ], [ -2.448234339908742, 56.715548684771086 ], [ -2.448239971917026, 56.715555974565078 ], [ -2.448244813128638, 56.715563466911142 ], [ -2.448248886587463, 56.715571156124078 ], [ -2.44825223660839, 56.715579030425424 ], [ -2.448254907516325, 56.715587078033934 ], [ -2.448256943636174, 56.715595287168291 ], [ -2.448258389292877, 56.715603646047171 ], [ -2.448259288811386, 56.715612142889235 ], [ -2.448259686516685, 56.715620765913172 ], [ -2.448259626733779, 56.715629503337617 ], [ -2.448259153787721, 56.715638343381229 ], [ -2.448258312003581, 56.715647274262658 ], [ -2.448257145706479, 56.715656284200527 ], [ -2.448255699221566, 56.715665361413492 ], [ -2.448254016874043, 56.715674494120222 ], [ -2.448252142989143, 56.715683670539313 ], [ -2.448250121892153, 56.715692878889421 ], [ -2.4482479979084, 56.71570210738922 ], [ -2.448245815363256, 56.715711344257329 ], [ -2.448243618582143, 56.715720577712439 ], [ -2.448241451890523, 56.715729795973154 ], [ -2.448239359613909, 56.715738987258192 ], [ -2.448237386077861, 56.715748139786157 ], [ -2.44823557560798, 56.715757241775755 ], [ -2.44823397252991, 56.715766281445617 ], [ -2.448232613171438, 56.715775249252893 ], [ -2.448231494538294, 56.715784146660006 ], [ -2.448230601571598, 56.715792978506059 ], [ -2.448229919209264, 56.715801749631012 ], [ -2.448229432389192, 56.715810464874842 ], [ -2.448229126049256, 56.715819129077516 ], [ -2.448228985127326, 56.71582774707899 ], [ -2.448228994561248, 56.715836323719245 ], [ -2.448229139288858, 56.715844863838221 ], [ -2.448229404247975, 56.715853372275902 ], [ -2.448229774376406, 56.715861853872269 ], [ -2.448230234611943, 56.715870313467249 ], [ -2.448230769892366, 56.715878755900839 ], [ -2.448231365155435, 56.715887186012978 ], [ -2.44823200533891, 56.715895608643635 ], [ -2.44823267538052, 56.715904028632792 ], [ -2.448233360217997, 56.71591245082039 ], [ -2.448234044789049, 56.715920880046426 ], [ -2.44823471403138, 56.71592932115086 ], [ -2.448235352882672, 56.715937778973611 ], [ -2.448235946280598, 56.715946258354712 ], [ -2.448236479162818, 56.715954764134068 ], [ -2.44823693646698, 56.715963301151696 ], [ -2.448237303130713, 56.715971874247522 ], [ -2.448237564091632, 56.715980488261565 ], [ -2.448237704287348, 56.715989148033728 ], [ -2.448237708655446, 56.715997858404037 ], [ -2.448237562133498, 56.716006624212426 ], [ -2.448237249659065, 56.716015450298862 ], [ -2.44823675616969, 56.716024341503314 ], [ -2.4482360666029, 56.716033302665743 ], [ -2.448235165896206, 56.71604233862611 ], [ -2.4482340389871, 56.716051454224392 ], [ -2.448232670813054, 56.716060654300527 ], [ -2.448231046311527, 56.716069943694492 ], [ -2.448229150571914, 56.716079326865291 ], [ -2.448226973117088, 56.716088797158605 ], [ -2.448224508497348, 56.71609833531781 ], [ -2.448221751534332, 56.716107921406135 ], [ -2.448218697049685, 56.716117535486795 ], [ -2.44821533986504, 56.716127157622992 ], [ -2.448211674802039, 56.716136767877948 ], [ -2.448207696682325, 56.716146346314865 ], [ -2.448203400327543, 56.716155872996964 ], [ -2.448198780559346, 56.716165327987433 ], [ -2.448193832199395, 56.716174691349472 ], [ -2.448188550069357, 56.716183943146262 ], [ -2.448182928990918, 56.716193063441047 ], [ -2.44817696378577, 56.71620203229697 ], [ -2.448170649275625, 56.716210829777225 ], [ -2.448163980282214, 56.716219435945021 ], [ -2.448156951627279, 56.716227830863488 ], [ -2.44814955813259, 56.716235994595849 ], [ -2.448141794619946, 56.716243907205218 ], [ -2.448133655911164, 56.716251548754819 ], [ -2.448125136828094, 56.716258899307739 ], [ -2.448116232206858, 56.716265938952944 ], [ -2.448106942728658, 56.716272658341154 ], [ -2.448097283891109, 56.716279074896079 ], [ -2.44808727350419, 56.716285210219731 ], [ -2.448076929377875, 56.71629108591415 ], [ -2.448066269322139, 56.716296723581422 ], [ -2.448055311146966, 56.716302144823544 ], [ -2.448044072662328, 56.716307371242607 ], [ -2.44803257167819, 56.716312424440659 ], [ -2.448020826004514, 56.716317326019755 ], [ -2.448008853451247, 56.716322097581958 ], [ -2.447996671828319, 56.716326760729366 ], [ -2.447984298945651, 56.716331337064048 ], [ -2.447971752613146, 56.716335848188066 ], [ -2.447959050640688, 56.716340315703519 ], [ -2.44794621083814, 56.71634476121254 ], [ -2.447933251015349, 56.716349206317176 ], [ -2.447920188982136, 56.716353672619576 ], [ -2.4479070425483, 56.716358181721851 ], [ -2.447893829523626, 56.716362755226136 ], [ -2.447880567717869, 56.716367414734563 ], [ -2.447867274940763, 56.716372181849252 ], [ -2.447853969002021, 56.716377078172364 ], [ -2.447840667711336, 56.716382125306062 ], [ -2.447827388878373, 56.716387344852514 ], [ -2.447814150312794, 56.716392758413875 ], [ -2.44780096982422, 56.716398387592321 ], [ -2.447787866990347, 56.716404251578595 ], [ -2.447774876226829, 56.716410349326175 ], [ -2.447762039361943, 56.716416669678637 ], [ -2.447749398278813, 56.716423201404837 ], [ -2.447736994860601, 56.716429933273666 ], [ -2.447724870990538, 56.716436854054024 ], [ -2.447713068551896, 56.716443952514837 ], [ -2.447701629428003, 56.716451217425011 ], [ -2.447690595502248, 56.716458637553494 ], [ -2.44768000865807, 56.716466201669235 ], [ -2.447669910778969, 56.716473898541196 ], [ -2.447660343748499, 56.716481716938318 ], [ -2.447651349450276, 56.716489645629629 ], [ -2.44764296976796, 56.716497673384069 ], [ -2.447635246585282, 56.716505788970622 ], [ -2.447628221786017, 56.716513981158286 ], [ -2.447621937236157, 56.716522238726604 ], [ -2.447616434827789, 56.716530550439728 ], [ -2.447611756454371, 56.716538905060936 ], [ -2.447607943999912, 56.71654729135917 ], [ -2.447605039348473, 56.716555698103356 ], [ -2.447603084384155, 56.716564114062436 ], [ -2.447602120991105, 56.71657252800528 ], [ -2.447602191053502, 56.716580928700772 ], [ -2.447603336455564, 56.716589304917754 ], [ -2.447605599081541, 56.716597645425075 ], [ -2.44760902081571, 56.716605938991499 ], [ -2.44761364354237, 56.716614174385811 ], [ -2.447619509145846, 56.716622340376688 ], [ -2.447626659166001, 56.716630425757309 ], [ -2.447635051874873, 56.716638425237413 ], [ -2.447644454463582, 56.71664634710416 ], [ -2.447654607426801, 56.716654201541665 ], [ -2.447665251258987, 56.716661998734111 ], [ -2.447676126454388, 56.716669748865741 ], [ -2.447686973507059, 56.71667746212092 ], [ -2.44769753291085, 56.716685148684057 ], [ -2.447707545159414, 56.716692818739702 ], [ -2.44771675074621, 56.716700482472426 ], [ -2.4477248901645, 56.716708150066893 ], [ -2.447731703907341, 56.716715831707795 ], [ -2.447736932467596, 56.716723537579853 ], [ -2.447740316429837, 56.716731277859431 ], [ -2.447741681244266, 56.716739055018657 ], [ -2.447741094240983, 56.716746849571528 ], [ -2.447738665559166, 56.716754638145702 ], [ -2.447734505338079, 56.716762397368818 ], [ -2.447728723717102, 56.716770103868377 ], [ -2.447721430835721, 56.716777734271901 ], [ -2.447712736833549, 56.716785265206838 ], [ -2.447702751850324, 56.716792673300645 ], [ -2.447691586025928, 56.716799935180759 ], [ -2.447679361834002, 56.716807030820576 ], [ -2.447666311379573, 56.716813969935039 ], [ -2.447652724198795, 56.71682077781945 ], [ -2.447638890332761, 56.716827479906122 ], [ -2.447625099822738, 56.716834101627569 ], [ -2.447611642710162, 56.716840668416353 ], [ -2.447598809036633, 56.716847205705221 ], [ -2.447586888843905, 56.716853738926979 ], [ -2.447576172173903, 56.716860293514578 ], [ -2.447566949068735, 56.716866894901038 ], [ -2.447559509570679, 56.716873568519361 ], [ -2.447554143722226, 56.716880339802628 ], [ -2.447551138731891, 56.716887233952178 ], [ -2.447550593150148, 56.716894260749896 ], [ -2.44755230187468, 56.716901405159483 ], [ -2.447556032323947, 56.716908649898528 ], [ -2.447561551916256, 56.716915977684593 ], [ -2.447568628069756, 56.71692337123519 ], [ -2.447577028202419, 56.716930813267815 ], [ -2.447586519732036, 56.716938286499968 ], [ -2.447596870076196, 56.716945773649208 ], [ -2.4476078466523, 56.716953257433097 ], [ -2.447619216877542, 56.716960720569361 ], [ -2.447630748379794, 56.716968145799385 ], [ -2.447642266731156, 56.716975522374916 ], [ -2.447653733984721, 56.716982854881792 ], [ -2.447665131830277, 56.716990150112039 ], [ -2.447676441957602, 56.71699741485773 ], [ -2.447687646056474, 56.717004655910927 ], [ -2.447698725816659, 56.717011880063701 ], [ -2.447709662927926, 56.717019094108153 ], [ -2.447720439080029, 56.717026304836374 ], [ -2.447731035962722, 56.717033519040427 ], [ -2.447741435265752, 56.717040743512428 ], [ -2.447751618678857, 56.717047985044495 ], [ -2.447761567891769, 56.717055250428679 ], [ -2.447771264594213, 56.717062546457178 ], [ -2.447780690475908, 56.717069879922043 ], [ -2.447789827226557, 56.717077257615429 ], [ -2.447798656535862, 56.71708468632945 ], [ -2.44780716009351, 56.717092172856233 ], [ -2.447815319589178, 56.717099723987914 ], [ -2.44782311671253, 56.717107346516592 ], [ -2.447830533153218, 56.717115047234465 ], [ -2.447837550600879, 56.71712283293359 ], [ -2.44784415074514, 56.717130710406174 ], [ -2.447850315275605, 56.717138686444287 ], [ -2.447856025881861, 56.717146767840099 ], [ -2.44786126913103, 56.717154959492127 ], [ -2.447866052084856, 56.717163258342367 ], [ -2.447870387187141, 56.717171659243299 ], [ -2.447874286881717, 56.717180157047459 ], [ -2.44787776361241, 56.717188746607277 ], [ -2.447880829823058, 56.717197422775236 ], [ -2.4478834979575, 56.717206180403842 ], [ -2.447885780459573, 56.717215014345555 ], [ -2.447887689773129, 56.71722391945282 ], [ -2.44788923834202, 56.717232890578103 ], [ -2.447890438610109, 56.717241922573869 ], [ -2.447891303021263, 56.717251010292557 ], [ -2.44789184401936, 56.717260148586639 ], [ -2.447892074048285, 56.717269332308547 ], [ -2.447892005551932, 56.717278556310717 ], [ -2.447891650974209, 56.717287815445601 ], [ -2.447891022759032, 56.717297104565645 ], [ -2.447890133350326, 56.717306418523272 ], [ -2.447888995192032, 56.717315752170933 ], [ -2.447887620728098, 56.717325100361073 ], [ -2.447886023394129, 56.717334457893578 ], [ -2.447884239731507, 56.717343818344375 ], [ -2.447882329554201, 56.717353174056619 ], [ -2.447880353701235, 56.717362517319074 ], [ -2.447878373011704, 56.717371840420618 ], [ -2.447876448324752, 56.717381135650065 ], [ -2.447874640479597, 56.717390395296235 ], [ -2.447874068875466, 56.717393626937515 ], [ -2.447873844337076, 56.717392929870805 ], [ -2.447871226184385, 56.717384077510694 ], [ -2.447868810396416, 56.717375195902243 ], [ -2.447866576503395, 56.717366288475475 ], [ -2.447864504035559, 56.717357358660351 ], [ -2.447862572523173, 56.71734840988691 ], [ -2.447860761496513, 56.717339445585125 ], [ -2.447859050485878, 56.717330469185015 ], [ -2.447857419021578, 56.717321484116532 ], [ -2.447855846633948, 56.717312493809708 ], [ -2.447854312853342, 56.717303501694531 ], [ -2.447852797210127, 56.717294511201011 ], [ -2.447851279234696, 56.717285525759095 ], [ -2.447849738457457, 56.717276548798786 ], [ -2.447848154408834, 56.717267583750072 ], [ -2.447846506619276, 56.717258634042956 ], [ -2.447844774619242, 56.717249703107441 ], [ -2.447842937939219, 56.717240794373474 ], [ -2.447840976109708, 56.717231911271057 ], [ -2.447838868661222, 56.717223057230186 ], [ -2.447836595124301, 56.717214235680814 ], [ -2.447834135029497, 56.717205450052944 ], [ -2.44783146790738, 56.717196703776537 ], [ -2.447828573288539, 56.717188000281588 ], [ -2.447825430703574, 56.717179342998065 ], [ -2.447822019683107, 56.717170735355921 ], [ -2.447818319757768, 56.717162180785131 ], [ -2.447814310458208, 56.717153682715669 ], [ -2.447809971315091, 56.717145244577459 ], [ -2.447805281859092, 56.717136869800484 ], [ -2.447800221620902, 56.717128561814654 ], [ -2.447794770131219, 56.717120324049958 ], [ -2.447788906920759, 56.717112159936271 ], [ -2.447782611520244, 56.71710407290356 ], [ -2.447775863460411, 56.717096066381728 ], [ -2.447768642271999, 56.71708814380068 ], [ -2.447760927485759, 56.717080308590297 ], [ -2.447752698632454, 56.717072564180491 ], [ -2.447743935242844, 56.717064914001114 ], [ -2.44773461730352, 56.71705736142831 ], [ -2.447724759084561, 56.717049905797239 ], [ -2.447714432420234, 56.717042539657925 ], [ -2.447703714652409, 56.717035254911266 ], [ -2.447692683122892, 56.717028043458185 ], [ -2.447681415173443, 56.717020897199653 ], [ -2.447669988145769, 56.717013808036597 ], [ -2.447658479381524, 56.717006767870018 ], [ -2.447646966222323, 56.716999768600942 ], [ -2.447635526009724, 56.71699280213042 ], [ -2.447624236085241, 56.716985860359522 ], [ -2.447613173790347, 56.71697893518936 ], [ -2.447602416466466, 56.716972018521055 ], [ -2.44759204145497, 56.71696510225577 ], [ -2.447582126097194, 56.716958178294668 ], [ -2.447572747734416, 56.716951238538975 ], [ -2.447563983707872, 56.716944274889862 ], [ -2.44755591135874, 56.716937279248597 ], [ -2.447548608028152, 56.71693024351638 ], [ -2.44754215105718, 56.716923159594472 ], [ -2.447536617786839, 56.716916019384094 ], [ -2.447532085558082, 56.716908814786507 ], [ -2.447528631711804, 56.716901537702896 ], [ -2.447526333588824, 56.716894180034487 ], [ -2.447525268529894, 56.716886733682443 ], [ -2.447525502186424, 56.71687919129333 ], [ -2.447526963882001, 56.716871554207238 ], [ -2.447529494777451, 56.716863829386334 ], [ -2.447532934554905, 56.716856023887082 ], [ -2.447537122896613, 56.716848144765926 ], [ -2.447541899484948, 56.716840199079336 ], [ -2.447547104002415, 56.716832193883761 ], [ -2.447552576131655, 56.716824136235708 ], [ -2.447558155555442, 56.716816033191726 ], [ -2.447563681956694, 56.71680789180833 ], [ -2.447568995018467, 56.716799719142131 ], [ -2.447573948952783, 56.716791521441742 ], [ -2.447578479708892, 56.716783300410363 ], [ -2.447582551796976, 56.716775056162831 ], [ -2.447586129757176, 56.716766788812343 ], [ -2.447589178129659, 56.716758498472082 ], [ -2.447591661454627, 56.716750185255286 ], [ -2.447593544272313, 56.716741849275088 ], [ -2.44759479112299, 56.716733490644707 ], [ -2.447595366546952, 56.716725109477295 ], [ -2.447595239921918, 56.716716705917491 ], [ -2.447594443369229, 56.716708280517835 ], [ -2.447593052811696, 56.716699834115715 ], [ -2.447591145066962, 56.716691367554283 ], [ -2.447588796952596, 56.716682881676697 ], [ -2.447586085286106, 56.716674377326136 ], [ -2.447583086884929, 56.716665855345752 ], [ -2.447579878566437, 56.71665731657874 ], [ -2.447576537147929, 56.716648761868264 ], [ -2.447573139446642, 56.716640192057504 ], [ -2.447569762279735, 56.716631607989676 ], [ -2.447566482464304, 56.716623010507952 ], [ -2.447563376817374, 56.716614400455555 ], [ -2.447560522155899, 56.716605778675692 ], [ -2.447557995296762, 56.716597146011594 ], [ -2.447555873056778, 56.716588503306497 ], [ -2.447554232252691, 56.716579851403601 ], [ -2.447553149701172, 56.71657119114613 ], [ -2.447552702218825, 56.71656252337732 ], [ -2.447552966622179, 56.716553848940357 ], [ -2.447554019727696, 56.716545168678465 ], [ -2.447555936197347, 56.716536484042116 ], [ -2.447558740331747, 56.716527810678471 ], [ -2.447562405616273, 56.716519178559217 ], [ -2.447566903270627, 56.716510618301164 ], [ -2.447572204548198, 56.716502160501115 ], [ -2.447578280697045, 56.716493835759081 ], [ -2.447585102957627, 56.716485674679575 ], [ -2.447592642570463, 56.716477707867142 ], [ -2.447600870776152, 56.716469965926294 ], [ -2.447609758815359, 56.716462479461562 ], [ -2.447619275918234, 56.716455272188611 ], [ -2.447629381754596, 56.716448335066588 ], [ -2.447640033155685, 56.716441649328772 ], [ -2.447651186952315, 56.716435196206888 ], [ -2.447662799975334, 56.716428956932674 ], [ -2.447674829055607, 56.716422912737855 ], [ -2.447687231024017, 56.716417044854218 ], [ -2.447699962711463, 56.716411334513502 ], [ -2.447712980948852, 56.716405762947495 ], [ -2.447726242567096, 56.716400311388 ], [ -2.447739704397118, 56.716394961066811 ], [ -2.447753323269833, 56.716389693215795 ], [ -2.447767056016164, 56.716384489066783 ], [ -2.447780859467029, 56.716379329851634 ], [ -2.447794690453339, 56.716374196802256 ], [ -2.447808505806006, 56.716369071150552 ], [ -2.447822262355939, 56.716363934128424 ], [ -2.44783591693404, 56.716358766967836 ], [ -2.447849426371208, 56.71635355090077 ], [ -2.447862747498343, 56.716348267159155 ], [ -2.447875837146341, 56.716342896975043 ], [ -2.447888652146104, 56.716337421580427 ], [ -2.447901149328535, 56.716331822207337 ], [ -2.447913285524542, 56.716326080087825 ], [ -2.447925017565045, 56.716320176453948 ], [ -2.447936304460602, 56.716314093514505 ], [ -2.447947136467771, 56.716307827479952 ], [ -2.447957527215486, 56.71630138503415 ], [ -2.447967490895877, 56.716294773113333 ], [ -2.447977041701073, 56.716287998653719 ], [ -2.447986193823212, 56.716281068591499 ], [ -2.447994961454445, 56.716273989862898 ], [ -2.448003358786925, 56.716266769404115 ], [ -2.448011400012806, 56.716259414151303 ], [ -2.448019099324246, 56.716251931040667 ], [ -2.448026470913408, 56.716244327008368 ], [ -2.448033528972448, 56.71623660899057 ], [ -2.448040287693532, 56.716228783923448 ], [ -2.448046761268815, 56.716220858743142 ], [ -2.448052963890456, 56.716212840385786 ], [ -2.4480589097506, 56.716204735787599 ], [ -2.448064613041405, 56.716196551884636 ], [ -2.448070087955009, 56.71618829561308 ], [ -2.448075348683554, 56.71617997390905 ], [ -2.448080409419165, 56.716171593708694 ], [ -2.448085284353972, 56.716163161948103 ], [ -2.44808998669861, 56.716154685048423 ], [ -2.448094523122051, 56.716146165997969 ], [ -2.448098897618435, 56.716137606381501 ], [ -2.448103114173912, 56.7161290077796 ], [ -2.448107176774636, 56.716120371772774 ], [ -2.448111089406744, 56.716111699941614 ], [ -2.448114856056387, 56.716102993866642 ], [ -2.448118480709704, 56.716094255128418 ], [ -2.448121967352833, 56.716085485307495 ], [ -2.448125319971912, 56.716076685984397 ], [ -2.448128542553075, 56.716067858739684 ], [ -2.448131639082456, 56.716059005153916 ], [ -2.448134613546179, 56.716050126807609 ], [ -2.448137469930376, 56.71604122528133 ], [ -2.448140212221163, 56.716032302155618 ], [ -2.448142844404667, 56.716023359011018 ], [ -2.448145370467003, 56.716014397428061 ], [ -2.448147794394285, 56.716005418987294 ], [ -2.448150120172625, 56.715996425269246 ], [ -2.44815235178813, 56.715987417854485 ], [ -2.448154493226903, 56.715978398323522 ], [ -2.448156548475051, 56.715969368256914 ], [ -2.448158521518667, 56.715960329235202 ], [ -2.448160416343848, 56.715951282838908 ], [ -2.448162236936686, 56.715942230648579 ], [ -2.448163987283265, 56.715933174244746 ], [ -2.448165671369676, 56.715924115207947 ], [ -2.448167293181994, 56.715915055118735 ], [ -2.448168856706298, 56.715905995557655 ], [ -2.448170365928663, 56.715896938105196 ], [ -2.448171824835159, 56.715887884341946 ], [ -2.448173237411849, 56.715878835848393 ], [ -2.4481746076448, 56.715869794205112 ], [ -2.448175939150679, 56.715860760960688 ], [ -2.448177230331353, 56.715851737212688 ], [ -2.44817847572837, 56.71584272372489 ], [ -2.448179669792466, 56.715833721253198 ], [ -2.448180806974392, 56.715824730553486 ], [ -2.448181881724899, 56.715815752381637 ], [ -2.448182888494747, 56.715806787493577 ], [ -2.448183821734697, 56.715797836645159 ], [ -2.448184675895523, 56.715788900592351 ], [ -2.448185445427996, 56.715779980090979 ], [ -2.448186124782897, 56.71577107589696 ], [ -2.448186708411009, 56.715762188766199 ], [ -2.448187190763123, 56.715753319454585 ], [ -2.448187566290032, 56.715744468718007 ], [ -2.448187829442535, 56.71573563731237 ], [ -2.448187974671439, 56.715726825993563 ], [ -2.448187996427552, 56.715718035517476 ], [ -2.448187889161685, 56.715709266640012 ], [ -2.44818764732466, 56.715700520117053 ], [ -2.448187265367301, 56.715691796704498 ], [ -2.448186737740434, 56.715683097158255 ], [ -2.44818605889489, 56.715674422234173 ], [ -2.448185223281508, 56.715665772688183 ], [ -2.448184225351131, 56.715657149276161 ], [ -2.448183059554604, 56.715648552754011 ], [ -2.448181720342776, 56.715639983877601 ], [ -2.448180202166497, 56.715631443402827 ], [ -2.448178499476636, 56.715622932085566 ], [ -2.448176606724043, 56.71561445068172 ], [ -2.448174518359593, 56.715605999947165 ], [ -2.448172228834153, 56.715597580637805 ], [ -2.448169732598598, 56.715589193509473 ], [ -2.448167024103804, 56.715580839318093 ], [ -2.44816409780065, 56.715572518819528 ], [ -2.44816094814003, 56.715564232769651 ], [ -2.448157569572824, 56.715555981924354 ], [ -2.448153956549925, 56.715547767039496 ], [ -2.448150103522226, 56.715539588870953 ], [ -2.44814600494063, 56.715531448174588 ], [ -2.448141655256034, 56.715523345706274 ], [ -2.448137048919344, 56.715515282221865 ], [ -2.448132180381465, 56.715507258477246 ], [ -2.448127044093306, 56.715499275228282 ], [ -2.44812163450578, 56.715491333230787 ], [ -2.448115946069802, 56.715483433240664 ], [ -2.448109973236285, 56.715475576013731 ], [ -2.448103710456152, 56.715467762305856 ], [ -2.448097152180321, 56.715459992872873 ], [ -2.448090292859717, 56.715452268470628 ], [ -2.448089460032661, 56.715451376057288 ] ] ], [ [ [ -2.447973727833764, 56.71535193936203 ], [ -2.447968366308011, 56.715347936322253 ], [ -2.44795851569536, 56.715340644862202 ], [ -2.447948610752104, 56.715333359484717 ], [ -2.447938669836975, 56.71532607730844 ], [ -2.447928711308689, 56.715318795451985 ], [ -2.447918753525952, 56.715311511034002 ], [ -2.447908814847458, 56.715304221173142 ], [ -2.447898913631892, 56.715296922988003 ], [ -2.447889068237927, 56.715289613597299 ], [ -2.44787929702422, 56.715282290119632 ], [ -2.447869618349423, 56.715274949673685 ], [ -2.447860050572173, 56.715267589378136 ], [ -2.447850612051099, 56.715260206351644 ], [ -2.447841321144813, 56.715252797712893 ], [ -2.447832196211918, 56.715245360580575 ], [ -2.447823255611004, 56.715237892073375 ], [ -2.447814517700649, 56.71523038930998 ], [ -2.447806000839415, 56.715222849409081 ], [ -2.447797723385852, 56.715215269489384 ], [ -2.447789703698501, 56.715207646669612 ], [ -2.447781960135885, 56.715199978068448 ], [ -2.447774511056509, 56.715192260804621 ], [ -2.447767374818866, 56.715184491996837 ], [ -2.44776056978144, 56.71517666876381 ], [ -2.44775411430269, 56.715168788224247 ], [ -2.44774802508156, 56.715160847710166 ], [ -2.447742297736603, 56.715152847262821 ], [ -2.447736913385596, 56.71514478878715 ], [ -2.447731852860761, 56.715136674224766 ], [ -2.447727096994335, 56.715128505517285 ], [ -2.447722626618571, 56.715120284606293 ], [ -2.447718422565729, 56.715112013433426 ], [ -2.447714465668087, 56.715103693940243 ], [ -2.447710736757938, 56.715095328068372 ], [ -2.44770721666759, 56.715086917759372 ], [ -2.447703886229359, 56.715078464954857 ], [ -2.447700726275582, 56.715069971596392 ], [ -2.447697717638613, 56.715061439625572 ], [ -2.447694841150819, 56.715052870983968 ], [ -2.44769207764458, 56.715044267613152 ], [ -2.4476894079523, 56.715035631454704 ], [ -2.447686812906391, 56.715026964450182 ], [ -2.447684273339289, 56.715018268541186 ], [ -2.447681770083443, 56.715009545669247 ], [ -2.447679283971318, 56.715000797775978 ], [ -2.4476767958354, 56.714992026802904 ], [ -2.447674289734732, 56.714983234882069 ], [ -2.447671772142736, 56.714974425468561 ], [ -2.447669259044861, 56.714965602578964 ], [ -2.447666766461082, 56.714956770231929 ], [ -2.447664310411363, 56.714947932446066 ], [ -2.447661906915644, 56.71493909323997 ], [ -2.447659571993855, 56.714930256632307 ], [ -2.447657321665904, 56.714921426641709 ], [ -2.44765517195169, 56.714912607286799 ], [ -2.447654709545103, 56.714910604734207 ], [ -2.447655935411012, 56.714912716794473 ], [ -2.447661678236643, 56.714921100938703 ], [ -2.447668125195956, 56.714929383925131 ], [ -2.447675170919534, 56.714937580138766 ], [ -2.447682710037881, 56.714945703964609 ], [ -2.447690637181406, 56.714953769787712 ], [ -2.447698846980437, 56.714961791993119 ], [ -2.44770723406523, 56.714969784965938 ], [ -2.44771569306595, 56.714977763091248 ], [ -2.447724118612694, 56.71498574075423 ], [ -2.447732405335486, 56.714993732339998 ], [ -2.447740447864262, 56.715001752233796 ], [ -2.447748140828889, 56.715009814820831 ], [ -2.447755378859152, 56.715017934486333 ], [ -2.447762056584747, 56.715026125615594 ], [ -2.447768068635292, 56.715034402593886 ], [ -2.447773309640305, 56.715042779806502 ], [ -2.447777674229211, 56.715051271638735 ], [ -2.447781057031333, 56.715059892475892 ], [ -2.44778335267588, 56.715068656703238 ], [ -2.447784465039305, 56.715077577018427 ], [ -2.447784495588805, 56.715086630058778 ], [ -2.447783735341603, 56.715095757868824 ], [ -2.447782482953512, 56.715104901099103 ], [ -2.44778103708064, 56.715114000400128 ], [ -2.447779696379384, 56.715122996422451 ], [ -2.447778759506443, 56.71513182981662 ], [ -2.447778525118792, 56.715140441233196 ], [ -2.44777929187366, 56.715148771322717 ], [ -2.447781358428497, 56.715156760735717 ], [ -2.447785023440932, 56.715164350122663 ], [ -2.447790520583861, 56.715171495538605 ], [ -2.447797728294185, 56.715178237247301 ], [ -2.447806404235048, 56.715184644141829 ], [ -2.447816305969496, 56.715190785139029 ], [ -2.447827191060427, 56.715196729155714 ], [ -2.447838817070626, 56.715202545108788 ], [ -2.447850941562799, 56.715208301915219 ], [ -2.447863322099582, 56.71521406849206 ], [ -2.447875716243554, 56.715219913756457 ], [ -2.447887881557228, 56.715225906625655 ], [ -2.447899575603058, 56.715232116017006 ], [ -2.447910555943406, 56.715238610847919 ], [ -2.447920580140525, 56.715245460035888 ], [ -2.447929405756516, 56.715252732498492 ], [ -2.447936822735902, 56.715260487071909 ], [ -2.447942902114266, 56.715268695082571 ], [ -2.447947859338815, 56.715277282898377 ], [ -2.447951911040791, 56.715286176518568 ], [ -2.447955273851552, 56.715295301942348 ], [ -2.447958164402612, 56.715304585168887 ], [ -2.447960799325656, 56.715313952197278 ], [ -2.447963395252562, 56.715323329026646 ], [ -2.447966168815399, 56.715332641656076 ], [ -2.447969336646422, 56.715341816084639 ], [ -2.447973115378077, 56.715350778311389 ], [ -2.447973727833764, 56.71535193936203 ] ] ], [ [ [ -2.447643812233797, 56.714846200010051 ], [ -2.447643518714804, 56.714842917568021 ], [ -2.447642995416975, 56.714834374772728 ], [ -2.447642732931004, 56.714825882799467 ], [ -2.44764274727663, 56.714817445666853 ], [ -2.447643054468744, 56.714809067393588 ], [ -2.447643644473362, 56.71480075253961 ], [ -2.447644420289245, 56.714792507471579 ], [ -2.447645266787648, 56.714784338932759 ], [ -2.447646068839932, 56.714776253666479 ], [ -2.447646711317554, 56.714768258415994 ], [ -2.447647079092067, 56.714760359924604 ], [ -2.447647057035122, 56.714752564935623 ], [ -2.447646530018453, 56.714744880192278 ], [ -2.447645382913884, 56.714737312437911 ], [ -2.447643500593322, 56.714729868415759 ], [ -2.447640767985833, 56.714722554861304 ], [ -2.447637113930687, 56.71471537252043 ], [ -2.447632589541137, 56.714708305460363 ], [ -2.447627267045221, 56.714701334868145 ], [ -2.447621218670924, 56.71469444193081 ], [ -2.447614516646182, 56.714687607835423 ], [ -2.447607233198878, 56.714680813769014 ], [ -2.447599440556856, 56.714674040918652 ], [ -2.447591210947927, 56.714667270471367 ], [ -2.447582616599859, 56.714660483614288 ], [ -2.447573729740384, 56.714653661534491 ], [ -2.447564622597211, 56.714646785419092 ], [ -2.447555367398004, 56.71463983645522 ], [ -2.447546036348912, 56.714632795870941 ], [ -2.447536698583788, 56.714625650740246 ], [ -2.447527416997591, 56.714618400008533 ], [ -2.447518253728938, 56.71461104406032 ], [ -2.447515359437839, 56.714608640173317 ], [ -2.447520609696852, 56.714610974646178 ], [ -2.447535422146048, 56.714616833460511 ], [ -2.447551103413378, 56.714622448792014 ], [ -2.447567484624712, 56.714627843146594 ], [ -2.44758439690584, 56.714633039030232 ], [ -2.447601671382483, 56.714638058948985 ], [ -2.447619139180291, 56.714642925408995 ], [ -2.447636631424873, 56.714647660916533 ], [ -2.447653979241791, 56.714652287977891 ], [ -2.44767101375656, 56.714656829099553 ], [ -2.447687566094669, 56.714661306787988 ], [ -2.447703467381562, 56.714665743549872 ], [ -2.447718548742654, 56.714670161891831 ], [ -2.447732641303317, 56.714674584320612 ], [ -2.447745576188875, 56.714679033343067 ], [ -2.447757184524605, 56.714683531466022 ], [ -2.44776729743572, 56.714688101196352 ], [ -2.447775746047359, 56.714692765040915 ], [ -2.447782361484578, 56.714697545506624 ], [ -2.447786974872331, 56.714702465100231 ], [ -2.44778941733545, 56.71470754632854 ], [ -2.447789526898497, 56.714712811360194 ], [ -2.447787335803687, 56.714718272849638 ], [ -2.447783092570659, 56.714723932856479 ], [ -2.447777057046923, 56.714729792885365 ], [ -2.447769489080106, 56.71473585444086 ], [ -2.447760648517932, 56.714742119027569 ], [ -2.447750795208269, 56.714748588150101 ], [ -2.447740188999118, 56.714755263313116 ], [ -2.447729089738639, 56.714762146021371 ], [ -2.447717757275159, 56.714769237779691 ], [ -2.447706451457193, 56.714776540092984 ], [ -2.447695432133449, 56.714784054466271 ], [ -2.447684959152853, 56.714791782404639 ], [ -2.447675292364559, 56.714799725413258 ], [ -2.447666691598389, 56.714807884994983 ], [ -2.447659356791381, 56.714816255228442 ], [ -2.44765329573735, 56.714824806374573 ], [ -2.447648477777026, 56.714833503927757 ], [ -2.44764487225116, 56.714842313382235 ], [ -2.447643812233797, 56.714846200010051 ] ] ], [ [ [ -2.447453408346609, 56.714543534106312 ], [ -2.447451207628426, 56.714540181543384 ], [ -2.447446318071453, 56.714531820753884 ], [ -2.447441942030559, 56.714523382049897 ], [ -2.447438050501904, 56.714514873109195 ], [ -2.447434614481667, 56.714506301609546 ], [ -2.447431604966046, 56.714497675228692 ], [ -2.447428992951256, 56.714489001644402 ], [ -2.447426749433542, 56.714480288534403 ], [ -2.447424845409163, 56.71447154357643 ], [ -2.447423251874402, 56.714462774448201 ], [ -2.447421939825572, 56.714453988827486 ], [ -2.447420880259005, 56.714445194391949 ], [ -2.44742004417106, 56.714436398819338 ], [ -2.44741940255813, 56.714427609787386 ], [ -2.447418926416619, 56.714418834973777 ], [ -2.447418586742974, 56.714410082056254 ], [ -2.447418354533657, 56.714401358712514 ], [ -2.44741820078517, 56.714392672620285 ], [ -2.447418096494029, 56.714384031457264 ], [ -2.447418014026749, 56.714375442285288 ], [ -2.447417942966938, 56.714366904425923 ], [ -2.44741788465152, 56.714358411916912 ], [ -2.447417840644464, 56.714349958693816 ], [ -2.447417812509742, 56.714341538692281 ], [ -2.447417801811317, 56.714333145847931 ], [ -2.447417810113157, 56.714324774096369 ], [ -2.447417838979229, 56.714316417373198 ], [ -2.447417889973495, 56.714308069614077 ], [ -2.447417964659917, 56.714299724754618 ], [ -2.447418064602456, 56.714291376730372 ], [ -2.447418191365072, 56.714283019477058 ], [ -2.447418346511721, 56.714274646930207 ], [ -2.447418531606362, 56.714266253025478 ], [ -2.447418748212948, 56.714257831698482 ], [ -2.447418997895433, 56.714249376884837 ], [ -2.447419282217767, 56.714240882520166 ], [ -2.447419602743904, 56.714232342540051 ], [ -2.447419961037787, 56.714223750880166 ], [ -2.447420358663362, 56.7142151014761 ], [ -2.44742079718618, 56.71420638826546 ], [ -2.447421280246878, 56.71419760780519 ], [ -2.447421817635008, 56.714188764413521 ], [ -2.447422420273702, 56.714179863839497 ], [ -2.447423099086084, 56.714170911832298 ], [ -2.447423864995259, 56.714161914140959 ], [ -2.447424728924332, 56.714152876514589 ], [ -2.447425701796384, 56.714143804702275 ], [ -2.447426794534502, 56.714134704453109 ], [ -2.447428018061748, 56.714125581516193 ], [ -2.44742938330118, 56.71411644164062 ], [ -2.447430901175846, 56.714107290575463 ], [ -2.447432582608782, 56.714098134069829 ], [ -2.447434438523016, 56.714088977872791 ], [ -2.447436479841566, 56.714079827733457 ], [ -2.447438717487441, 56.714070689400884 ], [ -2.447441162383636, 56.714061568624189 ], [ -2.447443825453145, 56.714052471152414 ], [ -2.447446717618951, 56.714043402734674 ], [ -2.447449849804027, 56.714034369120021 ], [ -2.44745323293134, 56.714025376057556 ], [ -2.447456877923852, 56.714016429296336 ], [ -2.447460795704516, 56.714007534585427 ], [ -2.44746499719628, 56.713998697673887 ], [ -2.447469493322087, 56.713989924310816 ], [ -2.447474295004874, 56.71398122024523 ], [ -2.447479413167578, 56.713972591226224 ], [ -2.447484858733129, 56.713964043002846 ], [ -2.447490642624453, 56.713955581324093 ], [ -2.447496775764479, 56.713947211939079 ], [ -2.447503267890308, 56.713938940332532 ], [ -2.447504732560838, 56.71393718814474 ], [ -2.447501801728874, 56.713943572037088 ], [ -2.447498409943802, 56.713952108606584 ], [ -2.44749542870242, 56.713960798383084 ], [ -2.447492817406836, 56.713969628607252 ], [ -2.447490535459128, 56.713978586519701 ], [ -2.447488542261353, 56.713987659361095 ], [ -2.447486797215531, 56.71399683437204 ], [ -2.44748525972365, 56.714006098793192 ], [ -2.447483889187665, 56.71401543986515 ], [ -2.447482645009492, 56.71402484482855 ], [ -2.447481486591013, 56.71403430092402 ], [ -2.44748037333407, 56.714043795392143 ], [ -2.447479264640466, 56.714053315473578 ], [ -2.447478119911966, 56.714062848408915 ], [ -2.44747689855029, 56.714072381438775 ], [ -2.447475559957124, 56.714081901803773 ], [ -2.447474063534111, 56.714091396744514 ], [ -2.44747236868286, 56.714100853501613 ], [ -2.447470434804936, 56.714110259315689 ], [ -2.447468221301876, 56.714119601427313 ], [ -2.447465693860285, 56.714128867974452 ], [ -2.447462874539338, 56.714138055143593 ], [ -2.447459815147037, 56.714147163368608 ], [ -2.447456567759713, 56.71415619312161 ], [ -2.447453184453743, 56.714165144874812 ], [ -2.447449717305556, 56.714174019100362 ], [ -2.447446218391638, 56.714182816270394 ], [ -2.447442739788515, 56.714191536857143 ], [ -2.44743933357277, 56.714200181332764 ], [ -2.447436051821026, 56.714208750169426 ], [ -2.447432946609954, 56.71421724383935 ], [ -2.447430070016271, 56.714225662814741 ], [ -2.447427474116742, 56.714234007567775 ], [ -2.447425210988165, 56.714242278570659 ], [ -2.447423332707389, 56.714250476295618 ], [ -2.447421891351298, 56.714258601214844 ], [ -2.447420938996822, 56.714266653800543 ], [ -2.447420527720926, 56.714274634524912 ], [ -2.447420709600613, 56.714282543860129 ], [ -2.447421536712925, 56.714290382278435 ], [ -2.447423040243306, 56.714298152216699 ], [ -2.447425164949195, 56.714305864239961 ], [ -2.447427833241272, 56.714313531014859 ], [ -2.44743096753013, 56.714321165208013 ], [ -2.447434490226291, 56.714328779486046 ], [ -2.447438323740222, 56.714336386515591 ], [ -2.447442390482331, 56.714343998963265 ], [ -2.447446612862973, 56.714351629495724 ], [ -2.44745091329244, 56.714359290779633 ], [ -2.447455214180966, 56.714366995481647 ], [ -2.447459437938737, 56.714374756268434 ], [ -2.447463506975871, 56.714382585806703 ], [ -2.447467343702426, 56.71439049676313 ], [ -2.447470870528405, 56.714398501804432 ], [ -2.447474009863738, 56.714406613597312 ], [ -2.44747668411829, 56.714414844808488 ], [ -2.447478815701853, 56.714423208104655 ], [ -2.447480327024141, 56.714431716152568 ], [ -2.44748114049479, 56.714440381618935 ], [ -2.447481178523343, 56.714449217170433 ], [ -2.447480363519257, 56.714458235473785 ], [ -2.447478617891886, 56.714467449195638 ], [ -2.447475898740461, 56.714476864419318 ], [ -2.447472414874365, 56.714486439459733 ], [ -2.447468486118507, 56.714496111563776 ], [ -2.447464432784311, 56.714505817886113 ], [ -2.447460575183558, 56.714515495581487 ], [ -2.447457233628382, 56.714525081804602 ], [ -2.447454728431266, 56.714534513710269 ], [ -2.447453408346609, 56.714543534106312 ] ] ], [ [ [ -2.447573785352697, 56.713865712117965 ], [ -2.447579226174559, 56.713860391009831 ], [ -2.447586890273342, 56.713852794939108 ], [ -2.447594378300769, 56.713845217191071 ], [ -2.447601643135903, 56.713837650580054 ], [ -2.447608637657846, 56.713830087920293 ], [ -2.447615314745733, 56.713822522026092 ], [ -2.447621627278724, 56.713814945711768 ], [ -2.447627528136019, 56.713807351791637 ], [ -2.447632970196852, 56.713799733079988 ], [ -2.44763790634049, 56.713792082391173 ], [ -2.44764228944624, 56.71378439253948 ], [ -2.447646072393445, 56.71377665633927 ], [ -2.447649210483784, 56.713768866839182 ], [ -2.447651704912103, 56.713761021528121 ], [ -2.44765359789489, 56.713753121863768 ], [ -2.447654933092767, 56.713745169443584 ], [ -2.447655754166318, 56.713737165864991 ], [ -2.447656104776095, 56.713729112725431 ], [ -2.447656028582617, 56.71372101162229 ], [ -2.44765556924637, 56.713712864152988 ], [ -2.447654770427806, 56.713704671914932 ], [ -2.447653675787334, 56.713696436505536 ], [ -2.447652328985337, 56.713688159522192 ], [ -2.447650773682156, 56.713679842562307 ], [ -2.447649053538093, 56.71367148722328 ], [ -2.447647212213416, 56.71366309510254 ], [ -2.447645293368349, 56.713654667797485 ], [ -2.447643340663083, 56.713646206905501 ], [ -2.447641397757767, 56.713637714024046 ], [ -2.44763950831251, 56.71362919075051 ], [ -2.447637715987383, 56.713620638682315 ], [ -2.447636064442411, 56.713612059416903 ], [ -2.447634597337585, 56.713603454551674 ], [ -2.447633358332852, 56.713594825684076 ], [ -2.447632606547385, 56.713588138532572 ], [ -2.44763669654106, 56.713595498010591 ], [ -2.447642875113277, 56.713603469424967 ], [ -2.447650500889195, 56.713611255782311 ], [ -2.447659342294827, 56.713618884698263 ], [ -2.447669167755982, 56.71362638378848 ], [ -2.447679745698295, 56.713633780668651 ], [ -2.447690844547235, 56.71364110295459 ], [ -2.447702232728115, 56.713648378262128 ], [ -2.447713678666098, 56.713655634207178 ], [ -2.447724950786202, 56.713662898405772 ], [ -2.447735817513298, 56.713670198473977 ], [ -2.447746047272116, 56.713677562027989 ], [ -2.447755408487217, 56.713685016684039 ], [ -2.447763669583009, 56.713692590058415 ], [ -2.447770598983708, 56.713700309767475 ], [ -2.447775969412567, 56.713708202134001 ], [ -2.447779682931784, 56.713716254566023 ], [ -2.447781790536323, 56.713724409661403 ], [ -2.447782351463585, 56.713732607538077 ], [ -2.447781424951003, 56.713740788313842 ], [ -2.447779070236062, 56.713748892106508 ], [ -2.447775346556333, 56.713756859033786 ], [ -2.447770313149481, 56.713764629213379 ], [ -2.447764029253288, 56.713772142762977 ], [ -2.447756554105673, 56.713779339800169 ], [ -2.447747949896212, 56.71378616493233 ], [ -2.447738317313417, 56.713792621329844 ], [ -2.447727784028671, 56.713798753208323 ], [ -2.447716478270133, 56.713804605630266 ], [ -2.44770452826602, 56.713810223658186 ], [ -2.447692062244605, 56.713815652354604 ], [ -2.447679208434188, 56.71382093678212 ], [ -2.447666095063094, 56.713826122003375 ], [ -2.447652850359663, 56.713831253081054 ], [ -2.447639602552239, 56.713836375077904 ], [ -2.447626479869177, 56.713841533056694 ], [ -2.44761361053884, 56.713846772080295 ], [ -2.447601122789605, 56.713852137211617 ], [ -2.447589144849864, 56.713857673513587 ], [ -2.447577804948043, 56.713863426049215 ], [ -2.447573785352697, 56.713865712117965 ] ] ], [ [ [ -2.447631852261188, 56.713534064818546 ], [ -2.447631864685955, 56.713533844711144 ], [ -2.447632568534489, 56.713525060591103 ], [ -2.44763347111949, 56.713516260820278 ], [ -2.447634562250498, 56.71350744622778 ], [ -2.447635831737057, 56.713498617642742 ], [ -2.44763726938872, 56.713489775894246 ], [ -2.447638865015056, 56.713480921811403 ], [ -2.447640608425635, 56.71347205622331 ], [ -2.447642489430042, 56.713463179959071 ], [ -2.44764449783787, 56.713454293847811 ], [ -2.44764662345872, 56.713445398718619 ], [ -2.447648856102206, 56.713436495400636 ], [ -2.447651185577949, 56.713427584722915 ], [ -2.447653601695578, 56.713418667514595 ], [ -2.447656094264737, 56.713409744604796 ], [ -2.447658653095078, 56.713400816822592 ], [ -2.44766126799626, 56.713391884997122 ], [ -2.447663928777953, 56.713382949957492 ], [ -2.447666625249841, 56.71337401253281 ], [ -2.44766934722161, 56.713365073552161 ], [ -2.447672084502967, 56.713356133844698 ], [ -2.447674826903616, 56.713347194239518 ], [ -2.44767756423328, 56.713338255565731 ], [ -2.447680286301691, 56.713329318652455 ], [ -2.447682983245362, 56.713320384294427 ], [ -2.447685650140996, 56.713311452766654 ], [ -2.44768828589433, 56.713302523941302 ], [ -2.447690889511117, 56.71329359768 ], [ -2.447693459997106, 56.713284673844392 ], [ -2.447695996358059, 56.71327575229612 ], [ -2.447698497599723, 56.713266832896842 ], [ -2.447700962727859, 56.713257915508159 ], [ -2.447703390748222, 56.713248999991748 ], [ -2.447705780666573, 56.713240086209247 ], [ -2.447708131488665, 56.713231174022297 ], [ -2.447710442220258, 56.713222263292508 ], [ -2.447712711867117, 56.713213353881571 ], [ -2.447714939434998, 56.713204445651094 ], [ -2.447717123929668, 56.71319553846272 ], [ -2.447719264356888, 56.713186632178093 ], [ -2.44772135972242, 56.713177726658884 ], [ -2.447723409032033, 56.713168821766686 ], [ -2.447725411291488, 56.713159917363171 ], [ -2.447727365506556, 56.713151013309982 ], [ -2.447729270683003, 56.713142109468748 ], [ -2.447731125826594, 56.713133205701119 ], [ -2.447732929943105, 56.713124301868724 ], [ -2.4477346820383, 56.713115397833228 ], [ -2.447736381117956, 56.713106493456237 ], [ -2.447738026187842, 56.713097588599453 ], [ -2.44773961625373, 56.713088683124433 ], [ -2.447741150321399, 56.713079776892883 ], [ -2.447742627396619, 56.713070869766426 ], [ -2.447744046485166, 56.713061961606712 ], [ -2.447745406592821, 56.713053052275363 ], [ -2.447746706725357, 56.713044141634036 ], [ -2.447747945888555, 56.713035229544374 ], [ -2.447749123088195, 56.713026315867992 ], [ -2.447750237330057, 56.713017400466562 ], [ -2.447751287619922, 56.713008483201726 ], [ -2.447752272963572, 56.712999563935085 ], [ -2.447753192366791, 56.712990642528332 ], [ -2.447754044835367, 56.712981718843075 ], [ -2.447754829375079, 56.71297279274097 ], [ -2.447755544991717, 56.712963864083648 ], [ -2.447756190691068, 56.71295493273275 ], [ -2.447756765478919, 56.712945998549941 ], [ -2.447757268361061, 56.712937061396815 ], [ -2.447757698343282, 56.71292812113505 ], [ -2.447758054431373, 56.712919177626276 ], [ -2.447758335631129, 56.712910230732128 ], [ -2.447758540948342, 56.712901280314249 ], [ -2.447758669388804, 56.712892326234282 ], [ -2.447758719958312, 56.712883368353864 ], [ -2.44775869166266, 56.712874406534645 ], [ -2.447758583507649, 56.71286544063824 ], [ -2.447758394499072, 56.712856470526319 ], [ -2.447758123642731, 56.712847496060476 ], [ -2.447757769944428, 56.712838517102412 ], [ -2.447757332409957, 56.712829533513712 ], [ -2.447756810045129, 56.712820545156035 ], [ -2.447756201855741, 56.712811551891043 ], [ -2.447755506847599, 56.712802553580332 ], [ -2.447754724026508, 56.712793550085557 ], [ -2.447753852398274, 56.712784541268363 ], [ -2.447743232760688, 56.712689436065773 ], [ -2.447761604646298, 56.712703089196793 ], [ -2.447763062432888, 56.712711303171851 ], [ -2.447764442368487, 56.712719559683741 ], [ -2.447765744977479, 56.712727857660717 ], [ -2.447766970784256, 56.712736196031024 ], [ -2.447768120313209, 56.712744573722865 ], [ -2.447769194088726, 56.712752989664523 ], [ -2.447770192635194, 56.71276144278422 ], [ -2.447771116477005, 56.712769932010197 ], [ -2.447771966138549, 56.712778456270691 ], [ -2.44777274214421, 56.712787014493955 ], [ -2.447773445018383, 56.712795605608214 ], [ -2.447774075285452, 56.712804228541707 ], [ -2.447774633469806, 56.712812882222686 ], [ -2.447775120095839, 56.712821565579368 ], [ -2.447775535687934, 56.712830277540029 ], [ -2.447775880770483, 56.712839017032863 ], [ -2.447776155867874, 56.712847782986138 ], [ -2.4477763615045, 56.712856574328086 ], [ -2.447776498204747, 56.712865389986931 ], [ -2.447776566493004, 56.712874228890939 ], [ -2.447776566893664, 56.712883089968336 ], [ -2.447776499931118, 56.712891972147339 ], [ -2.447776366129752, 56.712900874356222 ], [ -2.447776166013961, 56.712909795523188 ], [ -2.447775900108135, 56.712918734576505 ], [ -2.447775568936663, 56.712927690444388 ], [ -2.447775173023941, 56.712936662055078 ], [ -2.447774712894356, 56.712945648336827 ], [ -2.447774189072306, 56.712954648217867 ], [ -2.447773602082182, 56.712963660626428 ], [ -2.447772952448378, 56.712972684490751 ], [ -2.447772240695286, 56.71298171873908 ], [ -2.4477714673473, 56.712990762299633 ], [ -2.447770632928817, 56.712999814100648 ], [ -2.447769737964231, 56.713008873070386 ], [ -2.447768782977938, 56.713017938137078 ], [ -2.447767768494336, 56.713027008228934 ], [ -2.447766695037821, 56.713036082274215 ], [ -2.44776556313279, 56.713045159201158 ], [ -2.447764373303641, 56.713054237937996 ], [ -2.447763126074775, 56.713063317412967 ], [ -2.44776182197059, 56.713072396554281 ], [ -2.447760461515485, 56.71308147429022 ], [ -2.447759045233862, 56.713090549548973 ], [ -2.447757573650121, 56.713099621258827 ], [ -2.447756047288666, 56.713108688347994 ], [ -2.447754466673901, 56.71311774974469 ], [ -2.447752832330225, 56.713126804377175 ], [ -2.447751144782046, 56.713135851173675 ], [ -2.447749404553768, 56.713144889062434 ], [ -2.447747612169797, 56.713153916971685 ], [ -2.447745768154538, 56.713162933829679 ], [ -2.447743873032402, 56.713171938564614 ], [ -2.447741927327793, 56.713180930104755 ], [ -2.447739931565126, 56.713189907378329 ], [ -2.447737886268802, 56.713198869313587 ], [ -2.447735791963238, 56.713207814838739 ], [ -2.447733649172848, 56.71321674288204 ], [ -2.447731458422036, 56.713225652371712 ], [ -2.447729220235224, 56.713234542236002 ], [ -2.447726935148033, 56.71324341150239 ], [ -2.447724603866001, 56.713252260701857 ], [ -2.447722227226556, 56.713261091532537 ], [ -2.447719806070578, 56.713269905723124 ], [ -2.447717341238947, 56.713278705002338 ], [ -2.44771483357255, 56.71328749109886 ], [ -2.447712283912267, 56.713296265741391 ], [ -2.44770969309898, 56.713305030658653 ], [ -2.447707061973575, 56.713313787579324 ], [ -2.447704391376936, 56.71332253823212 ], [ -2.447701682149948, 56.713331284345749 ], [ -2.447698935133495, 56.71334002764889 ], [ -2.447696151168462, 56.713348769870265 ], [ -2.447693331095734, 56.713357512738561 ], [ -2.447690475756199, 56.713366257982507 ], [ -2.447687585990741, 56.713375007330775 ], [ -2.447684662640247, 56.71338376251208 ], [ -2.447681706545603, 56.713392525255117 ], [ -2.447678718547698, 56.713401297288605 ], [ -2.447675699487414, 56.713410080341234 ], [ -2.447672650205641, 56.713418876141695 ], [ -2.447669571543266, 56.713427686418704 ], [ -2.447666464341179, 56.713436512900955 ], [ -2.447663329440262, 56.713445357317177 ], [ -2.447660167681405, 56.713454221396049 ], [ -2.447656979905499, 56.713463106866257 ], [ -2.447653766953428, 56.713472015456531 ], [ -2.447650529666082, 56.713480948895572 ], [ -2.447647268884346, 56.713489908912074 ], [ -2.447643985449116, 56.713498897234736 ], [ -2.447640680371034, 56.713507915566133 ], [ -2.447637400967157, 56.713516958476781 ], [ -2.447634303465438, 56.713526003763022 ], [ -2.447631852261188, 56.713534064818546 ] ] ], [ [ [ -2.447962385103506, 56.71756322513815 ], [ -2.447963496754489, 56.717563927273893 ], [ -2.447974880863018, 56.71757102910238 ], [ -2.447986169808876, 56.717578112505684 ], [ -2.447997190001739, 56.717585198072818 ], [ -2.448007767851176, 56.717592306392845 ], [ -2.448017729766656, 56.717599458054941 ], [ -2.448026902157531, 56.717606673648241 ], [ -2.448035111433036, 56.717613973761971 ], [ -2.448042184002276, 56.717621378985399 ], [ -2.448047946274227, 56.717628909907738 ], [ -2.448052224945586, 56.717636587086169 ], [ -2.448054931204179, 56.717644421661589 ], [ -2.448056177829625, 56.717652402308204 ], [ -2.448056107028001, 56.717660514420679 ], [ -2.448054861005473, 56.717668743393688 ], [ -2.448052581968311, 56.717677074621811 ], [ -2.448049412122893, 56.717685493499644 ], [ -2.448045493675719, 56.717693985421803 ], [ -2.448040968833401, 56.717702535782855 ], [ -2.448035979802692, 56.717711129977424 ], [ -2.448030668790464, 56.717719753400104 ], [ -2.448025178003737, 56.717728391445547 ], [ -2.448019643568795, 56.717737030135716 ], [ -2.448014122177877, 56.717745663686919 ], [ -2.44800861479253, 56.717754292064541 ], [ -2.448003121221574, 56.717762915352885 ], [ -2.447997641273826, 56.717771533636274 ], [ -2.447992174758099, 56.717780146999026 ], [ -2.447986721483213, 56.717788755525447 ], [ -2.44798128125798, 56.717797359299858 ], [ -2.44797585389122, 56.717805958406565 ], [ -2.447970439191744, 56.71781455292988 ], [ -2.447965036968371, 56.717823142954117 ], [ -2.447959647029914, 56.717831728563588 ], [ -2.447954269185189, 56.717840309842607 ], [ -2.44794890324301, 56.717848886875487 ], [ -2.447943549012192, 56.717857459746526 ], [ -2.447938206301548, 56.717866028540058 ], [ -2.447932874919893, 56.71787459334039 ], [ -2.447927554676038, 56.717883154231814 ], [ -2.447922245378801, 56.717891711298684 ], [ -2.447916946836992, 56.717900264625278 ], [ -2.447911658859423, 56.717908814295917 ], [ -2.447906381254911, 56.717917360394921 ], [ -2.447901113832264, 56.717925903006567 ], [ -2.447895856400298, 56.717934442215224 ], [ -2.447890608767823, 56.717942978105157 ], [ -2.447885370743653, 56.717951510760706 ], [ -2.447880142136596, 56.717960040266163 ], [ -2.447874922755465, 56.717968566705864 ], [ -2.447869712409074, 56.717977090164091 ], [ -2.44786451090623, 56.717985610725187 ], [ -2.447859318055746, 56.717994128473435 ], [ -2.447854133666432, 56.718002643493172 ], [ -2.447848957547099, 56.718011155868702 ], [ -2.447843789506555, 56.718019665684324 ], [ -2.447838629353613, 56.718028173024351 ], [ -2.447833476897078, 56.718036677973096 ], [ -2.447828331945767, 56.718045180614901 ], [ -2.447823194308482, 56.718053681034043 ], [ -2.447818063794035, 56.718062179314835 ], [ -2.447812940211235, 56.718070675541611 ], [ -2.447807823368891, 56.718079169798656 ], [ -2.447802713075808, 56.718087662170319 ], [ -2.447797609140799, 56.718096152740863 ], [ -2.447792511372669, 56.718104641594628 ], [ -2.447787419580227, 56.718113128815922 ], [ -2.447782333572277, 56.71812161448905 ], [ -2.447777253157631, 56.718130098698332 ], [ -2.447772178145093, 56.718138581528073 ], [ -2.447767108343474, 56.718147063062588 ], [ -2.447762043561574, 56.718155543386203 ], [ -2.447756983608204, 56.718164022583196 ], [ -2.44775192829217, 56.718172500737893 ], [ -2.447746877422277, 56.718180977934601 ], [ -2.447741830807331, 56.718189454257647 ], [ -2.447736788256137, 56.718197929791323 ], [ -2.447731749577501, 56.718206404619956 ], [ -2.447726714580228, 56.718214878827844 ], [ -2.447721683073122, 56.718223352499315 ], [ -2.447716654864989, 56.718231825718668 ], [ -2.447711629764634, 56.718240298570208 ], [ -2.447706607580861, 56.718248771138256 ], [ -2.447701588122471, 56.718257243507118 ], [ -2.447696571198271, 56.718265715761106 ], [ -2.447691556617063, 56.718274187984527 ], [ -2.447686544187653, 56.7182826602617 ], [ -2.447681533718842, 56.718291132676931 ], [ -2.447676525019433, 56.718299605314527 ], [ -2.447671517898229, 56.718308078258801 ], [ -2.447666512164032, 56.718316551594057 ], [ -2.447661507625646, 56.718325025404624 ], [ -2.447656504091873, 56.718333499774808 ], [ -2.447651501371513, 56.718341974788906 ], [ -2.447646499273367, 56.718350450531233 ], [ -2.447641497606239, 56.718358927086101 ], [ -2.447636496178931, 56.71836740453783 ], [ -2.447631494800242, 56.718375882970705 ], [ -2.447626493278972, 56.718384362469067 ], [ -2.447621491423925, 56.718392843117201 ], [ -2.447616489057792, 56.718401324997991 ], [ -2.447611486278725, 56.718409808165731 ], [ -2.447606483437828, 56.718418292648444 ], [ -2.447601480895593, 56.718426778473187 ], [ -2.447596479012514, 56.718435265667068 ], [ -2.447591478149081, 56.718443754257116 ], [ -2.447586478665786, 56.718452244270424 ], [ -2.447581480923126, 56.718460735734048 ], [ -2.447576485281593, 56.718469228675055 ], [ -2.447571492101679, 56.718477723120515 ], [ -2.44756650174388, 56.7184862190975 ], [ -2.447561514568689, 56.718494716633074 ], [ -2.447556530936605, 56.718503215754289 ], [ -2.447551551208116, 56.718511716488237 ], [ -2.447546575743722, 56.718520218861997 ], [ -2.447541604903917, 56.718528722902597 ], [ -2.4475366390492, 56.718537228637139 ], [ -2.447531678540064, 56.718545736092679 ], [ -2.447526723737007, 56.718554245296275 ], [ -2.447521775000527, 56.718562756274999 ], [ -2.447516832691118, 56.718571269055936 ], [ -2.447511897169277, 56.718579783666137 ], [ -2.447506968795507, 56.718588300132687 ], [ -2.447502047930302, 56.718596818482638 ], [ -2.447497134934165, 56.718605338743068 ], [ -2.447492230167588, 56.718613860941041 ], [ -2.447487333991075, 56.718622385103636 ], [ -2.447482446765123, 56.718630911257904 ], [ -2.447477568850231, 56.71863943943093 ], [ -2.447472700606904, 56.718647969649766 ], [ -2.447467842395639, 56.718656501941496 ], [ -2.447462994576937, 56.718665036333185 ], [ -2.447458157511295, 56.718673572851898 ], [ -2.44745333155922, 56.718682111524728 ], [ -2.447448517081213, 56.718690652378704 ], [ -2.447443714437774, 56.718699195440919 ], [ -2.447438923989402, 56.718707740738445 ], [ -2.447434146096606, 56.718716288298332 ], [ -2.447429381119886, 56.718724838147672 ], [ -2.447424629419745, 56.718733390313531 ], [ -2.447419891356685, 56.718741944822966 ], [ -2.447415167291213, 56.718750501703042 ], [ -2.447410457583831, 56.718759060980844 ], [ -2.447405762595045, 56.718767622683444 ], [ -2.447401082685359, 56.7187761868379 ], [ -2.447396418215276, 56.718784753471283 ], [ -2.447391769545303, 56.718793322610665 ], [ -2.447387137035946, 56.718801894283132 ], [ -2.447382521047712, 56.718810468515727 ], [ -2.447377921941104, 56.718819045335529 ], [ -2.447373340076632, 56.718827624769624 ], [ -2.447368775814803, 56.718836206845054 ], [ -2.44736422951612, 56.718844791588928 ], [ -2.447359701541097, 56.718853379028268 ], [ -2.447355192250235, 56.718861969190193 ], [ -2.447350702004048, 56.718870562101721 ], [ -2.447346231163043, 56.718879157789971 ], [ -2.447341780087726, 56.718887756281987 ], [ -2.447337349138609, 56.718896357604841 ], [ -2.447332938676201, 56.718904961785611 ], [ -2.447328549061013, 56.718913568851363 ], [ -2.447324180653554, 56.71892217882916 ], [ -2.447319833814332, 56.718930791746089 ], [ -2.447315508903863, 56.718939407629222 ], [ -2.447311206282653, 56.718948026505615 ], [ -2.447306926311216, 56.718956648402333 ], [ -2.447302669350066, 56.71896527334647 ], [ -2.447298435759711, 56.718973901365096 ], [ -2.447294225900665, 56.718982532485235 ], [ -2.447290040133443, 56.718991166734014 ], [ -2.447285878809778, 56.718999804137752 ], [ -2.447281742158901, 56.719008444712458 ], [ -2.447277630320058, 56.719017088466607 ], [ -2.44727354343041, 56.719025735408465 ], [ -2.447269481627119, 56.71903438554633 ], [ -2.447265445047354, 56.719043038888458 ], [ -2.447261433828275, 56.719051695443177 ], [ -2.447257448107051, 56.719060355218723 ], [ -2.447253488020845, 56.719069018223401 ], [ -2.447249553706821, 56.719077684465496 ], [ -2.447245645302145, 56.719086353953266 ], [ -2.447241762943982, 56.719095026695015 ], [ -2.447237906769496, 56.71910370269903 ], [ -2.447234076915853, 56.719112381973567 ], [ -2.44723027352022, 56.719121064526931 ], [ -2.447226496719762, 56.719129750367379 ], [ -2.447222746651645, 56.719138439503233 ], [ -2.447219023453033, 56.719147131942741 ], [ -2.447215327261095, 56.719155827694188 ], [ -2.447211658212995, 56.719164526765866 ], [ -2.4472080164459, 56.719173229166067 ], [ -2.447204402096977, 56.719181934903048 ], [ -2.447200815303392, 56.719190643985101 ], [ -2.447197256202315, 56.719199356420518 ], [ -2.447193724930907, 56.719208072217576 ], [ -2.447190221626338, 56.71921679138454 ], [ -2.447186746425776, 56.719225513929722 ], [ -2.447183299466387, 56.719234239861372 ], [ -2.447179880885339, 56.719242969187817 ], [ -2.4471764908198, 56.719251701917266 ], [ -2.447173129406938, 56.719260438058072 ], [ -2.44716979678392, 56.719269177618479 ], [ -2.447166493087913, 56.719277920606778 ], [ -2.447163218456088, 56.71928666703127 ], [ -2.447159973025612, 56.719295416900209 ], [ -2.447156756933651, 56.719304170221882 ], [ -2.447153570317378, 56.719312927004587 ], [ -2.447150413313957, 56.719321687256574 ], [ -2.447147286060563, 56.719330450986156 ], [ -2.447144188694358, 56.719339218201604 ], [ -2.447141121352515, 56.719347988911217 ], [ -2.447138084172202, 56.719356763123237 ], [ -2.447135077290591, 56.719365540845978 ], [ -2.447132100844849, 56.719374322087717 ], [ -2.447129154972146, 56.719383106856732 ], [ -2.447126239809653, 56.719391895161294 ], [ -2.44712335549454, 56.719400687009703 ], [ -2.447120502163973, 56.719409482410235 ], [ -2.447117679955126, 56.719418281371169 ], [ -2.447114889005172, 56.71942708390079 ], [ -2.447112129451276, 56.719435890007375 ], [ -2.447109401430612, 56.71944469969921 ], [ -2.447106705080349, 56.719453512984572 ], [ -2.44710404053766, 56.719462329871739 ], [ -2.447101407939714, 56.719471150369017 ], [ -2.447098807423686, 56.719479974484656 ], [ -2.447096239126741, 56.719488802226955 ], [ -2.447093703186057, 56.719497633604185 ], [ -2.447091199738803, 56.719506468624651 ], [ -2.447088728922148, 56.719515307296611 ], [ -2.447086290873269, 56.719524149628356 ], [ -2.447083885729334, 56.719532995628171 ], [ -2.44708151362752, 56.719541845304327 ], [ -2.447079174704994, 56.71955069866511 ], [ -2.447076869098931, 56.719559555718803 ], [ -2.447074596946504, 56.719568416473699 ], [ -2.447072358384885, 56.719577280938068 ], [ -2.44707015355125, 56.719586149120168 ], [ -2.447067982582768, 56.719595021028333 ], [ -2.447065845616614, 56.719603896670797 ], [ -2.447063742396125, 56.719612775998442 ], [ -2.447061670960756, 56.719621658713585 ], [ -2.447059628889281, 56.719630544451434 ], [ -2.447057613760461, 56.71963943284716 ], [ -2.447055623153056, 56.719648323535907 ], [ -2.447053654645824, 56.719657216152854 ], [ -2.447051705817517, 56.7196661103332 ], [ -2.447049774246894, 56.719675005712084 ], [ -2.447047857512701, 56.719683901924697 ], [ -2.447045953193692, 56.719692798606182 ], [ -2.44704405886861, 56.719701695391734 ], [ -2.447042172116198, 56.719710591916524 ], [ -2.447040290515204, 56.719719487815702 ], [ -2.447038411644363, 56.719728382724462 ], [ -2.447036533082415, 56.719737276277939 ], [ -2.447034652408096, 56.71974616811135 ], [ -2.447032767200139, 56.719755057859821 ], [ -2.447030875037276, 56.719763945158554 ], [ -2.447028973498235, 56.719772829642686 ], [ -2.447027060161746, 56.719781710947416 ], [ -2.447025132606528, 56.719790588707887 ], [ -2.44702318841131, 56.719799462559294 ], [ -2.44702122515481, 56.719808332136779 ], [ -2.447019240415744, 56.719817197075521 ], [ -2.447017231772831, 56.719826057010692 ], [ -2.447015196804787, 56.71983491157745 ], [ -2.447013133090316, 56.719843760410967 ], [ -2.447011038208135, 56.719852603146421 ], [ -2.44700890973695, 56.71986143941897 ], [ -2.447006745255464, 56.719870268863765 ], [ -2.447004542342384, 56.719879091116006 ], [ -2.447002298576407, 56.719887905810836 ], [ -2.447000011536235, 56.71989671258342 ], [ -2.446997678800564, 56.719905511068937 ], [ -2.446995297948089, 56.719914300902538 ], [ -2.446992866557502, 56.719923081719415 ], [ -2.446990382207493, 56.719931853154705 ], [ -2.446987842476755, 56.71994061484358 ], [ -2.446985244943971, 56.719949366421204 ], [ -2.446982587187823, 56.71995810752275 ], [ -2.446979866786999, 56.719966837783367 ], [ -2.446977081320177, 56.719975556838257 ], [ -2.446974228366035, 56.719984264322534 ], [ -2.44697130550325, 56.719992959871384 ], [ -2.446968310310496, 56.720001643119971 ], [ -2.446965240366445, 56.720010313703447 ], [ -2.446962093249772, 56.720018971256991 ], [ -2.44695886653914, 56.720027615415745 ], [ -2.44695555781322, 56.720036245814889 ], [ -2.446952164650674, 56.720044862089566 ], [ -2.446948684630167, 56.720053463874955 ], [ -2.446945115330359, 56.720062050806199 ], [ -2.446941454329909, 56.720070622518463 ], [ -2.446937699207475, 56.72007917864692 ], [ -2.446933847541714, 56.72008771882669 ], [ -2.446929896911276, 56.720096242692982 ], [ -2.446925844894819, 56.720104749880917 ], [ -2.446921689070988, 56.720113240025654 ], [ -2.446917427018436, 56.720121712762364 ], [ -2.446913056315804, 56.72013016772619 ], [ -2.446908574541743, 56.720138604552304 ], [ -2.446903979274894, 56.720147022875835 ], [ -2.446899268093899, 56.720155422331956 ], [ -2.4468944385774, 56.720163802555817 ], [ -2.446889488304033, 56.720172163182568 ], [ -2.446884414852437, 56.720180503847352 ], [ -2.446879215801248, 56.720188824185328 ], [ -2.446873888729098, 56.720197123831646 ], [ -2.446868431214619, 56.720205402421463 ], [ -2.446862841685293, 56.72021365973395 ], [ -2.44685712286365, 56.720221896277231 ], [ -2.446851278827508, 56.720230112789324 ], [ -2.446845313655197, 56.72023831000844 ], [ -2.446839231425056, 56.720246488672728 ], [ -2.446833036215422, 56.720254649520363 ], [ -2.446826732104639, 56.720262793289457 ], [ -2.446820323171055, 56.720270920718249 ], [ -2.446813813493017, 56.720279032544859 ], [ -2.446807207148884, 56.720287129507454 ], [ -2.446800508217005, 56.720295212344212 ], [ -2.446793720775742, 56.720303281793285 ], [ -2.446786848903459, 56.720311338592872 ], [ -2.446779896678521, 56.720319383481119 ], [ -2.446772868179296, 56.720327417196188 ], [ -2.446765767484155, 56.720335440476255 ], [ -2.446758598671476, 56.72034345405951 ], [ -2.446751365819634, 56.7203514586841 ], [ -2.446744073007009, 56.720359455088207 ], [ -2.446736724311987, 56.720367444010002 ], [ -2.446729323812954, 56.72037542618768 ], [ -2.446721875588298, 56.720383402359388 ], [ -2.446714383716412, 56.720391373263311 ], [ -2.446706852275691, 56.720399339637623 ], [ -2.446699285344534, 56.720407302220522 ], [ -2.446691687001343, 56.720415261750155 ], [ -2.446684061324519, 56.720423218964733 ], [ -2.446676412392472, 56.72043117460241 ], [ -2.44666874428361, 56.720439129401406 ], [ -2.446661061076342, 56.720447084099852 ], [ -2.446653366849088, 56.720455039435983 ], [ -2.446645665680263, 56.720462996147944 ], [ -2.44663796164829, 56.720470954973948 ], [ -2.446630258831591, 56.720478916652176 ], [ -2.446622561308594, 56.720486881920799 ], [ -2.446614873157725, 56.72049485151804 ], [ -2.446607198457419, 56.72050282618207 ], [ -2.446599541286112, 56.72051080665107 ], [ -2.446591905722238, 56.720518793663253 ], [ -2.44658429584424, 56.720526787956793 ], [ -2.44657671573056, 56.720534790269902 ], [ -2.446569169459646, 56.720542801340748 ], [ -2.446561661109949, 56.720550821907565 ], [ -2.446554194759915, 56.720558852708521 ], [ -2.446546774488004, 56.720566894481827 ], [ -2.446539404372675, 56.720574947965694 ], [ -2.446532088492384, 56.720583013898299 ], [ -2.4465248309256, 56.720591093017859 ], [ -2.446517635750786, 56.720599186062564 ], [ -2.446510507046415, 56.720607293770613 ], [ -2.446503448890959, 56.720615416880229 ], [ -2.446496465362897, 56.720623556129603 ], [ -2.446489560540705, 56.720631712256953 ], [ -2.446482738502866, 56.720639886000463 ], [ -2.446476003327867, 56.720648078098364 ], [ -2.446469359094196, 56.720656289288847 ], [ -2.446462809880346, 56.720664520310123 ], [ -2.446456359764811, 56.720672771900404 ], [ -2.446450012826095, 56.7206810447979 ], [ -2.446443773142692, 56.720689339740822 ], [ -2.446437644793116, 56.720697657467383 ], [ -2.446431631855869, 56.720705998715786 ], [ -2.446425738409471, 56.720714364224257 ], [ -2.446419968532434, 56.720722754730986 ], [ -2.44641432630328, 56.720731170974204 ], [ -2.446408815800531, 56.72073961369211 ], [ -2.446403441102714, 56.720748083622944 ], [ -2.446398206288363, 56.720756581504872 ], [ -2.44639311543601, 56.720765108076165 ], [ -2.446388172624196, 56.720773664074997 ], [ -2.446383381931465, 56.720782250239601 ], [ -2.446378747436359, 56.720790867308189 ], [ -2.446374272692713, 56.720799515781977 ], [ -2.4463699574528, 56.720808194445276 ], [ -2.446365799794508, 56.720816901326145 ], [ -2.44636179778844, 56.720825634449376 ], [ -2.446357949505192, 56.720834391839759 ], [ -2.446354253015362, 56.720843171522063 ], [ -2.44635070638955, 56.720851971521064 ], [ -2.446347307698355, 56.720860789861554 ], [ -2.446344055012372, 56.720869624568309 ], [ -2.446340946402198, 56.720878473666083 ], [ -2.446337979938427, 56.720887335179697 ], [ -2.446335153691658, 56.720896207133883 ], [ -2.446332465732484, 56.720905087553433 ], [ -2.446329914131493, 56.720913974463123 ], [ -2.446327496959279, 56.720922865887751 ], [ -2.446325212286434, 56.720931759852036 ], [ -2.446323058183547, 56.720940654380804 ], [ -2.446321032721201, 56.720949547498797 ], [ -2.446319133969989, 56.720958437230792 ], [ -2.446317360000493, 56.72096732160157 ], [ -2.446315708883295, 56.720976198635881 ], [ -2.446314178688977, 56.720985066358523 ], [ -2.446312767488122, 56.720993922794257 ], [ -2.446311473351304, 56.721002765967839 ], [ -2.446310294349105, 56.721011593904052 ], [ -2.446309228552093, 56.721020404627659 ], [ -2.446308274030845, 56.721029196163435 ], [ -2.446307428855932, 56.721037966536144 ], [ -2.446306691097922, 56.721046713770548 ], [ -2.446306058827382, 56.721055435891408 ], [ -2.446305530114879, 56.721064130923523 ], [ -2.446305102513449, 56.721072796913546 ], [ -2.446304761721877, 56.721081432410053 ], [ -2.446304481611731, 56.721090036462364 ], [ -2.446304235542438, 56.721098608141489 ], [ -2.4463039968734, 56.721107146518428 ], [ -2.446303738964003, 56.721115650664196 ], [ -2.446303435173598, 56.721124119649801 ], [ -2.446303058861519, 56.721132552546244 ], [ -2.446302583387075, 56.721140948424512 ], [ -2.446301982109554, 56.72114930635562 ], [ -2.44630122838822, 56.721157625410576 ], [ -2.446300295582314, 56.72116590466036 ], [ -2.446299157051056, 56.721174143175993 ], [ -2.446297786153644, 56.721182340028456 ], [ -2.446296156249252, 56.721190494288749 ], [ -2.44629424069704, 56.721198605027858 ], [ -2.446292012856141, 56.721206671316786 ], [ -2.446289446085669, 56.721214692226489 ], [ -2.446286513744719, 56.721222666827956 ], [ -2.446283189192368, 56.721230594192178 ], [ -2.44627944578767, 56.721238473390102 ], [ -2.446275256889665, 56.721246303492684 ], [ -2.446270597063104, 56.72125408369282 ], [ -2.446265475203762, 56.721261816655527 ], [ -2.446259938662005, 56.721269508934945 ], [ -2.446254036821993, 56.721277167290957 ], [ -2.446247819067936, 56.721284798483403 ], [ -2.44624133478407, 56.721292409272174 ], [ -2.446234633354677, 56.721300006417117 ], [ -2.446227764164066, 56.721307596678152 ], [ -2.446220776596582, 56.721315186815154 ], [ -2.446213720036612, 56.721322783588036 ], [ -2.446206643868567, 56.721330393756737 ], [ -2.4461995974769, 56.721338024081156 ], [ -2.446192630246093, 56.721345681321267 ], [ -2.44618579156067, 56.721353372236997 ], [ -2.446179130805184, 56.721361103588329 ], [ -2.446172697364231, 56.721368882135238 ], [ -2.446166540622438, 56.721376714637685 ], [ -2.44616070996447, 56.721384607855697 ], [ -2.446155254775041, 56.721392568549248 ], [ -2.446150224438897, 56.721400603478344 ], [ -2.446145668340828, 56.721408719403023 ], [ -2.446141635865676, 56.721416923083254 ], [ -2.446138176363867, 56.721425221273961 ], [ -2.446135305152817, 56.721433615677192 ], [ -2.446132939749622, 56.721442093474543 ], [ -2.446130980211567, 56.721450639255451 ], [ -2.446129326595861, 56.721459237609309 ], [ -2.446127878959627, 56.721467873125476 ], [ -2.446126537359906, 56.721476530393339 ], [ -2.446125201853645, 56.721485194002263 ], [ -2.446123772497703, 56.721493848541606 ], [ -2.446122149348855, 56.721502478600733 ], [ -2.446120232463782, 56.72151106876899 ], [ -2.446117921899087, 56.721519603635713 ], [ -2.446115140189976, 56.72152807129028 ], [ -2.446111898603777, 56.721536473637769 ], [ -2.446108230299098, 56.721544815991926 ], [ -2.446104168434579, 56.721553103666423 ], [ -2.446099746168888, 56.721561341974947 ], [ -2.446094996660732, 56.721569536231186 ], [ -2.446089953068834, 56.721577691748848 ], [ -2.446084648551953, 56.721585813841607 ], [ -2.446079116268871, 56.721593907823177 ], [ -2.4460733893784, 56.721601979007275 ], [ -2.446067501039369, 56.721610032707574 ], [ -2.446061484410646, 56.721618074237824 ], [ -2.446055372651111, 56.721626108911742 ], [ -2.446049198919677, 56.721634142043037 ], [ -2.446042996375282, 56.721642178945459 ], [ -2.446036798176877, 56.721650224932759 ], [ -2.446030637483454, 56.721658285318668 ], [ -2.446024547454016, 56.721666365416958 ], [ -2.446018561247602, 56.721674470541366 ], [ -2.446012712023268, 56.721682606005672 ], [ -2.4460070329401, 56.721690777123655 ], [ -2.446001555456657, 56.721698988928502 ], [ -2.445996288903705, 56.721707242802275 ], [ -2.445991227129686, 56.72171553757245 ], [ -2.445986363664955, 56.721723872014003 ], [ -2.445981692039867, 56.721732244901887 ], [ -2.445977205784772, 56.721740655011104 ], [ -2.44597289843002, 56.721749101116615 ], [ -2.445968763505948, 56.721757581993401 ], [ -2.445964794542898, 56.721766096416403 ], [ -2.4459609850712, 56.721774643160643 ], [ -2.445957328621184, 56.721783221001033 ], [ -2.445953818723176, 56.721791828712568 ], [ -2.445950448907494, 56.721800465070189 ], [ -2.445947212704454, 56.721809128848889 ], [ -2.445944103644365, 56.721817818823595 ], [ -2.445941115257531, 56.72182653376931 ], [ -2.445938241074253, 56.721835272460936 ], [ -2.44593547462483, 56.721844033673477 ], [ -2.445932809439544, 56.721852816181894 ], [ -2.445930239048681, 56.72186161876111 ], [ -2.445927756982527, 56.721870440186095 ], [ -2.445925356771346, 56.721879279231821 ], [ -2.445923031945414, 56.721888134673208 ], [ -2.445920776034987, 56.72189700528525 ], [ -2.445918582570328, 56.721905889842866 ], [ -2.445916445081684, 56.721914787121023 ], [ -2.445914357099302, 56.721923695894681 ], [ -2.445912312153423, 56.721932614938765 ], [ -2.445910303774279, 56.721941543028258 ], [ -2.4459083254921, 56.721950478938076 ], [ -2.44590637083711, 56.721959421443216 ], [ -2.445904433339524, 56.721968369318581 ], [ -2.445902506529555, 56.721977321339132 ], [ -2.445900583937406, 56.721986276279829 ], [ -2.445898659093277, 56.721995232915638 ], [ -2.445896725527364, 56.722004190021458 ], [ -2.445894776769853, 56.722013146372255 ], [ -2.445892806350924, 56.722022100742997 ], [ -2.445890807800756, 56.722031051908608 ], [ -2.445888774649521, 56.722039998644057 ], [ -2.445886700427375, 56.72204893972426 ], [ -2.445884578688292, 56.722057873928577 ], [ -2.445882405348833, 56.722066800473705 ], [ -2.445880180659005, 56.722075719378473 ], [ -2.445877905332858, 56.722084630747631 ], [ -2.445875580084436, 56.722093534685889 ], [ -2.445873205627791, 56.722102431297976 ], [ -2.445870782676968, 56.722111320688668 ], [ -2.445868311946022, 56.722120202962664 ], [ -2.445865794148999, 56.722129078224711 ], [ -2.445863229999955, 56.722137946579529 ], [ -2.445860620212939, 56.722146808131882 ], [ -2.445857965502004, 56.722155662986481 ], [ -2.445855266581205, 56.72216451124806 ], [ -2.445852524164594, 56.722173353021361 ], [ -2.445849738966227, 56.722182188411118 ], [ -2.445846911700158, 56.722191017522057 ], [ -2.445844043080444, 56.722199840458927 ], [ -2.445841133821143, 56.722208657326441 ], [ -2.445838184636309, 56.722217468229367 ], [ -2.445835196240005, 56.722226273272412 ], [ -2.445832169346287, 56.722235072560302 ], [ -2.445829104669215, 56.722243866197815 ], [ -2.445826002922848, 56.722252654289647 ], [ -2.445822864821248, 56.722261436940535 ], [ -2.445819691078476, 56.722270214255239 ], [ -2.445816482408592, 56.722278986338452 ], [ -2.445813239525663, 56.722287753294964 ], [ -2.44580996314375, 56.722296515229466 ], [ -2.445806653976916, 56.7223052722467 ], [ -2.445803312739228, 56.722314024451421 ], [ -2.445799940144749, 56.722322771948363 ], [ -2.445796536907548, 56.722331514842224 ], [ -2.445793103741688, 56.722340253237782 ], [ -2.445789641361238, 56.722348987239748 ], [ -2.445786150480266, 56.722357716952857 ], [ -2.445782631812842, 56.722366442481857 ], [ -2.445779086073031, 56.722375163931488 ], [ -2.445775513974906, 56.722383881406458 ], [ -2.445771916232538, 56.722392595011534 ], [ -2.445768293559994, 56.722401304851438 ], [ -2.445764646671351, 56.722410011030888 ], [ -2.445760976280678, 56.722418713654669 ], [ -2.445757283102048, 56.722427412827457 ], [ -2.445753567849536, 56.722436108654009 ], [ -2.445749831237214, 56.722444801239106 ], [ -2.445746073979158, 56.722453490687414 ], [ -2.445742296789446, 56.722462177103701 ], [ -2.445738500382151, 56.722470860592729 ], [ -2.445734685471349, 56.722479541259197 ], [ -2.445730852771119, 56.72248821920784 ], [ -2.445727002995539, 56.722496894543418 ], [ -2.445723136858685, 56.722505567370646 ], [ -2.44571925507464, 56.722514237794286 ], [ -2.44571535835748, 56.72252290591905 ], [ -2.44571144742129, 56.7225315718497 ], [ -2.445707522980147, 56.72254023569095 ], [ -2.445703585748133, 56.72254889754754 ], [ -2.445699636439332, 56.722557557524226 ], [ -2.445695675767825, 56.722566215725713 ], [ -2.445691704447696, 56.722574872256764 ], [ -2.445687723193029, 56.722583527222106 ], [ -2.445683732717909, 56.722592180726501 ], [ -2.445679733736422, 56.722600832874647 ], [ -2.445675726962653, 56.722609483771315 ], [ -2.445671713110689, 56.722618133521202 ], [ -2.445667692894614, 56.722626782229085 ], [ -2.445663667028519, 56.722635429999691 ], [ -2.445659636226491, 56.722644076937755 ], [ -2.44565560120262, 56.722652723148016 ], [ -2.445651562670994, 56.72266136873521 ], [ -2.445647521345704, 56.722670013804077 ], [ -2.445643477940842, 56.722678658459365 ], [ -2.445639433170496, 56.722687302805788 ], [ -2.445635387748761, 56.722695946948114 ], [ -2.445631342389727, 56.722704590991057 ], [ -2.445627297807488, 56.722713235039372 ], [ -2.445623254716141, 56.722721879197806 ], [ -2.445619213829774, 56.722730523571066 ], [ -2.445615175862488, 56.722739168263907 ], [ -2.445611141528373, 56.722747813381076 ], [ -2.445607111536134, 56.722756459026506 ], [ -2.445603086304767, 56.722765105261551 ], [ -2.445599065822855, 56.722773752084237 ], [ -2.445595050044047, 56.722782399487414 ], [ -2.445591038921987, 56.722791047464 ], [ -2.445587032410324, 56.722799696006867 ], [ -2.445583030462709, 56.72280834510893 ], [ -2.445579033032785, 56.722816994763043 ], [ -2.445575040074201, 56.722825644962121 ], [ -2.445571051540602, 56.72283429569903 ], [ -2.445567067385639, 56.722842946966672 ], [ -2.445563087562956, 56.72285159875792 ], [ -2.445559112026205, 56.722860251065669 ], [ -2.445555140729027, 56.722868903882812 ], [ -2.445551173625073, 56.722877557202224 ], [ -2.445547210667989, 56.7228862110168 ], [ -2.445543251811421, 56.722894865319432 ], [ -2.445539297009019, 56.722903520102982 ], [ -2.445535346214427, 56.722912175360378 ], [ -2.445531399381293, 56.722920831084465 ], [ -2.445527456463265, 56.722929487268161 ], [ -2.445523517413986, 56.722938143904344 ], [ -2.445519582187107, 56.722946800985873 ], [ -2.445515650736273, 56.722955458505695 ], [ -2.445511723015133, 56.722964116456659 ], [ -2.44550779897733, 56.722972774831646 ], [ -2.445503878576512, 56.722981433623552 ], [ -2.445499961766327, 56.72299009282527 ], [ -2.445496048500421, 56.722998752429682 ], [ -2.445492138732438, 56.723007412429673 ], [ -2.445488232416028, 56.723016072818126 ], [ -2.445484329504836, 56.723024733587955 ], [ -2.445480429952509, 56.723033394732013 ], [ -2.445476533712693, 56.723042056243209 ], [ -2.445472640739033, 56.723050718114401 ], [ -2.445468750985179, 56.723059380338526 ], [ -2.445464864404772, 56.72306804290843 ], [ -2.445460980951461, 56.723076705817007 ], [ -2.445457100578894, 56.723085369057152 ], [ -2.445453223240714, 56.723094032621759 ], [ -2.445449348890569, 56.723102696503695 ], [ -2.445445477482106, 56.723111360695853 ], [ -2.445441608968967, 56.723120025191122 ], [ -2.445437743304801, 56.72312868998241 ], [ -2.445433880443257, 56.723137355062569 ], [ -2.445430020337974, 56.723146020424508 ], [ -2.445426162942601, 56.7231546860611 ], [ -2.445422308210786, 56.723163351965248 ], [ -2.445418456096172, 56.723172018129837 ], [ -2.445414606552404, 56.723180684547728 ], [ -2.445410759533132, 56.723189351211843 ], [ -2.445406914991997, 56.723198018115063 ], [ -2.445403072882651, 56.72320668525024 ], [ -2.445399233158729, 56.723215352610303 ], [ -2.445395395773887, 56.72322402018812 ], [ -2.445391560681764, 56.723232687976591 ], [ -2.445387727836009, 56.723241355968568 ], [ -2.445383897190266, 56.723250024156989 ], [ -2.44538006869818, 56.723258692534699 ], [ -2.445376242313398, 56.723267361094607 ], [ -2.445372417989565, 56.723276029829577 ], [ -2.445368595680323, 56.723284698732527 ], [ -2.445364775339323, 56.723293367796323 ], [ -2.445360956920206, 56.723302037013859 ], [ -2.445357140376617, 56.72331070637803 ], [ -2.445353325662202, 56.723319375881694 ], [ -2.445349512730607, 56.723328045517768 ], [ -2.445345701535479, 56.723336715279125 ], [ -2.445341892030459, 56.723345385158659 ], [ -2.445338084169192, 56.723354055149251 ], [ -2.445334277905326, 56.723362725243788 ], [ -2.445330473192504, 56.723371395435166 ], [ -2.445326669984371, 56.723380065716256 ], [ -2.445322868234572, 56.723388736079954 ], [ -2.44531906789675, 56.72339740651914 ], [ -2.445315268924554, 56.723406077026709 ], [ -2.445311471271625, 56.723414747595548 ], [ -2.445307674891608, 56.723423418218545 ], [ -2.445303879738149, 56.723432088888593 ], [ -2.445300085764893, 56.723440759598546 ], [ -2.445296292925482, 56.723449430341311 ], [ -2.445292501173563, 56.723458101109792 ], [ -2.445288710462779, 56.723466771896859 ], [ -2.445284920746775, 56.723475442695381 ], [ -2.445281131979195, 56.723484113498301 ], [ -2.445277344113684, 56.723492784298443 ], [ -2.445273557103888, 56.723501455088737 ], [ -2.445269770903445, 56.723510125862028 ], [ -2.445265985466005, 56.723518796611245 ], [ -2.44526220074521, 56.723527467329248 ], [ -2.445258416694706, 56.723536138008953 ], [ -2.445254633268133, 56.723544808643204 ], [ -2.44525085041914, 56.723553479224911 ], [ -2.445247068101369, 56.723562149746968 ], [ -2.445243286268464, 56.723570820202248 ], [ -2.445239504874068, 56.72357949058366 ], [ -2.445235723871825, 56.723588160884056 ], [ -2.44523194321538, 56.723596831096337 ], [ -2.445228162858378, 56.723605501213406 ], [ -2.44522438275446, 56.723614171228121 ], [ -2.44522060285727, 56.723622841133398 ], [ -2.445216823120453, 56.723631510922104 ], [ -2.445213043497654, 56.723640180587147 ], [ -2.445209263942512, 56.723648850121393 ], [ -2.445205484408676, 56.723657519517722 ], [ -2.445201704849785, 56.72366618876903 ], [ -2.445197925219486, 56.723674857868211 ], [ -2.445194145471419, 56.723683526808152 ], [ -2.445190365559232, 56.723692195581727 ], [ -2.445186585436562, 56.723700864181829 ], [ -2.445182805057059, 56.723709532601347 ], [ -2.445179024374364, 56.723718200833176 ], [ -2.44517524334212, 56.723726868870187 ], [ -2.445171461913967, 56.723735536705277 ], [ -2.445167680043553, 56.723744204331311 ], [ -2.44516389768452, 56.723752871741205 ], [ -2.445160114790509, 56.723761538927825 ], [ -2.445156331315165, 56.72377020588408 ], [ -2.44515254721213, 56.723778872602836 ], [ -2.445148762435049, 56.723787539076966 ], [ -2.445144976937561, 56.723796205299401 ], [ -2.445141190673314, 56.723804871262999 ], [ -2.445137403595948, 56.723813536960641 ], [ -2.445133615659103, 56.723822202385229 ], [ -2.445129826816429, 56.723830867529635 ], [ -2.445126037021562, 56.723839532386755 ], [ -2.445122246228149, 56.72384819694949 ], [ -2.44511845438983, 56.723856861210692 ], [ -2.445114661460248, 56.723865525163276 ], [ -2.445110867393046, 56.72387418880011 ], [ -2.445107072141869, 56.723882852114109 ], [ -2.445103275660357, 56.723891515098117 ], [ -2.445099477902151, 56.723900177745044 ], [ -2.445095678820899, 56.723908840047777 ], [ -2.445091878370236, 56.723917501999196 ], [ -2.44508807650381, 56.723926163592218 ], [ -2.445084273175262, 56.723934824819679 ], [ -2.445080468338231, 56.723943485674504 ], [ -2.445076661946365, 56.72395214614955 ], [ -2.4450728539533, 56.723960806237727 ], [ -2.445069044312683, 56.72396946593193 ], [ -2.445065232978153, 56.723978125225003 ], [ -2.445061419903355, 56.723986784109869 ], [ -2.445057605041377, 56.723995442579884 ], [ -2.445053788337366, 56.724004100635355 ], [ -2.445049969730548, 56.724012758281738 ], [ -2.445046149160003, 56.724021415524639 ], [ -2.445042326564806, 56.724030072369658 ], [ -2.445038501884036, 56.72403872882235 ], [ -2.445034675056773, 56.724047384888379 ], [ -2.445030846022095, 56.724056040573281 ], [ -2.445027014719079, 56.724064695882689 ], [ -2.445023181086806, 56.724073350822195 ], [ -2.445019345064355, 56.724082005397364 ], [ -2.445015506590799, 56.724090659613822 ], [ -2.44501166560522, 56.724099313477154 ], [ -2.445007822046696, 56.724107966992953 ], [ -2.445003975854304, 56.724116620166839 ], [ -2.445000126967125, 56.724125273004361 ], [ -2.444996275324233, 56.724133925511161 ], [ -2.444992420864708, 56.724142577692803 ], [ -2.444988563527626, 56.724151229554892 ], [ -2.444984703252068, 56.724159881103034 ], [ -2.44498083997711, 56.724168532342816 ], [ -2.444976973641829, 56.724177183279828 ], [ -2.444973104185302, 56.72418583391967 ], [ -2.444969231546609, 56.72419448426794 ], [ -2.444965355664825, 56.724203134330239 ], [ -2.444961476479032, 56.72421178411215 ], [ -2.444957593928303, 56.724220433619259 ], [ -2.444953707951715, 56.7242290828572 ], [ -2.444949818488347, 56.724237731831543 ], [ -2.444945925477277, 56.724246380547882 ], [ -2.44494202885758, 56.724255029011822 ], [ -2.444938128568336, 56.72426367722894 ], [ -2.444934224548618, 56.724272325204858 ], [ -2.444930316737508, 56.724280972945145 ], [ -2.444926405074076, 56.724289620455409 ], [ -2.444922489497407, 56.724298267741254 ], [ -2.444918569946572, 56.72430691480826 ], [ -2.444914646360649, 56.724315561662046 ], [ -2.444910718678718, 56.724324208308168 ], [ -2.44490678683985, 56.724332854752262 ], [ -2.444902850783127, 56.724341500999884 ], [ -2.444898910447621, 56.724350147056668 ], [ -2.444894965772414, 56.724358792928193 ], [ -2.444891016696575, 56.724367438620035 ], [ -2.444887063159187, 56.72437608413783 ], [ -2.444883105099322, 56.724384729487141 ], [ -2.444879142456059, 56.724393374673575 ], [ -2.444875175168471, 56.724402019702723 ], [ -2.444871203175637, 56.724410664580184 ], [ -2.444867226416634, 56.724419309311564 ], [ -2.444863244830534, 56.724427953902435 ], [ -2.444859258356417, 56.724436598358402 ], [ -2.444855266933356, 56.724445242685071 ], [ -2.444851270500427, 56.724453886888028 ], [ -2.444847268996711, 56.724462530972858 ], [ -2.444843262361275, 56.724471174945172 ], [ -2.4448392505332, 56.724479818810572 ], [ -2.444835233451561, 56.724488462574641 ], [ -2.444831211055434, 56.724497106242957 ], [ -2.444827183283893, 56.724505749821155 ], [ -2.444823150076014, 56.724514393314784 ], [ -2.444819111370874, 56.724523036729487 ], [ -2.444815067107546, 56.724531680070818 ], [ -2.444811017225106, 56.724540323344399 ], [ -2.444806961662628, 56.724548966555815 ], [ -2.444802900359191, 56.724557609710658 ], [ -2.444798833253865, 56.72456625281454 ], [ -2.444794760285728, 56.724574895873033 ], [ -2.444790681393856, 56.724583538891736 ], [ -2.444786596517612, 56.724592181876162 ], [ -2.444782505614447, 56.724600824825174 ], [ -2.444778408670336, 56.724609467727205 ], [ -2.44477430567376, 56.724618110569835 ], [ -2.444770196613194, 56.724626753340573 ], [ -2.444766081477124, 56.724635396026983 ], [ -2.444761960254025, 56.724644038616582 ], [ -2.444757832932379, 56.724652681096934 ], [ -2.444753699500665, 56.724661323455543 ], [ -2.444749559947364, 56.724669965679993 ], [ -2.444745414260953, 56.724678607757788 ], [ -2.444741262429917, 56.724687249676492 ], [ -2.44473710444273, 56.724695891423629 ], [ -2.444732940287877, 56.724704532986742 ], [ -2.444728769953834, 56.724713174353369 ], [ -2.444724593429084, 56.724721815511053 ], [ -2.444720410702104, 56.72473045644734 ], [ -2.444716221761375, 56.724739097149744 ], [ -2.444712026595376, 56.724747737605853 ], [ -2.444707825192587, 56.724756377803146 ], [ -2.44470361754149, 56.724765017729212 ], [ -2.444699403630563, 56.724773657371557 ], [ -2.444695183448284, 56.724782296717756 ], [ -2.444690956983136, 56.724790935755316 ], [ -2.444686724223599, 56.724799574471795 ], [ -2.444682485158149, 56.724808212854718 ], [ -2.44467823977527, 56.724816850891642 ], [ -2.444673988063439, 56.724825488570112 ], [ -2.444669730011135, 56.724834125877635 ], [ -2.44466546560684, 56.724842762801771 ], [ -2.444661194830443, 56.724851399338547 ], [ -2.444656917654337, 56.724860035491417 ], [ -2.444652634091684, 56.724868671223504 ], [ -2.444648344130969, 56.724877306522352 ], [ -2.444644047760672, 56.724885941375483 ], [ -2.444639744969272, 56.724894575770456 ], [ -2.444635435745249, 56.724903209694801 ], [ -2.444631120077079, 56.724911843136056 ], [ -2.444626797953251, 56.724920476081763 ], [ -2.444622469362236, 56.724929108519468 ], [ -2.444618134292519, 56.724937740436694 ], [ -2.444613792732575, 56.724946371820991 ], [ -2.444609444670887, 56.72495500265989 ], [ -2.444605090095935, 56.724963632940941 ], [ -2.444600728996198, 56.72497226265169 ], [ -2.444596361360154, 56.724980891779673 ], [ -2.444591987176286, 56.724989520312398 ], [ -2.44458760643307, 56.724998148237439 ], [ -2.444583219118992, 56.725006775542326 ], [ -2.444578825222525, 56.725015402214602 ], [ -2.444574424732152, 56.725024028241812 ], [ -2.444570017636351, 56.725032653611478 ], [ -2.444565603923603, 56.725041278311153 ], [ -2.444561183582389, 56.725049902328358 ], [ -2.444556756601187, 56.72505852565066 ], [ -2.444552322968478, 56.725067148265573 ], [ -2.444547882672738, 56.725075770160657 ], [ -2.444543435702452, 56.725084391323456 ], [ -2.444538982046094, 56.725093011741471 ], [ -2.444534521692148, 56.725101631402275 ], [ -2.444530054629095, 56.72511025029339 ], [ -2.44452558084541, 56.725118868402369 ], [ -2.444521100329576, 56.725127485716754 ], [ -2.44451661307007, 56.725136102224091 ], [ -2.444512119055373, 56.725144717911874 ], [ -2.444507618273965, 56.72515333276769 ], [ -2.444503110714326, 56.725161946779068 ], [ -2.444498596364935, 56.725170559933538 ], [ -2.444494075216079, 56.725179172219043 ], [ -2.444489547312351, 56.725187783635768 ], [ -2.444485012760875, 56.725196394197944 ], [ -2.444480471672231, 56.725205003920607 ], [ -2.444475924156998, 56.72521361281877 ], [ -2.444471370325766, 56.725222220907462 ], [ -2.444466810289109, 56.725230828201688 ], [ -2.444462244157609, 56.725239434716521 ], [ -2.44445767204185, 56.725248040466923 ], [ -2.444453094052411, 56.725256645467972 ], [ -2.444448510299879, 56.725265249734647 ], [ -2.444443920894831, 56.725273853281998 ], [ -2.44443932594785, 56.725282456125036 ], [ -2.44443472556952, 56.725291058278792 ], [ -2.444430119870423, 56.725299659758299 ], [ -2.444425508961142, 56.725308260578558 ], [ -2.444420892952256, 56.725316860754589 ], [ -2.444416271954349, 56.725325460301448 ], [ -2.444411646078006, 56.72533405923415 ], [ -2.44440701543381, 56.725342657567687 ], [ -2.444402380132338, 56.725351255317122 ], [ -2.44439774028418, 56.725359852497448 ], [ -2.444393095999914, 56.725368449123707 ], [ -2.444388447390127, 56.725377045210919 ], [ -2.4443837945654, 56.725385640774114 ], [ -2.444379137636315, 56.725394235828311 ], [ -2.444374476713457, 56.725402830388518 ], [ -2.444369811907412, 56.725411424469776 ], [ -2.444365143328759, 56.725420018087114 ], [ -2.444360471088084, 56.725428611255531 ], [ -2.444355795295971, 56.725437203990083 ], [ -2.444351116063003, 56.725445796305785 ], [ -2.444346433499765, 56.725454388217642 ], [ -2.44434174771684, 56.725462979740698 ], [ -2.444337058824813, 56.725471570889951 ], [ -2.444332366934266, 56.725480161680458 ], [ -2.444327672155787, 56.725488752127227 ], [ -2.444322974599957, 56.725497342245276 ], [ -2.444318274377361, 56.725505932049643 ], [ -2.444313571598587, 56.72551452155534 ], [ -2.444308866374215, 56.725523110777395 ], [ -2.444304158814834, 56.72553169973083 ], [ -2.444299449031024, 56.725540288430679 ], [ -2.444294737133375, 56.725548876891963 ], [ -2.444290023232469, 56.725557465129683 ], [ -2.444285307438892, 56.7255660531589 ], [ -2.44428058986323, 56.725574640994623 ], [ -2.444275870616067, 56.725583228651871 ], [ -2.44427114980799, 56.725591816145652 ], [ -2.444266427549582, 56.725600403491036 ], [ -2.444261703951431, 56.725608990703002 ], [ -2.44425697912412, 56.725617577796605 ], [ -2.444252253178239, 56.725626164786853 ], [ -2.444247526224371, 56.725634751688773 ], [ -2.444242798373102, 56.725643338517386 ], [ -2.444238069735019, 56.725651925287728 ], [ -2.444233340420708, 56.725660512014812 ], [ -2.444228610540753, 56.725669098713681 ], [ -2.444223880205745, 56.725677685399326 ], [ -2.444219149526266, 56.725686272086804 ], [ -2.444214418612903, 56.725694858791108 ], [ -2.444209687576246, 56.725703445527294 ], [ -2.444204956526879, 56.725712032310376 ], [ -2.444200225575388, 56.725720619155375 ], [ -2.444195494832364, 56.725729206077304 ], [ -2.444190764408389, 56.725737793091206 ], [ -2.444186034414052, 56.725746380212087 ], [ -2.444181304959942, 56.725754967454996 ], [ -2.444176576156645, 56.725763554834948 ], [ -2.444171848114746, 56.725772142366949 ], [ -2.444167120944837, 56.725780730066056 ], [ -2.444162394757504, 56.725789317947267 ], [ -2.44415766966333, 56.725797906025619 ], [ -2.444152945772908, 56.725806494316132 ], [ -2.444148223196825, 56.72581508283384 ], [ -2.444143502045668, 56.725823671593751 ], [ -2.444138782430026, 56.725832260610908 ], [ -2.444134064460485, 56.725840849900315 ], [ -2.444129348247634, 56.725849439477017 ], [ -2.444124633902063, 56.725858029356033 ], [ -2.444119921534357, 56.725866619552377 ], [ -2.444115211255109, 56.725875210081071 ], [ -2.444110503174903, 56.725883800957178 ], [ -2.444105797404331, 56.725892392195675 ], [ -2.44410109405398, 56.72590098381162 ], [ -2.444096393234441, 56.725909575820005 ], [ -2.4440916950563, 56.725918168235893 ], [ -2.444086999630147, 56.725926761074284 ], [ -2.444082307066572, 56.725935354350213 ], [ -2.444077617476163, 56.725943948078708 ], [ -2.44407293096951, 56.725952542274761 ], [ -2.444068247657203, 56.725961136953451 ], [ -2.44406356764983, 56.725969732129784 ], [ -2.444058891057981, 56.725978327818751 ], [ -2.444054217992248, 56.725986924035411 ], [ -2.444049548563215, 56.725995520794775 ], [ -2.444044882881478, 56.726004118111888 ], [ -2.444040221057624, 56.72601271600174 ], [ -2.444035563202244, 56.726021314479382 ], [ -2.444030909425928, 56.726029913559849 ], [ -2.444026259839265, 56.726038513258146 ], [ -2.444021614552846, 56.72604711358931 ], [ -2.444016973677261, 56.726055714568353 ], [ -2.444012337323102, 56.726064316210305 ], [ -2.444007705600958, 56.726072918530186 ], [ -2.444003078621421, 56.726081521543037 ], [ -2.443998456495082, 56.726090125263866 ], [ -2.44399383933253, 56.726098729707722 ], [ -2.443989227244356, 56.726107334889591 ], [ -2.443984620341154, 56.726115940824549 ], [ -2.443980018733512, 56.726124547527562 ], [ -2.443975422532021, 56.726133155013713 ], [ -2.443970831847276, 56.72614176329801 ], [ -2.443966246789865, 56.726150372395452 ], [ -2.443961667470381, 56.726158982321095 ], [ -2.443957093999415, 56.726167593089933 ], [ -2.443952526487559, 56.726176204717028 ], [ -2.443947965045406, 56.72618481721738 ], [ -2.443943409783545, 56.726193430606031 ], [ -2.44393886081257, 56.726202044897974 ], [ -2.443934318243072, 56.726210660108286 ], [ -2.443929782185645, 56.726219276251953 ], [ -2.443925252750879, 56.726227893344017 ], [ -2.443920730049369, 56.726236511399499 ], [ -2.443916214191705, 56.726245130433419 ], [ -2.44391170528848, 56.726253750460806 ], [ -2.443907203450289, 56.726262371496702 ], [ -2.443902708787723, 56.726270993556113 ], [ -2.443898221411371, 56.726279616654061 ], [ -2.443893741431834, 56.72628824080558 ], [ -2.443889268959698, 56.726296866025706 ], [ -2.443884804105558, 56.726305492329452 ], [ -2.443880346980012, 56.726314119731832 ], [ -2.443875897693645, 56.72632274824791 ], [ -2.443871456357057, 56.726331377892663 ], [ -2.443867023080838, 56.72634000868117 ], [ -2.443862597975584, 56.726348640628402 ], [ -2.443858181151886, 56.726357273749429 ], [ -2.443853772720341, 56.726365908059243 ], [ -2.443849372791539, 56.726374543572895 ], [ -2.443844981476075, 56.726383180305405 ], [ -2.443840598838183, 56.726391818265142 ], [ -2.443836224763122, 56.726400457434849 ], [ -2.443831859092978, 56.726409097791105 ], [ -2.443827501669846, 56.726417739310413 ], [ -2.443823152335809, 56.726426381969368 ], [ -2.443818810932954, 56.726435025744493 ], [ -2.443814477303371, 56.726443670612333 ], [ -2.443810151289147, 56.726452316549491 ], [ -2.443805832732366, 56.726460963532453 ], [ -2.443801521475122, 56.726469611537809 ], [ -2.443797217359496, 56.726478260542095 ], [ -2.443792920227578, 56.726486910521885 ], [ -2.443788629921451, 56.726495561453689 ], [ -2.443784346283208, 56.726504213314101 ], [ -2.443780069154929, 56.726512866079645 ], [ -2.443775798378705, 56.726521519726887 ], [ -2.443771533796619, 56.726530174232366 ], [ -2.443767275250759, 56.72653882957264 ], [ -2.443763022583211, 56.726547485724254 ], [ -2.443758775636061, 56.726556142663746 ], [ -2.443754534251394, 56.726564800367711 ], [ -2.443750298271294, 56.726573458812659 ], [ -2.44374606753785, 56.726582117975163 ], [ -2.443741841893144, 56.726590777831753 ], [ -2.443737621179265, 56.726599438358996 ], [ -2.443733405238294, 56.726608099533451 ], [ -2.443729193912318, 56.726616761331641 ], [ -2.443724987043421, 56.726625423730141 ], [ -2.44372078447369, 56.726634086705481 ], [ -2.443716586045205, 56.726642750234234 ], [ -2.443712391600056, 56.726651414292945 ], [ -2.443708200980322, 56.726660078858139 ], [ -2.443704014028089, 56.726668743906416 ], [ -2.443699830585444, 56.726677409414279 ], [ -2.443695650494469, 56.726686075358295 ], [ -2.443691473597243, 56.726694741715022 ], [ -2.443687299735856, 56.726703408461013 ], [ -2.443683128752388, 56.726712075572792 ], [ -2.443678960488924, 56.726720743026945 ], [ -2.443674794787547, 56.726729410800004 ], [ -2.44367063149034, 56.726738078868514 ], [ -2.443666470439386, 56.726746747209049 ], [ -2.443662311476765, 56.726755415798138 ], [ -2.443658154444563, 56.726764084612327 ], [ -2.443653999184863, 56.726772753628175 ], [ -2.443649845539746, 56.726781422822235 ], [ -2.443645693351294, 56.726790092171058 ], [ -2.443641542461588, 56.726798761651203 ], [ -2.443637392712714, 56.726807431239187 ], [ -2.44363324394675, 56.726816100911584 ], [ -2.443629096005778, 56.72682477064496 ], [ -2.443624948731882, 56.726833440415838 ], [ -2.443620801967142, 56.726842110200785 ], [ -2.44361665555364, 56.726850779976338 ], [ -2.443612509333455, 56.726859449719043 ], [ -2.44360836314867, 56.726868119405474 ], [ -2.443604216841366, 56.726876789012159 ], [ -2.443600070253625, 56.726885458515667 ], [ -2.443595923227524, 56.726894127892514 ], [ -2.443591775605148, 56.726902797119287 ], [ -2.443587627228571, 56.726911466172524 ], [ -2.44358347793988, 56.726920135028784 ], [ -2.443579327581154, 56.726928803664585 ], [ -2.443575175994469, 56.726937472056505 ], [ -2.443571023021907, 56.726946140181077 ], [ -2.44356686850555, 56.726954808014881 ], [ -2.443562712287476, 56.726963475534419 ], [ -2.443558554209763, 56.726972142716292 ], [ -2.443554394114491, 56.726980809537018 ], [ -2.44355023184374, 56.726989475973163 ], [ -2.443546067239589, 56.726998142001257 ], [ -2.443541900144117, 56.727006807597867 ], [ -2.443537730399402, 56.727015472739531 ], [ -2.443533557847524, 56.727024137402786 ], [ -2.443529382330559, 56.727032801564249 ], [ -2.443525203690589, 56.727041465200379 ], [ -2.44352102176969, 56.727050128287772 ], [ -2.443516836409941, 56.727058790802992 ], [ -2.443512647453417, 56.727067452722565 ], [ -2.4435084547422, 56.727076114023035 ], [ -2.443504258118368, 56.727084774680961 ], [ -2.443500057423995, 56.727093434672895 ], [ -2.443495852501159, 56.727102093975397 ], [ -2.44349164319194, 56.727110752564975 ], [ -2.443487429338414, 56.727119410418226 ], [ -2.443483210782659, 56.727128067511678 ], [ -2.443478987366749, 56.727136723821879 ], [ -2.443474758932763, 56.7271453793254 ], [ -2.443470525322778, 56.727154033998751 ], [ -2.443466286378869, 56.727162687818506 ], [ -2.443462041943114, 56.727171340761217 ], [ -2.443457791857589, 56.727179992803421 ], [ -2.443453535964369, 56.727188643921671 ], [ -2.443449274105533, 56.727197294092534 ], [ -2.443445006123151, 56.727205943292532 ], [ -2.443440731859305, 56.727214591498232 ], [ -2.443436451156068, 56.727223238686165 ], [ -2.443432163855515, 56.727231884832904 ], [ -2.443427869799721, 56.72724052991498 ], [ -2.443423568830764, 56.727249173908945 ], [ -2.443419260790717, 56.727257816791351 ], [ -2.443414945521654, 56.727266458538757 ], [ -2.443410622865651, 56.727275099127709 ], [ -2.443406292664784, 56.727283738534744 ], [ -2.443401954761126, 56.727292376736393 ], [ -2.443397608996752, 56.727301013709244 ], [ -2.443393255213736, 56.727309649429827 ], [ -2.443388893254152, 56.727318283874695 ], [ -2.443384522960075, 56.727326917020406 ], [ -2.443380144173578, 56.72733554884347 ], [ -2.443375756736735, 56.72734417932049 ], [ -2.44337136049162, 56.727352808427987 ], [ -2.443366955280307, 56.727361436142502 ], [ -2.443362540944866, 56.727370062440606 ], [ -2.443358117327375, 56.727378687298824 ], [ -2.443353684269905, 56.727387310693715 ], [ -2.44334924161453, 56.72739593260183 ], [ -2.44334478920332, 56.727404552999708 ], [ -2.443340326878352, 56.727413171863908 ], [ -2.443335854481695, 56.727421789170982 ], [ -2.443331371855423, 56.727430404897468 ], [ -2.44332687884161, 56.727439019019926 ], [ -2.443322375282325, 56.727447631514885 ], [ -2.443317861019643, 56.727456242358912 ], [ -2.443313335895634, 56.727464851528545 ], [ -2.44330879975237, 56.727473459000343 ], [ -2.443304252431924, 56.727482064750845 ], [ -2.443299693776364, 56.727490668756595 ], [ -2.443295123627767, 56.727499270994159 ], [ -2.443290541828202, 56.727507871440061 ], [ -2.44328594821974, 56.727516470070874 ], [ -2.44328134264445, 56.727525066863137 ], [ -2.443276724944406, 56.727533661793373 ], [ -2.443272094961679, 56.727542254838177 ], [ -2.443267452538336, 56.727550845974065 ], [ -2.443262797516452, 56.727559435177589 ], [ -2.443258129738095, 56.727568022425309 ], [ -2.443253449045336, 56.727576607693763 ], [ -2.443248755280242, 56.727585190959502 ], [ -2.44324404828489, 56.727593772199064 ], [ -2.443239327901345, 56.727602351389017 ], [ -2.443234593971677, 56.727610928505882 ], [ -2.443229846337956, 56.727619503526249 ], [ -2.443225084842255, 56.727628076426626 ], [ -2.443220309326636, 56.727636647183573 ], [ -2.443215519633177, 56.727645215773649 ], [ -2.44321071560394, 56.727653782173377 ], [ -2.443205897080999, 56.727662346359324 ], [ -2.443201063906421, 56.727670908308028 ], [ -2.443196215922272, 56.727679467996055 ], [ -2.443191352970627, 56.727688025399942 ], [ -2.443186474906535, 56.727696580498154 ], [ -2.443181581895195, 56.727705133315133 ], [ -2.443176674418482, 56.72771368392231 ], [ -2.443171752972559, 56.727722232393198 ], [ -2.443166818053598, 56.727730778801316 ], [ -2.44316187015776, 56.72773932322017 ], [ -2.443156909781212, 56.727747865723302 ], [ -2.443151937420122, 56.727756406384216 ], [ -2.443146953570658, 56.727764945276448 ], [ -2.443141958728987, 56.727773482473495 ], [ -2.443136953391277, 56.727782018048913 ], [ -2.443131938053701, 56.727790552076193 ], [ -2.44312691321242, 56.727799084628877 ], [ -2.44312187936361, 56.727807615780478 ], [ -2.443116837003437, 56.727816145604514 ], [ -2.443111786628073, 56.727824674174514 ], [ -2.443106728733691, 56.727833201563989 ], [ -2.443101663816458, 56.727841727846474 ], [ -2.44309659237255, 56.727850253095482 ], [ -2.443091514898135, 56.727858777384533 ], [ -2.443086431889385, 56.72786730078716 ], [ -2.443081343842476, 56.727875823376877 ], [ -2.44307625125358, 56.727884345227203 ], [ -2.44307115461887, 56.727892866411672 ], [ -2.443066054434517, 56.72790138700379 ], [ -2.443060951196703, 56.727909907077091 ], [ -2.443055845401596, 56.727918426705109 ], [ -2.443050737545372, 56.727926945961343 ], [ -2.443045628124211, 56.727935464919334 ], [ -2.443040517634282, 56.727943983652587 ], [ -2.443035406571769, 56.727952502234636 ], [ -2.443030295432845, 56.727961020739009 ], [ -2.443025184713685, 56.727969539239226 ], [ -2.44302007491047, 56.727978057808784 ], [ -2.443014966519376, 56.727986576521246 ], [ -2.443009860036583, 56.727995095450119 ], [ -2.443004755958268, 56.728003614668928 ], [ -2.442999654780612, 56.728012134251202 ], [ -2.442994556999792, 56.728020654270445 ], [ -2.442989463111993, 56.728029174800191 ], [ -2.442984373613391, 56.728037695913969 ], [ -2.442979289000167, 56.728046217685304 ], [ -2.442974209768504, 56.728054740187709 ], [ -2.442969136414583, 56.728063263494725 ], [ -2.442964069434586, 56.728071787679859 ], [ -2.442959009324694, 56.728080312816644 ], [ -2.442953956581091, 56.728088838978593 ], [ -2.442948911699963, 56.728097366239254 ], [ -2.44294387517749, 56.728105894672126 ], [ -2.442938847509859, 56.728114424350764 ], [ -2.442933829193249, 56.728122955348645 ], [ -2.442928820723851, 56.728131487739333 ], [ -2.442923822597846, 56.728140021596346 ], [ -2.44291883531142, 56.728148556993204 ], [ -2.442913859360765, 56.728157094003421 ], [ -2.442908895242059, 56.728165632700545 ], [ -2.442903943451495, 56.728174173158109 ], [ -2.442899004485257, 56.728182715449591 ], [ -2.442894078839535, 56.728191259648547 ], [ -2.442889167010515, 56.728199805828503 ], [ -2.442884269494387, 56.728208354062986 ], [ -2.44287938678734, 56.728216904425523 ], [ -2.442874519385562, 56.72822545698962 ], [ -2.442869667785248, 56.728234011828825 ], [ -2.44286483248258, 56.728242569016651 ], [ -2.442860013973753, 56.728251128626638 ], [ -2.442855212754957, 56.728259690732287 ], [ -2.442850429322386, 56.728268255407137 ], [ -2.442845664172229, 56.728276822724723 ], [ -2.44284091780068, 56.728285392758572 ], [ -2.442836190703056, 56.728293965582061 ], [ -2.442831483146253, 56.728302541234605 ], [ -2.44282679486428, 56.728311119676256 ], [ -2.442822125515307, 56.72831970085582 ], [ -2.442817474757494, 56.728328284722046 ], [ -2.442812842249011, 56.728336871223739 ], [ -2.442808227648022, 56.728345460309676 ], [ -2.442803630612689, 56.728354051928648 ], [ -2.442799050801188, 56.728362646029439 ], [ -2.442794487871672, 56.728371242560804 ], [ -2.442789941482311, 56.728379841471543 ], [ -2.442785411291267, 56.728388442710425 ], [ -2.442780896956708, 56.72839704622627 ], [ -2.44277639813679, 56.728405651967819 ], [ -2.442771914489683, 56.72841425988387 ], [ -2.442767445673547, 56.728422869923179 ], [ -2.442762991346547, 56.728431482034566 ], [ -2.442758551166845, 56.728440096166793 ], [ -2.442754124792598, 56.728448712268644 ], [ -2.442749711881976, 56.728457330288904 ], [ -2.442745312093136, 56.72846595017635 ], [ -2.442740925084238, 56.728474571879751 ], [ -2.442736550513448, 56.728483195347906 ], [ -2.442732188038923, 56.728491820529584 ], [ -2.442727837318825, 56.728500447373577 ], [ -2.442723498011311, 56.728509075828647 ], [ -2.442719169774548, 56.728517705843615 ], [ -2.442714852266689, 56.728526337367214 ], [ -2.442710545145897, 56.728534970348242 ], [ -2.442706248070327, 56.728543604735499 ], [ -2.442701960698144, 56.72855224047774 ], [ -2.442697682687503, 56.728560877523755 ], [ -2.442693413696561, 56.728569515822315 ], [ -2.442689153383478, 56.728578155322225 ], [ -2.44268490140641, 56.728586795972234 ], [ -2.442680657423516, 56.728595437721154 ], [ -2.442676421092953, 56.728604080517727 ], [ -2.442672192072878, 56.728612724310771 ], [ -2.442667970021445, 56.728621369049044 ], [ -2.442663754596814, 56.72863001468135 ], [ -2.442659545457139, 56.728638661156438 ], [ -2.442655342260574, 56.728647308423099 ], [ -2.442651144665279, 56.728655956430117 ], [ -2.442646952329405, 56.728664605126262 ], [ -2.442642764911107, 56.72867325446034 ], [ -2.442638582068544, 56.728681904381105 ], [ -2.442634403459862, 56.728690554837335 ], [ -2.442630228743223, 56.728699205777836 ], [ -2.442626057576776, 56.728707857151342 ], [ -2.442621889618679, 56.728716508906686 ], [ -2.442617724527078, 56.728725160992632 ], [ -2.442613561960131, 56.72873381335792 ], [ -2.442609401575991, 56.728742465951385 ], [ -2.442605243032807, 56.72875111872176 ], [ -2.442601085988734, 56.728759771617852 ], [ -2.442596930101919, 56.728768424588438 ], [ -2.442592775030519, 56.728777077582301 ], [ -2.442588620432683, 56.728785730548182 ], [ -2.44258446596656, 56.728794383434909 ], [ -2.442580311290303, 56.728803036191245 ], [ -2.442576156062061, 56.728811688765973 ], [ -2.442571999939982, 56.728820341107841 ], [ -2.442567842582219, 56.728828993165664 ], [ -2.442563683646922, 56.728837644888209 ], [ -2.442559522792235, 56.728846296224248 ], [ -2.442555359676311, 56.728854947122578 ], [ -2.442551193957299, 56.728863597531955 ], [ -2.442547025293344, 56.728872247401178 ], [ -2.442542853342595, 56.728880896679009 ], [ -2.442538677763201, 56.728889545314225 ], [ -2.442534498215315, 56.728898193255937 ], [ -2.442530314491288, 56.728906840473208 ], [ -2.44252612659538, 56.728915486967225 ], [ -2.442521934550941, 56.728924132742065 ], [ -2.442517738381308, 56.728932777801759 ], [ -2.442513538109827, 56.728941422150413 ], [ -2.44250933375984, 56.728950065792056 ], [ -2.442505125354688, 56.728958708730794 ], [ -2.442500912917715, 56.728967350970663 ], [ -2.442496696472268, 56.728975992515707 ], [ -2.442492476041683, 56.728984633370018 ], [ -2.442488251649307, 56.728993273537696 ], [ -2.442484023318481, 56.729001913022728 ], [ -2.44247979107255, 56.729010551829234 ], [ -2.442475554934857, 56.729019189961257 ], [ -2.442471314928745, 56.729027827422883 ], [ -2.442467071077555, 56.729036464218147 ], [ -2.442462823404634, 56.729045100351136 ], [ -2.442458571933318, 56.7290537358259 ], [ -2.442454316686958, 56.729062370646517 ], [ -2.442450057688891, 56.729071004817037 ], [ -2.442445794962464, 56.729079638341538 ], [ -2.442441528531017, 56.729088271224086 ], [ -2.442437258417898, 56.729096903468729 ], [ -2.442432984646445, 56.72910553507954 ], [ -2.442428707240006, 56.72911416606059 ], [ -2.442424426221921, 56.729122796415943 ], [ -2.442420141615533, 56.729131426149664 ], [ -2.442415853444186, 56.729140055265809 ], [ -2.442411561731225, 56.729148683768443 ], [ -2.442407266499989, 56.729157311661623 ], [ -2.442402967773829, 56.729165938949464 ], [ -2.44239866557608, 56.729174565635958 ], [ -2.442394359930089, 56.729183191725227 ], [ -2.442390050859201, 56.729191817221292 ], [ -2.442385738386756, 56.72920044212826 ], [ -2.442381422536101, 56.729209066450174 ], [ -2.442377103330575, 56.729217690191071 ], [ -2.442372780793526, 56.72922631335507 ], [ -2.442368454948296, 56.729234935946202 ], [ -2.442364125818228, 56.729243557968552 ], [ -2.442359793426665, 56.729252179426155 ], [ -2.44235545779695, 56.729260800323082 ], [ -2.442351118952429, 56.729269420663428 ], [ -2.442346776916444, 56.729278040451248 ], [ -2.442342431712339, 56.729286659690594 ], [ -2.442338083363457, 56.729295278385528 ], [ -2.442333731893144, 56.729303896540117 ], [ -2.442329377324741, 56.72931251415843 ], [ -2.442325019681592, 56.729321131244539 ], [ -2.442320658987041, 56.729329747802495 ], [ -2.442316295264434, 56.729338363836362 ], [ -2.442311928537111, 56.729346979350218 ], [ -2.442307558828417, 56.729355594348135 ], [ -2.442303186161698, 56.729364208834156 ], [ -2.442298810560295, 56.729372822812358 ], [ -2.442294432047552, 56.729381436286801 ], [ -2.442290050646816, 56.729390049261546 ], [ -2.442285666381426, 56.729398661740667 ], [ -2.44228127927473, 56.729407273728206 ], [ -2.442276889350071, 56.729415885228271 ], [ -2.442272496630791, 56.729424496244889 ], [ -2.442268101140235, 56.729433106782146 ], [ -2.442263702901748, 56.729441716844107 ], [ -2.442259301938675, 56.729450326434815 ], [ -2.442254898274356, 56.729458935558341 ], [ -2.442250491932136, 56.729467544218771 ], [ -2.442246082935362, 56.729476152420155 ], [ -2.442241671307376, 56.729484760166564 ], [ -2.442237257071523, 56.729493367462055 ], [ -2.442232840251146, 56.729501974310686 ], [ -2.442228420869588, 56.729510580716543 ], [ -2.442223998950197, 56.729519186683675 ], [ -2.442219574516314, 56.729527792216146 ], [ -2.442215147591284, 56.729536397318036 ], [ -2.442210718198452, 56.729545001993394 ], [ -2.442206286361159, 56.729553606246299 ], [ -2.442201852102752, 56.7295622100808 ], [ -2.442197415446576, 56.72957081350097 ], [ -2.442192976415976, 56.729579416510866 ], [ -2.44218853503429, 56.72958801911458 ], [ -2.442184091324871, 56.729596621316155 ], [ -2.442179645311056, 56.729605223119648 ], [ -2.442175197016195, 56.729613824529139 ], [ -2.442170746463629, 56.729622425548683 ], [ -2.442166293676702, 56.729631026182361 ], [ -2.442161838678761, 56.729639626434221 ], [ -2.442157381493147, 56.729648226308335 ], [ -2.442152922143208, 56.729656825808767 ], [ -2.442148460652286, 56.729665424939583 ], [ -2.442143997043728, 56.729674023704845 ], [ -2.442139531340875, 56.729682622108605 ], [ -2.442135063567074, 56.729691220154976 ], [ -2.44213059374567, 56.729699817847965 ], [ -2.442126121900005, 56.729708415191652 ], [ -2.442121648053424, 56.729717012190143 ], [ -2.442117172229275, 56.729725608847446 ], [ -2.442112694450899, 56.729734205167667 ], [ -2.442108214741642, 56.729742801154842 ], [ -2.44210373312485, 56.729751396813057 ], [ -2.442099249623864, 56.729759992146377 ], [ -2.442094764262032, 56.729768587158844 ], [ -2.442090277062698, 56.729777181854551 ], [ -2.442085788049208, 56.729785776237534 ], [ -2.442081297244901, 56.729794370311886 ], [ -2.442076804673128, 56.729802964081664 ], [ -2.442072310357231, 56.729811557550917 ], [ -2.442067814320557, 56.729820150723725 ], [ -2.442063316586448, 56.729828743604159 ], [ -2.442058817178251, 56.729837336196276 ], [ -2.442054316119308, 56.729845928504126 ], [ -2.442049813432967, 56.729854520531795 ], [ -2.442045309142574, 56.729863112283347 ], [ -2.442040803271469, 56.729871703762839 ], [ -2.442036295843, 56.729880294974322 ], [ -2.442031786880512, 56.729888885921895 ], [ -2.442027276407349, 56.729897476609601 ], [ -2.442022764446857, 56.729906067041497 ], [ -2.44201825102238, 56.729914657221684 ], [ -2.442013736157264, 56.729923247154183 ], [ -2.442009219874855, 56.729931836843086 ], [ -2.442004702198494, 56.729940426292451 ], [ -2.442000183151533, 56.729949015506349 ], [ -2.441995662757309, 56.729957604488824 ], [ -2.441991141039173, 56.729966193243975 ], [ -2.441986618020467, 56.72997478177583 ], [ -2.441982093724537, 56.729983370088497 ], [ -2.44197756817473, 56.729991958185998 ], [ -2.441973041394391, 56.730000546072425 ], [ -2.441968513406861, 56.730009133751828 ], [ -2.44196398423549, 56.730017721228272 ], [ -2.441959453903621, 56.730026308505842 ], [ -2.4419549224346, 56.730034895588595 ], [ -2.441950389851773, 56.730043482480568 ], [ -2.441945856178485, 56.730052069185874 ], [ -2.44194132143808, 56.730060655708527 ], [ -2.441936785653903, 56.730069242052643 ], [ -2.441932248849302, 56.730077828222242 ], [ -2.441927711047618, 56.730086414221425 ], [ -2.441923172272204, 56.730095000054234 ], [ -2.441918632546397, 56.730103585724741 ], [ -2.441914091893547, 56.730112171237018 ], [ -2.441909550335534, 56.730120756594843 ], [ -2.441905007879972, 56.730129341799298 ], [ -2.441900464526446, 56.730137926849977 ], [ -2.441895920274451, 56.730146511746398 ], [ -2.441891375123478, 56.730155096488119 ], [ -2.441886829073026, 56.730163681074686 ], [ -2.44188228212259, 56.730172265505686 ], [ -2.441877734271659, 56.730180849780616 ], [ -2.441873185519731, 56.730189433899035 ], [ -2.441868635866303, 56.730198017860531 ], [ -2.441864085310862, 56.730206601664605 ], [ -2.44185953385291, 56.730215185310819 ], [ -2.441854981491937, 56.730223768798751 ], [ -2.441850428227437, 56.730232352127935 ], [ -2.441845874058908, 56.7302409352979 ], [ -2.441841318985842, 56.73024951830822 ], [ -2.441836763007732, 56.730258101158441 ], [ -2.441832206124078, 56.7302666838481 ], [ -2.441827648334366, 56.730275266376758 ], [ -2.441823089638097, 56.730283848743952 ], [ -2.441818530034764, 56.730292430949234 ], [ -2.441813969523861, 56.730301012992172 ], [ -2.441809408104881, 56.730309594872296 ], [ -2.44180484577732, 56.730318176589165 ], [ -2.441800282540674, 56.730326758142311 ], [ -2.441795718394432, 56.730335339531308 ], [ -2.441791153338093, 56.730343920755693 ], [ -2.441786587371152, 56.730352501815005 ], [ -2.4417820204931, 56.730361082708818 ], [ -2.441777452703433, 56.730369663436662 ], [ -2.441772884001646, 56.730378243998096 ], [ -2.441768314387232, 56.730386824392674 ], [ -2.441763743859686, 56.730395404619927 ], [ -2.441759172418505, 56.730403984679427 ], [ -2.44175460006318, 56.730412564570685 ], [ -2.441750026793205, 56.730421144293295 ], [ -2.441745452608077, 56.730429723846783 ], [ -2.441740877507288, 56.730438303230706 ], [ -2.441736301490335, 56.730446882444603 ], [ -2.441731724556709, 56.73045546148802 ], [ -2.44172714670591, 56.730464040360559 ], [ -2.441722567937427, 56.730472619061679 ], [ -2.441717988250756, 56.730481197591004 ], [ -2.441713407645391, 56.730489775948051 ], [ -2.441708826120827, 56.730498354132372 ], [ -2.44170424367656, 56.730506932143527 ], [ -2.441699660312082, 56.730515509981053 ], [ -2.441695076026888, 56.730524087644511 ], [ -2.441690490820472, 56.730532665133438 ], [ -2.441685904692331, 56.73054124244738 ], [ -2.441681317641957, 56.730549819585903 ], [ -2.441676729668844, 56.73055839654856 ], [ -2.441672140772487, 56.730566973334874 ], [ -2.441667550952382, 56.730575549944412 ], [ -2.44166296020802, 56.730584126376726 ], [ -2.441658368538898, 56.730592702631348 ], [ -2.441653775944511, 56.730601278707866 ], [ -2.441649182424352, 56.730609854605774 ], [ -2.441644587977916, 56.730618430324668 ], [ -2.441639992604696, 56.730627005864072 ], [ -2.441635396304186, 56.730635581223545 ], [ -2.441630799075884, 56.730644156402626 ], [ -2.441626200919283, 56.730652731400866 ], [ -2.441621601833874, 56.73066130621784 ], [ -2.441617001819155, 56.730669880853078 ], [ -2.44161240087462, 56.730678455306105 ], [ -2.441607798999761, 56.730687029576515 ], [ -2.441603196194076, 56.73069560366384 ], [ -2.441598592457058, 56.730704177567624 ], [ -2.441593987788198, 56.730712751287413 ], [ -2.441589382186996, 56.730721324822774 ], [ -2.441584775652943, 56.730729898173223 ], [ -2.441580168185535, 56.730738471338341 ], [ -2.441575559784264, 56.730747044317667 ], [ -2.441570950448627, 56.730755617110781 ], [ -2.441566340178116, 56.730764189717171 ], [ -2.44156172897223, 56.730772762136418 ], [ -2.441557116830456, 56.730781334368075 ], [ -2.441552503752294, 56.730789906411665 ], [ -2.441547889737239, 56.730798478266784 ], [ -2.44154327478478, 56.730807049932956 ], [ -2.441538658894416, 56.730815621409732 ], [ -2.44153404206564, 56.730824192696652 ], [ -2.441529424297947, 56.730832763793281 ], [ -2.441524805590831, 56.73084133469915 ], [ -2.441520185943786, 56.730849905413827 ], [ -2.441515565356307, 56.730858475936849 ], [ -2.441510943827887, 56.730867046267775 ], [ -2.441506321358022, 56.730875616406145 ], [ -2.441501697946205, 56.730884186351524 ], [ -2.441497073591932, 56.730892756103444 ], [ -2.441492448294696, 56.730901325661449 ], [ -2.441487822053992, 56.730909895025114 ], [ -2.441483194869316, 56.730918464193962 ], [ -2.441478566740159, 56.730927033167575 ], [ -2.441473937666019, 56.730935601945454 ], [ -2.441469307646386, 56.730944170527195 ], [ -2.441464676680758, 56.730952738912329 ], [ -2.441460044768629, 56.73096130710038 ], [ -2.44145541190949, 56.730969875090949 ], [ -2.441450778102841, 56.730978442883554 ], [ -2.441446143348173, 56.730987010477747 ], [ -2.441441507644979, 56.730995577873074 ], [ -2.441436870992757, 56.731004145069093 ], [ -2.441432233391001, 56.731012712065358 ], [ -2.441427594839201, 56.731021278861398 ], [ -2.441422955336857, 56.731029845456774 ], [ -2.441418314883459, 56.731038411851031 ], [ -2.441413673478503, 56.73104697804375 ], [ -2.441409031121485, 56.731055544034426 ], [ -2.441404387811897, 56.731064109822654 ], [ -2.441399743549234, 56.731072675407951 ], [ -2.441395098332991, 56.731081240789884 ], [ -2.441390452162662, 56.731089805968011 ], [ -2.441385805037743, 56.731098370941844 ], [ -2.441381156957726, 56.731106935710983 ], [ -2.441376507922107, 56.731115500274939 ], [ -2.441371857930377, 56.731124064633271 ], [ -2.441367206982035, 56.731132628785531 ], [ -2.441362555076571, 56.731141192731279 ], [ -2.441357902213485, 56.731149756470053 ], [ -2.441353248392268, 56.731158320001398 ], [ -2.441348593612412, 56.731166883324875 ], [ -2.441343937873416, 56.731175446440034 ], [ -2.441339281174772, 56.731184009346414 ], [ -2.441334623515975, 56.731192572043547 ], [ -2.441329964896519, 56.731201134531005 ], [ -2.441325305315897, 56.731209696808342 ], [ -2.441320644773605, 56.731218258875124 ], [ -2.441315983269138, 56.731226820730861 ], [ -2.441311320801991, 56.731235382375104 ], [ -2.441306657371654, 56.731243943807442 ], [ -2.441301992977627, 56.731252505027385 ], [ -2.441297327619401, 56.731261066034492 ], [ -2.44129266129647, 56.731269626828329 ], [ -2.441287994008332, 56.731278187408435 ], [ -2.441283325754477, 56.731286747774341 ], [ -2.441278656534402, 56.731295307925635 ], [ -2.441273986347598, 56.731303867861818 ], [ -2.441269315193568, 56.73131242758248 ], [ -2.441264643071795, 56.731320987087166 ], [ -2.441259969986441, 56.731329546376244 ], [ -2.441255296041982, 56.731338105468431 ], [ -2.44125062143953, 56.731346664399993 ], [ -2.441245946384123, 56.731355223207927 ], [ -2.441241271080801, 56.731363781929261 ], [ -2.441236595734603, 56.731372340601006 ], [ -2.441231920550567, 56.731380899260124 ], [ -2.44122724573373, 56.731389457943664 ], [ -2.44122257148914, 56.731398016688622 ], [ -2.441217898021827, 56.731406575531977 ], [ -2.441213225536837, 56.73141513451074 ], [ -2.441208554239206, 56.731423693661945 ], [ -2.441203884333976, 56.731432253022554 ], [ -2.441199216026185, 56.731440812629621 ], [ -2.441194549520878, 56.73144937252011 ], [ -2.441189885023091, 56.73145793273104 ], [ -2.441185222737867, 56.731466493299422 ], [ -2.441180562870248, 56.731475054262262 ], [ -2.44117590562527, 56.731483615656543 ], [ -2.441171251207982, 56.731492177519293 ], [ -2.44116659982342, 56.731500739887508 ], [ -2.441161951676624, 56.731509302798187 ], [ -2.44115730697264, 56.731517866288357 ], [ -2.441152665916508, 56.731526430395 ], [ -2.441148028713271, 56.731534995155116 ], [ -2.441143395567972, 56.731543560605751 ], [ -2.441138766685649, 56.731552126783861 ], [ -2.441134142271349, 56.731560693726486 ], [ -2.441129522530115, 56.731569261470618 ], [ -2.441124907666985, 56.731577830053247 ], [ -2.441120297887006, 56.731586399511407 ], [ -2.441115693395223, 56.731594969882089 ], [ -2.441111094396675, 56.731603541202283 ], [ -2.441106501096408, 56.73161211350903 ], [ -2.441101913699465, 56.731620686839328 ], [ -2.44109733241089, 56.731629261230154 ], [ -2.441092757435728, 56.731637836718527 ], [ -2.441088188979022, 56.731646413341466 ], [ -2.441083627245816, 56.731654991135954 ], [ -2.441079072441157, 56.73166357013902 ], [ -2.441074524770086, 56.731672150387652 ], [ -2.441069984437651, 56.731680731918864 ], [ -2.441065451648897, 56.73168931476966 ], [ -2.441060926608868, 56.731697898977053 ], [ -2.441056409522608, 56.731706484578027 ], [ -2.441051900595168, 56.731715071609607 ], [ -2.441047400031588, 56.731723660108806 ], [ -2.441042908036916, 56.731732250112614 ], [ -2.441038424816197, 56.731740841658031 ], [ -2.44103395057448, 56.731749434782074 ], [ -2.441029485516809, 56.731758029521764 ], [ -2.441025029848232, 56.731766625914062 ], [ -2.441020583773795, 56.731775223996038 ], [ -2.441016147498544, 56.731783823804648 ], [ -2.441011721227528, 56.731792425376902 ], [ -2.441007305165793, 56.731801028749821 ], [ -2.441002899518389, 56.73180963396041 ], [ -2.44099850449036, 56.731818241045673 ], [ -2.440994120286756, 56.731826850042616 ], [ -2.440989747112623, 56.731835460988243 ], [ -2.440985385173011, 56.731844073919575 ], [ -2.44098103467297, 56.731852688873587 ], [ -2.440976695817542, 56.731861305887293 ], [ -2.440972368811783, 56.731869924997731 ], [ -2.440968053860737, 56.731878546241873 ], [ -2.440963751169455, 56.731887169656751 ], [ -2.440959460942985, 56.731895795279357 ], [ -2.440955183386381, 56.731904423146695 ], [ -2.440950918704685, 56.731913053295777 ], [ -2.440946667102951, 56.731921685763602 ], [ -2.440942428733215, 56.731930320576332 ], [ -2.440938203321733, 56.731938957672945 ], [ -2.440933990389759, 56.731947596950462 ], [ -2.440929789457228, 56.731956238305628 ], [ -2.440925600044084, 56.731964881635179 ], [ -2.440921421670263, 56.731973526835858 ], [ -2.440917253855706, 56.731982173804418 ], [ -2.44091309612035, 56.731990822437609 ], [ -2.440908947984132, 56.731999472632147 ], [ -2.440904808966993, 56.732008124284818 ], [ -2.440900678588868, 56.732016777292323 ], [ -2.440896556369694, 56.732025431551435 ], [ -2.440892441829406, 56.732034086958897 ], [ -2.440888334487944, 56.732042743411434 ], [ -2.44088423386524, 56.732051400805808 ], [ -2.44088013948123, 56.732060059038766 ], [ -2.440876050855852, 56.732068718007021 ], [ -2.440871967509035, 56.732077377607354 ], [ -2.440867888960717, 56.732086037736508 ], [ -2.440863814730831, 56.732094698291185 ], [ -2.440859744339309, 56.732103359168164 ], [ -2.440855677306087, 56.732112020264189 ], [ -2.440851613151093, 56.732120681475969 ], [ -2.440847551394264, 56.73212934270029 ], [ -2.440843491555529, 56.732138003833889 ], [ -2.44083943315482, 56.732146664773495 ], [ -2.440835375712065, 56.732155325415839 ], [ -2.440831318747199, 56.732163985657685 ], [ -2.440827261780151, 56.732172645395757 ], [ -2.44082320433085, 56.73218130452684 ], [ -2.440819145919225, 56.732189962947629 ], [ -2.440815086065207, 56.732198620554882 ], [ -2.440811024288722, 56.732207277245365 ], [ -2.440806960109701, 56.732215932915771 ], [ -2.440802893048068, 56.732224587462909 ], [ -2.440798822623754, 56.732233240783458 ], [ -2.440794748356683, 56.732241892774198 ], [ -2.440790669766786, 56.732250543331851 ], [ -2.440786586373988, 56.732259192353197 ], [ -2.440782497698211, 56.732267839734924 ], [ -2.440778403259385, 56.732276485373809 ], [ -2.44077430257743, 56.732285129166584 ], [ -2.440770195172278, 56.732293771010006 ], [ -2.440766080563847, 56.732302410800784 ], [ -2.440761958272063, 56.73231104843569 ], [ -2.440757827816849, 56.732319683811447 ], [ -2.44075368871813, 56.73232831682482 ], [ -2.440749540495829, 56.732336947372517 ], [ -2.440745382669865, 56.73234557535131 ], [ -2.440741214760164, 56.732354200657944 ], [ -2.440737036286645, 56.732362823189121 ], [ -2.440732846769229, 56.732371442841604 ], [ -2.440728645727839, 56.73238005951216 ], [ -2.440724432682393, 56.732388673097496 ], [ -2.440720207152812, 56.732397283494365 ], [ -2.440715968659017, 56.732405890599502 ], [ -2.440711716720926, 56.732414494309666 ], [ -2.440707450858459, 56.732423094521586 ], [ -2.440703170591534, 56.732431691131978 ], [ -2.44069887544007, 56.732440284037629 ], [ -2.44069456492398, 56.732448873135247 ], [ -2.440690238563188, 56.732457458321598 ], [ -2.440685895877607, 56.732466039493403 ], [ -2.440681536387158, 56.7324746165474 ], [ -2.440677159611753, 56.732483189380346 ], [ -2.440672765071308, 56.732491757888972 ], [ -2.44066835228574, 56.732500321970008 ], [ -2.440663920774965, 56.732508881520225 ], [ -2.440659470058896, 56.732517436436325 ], [ -2.44065499965745, 56.732525986615073 ], [ -2.440650509090537, 56.732534531953206 ], [ -2.440645997878074, 56.732543072347454 ], [ -2.440641465539975, 56.73255160769456 ], [ -2.440636911596149, 56.732560137891276 ], [ -2.440632335566513, 56.732568662834332 ], [ -2.440627736970978, 56.732577182420457 ], [ -2.440623115329454, 56.732585696546401 ], [ -2.440618470161854, 56.732594205108903 ], [ -2.440613800988086, 56.732602708004713 ], [ -2.440609107328068, 56.732611205130546 ], [ -2.440604388701706, 56.732619696383161 ], [ -2.440599644628908, 56.732628181659287 ], [ -2.440594874789416, 56.732636660896858 ], [ -2.440590079495324, 56.732645134196687 ], [ -2.440585259215097, 56.732653601699951 ], [ -2.440580414417204, 56.732662063547778 ], [ -2.440575545570113, 56.732670519881296 ], [ -2.440570653142288, 56.732678970841626 ], [ -2.440565737602199, 56.732687416569931 ], [ -2.440560799418317, 56.732695857207332 ], [ -2.440555839059108, 56.732704292894994 ], [ -2.440550856993041, 56.732712723774007 ], [ -2.440545853688586, 56.732721149985558 ], [ -2.44054082961421, 56.732729571670767 ], [ -2.440535785238391, 56.732737988970754 ], [ -2.440530721029591, 56.732746402026685 ], [ -2.440525637456287, 56.732754810979678 ], [ -2.440520534986944, 56.73276321597087 ], [ -2.440515414090039, 56.732771617141417 ], [ -2.440510275234043, 56.732780014632439 ], [ -2.440505118887426, 56.732788408585073 ], [ -2.440499945518661, 56.73279679914048 ], [ -2.440494755596225, 56.732805186439776 ], [ -2.440489549588584, 56.732813570624096 ], [ -2.440484327964218, 56.732821951834602 ], [ -2.440479091191598, 56.73283033021243 ], [ -2.440473839739201, 56.732838705898679 ], [ -2.440468574075498, 56.732847079034535 ], [ -2.440463294668965, 56.732855449761132 ], [ -2.440458001988079, 56.73286381821957 ], [ -2.440452696501315, 56.732872184551034 ], [ -2.440447378677148, 56.732880548896631 ], [ -2.440442048984055, 56.732888911397517 ], [ -2.440436707890514, 56.732897272194812 ], [ -2.440431355865003, 56.732905631429681 ], [ -2.440425993375992, 56.732913989243265 ], [ -2.440420620891966, 56.732922345776664 ], [ -2.4404152388814, 56.732930701171057 ], [ -2.440409847812777, 56.73293905556757 ], [ -2.440404448154568, 56.732947409107325 ], [ -2.44039904037526, 56.732955761931507 ], [ -2.440393624943324, 56.732964114181215 ], [ -2.440388202327247, 56.732972465997577 ], [ -2.440382772995504, 56.732980817521785 ], [ -2.440377337416578, 56.73298916889496 ], [ -2.44037189605895, 56.732997520258216 ], [ -2.4403664493911, 56.733005871752717 ], [ -2.440360997881508, 56.733014223519596 ], [ -2.440355541998658, 56.733022575699991 ], [ -2.44035008221103, 56.733030928435049 ], [ -2.44034461898711, 56.733039281865921 ], [ -2.440339152795377, 56.733047636133719 ], [ -2.440333684104314, 56.733055991379608 ], [ -2.440328213382405, 56.733064347744708 ], [ -2.440322741098135, 56.733072705370191 ], [ -2.440317267719986, 56.733081064397155 ], [ -2.440311793716444, 56.733089424966778 ], [ -2.440306319555993, 56.733097787220196 ], [ -2.440300845707119, 56.733106151298543 ], [ -2.440295372638305, 56.733114517342955 ], [ -2.440289900818038, 56.733122885494573 ], [ -2.440284430714801, 56.733131255894548 ], [ -2.440278962797086, 56.733139628684022 ], [ -2.440273497533376, 56.733148004004128 ], [ -2.440268035392158, 56.733156381996011 ], [ -2.440262576841922, 56.733164762800818 ], [ -2.440257122351152, 56.733173146559679 ], [ -2.440251672388289, 56.733181533413813 ], [ -2.440246227387954, 56.7331899235473 ], [ -2.440240787852525, 56.733198317058267 ], [ -2.440235354250492, 56.73320671408792 ], [ -2.440229927050344, 56.733215114777352 ], [ -2.440224506720571, 56.733223519267696 ], [ -2.440219093803411, 56.733231927696494 ], [ -2.440213689363695, 56.733240340175499 ], [ -2.44020829469195, 56.733248756805288 ], [ -2.440202911079604, 56.733257177686461 ], [ -2.440197539818084, 56.733265602919595 ], [ -2.440192182198818, 56.733274032605266 ], [ -2.440186839513237, 56.73328246684401 ], [ -2.440181513052771, 56.733290905736467 ], [ -2.440176204108851, 56.733299349383167 ], [ -2.440170913972911, 56.733307797884713 ], [ -2.440165643936383, 56.733316251341641 ], [ -2.440160395290704, 56.733324709854564 ], [ -2.44015516932731, 56.733333173524045 ], [ -2.440149967337639, 56.733341642450668 ], [ -2.440144790613131, 56.733350116734989 ], [ -2.440139640445218, 56.733358596477636 ], [ -2.440134518125349, 56.733367081779122 ], [ -2.44012942494496, 56.733375572740051 ], [ -2.4401243621955, 56.733384069461025 ], [ -2.440119331168406, 56.733392572042575 ], [ -2.440114333155129, 56.733401080585331 ], [ -2.440109369447113, 56.733409595189812 ], [ -2.440104441335803, 56.733418115956653 ], [ -2.440099550112652, 56.733426642986416 ], [ -2.440094697069108, 56.73343517637965 ], [ -2.440089883496622, 56.73344371623697 ], [ -2.440085110686647, 56.733452262658936 ], [ -2.440080379930633, 56.733460815746142 ], [ -2.440075692520037, 56.733469375599164 ], [ -2.440071049746315, 56.733477942318558 ], [ -2.440066452900919, 56.73348651600493 ], [ -2.440061903275313, 56.733495096758858 ], [ -2.440057402160952, 56.733503684680919 ], [ -2.440052950849299, 56.733512279871682 ], [ -2.440048550631813, 56.733520882431733 ], [ -2.440044202799956, 56.733529492461692 ], [ -2.440039908645192, 56.733538110062064 ], [ -2.440035669458992, 56.733546735333505 ], [ -2.440031486532814, 56.733555368376528 ], [ -2.440027361158128, 56.733564009291776 ], [ -2.440023294626403, 56.733572658179796 ], [ -2.440019288229112, 56.73358131514118 ], [ -2.440015343257717, 56.733589980276491 ], [ -2.440011461003695, 56.733598653686329 ], [ -2.440007642758525, 56.73360733547127 ], [ -2.440003889813673, 56.733616025731905 ], [ -2.440000203460619, 56.733624724568806 ], [ -2.439996584990843, 56.733633432082556 ], [ -2.439993035695814, 56.733642148373747 ], [ -2.439989556867019, 56.733650873542935 ], [ -2.439986149795937, 56.73365960769074 ], [ -2.439982815774049, 56.733668350917704 ], [ -2.439979556092838, 56.733677103324439 ], [ -2.439976372043793, 56.733685865011516 ], [ -2.439973264918396, 56.733694636079512 ], [ -2.43997023600813, 56.733703416629027 ], [ -2.43996728660449, 56.733712206760622 ], [ -2.439964417998962, 56.733721006574896 ], [ -2.43996163148304, 56.733729816172414 ], [ -2.439958928348213, 56.733738635653765 ], [ -2.439956309885975, 56.733747465119549 ], [ -2.439953777387823, 56.733756304670322 ], [ -2.439951332145253, 56.73376515440669 ], [ -2.439948975449758, 56.733774014429201 ], [ -2.439946708592842, 56.733782884838469 ], [ -2.439944532866002, 56.733791765735063 ], [ -2.439942449560738, 56.733800657219561 ], [ -2.439940459968557, 56.733809559392569 ], [ -2.43993856538096, 56.733818472354628 ], [ -2.439936767089455, 56.733827396206344 ], [ -2.439935071185985, 56.733836331220104 ], [ -2.439933528651429, 56.733845279274732 ], [ -2.439932214966487, 56.733854243125919 ], [ -2.439931205859671, 56.733863225538173 ], [ -2.439930577059565, 56.733872229276031 ], [ -2.439930404294821, 56.733881257103988 ], [ -2.439930763294172, 56.733890311786617 ], [ -2.43993172978642, 56.733899396088376 ], [ -2.439933379500444, 56.733908512773816 ], [ -2.4399357881652, 56.733917664607404 ], [ -2.439939018072648, 56.733926852475598 ], [ -2.439942945715754, 56.733936051296403 ], [ -2.439947311982339, 56.733945217034908 ], [ -2.439951854674821, 56.733954305225012 ], [ -2.439956311595354, 56.733963271400661 ], [ -2.439960420545815, 56.733972071095792 ], [ -2.43996391932783, 56.733980659844462 ], [ -2.439966545742793, 56.733988993180652 ], [ -2.439968037591881, 56.733997026638392 ], [ -2.439968132676086, 56.734004715751709 ], [ -2.439966568796268, 56.734012016054542 ], [ -2.439963083753173, 56.734018883080793 ], [ -2.439957462445477, 56.734025282392984 ], [ -2.439949811758646, 56.734031248115485 ], [ -2.439940373279215, 56.734036843054966 ], [ -2.439929389048458, 56.734042130114922 ], [ -2.439917101107799, 56.734047172198835 ], [ -2.439903751498764, 56.734052032210244 ], [ -2.439889582262959, 56.734056773052764 ], [ -2.439874835442032, 56.734061457630084 ], [ -2.439859753077661, 56.734066148846061 ], [ -2.439844577211554, 56.734070909604583 ], [ -2.439829549885431, 56.734075802809691 ], [ -2.439814913141043, 56.734080891365544 ], [ -2.439800909020183, 56.734086238176438 ], [ -2.43978777253206, 56.734091904216648 ], [ -2.439775588849473, 56.734097909339312 ], [ -2.439764299643482, 56.734104234014659 ], [ -2.439753840820213, 56.734110857130823 ], [ -2.439744148285797, 56.73411775757581 ], [ -2.439735157946387, 56.734124914237675 ], [ -2.439726805708132, 56.734132306004383 ], [ -2.439719027477171, 56.734139911763897 ], [ -2.43971175915964, 56.73414771040413 ], [ -2.439704936661645, 56.734155680813025 ], [ -2.439698495889275, 56.734163801878459 ], [ -2.439692372748582, 56.734172052488283 ], [ -2.439686503145585, 56.734180411530382 ], [ -2.439680822986269, 56.734188857892576 ], [ -2.439675268176567, 56.734197370462702 ], [ -2.439669774622382, 56.734205928128603 ], [ -2.439664278229563, 56.734214509778049 ], [ -2.439658714903915, 56.734223094298834 ], [ -2.4396530205512, 56.734231660578772 ], [ -2.439647131077133, 56.734240187505577 ], [ -2.439640982387385, 56.734248653967043 ], [ -2.439634525024478, 56.734257043290526 ], [ -2.439627767590498, 56.734265356413722 ], [ -2.439620733081476, 56.734273598640279 ], [ -2.43961344449346, 56.73428177527385 ], [ -2.439605924822517, 56.734289891618047 ], [ -2.439598197064732, 56.734297952976547 ], [ -2.439590284216206, 56.734305964653004 ], [ -2.43958220927306, 56.734313931951078 ], [ -2.439573995231425, 56.734321860174418 ], [ -2.439565665087454, 56.734329754626721 ], [ -2.439557241837308, 56.73433762061164 ], [ -2.439548748477172, 56.734345463432874 ], [ -2.439540208003236, 56.73435328839409 ], [ -2.439531643411714, 56.734361100799013 ], [ -2.439523077698826, 56.734368905951314 ], [ -2.43951453386081, 56.734376709154724 ], [ -2.439506034893915, 56.734384515712954 ], [ -2.43949760379441, 56.734392330929715 ], [ -2.439489263558575, 56.734400160108756 ], [ -2.439481037182705, 56.734408008553793 ], [ -2.439472947580259, 56.734415881549914 ], [ -2.43946500919348, 56.734423782475496 ], [ -2.439457220787801, 56.734431711180214 ], [ -2.439449579431214, 56.734439667131717 ], [ -2.439442082191702, 56.734447649797673 ], [ -2.439434726137254, 56.7344556586457 ], [ -2.439427508335855, 56.734463693143482 ], [ -2.439420425855487, 56.734471752758601 ], [ -2.439413475764133, 56.734479836958734 ], [ -2.43940665512977, 56.734487945211491 ], [ -2.43939996102038, 56.734496076984534 ], [ -2.439393390503936, 56.734504231745497 ], [ -2.439386940648416, 56.734512408962004 ], [ -2.439380608521794, 56.734520608101683 ], [ -2.43937439119204, 56.734528828632186 ], [ -2.43936828572712, 56.734537070021119 ], [ -2.43936228919501, 56.734545331736143 ], [ -2.439356398663668, 56.734553613244863 ], [ -2.439350611201063, 56.734561914014904 ], [ -2.439344923875156, 56.734570233513914 ], [ -2.439339333753907, 56.734578571209532 ], [ -2.439333837905274, 56.734586926569349 ], [ -2.439328433397215, 56.734595299060999 ], [ -2.439323117297683, 56.73460368815212 ], [ -2.439317886674627, 56.734612093310346 ], [ -2.439312738596004, 56.734620514003275 ], [ -2.439307670129757, 56.734628949698539 ], [ -2.439302678343834, 56.734637399863757 ], [ -2.439297760306178, 56.73464586396657 ], [ -2.43929291308473, 56.734654341474574 ], [ -2.439288133747431, 56.734662831855402 ], [ -2.439283419362215, 56.734671334576674 ], [ -2.439278766997021, 56.734679849106008 ], [ -2.439274173719779, 56.734688374911009 ], [ -2.439269636598419, 56.734696911459324 ], [ -2.439265152700871, 56.734705458218535 ], [ -2.439260719095061, 56.734714014656291 ], [ -2.439256332848912, 56.734722580240209 ], [ -2.439251991030342, 56.734731154437874 ], [ -2.439247690707274, 56.734739736716925 ], [ -2.439243428947623, 56.734748326544967 ], [ -2.439239202819303, 56.734756923389618 ], [ -2.439235009390227, 56.734765526718498 ], [ -2.439230845728304, 56.734774135999203 ], [ -2.43922670890144, 56.734782750699367 ], [ -2.439222595977538, 56.734791370286594 ], [ -2.439218504024503, 56.734799994228503 ], [ -2.439214430110234, 56.734808621992698 ], [ -2.439210371302629, 56.734817253046785 ], [ -2.439206324669581, 56.734825886858374 ], [ -2.439202287278985, 56.734834522895106 ], [ -2.439198256198728, 56.734843160624557 ], [ -2.439194228496702, 56.734851799514345 ], [ -2.439190201240785, 56.734860439032083 ], [ -2.439186171498867, 56.734869078645382 ], [ -2.439182136338824, 56.734877717821853 ], [ -2.439178092828533, 56.734886356029087 ], [ -2.439174038035874, 56.734894992734709 ], [ -2.439169969028716, 56.734903627406332 ], [ -2.439165882874933, 56.734912259511539 ], [ -2.439161776642389, 56.734920888517955 ], [ -2.439157647398954, 56.734929513893178 ], [ -2.439153492212487, 56.734938135104819 ], [ -2.439149308150851, 56.734946751620484 ], [ -2.439145092281904, 56.734955362907762 ], [ -2.439140841673503, 56.734963968434265 ], [ -2.439136553393503, 56.734972567667619 ], [ -2.439132224509751, 56.734981160075407 ], [ -2.439127852090095, 56.734989745125226 ], [ -2.439123433202389, 56.734998322284703 ], [ -2.439118964914471, 56.735006891021385 ], [ -2.439114444294185, 56.735015450802948 ], [ -2.439109868609567, 56.735024001130526 ], [ -2.439105237390505, 56.735032541884813 ], [ -2.439100551595639, 56.735041073186196 ], [ -2.439095812206094, 56.735049595158827 ], [ -2.439091020202998, 56.735058107926825 ], [ -2.439086176567471, 56.735066611614393 ], [ -2.439081282280644, 56.735075106345668 ], [ -2.439076338323645, 56.735083592244791 ], [ -2.439071345677599, 56.735092069435936 ], [ -2.439066305323636, 56.735100538043262 ], [ -2.43906121824289, 56.735108998190896 ], [ -2.439056085416489, 56.735117450003003 ], [ -2.439050907825564, 56.735125893603758 ], [ -2.439045686451251, 56.735134329117294 ], [ -2.439040422274682, 56.73514275666777 ], [ -2.439035116276991, 56.735151176379361 ], [ -2.439029769439315, 56.735159588376185 ], [ -2.439024382742788, 56.735167992782436 ], [ -2.439018957168549, 56.735176389722241 ], [ -2.439013493697735, 56.735184779319788 ], [ -2.439007993311484, 56.7351931616992 ], [ -2.439002456990937, 56.735201536984654 ], [ -2.438996885717235, 56.735209905300309 ], [ -2.438991280471517, 56.735218266770296 ], [ -2.43898564223493, 56.735226621518777 ], [ -2.43897997198861, 56.735234969669939 ], [ -2.438974270713704, 56.735243311347922 ], [ -2.438968539391357, 56.735251646676865 ], [ -2.438962779002716, 56.735259975780956 ], [ -2.438956990528924, 56.735268298784348 ], [ -2.438951174951128, 56.735276615811166 ], [ -2.438945333250478, 56.735284926985621 ], [ -2.438939466408122, 56.7352932324318 ], [ -2.43893357540521, 56.735301532273937 ], [ -2.43892766122289, 56.735309826636154 ], [ -2.438921724842314, 56.735318115642613 ], [ -2.438915767244634, 56.73532639941746 ], [ -2.438909789411004, 56.735334678084875 ], [ -2.438903792322575, 56.735342951768992 ], [ -2.438897776960504, 56.735351220593998 ], [ -2.438891744305944, 56.735359484684054 ], [ -2.43888569534005, 56.735367744163291 ], [ -2.438879631043982, 56.735375999155899 ], [ -2.438873552398895, 56.735384249786016 ], [ -2.438867460385945, 56.735392496177823 ], [ -2.438861355986294, 56.735400738455461 ], [ -2.438855240181101, 56.735408976743088 ], [ -2.438849113951528, 56.735417211164886 ], [ -2.438842978278733, 56.73542544184501 ], [ -2.438836834143881, 56.735433668907618 ], [ -2.438830682528132, 56.735441892476871 ], [ -2.438824524412651, 56.735450112676929 ], [ -2.438818360778604, 56.735458329631939 ], [ -2.438812192607153, 56.73546654346611 ], [ -2.438806020879466, 56.735474754303574 ], [ -2.438799846576708, 56.735482962268463 ], [ -2.438793670680051, 56.735491167484994 ], [ -2.438787494170658, 56.735499370077314 ], [ -2.438781318029698, 56.735507570169567 ], [ -2.438775143238345, 56.735515767885936 ], [ -2.438768970777766, 56.73552396335058 ], [ -2.438762801629133, 56.735532156687654 ], [ -2.438756636773617, 56.735540348021331 ], [ -2.438750477192393, 56.735548537475786 ], [ -2.438744323866636, 56.735556725175144 ], [ -2.438738177777516, 56.735564911243621 ], [ -2.438732039906209, 56.73557309580535 ], [ -2.438725911233894, 56.73558127898449 ], [ -2.438719792741744, 56.735589460905238 ], [ -2.438713685410936, 56.73559764169174 ], [ -2.43870759021825, 56.735605821469413 ], [ -2.43870150781701, 56.735614000455946 ], [ -2.438695438321798, 56.735622179022698 ], [ -2.438689381796187, 56.735630357555536 ], [ -2.438683338303746, 56.735638536440419 ], [ -2.438677307908046, 56.735646716063179 ], [ -2.438671290672662, 56.735654896809756 ], [ -2.438665286661163, 56.73566307906605 ], [ -2.43865929593712, 56.735671263217938 ], [ -2.438653318564101, 56.73567944965135 ], [ -2.43864735460568, 56.735687638752168 ], [ -2.438641404125426, 56.735695830906295 ], [ -2.438635467186909, 56.735704026499626 ], [ -2.438629543853699, 56.735712225918064 ], [ -2.438623634189366, 56.73572042954752 ], [ -2.438617738257479, 56.735728637773875 ], [ -2.438611856121606, 56.735736850983074 ], [ -2.438605987845318, 56.735745069560942 ], [ -2.438600133492188, 56.735753293893438 ], [ -2.438594293125776, 56.735761524366445 ], [ -2.438588466809659, 56.735769761365866 ], [ -2.4385826546074, 56.735778005277588 ], [ -2.438576856582569, 56.735786256487529 ], [ -2.438571072798734, 56.735794515381578 ], [ -2.438565303319464, 56.735802782345644 ], [ -2.438559548208326, 56.735811057765616 ], [ -2.43855380752889, 56.735819342027405 ], [ -2.438548081344721, 56.735827635516891 ], [ -2.438542369719387, 56.735835938619999 ], [ -2.438536672716456, 56.735844251722625 ], [ -2.438530990391784, 56.735852575204753 ], [ -2.438525321359388, 56.735860908340548 ], [ -2.438519661106074, 56.735869248005741 ], [ -2.438514004709089, 56.735877590761987 ], [ -2.438508347245676, 56.735885933170927 ], [ -2.438502683793077, 56.73589427179418 ], [ -2.438497009428534, 56.735902603193388 ], [ -2.438491319229278, 56.735910923930192 ], [ -2.438485608272548, 56.735919230566211 ], [ -2.438479871635577, 56.735927519663079 ], [ -2.438474104395591, 56.735935787782417 ], [ -2.438468301629823, 56.735944031485879 ], [ -2.438462458415494, 56.735952247335078 ], [ -2.438456569829832, 56.735960431891641 ], [ -2.438450630950056, 56.735968581717209 ], [ -2.438444636853387, 56.735976693373374 ], [ -2.438438582617047, 56.735984763421783 ], [ -2.43843246331825, 56.735992788424063 ], [ -2.438426274034211, 56.736000764941828 ], [ -2.438420009842144, 56.736008689536703 ], [ -2.438413665840208, 56.736016558784499 ], [ -2.438407240976748, 56.736024371872226 ], [ -2.438400742517196, 56.736032133627504 ], [ -2.43839417881119, 56.736039849613228 ], [ -2.438387558208375, 56.736047525392294 ], [ -2.438380889058394, 56.736055166527628 ], [ -2.438374179710897, 56.736062778582138 ], [ -2.438367438515534, 56.736070367118735 ], [ -2.438360673821959, 56.736077937700323 ], [ -2.438353893979831, 56.736085495889832 ], [ -2.43834710733881, 56.736093047250186 ], [ -2.438340322248557, 56.736100597344311 ], [ -2.438333547058735, 56.736108151735102 ], [ -2.438326790119016, 56.736115715985513 ], [ -2.438320059779068, 56.73612329565843 ], [ -2.438313364388567, 56.736130896316837 ], [ -2.438306712297187, 56.736138523523614 ], [ -2.438300111854606, 56.736146182841715 ], [ -2.438293571410513, 56.736153879834077 ], [ -2.438287099314586, 56.736161620063626 ], [ -2.438280703916517, 56.736169409093286 ], [ -2.438274393566001, 56.736177252486016 ], [ -2.438268176419873, 56.736185155664444 ], [ -2.438262055541295, 56.736193120345362 ], [ -2.438256028505006, 56.736201144252519 ], [ -2.4382500926138, 56.736209224911832 ], [ -2.438244245170477, 56.736217359849235 ], [ -2.438238483477825, 56.736225546590632 ], [ -2.438232804838644, 56.736233782661934 ], [ -2.438227206555723, 56.736242065589053 ], [ -2.438221685931858, 56.736250392897908 ], [ -2.438216240269841, 56.736258762114403 ], [ -2.438210866872468, 56.736267170764449 ], [ -2.43820556304253, 56.736275616373952 ], [ -2.438200326082816, 56.736284096468836 ], [ -2.43819515329612, 56.736292608574985 ], [ -2.438190041985233, 56.736301150218338 ], [ -2.438184989452943, 56.736309718924765 ], [ -2.438179993002038, 56.736318312220227 ], [ -2.438175049935308, 56.736326927630579 ], [ -2.438170157555539, 56.736335562681745 ], [ -2.438165313165515, 56.736344214899638 ], [ -2.438160514068024, 56.736352881810149 ], [ -2.438155757565847, 56.736361560939201 ], [ -2.438151040961767, 56.736370249812687 ], [ -2.438146361558565, 56.736378945956517 ], [ -2.438141716659023, 56.736387646896581 ], [ -2.438137103565918, 56.736396350158799 ], [ -2.438132519582027, 56.736405053269053 ], [ -2.43812796201013, 56.736413753753268 ], [ -2.438123428152995, 56.736422449137329 ], [ -2.438118915313404, 56.736431136947147 ], [ -2.438114420798657, 56.736439814715752 ], [ -2.438109942466596, 56.736448480842668 ], [ -2.438105479245279, 56.73645713541179 ], [ -2.438101030185853, 56.736465778700833 ], [ -2.438096594339475, 56.736474410987398 ], [ -2.438092170757298, 56.736483032549188 ], [ -2.438087758490468, 56.736491643663854 ], [ -2.438083356590137, 56.73650024460904 ], [ -2.438078964107454, 56.736508835662455 ], [ -2.438074580093567, 56.736517417101709 ], [ -2.438070203599625, 56.736525989204495 ], [ -2.438065833676769, 56.736534552248465 ], [ -2.438061469376145, 56.736543106511284 ], [ -2.4380571097489, 56.736551652270613 ], [ -2.438052753846174, 56.736560189804095 ], [ -2.438048400719108, 56.736568719389425 ], [ -2.438044049418843, 56.736577241304254 ], [ -2.438039698996522, 56.736585755826219 ], [ -2.438035348503282, 56.736594263233009 ], [ -2.438030996990261, 56.73660276380226 ], [ -2.438026643508592, 56.73661125781166 ], [ -2.438022287109417, 56.736619745538853 ], [ -2.43801792684387, 56.736628227261498 ], [ -2.43801356176308, 56.736636703257268 ], [ -2.438009190918185, 56.736645173803794 ], [ -2.438004813360314, 56.736653639178769 ], [ -2.438000428140603, 56.736662099659839 ], [ -2.437996034310174, 56.736670555524661 ], [ -2.437991630920165, 56.736679007050903 ], [ -2.437987217021698, 56.736687454516186 ], [ -2.437982791665901, 56.736695898198228 ], [ -2.437978353903903, 56.736704338374665 ], [ -2.437973902786828, 56.736712775323127 ], [ -2.437969437365801, 56.736721209321317 ], [ -2.437964956691943, 56.736729640646864 ], [ -2.437960459816377, 56.73673806957742 ], [ -2.437955945790226, 56.73674649639068 ], [ -2.437951413664611, 56.73675492136428 ], [ -2.437946862490649, 56.736763344775859 ], [ -2.43794229131946, 56.736771766903097 ], [ -2.437937699202163, 56.736780188023658 ], [ -2.437933085189878, 56.736788608415182 ], [ -2.437928448561013, 56.73679702830583 ], [ -2.437923789421086, 56.736805447743684 ], [ -2.437919108063713, 56.736813866735872 ], [ -2.437914404782501, 56.736822285289492 ], [ -2.437909679871064, 56.736830703411663 ], [ -2.437904933623016, 56.736839121109497 ], [ -2.437900166331969, 56.736847538390116 ], [ -2.437895378291538, 56.73685595526063 ], [ -2.437890569795333, 56.736864371728167 ], [ -2.437885741136967, 56.736872787799804 ], [ -2.437880892610059, 56.73688120348271 ], [ -2.437876024508219, 56.736889618783977 ], [ -2.437871137125066, 56.736898033710716 ], [ -2.43786623075421, 56.736906448270041 ], [ -2.437861305689267, 56.736914862469085 ], [ -2.437856362223853, 56.736923276314933 ], [ -2.437851400651583, 56.736931689814732 ], [ -2.437846421266076, 56.736940102975595 ], [ -2.437841424360943, 56.736948515804627 ], [ -2.437836410229802, 56.736956928308928 ], [ -2.43783137916627, 56.736965340495658 ], [ -2.437826331463965, 56.736973752371881 ], [ -2.437821267416501, 56.736982163944766 ], [ -2.437816187317499, 56.736990575221384 ], [ -2.437811091460572, 56.736998986208881 ], [ -2.437805980139342, 56.737007396914365 ], [ -2.437800853647426, 56.737015807344932 ], [ -2.437795712278441, 56.737024217507738 ], [ -2.437790556326008, 56.737032627409853 ], [ -2.43778538608374, 56.737041037058439 ], [ -2.437780201845265, 56.737049446460581 ], [ -2.437775003904195, 56.737057855623412 ], [ -2.437769792554155, 56.737066264554045 ], [ -2.437764568088757, 56.737074673259592 ], [ -2.437759330801629, 56.737083081747173 ], [ -2.43775408098639, 56.7370914900239 ], [ -2.437748818936659, 56.737099898096893 ], [ -2.437743544946055, 56.737108305973273 ], [ -2.437738259308202, 56.737116713660157 ], [ -2.437732962316722, 56.737125121164659 ], [ -2.437727654265235, 56.737133528493885 ], [ -2.43772233544736, 56.737141935654982 ], [ -2.437717006156724, 56.737150342655028 ], [ -2.43771166668695, 56.737158749501177 ], [ -2.437706317331655, 56.737167156200513 ], [ -2.437700958384469, 56.737175562760179 ], [ -2.437695590139008, 56.737183969187285 ], [ -2.437690212888902, 56.737192375488959 ], [ -2.437684826927769, 56.737200781672286 ], [ -2.437679432549237, 56.737209187744412 ], [ -2.437674030046928, 56.73721759371243 ], [ -2.437668619714468, 56.737225999583494 ], [ -2.437663201845482, 56.737234405364681 ], [ -2.437657776733591, 56.737242811063147 ], [ -2.437652344672428, 56.737251216685983 ], [ -2.437646905955609, 56.73725962224033 ], [ -2.437641460876767, 56.737268027733279 ], [ -2.437636009729524, 56.737276433171957 ], [ -2.43763055280751, 56.73728483856349 ], [ -2.437625090404346, 56.737293243914991 ], [ -2.437619622813665, 56.737301649233594 ], [ -2.43761415032909, 56.737310054526382 ], [ -2.437608673244247, 56.737318459800484 ], [ -2.437603191852769, 56.737326865063054 ], [ -2.437597706448281, 56.737335270321168 ], [ -2.437592217324409, 56.737343675581954 ], [ -2.437586724774783, 56.737352080852553 ], [ -2.43758122909303, 56.737360486140048 ], [ -2.437575730572783, 56.737368891451588 ], [ -2.437570229507668, 56.737377296794293 ], [ -2.437564726191314, 56.737385702175253 ], [ -2.43755922091735, 56.737394107601595 ], [ -2.437553713979409, 56.737402513080461 ], [ -2.43754820567112, 56.737410918618941 ], [ -2.437542696286111, 56.737419324224156 ], [ -2.437537186118013, 56.73742772990326 ], [ -2.437531675460461, 56.73743613566333 ], [ -2.437526164607081, 56.737444541511522 ], [ -2.437520653851507, 56.737452947454919 ], [ -2.43751514348737, 56.73746135350067 ], [ -2.437509633734905, 56.737469759631374 ], [ -2.437504122635877, 56.737478165102722 ], [ -2.437498605740342, 56.737486568338895 ], [ -2.437493078461964, 56.737494967718533 ], [ -2.437487536214401, 56.737503361620334 ], [ -2.437481974411311, 56.737511748422953 ], [ -2.437476388466341, 56.737520126505053 ], [ -2.437470773793148, 56.737528494245304 ], [ -2.437465125805371, 56.737536850022352 ], [ -2.437459439916655, 56.737545192214867 ], [ -2.437453711540646, 56.737553519201519 ], [ -2.437447936090976, 56.737561829360963 ], [ -2.437442108981281, 56.737570121071855 ], [ -2.437436225625189, 56.737578392712848 ], [ -2.437430281436335, 56.737586642662613 ], [ -2.437424271828339, 56.737594869299798 ], [ -2.437418192214829, 56.737603071003065 ], [ -2.437412038009423, 56.737611246151047 ], [ -2.437405804625741, 56.737619393122429 ], [ -2.437399487477395, 56.73762751029583 ], [ -2.437393081978001, 56.737635596049934 ], [ -2.437386583541167, 56.737643648763367 ], [ -2.437379987580504, 56.737651666814784 ], [ -2.43737328950962, 56.737659648582834 ], [ -2.437366484742111, 56.737667592446151 ], [ -2.437359568691586, 56.737675496783396 ], [ -2.437352536771642, 56.737683359973218 ], [ -2.437345384395875, 56.737691180394243 ], [ -2.437338106977884, 56.737698956425113 ], [ -2.437330699931264, 56.737706686444454 ], [ -2.437323158725358, 56.73771436885243 ], [ -2.437315482736803, 56.73772200355436 ], [ -2.437307677746094, 56.73772959292274 ], [ -2.437299750127328, 56.737737139558668 ], [ -2.437291706254601, 56.737744646063277 ], [ -2.437283552502012, 56.737752115037665 ], [ -2.437275295243668, 56.737759549082995 ], [ -2.437266940853676, 56.737766950800385 ], [ -2.437258495706145, 56.737774322790933 ], [ -2.437249966175194, 56.73778166765581 ], [ -2.437241358634933, 56.737788987996154 ], [ -2.437232679459488, 56.737796286413072 ], [ -2.437223935022977, 56.737803565507704 ], [ -2.437215131699531, 56.737810827881198 ], [ -2.437206275863274, 56.737818076134687 ], [ -2.437197373888336, 56.737825312869312 ], [ -2.437188432148853, 56.73783254068622 ], [ -2.437179457018958, 56.737839762186546 ], [ -2.437170454872791, 56.737846979971458 ], [ -2.437161432084492, 56.737854196642104 ], [ -2.437152395028206, 56.737861414799596 ], [ -2.437143350078073, 56.737868637045132 ], [ -2.437134303608245, 56.737875865979838 ], [ -2.437125261992872, 56.737883104204876 ], [ -2.437116231606104, 56.737890354321408 ], [ -2.437107218822099, 56.737897618930596 ], [ -2.43709823001501, 56.737904900633595 ], [ -2.437089271559002, 56.737912202031573 ], [ -2.437080349828235, 56.737919525725701 ], [ -2.437071471196873, 56.737926874317132 ], [ -2.437062642039086, 56.737934250407058 ], [ -2.43705386872904, 56.737941656596611 ], [ -2.437045157640914, 56.737949095487011 ], [ -2.43703651514888, 56.737956569679383 ], [ -2.437027947627117, 56.737964081774948 ], [ -2.437019461449813, 56.737971634374858 ], [ -2.437011062991149, 56.737979230080306 ], [ -2.437002758625312, 56.737986871492467 ], [ -2.436994554726498, 56.737994561212517 ], [ -2.436986457668903, 56.738002301841625 ], [ -2.436978473826724, 56.738010095981018 ], [ -2.436970609574167, 56.738017946231857 ], [ -2.436962874096017, 56.738025855090264 ], [ -2.436955309884736, 56.738033823807235 ], [ -2.436947981226963, 56.738041852819023 ], [ -2.436940952786597, 56.738049942547811 ], [ -2.43693428922759, 56.738058093415795 ], [ -2.436928055213952, 56.738066305845216 ], [ -2.436922315409757, 56.738074580258264 ], [ -2.436917134479137, 56.738082917077158 ], [ -2.436912577086285, 56.738091316724137 ], [ -2.436908707895455, 56.73809977962145 ], [ -2.436905590642485, 56.73810830614498 ], [ -2.436903238965381, 56.738116894171171 ], [ -2.436901591915788, 56.738125537855225 ], [ -2.436900582474632, 56.73813423104945 ], [ -2.436900143622779, 56.738142967606137 ], [ -2.436900208341044, 56.738151741377557 ], [ -2.436900709610175, 56.738160546215994 ], [ -2.436901580410866, 56.738169375973712 ], [ -2.43690275372375, 56.738178224502981 ], [ -2.436904162529399, 56.738187085656065 ], [ -2.436905739808313, 56.738195953285242 ], [ -2.436907418540941, 56.738204821242739 ], [ -2.436909131707661, 56.738213683380863 ], [ -2.436910812288792, 56.738222533551891 ], [ -2.436912393264584, 56.738231365608058 ], [ -2.436913807615228, 56.738240173401692 ], [ -2.436914988320852, 56.738248950785028 ], [ -2.436915868361523, 56.738257691610357 ], [ -2.436916380717245, 56.738266389729979 ], [ -2.436916458367964, 56.738275038996143 ], [ -2.43691603429357, 56.738283633261126 ], [ -2.436915041473889, 56.738292166377207 ], [ -2.436913416060751, 56.738300632526105 ], [ -2.436911146837906, 56.738309031356579 ], [ -2.4369082659231, 56.738317367018503 ], [ -2.436904806724513, 56.738325643795861 ], [ -2.436900802650353, 56.738333865972564 ], [ -2.436896287108865, 56.738342037832574 ], [ -2.436891293508317, 56.73835016365981 ], [ -2.436885855257016, 56.738358247738226 ], [ -2.436880005763289, 56.738366294351749 ], [ -2.4368737784355, 56.738374307784326 ], [ -2.436867206682037, 56.738382292319905 ], [ -2.436860323911312, 56.738390252242439 ], [ -2.436853163531766, 56.738398191835856 ], [ -2.436845758951864, 56.73840611538413 ], [ -2.4368381435801, 56.738414027171245 ], [ -2.43683035082499, 56.738421931481163 ], [ -2.436822414095075, 56.738429832597873 ], [ -2.43681436679892, 56.738437734805345 ], [ -2.436806242345113, 56.738445642387596 ], [ -2.43679807414227, 56.738453559628617 ], [ -2.436789895599026, 56.738461490812462 ], [ -2.436781740124046, 56.738469440223113 ], [ -2.436773641126014, 56.738477412144647 ], [ -2.436765632013642, 56.738485410861074 ], [ -2.436757746195664, 56.738493440656455 ], [ -2.436750017080846, 56.73850150581486 ], [ -2.436742478077969, 56.738509610620355 ], [ -2.436735162595846, 56.738517759357023 ], [ -2.436728104043319, 56.738525956308926 ], [ -2.436721335829255, 56.738534205760182 ], [ -2.43671489136255, 56.738542511994879 ], [ -2.436708804052125, 56.738550879297108 ], [ -2.436703107306938, 56.738559311950993 ], [ -2.436697834535972, 56.738567814240625 ], [ -2.436693019148244, 56.73857639045012 ], [ -2.436688694552807, 56.738585044863612 ], [ -2.43668489415874, 56.738593781765182 ], [ -2.43668165137517, 56.738602605438942 ], [ -2.436678999611248, 56.738611520169023 ], [ -2.436676972276174, 56.738620530239501 ], [ -2.436675602779179, 56.73862963993448 ], [ -2.436674902623103, 56.738638849316914 ], [ -2.436674784132972, 56.738648139339141 ], [ -2.436675131580385, 56.738657485547932 ], [ -2.436675829235101, 56.738666863489698 ], [ -2.436676761366748, 56.738676248710853 ], [ -2.436677812244852, 56.73868561675782 ], [ -2.436678866138815, 56.738694943177009 ], [ -2.436679807317923, 56.738704203514857 ], [ -2.436680520051352, 56.738713373317744 ], [ -2.436680888608163, 56.738722428132114 ], [ -2.436680804646256, 56.738731345245874 ], [ -2.436680241933251, 56.738740121299266 ], [ -2.436679225466517, 56.738748765006754 ], [ -2.436677781022225, 56.738757285266388 ], [ -2.436675934376575, 56.73876569097618 ], [ -2.436673711305801, 56.738773991034201 ], [ -2.436671137586158, 56.738782194338441 ], [ -2.436668238993932, 56.738790309786935 ], [ -2.436665041305428, 56.738798346277704 ], [ -2.436661570296979, 56.738806312708796 ], [ -2.436657851744937, 56.738814217978195 ], [ -2.436653911425669, 56.738822070983979 ], [ -2.436649775115575, 56.738829880624152 ], [ -2.436645468591061, 56.738837655796765 ], [ -2.436641017628558, 56.738845405399836 ], [ -2.436636448004514, 56.738853138331422 ], [ -2.436631785495387, 56.738860863489577 ], [ -2.436627055877667, 56.738868589772309 ], [ -2.436622284927844, 56.738876326077722 ], [ -2.436617498422434, 56.738884081303837 ], [ -2.436612722137969, 56.738891864348723 ], [ -2.436607981850993, 56.738899684110436 ], [ -2.436603302182086, 56.738907549057025 ], [ -2.436598692601872, 56.738915462020451 ], [ -2.436594151927475, 56.738923421869394 ], [ -2.436589678754415, 56.738931427390121 ], [ -2.436585271678214, 56.738939477368874 ], [ -2.436580929294396, 56.738947570591925 ], [ -2.43657665019848, 56.738955705845498 ], [ -2.436572432985986, 56.738963881915858 ], [ -2.436568276252435, 56.738972097589247 ], [ -2.43656417859335, 56.738980351651925 ], [ -2.436560138604249, 56.738988642890128 ], [ -2.43655615488065, 56.73899697009012 ], [ -2.436552226018076, 56.73900533203814 ], [ -2.436548350612044, 56.739013727520422 ], [ -2.436544527258074, 56.739022155323255 ], [ -2.43654075455168, 56.739030614232867 ], [ -2.436537031088382, 56.739039103035488 ], [ -2.436533355463696, 56.739047620517397 ], [ -2.436529726273139, 56.739056165464802 ], [ -2.436526142112227, 56.739064736663991 ], [ -2.436522601576474, 56.739073332901199 ], [ -2.436519103261396, 56.73908195296265 ], [ -2.436515645762506, 56.739090595634615 ], [ -2.436512227675314, 56.73909925970333 ], [ -2.436508847595337, 56.739107943955077 ], [ -2.436505504118084, 56.739116647176047 ], [ -2.436502195839065, 56.7391253681525 ], [ -2.436498921353794, 56.739134105670701 ], [ -2.436495679257775, 56.739142858516892 ], [ -2.436492468146522, 56.739151625477298 ], [ -2.436489286615536, 56.739160405338197 ], [ -2.43648613326033, 56.739169196885797 ], [ -2.436483006676407, 56.739177998906371 ], [ -2.436479905459273, 56.739186810186162 ], [ -2.436476828204432, 56.739195629511386 ], [ -2.436473773507387, 56.739204455668322 ], [ -2.436470739963641, 56.739213287443192 ], [ -2.436467726168696, 56.73922212362227 ], [ -2.436464730718049, 56.739230962991769 ], [ -2.436461752207205, 56.739239804337927 ], [ -2.43645878923166, 56.739248646447017 ], [ -2.436455840386913, 56.739257488105274 ], [ -2.436452904268065, 56.739266328204543 ], [ -2.436449979467751, 56.739275166299564 ], [ -2.436447064577646, 56.739284002201551 ], [ -2.436444158189415, 56.739292835722289 ], [ -2.436441258894736, 56.739301666673533 ], [ -2.436438365285271, 56.739310494867077 ], [ -2.436435475952692, 56.739319320114717 ], [ -2.436432589488664, 56.739328142228217 ], [ -2.436429704484851, 56.73933696101934 ], [ -2.436426819532921, 56.739345776299878 ], [ -2.436423933224529, 56.739354587881628 ], [ -2.436421044151343, 56.739363395576348 ], [ -2.436418150905018, 56.739372199195813 ], [ -2.436415252077217, 56.739380998551809 ], [ -2.436412346259596, 56.739389793456105 ], [ -2.43640943204381, 56.739398583720494 ], [ -2.436406508021516, 56.739407369156737 ], [ -2.436403572784366, 56.739416149576634 ], [ -2.436400624924013, 56.73942492479194 ], [ -2.43639766303211, 56.739433694614434 ], [ -2.436394685700304, 56.739442458855905 ], [ -2.436391691520249, 56.739451217328131 ], [ -2.436388679083587, 56.739459969842862 ], [ -2.436385646981968, 56.73946871621191 ], [ -2.436382593807033, 56.739477456247023 ], [ -2.436379518150432, 56.739486189759987 ], [ -2.436376418603805, 56.739494916562585 ], [ -2.436373293758793, 56.739503636466601 ], [ -2.436370142207037, 56.739512349283778 ], [ -2.436366962540175, 56.739521054825907 ], [ -2.436363753349846, 56.739529752904772 ], [ -2.436360513227686, 56.739538443332151 ], [ -2.436357240765332, 56.739547125919799 ], [ -2.436353934554421, 56.739555800479508 ], [ -2.436350593186579, 56.739564466823062 ], [ -2.436347215253444, 56.739573124762195 ], [ -2.436343799346642, 56.7395817741087 ], [ -2.436340344057809, 56.739590414674389 ], [ -2.43633684797857, 56.739599046270961 ], [ -2.436333309700553, 56.739607668710264 ], [ -2.436329727815382, 56.739616281804032 ], [ -2.436326100914686, 56.73962488536403 ], [ -2.436322427590086, 56.73963347920207 ], [ -2.436318706433206, 56.739642063129871 ], [ -2.436314936035668, 56.739650636959254 ], [ -2.436311114989092, 56.739659200501968 ], [ -2.436307241885098, 56.739667753569798 ], [ -2.436303315315304, 56.739676295974476 ], [ -2.436299333871329, 56.739684827527832 ], [ -2.436295296144788, 56.739693348041598 ], [ -2.436291200727294, 56.739701857327546 ], [ -2.436287046210463, 56.739710355197474 ], [ -2.436282831185908, 56.739718841463109 ], [ -2.436278554245241, 56.739727315936278 ], [ -2.436274213980073, 56.739735778428688 ], [ -2.436269808982014, 56.739744228752159 ], [ -2.43626533784267, 56.739752666718417 ], [ -2.436260799153653, 56.739761092139268 ], [ -2.436256191506565, 56.739769504826462 ], [ -2.436251513493017, 56.739777904591769 ], [ -2.436246763704609, 56.739786291246965 ], [ -2.436241940732948, 56.739794664603806 ], [ -2.436237043169635, 56.739803024474057 ], [ -2.436232069606271, 56.739811370669486 ], [ -2.436227018634455, 56.739819703001871 ], [ -2.436221888845793, 56.739828021282975 ], [ -2.43621667883188, 56.739836325324546 ], [ -2.436211387184312, 56.739844614938377 ], [ -2.436206012494687, 56.739852889936209 ], [ -2.436200553354603, 56.739861150129798 ], [ -2.436195008355653, 56.739869395330956 ], [ -2.436189376091783, 56.739877625351738 ], [ -2.436183656028442, 56.739885840135571 ], [ -2.436177849802085, 56.739894039952794 ], [ -2.436171959381565, 56.739902225123842 ], [ -2.436165986735743, 56.739910395969126 ], [ -2.436159933833483, 56.739918552809073 ], [ -2.436153802643644, 56.739926695964122 ], [ -2.436147595135094, 56.739934825754688 ], [ -2.436141313276698, 56.739942942501209 ], [ -2.43613495903732, 56.739951046524112 ], [ -2.436128534385836, 56.739959138143803 ], [ -2.436122041291114, 56.739967217680721 ], [ -2.436115481722025, 56.739975285455309 ], [ -2.436108857647445, 56.739983341787976 ], [ -2.436102171036252, 56.739991386999165 ], [ -2.436095423857318, 56.739999421409294 ], [ -2.436088618079526, 56.740007445338797 ], [ -2.436081755671756, 56.740015459108086 ], [ -2.436074838602889, 56.740023463037637 ], [ -2.436067868841809, 56.74003145744782 ], [ -2.436060848357399, 56.740039442659111 ], [ -2.436053779118548, 56.740047418991921 ], [ -2.436046663094144, 56.740055386766699 ], [ -2.436039502253076, 56.740063346303856 ], [ -2.436032298564234, 56.740071297923826 ], [ -2.436025053996511, 56.740079241947058 ], [ -2.4360177705188, 56.740087178693983 ], [ -2.436010450099996, 56.740095108485015 ], [ -2.436003094708998, 56.740103031640601 ], [ -2.435995706314703, 56.740110948481174 ], [ -2.435988286886008, 56.740118859327168 ], [ -2.43598083839182, 56.740126764499024 ], [ -2.435973362801034, 56.740134664317189 ], [ -2.435965862082559, 56.740142559102061 ], [ -2.435958338205299, 56.740150449174109 ], [ -2.435950793138162, 56.740158334853767 ], [ -2.435943228850051, 56.740166216461468 ], [ -2.435935647309881, 56.740174094317652 ], [ -2.435928050486558, 56.74018196874276 ], [ -2.435920440349, 56.740189840057212 ], [ -2.435912818866115, 56.740197708581483 ], [ -2.435905188006819, 56.740205574635979 ], [ -2.435897549740034, 56.740213438541154 ], [ -2.43588990603467, 56.740221300617456 ], [ -2.435882258859652, 56.74022916118534 ], [ -2.435874610183894, 56.740237020565196 ], [ -2.435866961976324, 56.740244879077508 ], [ -2.435859316205862, 56.740252737042738 ], [ -2.435851674841436, 56.74026059478129 ], [ -2.435844039851966, 56.740268452613627 ], [ -2.435836413206383, 56.740276310860182 ], [ -2.435828796873618, 56.740284169841416 ], [ -2.435821192822596, 56.74029202987775 ], [ -2.435813603022249, 56.740299891289666 ], [ -2.435806029441516, 56.740307754397577 ], [ -2.435798474049324, 56.740315619521958 ], [ -2.435790938814612, 56.740323486983229 ], [ -2.435783425706317, 56.740331357101866 ], [ -2.435775936693376, 56.740339230198309 ], [ -2.43576847374473, 56.740347106592999 ], [ -2.435761038829319, 56.740354986606391 ], [ -2.435753633916087, 56.740362870558933 ], [ -2.435746260973976, 56.740370758771071 ], [ -2.435738921971935, 56.740378651563262 ], [ -2.435731618878906, 56.740386549255959 ], [ -2.435724353663839, 56.740394452169625 ], [ -2.435717128295685, 56.740402360624692 ], [ -2.435709944743394, 56.740410274941617 ], [ -2.435702804975917, 56.740418195440867 ], [ -2.435695710962213, 56.740426122442877 ], [ -2.435688664671231, 56.740434056268114 ], [ -2.435681668071939, 56.740441997237049 ], [ -2.435674723220703, 56.740449945754399 ], [ -2.43566783247672, 56.740457902517058 ], [ -2.435660998264735, 56.740465868284979 ], [ -2.435654223009493, 56.740473843818279 ], [ -2.435647509135745, 56.740481829876963 ], [ -2.435640859068235, 56.740489827221076 ], [ -2.435634275231717, 56.74049783661065 ], [ -2.435627760050944, 56.740505858805776 ], [ -2.43562131595067, 56.740513894566433 ], [ -2.435614945355649, 56.74052194465272 ], [ -2.43560865069064, 56.740530009824653 ], [ -2.435602434380403, 56.740538090842279 ], [ -2.435596298849697, 56.740546188465643 ], [ -2.435590246523287, 56.740554303454793 ], [ -2.435584279825937, 56.740562436569768 ], [ -2.435578401182414, 56.740570588570627 ], [ -2.435572613017484, 56.740578760217396 ], [ -2.435566917755921, 56.740586952270164 ], [ -2.435561317822494, 56.740595165488934 ], [ -2.435555815641978, 56.740603400633752 ], [ -2.435550413639151, 56.740611658464715 ], [ -2.435545114238791, 56.740619939741812 ], [ -2.435539919865674, 56.740628245225125 ], [ -2.435534832944589, 56.740636575674685 ], [ -2.435529855900314, 56.740644931850561 ], [ -2.43552499115764, 56.740653314512784 ], [ -2.435520241141354, 56.7406617244214 ], [ -2.43551560827625, 56.740670162336471 ], [ -2.435511094987117, 56.740678629018042 ], [ -2.435506703698753, 56.740687125226145 ], [ -2.435502436835954, 56.740695651720849 ], [ -2.435498294813249, 56.740704208783505 ], [ -2.435494270290555, 56.740712794848804 ], [ -2.4354903540582, 56.740721407906328 ], [ -2.435486536906515, 56.740730045945583 ], [ -2.435482809625815, 56.740738706956115 ], [ -2.435479163006414, 56.740747388927424 ], [ -2.435475587838611, 56.740756089849071 ], [ -2.43547207491271, 56.740764807710562 ], [ -2.435468615018992, 56.740773540501429 ], [ -2.435465198947742, 56.740782286211207 ], [ -2.435461817489235, 56.7407910428294 ], [ -2.435458461433736, 56.740799808345528 ], [ -2.435455121571502, 56.740808580749125 ], [ -2.435451788692785, 56.740817358029702 ], [ -2.435448453587824, 56.740826138176772 ], [ -2.435445107046859, 56.740834919179861 ], [ -2.435441739860114, 56.740843699028488 ], [ -2.435438342817808, 56.740852475712167 ], [ -2.435434906710152, 56.740861247220394 ], [ -2.435431422327354, 56.740870011542711 ], [ -2.435427880459604, 56.740878766668601 ], [ -2.435424271897094, 56.740887510587577 ], [ -2.435420587430003, 56.740896241289178 ], [ -2.435416817848507, 56.740904956762876 ], [ -2.435412953942765, 56.740913654998209 ], [ -2.435408986502942, 56.740922333984642 ], [ -2.435404906319187, 56.740930991711707 ], [ -2.435400704181643, 56.74093962616891 ], [ -2.435396370880448, 56.740948235345719 ], [ -2.435391897205732, 56.740956817231663 ], [ -2.435387273947614, 56.740965369816244 ], [ -2.435382491896214, 56.740973891088927 ], [ -2.435377541841643, 56.74098237903921 ], [ -2.435372414574002, 56.740990831656589 ], [ -2.435367100883387, 56.740999246930564 ], [ -2.435361591559894, 56.74100762285061 ], [ -2.435355877393606, 56.741015957406191 ], [ -2.435349949174601, 56.741024248586818 ], [ -2.435343797692955, 56.741032494381955 ], [ -2.43533741373874, 56.741040692781077 ], [ -2.435330788102017, 56.741048841773647 ], [ -2.435323913341529, 56.741056939681506 ], [ -2.435316798726812, 56.741064987966837 ], [ -2.435309462723657, 56.74107298981999 ], [ -2.435301923893438, 56.741080948449252 ], [ -2.435294200797536, 56.741088867062977 ], [ -2.435286311997353, 56.741096748869452 ], [ -2.435278276054304, 56.741104597077019 ], [ -2.435270111529814, 56.741112414894012 ], [ -2.435261836985325, 56.74112020552873 ], [ -2.435253470982292, 56.741127972189545 ], [ -2.435245032082177, 56.741135718084777 ], [ -2.43523653884646, 56.741143446422782 ], [ -2.435228009836632, 56.741151160411931 ], [ -2.435219463614196, 56.741158863260544 ], [ -2.435210918740672, 56.741166558177021 ], [ -2.435202393777579, 56.741174248369717 ], [ -2.435193907286465, 56.741181937046989 ], [ -2.435185477828879, 56.741189627417242 ], [ -2.435177123966385, 56.741197322688848 ], [ -2.435168864260561, 56.74120502607019 ], [ -2.435160717272994, 56.741212740769676 ], [ -2.435152701565286, 56.741220469995689 ], [ -2.435144835699054, 56.741228216956642 ], [ -2.435137138235922, 56.741235984860943 ], [ -2.435129627737531, 56.741243776917003 ], [ -2.435122322765533, 56.741251596333228 ], [ -2.435115241881598, 56.741259446318061 ], [ -2.435108403647404, 56.741267330079886 ], [ -2.43510182662465, 56.741275250827165 ], [ -2.435095529375044, 56.741283211768305 ], [ -2.435089530460312, 56.741291216111762 ], [ -2.435083848417177, 56.741299267059816 ], [ -2.435078486380973, 56.741307364051046 ], [ -2.43507340589548, 56.741315496359917 ], [ -2.435068561553365, 56.741323651562212 ], [ -2.435063907947248, 56.7413318172337 ], [ -2.43505939966973, 56.741339980950151 ], [ -2.435054991313373, 56.741348130287285 ], [ -2.435050637470708, 56.741356252820864 ], [ -2.435046292734229, 56.741364336126644 ], [ -2.435041911696401, 56.741372367780308 ], [ -2.435037448949653, 56.741380335357633 ], [ -2.435032859086387, 56.741388226434296 ], [ -2.435028096698968, 56.741396028586024 ], [ -2.435023116379739, 56.741403729388516 ], [ -2.43501787272101, 56.741411316417441 ], [ -2.435012320315071, 56.741418777248512 ], [ -2.435006413754184, 56.741426099457385 ], [ -2.435000107630592, 56.741433270619744 ], [ -2.434993356536527, 56.74144027831121 ], [ -2.434986115064197, 56.741447110107408 ], [ -2.434978337805807, 56.741453753583997 ], [ -2.434969979584261, 56.741460196391252 ], [ -2.434961022136153, 56.741466434896203 ], [ -2.43495149893845, 56.741472482223301 ], [ -2.434941449339452, 56.741478353398591 ], [ -2.434930912687491, 56.741484063448112 ], [ -2.434919928330915, 56.741489627397954 ], [ -2.434908535618089, 56.741495060274133 ], [ -2.434896773889403, 56.741500377114782 ], [ -2.4348846824612, 56.741505592994265 ], [ -2.434872300720777, 56.741510722880136 ], [ -2.434859668011516, 56.741515781803905 ], [ -2.434846823678641, 56.741520784795142 ], [ -2.434833807079355, 56.741525746870252 ], [ -2.434820657562184, 56.741530683055245 ], [ -2.434807414475663, 56.741535608376083 ], [ -2.434794117168313, 56.741540537858754 ], [ -2.43478080498867, 56.741545486529304 ], [ -2.434767517285258, 56.741550469413745 ], [ -2.434754293406605, 56.741555501538123 ], [ -2.43474117270124, 56.741560597928533 ], [ -2.434728194517692, 56.741565773611036 ], [ -2.434715398204495, 56.741571043611728 ], [ -2.434702823110183, 56.741576422956712 ], [ -2.434690508583298, 56.74158192667214 ], [ -2.434678493972394, 56.741587569784151 ], [ -2.434666818626027, 56.741593367318877 ], [ -2.434655518775662, 56.741599333057977 ], [ -2.434644600563699, 56.741605468769748 ], [ -2.434634053289454, 56.74161176949773 ], [ -2.43462386606727, 56.741618230211586 ], [ -2.434614028011494, 56.741624845881006 ], [ -2.434604528236479, 56.741631611475647 ], [ -2.434595355856589, 56.741638521965179 ], [ -2.434591728022577, 56.741641410164362 ], [ -2.434598901454929, 56.741633707337371 ], [ -2.434606433769783, 56.741625772511689 ], [ -2.434614083671085, 56.741617883741668 ], [ -2.434621862763025, 56.741610047517618 ], [ -2.434629782649783, 56.741602270329849 ], [ -2.434637854935539, 56.741594558668695 ], [ -2.434646091224467, 56.741586919024421 ], [ -2.434654503120749, 56.741579357887339 ], [ -2.434663102228555, 56.741571881747745 ], [ -2.434671900152056, 56.741564497095915 ], [ -2.434680908495427, 56.741557210422151 ], [ -2.43469013886284, 56.74155002821675 ], [ -2.434699602858469, 56.741542956969951 ], [ -2.434709312086489, 56.741536003172051 ], [ -2.434719278151078, 56.741529173313303 ], [ -2.434729512656419, 56.741522473883983 ], [ -2.434740027206694, 56.741515911374364 ], [ -2.434750830280654, 56.74150949102475 ], [ -2.43476188220529, 56.741503198513939 ], [ -2.43477310539651, 56.74149700414376 ], [ -2.434784421240493, 56.741490877806505 ], [ -2.434795751123433, 56.741484789394548 ], [ -2.434807016431538, 56.741478708800258 ], [ -2.434818138551033, 56.74147260591608 ], [ -2.434829038868157, 56.741466450634441 ], [ -2.434839638769165, 56.741460212847826 ], [ -2.434849859640342, 56.741453862448729 ], [ -2.43485962286799, 56.741447369329656 ], [ -2.434868849838444, 56.741440703383162 ], [ -2.434877470080392, 56.741433837226495 ], [ -2.434885501312182, 56.74142677298827 ], [ -2.434893015222178, 56.741419530857314 ], [ -2.434900084270252, 56.741412131290161 ], [ -2.434906780905127, 56.741404594759949 ], [ -2.434913177614466, 56.741396941681366 ], [ -2.434919346862944, 56.741389192503526 ], [ -2.434925361115181, 56.74138136767553 ], [ -2.434931292835763, 56.741373487646428 ], [ -2.434937214489222, 56.741365572865313 ], [ -2.43494319750662, 56.741357643505829 ], [ -2.434949279188712, 56.741349710645522 ], [ -2.434955455710125, 56.741341774401462 ], [ -2.434961720797645, 56.741333834238397 ], [ -2.434968068178061, 56.74132588962101 ], [ -2.434974491578168, 56.741317940013992 ], [ -2.434980984724766, 56.741309984882065 ], [ -2.434987541344658, 56.741302023689897 ], [ -2.434994155164654, 56.741294055902245 ], [ -2.435000819911569, 56.741286080983805 ], [ -2.435007529312221, 56.741278098399263 ], [ -2.435014277093432, 56.741270107613374 ], [ -2.435021056982032, 56.741262108090808 ], [ -2.435027862704854, 56.741254099296299 ], [ -2.435034687988737, 56.741246080694559 ], [ -2.435041526560521, 56.741238051750322 ], [ -2.435048372147059, 56.74123001192828 ], [ -2.435055218475199, 56.741221960693174 ], [ -2.435062059271801, 56.741213897509724 ], [ -2.435068888263729, 56.741205821842641 ], [ -2.435075699177848, 56.741197733156646 ], [ -2.435082485741033, 56.74118963091648 ], [ -2.435089241680159, 56.741181514586877 ], [ -2.435095960722113, 56.741173383632535 ], [ -2.435102636593777, 56.741165237518231 ], [ -2.435109263022048, 56.741157075708664 ], [ -2.435115833733823, 56.741148897668573 ], [ -2.435122342456008, 56.74114070286268 ], [ -2.435128782915508, 56.741132490755739 ], [ -2.435135148839236, 56.741124260812484 ], [ -2.435141433954113, 56.741116012497656 ], [ -2.435147632007612, 56.741107745278498 ], [ -2.435153739465961, 56.741099458953521 ], [ -2.435159758205462, 56.741091153980491 ], [ -2.435165690742511, 56.741082830895124 ], [ -2.435171539593497, 56.741074490233188 ], [ -2.435177307274819, 56.74106613253042 ], [ -2.435182996302862, 56.74105775832254 ], [ -2.435188609194014, 56.741049368145319 ], [ -2.435194148464666, 56.74104096253447 ], [ -2.4351996166312, 56.741032542025728 ], [ -2.435205016209998, 56.741024107154843 ], [ -2.435210349717447, 56.741015658457549 ], [ -2.43521561966992, 56.741007196469582 ], [ -2.4352208285838, 56.740998721726683 ], [ -2.43522597897546, 56.74099023476456 ], [ -2.435231073361275, 56.740981736118989 ], [ -2.43523611425762, 56.740973226325679 ], [ -2.435241104180861, 56.740964705920362 ], [ -2.43524604564737, 56.740956175438775 ], [ -2.435250941173512, 56.740947635416667 ], [ -2.435255793275652, 56.740939086389744 ], [ -2.435260604470154, 56.740930528893756 ], [ -2.435265377273378, 56.74092196346443 ], [ -2.435270114201683, 56.740913390637481 ], [ -2.435274817771427, 56.74090481094867 ], [ -2.435279490498967, 56.740896224933685 ], [ -2.435284134900647, 56.740887633128303 ], [ -2.435288753492828, 56.740879036068222 ], [ -2.435293348791856, 56.740870434289178 ], [ -2.435297923314078, 56.740861828326892 ], [ -2.435302479575836, 56.74085321871712 ], [ -2.435307020093477, 56.740844605995548 ], [ -2.435311547383341, 56.740835990697924 ], [ -2.435316063961767, 56.740827373359977 ], [ -2.435320572345092, 56.740818754517434 ], [ -2.435325075049649, 56.74081013470601 ], [ -2.435329574591775, 56.740801514461452 ], [ -2.435334073487799, 56.740792894319448 ], [ -2.435338574254048, 56.740784274815759 ], [ -2.435343079406851, 56.7407756564861 ], [ -2.43534759146253, 56.740767039866171 ], [ -2.435352112937413, 56.740758425491713 ], [ -2.435356646347818, 56.740749813898475 ], [ -2.435361194210061, 56.740741205622136 ], [ -2.435365759040462, 56.740732601198431 ], [ -2.435370343355335, 56.740724001163102 ], [ -2.435374949670992, 56.740715406051862 ], [ -2.435379580503746, 56.74070681640039 ], [ -2.435384238369905, 56.740698232744471 ], [ -2.435388925785771, 56.740689655619796 ], [ -2.435393645267657, 56.740681085562073 ], [ -2.435398399331858, 56.740672523107037 ], [ -2.43540319049468, 56.740663968790422 ], [ -2.435408021272418, 56.740655423147906 ], [ -2.435412894181372, 56.740646886715218 ], [ -2.435417811737836, 56.740638360028115 ], [ -2.435422776458101, 56.740629843622266 ], [ -2.435427790858462, 56.740621338033421 ], [ -2.435432857455205, 56.740612843797258 ], [ -2.435437978764621, 56.740604361449549 ], [ -2.435443157302992, 56.740595891525949 ], [ -2.435448395586601, 56.740587434562201 ], [ -2.435453696131734, 56.740578991094011 ], [ -2.43545906145467, 56.740570561657123 ], [ -2.435464494071682, 56.740562146787212 ], [ -2.435469996499054, 56.740553747020016 ], [ -2.435475571253057, 56.740545362891218 ], [ -2.435481220849963, 56.740536994936562 ], [ -2.435486947806046, 56.740528643691725 ], [ -2.435492754637573, 56.740520309692464 ], [ -2.435498643860813, 56.740511993474428 ], [ -2.435504617986452, 56.740503695572158 ], [ -2.435510678172158, 56.74049541622778 ], [ -2.435516822468777, 56.74048715501204 ], [ -2.435523048492798, 56.74047891140188 ], [ -2.435529353860705, 56.74047068487419 ], [ -2.435535736188985, 56.740462474905861 ], [ -2.435542193094132, 56.74045428097385 ], [ -2.435548722192631, 56.740446102555026 ], [ -2.435555321100982, 56.740437939126295 ], [ -2.435561987435679, 56.74042979016459 ], [ -2.435568718813221, 56.740421655146825 ], [ -2.435575512850104, 56.740413533549876 ], [ -2.43558236716283, 56.740405424850685 ], [ -2.435589279367905, 56.740397328526157 ], [ -2.435596247081831, 56.740389244053198 ], [ -2.435603267921116, 56.740381170908719 ], [ -2.435610339502265, 56.740373108569635 ], [ -2.435617459441796, 56.740365056512864 ], [ -2.435624625356209, 56.740357014215327 ], [ -2.435631834862026, 56.740348981153943 ], [ -2.43563908557576, 56.740340956805603 ], [ -2.435646375113926, 56.740332940647235 ], [ -2.435653701093045, 56.740324932155751 ], [ -2.435661061129635, 56.740316930808071 ], [ -2.435668452840217, 56.740308936081114 ], [ -2.435675873841316, 56.740300947451786 ], [ -2.435683321749459, 56.740292964397042 ], [ -2.435690794181168, 56.74028498639376 ], [ -2.435698288752975, 56.74027701291886 ], [ -2.435705803081407, 56.740269043449302 ], [ -2.435713334782997, 56.740261077461973 ], [ -2.435720881474279, 56.740253114433806 ], [ -2.435728440771785, 56.740245153841713 ], [ -2.435736010292053, 56.740237195162621 ], [ -2.435743587651619, 56.740229237873464 ], [ -2.435751170467024, 56.740221281451163 ], [ -2.435758756354808, 56.740213325372629 ], [ -2.435766342931515, 56.74020536911479 ], [ -2.435773927813687, 56.740197412154579 ], [ -2.435781508617871, 56.740189453968931 ], [ -2.435789082960615, 56.740181494034744 ], [ -2.435796648458468, 56.740173531828972 ], [ -2.435804202727978, 56.740165566828544 ], [ -2.435811743385696, 56.740157598510365 ], [ -2.43581926804818, 56.740149626351368 ], [ -2.435826774331983, 56.740141649828523 ], [ -2.435834259853663, 56.740133668418714 ], [ -2.435841722229775, 56.740125681598876 ], [ -2.435849159076884, 56.74011768884597 ], [ -2.435856568011546, 56.740109689636888 ], [ -2.435863946650331, 56.740101683448607 ], [ -2.435871292609799, 56.740093669758032 ], [ -2.435878603506517, 56.740085648042097 ], [ -2.435885876957054, 56.740077617777736 ], [ -2.435893110577982, 56.740069578441904 ], [ -2.435900301985869, 56.740061529511507 ], [ -2.43590744879729, 56.740053470463515 ], [ -2.435914548628819, 56.740045400774846 ], [ -2.435921599097035, 56.740037319922415 ], [ -2.435928597818512, 56.740029227383189 ], [ -2.435935542409836, 56.740021122634104 ], [ -2.435942430487586, 56.740013005152093 ], [ -2.435949259668343, 56.740004874414105 ], [ -2.435956027568697, 56.739996729897044 ], [ -2.435962731805233, 56.739988571077895 ], [ -2.435969369994539, 56.73998039743357 ], [ -2.435975939753208, 56.73997220844101 ], [ -2.43598243869783, 56.739964003577178 ], [ -2.435988864445004, 56.739955782318994 ], [ -2.435995214611323, 56.739947544143419 ], [ -2.436001486813388, 56.73993928852736 ], [ -2.4360076787682, 56.73993101497156 ], [ -2.436013790022416, 56.739922723409897 ], [ -2.43601982171988, 56.739914414154363 ], [ -2.436025775058085, 56.739906087529619 ], [ -2.436031651234533, 56.739897743860389 ], [ -2.436037451446714, 56.739889383471379 ], [ -2.43604317689212, 56.739881006687277 ], [ -2.436048828768248, 56.739872613832752 ], [ -2.436054408272588, 56.739864205232543 ], [ -2.436059916602633, 56.739855781211297 ], [ -2.43606535495587, 56.739847342093739 ], [ -2.436070724529796, 56.739838888204567 ], [ -2.436076026521893, 56.73983041986844 ], [ -2.436081262129656, 56.739821937410092 ], [ -2.436086432550567, 56.73981344115419 ], [ -2.436091538982118, 56.739804931425439 ], [ -2.436096582621796, 56.739796408548528 ], [ -2.436101564667082, 56.739787872848147 ], [ -2.436106486315464, 56.739779324648971 ], [ -2.436111348764425, 56.739770764275733 ], [ -2.436116153211451, 56.739762192053085 ], [ -2.436120900854017, 56.739753608305733 ], [ -2.436125592889617, 56.739745013358352 ], [ -2.436130230515723, 56.739736407535659 ], [ -2.436134814929817, 56.739727791162331 ], [ -2.436139347329375, 56.739719164563056 ], [ -2.436143828911881, 56.739710528062517 ], [ -2.436148260874812, 56.739701881985411 ], [ -2.436152644415642, 56.739693226656428 ], [ -2.436156980731846, 56.739684562400249 ], [ -2.436161271020901, 56.73967588954158 ], [ -2.436165516480278, 56.739667208405088 ], [ -2.436169718307457, 56.739658519315483 ], [ -2.436173877699904, 56.739649822597421 ], [ -2.436177995855091, 56.739641118575626 ], [ -2.436182073970489, 56.739632407574767 ], [ -2.436186113243568, 56.739623689919505 ], [ -2.436190114871798, 56.739614965934571 ], [ -2.436194080052645, 56.739606235944628 ], [ -2.436198009983575, 56.739597500274378 ], [ -2.436201905862054, 56.739588759248512 ], [ -2.436205768885551, 56.73958001319167 ], [ -2.436209600251523, 56.739571262428584 ], [ -2.436213401157437, 56.739562507283921 ], [ -2.436217172800753, 56.739553748082372 ], [ -2.436220916378936, 56.739544985148619 ], [ -2.436224633089443, 56.739536218807345 ], [ -2.436228324129731, 56.739527449383246 ], [ -2.436231990697263, 56.739518677201012 ], [ -2.436235633989493, 56.739509902585304 ], [ -2.436239255203879, 56.739501125860812 ], [ -2.436242855537874, 56.739492347352225 ], [ -2.436246436188934, 56.739483567384241 ], [ -2.436249998354513, 56.739474786281519 ], [ -2.43625354323206, 56.739466004368772 ], [ -2.436257072019029, 56.73945722197066 ], [ -2.43626058591287, 56.739448439411866 ], [ -2.436264086111032, 56.73943965701708 ], [ -2.436267573810963, 56.739430875110997 ], [ -2.436271050210112, 56.739422094018281 ], [ -2.436274516505922, 56.739413314063626 ], [ -2.436277973895844, 56.739404535571708 ], [ -2.436281423577316, 56.739395758867211 ], [ -2.436284866747784, 56.73938698427483 ], [ -2.436288304604693, 56.739378212119234 ], [ -2.436291738345479, 56.739369442725113 ], [ -2.436295169167589, 56.739360676417135 ], [ -2.436298598268454, 56.739351913519982 ], [ -2.43630202684552, 56.739343154358366 ], [ -2.436305456096223, 56.73933439925694 ], [ -2.436308887217997, 56.739325648540387 ], [ -2.436312321288433, 56.739316902487865 ], [ -2.436315758797305, 56.739308161155236 ], [ -2.436319200054461, 56.739299424529975 ], [ -2.436322645369698, 56.73929069259956 ], [ -2.436326095052816, 56.739281965351474 ], [ -2.436329549413613, 56.739273242773201 ], [ -2.43633300876189, 56.739264524852203 ], [ -2.436336473407444, 56.73925581157598 ], [ -2.436339943660073, 56.739247102931984 ], [ -2.436343419829575, 56.739238398907702 ], [ -2.436346902225747, 56.739229699490622 ], [ -2.436350391158386, 56.739221004668195 ], [ -2.436353886937288, 56.739212314427917 ], [ -2.436357389872252, 56.739203628757259 ], [ -2.436360900273075, 56.739194947643711 ], [ -2.436364418449549, 56.739186271074729 ], [ -2.436367944711474, 56.739177599037802 ], [ -2.436371479368641, 56.739168931520396 ], [ -2.436375022730852, 56.739160268510005 ], [ -2.436378575107895, 56.739151609994089 ], [ -2.436382136809567, 56.739142955960126 ], [ -2.436385708145664, 56.73913430639562 ], [ -2.436389289425978, 56.739125661288014 ], [ -2.436392880960306, 56.739117020624782 ], [ -2.43639648305844, 56.739108384393425 ], [ -2.436400096030169, 56.73909975258141 ], [ -2.436403720185292, 56.739091125176216 ], [ -2.436407355833597, 56.739082502165303 ], [ -2.436411003284883, 56.739073883536172 ], [ -2.436414662848934, 56.739065269276274 ], [ -2.436418334835546, 56.739056659373098 ], [ -2.436422019554513, 56.73904805381413 ], [ -2.436425717315622, 56.739039452586823 ], [ -2.436429428428666, 56.739030855678671 ], [ -2.436433153203436, 56.739022263077146 ], [ -2.436436891949722, 56.739013674769723 ], [ -2.436440644977314, 56.739005090743881 ], [ -2.436444412596003, 56.738996510987086 ], [ -2.436448195115577, 56.738987935486804 ], [ -2.436451992845827, 56.738979364230552 ], [ -2.436455806096541, 56.738970797205766 ], [ -2.436459635177509, 56.738962234399949 ], [ -2.436463480398518, 56.738953675800552 ], [ -2.436467342069357, 56.738945121395048 ], [ -2.436471220499814, 56.738936571170946 ], [ -2.436475115999678, 56.738928025115698 ], [ -2.436479028878734, 56.738919483216776 ], [ -2.436482959446771, 56.738910945461662 ], [ -2.436486908013577, 56.738902411837834 ], [ -2.436490874888936, 56.738893882332768 ], [ -2.436494860382637, 56.738885356933935 ], [ -2.436498864804463, 56.738876835628794 ], [ -2.436502888464202, 56.738868318404869 ], [ -2.43650693167164, 56.738859805249575 ], [ -2.436510994736561, 56.738851296150422 ], [ -2.43651507796875, 56.738842791094875 ], [ -2.436519181677992, 56.738834290070422 ], [ -2.436523306174073, 56.738825793064521 ], [ -2.436527451766777, 56.73881730006466 ], [ -2.436531618765886, 56.738808811058291 ], [ -2.436535807481184, 56.738800326032909 ], [ -2.436540018222457, 56.738791844975985 ], [ -2.436544251299485, 56.738783367874994 ], [ -2.436548507022052, 56.738774894717409 ], [ -2.436552785699943, 56.738766425490702 ], [ -2.436557087642937, 56.738757960182355 ], [ -2.436561413160816, 56.738749498779825 ], [ -2.436565762563365, 56.738741041270615 ], [ -2.436570136160364, 56.738732587642161 ], [ -2.436574534261593, 56.738724137881967 ], [ -2.436578957176832, 56.738715691977497 ], [ -2.436583405215866, 56.738707249916231 ], [ -2.436587878433766, 56.738698811638706 ], [ -2.43659237506579, 56.738690376750355 ], [ -2.436596892555422, 56.738681944710713 ], [ -2.436601428342902, 56.738673514978728 ], [ -2.43660597986847, 56.738665087013388 ], [ -2.436610544572367, 56.738656660273662 ], [ -2.43661511989484, 56.738648234218488 ], [ -2.436619703276135, 56.738639808306857 ], [ -2.436624292156495, 56.73863138199772 ], [ -2.436628883976174, 56.738622954750035 ], [ -2.436633476175428, 56.738614526022772 ], [ -2.436638066194504, 56.738606095274903 ], [ -2.436642651473662, 56.738597661965407 ], [ -2.436647229453161, 56.73858922555322 ], [ -2.436651797573259, 56.738580785497348 ], [ -2.436656353274223, 56.738572341256727 ], [ -2.43666089399631, 56.738563892290337 ], [ -2.436665417179793, 56.738555438057148 ], [ -2.436669920264937, 56.738546978016117 ], [ -2.436674400692013, 56.738538511626231 ], [ -2.436678855901296, 56.738530038346461 ], [ -2.436683283333057, 56.73852155763575 ], [ -2.436687680427573, 56.738513068953097 ], [ -2.436692044625123, 56.738504571757474 ], [ -2.436696373365991, 56.738496065507817 ], [ -2.436700664090457, 56.738487549663127 ], [ -2.436704914238806, 56.738479023682387 ], [ -2.436709121251325, 56.738470487024543 ], [ -2.436713282568306, 56.738461939148578 ], [ -2.436717395630035, 56.738453379513473 ], [ -2.43672145787681, 56.738444807578183 ], [ -2.436725466748924, 56.73843622280171 ], [ -2.436729419686679, 56.738427624642981 ], [ -2.436733314130371, 56.738419012561017 ], [ -2.436737147520305, 56.73841038601477 ], [ -2.436740917296784, 56.738401744463225 ], [ -2.436744620900115, 56.738393087365353 ], [ -2.436748255770607, 56.738384414180118 ], [ -2.43675181934857, 56.738375724366513 ], [ -2.436755309074322, 56.738367017383503 ], [ -2.436758722563964, 56.738358292730332 ], [ -2.436762062378299, 56.738349551038993 ], [ -2.436765336582507, 56.738340794202422 ], [ -2.436768553529898, 56.738332024179577 ], [ -2.436771721573765, 56.738323242929404 ], [ -2.436774849067403, 56.73831445241084 ], [ -2.436777944364096, 56.738305654582824 ], [ -2.436781015817123, 56.738296851404314 ], [ -2.43678407177975, 56.738288044834242 ], [ -2.436787120605245, 56.738279236831552 ], [ -2.436790170646863, 56.73827042935519 ], [ -2.436793230257852, 56.738261624364085 ], [ -2.436796307791456, 56.738252823817177 ], [ -2.436799411600907, 56.738244029673403 ], [ -2.436802550039434, 56.738235243891708 ], [ -2.43680573146026, 56.73822646843103 ], [ -2.436808964216597, 56.738217705250285 ], [ -2.436812256661652, 56.738208956308426 ], [ -2.436815617148624, 56.73820022356437 ], [ -2.436819054030708, 56.738191508977067 ], [ -2.43682257566109, 56.738182814505429 ], [ -2.436826190392949, 56.738174142108392 ], [ -2.436829906579458, 56.738165493744894 ], [ -2.436833732573784, 56.738156871373853 ], [ -2.436837676729088, 56.738148276954178 ], [ -2.436841747398523, 56.73813971244482 ], [ -2.436845952935237, 56.738131179804675 ], [ -2.436850301692374, 56.738122680992689 ], [ -2.436854802023066, 56.73811421796777 ], [ -2.436859462280449, 56.738105792688827 ], [ -2.436864290817641, 56.738097407114793 ], [ -2.436869294551616, 56.738089062856503 ], [ -2.436874471016981, 56.738080759250884 ], [ -2.436879813980986, 56.738072494721841 ], [ -2.436885317200706, 56.73806426769076 ], [ -2.436890974433232, 56.738056076579085 ], [ -2.436896779435647, 56.738047919808174 ], [ -2.436902725965055, 56.738039795799509 ], [ -2.43690880777855, 56.738031702974453 ], [ -2.436915018633241, 56.738023639754445 ], [ -2.436921352286237, 56.7380156045609 ], [ -2.436927802494654, 56.738007595815226 ], [ -2.436934363015613, 56.737999611938854 ], [ -2.43694102760624, 56.737991651353198 ], [ -2.436947790023662, 56.737983712479675 ], [ -2.436954644025012, 56.737975793739722 ], [ -2.436961583367431, 56.737967893554739 ], [ -2.43696860180806, 56.737960010346164 ], [ -2.436975693104045, 56.73795214253542 ], [ -2.436982851012538, 56.737944288543943 ], [ -2.436990069290696, 56.737936446793157 ], [ -2.436997341695672, 56.737928615704483 ], [ -2.437004661984636, 56.737920793699359 ], [ -2.43701202391475, 56.737912979199223 ], [ -2.437019421243188, 56.737905170625503 ], [ -2.437026847727125, 56.737897366399622 ], [ -2.437034297123739, 56.737889564943039 ], [ -2.437041763190212, 56.737881764677191 ], [ -2.437049239683733, 56.7378739640235 ], [ -2.437056720361491, 56.737866161403431 ], [ -2.437064198980683, 56.737858355238401 ], [ -2.437071669298504, 56.737850543949889 ], [ -2.43707912507216, 56.737842725959304 ], [ -2.437086560058855, 56.737834899688117 ], [ -2.437093968015799, 56.737827063557795 ], [ -2.437101342700207, 56.737819215989738 ], [ -2.437108677869298, 56.737811355405441 ], [ -2.437115967280295, 56.737803480226347 ], [ -2.437123204690422, 56.737795588873922 ], [ -2.437130383856908, 56.737787679769589 ], [ -2.437137498536992, 56.737779751334827 ], [ -2.437144542487909, 56.737771801991116 ], [ -2.437151510557927, 56.73776383043581 ], [ -2.437158403898703, 56.737755836960368 ], [ -2.437165225920584, 56.737747822427494 ], [ -2.437171980036815, 56.737739787700598 ], [ -2.437178669660625, 56.737731733643074 ], [ -2.437185298205248, 56.737723661118359 ], [ -2.437191869083918, 56.737715570989828 ], [ -2.43719838570986, 56.737707464120916 ], [ -2.437204851496305, 56.737699341374999 ], [ -2.437211269856475, 56.737691203615533 ], [ -2.437217644203591, 56.737683051705893 ], [ -2.437223977950878, 56.737674886509474 ], [ -2.437230274511551, 56.737666708889719 ], [ -2.437236537298823, 56.737658519709981 ], [ -2.437242769725911, 56.737650319833691 ], [ -2.437248975206021, 56.737642110124263 ], [ -2.437255157152368, 56.737633891445078 ], [ -2.437261318978155, 56.737625664659539 ], [ -2.437267464096585, 56.737617430631047 ], [ -2.437273595920862, 56.737609190223004 ], [ -2.437279717864181, 56.737600944298819 ], [ -2.437285833339741, 56.737592693721865 ], [ -2.437291945760738, 56.737584439355551 ], [ -2.437298058540361, 56.737576182063272 ], [ -2.437304175091799, 56.73756792270845 ], [ -2.437310298828241, 56.737559662154439 ], [ -2.437316433162873, 56.737551401264653 ], [ -2.437322581508874, 56.737543140902474 ], [ -2.437328747279424, 56.737534881931325 ], [ -2.437334933887704, 56.737526625214578 ], [ -2.437341143973714, 56.737518371467409 ], [ -2.43734737695803, 56.737510120788052 ], [ -2.437353631423381, 56.737501873114041 ], [ -2.437359905952497, 56.737493628383007 ], [ -2.437366199128107, 56.737485386532512 ], [ -2.437372509532945, 56.737477147500179 ], [ -2.437378835749744, 56.737468911223559 ], [ -2.437385176361238, 56.737460677640286 ], [ -2.437391529950161, 56.737452446687939 ], [ -2.437397895099252, 56.737444218304105 ], [ -2.437404270391249, 56.737435992426377 ], [ -2.43741065440889, 56.737427768992362 ], [ -2.437417045734918, 56.737419547939631 ], [ -2.43742344295207, 56.737411329205798 ], [ -2.437429844643094, 56.737403112728437 ], [ -2.43743624939073, 56.737394898445167 ], [ -2.437442655777724, 56.737386686293576 ], [ -2.437449062386824, 56.737378476211262 ], [ -2.437455467800777, 56.737370268135813 ], [ -2.43746187060233, 56.737362062004813 ], [ -2.437468269374233, 56.737353857755899 ], [ -2.437474662699241, 56.737345655326621 ], [ -2.4374810491601, 56.7373374546546 ], [ -2.437487427339569, 56.737329255677437 ], [ -2.437493795820401, 56.737321058332718 ], [ -2.437500153185348, 56.737312862558049 ], [ -2.437506498017173, 56.737304668291017 ], [ -2.437512828898631, 56.737296475469229 ], [ -2.437519144412477, 56.737288284030313 ], [ -2.437525443141482, 56.737280093911806 ], [ -2.437531723668398, 56.737271905051365 ], [ -2.437537984575993, 56.737263717386547 ], [ -2.437544224447029, 56.737255530854966 ], [ -2.437550441864271, 56.737247345394266 ], [ -2.437556635410488, 56.737239160941968 ], [ -2.437562803668444, 56.737230977435736 ], [ -2.43756894522091, 56.737222794813142 ], [ -2.437575058650654, 56.737214613011801 ], [ -2.43758114254045, 56.737206431969298 ], [ -2.437587195473067, 56.737198251623255 ], [ -2.437593216128869, 56.737190071891654 ], [ -2.4375992040862, 56.737181892511984 ], [ -2.437605159407219, 56.737173713124534 ], [ -2.437611082158767, 56.737165533368618 ], [ -2.437616972407696, 56.73715735288355 ], [ -2.437622830220842, 56.737149171308658 ], [ -2.437628655665055, 56.737140988283279 ], [ -2.437634448807172, 56.737132803446734 ], [ -2.437640209714039, 56.737124616438315 ], [ -2.4376459384525, 56.73711642689738 ], [ -2.437651635089394, 56.737108234463236 ], [ -2.437657299691564, 56.737100038775203 ], [ -2.437662932325853, 56.737091839472612 ], [ -2.4376685330591, 56.737083636194789 ], [ -2.437674101958153, 56.737075428581051 ], [ -2.437679639089843, 56.737067216270709 ], [ -2.437685144521019, 56.737058998903102 ], [ -2.437690618318518, 56.737050776117542 ], [ -2.43769606054918, 56.737042547553372 ], [ -2.437701471279845, 56.737034312849886 ], [ -2.437706850577357, 56.737026071646426 ], [ -2.43771219850855, 56.73701782358232 ], [ -2.437717515140267, 56.737009568296862 ], [ -2.437722800539348, 56.737001305429388 ], [ -2.437728054772629, 56.736993034619239 ], [ -2.437733277906949, 56.736984755505709 ], [ -2.437738470009147, 56.736976467728141 ], [ -2.437743631146062, 56.736968170925842 ], [ -2.437748761384534, 56.736959864738139 ], [ -2.437753860791398, 56.736951548804356 ], [ -2.437758929433492, 56.73694322276382 ], [ -2.437763967377654, 56.736934886255838 ], [ -2.437768974690722, 56.736926538919761 ], [ -2.437773951439532, 56.736918180394873 ], [ -2.437778897690922, 56.73690981032054 ], [ -2.437783813511728, 56.736901428336026 ], [ -2.437788698968784, 56.736893034080715 ], [ -2.437793554128933, 56.736884627193881 ], [ -2.437798379059004, 56.736876207314872 ], [ -2.437803173825839, 56.736867774083002 ], [ -2.437807938496269, 56.736859327137587 ], [ -2.437812673319875, 56.736850866246591 ], [ -2.437817379355086, 56.736842391747373 ], [ -2.437822057884043, 56.736833904134819 ], [ -2.4378267101889, 56.736825403903744 ], [ -2.437831337551806, 56.73681689154899 ], [ -2.437835941254909, 56.736808367565473 ], [ -2.437840522580358, 56.736799832447986 ], [ -2.437845082810301, 56.736791286691393 ], [ -2.437849623226885, 56.736782730790573 ], [ -2.437854145112255, 56.736774165240348 ], [ -2.437858649748553, 56.736765590535597 ], [ -2.437863138417928, 56.736757007171157 ], [ -2.437867612402519, 56.73674841564187 ], [ -2.43787207298447, 56.736739816442608 ], [ -2.437876521445919, 56.736731210068207 ], [ -2.437880959069012, 56.736722597013546 ], [ -2.437885387135883, 56.73671397777342 ], [ -2.437889806928673, 56.736705352842755 ], [ -2.437894219729519, 56.736696722716346 ], [ -2.437898626820556, 56.736688087889064 ], [ -2.43790302948392, 56.736679448855753 ], [ -2.437907429001748, 56.73667080611127 ], [ -2.437911826656172, 56.736662160150445 ], [ -2.437916223729324, 56.736653511468155 ], [ -2.437920621503336, 56.736644860559252 ], [ -2.437925021260342, 56.736636207918558 ], [ -2.437929424282465, 56.736627554040936 ], [ -2.437933831851841, 56.736618899421245 ], [ -2.437938245250595, 56.736610244554313 ], [ -2.437942665760854, 56.736601589935013 ], [ -2.437947094664747, 56.736592936058166 ], [ -2.437951533244394, 56.736584283418637 ], [ -2.437955982781923, 56.73657563251129 ], [ -2.437960444559458, 56.73656698383094 ], [ -2.437964919859119, 56.736558337872466 ], [ -2.437969409963027, 56.736549695130677 ], [ -2.437973916153306, 56.73654105610045 ], [ -2.437978439712073, 56.736532421276628 ], [ -2.437982981921446, 56.736523791154049 ], [ -2.437987544063547, 56.736515166227562 ], [ -2.437992127420488, 56.736506546992032 ], [ -2.437996733274386, 56.736497933942282 ], [ -2.43800136290736, 56.736489327573167 ], [ -2.438006017601519, 56.736480728379533 ], [ -2.438010698638979, 56.736472136856214 ], [ -2.438015407301853, 56.736463553498069 ], [ -2.438020144872251, 56.736454978799962 ], [ -2.438024912632284, 56.736446413256701 ], [ -2.438029711864063, 56.736437857363143 ], [ -2.438034543849695, 56.736429311614138 ], [ -2.43803940987129, 56.736420776504517 ], [ -2.438044311210952, 56.736412252529149 ], [ -2.438049249150791, 56.736403740182865 ], [ -2.438054224972911, 56.736395239960501 ], [ -2.438059239959418, 56.7363867523569 ], [ -2.438064295392411, 56.736378277866926 ], [ -2.438069392554, 56.736369816985402 ], [ -2.438074532726284, 56.73636137020717 ], [ -2.438079717191365, 56.736352938027075 ], [ -2.438084947231343, 56.73634452093998 ], [ -2.438090224128317, 56.736336119440686 ], [ -2.438095549164392, 56.736327734024073 ], [ -2.438100923621659, 56.736319365184961 ], [ -2.438106348782219, 56.736311013418188 ], [ -2.43811182592817, 56.73630267921861 ], [ -2.43811735634161, 56.736294363081079 ], [ -2.438122941304631, 56.736286065500394 ], [ -2.438128582099329, 56.736277786971421 ], [ -2.4381342800078, 56.736269527988995 ], [ -2.438140036312136, 56.736261289047953 ], [ -2.438145852294379, 56.73625307064313 ], [ -2.438151728442612, 56.736244872992408 ], [ -2.43815766244462, 56.73623669533707 ], [ -2.43816365137112, 56.736228536703152 ], [ -2.438169692292833, 56.736220396116693 ], [ -2.438175782280483, 56.73621227260373 ], [ -2.438181918404795, 56.736204165190301 ], [ -2.438188097736492, 56.73619607290248 ], [ -2.438194317346307, 56.736187994766254 ], [ -2.438200574304971, 56.736179929807733 ], [ -2.438206865683215, 56.736171877052918 ], [ -2.438213188551774, 56.736163835527869 ], [ -2.438219539981385, 56.736155804258637 ], [ -2.438225917042784, 56.736147782271267 ], [ -2.438232316806715, 56.736139768591798 ], [ -2.438238736343918, 56.736131762246281 ], [ -2.438245172725137, 56.736123762260775 ], [ -2.438251623021118, 56.736115767661325 ], [ -2.438258084302608, 56.736107777473961 ], [ -2.438264553640359, 56.736099790724765 ], [ -2.43827102810512, 56.736091806439767 ], [ -2.438277504767644, 56.736083823645025 ], [ -2.438283980698686, 56.736075841366606 ], [ -2.438290452969001, 56.736067858630541 ], [ -2.438296918649355, 56.736059874462882 ], [ -2.438303374810495, 56.736051887889708 ], [ -2.438309818523196, 56.736043897937051 ], [ -2.438316246858215, 56.736035903630977 ], [ -2.43832265688632, 56.736027903997552 ], [ -2.438329045678277, 56.736019898062807 ], [ -2.438335410304854, 56.736011884852815 ], [ -2.438341747836828, 56.736003863393641 ], [ -2.438348055344966, 56.735995832711339 ], [ -2.438354329900046, 56.73598779183196 ], [ -2.438360568572844, 56.735979739781577 ], [ -2.438366768434139, 56.735971675586235 ], [ -2.438372926554714, 56.735963598271994 ], [ -2.438379040005346, 56.735955506864954 ], [ -2.438385105856823, 56.735947400391126 ], [ -2.438391121179933, 56.735939277876604 ], [ -2.438397083045462, 56.735931138347439 ], [ -2.438402988524201, 56.735922980829692 ], [ -2.438408834981459, 56.735914804436632 ], [ -2.438414623391958, 56.73590660935038 ], [ -2.438420357150393, 56.735898396469558 ], [ -2.4384260396961, 56.735890166706056 ], [ -2.438431674468409, 56.735881920971771 ], [ -2.438437264906646, 56.735873660178584 ], [ -2.438442814450143, 56.735865385238391 ], [ -2.438448326538222, 56.735857097063054 ], [ -2.438453804610204, 56.735848796564461 ], [ -2.438459252105408, 56.735840484654496 ], [ -2.438464672463153, 56.735832162245046 ], [ -2.438470069122751, 56.73582383024798 ], [ -2.438475445523518, 56.735815489575188 ], [ -2.438480805104758, 56.73580714113853 ], [ -2.438486151305783, 56.735798785849909 ], [ -2.438491487565895, 56.735790424621179 ], [ -2.438496817324397, 56.735782058364222 ], [ -2.43850214402059, 56.735773687990957 ], [ -2.438507471093769, 56.7357653144132 ], [ -2.438512801983229, 56.735756938542856 ], [ -2.438518140128262, 56.735748561291786 ], [ -2.438523488968158, 56.735740183571878 ], [ -2.438528851942205, 56.735731806294993 ], [ -2.438534232489686, 56.735723430373028 ], [ -2.438539634049883, 56.735715056717808 ], [ -2.438545060062076, 56.735706686241251 ], [ -2.438550513965542, 56.735698319855203 ], [ -2.438555999199553, 56.735689958471561 ], [ -2.438561519203386, 56.735681603002142 ], [ -2.438567077416307, 56.735673254358858 ], [ -2.438572677083892, 56.735664913406438 ], [ -2.438578318668657, 56.735656580332304 ], [ -2.438584000548118, 56.735648254816489 ], [ -2.438589721049369, 56.735639936526738 ], [ -2.43859547849951, 56.735631625130829 ], [ -2.438601271225634, 56.735623320296511 ], [ -2.438607097554841, 56.735615021691558 ], [ -2.438612955814236, 56.735606728983669 ], [ -2.438618844330919, 56.735598441840672 ], [ -2.438624761431988, 56.735590159930283 ], [ -2.438630705444554, 56.735581882920279 ], [ -2.438636674695722, 56.735573610478404 ], [ -2.438642667512595, 56.735565342272437 ], [ -2.438648682222285, 56.735557077970114 ], [ -2.438654717151898, 56.735548817239213 ], [ -2.438660770628546, 56.735540559747498 ], [ -2.438666840979345, 56.735532305162714 ], [ -2.438672926531404, 56.735524053152631 ], [ -2.438679025611837, 56.735515803384999 ], [ -2.438685136547764, 56.73550755552759 ], [ -2.438691257666298, 56.735499309248162 ], [ -2.438697387294559, 56.7354910642145 ], [ -2.438703523759668, 56.735482820094326 ], [ -2.43870966538874, 56.73547457655544 ], [ -2.438715810508902, 56.735466333265563 ], [ -2.438721957447276, 56.735458089892489 ], [ -2.438728104530986, 56.735449846103997 ], [ -2.438734250087159, 56.735441601567814 ], [ -2.438740392442923, 56.735433355951713 ], [ -2.4387465299254, 56.735425108923472 ], [ -2.438752660861724, 56.73541686015087 ], [ -2.438758783579028, 56.735408609301629 ], [ -2.43876489640444, 56.735400356043563 ], [ -2.438770997665093, 56.735392100044407 ], [ -2.438777085688124, 56.735383840971942 ], [ -2.438783158800666, 56.735375578493908 ], [ -2.438789215329857, 56.735367312278136 ], [ -2.438795253602834, 56.735359041992318 ], [ -2.438801271946741, 56.735350767304254 ], [ -2.438807268688712, 56.735342487881731 ], [ -2.438813242155892, 56.735334203392497 ], [ -2.438819190675425, 56.735325913504319 ], [ -2.438825112574455, 56.735317617884974 ], [ -2.438831006180128, 56.735309316202233 ], [ -2.438836869819588, 56.735301008123862 ], [ -2.438842701819988, 56.735292693317646 ], [ -2.438848500508474, 56.735284371451321 ], [ -2.438854264212198, 56.735276042192687 ], [ -2.438859991258312, 56.735267705209516 ], [ -2.438865679973973, 56.735259360169557 ], [ -2.438871328686327, 56.735251006740612 ], [ -2.438876935722539, 56.735242644590421 ], [ -2.438882499409762, 56.73523427338678 ], [ -2.438888018075158, 56.735225892797452 ], [ -2.438893490045884, 56.735217502490208 ], [ -2.438898913649103, 56.735209102132842 ], [ -2.438904287211978, 56.735200691393089 ], [ -2.43890960906167, 56.735192269938757 ], [ -2.438914877525352, 56.735183837437603 ], [ -2.438920090930183, 56.735175393557412 ], [ -2.438925247603335, 56.735166937965943 ], [ -2.438930345871981, 56.73515847033098 ], [ -2.438935384063287, 56.735149990320295 ], [ -2.438940360504428, 56.735141497601674 ], [ -2.438945273522576, 56.735132991842875 ], [ -2.438950121444912, 56.735124472711682 ], [ -2.438954902598609, 56.735115939875875 ], [ -2.438959615310844, 56.735107393003233 ], [ -2.438964257908803, 56.735098831761512 ], [ -2.43896882871966, 56.735090255818506 ], [ -2.438973326134768, 56.735081664856764 ], [ -2.438977751049287, 56.735073059135246 ], [ -2.438982107616343, 56.73506443966307 ], [ -2.43898640020734, 56.735055807499506 ], [ -2.438990633193684, 56.735047163703868 ], [ -2.438994810946771, 56.735038509335489 ], [ -2.438998937837993, 56.735029845453653 ], [ -2.439003018238746, 56.735021173117701 ], [ -2.439007056520422, 56.735012493386932 ], [ -2.4390110570544, 56.735003807320645 ], [ -2.439015024212059, 56.734995115978172 ], [ -2.439018962364786, 56.734986420418785 ], [ -2.439022875883948, 56.734977721701824 ], [ -2.43902676914092, 56.734969020886581 ], [ -2.439030646507065, 56.734960319032361 ], [ -2.43903451235375, 56.734951617198469 ], [ -2.439038371052336, 56.734942916444218 ], [ -2.439042226974177, 56.734934217828922 ], [ -2.439046084490626, 56.734925522411864 ], [ -2.439049947973032, 56.73491683125237 ], [ -2.439053821792745, 56.734908145409705 ], [ -2.439057710321103, 56.734899465943201 ], [ -2.439061617929443, 56.73489079391215 ], [ -2.439065548989109, 56.734882130375873 ], [ -2.439069507871422, 56.734873476393631 ], [ -2.439073498947715, 56.734864833024751 ], [ -2.439077526589312, 56.734856201328533 ], [ -2.439081595167536, 56.734847582364267 ], [ -2.439085709053704, 56.734838977191252 ], [ -2.439089872619129, 56.734830386868779 ], [ -2.439094090235122, 56.734821812456161 ], [ -2.439098366272991, 56.734813255012696 ], [ -2.439102705104043, 56.734804715597647 ], [ -2.439107111099573, 56.734796195270334 ], [ -2.439111588630886, 56.734787695090048 ], [ -2.439116142069272, 56.734779216116074 ], [ -2.43912077578602, 56.734770759407716 ], [ -2.439125494152427, 56.734762326024239 ], [ -2.439130301539769, 56.734753917024982 ], [ -2.439135202319335, 56.734745533469166 ], [ -2.439140200862401, 56.734737176416147 ], [ -2.439145301190022, 56.734728846833995 ], [ -2.439150502836177, 56.734720544522858 ], [ -2.439155802229507, 56.734712268474418 ], [ -2.439161195736546, 56.734704017664292 ], [ -2.43916667972384, 56.734695791068049 ], [ -2.439172250557943, 56.734687587661291 ], [ -2.439177904605403, 56.734679406419573 ], [ -2.439183638232771, 56.734671246318491 ], [ -2.43918944780661, 56.734663106333613 ], [ -2.439195329693478, 56.734654985440571 ], [ -2.439201280259936, 56.734646882614882 ], [ -2.43920729587255, 56.734638796832179 ], [ -2.439213372897887, 56.73463072706803 ], [ -2.439219507702519, 56.734622672298016 ], [ -2.439225696653019, 56.73461463149772 ], [ -2.439231936115963, 56.734606603642746 ], [ -2.439238222457925, 56.734598587708696 ], [ -2.43924455204549, 56.734590582671117 ], [ -2.439250921245237, 56.734582587505635 ], [ -2.439257326423755, 56.734574601187809 ], [ -2.439263763947633, 56.734566622693258 ], [ -2.439270230183456, 56.734558650997563 ], [ -2.439276721497821, 56.734550685076307 ], [ -2.439283234257321, 56.734542723905101 ], [ -2.439289764828554, 56.734534766459518 ], [ -2.439296309578118, 56.734526811715185 ], [ -2.439302864872619, 56.734518858647661 ], [ -2.439309427078659, 56.734510906232572 ], [ -2.439315992562842, 56.734502953445492 ], [ -2.439322557691782, 56.73449499926204 ], [ -2.439329118832088, 56.73448704265779 ], [ -2.439335672362261, 56.734479082603613 ], [ -2.439342215801691, 56.734471117612912 ], [ -2.439348748741303, 56.734463145368615 ], [ -2.439355270991059, 56.73445516346586 ], [ -2.439361782360919, 56.734447169499731 ], [ -2.439368282660834, 56.734439161065374 ], [ -2.439374771700768, 56.734431135757873 ], [ -2.43938124929067, 56.734423091172339 ], [ -2.439387715240499, 56.734415024903917 ], [ -2.439394169360203, 56.7344069345477 ], [ -2.439400611459734, 56.734398817698796 ], [ -2.439407041349039, 56.734390671952312 ], [ -2.439413458838067, 56.734382494903379 ], [ -2.439419863736766, 56.734374284147087 ], [ -2.439426255855078, 56.734366037278562 ], [ -2.439432635002948, 56.734357751892937 ], [ -2.43943900099032, 56.7343494255853 ], [ -2.439445353627131, 56.734341055950765 ], [ -2.439451692723324, 56.734332640584441 ], [ -2.439458018088836, 56.734324177081461 ], [ -2.439464329533603, 56.734315663036924 ], [ -2.439470628823848, 56.734307098399185 ], [ -2.439476925437216, 56.734298492392853 ], [ -2.43948323075119, 56.734289856527845 ], [ -2.439489556143249, 56.734281202314115 ], [ -2.439495912990873, 56.734272541261568 ], [ -2.439502312671532, 56.734263884880171 ], [ -2.439508766562705, 56.734255244679829 ], [ -2.439515286041853, 56.734246632170482 ], [ -2.43952188248645, 56.734238058862033 ], [ -2.439528567273957, 56.734229536264422 ], [ -2.439535351781839, 56.73422107588754 ], [ -2.43954224738756, 56.734212689241311 ], [ -2.439549265468578, 56.734204387835675 ], [ -2.439556417402359, 56.734196183180529 ], [ -2.439563714566365, 56.734188086785757 ], [ -2.439571168338059, 56.734180110161283 ], [ -2.439578790094907, 56.734172264817019 ], [ -2.43958659121438, 56.734164562262833 ], [ -2.439594583073952, 56.73415701400863 ], [ -2.439602777051099, 56.7341496315643 ], [ -2.43961118365721, 56.7341424258628 ], [ -2.439619792842409, 56.734135394140033 ], [ -2.43962857363301, 56.734128519693463 ], [ -2.439637494116716, 56.734121785195292 ], [ -2.439646522381246, 56.734115173317697 ], [ -2.439655626514323, 56.734108666732887 ], [ -2.439664774603679, 56.734102248113103 ], [ -2.439673934737051, 56.734095900130569 ], [ -2.439683075002181, 56.734089605457484 ], [ -2.439692163486816, 56.73408334676612 ], [ -2.439701168278704, 56.734077106728733 ], [ -2.439710057465605, 56.734070868017575 ], [ -2.439718799135274, 56.734064613304923 ], [ -2.439727361375482, 56.734058325263071 ], [ -2.439735712273995, 56.734051986564275 ], [ -2.439743819918597, 56.73404557988087 ], [ -2.439751652397077, 56.734039087885144 ], [ -2.43975917779723, 56.734032493249366 ], [ -2.439766364206872, 56.734025778645915 ], [ -2.439773179713828, 56.734018926747069 ], [ -2.439779592405948, 56.734011920225186 ], [ -2.439785570371096, 56.734004741752571 ], [ -2.439791081697165, 56.733997374001554 ], [ -2.439796096127551, 56.733989800389736 ], [ -2.439800622368761, 56.733982021875391 ], [ -2.439804708589641, 56.733974057182188 ], [ -2.439808404714378, 56.733965925824037 ], [ -2.439811760667113, 56.733957647314796 ], [ -2.439814826371978, 56.733949241168368 ], [ -2.439817651753063, 56.733940726898609 ], [ -2.439820286734425, 56.733932124019397 ], [ -2.439822781240085, 56.733923452044564 ], [ -2.439825185194024, 56.733914730487996 ], [ -2.439827548520189, 56.733905978863504 ], [ -2.439829921084395, 56.733897216662413 ], [ -2.439832338818337, 56.733888457964319 ], [ -2.43983480572919, 56.733879704450182 ], [ -2.439837321371972, 56.733870956071854 ], [ -2.439839885301704, 56.733862212781183 ], [ -2.439842497073406, 56.733853474530008 ], [ -2.439845156242089, 56.733844741270147 ], [ -2.439847862362779, 56.733836012953518 ], [ -2.439850614990495, 56.733827289531888 ], [ -2.439853413680256, 56.733818570957133 ], [ -2.439856257987083, 56.733809857181107 ], [ -2.439859147465999, 56.733801148155642 ], [ -2.439862081672024, 56.73379244383257 ], [ -2.439865060160179, 56.733783744163766 ], [ -2.43986808248549, 56.733775049101055 ], [ -2.439871148202975, 56.733766358596306 ], [ -2.439874256867663, 56.7337576726013 ], [ -2.43987740803457, 56.733748991067962 ], [ -2.439880601258729, 56.733740313948076 ], [ -2.439883836095158, 56.733731641193529 ], [ -2.439887112098886, 56.733722972756134 ], [ -2.439890428824937, 56.733714308587764 ], [ -2.439893785828336, 56.733705648640225 ], [ -2.439897182664111, 56.733696992865411 ], [ -2.439900618887284, 56.733688341215121 ], [ -2.439904094052889, 56.733679693641221 ], [ -2.439907607715947, 56.733671050095559 ], [ -2.43991115943149, 56.733662410529988 ], [ -2.439914748754548, 56.733653774896325 ], [ -2.439918375240143, 56.733645143146433 ], [ -2.439922038443309, 56.733636515232142 ], [ -2.439925737919076, 56.733627891105328 ], [ -2.439929473222473, 56.733619270717789 ], [ -2.439933243908527, 56.733610654021426 ], [ -2.439937049532273, 56.733602040968044 ], [ -2.43994088964874, 56.733593431509497 ], [ -2.439944763812962, 56.733584825597625 ], [ -2.439948671579967, 56.733576223184293 ], [ -2.439952612504793, 56.73356762422133 ], [ -2.439956586142464, 56.733559028660565 ], [ -2.439960592048024, 56.733550436453896 ], [ -2.439964629776498, 56.733541847553106 ], [ -2.439968698882924, 56.733533261910083 ], [ -2.439972798922334, 56.733524679476652 ], [ -2.439976929449764, 56.733516100204668 ], [ -2.439981090020251, 56.733507524045969 ], [ -2.439985280188829, 56.733498950952395 ], [ -2.439989499510532, 56.733490380875807 ], [ -2.439993747540398, 56.733481813768051 ], [ -2.439998023833463, 56.733473249580967 ], [ -2.440002327944767, 56.733464688266388 ], [ -2.440006659429345, 56.733456129776179 ], [ -2.440011017842233, 56.733447574062161 ], [ -2.440015402738474, 56.733439021076215 ], [ -2.440019813673101, 56.733430470770166 ], [ -2.44002425020116, 56.733421923095847 ], [ -2.440028711877685, 56.733413378005132 ], [ -2.440033198257717, 56.733404835449839 ], [ -2.440037708896297, 56.733396295381844 ], [ -2.440042243348466, 56.733387757752958 ], [ -2.440046801169264, 56.733379222515055 ], [ -2.440051381913731, 56.733370689619974 ], [ -2.440055985136913, 56.73336215901957 ], [ -2.44006061039385, 56.733353630665661 ], [ -2.440065257239582, 56.733345104510136 ], [ -2.440069925229154, 56.733336580504798 ], [ -2.440074613917612, 56.733328058601501 ], [ -2.440079322859994, 56.733319538752127 ], [ -2.440084051611349, 56.733311020908495 ], [ -2.44008879972672, 56.733302505022422 ], [ -2.440093566761151, 56.733293991045826 ], [ -2.440098352269686, 56.733285478930497 ], [ -2.440103155807374, 56.73327696862831 ], [ -2.440107976929259, 56.733268460091089 ], [ -2.440112815190389, 56.733259953270704 ], [ -2.440117670145806, 56.733251448118978 ], [ -2.440122541350563, 56.733242944587786 ], [ -2.440127428359703, 56.733234442628955 ], [ -2.440132330728277, 56.733225942194338 ], [ -2.440137248011331, 56.733217443235787 ], [ -2.440142179763915, 56.733208945705123 ], [ -2.440147125541079, 56.733200449554246 ], [ -2.440152084897869, 56.733191954734963 ], [ -2.440157057389336, 56.733183461199125 ], [ -2.440162042543933, 56.733174968932232 ], [ -2.440167039935458, 56.733166477862426 ], [ -2.440172049126826, 56.733157987931612 ], [ -2.440177069673086, 56.733149499091631 ], [ -2.440182101129297, 56.733141011294329 ], [ -2.440187143050504, 56.733132524491573 ], [ -2.440192194991762, 56.733124038635189 ], [ -2.440197256508123, 56.733115553677031 ], [ -2.44020232715464, 56.733107069568966 ], [ -2.440207406486366, 56.733098586262813 ], [ -2.440212494058353, 56.73309010371046 ], [ -2.440217589425662, 56.733081621863697 ], [ -2.440222692143339, 56.733073140674435 ], [ -2.440227801766441, 56.733064660094477 ], [ -2.440232917850027, 56.7330561800757 ], [ -2.440238039949147, 56.733047700569962 ], [ -2.440243167618864, 56.733039221529062 ], [ -2.440248300414227, 56.733030742904901 ], [ -2.440253437890299, 56.733022264649293 ], [ -2.440258579602131, 56.73301378671411 ], [ -2.440263725104784, 56.733005309051194 ], [ -2.440268873953313, 56.732996831612404 ], [ -2.440274025702781, 56.732988354349558 ], [ -2.440279179908242, 56.732979877214547 ], [ -2.440284336124757, 56.732971400159194 ], [ -2.440289493907384, 56.732962923135347 ], [ -2.440294652811183, 56.732954446094865 ], [ -2.440299812391214, 56.732945968989604 ], [ -2.440304972202536, 56.732937491771409 ], [ -2.440310131800212, 56.732929014392127 ], [ -2.440315290739303, 56.732920536803618 ], [ -2.440320448574871, 56.732912058957723 ], [ -2.440325604861975, 56.732903580806287 ], [ -2.44033075915568, 56.732895102301164 ], [ -2.440335911011044, 56.732886623394215 ], [ -2.440341059983136, 56.732878144037286 ], [ -2.440346205627016, 56.732869664182218 ], [ -2.440351347497745, 56.732861183780884 ], [ -2.440356485150394, 56.732852702785095 ], [ -2.44036161814002, 56.732844221146749 ], [ -2.440366746021696, 56.732835738817656 ], [ -2.440371868350477, 56.732827255749697 ], [ -2.440376984681437, 56.732818771894721 ], [ -2.440382094569639, 56.732810287204543 ], [ -2.440387197570149, 56.732801801631062 ], [ -2.440392293238032, 56.732793315126116 ], [ -2.440397381128357, 56.732784827641531 ], [ -2.440402460796191, 56.732776339129188 ], [ -2.440407531796601, 56.732767849540906 ], [ -2.440412593684658, 56.732759358828588 ], [ -2.440417646015427, 56.732750866944045 ], [ -2.440422688343979, 56.732742373839137 ], [ -2.440427720225381, 56.732733879465712 ], [ -2.440432741214703, 56.732725383775652 ], [ -2.440437750867019, 56.732716886720773 ], [ -2.440442748737394, 56.732708388252938 ], [ -2.4404477343809, 56.732699888323992 ], [ -2.440452707411166, 56.732691386892157 ], [ -2.440457667823305, 56.732682883957011 ], [ -2.440462615765253, 56.732674379534693 ], [ -2.440467551385344, 56.73266587364143 ], [ -2.44047247483191, 56.732657366293409 ], [ -2.440477386253291, 56.73264885750681 ], [ -2.440482285797821, 56.732640347297867 ], [ -2.440487173613836, 56.73263183568276 ], [ -2.440492049849671, 56.732623322677711 ], [ -2.440496914653661, 56.732614808298891 ], [ -2.440501768174139, 56.732606292562522 ], [ -2.440506610559443, 56.732597775484798 ], [ -2.440511441957907, 56.732589257081926 ], [ -2.440516262517865, 56.732580737370085 ], [ -2.44052107238765, 56.732572216365497 ], [ -2.440525871715602, 56.732563694084341 ], [ -2.440530660650049, 56.732555170542852 ], [ -2.440535439339325, 56.732546645757203 ], [ -2.44054020793177, 56.732538119743602 ], [ -2.440544966575713, 56.73252959251824 ], [ -2.44054971541949, 56.732521064097341 ], [ -2.440554454611437, 56.732512534497076 ], [ -2.440559184299879, 56.732504003733652 ], [ -2.440563904633159, 56.732495471823292 ], [ -2.440568615759604, 56.732486938782181 ], [ -2.440573317827551, 56.732478404626512 ], [ -2.44057801098533, 56.732469869372466 ], [ -2.440582695381275, 56.732461333036298 ], [ -2.440587371163721, 56.732452795634181 ], [ -2.440592038480999, 56.732444257182294 ], [ -2.440596697481442, 56.732435717696859 ], [ -2.44060134831338, 56.732427177194069 ], [ -2.440605991125148, 56.732418635690131 ], [ -2.440610626065077, 56.732410093201231 ], [ -2.440615253281502, 56.732401549743592 ], [ -2.44061987292275, 56.732393005333392 ], [ -2.440624485137156, 56.732384459986839 ], [ -2.440629090073051, 56.732375913720126 ], [ -2.440633687878766, 56.732367366549447 ], [ -2.440638278702635, 56.732358818491043 ], [ -2.440642862692985, 56.732350269561074 ], [ -2.44064743999815, 56.732341719775732 ], [ -2.440652010766462, 56.732333169151254 ], [ -2.44065657514625, 56.73232461770381 ], [ -2.440661133285847, 56.732316065449609 ], [ -2.44066568533358, 56.732307512404851 ], [ -2.440670231437782, 56.73229895858573 ], [ -2.440674771746783, 56.732290404008459 ], [ -2.440679306408913, 56.732281848689233 ], [ -2.440683835572505, 56.732273292644251 ], [ -2.440688359385887, 56.732264735889693 ], [ -2.440692877997386, 56.73225617844178 ], [ -2.440697391555334, 56.732247620316706 ], [ -2.440701900208063, 56.73223906153067 ], [ -2.440706404103901, 56.732230502099867 ], [ -2.440710903391177, 56.732221942040503 ], [ -2.440715398218222, 56.732213381368773 ], [ -2.440719888733364, 56.732204820100883 ], [ -2.440724375084931, 56.732196258253026 ], [ -2.440728857421251, 56.732187695841404 ], [ -2.440733335890657, 56.732179132882202 ], [ -2.440737810641474, 56.732170569391648 ], [ -2.440742281822034, 56.732162005385916 ], [ -2.440746749580663, 56.732153440881227 ], [ -2.44075121406569, 56.732144875893752 ], [ -2.440755675425443, 56.732136310439707 ], [ -2.440760133808249, 56.732127744535283 ], [ -2.440764589362438, 56.73211917819669 ], [ -2.440769042236337, 56.73211061144012 ], [ -2.440773492578273, 56.732102044281781 ], [ -2.440777940536577, 56.732093476737845 ], [ -2.44078238625957, 56.732084908824568 ], [ -2.440786829895585, 56.732076340558081 ], [ -2.440791271592947, 56.732067771954618 ], [ -2.440795711499984, 56.732059203030374 ], [ -2.44080014976502, 56.732050633801549 ], [ -2.440804586536386, 56.73204206428435 ], [ -2.440809021962407, 56.732033494494949 ], [ -2.440813456191408, 56.732024924449568 ], [ -2.440817889371717, 56.732016354164408 ], [ -2.44082232165166, 56.732007783655646 ], [ -2.440826753179564, 56.731999212939492 ], [ -2.440831184103755, 56.731990642032152 ], [ -2.440835614572558, 56.731982070949812 ], [ -2.4408400447343, 56.731973499708687 ], [ -2.440844474737305, 56.731964928324963 ], [ -2.440848904729897, 56.731956356814834 ], [ -2.440853334860408, 56.731947785194514 ], [ -2.440857765277156, 56.731939213480196 ], [ -2.440862196128472, 56.731930641688059 ], [ -2.440866627562679, 56.73192206983434 ], [ -2.440871059728099, 56.73191349793521 ], [ -2.440875492773061, 56.73190492600687 ], [ -2.440879926845887, 56.731896354065505 ], [ -2.440884362094903, 56.731887782127338 ], [ -2.440888798668434, 56.731879210208582 ], [ -2.440893236714802, 56.73187063832539 ], [ -2.440897676382332, 56.731862066493981 ], [ -2.440902117819351, 56.731853494730572 ], [ -2.440906561174176, 56.731844923051334 ], [ -2.440911006595138, 56.731836351472481 ], [ -2.440915454230557, 56.731827780010192 ], [ -2.44091990422876, 56.731819208680697 ], [ -2.440924356738067, 56.731810637500168 ], [ -2.440928811906802, 56.731802066484811 ], [ -2.440933269883289, 56.731793495650834 ], [ -2.44093773081585, 56.731784925014409 ], [ -2.440942194852808, 56.731776354591744 ], [ -2.440946662142486, 56.731767784399075 ], [ -2.440951132833209, 56.731759214452545 ], [ -2.440955607073295, 56.731750644768375 ], [ -2.440960085011072, 56.731742075362781 ], [ -2.440964566794858, 56.731733506251928 ], [ -2.440969052572975, 56.731724937452043 ], [ -2.440973542493746, 56.731716368979299 ], [ -2.440978036705497, 56.731707800849897 ], [ -2.440982535356544, 56.731699233080072 ], [ -2.440987038595211, 56.731690665685974 ], [ -2.440991546569821, 56.731682098683812 ], [ -2.440996059428693, 56.731673532089815 ], [ -2.441000577320149, 56.731664965920139 ], [ -2.44100510039251, 56.731656400190992 ], [ -2.441009628794097, 56.731647834918604 ], [ -2.441014162673233, 56.731639270119125 ], [ -2.441018702178237, 56.731630705808797 ], [ -2.441023247457429, 56.731622142003786 ], [ -2.441027798659133, 56.731613578720307 ], [ -2.441032355931664, 56.731605015974552 ], [ -2.441036919423346, 56.7315964537827 ], [ -2.441041489282499, 56.731587892160981 ], [ -2.441046065657441, 56.731579331125566 ], [ -2.441050648696493, 56.731570770692691 ], [ -2.441055238547978, 56.731562210878494 ], [ -2.441059835360211, 56.731553651699222 ], [ -2.441064439281514, 56.731545093171043 ], [ -2.441069050460206, 56.731536535310191 ], [ -2.441073669044605, 56.731527978132831 ], [ -2.441078295183034, 56.731519421655157 ], [ -2.441082929023805, 56.731510865893384 ], [ -2.441087570715245, 56.731502310863696 ], [ -2.441092220405668, 56.731493756582324 ], [ -2.441096878243393, 56.731485203065404 ], [ -2.441101544376739, 56.731476650329185 ], [ -2.441106218954027, 56.731468098389854 ], [ -2.441110902123573, 56.73145954726359 ], [ -2.441115594033694, 56.731450996966608 ], [ -2.44112029483271, 56.731442447515093 ], [ -2.441125004668939, 56.731433898925239 ], [ -2.441129723690697, 56.731425351213282 ], [ -2.441134452046304, 56.731416804395359 ], [ -2.441139189884076, 56.731408258487704 ], [ -2.441143937352331, 56.731399713506512 ], [ -2.441148694568666, 56.731391169464644 ], [ -2.44115346146093, 56.731382626354318 ], [ -2.441158237884596, 56.731374084159967 ], [ -2.441163023694997, 56.731365542865923 ], [ -2.441167818747469, 56.731357002456591 ], [ -2.441172622897341, 56.731348462916301 ], [ -2.441177435999951, 56.731339924229459 ], [ -2.441182257910625, 56.731331386380418 ], [ -2.441187088484704, 56.731322849353546 ], [ -2.441191927577516, 56.731314313133225 ], [ -2.441196775044397, 56.731305777703817 ], [ -2.44120163074068, 56.73129724304971 ], [ -2.441206494521698, 56.731288709155251 ], [ -2.441211366242786, 56.731280176004816 ], [ -2.441216245759277, 56.731271643582787 ], [ -2.441221132926507, 56.731263111873524 ], [ -2.441226027599809, 56.73125458086141 ], [ -2.441230929634519, 56.7312460505308 ], [ -2.441235838885968, 56.731237520866074 ], [ -2.441240755209492, 56.731228991851609 ], [ -2.441245678460429, 56.731220463471772 ], [ -2.44125060849411, 56.731211935710931 ], [ -2.441255545165871, 56.731203408553448 ], [ -2.441260488331049, 56.731194881983711 ], [ -2.441265437844976, 56.731186355986075 ], [ -2.44127039356299, 56.731177830544915 ], [ -2.441275355340426, 56.731169305644627 ], [ -2.44128032303262, 56.731160781269537 ], [ -2.441285296494904, 56.731152257404069 ], [ -2.441290275582618, 56.73114373403255 ], [ -2.441295260151098, 56.731135211139367 ], [ -2.441300250055678, 56.731126688708891 ], [ -2.441305245151696, 56.731118166725494 ], [ -2.441310245294488, 56.731109645173547 ], [ -2.441315250339389, 56.731101124037423 ], [ -2.441320260141737, 56.731092603301498 ], [ -2.441325274556866, 56.731084082950133 ], [ -2.441330293440117, 56.731075562967682 ], [ -2.441335316646825, 56.73106704333857 ], [ -2.441340344032326, 56.731058524047121 ], [ -2.441345375451959, 56.731050005077734 ], [ -2.441350410761061, 56.731041486414739 ], [ -2.441355449814968, 56.731032968042562 ], [ -2.441360492469019, 56.731024449945537 ], [ -2.441365538578552, 56.73101593210805 ], [ -2.441370587998905, 56.73100741451448 ], [ -2.441375640585414, 56.730998897149171 ], [ -2.441380696193416, 56.73099037999652 ], [ -2.441385754678253, 56.730981863040896 ], [ -2.441390815895263, 56.730973346266659 ], [ -2.441395879699781, 56.730964829658191 ], [ -2.441400945947148, 56.730956313199847 ], [ -2.441406014492701, 56.730947796876045 ], [ -2.441411085191781, 56.730939280671087 ], [ -2.441416157899723, 56.730930764569393 ], [ -2.441421232471872, 56.730922248555338 ], [ -2.441426308763561, 56.730913732613267 ], [ -2.441431386630134, 56.730905216727557 ], [ -2.441436465926929, 56.730896700882603 ], [ -2.441441546509284, 56.730888185062753 ], [ -2.44144662823254, 56.730879669252374 ], [ -2.441451710952034, 56.730871153435864 ], [ -2.441456794523109, 56.730862637597582 ], [ -2.441461878801106, 56.730854121721897 ], [ -2.441466963641363, 56.730845605793185 ], [ -2.44147204889922, 56.730837089795806 ], [ -2.441477134430017, 56.730828573714156 ], [ -2.441482220089095, 56.730820057532583 ], [ -2.441487305731795, 56.730811541235489 ], [ -2.441492391213457, 56.730803024807209 ], [ -2.441497476389423, 56.73079450823213 ], [ -2.441502561115031, 56.730785991494642 ], [ -2.441507645245629, 56.730777474579099 ], [ -2.441512728636551, 56.730768957469863 ], [ -2.44151781114314, 56.730760440151343 ], [ -2.441522892620739, 56.73075192260788 ], [ -2.441527972924687, 56.730743404823862 ], [ -2.44153305191033, 56.73073488678363 ], [ -2.441538129433005, 56.730726368471601 ], [ -2.441543205348059, 56.730717849872129 ], [ -2.441548279510828, 56.730709330969574 ], [ -2.441553351776658, 56.730700811748328 ], [ -2.441558422000891, 56.730692292192749 ], [ -2.441563490038869, 56.730683772287215 ], [ -2.441568555745933, 56.730675252016098 ], [ -2.441573618977428, 56.730666731363776 ], [ -2.441578679588695, 56.730658210314623 ], [ -2.441583737435081, 56.730649688852985 ], [ -2.441588792371922, 56.730641166963274 ], [ -2.441593844254567, 56.730632644629843 ], [ -2.441598892938355, 56.730624121837067 ], [ -2.441603938278633, 56.730615598569301 ], [ -2.44160898013074, 56.730607074810941 ], [ -2.441614018350026, 56.730598550546361 ], [ -2.441619052791829, 56.730590025759923 ], [ -2.441624083311496, 56.730581500435989 ], [ -2.441629109764369, 56.73057297455896 ], [ -2.441634132005793, 56.730564448113192 ], [ -2.441639149891115, 56.730555921083045 ], [ -2.441644163275672, 56.73054739345293 ], [ -2.441649172014815, 56.730538865207187 ], [ -2.441654175963888, 56.730530336330204 ], [ -2.441659174978233, 56.730521806806337 ], [ -2.441664168913196, 56.73051327661998 ], [ -2.441669157624122, 56.730504745755496 ], [ -2.441674140966357, 56.730496214197267 ], [ -2.441679118795244, 56.730487681929631 ], [ -2.441684090966129, 56.730479148937007 ], [ -2.441689057334362, 56.730470615203757 ], [ -2.441694017755279, 56.73046208071424 ], [ -2.441698972084235, 56.730453545452839 ], [ -2.44170392017657, 56.730445009403923 ], [ -2.441708861887633, 56.730436472551858 ], [ -2.441713797072766, 56.730427934881028 ], [ -2.441718725587323, 56.730419396375808 ], [ -2.441723647286643, 56.730410857020566 ], [ -2.441728562026074, 56.730402316799676 ], [ -2.441733469660964, 56.730393775697507 ], [ -2.441738370046658, 56.730385233698449 ], [ -2.441743263038504, 56.730376690786848 ], [ -2.44174814849185, 56.730368146947107 ], [ -2.441753026262039, 56.730359602163567 ], [ -2.441757896204422, 56.730351056420645 ], [ -2.441762758174346, 56.73034250970268 ], [ -2.441767612027156, 56.730333961994049 ], [ -2.4417724576182, 56.730325413279132 ], [ -2.441777294802828, 56.730316863542299 ], [ -2.441782123436385, 56.730308312767939 ], [ -2.441786943374221, 56.730299760940412 ], [ -2.441791754471683, 56.730291208044093 ], [ -2.441796556584118, 56.730282654063338 ], [ -2.441801349566877, 56.730274098982548 ], [ -2.441806133275306, 56.7302655427861 ], [ -2.441810907564752, 56.730256985458333 ], [ -2.441815672290569, 56.73024842698365 ], [ -2.441820427308101, 56.730239867346427 ], [ -2.441825172472699, 56.730231306531017 ], [ -2.441829907639711, 56.730222744521811 ], [ -2.441834632664488, 56.730214181303175 ], [ -2.441839347402375, 56.730205616859479 ], [ -2.441844051708726, 56.730197051175111 ], [ -2.441848745485456, 56.730188484239562 ], [ -2.441853428809766, 56.730179916061687 ], [ -2.441858101800102, 56.730171346654878 ], [ -2.441862764574902, 56.7301627760325 ], [ -2.44186741725261, 56.730154204207949 ], [ -2.441872059951667, 56.730145631194617 ], [ -2.441876692790515, 56.730137057005876 ], [ -2.441881315887596, 56.730128481655129 ], [ -2.441885929361349, 56.730119905155782 ], [ -2.441890533330219, 56.730111327521179 ], [ -2.441895127912642, 56.730102748764715 ], [ -2.441899713227065, 56.730094168899811 ], [ -2.441904289391925, 56.730085587939811 ], [ -2.441908856525663, 56.730077005898139 ], [ -2.441913414746724, 56.73006842278815 ], [ -2.441917964173544, 56.730059838623255 ], [ -2.441922504924565, 56.730051253416832 ], [ -2.441927037118229, 56.730042667182282 ], [ -2.441931560872971, 56.730034079932956 ], [ -2.44193607630724, 56.730025491682255 ], [ -2.441940583539469, 56.730016902443573 ], [ -2.441945082688102, 56.730008312230311 ], [ -2.441949573871578, 56.729999721055826 ], [ -2.441954057208335, 56.729991128933541 ], [ -2.441958532816814, 56.729982535876793 ], [ -2.441963000815457, 56.729973941899011 ], [ -2.441967461322702, 56.729965347013554 ], [ -2.441971914456988, 56.729956751233836 ], [ -2.441976360336754, 56.729948154573222 ], [ -2.44198079908044, 56.729939557045107 ], [ -2.441985230806485, 56.72993095866287 ], [ -2.441989655633329, 56.729922359439904 ], [ -2.44199407367941, 56.729913759389596 ], [ -2.441998485063167, 56.729905158525334 ], [ -2.442002889903038, 56.729896556860503 ], [ -2.442007288317464, 56.729887954408483 ], [ -2.442011680424883, 56.729879351182653 ], [ -2.442016066343732, 56.729870747196429 ], [ -2.442020446192451, 56.729862142463169 ], [ -2.442024820089476, 56.729853536996274 ], [ -2.44202918815325, 56.729844930809115 ], [ -2.442033550502205, 56.729836323915109 ], [ -2.442037907254782, 56.729827716327605 ], [ -2.442042258529419, 56.729819108060028 ], [ -2.442046604444557, 56.729810499125719 ], [ -2.442050945118627, 56.729801889538095 ], [ -2.442055280670071, 56.729793279310549 ], [ -2.442059611217323, 56.729784668456432 ], [ -2.442063936878826, 56.729776056989166 ], [ -2.442068257773013, 56.729767444922118 ], [ -2.442072574018324, 56.729758832268672 ], [ -2.442076885733193, 56.729750219042252 ], [ -2.442081193036058, 56.729741605256173 ], [ -2.442085496045359, 56.729732990923871 ], [ -2.442089794879529, 56.729724376058734 ], [ -2.442094089657006, 56.729715760674118 ], [ -2.442098380496228, 56.729707144783433 ], [ -2.442102667515629, 56.729698528400057 ], [ -2.442106950833647, 56.729689911537399 ], [ -2.442111230568716, 56.729681294208795 ], [ -2.442115506839275, 56.729672676427676 ], [ -2.44211977976376, 56.729664058207405 ], [ -2.442124049460606, 56.729655439561377 ], [ -2.442128316048248, 56.729646820502971 ], [ -2.442132579645124, 56.729638201045574 ], [ -2.442136840369667, 56.729629581202566 ], [ -2.442141098340318, 56.729620960987369 ], [ -2.442145353675506, 56.729612340413347 ], [ -2.44214960649367, 56.729603719493852 ], [ -2.442153856913243, 56.729595098242292 ], [ -2.442158105052663, 56.729586476672083 ], [ -2.442162351030363, 56.729577854796567 ], [ -2.442166594964779, 56.729569232629153 ], [ -2.442170836974344, 56.729560610183228 ], [ -2.442175077177497, 56.729551987472178 ], [ -2.442179315692668, 56.729543364509368 ], [ -2.442183552638295, 56.729534741308221 ], [ -2.442187788132811, 56.729526117882074 ], [ -2.442192022294651, 56.729517494244341 ], [ -2.442196255242248, 56.729508870408424 ], [ -2.442200487094037, 56.72950024638768 ], [ -2.442204717968453, 56.729491622195489 ], [ -2.442208947983927, 56.729482997845267 ], [ -2.442213177258898, 56.729474373350385 ], [ -2.442217405911796, 56.729465748724223 ], [ -2.442221634061055, 56.729457123980175 ], [ -2.442225861825109, 56.729448499131614 ], [ -2.442230089322391, 56.729439874191947 ], [ -2.442234316671337, 56.729431249174539 ], [ -2.442238543990377, 56.72942262409277 ], [ -2.442242771397945, 56.729413998960048 ], [ -2.442246999012474, 56.72940537378976 ], [ -2.442251226952399, 56.729396748595271 ], [ -2.44225545533615, 56.72938812338996 ], [ -2.442259684282162, 56.729379498187249 ], [ -2.442263913908867, 56.729370873000498 ], [ -2.442268144334697, 56.729362247843092 ], [ -2.442272375678085, 56.729353622728418 ], [ -2.442276608057462, 56.72934499766987 ], [ -2.442280841591263, 56.729336372680812 ], [ -2.442285076397918, 56.729327747774654 ], [ -2.442289312595862, 56.729319122964782 ], [ -2.442293550303523, 56.729310498264546 ], [ -2.442297789639334, 56.729301873687376 ], [ -2.442302030721727, 56.729293249246631 ], [ -2.442306273669136, 56.729284624955703 ], [ -2.442310518599988, 56.729276000827973 ], [ -2.442314765632718, 56.729267376876813 ], [ -2.442319014885757, 56.729258753115644 ], [ -2.442323266477536, 56.729250129557812 ], [ -2.442327520526485, 56.729241506216745 ], [ -2.442331777151037, 56.729232883105794 ], [ -2.442336036469619, 56.729224260238347 ], [ -2.442340298600668, 56.729215637627796 ], [ -2.44234456366261, 56.729207015287528 ], [ -2.442348831773877, 56.729198393230924 ], [ -2.442353103052899, 56.729189771471376 ], [ -2.442357377618109, 56.729181150022256 ], [ -2.442361655587934, 56.729172528896967 ], [ -2.442365937080805, 56.729163908108873 ], [ -2.442370222215155, 56.729155287671375 ], [ -2.44237451110941, 56.729146667597838 ], [ -2.442378803882002, 56.729138047901685 ], [ -2.442383100651363, 56.729129428596259 ], [ -2.442387401535918, 56.729120809694962 ], [ -2.4423917066541, 56.729112191211193 ], [ -2.442396016124338, 56.729103573158298 ], [ -2.442400330065062, 56.729094955549712 ], [ -2.442404648594698, 56.729086338398773 ], [ -2.44240897183168, 56.729077721718888 ], [ -2.442413299894433, 56.729069105523457 ], [ -2.442417632901389, 56.729060489825834 ], [ -2.442421970970976, 56.729051874639431 ], [ -2.442426314221621, 56.729043259977601 ], [ -2.442430662771756, 56.729034645853773 ], [ -2.442435016739811, 56.729026032281268 ], [ -2.442439376244207, 56.729017419273532 ], [ -2.442443741403378, 56.729008806843915 ], [ -2.44244811233575, 56.729000195005817 ], [ -2.442452489159757, 56.728991583772626 ], [ -2.44245687199382, 56.728982973157713 ], [ -2.442461260955299, 56.728974363174331 ], [ -2.442465656092777, 56.728965753827453 ], [ -2.442470057345434, 56.728957145108843 ], [ -2.442474464642717, 56.72894853700911 ], [ -2.442478877914059, 56.728939929518837 ], [ -2.442483297088914, 56.728931322628654 ], [ -2.442487722096717, 56.728922716329116 ], [ -2.442492152866916, 56.728914110610852 ], [ -2.442496589328952, 56.728905505464432 ], [ -2.442501031412268, 56.728896900880486 ], [ -2.442505479046305, 56.72888829684959 ], [ -2.44250993216051, 56.728879693362352 ], [ -2.442514390684325, 56.728871090409385 ], [ -2.442518854547189, 56.728862487981246 ], [ -2.442523323678551, 56.728853886068563 ], [ -2.442527798007853, 56.728845284661922 ], [ -2.442532277464537, 56.728836683751943 ], [ -2.442536761978046, 56.728828083329198 ], [ -2.442541251477827, 56.728819483384292 ], [ -2.44254574589332, 56.728810883907833 ], [ -2.442550245153969, 56.728802284890406 ], [ -2.442554749189218, 56.728793686322611 ], [ -2.442559257928513, 56.72878508819506 ], [ -2.442563771301296, 56.72877649049834 ], [ -2.442568289237009, 56.728767893223036 ], [ -2.442572811665102, 56.728759296359783 ], [ -2.442577338515012, 56.728750699899138 ], [ -2.442581869716186, 56.728742103831728 ], [ -2.442586405198068, 56.728733508148146 ], [ -2.442590944890105, 56.728724912838977 ], [ -2.442595488721737, 56.728716317894829 ], [ -2.442600036622411, 56.728707723306307 ], [ -2.442604588521567, 56.72869912906399 ], [ -2.442609144348658, 56.728690535158499 ], [ -2.442613704033118, 56.728681941580419 ], [ -2.4426182675044, 56.728673348320342 ], [ -2.442622834691946, 56.728664755368889 ], [ -2.442627405525198, 56.728656162716625 ], [ -2.442631979933603, 56.728647570354177 ], [ -2.442636557846607, 56.728638978272159 ], [ -2.442641139193652, 56.728630386461091 ], [ -2.442645723904186, 56.72862179491166 ], [ -2.442650311907651, 56.728613203614422 ], [ -2.442654903133493, 56.728604612559977 ], [ -2.442659497511159, 56.72859602173893 ], [ -2.442664094970089, 56.728587431141897 ], [ -2.442668695439737, 56.728578840759432 ], [ -2.442673298849539, 56.728570250582173 ], [ -2.442677905128947, 56.72856166060069 ], [ -2.442682514207402, 56.728553070805617 ], [ -2.442687126014351, 56.728544481187512 ], [ -2.442691740479238, 56.728535891736996 ], [ -2.442696357531513, 56.728527302444675 ], [ -2.442700977100618, 56.728518713301121 ], [ -2.442705599115999, 56.72851012429696 ], [ -2.442710223507102, 56.72850153542278 ], [ -2.442714850203373, 56.728492946669164 ], [ -2.442719479134259, 56.728484358026734 ], [ -2.442724110229204, 56.728475769486074 ], [ -2.442728743417655, 56.728467181037793 ], [ -2.442733378629057, 56.728458592672489 ], [ -2.442738015792855, 56.72845000438074 ], [ -2.442742654838499, 56.728441416153174 ], [ -2.442747295695433, 56.728432827980392 ], [ -2.442751938293103, 56.728424239852941 ], [ -2.442756582560957, 56.72841565176148 ], [ -2.442761228428438, 56.728407063696565 ], [ -2.442765875824996, 56.728398475648831 ], [ -2.442770524680075, 56.728389887608834 ], [ -2.442775174923122, 56.728381299567218 ], [ -2.442779826483586, 56.728372711514567 ], [ -2.442784479290911, 56.728364123441452 ], [ -2.442789133274544, 56.728355535338508 ], [ -2.442793788363932, 56.728346947196307 ], [ -2.442798444488524, 56.72833835900547 ], [ -2.442803101577764, 56.728329770756581 ], [ -2.4428077595611, 56.72832118244024 ], [ -2.44281241836798, 56.728312594047054 ], [ -2.442817077927849, 56.728304005567608 ], [ -2.442821738170155, 56.728295416992523 ], [ -2.442826399024347, 56.728286828312378 ], [ -2.442831060419869, 56.728278239517763 ], [ -2.442835722286171, 56.728269650599316 ], [ -2.4428403845527, 56.728261061547599 ], [ -2.442845047148901, 56.728252472353233 ], [ -2.442849710004227, 56.72824388300679 ], [ -2.442854373048117, 56.728235293498905 ], [ -2.442859036210027, 56.728226703820141 ], [ -2.442863699419401, 56.72821811396112 ], [ -2.442868362605687, 56.728209523912433 ], [ -2.442873025698331, 56.728200933664688 ], [ -2.442877688626784, 56.728192343208484 ], [ -2.442882351320492, 56.728183752534392 ], [ -2.442887013708903, 56.72817516163304 ], [ -2.442891675721468, 56.728166570495013 ], [ -2.442896337287629, 56.728157979110918 ], [ -2.442900998336839, 56.728149387471362 ], [ -2.442905658798546, 56.728140795566915 ], [ -2.442910318602198, 56.728132203388206 ], [ -2.442914977677241, 56.728123610925834 ], [ -2.442919635953125, 56.728115018170357 ], [ -2.442924293359297, 56.728106425112429 ], [ -2.442928949825208, 56.728097831742623 ], [ -2.442933605280306, 56.728089238051517 ], [ -2.442938259654039, 56.728080644029752 ], [ -2.442942912875854, 56.728072049667901 ], [ -2.442947564875204, 56.728063454956569 ], [ -2.442952215581532, 56.728054859886363 ], [ -2.442956864924292, 56.728046264447862 ], [ -2.442961512832931, 56.728037668631686 ], [ -2.442966159236898, 56.728029072428399 ], [ -2.442970804065641, 56.728020475828657 ], [ -2.442975447248611, 56.728011878823011 ], [ -2.442980088715254, 56.728003281402088 ], [ -2.442984728395026, 56.727994683556474 ], [ -2.442989366217367, 56.727986085276783 ], [ -2.442994002111732, 56.727977486553577 ], [ -2.442998636007571, 56.727968887377507 ], [ -2.443003267834329, 56.72796028773913 ], [ -2.443007897521462, 56.727951687629066 ], [ -2.443012524998414, 56.7279430870379 ], [ -2.443017150194636, 56.727934485956247 ], [ -2.443021773039578, 56.727925884374699 ], [ -2.443026393462692, 56.727917282283862 ], [ -2.443031011393423, 56.727908679674329 ], [ -2.443035626761225, 56.727900076536685 ], [ -2.443040239495545, 56.727891472861565 ], [ -2.443044849525837, 56.72788286863954 ], [ -2.443049456781545, 56.72787426386121 ], [ -2.443054061192127, 56.727865658517189 ], [ -2.443058662687025, 56.727857052598061 ], [ -2.443063261195694, 56.727848446094434 ], [ -2.443067856647584, 56.727839838996907 ], [ -2.443072448972144, 56.727831231296079 ], [ -2.443077038098825, 56.727822622982551 ], [ -2.443081623957076, 56.727814014046935 ], [ -2.44308620647635, 56.727805404479788 ], [ -2.443090785586096, 56.727796794271747 ], [ -2.443095361215766, 56.727788183413416 ], [ -2.44309993329481, 56.727779571895354 ], [ -2.443104501752868, 56.727770959708245 ], [ -2.443109066550149, 56.727762346847136 ], [ -2.443113627710716, 56.727753733316497 ], [ -2.443118185266645, 56.727745119121934 ], [ -2.443122739250007, 56.727736504269068 ], [ -2.443127289692876, 56.727727888763496 ], [ -2.443131836627324, 56.727719272610841 ], [ -2.443136380085426, 56.727710655816715 ], [ -2.443140920099254, 56.727702038386731 ], [ -2.443145456700879, 56.72769342032651 ], [ -2.443149989922377, 56.727684801641665 ], [ -2.443154519795817, 56.727676182337781 ], [ -2.443159046353276, 56.7276675624205 ], [ -2.443163569626822, 56.727658941895434 ], [ -2.443168089648534, 56.727650320768184 ], [ -2.443172606450478, 56.727641699044376 ], [ -2.443177120064731, 56.727633076729603 ], [ -2.443181630523362, 56.727624453829492 ], [ -2.443186137858449, 56.727615830349677 ], [ -2.443190642102059, 56.72760720629573 ], [ -2.44319514328627, 56.727598581673298 ], [ -2.443199641443151, 56.727589956487961 ], [ -2.443204136604776, 56.727581330745359 ], [ -2.443208628803215, 56.727572704451099 ], [ -2.443213118070542, 56.727564077610786 ], [ -2.443217604438832, 56.727555450230035 ], [ -2.443222087940154, 56.72754682231448 ], [ -2.443226568606581, 56.727538193869698 ], [ -2.443231046470189, 56.727529564901339 ], [ -2.443235521563043, 56.727520935414994 ], [ -2.443239993917223, 56.727512305416276 ], [ -2.443244463564796, 56.727503674910814 ], [ -2.443248930537838, 56.727495043904199 ], [ -2.443253394868418, 56.727486412402037 ], [ -2.443257856588609, 56.727477780409991 ], [ -2.443262315730488, 56.727469147933625 ], [ -2.443266772326119, 56.727460514978574 ], [ -2.44327122640758, 56.727451881550451 ], [ -2.443275678006939, 56.727443247654847 ], [ -2.443280127156273, 56.727434613297419 ], [ -2.443284573887648, 56.727425978483737 ], [ -2.443289018233144, 56.727417343219422 ], [ -2.443293460224827, 56.727408707510094 ], [ -2.44329789989477, 56.727400071361387 ], [ -2.443302337275047, 56.72739143477888 ], [ -2.443306772397726, 56.727382797768193 ], [ -2.443311205294881, 56.727374160334961 ], [ -2.443315635998585, 56.727365522484781 ], [ -2.443320064540909, 56.727356884223255 ], [ -2.443324490953926, 56.727348245556023 ], [ -2.443328915269705, 56.727339606488677 ], [ -2.443333337520319, 56.727330967026823 ], [ -2.443337757737841, 56.727322327176104 ], [ -2.443342175954342, 56.727313686942125 ], [ -2.443346592201895, 56.727305046330464 ], [ -2.443351006512567, 56.727296405346777 ], [ -2.443355418918435, 56.727287763996657 ], [ -2.443359829451569, 56.727279122285708 ], [ -2.443364238144038, 56.727270480219566 ], [ -2.443368645027919, 56.727261837803823 ], [ -2.443373050135278, 56.727253195044106 ], [ -2.443377453498187, 56.727244551946022 ], [ -2.443381855148722, 56.727235908515198 ], [ -2.443386255118949, 56.727227264757225 ], [ -2.443390653440944, 56.727218620677725 ], [ -2.443395050146777, 56.727209976282303 ], [ -2.443399445268517, 56.727201331576595 ], [ -2.443403838838238, 56.727192686566184 ], [ -2.44340823088801, 56.727184041256713 ], [ -2.443412621449906, 56.727175395653752 ], [ -2.443417010555995, 56.727166749762972 ], [ -2.443421398238349, 56.727158103589943 ], [ -2.443425784529041, 56.727149457140293 ], [ -2.44343016946014, 56.727140810419627 ], [ -2.443434553063716, 56.727132163433559 ], [ -2.443438935371846, 56.727123516187724 ], [ -2.443443316416594, 56.727114868687693 ], [ -2.443447696230035, 56.727106220939127 ], [ -2.44345207484424, 56.727097572947599 ], [ -2.443456452291278, 56.727088924718728 ], [ -2.443460828603222, 56.727080276258157 ], [ -2.443465203812142, 56.727071627571462 ], [ -2.443469577950109, 56.727062978664286 ], [ -2.443473951049196, 56.727054329542206 ], [ -2.443478323141472, 56.727045680210878 ], [ -2.443482694259006, 56.727037030675881 ], [ -2.443487064433871, 56.727028380942841 ], [ -2.443491433698139, 56.727019731017371 ], [ -2.443495802083878, 56.727011080905072 ], [ -2.443500169623161, 56.727002430611591 ], [ -2.443504536348059, 56.726993780142493 ], [ -2.44350890229064, 56.726985129503433 ], [ -2.443513267482978, 56.726976478699996 ], [ -2.443517631957141, 56.726967827737795 ], [ -2.4435219957452, 56.726959176622465 ], [ -2.443526358879227, 56.726950525359605 ], [ -2.443530721391292, 56.726941873954821 ], [ -2.443535083313466, 56.726933222413741 ], [ -2.443539444677818, 56.726924570741964 ], [ -2.443543805516419, 56.726915918945117 ], [ -2.443548165861342, 56.7269072670288 ], [ -2.443552525744651, 56.726898614998618 ], [ -2.443556885198425, 56.726889962860213 ], [ -2.443561244254729, 56.726881310619177 ], [ -2.443565602945634, 56.72687265828111 ], [ -2.443569961303214, 56.72686400585166 ], [ -2.443574319359532, 56.726855353336411 ], [ -2.443578677146663, 56.726846700740992 ], [ -2.443583034696678, 56.726838048071002 ], [ -2.443587392041647, 56.726829395332061 ], [ -2.443591749213639, 56.726820742529796 ], [ -2.443596106244724, 56.726812089669785 ], [ -2.44360046316697, 56.726803436757663 ], [ -2.443604820012454, 56.726794783799058 ], [ -2.443609176813239, 56.726786130799532 ], [ -2.4436135336014, 56.726777477764756 ], [ -2.443617890409003, 56.726768824700322 ], [ -2.44362224726812, 56.726760171611822 ], [ -2.443626604210822, 56.726751518504884 ], [ -2.44363096126918, 56.726742865385134 ], [ -2.443635318475256, 56.726734212258158 ], [ -2.443639675861131, 56.726725559129605 ], [ -2.443644033458868, 56.726716906005045 ], [ -2.443648391300539, 56.726708252890113 ], [ -2.443652749418214, 56.726699599790429 ], [ -2.443657107843961, 56.726690946711578 ], [ -2.443661466609851, 56.726682293659209 ], [ -2.443665825747956, 56.726673640638907 ], [ -2.44367018529034, 56.726664987656299 ], [ -2.443674545269079, 56.726656334716985 ], [ -2.443678905716239, 56.726647681826591 ], [ -2.443683266663891, 56.726639028990711 ], [ -2.443687628144104, 56.72663037621497 ], [ -2.443691990188947, 56.726621723505005 ], [ -2.443696352830492, 56.726613070866378 ], [ -2.443700716100806, 56.726604418304746 ], [ -2.443705080031959, 56.726595765825707 ], [ -2.443709444656022, 56.726587113434846 ], [ -2.443713810005063, 56.726578461137812 ], [ -2.443718176111152, 56.726569808940198 ], [ -2.443722543006359, 56.726561156847637 ], [ -2.443726910722753, 56.726552504865722 ], [ -2.443731279292401, 56.726543853000067 ], [ -2.443735648747376, 56.72653520125629 ], [ -2.443740019119744, 56.72652654964002 ], [ -2.443744390441578, 56.726517898156828 ], [ -2.443748762744943, 56.726509246812363 ], [ -2.443753136061912, 56.726500595612222 ], [ -2.443757510424553, 56.726491944562007 ], [ -2.443761885864936, 56.726483293667364 ], [ -2.443766262415127, 56.72647464293388 ], [ -2.443770640107196, 56.726465992367167 ], [ -2.443775018971332, 56.726457341972782 ], [ -2.443779399031748, 56.726448691756062 ], [ -2.443783780311477, 56.726440041722284 ], [ -2.443788162833548, 56.726431391876773 ], [ -2.443792546620996, 56.726422742224806 ], [ -2.443796931696853, 56.726414092771698 ], [ -2.443801318084147, 56.726405443522729 ], [ -2.443805705805913, 56.726396794483207 ], [ -2.443810094885183, 56.726388145658404 ], [ -2.443814485344988, 56.726379497053657 ], [ -2.443818877208359, 56.726370848674215 ], [ -2.44382327049833, 56.726362200525415 ], [ -2.443827665237929, 56.726353552612537 ], [ -2.443832061450191, 56.726344904940873 ], [ -2.443836459158145, 56.726336257515747 ], [ -2.443840858384825, 56.726327610342409 ], [ -2.443845259153262, 56.726318963426188 ], [ -2.443849661486488, 56.72631031677237 ], [ -2.443854065407534, 56.726301670386263 ], [ -2.443858470939431, 56.726293024273147 ], [ -2.443862878105211, 56.726284378438315 ], [ -2.443867286927906, 56.726275732887089 ], [ -2.443871697430546, 56.726267087624748 ], [ -2.443876109636166, 56.726258442656601 ], [ -2.443880523567795, 56.726249797987926 ], [ -2.443884939248465, 56.726241153624017 ], [ -2.443889356701205, 56.726232509570188 ], [ -2.44389377594905, 56.726223865831727 ], [ -2.44389819701503, 56.726215222413956 ], [ -2.443902619922177, 56.726206579322124 ], [ -2.44390704469352, 56.726197936561562 ], [ -2.443911471352094, 56.726189294137548 ], [ -2.443915899920929, 56.726180652055383 ], [ -2.443920330423053, 56.726172010320383 ], [ -2.443924762881504, 56.726163368937812 ], [ -2.443929197319308, 56.726154727913006 ], [ -2.443933633759496, 56.726146087251216 ], [ -2.443938072225105, 56.72613744695775 ], [ -2.443942512739158, 56.726128807037952 ], [ -2.443946955324693, 56.726120167497044 ], [ -2.443951400004738, 56.726111528340383 ], [ -2.443955846802325, 56.726102889573227 ], [ -2.443960295740485, 56.726094251200898 ], [ -2.443964746842247, 56.726085613228676 ], [ -2.443969200130648, 56.726076975661876 ], [ -2.443973655628713, 56.726068338505769 ], [ -2.443978113359477, 56.726059701765664 ], [ -2.443982573345969, 56.726051065446853 ], [ -2.443987035611222, 56.726042429554639 ], [ -2.443991500178264, 56.726033794094334 ], [ -2.443995967070127, 56.726025159071206 ], [ -2.444000436309844, 56.726016524490547 ], [ -2.444004907920446, 56.726007890357685 ], [ -2.44400938192496, 56.725999256677895 ], [ -2.444013858346421, 56.725990623456475 ], [ -2.444018337207858, 56.725981990698727 ], [ -2.444022818532302, 56.725973358409938 ], [ -2.444027302342784, 56.725964726595421 ], [ -2.444031788662339, 56.725956095260457 ], [ -2.444036277513991, 56.725947464410353 ], [ -2.444040768920774, 56.725938834050396 ], [ -2.44404526290572, 56.725930204185872 ], [ -2.444049759491858, 56.72592157482211 ], [ -2.444054258702219, 56.725912945964382 ], [ -2.444058760559834, 56.725904317617989 ], [ -2.444063265087734, 56.725895689788224 ], [ -2.444067772308948, 56.725887062480396 ], [ -2.44407228224651, 56.725878435699791 ], [ -2.444076794923449, 56.725869809451709 ], [ -2.444081310362797, 56.725861183741436 ], [ -2.444085828587581, 56.725852558574289 ], [ -2.444090349620832, 56.725843933955545 ], [ -2.444094873485586, 56.725835309890506 ], [ -2.44409940020487, 56.725826686384458 ], [ -2.444103929801714, 56.725818063442723 ], [ -2.44410846229915, 56.725809441070595 ], [ -2.444112997720206, 56.725800819273331 ], [ -2.444117536087917, 56.725792198056276 ], [ -2.444122077425308, 56.725783577424707 ], [ -2.444126621755415, 56.725774957383905 ], [ -2.444131169101266, 56.725766337939177 ], [ -2.444135719485888, 56.725757719095839 ], [ -2.444140272932317, 56.725749100859169 ], [ -2.444144829463582, 56.725740483234453 ], [ -2.444149389102713, 56.725731866227001 ], [ -2.444153951872738, 56.725723249842112 ], [ -2.444158517796689, 56.725714634085051 ], [ -2.444163086897599, 56.725706018961176 ], [ -2.444167659198494, 56.725697404475724 ], [ -2.444172234722408, 56.725688790634024 ], [ -2.444176813492369, 56.725680177441355 ], [ -2.444181395531408, 56.725671564903038 ], [ -2.444185980862555, 56.72566295302434 ], [ -2.444190569508839, 56.725654341810561 ], [ -2.444195161493295, 56.725645731267022 ], [ -2.444199756838946, 56.725637121398996 ], [ -2.444204355568828, 56.725628512211784 ], [ -2.444208957705969, 56.725619903710687 ], [ -2.444213563273401, 56.725611295900997 ], [ -2.444218172294151, 56.725602688788001 ], [ -2.44422278479125, 56.725594082377029 ], [ -2.44422740078773, 56.725585476673345 ], [ -2.44423202030662, 56.72557687168225 ], [ -2.444236643370949, 56.725568267409038 ], [ -2.444241270003748, 56.725559663859016 ], [ -2.444245900228048, 56.725551061037486 ], [ -2.444250534066876, 56.725542458949725 ], [ -2.444255171543266, 56.725533857601022 ], [ -2.444259812680244, 56.725525256996704 ], [ -2.444264457500842, 56.725516657142059 ], [ -2.444269106028092, 56.725508058042379 ], [ -2.444273758285021, 56.725499459702938 ], [ -2.444278414294659, 56.725490862129057 ], [ -2.444283074080038, 56.725482265326036 ], [ -2.444287737664184, 56.725473669299163 ], [ -2.444292405070131, 56.72546507405373 ], [ -2.444297076320906, 56.725456479595024 ], [ -2.444301751439541, 56.725447885928361 ], [ -2.444306430449062, 56.72543929305904 ], [ -2.444311113372505, 56.72543070099232 ], [ -2.444315800232896, 56.725422109733543 ], [ -2.444320491053264, 56.725413519287983 ], [ -2.444325185856638, 56.725404929660932 ], [ -2.444329884666051, 56.725396340857706 ], [ -2.444334587504533, 56.72538775288357 ], [ -2.444339294395109, 56.725379165743853 ], [ -2.444344005360814, 56.725370579443819 ], [ -2.444348720424673, 56.725361993988798 ], [ -2.444353439609719, 56.725353409384049 ], [ -2.444358162938979, 56.725344825634913 ], [ -2.444362890435487, 56.725336242746636 ], [ -2.444367622122267, 56.72532766072456 ], [ -2.444372358022351, 56.72531907957395 ], [ -2.444377098158767, 56.7253104993001 ], [ -2.444381842554549, 56.72530191990834 ], [ -2.444386591232723, 56.725293341403933 ], [ -2.444391344216317, 56.725284763792203 ], [ -2.444396101528366, 56.7252761870784 ], [ -2.444400863191893, 56.725267611267867 ], [ -2.444405629229933, 56.725259036365877 ], [ -2.444410399657515, 56.725250462376593 ], [ -2.444415174262447, 56.725241889272091 ], [ -2.444419952578287, 56.725233316988451 ], [ -2.444424734125176, 56.72522474545989 ], [ -2.444429518423249, 56.72521617462062 ], [ -2.444434304992642, 56.725207604404851 ], [ -2.444439093353494, 56.725199034746801 ], [ -2.444443883025945, 56.725190465580667 ], [ -2.444448673530129, 56.725181896840688 ], [ -2.444453464386187, 56.725173328461054 ], [ -2.444458255114262, 56.725164760375982 ], [ -2.444463045234488, 56.725156192519684 ], [ -2.444467834267009, 56.725147624826356 ], [ -2.444472621731966, 56.725139057230237 ], [ -2.444477407149496, 56.725130489665553 ], [ -2.444482190039746, 56.725121922066464 ], [ -2.444486969922852, 56.725113354367224 ], [ -2.444491746318962, 56.72510478650203 ], [ -2.444496518748213, 56.725096218405092 ], [ -2.444501286730751, 56.725087650010622 ], [ -2.444506049786719, 56.725079081252851 ], [ -2.444510807436263, 56.725070512065969 ], [ -2.444515559199521, 56.725061942384194 ], [ -2.444520304596643, 56.725053372141758 ], [ -2.444525043147773, 56.725044801272844 ], [ -2.444529774373057, 56.725036229711677 ], [ -2.444534497792637, 56.725027657392495 ], [ -2.444539212926663, 56.725019084249475 ], [ -2.44454391929528, 56.72501051021684 ], [ -2.444548616418635, 56.725001935228818 ], [ -2.444553303816877, 56.72499335921961 ], [ -2.444557981010153, 56.724984782123428 ], [ -2.444562647518608, 56.724976203874505 ], [ -2.444567302862395, 56.724967624407014 ], [ -2.44457194656166, 56.724959043655218 ], [ -2.444576578136556, 56.724950461553284 ], [ -2.444581197107229, 56.724941878035473 ], [ -2.444585802993827, 56.724933293035974 ], [ -2.444590395316509, 56.724924706488984 ], [ -2.444594973595418, 56.724916118328743 ], [ -2.444599537350712, 56.724907528489453 ], [ -2.444604086102535, 56.724898936905333 ], [ -2.444608619371044, 56.724890343510602 ], [ -2.444613136676394, 56.724881748239476 ], [ -2.444617637538732, 56.724873151026152 ], [ -2.444622121478217, 56.724864551804856 ], [ -2.444626588014999, 56.724855950509813 ], [ -2.444631036662213, 56.724847347082161 ], [ -2.44463546692092, 56.724838741474976 ], [ -2.444639878337374, 56.724830133596718 ], [ -2.444644270431726, 56.724821523381578 ], [ -2.444648642724134, 56.724812910763774 ], [ -2.444652994734754, 56.724804295677529 ], [ -2.444657325983742, 56.724795678057042 ], [ -2.444661635991255, 56.724787057836565 ], [ -2.444665924277451, 56.72477843495026 ], [ -2.444670190362488, 56.724769809332386 ], [ -2.444674433766521, 56.724761180917149 ], [ -2.444678654009713, 56.724752549638744 ], [ -2.44468285061222, 56.724743915431418 ], [ -2.444687023094201, 56.72473527822936 ], [ -2.44469117097582, 56.724726637966803 ], [ -2.444695293777233, 56.724717994577944 ], [ -2.444699391018601, 56.72470934799702 ], [ -2.444703462220086, 56.72470069815823 ], [ -2.444707506901852, 56.724692044995798 ], [ -2.444711524584056, 56.724683388443935 ], [ -2.444715514786864, 56.724674728436874 ], [ -2.444719477035043, 56.724666064909364 ], [ -2.444723411279902, 56.724657397847196 ], [ -2.44472731823876, 56.724648727327811 ], [ -2.444731198708809, 56.724640053438179 ], [ -2.444735053487249, 56.724631376265279 ], [ -2.444738883371278, 56.724622695896109 ], [ -2.444742689158088, 56.724614012417661 ], [ -2.444746471644877, 56.72460532591689 ], [ -2.444750231628841, 56.724596636480797 ], [ -2.444753969907167, 56.724587944196358 ], [ -2.444757687277053, 56.724579249150551 ], [ -2.444761384535692, 56.724570551430354 ], [ -2.444765062480272, 56.724561851122786 ], [ -2.444768721907986, 56.724553148314769 ], [ -2.444772363616027, 56.724544443093329 ], [ -2.444775988401579, 56.724535735545437 ], [ -2.444779597061836, 56.724527025758064 ], [ -2.444783190393981, 56.72451831381823 ], [ -2.444786769195206, 56.724509599812869 ], [ -2.444790334262698, 56.724500883828966 ], [ -2.444793886393637, 56.724492165953535 ], [ -2.444797426385215, 56.724483446273524 ], [ -2.444800955034613, 56.72447472487594 ], [ -2.444804473139019, 56.724466001847752 ], [ -2.444807981495611, 56.724457277275931 ], [ -2.444811480901576, 56.724448551247477 ], [ -2.444814972154093, 56.724439823849366 ], [ -2.444818456050345, 56.724431095168562 ], [ -2.444821933387511, 56.724422365292078 ], [ -2.444825404962772, 56.724413634306849 ], [ -2.444828871573308, 56.724404902299895 ], [ -2.444832334016295, 56.724396169358165 ], [ -2.444835793088912, 56.72438743556868 ], [ -2.444839249588337, 56.724378701018381 ], [ -2.444842704311745, 56.72436996579426 ], [ -2.444846158056312, 56.724361229983302 ], [ -2.444849611619214, 56.724352493672491 ], [ -2.444853065797622, 56.724343756948791 ], [ -2.444856521388712, 56.724335019899186 ], [ -2.444859979189659, 56.724326282610662 ], [ -2.444863439997631, 56.724317545170209 ], [ -2.444866904609801, 56.724308807664784 ], [ -2.44487037382334, 56.724300070181364 ], [ -2.444873848435416, 56.724291332806942 ], [ -2.444877329243203, 56.724282595628502 ], [ -2.444880817043865, 56.724273858733014 ], [ -2.444884312634573, 56.724265122207449 ], [ -2.444887816812492, 56.724256386138812 ], [ -2.44489133037479, 56.724247650614046 ], [ -2.444894854118631, 56.72423891572015 ], [ -2.444898388841183, 56.724230181544101 ], [ -2.444901935339607, 56.724221448172877 ], [ -2.444905494411071, 56.72421271569344 ], [ -2.444909066852733, 56.724203984192805 ], [ -2.444912653461759, 56.724195253757912 ], [ -2.444916255035309, 56.724186524475769 ], [ -2.444919872370545, 56.724177796433324 ], [ -2.444923506264628, 56.724169069717576 ], [ -2.444927157514714, 56.724160344415495 ], [ -2.444930826917965, 56.724151620614066 ], [ -2.444934515271537, 56.724142898400245 ], [ -2.44493822337259, 56.724134177861039 ], [ -2.44494195201828, 56.72412545908341 ], [ -2.444945702005761, 56.724116742154322 ], [ -2.444949474132192, 56.724108027160781 ], [ -2.444953269194724, 56.724099314189743 ], [ -2.444957087990515, 56.724090603328186 ], [ -2.444960931316713, 56.724081894663101 ], [ -2.444964799970475, 56.72407318828143 ], [ -2.444968694694463, 56.724064484265185 ], [ -2.444972615410009, 56.724055782620617 ], [ -2.444976561403092, 56.724047083295552 ], [ -2.444980531943167, 56.724038386236266 ], [ -2.444984526299685, 56.724029691388985 ], [ -2.444988543742106, 56.72402099870002 ], [ -2.444992583539886, 56.724012308115604 ], [ -2.44499664496248, 56.724003619582035 ], [ -2.445000727279348, 56.723994933045553 ], [ -2.445004829759948, 56.723986248452434 ], [ -2.445008951673737, 56.723977565748974 ], [ -2.445013092290177, 56.723968884881415 ], [ -2.445017250878729, 56.723960205796018 ], [ -2.445021426708851, 56.723951528439081 ], [ -2.445025619050009, 56.723942852756849 ], [ -2.445029827171662, 56.723934178695586 ], [ -2.445034050343272, 56.723925506201596 ], [ -2.445038287834307, 56.723916835221104 ], [ -2.445042538914228, 56.723908165700408 ], [ -2.445046802852502, 56.723899497585762 ], [ -2.445051078918592, 56.72389083082345 ], [ -2.445055366381967, 56.72388216535974 ], [ -2.44505966451209, 56.723873501140872 ], [ -2.445063972578434, 56.723864838113158 ], [ -2.445068289850461, 56.723856176222839 ], [ -2.445072615597644, 56.723847515416189 ], [ -2.445076949089453, 56.723838855639492 ], [ -2.445081289595357, 56.72383019683901 ], [ -2.445085636384824, 56.723821538960998 ], [ -2.445089988727329, 56.723812881951758 ], [ -2.445094345892341, 56.723804225757533 ], [ -2.445098707149335, 56.72379557032459 ], [ -2.445103071767783, 56.723786915599227 ], [ -2.445107439017161, 56.723778261527713 ], [ -2.445111808166941, 56.723769608056266 ], [ -2.445116178486601, 56.723760955131226 ], [ -2.445120549245613, 56.723752302698841 ], [ -2.445124919713456, 56.723743650705352 ], [ -2.445129289159605, 56.723734999097054 ], [ -2.445133656853542, 56.723726347820232 ], [ -2.445138022064743, 56.723717696821126 ], [ -2.445142384062686, 56.723709046046039 ], [ -2.44514674211685, 56.723700395441227 ], [ -2.445151095496719, 56.723691744952966 ], [ -2.445155443471772, 56.723683094527509 ], [ -2.445159785311489, 56.723674444111154 ], [ -2.445164120285355, 56.72366579365017 ], [ -2.44516844766285, 56.723657143090804 ], [ -2.445172766713459, 56.723648492379361 ], [ -2.445177076706669, 56.723639841462081 ], [ -2.445181376911961, 56.723631190285261 ], [ -2.445185666598821, 56.723622538795176 ], [ -2.445189945036736, 56.723613886938082 ], [ -2.445194211495193, 56.723605234660255 ], [ -2.445198465243679, 56.723596581907991 ], [ -2.445202705551681, 56.723587928627516 ], [ -2.445206931688689, 56.723579274765136 ], [ -2.445211142924191, 56.723570620267125 ], [ -2.445215338527675, 56.723561965079746 ], [ -2.445219517768639, 56.723553309149281 ], [ -2.445223679916568, 56.723544652421985 ], [ -2.445227824240954, 56.723535994844156 ], [ -2.445231950011293, 56.723527336362061 ], [ -2.445236056497073, 56.723518676921962 ], [ -2.445240142967794, 56.723510016470151 ], [ -2.445244208692945, 56.723501354952873 ], [ -2.445248252942025, 56.723492692316434 ], [ -2.445252274984528, 56.72348402850708 ], [ -2.445256274089949, 56.723475363471117 ], [ -2.445260249527787, 56.723466697154784 ], [ -2.44526420056754, 56.723458029504378 ], [ -2.445268126670732, 56.723449360479286 ], [ -2.445272028249471, 56.723440690103779 ], [ -2.445275906009469, 56.72343201842223 ], [ -2.445279760656519, 56.723423345478977 ], [ -2.44528359289642, 56.723414671318352 ], [ -2.445287403434963, 56.723405995984734 ], [ -2.445291192977945, 56.723397319522434 ], [ -2.445294962231159, 56.723388641975809 ], [ -2.445298711900398, 56.723379963389235 ], [ -2.445302442691452, 56.723371283807019 ], [ -2.445306155310115, 56.723362603273529 ], [ -2.445309850462178, 56.723353921833123 ], [ -2.44531352885343, 56.723345239530111 ], [ -2.445317191189663, 56.723336556408867 ], [ -2.445320838176662, 56.72332787251375 ], [ -2.445324470520219, 56.723319187889082 ], [ -2.445328088926122, 56.723310502579217 ], [ -2.445331694100158, 56.723301816628506 ], [ -2.445335286748112, 56.723293130081274 ], [ -2.445338867575769, 56.723284442981878 ], [ -2.445342437288918, 56.723275755374686 ], [ -2.445345996593343, 56.723267067304043 ], [ -2.445349546194827, 56.723258378814251 ], [ -2.445353086799152, 56.723249689949689 ], [ -2.445356619112103, 56.723241000754712 ], [ -2.445360143839462, 56.723232311273641 ], [ -2.44536366168701, 56.723223621550829 ], [ -2.445367173360529, 56.723214931630636 ], [ -2.445370679565799, 56.723206241557378 ], [ -2.445374181008598, 56.723197551375435 ], [ -2.445377678394707, 56.723188861129138 ], [ -2.445381172429904, 56.723180170862818 ], [ -2.445384663819968, 56.723171480620834 ], [ -2.445388153270675, 56.723162790447539 ], [ -2.445391641487801, 56.723154100387248 ], [ -2.445395129177121, 56.723145410484335 ], [ -2.445398617044413, 56.723136720783138 ], [ -2.445402105795453, 56.723128031327981 ], [ -2.445405596136011, 56.723119342163258 ], [ -2.445409088771859, 56.723110653333265 ], [ -2.445412584408778, 56.72310196488236 ], [ -2.445416083752533, 56.723093276854897 ], [ -2.445419587508898, 56.723084589295205 ], [ -2.445423096383643, 56.723075902247629 ], [ -2.445426611082538, 56.723067215756544 ], [ -2.445430132311356, 56.72305852986625 ], [ -2.445433660775862, 56.723049844621123 ], [ -2.445437197181825, 56.723041160065485 ], [ -2.445440742235017, 56.723032476243688 ], [ -2.445444296641202, 56.723023793200078 ], [ -2.445447861106143, 56.723015110978999 ], [ -2.445451436335611, 56.723006429624824 ], [ -2.44545502303537, 56.722997749181829 ], [ -2.445458621911184, 56.7229890696944 ], [ -2.445462233668819, 56.722980391206875 ], [ -2.445465859014037, 56.722971713763584 ], [ -2.445469498652598, 56.72296303740891 ], [ -2.44547315329027, 56.722954362187146 ], [ -2.44547682363281, 56.722945688142659 ], [ -2.445480510385979, 56.722937015319808 ], [ -2.44548421425554, 56.722928343762888 ], [ -2.445487935947251, 56.722919673516294 ], [ -2.445491676166871, 56.722911004624315 ], [ -2.445495435620159, 56.722902337131359 ], [ -2.445499215012871, 56.722893671081714 ], [ -2.445503015050766, 56.722885006519739 ], [ -2.445506836439604, 56.72287634348978 ], [ -2.445510679885133, 56.722867682036174 ], [ -2.445514546093114, 56.722859022203259 ], [ -2.4455184357693, 56.722850364035395 ], [ -2.445522349619444, 56.722841707576904 ], [ -2.445526288347555, 56.722833052871984 ], [ -2.445530252177483, 56.722824399920874 ], [ -2.445534240202226, 56.722815748620405 ], [ -2.445538251352095, 56.722807098852535 ], [ -2.445542284557398, 56.722798450499191 ], [ -2.445546338748444, 56.722789803442282 ], [ -2.445550412855543, 56.722781157563809 ], [ -2.445554505809007, 56.722772512745657 ], [ -2.445558616539152, 56.722763868869798 ], [ -2.445562743976289, 56.722755225818155 ], [ -2.445566887050733, 56.722746583472691 ], [ -2.445571044692799, 56.722737941715316 ], [ -2.445575215832807, 56.722729300428 ], [ -2.445579399401068, 56.722720659492659 ], [ -2.445583594327903, 56.722712018791249 ], [ -2.445587799543634, 56.722703378205708 ], [ -2.445592013978579, 56.722694737617978 ], [ -2.445596236563059, 56.722686096909996 ], [ -2.445600466227396, 56.722677455963712 ], [ -2.445604701901912, 56.722668814661063 ], [ -2.445608942516931, 56.722660172883984 ], [ -2.445613187002778, 56.722651530514433 ], [ -2.445617434289781, 56.72264288743434 ], [ -2.445621683308262, 56.72263424352564 ], [ -2.445625932988551, 56.722625598670312 ], [ -2.44563018226098, 56.722616952750258 ], [ -2.44563443005587, 56.722608305647434 ], [ -2.445638675303557, 56.722599657243784 ], [ -2.445642916934371, 56.722591007421244 ], [ -2.445647153878644, 56.722582356061778 ], [ -2.44565138506671, 56.722573703047317 ], [ -2.4456556094289, 56.722565048259796 ], [ -2.445659825895551, 56.722556391581172 ], [ -2.445664033396999, 56.722547732893382 ], [ -2.445668230863581, 56.722539072078384 ], [ -2.445672417225632, 56.722530409018106 ], [ -2.445676591413493, 56.722521743594484 ], [ -2.445680752357503, 56.722513075689491 ], [ -2.445684898988001, 56.722504405185042 ], [ -2.44568903023533, 56.7224957319631 ], [ -2.445693145029831, 56.72248705590561 ], [ -2.445697242301848, 56.722478376894522 ], [ -2.445701320981724, 56.722469694811764 ], [ -2.445705379999808, 56.722461009539288 ], [ -2.44570941828644, 56.722452320959022 ], [ -2.445713434771972, 56.722443628952952 ], [ -2.445717428386747, 56.722434933403008 ], [ -2.445721398061118, 56.722426234191111 ], [ -2.445725342725432, 56.722417531199241 ], [ -2.445729261310043, 56.722408824309326 ], [ -2.445733152745299, 56.72240011340331 ], [ -2.445737015961553, 56.72239139836315 ], [ -2.445740849889161, 56.722382679070783 ], [ -2.445744653458478, 56.722373955408166 ], [ -2.445748425599854, 56.722365227257235 ], [ -2.44575216524365, 56.722356494499948 ], [ -2.445755871320224, 56.722347757018255 ], [ -2.44575954275993, 56.722339014694079 ], [ -2.445763178493131, 56.72233026740939 ], [ -2.445766777450187, 56.722321515046112 ], [ -2.445770338561457, 56.722312757486236 ], [ -2.445773860757305, 56.722303994611657 ], [ -2.445777342968094, 56.722295226304361 ], [ -2.445780784124186, 56.722286452446284 ], [ -2.445784183155951, 56.722277672919361 ], [ -2.445787538993748, 56.722268887605559 ], [ -2.445790850567951, 56.722260096386805 ], [ -2.445794116808924, 56.722251299145064 ], [ -2.445797336647038, 56.722242495762288 ], [ -2.445800509012662, 56.722233686120411 ], [ -2.445803632836167, 56.722224870101392 ], [ -2.445806707047923, 56.722216047587168 ], [ -2.445809730578308, 56.722207218459701 ], [ -2.445812702357693, 56.722198382600929 ], [ -2.445815621316454, 56.722189539892803 ], [ -2.445818486384965, 56.722180690217257 ], [ -2.445821296493604, 56.722171833456279 ], [ -2.445824050572753, 56.722162969491784 ], [ -2.445826747552785, 56.722154098205721 ], [ -2.445829386364084, 56.722145219480048 ], [ -2.445831965957067, 56.722136333200083 ], [ -2.445834487012769, 56.722127439541509 ], [ -2.445836953252827, 56.722118539190227 ], [ -2.445839368707305, 56.722109632883893 ], [ -2.445841737406258, 56.722100721360128 ], [ -2.445844063379736, 56.722091805356598 ], [ -2.445846350657785, 56.722082885610938 ], [ -2.445848603270454, 56.722073962860811 ], [ -2.445850825247783, 56.722065037843819 ], [ -2.445853020619809, 56.72205611129764 ], [ -2.445855193416567, 56.72204718395993 ], [ -2.445857347668087, 56.722038256568283 ], [ -2.445859487404392, 56.722029329860383 ], [ -2.445861616655509, 56.722020404573847 ], [ -2.445863739451455, 56.722011481446337 ], [ -2.44586585982225, 56.722002561215476 ], [ -2.445867981797901, 56.721993644618927 ], [ -2.445870109408422, 56.721984732394304 ], [ -2.445872246683812, 56.72197582527928 ], [ -2.445874397654075, 56.721966924011461 ], [ -2.44587656634921, 56.721958029328512 ], [ -2.445878756799209, 56.721949141968068 ], [ -2.445880973034068, 56.721940262667758 ], [ -2.445883219083766, 56.721931392165239 ], [ -2.445885498978291, 56.721922531198125 ], [ -2.445887816747623, 56.721913680504088 ], [ -2.445890176421735, 56.721904840820727 ], [ -2.445892582030607, 56.721896012885701 ], [ -2.445895037604203, 56.721887197436665 ], [ -2.445897547172488, 56.72187839521122 ], [ -2.445900114765428, 56.721869606947031 ], [ -2.445902744412981, 56.721860833381704 ], [ -2.445905440145103, 56.721852075252905 ], [ -2.445908205991747, 56.721843333298267 ], [ -2.445911045982859, 56.721834608255392 ], [ -2.445913964148391, 56.721825900861958 ], [ -2.44591696451828, 56.721817211855566 ], [ -2.445920051122466, 56.72180854197385 ], [ -2.445923227990888, 56.721799891954475 ], [ -2.445926499153478, 56.721791262535042 ], [ -2.445929868640166, 56.7217826544532 ], [ -2.445933340389586, 56.72177406842799 ], [ -2.445936914921449, 56.721765504483542 ], [ -2.445940588388003, 56.721756961756071 ], [ -2.44594435665692, 56.721748439324003 ], [ -2.445948215595869, 56.721739936265756 ], [ -2.445952161072535, 56.721731451659757 ], [ -2.445956188954597, 56.721722984584396 ], [ -2.445960295109742, 56.721714534118085 ], [ -2.445964475405659, 56.721706099339258 ], [ -2.445968725710041, 56.721697679326311 ], [ -2.445973041890582, 56.721689273157672 ], [ -2.445977419814984, 56.721680879911759 ], [ -2.445981855350949, 56.721672498666983 ], [ -2.445986344366183, 56.721664128501764 ], [ -2.445990882728397, 56.721655768494529 ], [ -2.445995466305301, 56.721647417723673 ], [ -2.446000090964612, 56.721639075267603 ], [ -2.446004752574051, 56.721630740204787 ], [ -2.446009447001339, 56.72162241161363 ], [ -2.446014170114203, 56.72161408857253 ], [ -2.44601891778037, 56.721605770159918 ], [ -2.446023685867569, 56.72159745545423 ], [ -2.446028470243542, 56.721589143533862 ], [ -2.446033266776027, 56.721580833477255 ], [ -2.446038071332757, 56.721572524362841 ], [ -2.446042879781488, 56.721564215269012 ], [ -2.44604768798996, 56.721555905274229 ], [ -2.446052491825927, 56.72154759345689 ], [ -2.446057287157143, 56.721539278895456 ], [ -2.446062069851364, 56.721530960668304 ], [ -2.446066835776352, 56.721522637853916 ], [ -2.44607158079987, 56.72151430953069 ], [ -2.446076301174318, 56.721505974872997 ], [ -2.446080995257657, 56.72149763358059 ], [ -2.446085662124647, 56.721489285531973 ], [ -2.446090300850652, 56.721480930605843 ], [ -2.44609491051104, 56.721472568680909 ], [ -2.446099490181177, 56.721464199635832 ], [ -2.446104038936432, 56.721455823349324 ], [ -2.44610855585217, 56.721447439700064 ], [ -2.446113040003761, 56.721439048566758 ], [ -2.446117490466577, 56.721430649828072 ], [ -2.446121906315986, 56.721422243362724 ], [ -2.446126286627361, 56.721413829049382 ], [ -2.446130630476075, 56.721405406766742 ], [ -2.446134936937498, 56.721396976393514 ], [ -2.446139205087007, 56.721388537808366 ], [ -2.446143433999974, 56.721380090889987 ], [ -2.446147622751776, 56.721371635517094 ], [ -2.446151770417789, 56.721363171568356 ], [ -2.446155876073389, 56.721354698922468 ], [ -2.446159938793958, 56.721346217458141 ], [ -2.446163957654871, 56.721337727054049 ], [ -2.446167931731506, 56.721329227588861 ], [ -2.446171860099248, 56.721320718941328 ], [ -2.446175741833478, 56.721312200990091 ], [ -2.446179576009575, 56.72130367361386 ], [ -2.446183361702924, 56.721295136691325 ], [ -2.446187097988906, 56.721286590101187 ], [ -2.446190783942912, 56.721278033722129 ], [ -2.446194418640319, 56.721269467432847 ], [ -2.446198001156522, 56.721260891112031 ], [ -2.4462015305669, 56.721252304638369 ], [ -2.446205005946849, 56.721243707890551 ], [ -2.446208426371755, 56.721235100747286 ], [ -2.446211790917006, 56.721226483087257 ], [ -2.446215098657994, 56.721217854789167 ], [ -2.44621834867011, 56.72120921573169 ], [ -2.44622154002875, 56.721200565793524 ], [ -2.446224671809303, 56.721191904853356 ], [ -2.446227743087168, 56.721183232789905 ], [ -2.446230752937737, 56.721174549481837 ], [ -2.446233700436405, 56.721165854807857 ], [ -2.446236584658573, 56.721157148646647 ], [ -2.44623940512841, 56.72114843094149 ], [ -2.44624216538735, 56.721139702213648 ], [ -2.446244871093427, 56.721130963288978 ], [ -2.446247527923656, 56.721122214996036 ], [ -2.446250141555041, 56.721113458163387 ], [ -2.446252717664586, 56.721104693619608 ], [ -2.446255261929291, 56.721095922193243 ], [ -2.446257780026145, 56.721087144712875 ], [ -2.446260277632139, 56.72107836200702 ], [ -2.446262760424251, 56.721069574904305 ], [ -2.446265234079462, 56.721060784233259 ], [ -2.446267704274743, 56.721051990822446 ], [ -2.446270176687059, 56.721043195500428 ], [ -2.446272656993378, 56.721034399095764 ], [ -2.446275150870655, 56.721025602437024 ], [ -2.446277663995842, 56.721016806352743 ], [ -2.446280202045884, 56.721008011671508 ], [ -2.446282770697727, 56.720999219221845 ], [ -2.446285375628305, 56.720990429832355 ], [ -2.446288022514553, 56.720981644331545 ], [ -2.446290717033397, 56.72097286354802 ], [ -2.446293464861759, 56.720964088310296 ], [ -2.446296271676556, 56.720955319446965 ], [ -2.4462991431547, 56.720946557786561 ], [ -2.446302084973102, 56.720937804157636 ], [ -2.446305102808661, 56.720929059388752 ], [ -2.446308202338277, 56.720920324308452 ], [ -2.446311389238839, 56.720911599745314 ], [ -2.446314669187239, 56.720902886527831 ], [ -2.446318047860361, 56.720894185484624 ], [ -2.44632153093508, 56.720885497444208 ], [ -2.446325123990865, 56.720876823221666 ], [ -2.446328829166613, 56.720868163156588 ], [ -2.446332644322313, 56.720859516997201 ], [ -2.446336567050382, 56.720850884454741 ], [ -2.446340594943239, 56.720842265240471 ], [ -2.446344725593303, 56.720833659065626 ], [ -2.446348956592999, 56.720825065641428 ], [ -2.446353285534754, 56.720816484679141 ], [ -2.446357710010994, 56.72080791589002 ], [ -2.446362227614149, 56.720799358985268 ], [ -2.44636683593665, 56.720790813676174 ], [ -2.446371532570934, 56.720782279673955 ], [ -2.446376315109435, 56.720773756689873 ], [ -2.446381181144595, 56.720765244435157 ], [ -2.446386128268851, 56.720756742621063 ], [ -2.446391154074648, 56.720748250958835 ], [ -2.44639625615443, 56.7207397691597 ], [ -2.446401432100648, 56.720731296934929 ], [ -2.446406679505745, 56.720722833995758 ], [ -2.446411995962176, 56.72071438005343 ], [ -2.446417379062396, 56.720705934819193 ], [ -2.446422826398859, 56.720697498004306 ], [ -2.44642833556402, 56.720689069319988 ], [ -2.44643390415034, 56.720680648477519 ], [ -2.446439529750286, 56.720672235188125 ], [ -2.446445209956313, 56.720663829163065 ], [ -2.446450942360892, 56.720655430113567 ], [ -2.446456724556492, 56.720647037750915 ], [ -2.446462554135581, 56.720638651786345 ], [ -2.44646842869063, 56.720630271931093 ], [ -2.446474345814114, 56.720621897896422 ], [ -2.446480303098505, 56.720613529393574 ], [ -2.446486298136288, 56.720605166133808 ], [ -2.446492328519934, 56.720596807828372 ], [ -2.446498391841933, 56.720588454188523 ], [ -2.446504485694761, 56.720580104925503 ], [ -2.44651060767091, 56.72057175975057 ], [ -2.446516755362862, 56.720563418374979 ], [ -2.446522926363111, 56.720555080509989 ], [ -2.446529118264147, 56.720546745866834 ], [ -2.446535328658461, 56.720538414156806 ], [ -2.446541555138552, 56.720530085091113 ], [ -2.446547795296914, 56.720521758381054 ], [ -2.446554046726048, 56.720513433737857 ], [ -2.446560307018454, 56.720505110872793 ], [ -2.446566573766636, 56.720496789497112 ], [ -2.446572844563097, 56.720488469322078 ], [ -2.446579117000344, 56.720480150058947 ], [ -2.446585388670888, 56.720471831418976 ], [ -2.446591657167237, 56.72046351311343 ], [ -2.446597920081907, 56.720455194853542 ], [ -2.44660417500741, 56.720446876350614 ], [ -2.44661041953626, 56.72043855731588 ], [ -2.446616651260981, 56.720430237460612 ], [ -2.446622867774089, 56.720421916496065 ], [ -2.446629066668105, 56.720413594133497 ], [ -2.446635245535556, 56.720405270084186 ], [ -2.446641401968968, 56.720396944059381 ], [ -2.446647533560868, 56.720388615770361 ], [ -2.446653637903787, 56.720380284928375 ], [ -2.446659712590253, 56.720371951244694 ], [ -2.446665755212805, 56.720363614430568 ], [ -2.446671763363974, 56.720355274197296 ], [ -2.4466777346363, 56.72034693025612 ], [ -2.446683666622322, 56.720338582318305 ], [ -2.446689556914582, 56.720330230095122 ], [ -2.446695403105622, 56.720321873297863 ], [ -2.44670120278799, 56.720313511637755 ], [ -2.446706953554232, 56.720305144826071 ], [ -2.446712652996897, 56.720296772574109 ], [ -2.446718298708537, 56.720288394593119 ], [ -2.446723888318324, 56.720280010598231 ], [ -2.446729420739708, 56.720271620439618 ], [ -2.446734896478081, 56.720263224134854 ], [ -2.446740316137872, 56.720254821711961 ], [ -2.446745680323514, 56.720246413198943 ], [ -2.446750989639437, 56.720237998623801 ], [ -2.446756244690071, 56.720229578014546 ], [ -2.446761446079844, 56.720221151399194 ], [ -2.446766594413186, 56.720212718805726 ], [ -2.446771690294526, 56.720204280262159 ], [ -2.446776734328292, 56.720195835796488 ], [ -2.446781727118913, 56.720187385436731 ], [ -2.446786669270813, 56.720178929210881 ], [ -2.446791561388421, 56.72017046714695 ], [ -2.446796404076163, 56.720161999272946 ], [ -2.446801197938464, 56.720153525616844 ], [ -2.446805943579749, 56.720145046206689 ], [ -2.446810641604442, 56.720136561070454 ], [ -2.446815292616972, 56.720128070236143 ], [ -2.446819897221758, 56.720119573731779 ], [ -2.446824456023226, 56.720111071585357 ], [ -2.446828969625794, 56.720102563824874 ], [ -2.446833438633892, 56.720094050478323 ], [ -2.446837863651936, 56.720085531573723 ], [ -2.446842245284349, 56.720077007139075 ], [ -2.446846584135553, 56.720068477202382 ], [ -2.446850880809966, 56.720059941791639 ], [ -2.446855135912011, 56.720051400934842 ], [ -2.446859350046105, 56.720042854659994 ], [ -2.446863523816669, 56.720034302995103 ], [ -2.446867657828119, 56.720025745968194 ], [ -2.446871752684875, 56.720017183607233 ], [ -2.446875808991352, 56.720008615940237 ], [ -2.44687982735197, 56.720000042995196 ], [ -2.446883808371141, 56.719991464800124 ], [ -2.446887752653285, 56.719982881383004 ], [ -2.446891660802817, 56.719974292771866 ], [ -2.44689553342415, 56.719965698994685 ], [ -2.446899371121698, 56.719957100079476 ], [ -2.446903174499879, 56.719948496054222 ], [ -2.446906944163103, 56.719939886946939 ], [ -2.446910680715782, 56.719931272785637 ], [ -2.44691438476233, 56.719922653598296 ], [ -2.446918056907161, 56.719914029412912 ], [ -2.446921697754683, 56.719905400257502 ], [ -2.446925307909308, 56.719896766160062 ], [ -2.446928887975443, 56.719888127148586 ], [ -2.446932438557503, 56.719879483251077 ], [ -2.446935960259898, 56.719870834495524 ], [ -2.44693945368703, 56.719862180909949 ], [ -2.446942919443314, 56.719853522522342 ], [ -2.446946358133155, 56.719844859360691 ], [ -2.446949770360958, 56.71983619145302 ], [ -2.446953156731133, 56.719827518827294 ], [ -2.446956517848085, 56.719818841511525 ], [ -2.446959854316221, 56.719810159533736 ], [ -2.446963166739943, 56.719801472921894 ], [ -2.44696645572366, 56.719792781704022 ], [ -2.446969721871769, 56.719784085908096 ], [ -2.446972965788681, 56.719775385562137 ], [ -2.446976188078795, 56.719766680694107 ], [ -2.446979389346515, 56.719757971332051 ], [ -2.446982570196242, 56.719749257503928 ], [ -2.446985731232379, 56.719740539237769 ], [ -2.446988873059325, 56.719731816561548 ], [ -2.446991996281481, 56.71972308950329 ], [ -2.446995101503248, 56.719714358090954 ], [ -2.446998189329025, 56.719705622352564 ], [ -2.447001260363209, 56.719696882316121 ], [ -2.447004315210368, 56.71968813800973 ], [ -2.447007354519648, 56.71967938949328 ], [ -2.447010379044065, 56.719670636900609 ], [ -2.447013389551413, 56.719661880376144 ], [ -2.447016386809483, 56.719653120064223 ], [ -2.44701937158606, 56.719644356109271 ], [ -2.447022344648941, 56.719635588655663 ], [ -2.447025306765911, 56.719626817847796 ], [ -2.447028258704759, 56.719618043830053 ], [ -2.44703120123327, 56.719609266746815 ], [ -2.447034135119234, 56.719600486742472 ], [ -2.447037061130435, 56.71959170396142 ], [ -2.447039980034662, 56.719582918548042 ], [ -2.447042892599693, 56.71957413064672 ], [ -2.44704579959332, 56.719565340401857 ], [ -2.44704870178332, 56.719556547957815 ], [ -2.447051599937482, 56.719547753459004 ], [ -2.44705449482358, 56.719538957049785 ], [ -2.447057387209404, 56.719530158874583 ], [ -2.447060277862731, 56.719521359077767 ], [ -2.447063167551338, 56.719512557803704 ], [ -2.44706605704301, 56.719503755196818 ], [ -2.447068947105525, 56.719494951401451 ], [ -2.44707183850666, 56.719486146562026 ], [ -2.447074732014189, 56.719477340822927 ], [ -2.447077628395893, 56.71946853432852 ], [ -2.44708052841955, 56.71945972722321 ], [ -2.447083432852931, 56.719450919651379 ], [ -2.447086342463813, 56.719442111757395 ], [ -2.447089258019969, 56.719433303685676 ], [ -2.447092180289174, 56.719424495580576 ], [ -2.447095110039199, 56.719415687586505 ], [ -2.447098048037819, 56.719406879847838 ], [ -2.447100995052802, 56.719398072508973 ], [ -2.447103951851923, 56.719389265714277 ], [ -2.447106919202947, 56.719380459608146 ], [ -2.447109897873649, 56.719371654334964 ], [ -2.447112888631793, 56.719362850039118 ], [ -2.447115892245148, 56.719354046865 ], [ -2.447118909481486, 56.71934524495699 ], [ -2.447121941108568, 56.719336444459458 ], [ -2.447124987894165, 56.719327645516799 ], [ -2.44712805060604, 56.719318848273417 ], [ -2.447131130011957, 56.719310052873666 ], [ -2.447134226879682, 56.71930125946195 ], [ -2.447137341976978, 56.719292468182672 ], [ -2.44714047607161, 56.719283679180172 ], [ -2.447143629931335, 56.719274892598861 ], [ -2.447146804323918, 56.719266108583128 ], [ -2.447150000017122, 56.719257327277347 ], [ -2.447153217778701, 56.719248548825909 ], [ -2.447156458376421, 56.719239773373197 ], [ -2.447159722578037, 56.719231001063591 ], [ -2.44716301115131, 56.71922223204146 ], [ -2.447166324863996, 56.71921346645123 ], [ -2.447169664483853, 56.719204704437246 ], [ -2.447173030778636, 56.71919594614392 ], [ -2.447176424516102, 56.719187191715598 ], [ -2.447179846464006, 56.719178441296705 ], [ -2.447183297390103, 56.719169695031596 ], [ -2.447186778062144, 56.719160953064673 ], [ -2.447190289247886, 56.719152215540312 ], [ -2.447193831715081, 56.719143482602888 ], [ -2.447197406231477, 56.719134754396812 ], [ -2.44720101356483, 56.719126031066423 ], [ -2.447204654482888, 56.719117312756147 ], [ -2.447208329753402, 56.719108599610337 ], [ -2.447212040144121, 56.719099891773382 ], [ -2.447215786422795, 56.719091189389673 ], [ -2.447219569357172, 56.719082492603604 ], [ -2.44722338971123, 56.719073801558849 ], [ -2.447227247813293, 56.719065116321637 ], [ -2.447231143156167, 56.719056436809595 ], [ -2.447235075138124, 56.719047762923452 ], [ -2.44723904315744, 56.719039094564003 ], [ -2.447243046612384, 56.719030431632049 ], [ -2.447247084901237, 56.719021774028327 ], [ -2.447251157422271, 56.719013121653617 ], [ -2.447255263573762, 56.719004474408727 ], [ -2.447259402753993, 56.718995832194416 ], [ -2.447263574361232, 56.718987194911442 ], [ -2.447267777793764, 56.718978562460613 ], [ -2.447272012449864, 56.718969934742681 ], [ -2.447276277727811, 56.718961311658447 ], [ -2.447280573025885, 56.718952693108662 ], [ -2.447284897742365, 56.71894407899412 ], [ -2.447289251275531, 56.71893546921558 ], [ -2.447293633023665, 56.718926863673843 ], [ -2.44729804238505, 56.718918262269668 ], [ -2.447302478757964, 56.718909664903848 ], [ -2.447306941540694, 56.718901071477134 ], [ -2.447311430131519, 56.718892481890322 ], [ -2.447315943928723, 56.718883896044197 ], [ -2.447320482330594, 56.718875313839519 ], [ -2.447325044735409, 56.718866735177073 ], [ -2.447329630541461, 56.718858159957634 ], [ -2.447334239147029, 56.718849588081987 ], [ -2.447338869950404, 56.718841019450906 ], [ -2.44734352234987, 56.718832453965163 ], [ -2.447348195743714, 56.718823891525531 ], [ -2.447352889530225, 56.718815332032811 ], [ -2.447357603107688, 56.718806775387762 ], [ -2.447362335874396, 56.718798221491156 ], [ -2.447367087228632, 56.718789670243808 ], [ -2.447371856568693, 56.718781121546435 ], [ -2.447376643292865, 56.71877257529988 ], [ -2.447381446799435, 56.718764031404874 ], [ -2.447386266486701, 56.718755489762216 ], [ -2.44739110175295, 56.718746950272696 ], [ -2.447395951996474, 56.718738412837062 ], [ -2.447400816615569, 56.718729877356125 ], [ -2.447405695008523, 56.718721343730628 ], [ -2.447410586573635, 56.718712811861394 ], [ -2.447415490709195, 56.71870428164916 ], [ -2.447420406813498, 56.718695752994741 ], [ -2.447425334284841, 56.718687225798881 ], [ -2.447430272521518, 56.718678699962382 ], [ -2.447435220921824, 56.718670175386023 ], [ -2.447440178884058, 56.718661651970585 ], [ -2.447445145806513, 56.718653129616833 ], [ -2.447450121087489, 56.718644608225567 ], [ -2.447455104125287, 56.718636087697547 ], [ -2.447460094318199, 56.718627567933567 ], [ -2.447465091064528, 56.718619048834391 ], [ -2.447470093762574, 56.718610530300815 ], [ -2.447475101810632, 56.71860201223361 ], [ -2.447480114607008, 56.718593494533565 ], [ -2.447485131550001, 56.718584977101457 ], [ -2.447490152037908, 56.718576459838062 ], [ -2.44749517546904, 56.718567942644164 ], [ -2.44750020124169, 56.718559425420544 ], [ -2.447505228754166, 56.718550908067989 ], [ -2.447510257404769, 56.718542390487272 ], [ -2.447515286591807, 56.718533872579165 ], [ -2.447520315713579, 56.718525354244463 ], [ -2.44752534416839, 56.718516835383952 ], [ -2.447530371354549, 56.718508315898397 ], [ -2.44753539667036, 56.718499795688594 ], [ -2.447540419514127, 56.718491274655321 ], [ -2.447545439284158, 56.718482752699344 ], [ -2.44755045542851, 56.718474229730234 ], [ -2.447555467793707, 56.718465705727724 ], [ -2.447560476417677, 56.718457180705279 ], [ -2.44756548133956, 56.718448654676557 ], [ -2.447570482598503, 56.718440127655278 ], [ -2.447575480233642, 56.718431599655105 ], [ -2.447580474284123, 56.718423070689695 ], [ -2.447585464789088, 56.718414540772756 ], [ -2.447590451787676, 56.718406009917956 ], [ -2.447595435319033, 56.718397478138968 ], [ -2.447600415422297, 56.718388945449476 ], [ -2.447605392136612, 56.718380411863173 ], [ -2.44761036550112, 56.718371877393707 ], [ -2.447615335554963, 56.718363342054772 ], [ -2.44762030233728, 56.718354805860052 ], [ -2.447625265887214, 56.718346268823232 ], [ -2.447630226243909, 56.71833773095797 ], [ -2.447635183446504, 56.718329192277963 ], [ -2.447640137534142, 56.718320652796876 ], [ -2.447645088545965, 56.718312112528395 ], [ -2.447650036521113, 56.718303571486196 ], [ -2.44765498149873, 56.718295029683972 ], [ -2.447659923517955, 56.71828648713538 ], [ -2.44766486261793, 56.718277943854112 ], [ -2.447669798837797, 56.718269399853831 ], [ -2.447674732216701, 56.718260855148252 ], [ -2.447679662793775, 56.718252309751009 ], [ -2.447684590608168, 56.718243763675808 ], [ -2.447689515699019, 56.718235216936314 ], [ -2.447694438105468, 56.718226669546226 ], [ -2.447699357866658, 56.7182181215192 ], [ -2.44770427502173, 56.718209572868929 ], [ -2.447709189609824, 56.718201023609083 ], [ -2.447714101670085, 56.718192473753341 ], [ -2.447719011241648, 56.718183923315401 ], [ -2.447723918363658, 56.71817537230892 ], [ -2.447728823075258, 56.71816682074757 ], [ -2.447733725415587, 56.718158268645048 ], [ -2.447738625423785, 56.718149716015027 ], [ -2.447743523138993, 56.718141162871184 ], [ -2.447748418600354, 56.718132609227204 ], [ -2.447753311847009, 56.718124055096766 ], [ -2.447758202918097, 56.718115500493539 ], [ -2.447763091852762, 56.718106945431202 ], [ -2.447767978690143, 56.718098389923448 ], [ -2.447772863469379, 56.718089833983925 ], [ -2.447777746229614, 56.718081277626361 ], [ -2.447782627009987, 56.718072720864399 ], [ -2.44778750584964, 56.718064163711702 ], [ -2.447792382787714, 56.718055606181991 ], [ -2.447797257863348, 56.718047048288909 ], [ -2.447802131115684, 56.718038490046162 ], [ -2.447807002583864, 56.718029931467406 ], [ -2.447811872307024, 56.718021372566355 ], [ -2.447816740324309, 56.718012813356637 ], [ -2.44782160667486, 56.718004253851959 ], [ -2.447826471397816, 56.717995694065991 ], [ -2.447831334532316, 56.717987134012446 ], [ -2.447836196117504, 56.717978573704947 ], [ -2.447841056192519, 56.717970013157206 ], [ -2.447845914796499, 56.717961452382909 ], [ -2.447850771968589, 56.717952891395718 ], [ -2.447855627747926, 56.717944330209285 ], [ -2.44786048217365, 56.717935768837336 ], [ -2.447865335284904, 56.717927207293535 ], [ -2.447870187120827, 56.71791864559156 ], [ -2.447875037720561, 56.717910083745075 ], [ -2.447879887123244, 56.717901521767786 ], [ -2.447884735368015, 56.717892959673335 ], [ -2.447889582494017, 56.717884397475423 ], [ -2.447894428540391, 56.717875835187741 ], [ -2.447899273546275, 56.717867272823931 ], [ -2.44790411755081, 56.717858710397707 ], [ -2.447908960593136, 56.717850147922732 ], [ -2.447913802712393, 56.717841585412671 ], [ -2.44791864394772, 56.717833022881237 ], [ -2.447923483676635, 56.717824460365328 ], [ -2.447928309738837, 56.717815898307137 ], [ -2.447933100172009, 56.717807337493205 ], [ -2.447937832702296, 56.717798778720997 ], [ -2.447942485055853, 56.717790222787976 ], [ -2.447947034958864, 56.717781670491618 ], [ -2.447951460137529, 56.717773122629424 ], [ -2.447955738318069, 56.717764579998835 ], [ -2.447959847226723, 56.717756043397358 ], [ -2.447963764589756, 56.717747513622498 ], [ -2.447967468133446, 56.717738991471712 ], [ -2.447970935584099, 56.717730477742492 ], [ -2.447974144668032, 56.717721973232365 ], [ -2.44797707311159, 56.717713478738801 ], [ -2.447979698641132, 56.717704995059286 ], [ -2.44798199898304, 56.717696522991311 ], [ -2.447983951863715, 56.717688063332396 ], [ -2.44798553500957, 56.717679616880005 ], [ -2.447986726147052, 56.71767118443163 ], [ -2.447987503002611, 56.717662766784777 ], [ -2.447987843302726, 56.717654364736909 ], [ -2.447987724773894, 56.717645979085511 ], [ -2.447987125142626, 56.717637610628081 ], [ -2.447986023938263, 56.717629260051588 ], [ -2.447984429735307, 56.717620926263159 ], [ -2.447982374575512, 56.717612606731876 ], [ -2.447979891171904, 56.717604298885675 ], [ -2.447977012237488, 56.717596000152483 ], [ -2.447973770485228, 56.717587707960206 ], [ -2.447970198628071, 56.717579419736779 ], [ -2.447966329378929, 56.717571132910152 ], [ -2.447962385103506, 56.71756322513815 ] ] ], [ [ [ -2.434475140220093, 56.741779742979091 ], [ -2.434473827966941, 56.741781953182397 ], [ -2.434468807824462, 56.74179066090354 ], [ -2.434463897364331, 56.741799412911824 ], [ -2.434459085700864, 56.741808204176834 ], [ -2.434454361948377, 56.741817029668148 ], [ -2.434449715221173, 56.741825884355364 ], [ -2.434445134633552, 56.741834763208018 ], [ -2.434440609299806, 56.741843661195716 ], [ -2.434436128334213, 56.741852573288035 ], [ -2.434431680851053, 56.741861494454525 ], [ -2.434427255964592, 56.741870419664757 ], [ -2.434422842789091, 56.7418793438883 ], [ -2.4344184304388, 56.741888262094733 ], [ -2.434414008027964, 56.741897169253612 ], [ -2.43440956467082, 56.7419060603345 ], [ -2.434405089481597, 56.741914930306947 ], [ -2.434400571855589, 56.741923774278114 ], [ -2.434396006957849, 56.741932590179537 ], [ -2.434391395361654, 56.741941378590184 ], [ -2.434386737848947, 56.741950140191157 ], [ -2.434382035201673, 56.741958875663542 ], [ -2.434377288201774, 56.741967585688442 ], [ -2.434372497631195, 56.741976270946957 ], [ -2.434367664271882, 56.741984932120211 ], [ -2.434362788905783, 56.741993569889289 ], [ -2.434357872314844, 56.742002184935274 ], [ -2.434352915281011, 56.742010777939306 ], [ -2.434347918586229, 56.742019349582471 ], [ -2.434342883012452, 56.742027900545864 ], [ -2.434337809341624, 56.742036431510606 ], [ -2.434332698355699, 56.742044943157765 ], [ -2.434327550836621, 56.742053436168476 ], [ -2.434322367566345, 56.742061911223821 ], [ -2.434317149326816, 56.742070369004928 ], [ -2.434311896899987, 56.742078810192879 ], [ -2.43430661106781, 56.742087235468773 ], [ -2.434301292612238, 56.742095645513722 ], [ -2.43429594231522, 56.742104041008822 ], [ -2.434290560958711, 56.742112422635202 ], [ -2.434285149324663, 56.742120791073944 ], [ -2.434279708195028, 56.742129147006153 ], [ -2.434274238351761, 56.742137491112928 ], [ -2.434268740576813, 56.742145824075379 ], [ -2.434263215652143, 56.742154146574613 ], [ -2.434257664359702, 56.742162459291727 ], [ -2.434252087481443, 56.742170762907826 ], [ -2.434246485799326, 56.742179058104021 ], [ -2.434240860095304, 56.742187345561391 ], [ -2.434235211151334, 56.742195625961095 ], [ -2.43422953974937, 56.742203899984183 ], [ -2.434223846671371, 56.742212168311788 ], [ -2.434218132699292, 56.742220431625 ], [ -2.434212398615089, 56.742228690604946 ], [ -2.434206645200721, 56.742236945932703 ], [ -2.434200873238149, 56.742245198289389 ], [ -2.434195083509302, 56.742253448356081 ], [ -2.434189276719955, 56.742261696690662 ], [ -2.434183453328226, 56.742269943450445 ], [ -2.434177613741985, 56.742278188711552 ], [ -2.434171758369105, 56.74228643255001 ], [ -2.434165887617457, 56.742294675041911 ], [ -2.434160001894914, 56.742302916263348 ], [ -2.434154101609349, 56.742311156290363 ], [ -2.434148187168637, 56.742319395199054 ], [ -2.434142258980647, 56.742327633065486 ], [ -2.434136317453257, 56.742335869965721 ], [ -2.434130362994337, 56.742344105975853 ], [ -2.434124396011767, 56.742352341171951 ], [ -2.434118416913417, 56.74236057563008 ], [ -2.434112426107164, 56.742368809426331 ], [ -2.434106424000882, 56.742377042636768 ], [ -2.434100411002448, 56.742385275337455 ], [ -2.434094387519736, 56.742393507604504 ], [ -2.434088353960625, 56.742401739513937 ], [ -2.434082310732989, 56.742409971141868 ], [ -2.434076258244707, 56.742418202564373 ], [ -2.434070196903654, 56.742426433857503 ], [ -2.434064127117709, 56.742434665097356 ], [ -2.434058049294749, 56.742442896359975 ], [ -2.434051963842651, 56.742451127721473 ], [ -2.434045871169296, 56.742459359257907 ], [ -2.434039771682561, 56.742467591045354 ], [ -2.434033665790324, 56.742475823159886 ], [ -2.434027553900467, 56.742484055677586 ], [ -2.434021436420867, 56.742492288674534 ], [ -2.434015313759404, 56.742500522226784 ], [ -2.434009186323958, 56.742508756410437 ], [ -2.434003054522412, 56.742516991301557 ], [ -2.433996918762645, 56.742525226976227 ], [ -2.433990779452536, 56.742533463510505 ], [ -2.433984636999972, 56.742541700980489 ], [ -2.433978491812828, 56.742549939462258 ], [ -2.43397234429899, 56.74255817903186 ], [ -2.433966194866339, 56.742566419765396 ], [ -2.433960043922761, 56.742574661738935 ], [ -2.433953891876135, 56.742582905028556 ], [ -2.433947739134342, 56.742591149710343 ], [ -2.43394158610527, 56.742599395860346 ], [ -2.433935433196804, 56.742607643554656 ], [ -2.433929280816824, 56.742615892869381 ], [ -2.433923129373215, 56.742624143880541 ], [ -2.433916979273863, 56.742632396664263 ], [ -2.433910830926652, 56.742640651296611 ], [ -2.433904684739467, 56.742648907853642 ], [ -2.433898541120196, 56.742657166411441 ], [ -2.433892400476724, 56.742665427046113 ], [ -2.433886263216936, 56.742673689833694 ], [ -2.433880129748719, 56.742681954850298 ], [ -2.433874000479961, 56.742690222171973 ], [ -2.433867875818548, 56.742698491874819 ], [ -2.433861756172367, 56.742706764034921 ], [ -2.433855641949306, 56.742715038728321 ], [ -2.433849533557254, 56.742723316031125 ], [ -2.433843431404097, 56.742731596019404 ], [ -2.433837335897729, 56.742739878769243 ], [ -2.433831247446034, 56.742748164356712 ], [ -2.433825166456903, 56.74275645285789 ], [ -2.433819093338225, 56.742764744348868 ], [ -2.433813028497892, 56.742773038905696 ], [ -2.433806972343791, 56.742781336604494 ], [ -2.433800925283815, 56.742789637521298 ], [ -2.433794887725852, 56.742797941732213 ], [ -2.433788860077798, 56.742806249313318 ], [ -2.433782842747541, 56.742814560340676 ], [ -2.433776836142973, 56.742822874890393 ], [ -2.433770840671988, 56.742831193038505 ], [ -2.433764856595979, 56.742839514826194 ], [ -2.433758883578256, 56.742847840151853 ], [ -2.433752921129512, 56.742856168877537 ], [ -2.433746968760444, 56.742864500865267 ], [ -2.433741025981742, 56.742872835977053 ], [ -2.433735092304102, 56.742881174074938 ], [ -2.433729167238216, 56.742889515020948 ], [ -2.433723250294775, 56.742897858677118 ], [ -2.433717340984475, 56.742906204905474 ], [ -2.433711438818006, 56.742914553568014 ], [ -2.433705543306059, 56.742922904526793 ], [ -2.433699653959327, 56.742931257643825 ], [ -2.4336937702885, 56.742939612781143 ], [ -2.433687891804268, 56.742947969800774 ], [ -2.433682018017322, 56.742956328564752 ], [ -2.433676148438352, 56.742964688935082 ], [ -2.433670282578051, 56.742973050773791 ], [ -2.4336644199471, 56.742981413942942 ], [ -2.433658560056196, 56.742989778304519 ], [ -2.433652702416024, 56.742998143720548 ], [ -2.433646846537273, 56.743006510053085 ], [ -2.43364099193063, 56.74301487716415 ], [ -2.433635138106785, 56.743023244915733 ], [ -2.433629284576421, 56.743031613169904 ], [ -2.433623430850231, 56.743039981788662 ], [ -2.433617576438895, 56.743048350634027 ], [ -2.433611720853102, 56.743056719568074 ], [ -2.43360586360354, 56.743065088452759 ], [ -2.433600004200891, 56.743073457150139 ], [ -2.43359414215584, 56.743081825522253 ], [ -2.433588276979076, 56.743090193431101 ], [ -2.433582408181279, 56.743098560738723 ], [ -2.433576535273137, 56.743106927307132 ], [ -2.43357065776533, 56.743115292998354 ], [ -2.433564775168544, 56.743123657674431 ], [ -2.433558886993461, 56.743132021197368 ], [ -2.433552992750766, 56.743140383429186 ], [ -2.433547091951137, 56.743148744231924 ], [ -2.433541184105261, 56.74315710346761 ], [ -2.433535268723814, 56.743165460998235 ], [ -2.433529345317484, 56.743173816685861 ], [ -2.433523413396946, 56.743182170392501 ], [ -2.433517472472885, 56.743190521980168 ], [ -2.433511522055977, 56.743198871310874 ], [ -2.433505561656906, 56.743207218246674 ], [ -2.433499590786352, 56.743215562649588 ], [ -2.433493608954989, 56.743223904381615 ], [ -2.433487615673503, 56.743232243304803 ], [ -2.433481610452568, 56.743240579281135 ], [ -2.433475592802865, 56.743248912172682 ], [ -2.433469562235067, 56.743257241841434 ], [ -2.433463518259858, 56.743265568149432 ], [ -2.433457460387913, 56.743273890958704 ], [ -2.433451388129906, 56.743282210131255 ], [ -2.43344530099652, 56.743290525529098 ], [ -2.433439198498425, 56.743298837014279 ], [ -2.433433080146302, 56.743307144448806 ], [ -2.433426945450821, 56.743315447694719 ], [ -2.433420793922662, 56.743323746614017 ], [ -2.4334146250725, 56.743332041068733 ], [ -2.433408438411006, 56.743340330920887 ], [ -2.433402233448858, 56.743348616032499 ], [ -2.433396009696729, 56.743356896265595 ], [ -2.433389766665291, 56.743365171482189 ], [ -2.433383503865221, 56.743373441544321 ], [ -2.433377220807186, 56.743381706313983 ], [ -2.433370917001866, 56.743389965653208 ], [ -2.43336459195993, 56.74339821942403 ], [ -2.433358245192048, 56.743406467488441 ], [ -2.433351876208896, 56.743414709708503 ], [ -2.433345484545056, 56.743422945952133 ], [ -2.43333907094231, 56.743431176386835 ], [ -2.433332637893351, 56.743439401614467 ], [ -2.433326188028246, 56.743447622271034 ], [ -2.433319723977075, 56.743455838992496 ], [ -2.433313248369918, 56.743464052414858 ], [ -2.43330676383685, 56.743472263174091 ], [ -2.433300273007953, 56.743480471906175 ], [ -2.433293778513313, 56.743488679247093 ], [ -2.433287282983015, 56.74349688583284 ], [ -2.433280789047143, 56.74350509229938 ], [ -2.433274299335789, 56.743513299282711 ], [ -2.433267816479043, 56.743521507418819 ], [ -2.433261343106999, 56.743529717343677 ], [ -2.433254881849748, 56.743537929693282 ], [ -2.433248435337386, 56.743546145103622 ], [ -2.433242006200016, 56.743554364210681 ], [ -2.433235597067734, 56.743562587650445 ], [ -2.433229210570641, 56.743570816058906 ], [ -2.433222849338844, 56.743579050072064 ], [ -2.433216516002447, 56.743587290325884 ], [ -2.433210213191557, 56.743595537456372 ], [ -2.433203943536283, 56.743603792099513 ], [ -2.433197709666737, 56.743612054891308 ], [ -2.43319151421303, 56.743620326467742 ], [ -2.433185359805279, 56.743628607464792 ], [ -2.433179249073604, 56.743636898518488 ], [ -2.433173184648119, 56.743645200264787 ], [ -2.433167169158946, 56.743653513339702 ], [ -2.433161205236207, 56.743661838379218 ], [ -2.43315529551003, 56.743670176019343 ], [ -2.433149446396883, 56.743678526840284 ], [ -2.433143682314712, 56.743686891157104 ], [ -2.433138033025607, 56.74369526920615 ], [ -2.433132528292545, 56.743703661223755 ], [ -2.433127197878525, 56.743712067446282 ], [ -2.433122106891262, 56.743720430051837 ], [ -2.433123138343979, 56.743718125287913 ], [ -2.43312711893226, 56.743709628459342 ], [ -2.433131263180722, 56.743701148873228 ], [ -2.433135564770034, 56.743692685860204 ], [ -2.43314001738088, 56.743684238750888 ], [ -2.433144614693941, 56.743675806875906 ], [ -2.433149350389916, 56.743667389565864 ], [ -2.433154218149501, 56.743658986151374 ], [ -2.433159211653396, 56.743650595963061 ], [ -2.433164324582313, 56.743642218331559 ], [ -2.433169550616966, 56.743633852587458 ], [ -2.43317488343807, 56.743625498061419 ], [ -2.433180316726357, 56.743617154084014 ], [ -2.433185844162551, 56.743608819985916 ], [ -2.433191459427389, 56.743600495097716 ], [ -2.433197156201615, 56.743592178750042 ], [ -2.433202928165973, 56.743583870273547 ], [ -2.433208769001213, 56.743575568998821 ], [ -2.433214672388091, 56.743567274256513 ], [ -2.433220632007372, 56.743558985377263 ], [ -2.433226641539818, 56.743550701691682 ], [ -2.433232694666204, 56.743542422530389 ], [ -2.433238785067306, 56.743534147224068 ], [ -2.433244906423905, 56.743525875103302 ], [ -2.433251052416789, 56.743517605498745 ], [ -2.433257216726749, 56.743509337741045 ], [ -2.433263393034583, 56.743501071160829 ], [ -2.433269575523293, 56.743492805141059 ], [ -2.433275762245005, 56.743484539467893 ], [ -2.433281953049636, 56.743476274114776 ], [ -2.433288147797032, 56.743468009056222 ], [ -2.43329434634705, 56.743459744266737 ], [ -2.433300548559536, 56.743451479720775 ], [ -2.433306754294345, 56.743443215392901 ], [ -2.433312963411326, 56.743434951257569 ], [ -2.433319175770328, 56.743426687289315 ], [ -2.433325391231205, 56.743418423462614 ], [ -2.433331609653808, 56.743410159751974 ], [ -2.433337830897989, 56.7434018961319 ], [ -2.433344054823599, 56.743393632576897 ], [ -2.433350281290488, 56.74338536906145 ], [ -2.433356510158511, 56.743377105560072 ], [ -2.433362741287516, 56.743368842047282 ], [ -2.433368974537359, 56.743360578497537 ], [ -2.43337520976789, 56.743352314885378 ], [ -2.433381446838963, 56.743344051185289 ], [ -2.433387685610429, 56.743335787371755 ], [ -2.43339392594214, 56.743327523419325 ], [ -2.433400167693949, 56.74331925930246 ], [ -2.433406410725706, 56.74331099499566 ], [ -2.433412654897268, 56.743302730473467 ], [ -2.433418900068488, 56.743294465710328 ], [ -2.433425146099216, 56.743286200680785 ], [ -2.433431392849307, 56.743277935359309 ], [ -2.433437640178612, 56.743269669720434 ], [ -2.433443887946986, 56.743261403738636 ], [ -2.433450136014283, 56.743253137388422 ], [ -2.433456384240357, 56.743244870644311 ], [ -2.433462632485057, 56.743236603480781 ], [ -2.433468880608241, 56.743228335872345 ], [ -2.433475128469763, 56.743220067793516 ], [ -2.433481375929475, 56.743211799218777 ], [ -2.43348762284723, 56.743203530122621 ], [ -2.433493869082886, 56.743195260479581 ], [ -2.433500114496296, 56.743186990264135 ], [ -2.433506358947309, 56.743178719450789 ], [ -2.433512602295788, 56.743170448014062 ], [ -2.433518844401579, 56.743162175928425 ], [ -2.433525085124545, 56.743153903168412 ], [ -2.433531324324536, 56.743145629708501 ], [ -2.433537561861405, 56.74313735552321 ], [ -2.433543797595011, 56.743129080587032 ], [ -2.433550031385208, 56.743120804874458 ], [ -2.433556263091851, 56.743112528360022 ], [ -2.433562492574793, 56.743104251018202 ], [ -2.433568719693892, 56.743095972823497 ], [ -2.433574944309005, 56.743087693750411 ], [ -2.433581166279982, 56.743079413773465 ], [ -2.433587385466684, 56.743071132867158 ], [ -2.433593601728965, 56.743062851005966 ], [ -2.433599814926681, 56.743054568164425 ], [ -2.433606024919686, 56.743046284317003 ], [ -2.433612231567838, 56.743037999438236 ], [ -2.433618434730996, 56.743029713502601 ], [ -2.433624634269013, 56.74302142648461 ], [ -2.433630830041742, 56.743013138358769 ], [ -2.433637021909048, 56.743004849099563 ], [ -2.433643209730782, 56.742996558681533 ], [ -2.4336493933668, 56.742988267079134 ], [ -2.433655572676962, 56.742979974266902 ], [ -2.433661747521123, 56.742971680219334 ], [ -2.433667917759143, 56.742963384910929 ], [ -2.433674083250875, 56.742955088316172 ], [ -2.433680243856177, 56.74294679040959 ], [ -2.433686399434909, 56.742938491165667 ], [ -2.433692549846929, 56.74293019055893 ], [ -2.433698694952092, 56.742921888563878 ], [ -2.433704834610254, 56.74291358515498 ], [ -2.433710968681276, 56.742905280306765 ], [ -2.433717097025015, 56.742896973993759 ], [ -2.433723219501331, 56.74288866619041 ], [ -2.433729335970081, 56.742880356871261 ], [ -2.433735446291119, 56.742872046010802 ], [ -2.433741550324309, 56.742863733583548 ], [ -2.433747647929507, 56.74285541956398 ], [ -2.433753738966571, 56.742847103926621 ], [ -2.433759823295363, 56.742838786645954 ], [ -2.433765900775738, 56.742830467696514 ], [ -2.433771971267557, 56.742822147052756 ], [ -2.433778034630677, 56.742813824689236 ], [ -2.433784090724958, 56.742805500580417 ], [ -2.433790139410261, 56.742797174700819 ], [ -2.433796180546445, 56.742788847024961 ], [ -2.433802213993367, 56.742780517527315 ], [ -2.433808239610888, 56.742772186182393 ], [ -2.433814257258866, 56.742763852964714 ], [ -2.433820266797166, 56.742755517848764 ], [ -2.433826268085642, 56.742747180809069 ], [ -2.433832260984156, 56.742738841820099 ], [ -2.433838245352568, 56.742730500856382 ], [ -2.433844221050739, 56.742722157892402 ], [ -2.433850187938529, 56.7427138129027 ], [ -2.433856145875797, 56.742705465861739 ], [ -2.433862094722406, 56.742697116744033 ], [ -2.433868034338215, 56.7426887655241 ], [ -2.433873964583082, 56.742680412176426 ], [ -2.433879885316875, 56.742672056675531 ], [ -2.43388579639945, 56.742663698995891 ], [ -2.433891697690668, 56.742655339112055 ], [ -2.433897589050392, 56.742646976998486 ], [ -2.433903470338482, 56.742638612629705 ], [ -2.4339093414148, 56.742630245980209 ], [ -2.433915202139208, 56.742621877024504 ], [ -2.433921052371566, 56.74261350573709 ], [ -2.433926891971736, 56.7426051320925 ], [ -2.433932720799582, 56.742596756065183 ], [ -2.433938538714962, 56.742588377629701 ], [ -2.433944345577745, 56.742579996760519 ], [ -2.433950141247784, 56.742571613432155 ], [ -2.433955925584949, 56.742563227619101 ], [ -2.433961698449099, 56.742554839295885 ], [ -2.433967459700096, 56.742546448436983 ], [ -2.433973209197804, 56.742538055016908 ], [ -2.433978946802086, 56.742529659010188 ], [ -2.433984672372804, 56.742521260391293 ], [ -2.433990385769821, 56.742512859134756 ], [ -2.433996086853001, 56.742504455215034 ], [ -2.434001775482205, 56.742496048606689 ], [ -2.434007451517299, 56.742487639284207 ], [ -2.434013114818144, 56.742479227222063 ], [ -2.434018765244607, 56.742470812394792 ], [ -2.434024402656548, 56.742462394776901 ], [ -2.434030026913831, 56.742453974342872 ], [ -2.434035637876323, 56.742445551067206 ], [ -2.434041235403884, 56.742437124924436 ], [ -2.434046819356382, 56.742428695889053 ], [ -2.434052389593678, 56.74242026393555 ], [ -2.434057945975638, 56.742411829038446 ], [ -2.434063488362127, 56.742403391172239 ], [ -2.434069016613009, 56.74239495031145 ], [ -2.434074530588148, 56.742386506430542 ], [ -2.434080030147409, 56.742378059504048 ], [ -2.434085515150656, 56.74236960950649 ], [ -2.434090985457757, 56.742361156412329 ], [ -2.434096440928576, 56.742352700196115 ], [ -2.434101881422973, 56.742344240832324 ], [ -2.434107306800824, 56.742335778295448 ], [ -2.434112716925318, 56.742327312560761 ], [ -2.434118112010727, 56.742318843679875 ], [ -2.434123492926703, 56.742310371847118 ], [ -2.434128860614641, 56.742301897272448 ], [ -2.434134216015933, 56.742293420165772 ], [ -2.43413956007197, 56.742284940737029 ], [ -2.434144893724142, 56.742276459196148 ], [ -2.434150217913837, 56.742267975753087 ], [ -2.43415553358245, 56.742259490617748 ], [ -2.434160841671365, 56.742251004000082 ], [ -2.434166143121969, 56.742242516110025 ], [ -2.434171438875651, 56.742234027157494 ], [ -2.434176729873796, 56.742225537352439 ], [ -2.434182017057792, 56.74221704690477 ], [ -2.43418730136902, 56.742208556024437 ], [ -2.434192583748868, 56.742200064921377 ], [ -2.434197865138715, 56.742191573805513 ], [ -2.434203146479947, 56.742183082886775 ], [ -2.434208428713945, 56.742174592375093 ], [ -2.434213712782091, 56.742166102480404 ], [ -2.434218999625763, 56.742157613412637 ], [ -2.434224290186343, 56.742149125381729 ], [ -2.434229585405211, 56.742140638597597 ], [ -2.434234886223743, 56.742132153270177 ], [ -2.434240193583319, 56.742123669609406 ], [ -2.434245508425312, 56.742115187825235 ], [ -2.4342508316911, 56.74210670812753 ], [ -2.434256164322059, 56.742098230726278 ], [ -2.434261507259564, 56.742089755831401 ], [ -2.43426686144499, 56.742081283652809 ], [ -2.434272227819705, 56.742072814400437 ], [ -2.43427760732509, 56.742064348284238 ], [ -2.43428300090251, 56.742055885514105 ], [ -2.434288409493338, 56.742047426300005 ], [ -2.434293834038944, 56.74203897085183 ], [ -2.434299275480701, 56.742030519379526 ], [ -2.434304734759975, 56.742022072093022 ], [ -2.434310212818135, 56.742013629202241 ], [ -2.434315710596548, 56.742005190917119 ], [ -2.434321229036581, 56.741996757447573 ], [ -2.434326769079604, 56.741988329003547 ], [ -2.434332331666976, 56.741979905794963 ], [ -2.434337917740064, 56.741971488031723 ], [ -2.434343528240237, 56.741963075923799 ], [ -2.434349164108852, 56.741954669681078 ], [ -2.434354826287277, 56.741946269513519 ], [ -2.434360515716871, 56.741937875630995 ], [ -2.434366233338995, 56.7419294882435 ], [ -2.434371980095011, 56.741921107560934 ], [ -2.434377756926279, 56.741912733793207 ], [ -2.434383564774159, 56.741904367150262 ], [ -2.434389404580009, 56.741896007842008 ], [ -2.434395277285188, 56.741887656078397 ], [ -2.434401183831052, 56.741879312069315 ], [ -2.434407125158959, 56.741870976024742 ], [ -2.434413102210264, 56.741862648154552 ], [ -2.434419115926321, 56.741854328668687 ], [ -2.434425167248492, 56.741846017777071 ], [ -2.434431257118122, 56.741837715689627 ], [ -2.434437386476571, 56.741829422616291 ], [ -2.434443556265187, 56.741821138766973 ], [ -2.434449767425328, 56.741812864351594 ], [ -2.43445602089834, 56.741804599580099 ], [ -2.43446231762558, 56.741796344662383 ], [ -2.434468658548393, 56.741788099808382 ], [ -2.43447504460813, 56.741779865227997 ], [ -2.434475140220093, 56.741779742979091 ] ] ], [ [ [ -2.433087512921094, 56.74383027743125 ], [ -2.433087542925739, 56.743831378436205 ], [ -2.433088398875717, 56.743840026095185 ], [ -2.433089902373158, 56.743848691673918 ], [ -2.433092036766816, 56.743857374368716 ], [ -2.433094752578735, 56.743866072640394 ], [ -2.433097999520813, 56.743874784931641 ], [ -2.433101727304903, 56.743883509685098 ], [ -2.433105885642814, 56.743892245343432 ], [ -2.433110424246311, 56.743900990349289 ], [ -2.433115292827111, 56.743909743145352 ], [ -2.433120441096884, 56.743918502174267 ], [ -2.433125818767252, 56.743927265878703 ], [ -2.433131375549797, 56.743936032701356 ], [ -2.433137061156045, 56.743944801084908 ], [ -2.433142825297483, 56.74395356947204 ], [ -2.433148617685547, 56.743962336305458 ], [ -2.433154388031623, 56.743971100027878 ], [ -2.433160086047057, 56.743979859082003 ], [ -2.433165661443141, 56.743988611910581 ], [ -2.433171063931125, 56.743997356956328 ], [ -2.433176243222213, 56.744006092661991 ], [ -2.433181149027555, 56.744014817470322 ], [ -2.433185731058266, 56.744023529824084 ], [ -2.433189939025405, 56.744032228165999 ], [ -2.43319372263999, 56.744040910938857 ], [ -2.433197031612994, 56.744049576585425 ], [ -2.433199815655343, 56.744058223548457 ], [ -2.43320202447792, 56.744066850270698 ], [ -2.433203612438129, 56.744075455326374 ], [ -2.433204577332755, 56.744084038518771 ], [ -2.433204940662606, 56.744092600321821 ], [ -2.433204724168041, 56.74410114121622 ], [ -2.433203949589442, 56.74410966168265 ], [ -2.433202638667214, 56.744118162201815 ], [ -2.433200813141779, 56.744126643254397 ], [ -2.433198494753586, 56.744135105321064 ], [ -2.433195705243098, 56.744143548882491 ], [ -2.433192466350804, 56.74415197441936 ], [ -2.43318879981721, 56.744160382412311 ], [ -2.433184727382841, 56.744168773342039 ], [ -2.433180270788245, 56.744177147689179 ], [ -2.433175451773992, 56.744185505934432 ], [ -2.433170292080661, 56.744193848558439 ], [ -2.433164813448866, 56.744202176041846 ], [ -2.433159037619227, 56.74421048886537 ], [ -2.433152986332392, 56.744218787509638 ], [ -2.433146681329026, 56.744227072455352 ], [ -2.433140144349807, 56.744235344183167 ], [ -2.433133397135443, 56.744243603173771 ], [ -2.433126461426653, 56.744251849907855 ], [ -2.433119358964176, 56.744260084866077 ], [ -2.433112111488773, 56.744268308529158 ], [ -2.433104740741219, 56.74427652137777 ], [ -2.433097268462313, 56.74428472389264 ], [ -2.433089716392868, 56.74429291655445 ], [ -2.433082106273714, 56.744301099843938 ], [ -2.433074459845707, 56.7443092742418 ], [ -2.433066798849712, 56.74431744022877 ], [ -2.43305914502662, 56.74432559828557 ], [ -2.433051518836874, 56.744333748881964 ], [ -2.433043927543513, 56.744341892374685 ], [ -2.433036370633636, 56.744350029053848 ], [ -2.433028847494211, 56.744358159208687 ], [ -2.433021357512213, 56.744366283128493 ], [ -2.433013900074608, 56.744374401102476 ], [ -2.43300647456837, 56.744382513419929 ], [ -2.432999080380465, 56.744390620370098 ], [ -2.432991716897861, 56.744398722242217 ], [ -2.432984383507524, 56.744406819325576 ], [ -2.432977079596426, 56.744414911909381 ], [ -2.432969804551526, 56.744423000282936 ], [ -2.432962557759792, 56.744431084735481 ], [ -2.432955338608188, 56.744439165556251 ], [ -2.432948146483676, 56.744447243034529 ], [ -2.432940980773222, 56.744455317459526 ], [ -2.432933840863784, 56.744463389120519 ], [ -2.432926726142326, 56.744471458306784 ], [ -2.432919635995807, 56.74447952530754 ], [ -2.432912569811186, 56.744487590412064 ], [ -2.432905526975421, 56.744495653909595 ], [ -2.432898506875476, 56.744503716089383 ], [ -2.432891508898302, 56.744511777240689 ], [ -2.432884532430856, 56.74451983765276 ], [ -2.4328775768601, 56.744527897614851 ], [ -2.432870641572983, 56.744535957416211 ], [ -2.432863725956463, 56.744544017346101 ], [ -2.432856829397492, 56.744552077693747 ], [ -2.432849951283022, 56.744560138748426 ], [ -2.432843091, 56.744568200799385 ], [ -2.4328362479354, 56.74457626413588 ], [ -2.432829421476153, 56.744584329047129 ], [ -2.432822611009211, 56.74459239582243 ], [ -2.432815815921526, 56.744600464751002 ], [ -2.432809035600048, 56.744608536122108 ], [ -2.432802269431722, 56.74461661022498 ], [ -2.432795516803498, 56.744624687348903 ], [ -2.432788777102323, 56.744632767783109 ], [ -2.432782049715143, 56.744640851816818 ], [ -2.432775334028899, 56.744648939739328 ], [ -2.432768629442921, 56.744657031834571 ], [ -2.432761935682984, 56.744665128247036 ], [ -2.432755252826312, 56.744673228971052 ], [ -2.432748580967515, 56.744681333993519 ], [ -2.432741920201204, 56.744689443301311 ], [ -2.43273527062199, 56.744697556881356 ], [ -2.432728632324483, 56.744705674720542 ], [ -2.432722005403293, 56.744713796805748 ], [ -2.432715389953034, 56.74472192312389 ], [ -2.432708786068317, 56.744730053661868 ], [ -2.432702193843752, 56.744738188406579 ], [ -2.432695613373947, 56.744746327344892 ], [ -2.43268904475352, 56.744754470463747 ], [ -2.432682488077079, 56.744762617750006 ], [ -2.432675943439235, 56.744770769190595 ], [ -2.432669410934602, 56.744778924772383 ], [ -2.432662890657791, 56.744787084482283 ], [ -2.432656382703414, 56.744795248307206 ], [ -2.432649887166081, 56.744803416234028 ], [ -2.432643404140407, 56.744811588249647 ], [ -2.432636933721005, 56.744819764340981 ], [ -2.432630476002483, 56.744827944494901 ], [ -2.432624031079458, 56.744836128698317 ], [ -2.43261759904654, 56.744844316938142 ], [ -2.432611179998341, 56.74485250920123 ], [ -2.432604774029476, 56.74486070547453 ], [ -2.432598381234556, 56.744868905744909 ], [ -2.432592001708197, 56.744877109999294 ], [ -2.432585635545008, 56.744885318224526 ], [ -2.432579282839605, 56.744893530407559 ], [ -2.432572943686598, 56.74490174653527 ], [ -2.432566618180604, 56.744909966594555 ], [ -2.432560306416236, 56.744918190572314 ], [ -2.432554008488104, 56.744926418455442 ], [ -2.432547724490828, 56.744934650230817 ], [ -2.432541454519014, 56.744942885885386 ], [ -2.432535198667282, 56.744951125406011 ], [ -2.432528957030242, 56.74495936877959 ], [ -2.43252272970251, 56.744967615993048 ], [ -2.432516516778701, 56.744975867033254 ], [ -2.43251031835343, 56.744984121887121 ], [ -2.432504134521304, 56.744992380541532 ], [ -2.432497965376945, 56.745000642983406 ], [ -2.432491811014966, 56.745008909199612 ], [ -2.432485671529981, 56.745017179177083 ], [ -2.432479547016605, 56.745025452902681 ], [ -2.432473437569452, 56.745033730363339 ], [ -2.432467343283135, 56.745042011545934 ], [ -2.432461264252275, 56.74505029643737 ], [ -2.432455200571481, 56.745058585024552 ], [ -2.432449152335372, 56.745066877294349 ], [ -2.432443119638563, 56.74507517323368 ], [ -2.432437102575665, 56.745083472829464 ], [ -2.432431101241301, 56.745091776068556 ], [ -2.432425115730078, 56.745100082937903 ], [ -2.43241914613662, 56.745108393424346 ], [ -2.432413192555539, 56.745116707514832 ], [ -2.43240725508145, 56.745125025196216 ], [ -2.43240133380897, 56.745133346455447 ], [ -2.432395428832716, 56.745141671279391 ], [ -2.432389540247302, 56.745149999654942 ], [ -2.432383668147347, 56.745158331569023 ], [ -2.432377812627465, 56.745166667008498 ], [ -2.432371973782275, 56.745175005960299 ], [ -2.432366151706388, 56.74518334841131 ], [ -2.43236034649443, 56.745191694348428 ], [ -2.43235455824101, 56.745200043758551 ], [ -2.43234878704075, 56.74520839662857 ], [ -2.432343032988261, 56.745216752945403 ], [ -2.432337296178168, 56.745225112695927 ], [ -2.432331576705081, 56.745233475867046 ], [ -2.432325874559663, 56.745241842422793 ], [ -2.432320189206092, 56.745250212211261 ], [ -2.432314519942291, 56.745258585043977 ], [ -2.432308866066108, 56.745266960732444 ], [ -2.432303226875395, 56.745275339088145 ], [ -2.43229760166801, 56.745283719922625 ], [ -2.432291989741796, 56.745292103047341 ], [ -2.432286390394609, 56.745300488273813 ], [ -2.432280802924298, 56.745308875413535 ], [ -2.432275226628714, 56.745317264278015 ], [ -2.432269660805703, 56.745325654678759 ], [ -2.432264104753117, 56.745334046427274 ], [ -2.432258557768801, 56.745342439335033 ], [ -2.432253019150604, 56.745350833213557 ], [ -2.432247488196376, 56.745359227874346 ], [ -2.432241964203962, 56.745367623128892 ], [ -2.432236446471206, 56.745376018788704 ], [ -2.432230934295956, 56.745384414665274 ], [ -2.432225426976058, 56.745392810570102 ], [ -2.432219923809355, 56.74540120631471 ], [ -2.432214424093689, 56.745409601710556 ], [ -2.432208927126907, 56.745417996569181 ], [ -2.432203432206852, 56.745426390702065 ], [ -2.432197938631365, 56.745434783920707 ], [ -2.432192445698289, 56.745443176036602 ], [ -2.432186952705468, 56.74545156686127 ], [ -2.432181458950738, 56.745459956206169 ], [ -2.432175963731942, 56.745468343882841 ], [ -2.432170466346921, 56.74547672970278 ], [ -2.432164966093516, 56.74548511347745 ], [ -2.43215946226956, 56.745493495018387 ], [ -2.432153954172897, 56.745501874137076 ], [ -2.432148441101364, 56.745510250645019 ], [ -2.432142922352798, 56.745518624353686 ], [ -2.432137397225036, 56.745526995074613 ], [ -2.432131865015916, 56.745535362619265 ], [ -2.432126325023271, 56.74554372679917 ], [ -2.432120776544938, 56.745552087425807 ], [ -2.432115218878752, 56.745560444310684 ], [ -2.43210965132255, 56.7455687972653 ], [ -2.432104073174162, 56.745577146101127 ], [ -2.432098483731424, 56.745585490629693 ], [ -2.432092882292168, 56.745593830662472 ], [ -2.432087268154227, 56.745602166010983 ], [ -2.432081640615433, 56.745610496486691 ], [ -2.432075998973618, 56.745618821901118 ], [ -2.432070342526611, 56.745627142065771 ], [ -2.432064670572244, 56.745635456792115 ], [ -2.432058982408349, 56.745643765891657 ], [ -2.432053277332753, 56.745652069175897 ], [ -2.432047554643285, 56.745660366456335 ], [ -2.432041813637775, 56.745668657544464 ], [ -2.432036053614051, 56.745676942251762 ], [ -2.432030273869939, 56.745685220389731 ], [ -2.432024473703269, 56.745693491769892 ], [ -2.432018652411865, 56.745701756203715 ], [ -2.432012809293556, 56.745710013502702 ], [ -2.432006943646165, 56.745718263478352 ], [ -2.432001054767518, 56.745726505942137 ], [ -2.43199514195544, 56.745734740705579 ], [ -2.431989204507758, 56.745742967580178 ], [ -2.431983241722292, 56.745751186377397 ], [ -2.431977252896868, 56.745759396908753 ], [ -2.431971237329307, 56.745767598985708 ], [ -2.431965194317434, 56.745775792419799 ], [ -2.431959123159068, 56.745783977022491 ], [ -2.431953023152032, 56.745792152605297 ], [ -2.431946893594149, 56.745800318979704 ], [ -2.43194073378324, 56.745808475957169 ], [ -2.431934543017122, 56.745816623349235 ], [ -2.43192832059355, 56.745824760967835 ], [ -2.431922065800727, 56.745832888690721 ], [ -2.431915777907499, 56.745841006529005 ], [ -2.431909456180369, 56.745849114509952 ], [ -2.431903099885836, 56.745857212660816 ], [ -2.431896708290404, 56.74586530100887 ], [ -2.431890280660568, 56.745873379581369 ], [ -2.431883816262829, 56.745881448405569 ], [ -2.431877314363693, 56.74588950750875 ], [ -2.431870774229649, 56.745897556918159 ], [ -2.431864195127201, 56.745905596661046 ], [ -2.431857576322844, 56.745913626764676 ], [ -2.431850917083076, 56.74592164725631 ], [ -2.431844216674389, 56.74592965816322 ], [ -2.431837474363285, 56.745937659512663 ], [ -2.431830689416255, 56.745945651331887 ], [ -2.431823861099793, 56.745953633648156 ], [ -2.431816988680394, 56.74596160648872 ], [ -2.431810071424553, 56.745969569880863 ], [ -2.431803108598759, 56.74597752385182 ], [ -2.431796099469506, 56.745985468428835 ], [ -2.431789043303288, 56.745993403639204 ], [ -2.431781939366593, 56.746001329510158 ], [ -2.431774786925911, 56.746009246068965 ], [ -2.431767585247735, 56.746017153342883 ], [ -2.431760333598551, 56.746025051359169 ], [ -2.431753031244848, 56.746032940145064 ], [ -2.431745677453119, 56.74604081972786 ], [ -2.431738271489846, 56.746048690134771 ], [ -2.43173081262152, 56.746056551393082 ], [ -2.431723300114624, 56.746064403530028 ], [ -2.431715733287491, 56.746072246579686 ], [ -2.431708113295783, 56.746080080817364 ], [ -2.431700443583772, 56.746087906818865 ], [ -2.431692727739195, 56.746095725178819 ], [ -2.431684969349789, 56.746103536491894 ], [ -2.431677172003292, 56.74611134135273 ], [ -2.431669339287448, 56.746119140355965 ], [ -2.431661474790002, 56.746126934096239 ], [ -2.431653582098702, 56.746134723168218 ], [ -2.431645664801298, 56.746142508166542 ], [ -2.431637726485541, 56.746150289685872 ], [ -2.431629770739187, 56.746158068320831 ], [ -2.431621801149992, 56.746165844666102 ], [ -2.431613821305716, 56.746173619316323 ], [ -2.431605834794124, 56.746181392866156 ], [ -2.431597845202977, 56.746189165910252 ], [ -2.431589856120044, 56.746196939043273 ], [ -2.431581871133092, 56.746204712859843 ], [ -2.431573893829897, 56.746212487954651 ], [ -2.43156592779823, 56.746220264922364 ], [ -2.43155797662587, 56.746228044357629 ], [ -2.431550043900592, 56.746235826855077 ], [ -2.431542133210183, 56.746243613009419 ], [ -2.431534248142424, 56.746251403415286 ], [ -2.431526392285102, 56.74625919866736 ], [ -2.431518569226006, 56.746266999360287 ], [ -2.431510782552927, 56.746274806088749 ], [ -2.43150303585366, 56.746282619447399 ], [ -2.431495332716003, 56.746290440030911 ], [ -2.43148767672775, 56.746298268433961 ], [ -2.431480071476707, 56.746306105251186 ], [ -2.431472520550678, 56.746313951077298 ], [ -2.431465027537464, 56.746321806506941 ], [ -2.431457596024882, 56.746329672134799 ], [ -2.431450229600739, 56.74633754855553 ], [ -2.431442931852851, 56.746345436363818 ], [ -2.431435706369033, 56.746353336154336 ], [ -2.431428556737106, 56.746361248521751 ], [ -2.431421486544894, 56.746369174060739 ], [ -2.43141449938022, 56.746377113365988 ], [ -2.431407598830913, 56.746385067032158 ], [ -2.4314007878735, 56.74639303556993 ], [ -2.431394064387579, 56.746401018789491 ], [ -2.431387423720226, 56.746409016152931 ], [ -2.431380861200172, 56.746417027119932 ], [ -2.431374372156156, 56.746425051150084 ], [ -2.431367951916905, 56.746433087702975 ], [ -2.431361595811144, 56.746441136238239 ], [ -2.431355299167596, 56.746449196215472 ], [ -2.431349057314981, 56.7464572670943 ], [ -2.431342865582013, 56.746465348334318 ], [ -2.431336719297406, 56.746473439395132 ], [ -2.431330613789864, 56.746481539736365 ], [ -2.431324544388098, 56.746489648817601 ], [ -2.431318506420803, 56.746497766098443 ], [ -2.43131249521668, 56.746505891038524 ], [ -2.431306506104423, 56.746514023097404 ], [ -2.431300534412721, 56.746522161734703 ], [ -2.431294575470262, 56.746530306410037 ], [ -2.431288624605731, 56.746538456582982 ], [ -2.431282677147803, 56.746546611713143 ], [ -2.431276728425155, 56.746554771260122 ], [ -2.431270773766462, 56.746562934683503 ], [ -2.431264808500392, 56.746571101442889 ], [ -2.431258827955606, 56.746579270997884 ], [ -2.431252827460771, 56.746587442808057 ], [ -2.431246802344539, 56.746595616333018 ], [ -2.431240747935566, 56.746603791032356 ], [ -2.431234659562505, 56.74661196636567 ], [ -2.431228532553999, 56.746620141792498 ], [ -2.431222362238689, 56.746628316772501 ], [ -2.431216143945219, 56.746636490765241 ], [ -2.431209873002222, 56.746644663230271 ], [ -2.43120354473833, 56.746652833627216 ], [ -2.431197154482173, 56.746661001415653 ], [ -2.431190697562372, 56.746669166055142 ], [ -2.431184169307552, 56.74667732700528 ], [ -2.431177565046329, 56.746685483725663 ], [ -2.431170880107316, 56.746693635675847 ], [ -2.431164109819126, 56.746701782315419 ], [ -2.431157249510363, 56.746709923103957 ], [ -2.431150294509629, 56.74671805750102 ], [ -2.431143242838369, 56.746726184904055 ], [ -2.431136105895835, 56.746734304401599 ], [ -2.431128899227736, 56.746742414986528 ], [ -2.431121638381056, 56.746750515651691 ], [ -2.431114338902788, 56.7467586053899 ], [ -2.431107016339943, 56.746766683194004 ], [ -2.431099686239548, 56.746774748056858 ], [ -2.431092364148638, 56.746782798971303 ], [ -2.431085065614268, 56.746790834930181 ], [ -2.431077806183497, 56.746798854926389 ], [ -2.431070601403414, 56.746806857952741 ], [ -2.431063466821107, 56.74681484300212 ], [ -2.431056417983685, 56.746822809067403 ], [ -2.431049470438265, 56.746830755141453 ], [ -2.431042639731983, 56.746838680217152 ], [ -2.431035941411985, 56.746846583287372 ], [ -2.431029391025435, 56.746854463344981 ], [ -2.431023004119501, 56.746862319382892 ], [ -2.43101679624137, 56.746870150393988 ], [ -2.431010782938243, 56.746877955371133 ], [ -2.431004980309026, 56.74688573357782 ], [ -2.430999410718932, 56.74689348735081 ], [ -2.430994100507144, 56.746901220975928 ], [ -2.43098907607608, 56.746908938769963 ], [ -2.430984363828171, 56.74691664504973 ], [ -2.430979990165866, 56.74692434413204 ], [ -2.430975981491638, 56.746932040333704 ], [ -2.430972364207974, 56.746939737971523 ], [ -2.430969164717383, 56.74694744136233 ], [ -2.430966409422396, 56.746955154822935 ], [ -2.430964124725558, 56.74696288267014 ], [ -2.430962337029443, 56.746970629220741 ], [ -2.430961072736643, 56.746978398791576 ], [ -2.430960358249772, 56.746986195699414 ], [ -2.430960219971472, 56.746994024261049 ], [ -2.430960684304402, 56.747001888793278 ], [ -2.430961777651254, 56.747009793612882 ], [ -2.43096352641474, 56.747017743036615 ], [ -2.430965956997601, 56.747025741381243 ], [ -2.430969095802609, 56.747033792963492 ], [ -2.430972969232558, 56.747041902100122 ], [ -2.430977603690283, 56.747050073107829 ], [ -2.430983025578644, 56.747058310303302 ], [ -2.430989261300532, 56.747066618003238 ], [ -2.430996337258878, 56.747075000524291 ], [ -2.431004247807064, 56.747083456818373 ], [ -2.431012827316851, 56.747091959058494 ], [ -2.431021860341913, 56.74710047107876 ], [ -2.431031131419609, 56.74710895671064 ], [ -2.431040425087092, 56.74711737978572 ], [ -2.431049525881275, 56.747125704135549 ], [ -2.431058218338861, 56.747133893591787 ], [ -2.431066286996336, 56.747141911986148 ], [ -2.43107351638999, 56.747149723150422 ], [ -2.431079691055936, 56.747157290916356 ], [ -2.431084595530123, 56.747164579115754 ], [ -2.431088014348375, 56.74717155158045 ], [ -2.431089732046408, 56.747178172142178 ], [ -2.431089533220873, 56.747184404644742 ], [ -2.431087277912213, 56.747190227848556 ], [ -2.43108304862572, 56.747195664499493 ], [ -2.431076968670455, 56.747200745411071 ], [ -2.431069161355629, 56.747205501396692 ], [ -2.431059749990584, 56.747209963269732 ], [ -2.431048857884771, 56.74721416184358 ], [ -2.431036608347719, 56.747218127931539 ], [ -2.431023124689026, 56.747221892346964 ], [ -2.43100853021834, 56.747225485903257 ], [ -2.430992948245335, 56.747228939413766 ], [ -2.430976502079712, 56.747232283691922 ], [ -2.430959315031174, 56.747235549551206 ], [ -2.430941510409423, 56.747238767805143 ], [ -2.430923211524151, 56.7472419692673 ], [ -2.43090454168504, 56.747245184751328 ], [ -2.430885624201745, 56.747248445070959 ], [ -2.43086658238391, 56.747251781039957 ], [ -2.430847539541152, 56.747255223472223 ], [ -2.430828618983077, 56.747258803181651 ], [ -2.430809944019274, 56.747262550982292 ], [ -2.430791637959327, 56.747266497688202 ], [ -2.430773824112822, 56.747270674113537 ], [ -2.430756625789361, 56.747275111072561 ], [ -2.430740166298564, 56.747279839379502 ], [ -2.430731082307751, 56.747282780803971 ], [ -2.430739609785451, 56.747278221656003 ], [ -2.430751617094984, 56.747271763006545 ], [ -2.430763496028814, 56.747265310534758 ], [ -2.430775213868936, 56.74725885831343 ], [ -2.430786737897353, 56.747252400415292 ], [ -2.430798035396082, 56.74724593091311 ], [ -2.430809073647163, 56.747239443879671 ], [ -2.430819819932646, 56.747232933387771 ], [ -2.430830241534598, 56.747226393510232 ], [ -2.430840305735105, 56.74721981831982 ], [ -2.43084997981627, 56.747213201889394 ], [ -2.430859231060217, 56.747206538291756 ], [ -2.430868026749089, 56.74719982159975 ], [ -2.430876334165049, 56.74719304588622 ], [ -2.430884120590284, 56.747186205223983 ], [ -2.430891353307003, 56.747179293685896 ], [ -2.430897999597443, 56.747172305344812 ], [ -2.430904026743863, 56.747165234273545 ], [ -2.430909402028554, 56.747158074544963 ], [ -2.430914092733838, 56.747150820231909 ], [ -2.430918066756121, 56.747143465486047 ], [ -2.430921325254412, 56.747136008730813 ], [ -2.430923918984825, 56.747128454759114 ], [ -2.430925902748735, 56.747120808883324 ], [ -2.430927331347483, 56.747113076415864 ], [ -2.430928259582376, 56.747105262669095 ], [ -2.430928742254687, 56.747097372955402 ], [ -2.43092883416564, 56.747089412587108 ], [ -2.430928590116429, 56.747081386876623 ], [ -2.430928064908197, 56.747073301136254 ], [ -2.430927313342051, 56.747065160678375 ], [ -2.430926390219045, 56.74705697081535 ], [ -2.430925350340193, 56.747048736859497 ], [ -2.430924248506459, 56.747040464123174 ], [ -2.430923139518761, 56.747032157918738 ], [ -2.430922078177967, 56.747023823558571 ], [ -2.430921119284901, 56.747015466354974 ], [ -2.430920317640333, 56.74700709162034 ], [ -2.430919728044985, 56.746998704667007 ], [ -2.43091940529953, 56.746990310807341 ], [ -2.430919404204597, 56.746981915353686 ], [ -2.430919779560762, 56.746973523618394 ], [ -2.430920586168551, 56.746965140913801 ], [ -2.430921878828451, 56.746956772552252 ], [ -2.430923710704794, 56.746948423721818 ], [ -2.430926094620366, 56.746940096546659 ], [ -2.430929001490171, 56.746931789968052 ], [ -2.430932400279731, 56.746923502779225 ], [ -2.430936259954599, 56.746915233773372 ], [ -2.430940549480354, 56.74690698174377 ], [ -2.430945237822608, 56.746898745483584 ], [ -2.430950293946991, 56.746890523786035 ], [ -2.43095568681917, 56.74688231544436 ], [ -2.43096138540483, 56.746874119251778 ], [ -2.430967358669687, 56.746865934001534 ], [ -2.430973575579483, 56.746857758486826 ], [ -2.43098000509999, 56.746849591500904 ], [ -2.430986616196996, 56.746841431837019 ], [ -2.430993377836324, 56.746833278288413 ], [ -2.431000258983821, 56.74682512964835 ], [ -2.431007228605356, 56.746816984710087 ], [ -2.431014255666826, 56.746808842266873 ], [ -2.431021309134156, 56.746800701112015 ], [ -2.431028357973295, 56.746792560038784 ], [ -2.431035371338553, 56.746784417847984 ], [ -2.431042330464169, 56.746776273822832 ], [ -2.431049235770827, 56.746768128012732 ], [ -2.43105608938493, 56.746759980535181 ], [ -2.431062893432884, 56.746751831507687 ], [ -2.431069650041093, 56.746743681047732 ], [ -2.431076361335953, 56.74673552927284 ], [ -2.431083029443869, 56.74672737630052 ], [ -2.431089656491231, 56.746719222248259 ], [ -2.431096244604439, 56.746711067233562 ], [ -2.431102795909883, 56.746702911373944 ], [ -2.431109312533958, 56.74669475478688 ], [ -2.431115796603051, 56.7466865975899 ], [ -2.431122250243553, 56.746678439900499 ], [ -2.431128675581848, 56.746670281836138 ], [ -2.431135074744321, 56.746662123514383 ], [ -2.431141449857359, 56.74665396505268 ], [ -2.431147803047342, 56.746645806568544 ], [ -2.431154136440643, 56.74663764817948 ], [ -2.431160452163647, 56.746629490002967 ], [ -2.431166752342728, 56.746621332156522 ], [ -2.431173039104258, 56.746613174757627 ], [ -2.431179314574614, 56.746605017923777 ], [ -2.431185580880165, 56.746596861772495 ], [ -2.43119184014728, 56.74658870642125 ], [ -2.431198094502324, 56.746580551987527 ], [ -2.431204346071667, 56.746572398588839 ], [ -2.431210596981672, 56.746564246342686 ], [ -2.431216849358697, 56.74655609536655 ], [ -2.431223105329107, 56.746547945777891 ], [ -2.431229367019258, 56.746539797694275 ], [ -2.431235636555511, 56.746531651233134 ], [ -2.431241916064215, 56.74652350651197 ], [ -2.431248207671727, 56.7465153636483 ], [ -2.431254513504398, 56.746507222759583 ], [ -2.431260835688579, 56.746499083963307 ], [ -2.431267176350617, 56.746490947377012 ], [ -2.43127353761686, 56.746482813118135 ], [ -2.431279921613651, 56.746474681304186 ], [ -2.431286330467336, 56.746466552052631 ], [ -2.431292766304254, 56.746458425480995 ], [ -2.431299230848512, 56.746450301674841 ], [ -2.431305723875651, 56.746442180565253 ], [ -2.431312244571953, 56.746434062036592 ], [ -2.431318792123584, 56.746425945973215 ], [ -2.431325365716708, 56.746417832259432 ], [ -2.431331964537485, 56.746409720779589 ], [ -2.431338587772081, 56.746401611418094 ], [ -2.43134523460666, 56.746393504059213 ], [ -2.431351904227387, 56.746385398587343 ], [ -2.431358595820433, 56.746377294886791 ], [ -2.431365308571956, 56.746369192841932 ], [ -2.431372041668128, 56.746361092337111 ], [ -2.431378794295116, 56.746352993256657 ], [ -2.43138556563909, 56.746344895484917 ], [ -2.431392354886216, 56.746336798906263 ], [ -2.431399161222664, 56.74632870340502 ], [ -2.431405983834607, 56.746320608865531 ], [ -2.431412821908213, 56.746312515172164 ], [ -2.431419674629654, 56.746304422209228 ], [ -2.431426541185106, 56.74629632986111 ], [ -2.431433420760735, 56.746288238012141 ], [ -2.431440312542718, 56.74628014654666 ], [ -2.431447215717229, 56.746272055349039 ], [ -2.431454129470442, 56.746263964303587 ], [ -2.431461052988531, 56.7462558732947 ], [ -2.431467985457671, 56.746247782206687 ], [ -2.431474926064042, 56.746239690923922 ], [ -2.431481873993821, 56.746231599330748 ], [ -2.431488828433177, 56.746223507311505 ], [ -2.431495788568299, 56.746215414750544 ], [ -2.431502753585358, 56.746207321532218 ], [ -2.431509722670539, 56.746199227540885 ], [ -2.431516695010017, 56.746191132660869 ], [ -2.431523669789978, 56.746183036776543 ], [ -2.431530646196598, 56.746174939772253 ], [ -2.431537623416061, 56.746166841532336 ], [ -2.431544600634548, 56.746158741941159 ], [ -2.431551577038246, 56.746150640883073 ], [ -2.431558551813333, 56.74614253824241 ], [ -2.431565524145998, 56.746134433903549 ], [ -2.431572493222422, 56.746126327750815 ], [ -2.431579458228791, 56.746118219668553 ], [ -2.431586418351296, 56.746110109541164 ], [ -2.431593372776117, 56.746101997252957 ], [ -2.431600320689443, 56.746093882688285 ], [ -2.431607261277463, 56.746085765731515 ], [ -2.431614193726366, 56.746077646267004 ], [ -2.431621117222341, 56.746069524179077 ], [ -2.431628030951576, 56.746061399352108 ], [ -2.431634934100261, 56.746053271670448 ], [ -2.43164182585459, 56.746045141018449 ], [ -2.431648705400752, 56.746037007280471 ], [ -2.43165557192494, 56.746028870340844 ], [ -2.431662424613344, 56.746020730083956 ], [ -2.431669262652163, 56.746012586394137 ], [ -2.431676085227586, 56.746004439155733 ], [ -2.431682891525811, 56.745996288253117 ], [ -2.43168968073303, 56.745988133570656 ], [ -2.43169645203544, 56.745979974992665 ], [ -2.43170320461924, 56.745971812403532 ], [ -2.431709937670624, 56.745963645687596 ], [ -2.431716650375791, 56.745955474729222 ], [ -2.431723341920939, 56.745947299412762 ], [ -2.431730011492268, 56.745939119622562 ], [ -2.431736658275977, 56.745930935242967 ], [ -2.431743281458266, 56.745922746158371 ], [ -2.431749880225334, 56.745914552253126 ], [ -2.431756453763387, 56.745906353411542 ], [ -2.431763001258622, 56.745898149518027 ], [ -2.431769521897248, 56.745889940456898 ], [ -2.431776014879227, 56.745881726114639 ], [ -2.431782479935498, 56.745873506458871 ], [ -2.431788917484364, 56.745865281562288 ], [ -2.431795327989836, 56.745857051504558 ], [ -2.43180171191592, 56.745848816365374 ], [ -2.431808069726623, 56.745840576224403 ], [ -2.431814401885954, 56.745832331161331 ], [ -2.431820708857916, 56.745824081255819 ], [ -2.431826991106517, 56.745815826587574 ], [ -2.431833249095761, 56.74580756723627 ], [ -2.431839483289655, 56.745799303281558 ], [ -2.431845694152202, 56.745791034803133 ], [ -2.431851882147411, 56.745782761880683 ], [ -2.431858047739282, 56.745774484593873 ], [ -2.431864191391818, 56.745766203022384 ], [ -2.431870313569026, 56.745757917245896 ], [ -2.431876414734908, 56.745749627344082 ], [ -2.431882495353467, 56.745741333396616 ], [ -2.431888555888707, 56.745733035483184 ], [ -2.431894596804628, 56.745724733683453 ], [ -2.431900618565234, 56.745716428077117 ], [ -2.431906621634524, 56.745708118743842 ], [ -2.431912606476499, 56.745699805763302 ], [ -2.431918573555165, 56.745691489215197 ], [ -2.431924523334517, 56.745683169179159 ], [ -2.431930456278558, 56.745674845734889 ], [ -2.431936372851288, 56.745666518962068 ], [ -2.431942273516706, 56.745658188940368 ], [ -2.43194815873881, 56.745649855749477 ], [ -2.431954028981598, 56.745641519469061 ], [ -2.431959884709076, 56.745633180178785 ], [ -2.431965726385232, 56.745624837958339 ], [ -2.431971554474071, 56.745616492887393 ], [ -2.431977369439585, 56.745608145045608 ], [ -2.431983171745774, 56.745599794512692 ], [ -2.431988961856636, 56.745591441368305 ], [ -2.431994740236166, 56.745583085692132 ], [ -2.432000507348357, 56.74557472756382 ], [ -2.432006263657211, 56.745566367063063 ], [ -2.432012009626717, 56.745558004269554 ], [ -2.432017745720873, 56.74554963926294 ], [ -2.432023472403675, 56.745541272122907 ], [ -2.432029190139116, 56.745532902929121 ], [ -2.432034899391188, 56.745524531761284 ], [ -2.432040600623886, 56.745516158699033 ], [ -2.432046294301205, 56.745507783822077 ], [ -2.432051980887133, 56.745499407210055 ], [ -2.432057660845668, 56.745491028942666 ], [ -2.432063334640798, 56.745482649099586 ], [ -2.432069002736517, 56.745474267760478 ], [ -2.432074665596816, 56.745465885005025 ], [ -2.432080323685684, 56.745457500912906 ], [ -2.432085977467114, 56.745449115563765 ], [ -2.432091627405097, 56.745440729037306 ], [ -2.43209727396362, 56.745432341413192 ], [ -2.432102917606676, 56.745423952771105 ], [ -2.432108558798249, 56.745415563190711 ], [ -2.432114198002334, 56.745407172751676 ], [ -2.432119835682915, 56.745398781533687 ], [ -2.432125472303984, 56.745390389616418 ], [ -2.432131108329526, 56.745381997079519 ], [ -2.432136744223528, 56.745373604002694 ], [ -2.432142380449978, 56.745365210465607 ], [ -2.432148017472864, 56.745356816547918 ], [ -2.43215365575617, 56.745348422329315 ], [ -2.432159295763883, 56.745340027889469 ], [ -2.43216493795999, 56.745331633308034 ], [ -2.432170582808471, 56.745323238664703 ], [ -2.432176230773321, 56.74531484403915 ], [ -2.432181882318513, 56.745306449511027 ], [ -2.432187537908039, 56.745298055160013 ], [ -2.43219319800588, 56.745289661065812 ], [ -2.432198863076018, 56.745281267308052 ], [ -2.43220453358244, 56.745272873966421 ], [ -2.432210209989125, 56.745264481120614 ], [ -2.432215892760057, 56.745256088850269 ], [ -2.432221582359218, 56.745247697235065 ], [ -2.43222727925059, 56.745239306354691 ], [ -2.432232983898152, 56.745230916288804 ], [ -2.432238696765889, 56.745222527117072 ], [ -2.432244418317778, 56.745214138919188 ], [ -2.4322501490178, 56.745205751774797 ], [ -2.432255889329935, 56.745197365763588 ], [ -2.432261639718162, 56.745188980965239 ], [ -2.432267400646464, 56.745180597459395 ], [ -2.432273172578814, 56.745172215325738 ], [ -2.432278955979194, 56.745163834643947 ], [ -2.43228475131158, 56.745155455493681 ], [ -2.432290559039952, 56.745147077954627 ], [ -2.432296379628286, 56.745138702106431 ], [ -2.432302213540557, 56.745130328028793 ], [ -2.432308061240744, 56.745121955801359 ], [ -2.432313923192824, 56.74511358550383 ], [ -2.432319799860771, 56.745105217215816 ], [ -2.432325691708562, 56.745096851017053 ], [ -2.432331599200171, 56.745088486987186 ], [ -2.432337522799574, 56.745080125205881 ], [ -2.432343462970745, 56.74507176575279 ], [ -2.432349420177658, 56.745063408707622 ], [ -2.432355394884287, 56.745055054150015 ], [ -2.432361387554604, 56.745046702159662 ], [ -2.432367398652585, 56.745038352816223 ], [ -2.432373428642201, 56.745030006199357 ], [ -2.432379477987423, 56.745021662388737 ], [ -2.432385547152226, 56.745013321464043 ], [ -2.432391636600581, 56.745004983504941 ], [ -2.432397746796457, 56.744996648591098 ], [ -2.432403878203828, 56.744988316802178 ], [ -2.432410031286662, 56.74497998821785 ], [ -2.432416206508933, 56.744971662917798 ], [ -2.432422404334607, 56.744963340981656 ], [ -2.432428625227656, 56.74495502248913 ], [ -2.432434869652047, 56.744946707519873 ], [ -2.432441138071753, 56.74493839615355 ], [ -2.432447430950738, 56.744930088469822 ], [ -2.432453748752975, 56.744921784548382 ], [ -2.432460091942427, 56.744913484468867 ], [ -2.432466460983066, 56.744905188310973 ], [ -2.432472856338857, 56.744896896154344 ], [ -2.432479278473768, 56.744888608078675 ], [ -2.432485727851763, 56.744880324163596 ], [ -2.432492204936812, 56.744872044488815 ], [ -2.432498710192878, 56.744863769133957 ], [ -2.432505244083929, 56.744855498178737 ], [ -2.432511807073929, 56.744847231702757 ], [ -2.432518399626843, 56.744838969785754 ], [ -2.432525022206634, 56.744830712507344 ], [ -2.432531675277271, 56.74482245994723 ], [ -2.432538359302713, 56.744814212185048 ], [ -2.432545074746927, 56.744805969300472 ], [ -2.432551822073871, 56.744797731373197 ], [ -2.432558601747517, 56.744789498482852 ], [ -2.432565414231821, 56.744781270709105 ], [ -2.432572259990746, 56.744773048131655 ], [ -2.432579139488257, 56.7447648308301 ], [ -2.432586053188313, 56.744756618884203 ], [ -2.432593001554878, 56.744748412373532 ], [ -2.43259998505191, 56.744740211377824 ], [ -2.432607004143372, 56.744732015976709 ], [ -2.432614059293224, 56.744723826249853 ], [ -2.432621150965427, 56.74471564227693 ], [ -2.432628279041726, 56.744707464063872 ], [ -2.432635441151929, 56.744699291331365 ], [ -2.432642634381448, 56.744691123731187 ], [ -2.432649855815703, 56.744682960915071 ], [ -2.432657102540112, 56.744674802534803 ], [ -2.432664371640094, 56.744666648242131 ], [ -2.432671660201075, 56.744658497688825 ], [ -2.432678965308482, 56.744650350526634 ], [ -2.432686284047738, 56.744642206407306 ], [ -2.432693613504275, 56.744634064982627 ], [ -2.432700950763527, 56.744625925904366 ], [ -2.432708292910929, 56.744617788824264 ], [ -2.432715637031916, 56.7446096533941 ], [ -2.432722980211928, 56.744601519265643 ], [ -2.432730319536405, 56.744593386090635 ], [ -2.432737652090792, 56.744585253520881 ], [ -2.432744974960532, 56.744577121208117 ], [ -2.432752285231077, 56.744568988804133 ], [ -2.432759579987875, 56.744560855960671 ], [ -2.432766856316378, 56.744552722329516 ], [ -2.432774111302043, 56.744544587562459 ], [ -2.432781342030323, 56.744536451311241 ], [ -2.432788545586678, 56.744528313227654 ], [ -2.432795719056572, 56.744520172963448 ], [ -2.432802859525466, 56.744512030170419 ], [ -2.432809964078825, 56.744503884500325 ], [ -2.432817029802123, 56.744495735604957 ], [ -2.432824053780819, 56.74448758313607 ], [ -2.432831033100397, 56.744479426745464 ], [ -2.432837964846326, 56.744471266084894 ], [ -2.432844846104083, 56.744463100806144 ], [ -2.432851673959149, 56.744454930561005 ], [ -2.432858445497005, 56.744446755001228 ], [ -2.432865157803133, 56.744438573778623 ], [ -2.432871807963022, 56.744430386544941 ], [ -2.432878393062159, 56.744422192951994 ], [ -2.432884910186035, 56.744413992651531 ], [ -2.432891356420146, 56.744405785295342 ], [ -2.432897728849984, 56.744397570535234 ], [ -2.432904024561046, 56.74438934802297 ], [ -2.432910240638836, 56.744381117410306 ], [ -2.432916374168856, 56.744372878349076 ], [ -2.432922422236606, 56.744364630491035 ], [ -2.432928381927601, 56.744356373487975 ], [ -2.432934250327345, 56.744348106991673 ], [ -2.432940024521354, 56.744339830653921 ], [ -2.432945701595139, 56.744331544126503 ], [ -2.432951278634222, 56.744323247061196 ], [ -2.432956752724122, 56.744314939109799 ], [ -2.432962120950357, 56.744306619924096 ], [ -2.432967380398456, 56.744298289155864 ], [ -2.432972528153944, 56.744289946456909 ], [ -2.432977561302352, 56.744281591478995 ], [ -2.432982476929213, 56.744273223873918 ], [ -2.43298727212006, 56.744264843293472 ], [ -2.432991943960433, 56.744256449389454 ], [ -2.432996489535872, 56.744248041813634 ], [ -2.43300090593192, 56.744239620217797 ], [ -2.433005190234121, 56.744231184253735 ], [ -2.433009339528025, 56.744222733573245 ], [ -2.433013350899185, 56.744214267828134 ], [ -2.43301722143315, 56.744205786670122 ], [ -2.433020948215481, 56.744197289751064 ], [ -2.433024528331738, 56.74418877672273 ], [ -2.43302795886748, 56.744180247236891 ], [ -2.433031236908274, 56.744171700945344 ], [ -2.433034359539689, 56.744163137499889 ], [ -2.433037323847293, 56.744154556552296 ], [ -2.433040126916661, 56.744145957754348 ], [ -2.433042765833374, 56.74413734075786 ], [ -2.433045238176325, 56.744128705269347 ], [ -2.433047547866769, 56.74412005169922 ], [ -2.433049703226053, 56.744111380946279 ], [ -2.43305171266404, 56.744102693919075 ], [ -2.433053584590586, 56.744093991526235 ], [ -2.433055327415536, 56.744085274676301 ], [ -2.433056949548733, 56.744076544277867 ], [ -2.433058459400008, 56.744067801239517 ], [ -2.433059865379185, 56.744059046469836 ], [ -2.433061175896086, 56.744050280877396 ], [ -2.433062399360518, 56.744041505370781 ], [ -2.433063544182285, 56.74403272085857 ], [ -2.433064618771184, 56.74402392824932 ], [ -2.433065631537004, 56.744015128451636 ], [ -2.433066590889521, 56.744006322374098 ], [ -2.433067505238511, 56.743997510925254 ], [ -2.433068382993741, 56.743988695013698 ], [ -2.433069232564967, 56.743979875547979 ], [ -2.433070062361936, 56.743971053436724 ], [ -2.433070880794399, 56.743962229588462 ], [ -2.433071696272079, 56.743953404911778 ], [ -2.433072517204712, 56.743944580315265 ], [ -2.433073352002012, 56.743935756707472 ], [ -2.433074209073693, 56.743926934996985 ], [ -2.433075096829458, 56.743918116092367 ], [ -2.433076023679006, 56.743909300902196 ], [ -2.43307699803202, 56.743900490335051 ], [ -2.433078028298184, 56.743891685299481 ], [ -2.433079122887175, 56.743882886704085 ], [ -2.433080290208653, 56.743874095457429 ], [ -2.433081538672277, 56.743865312468046 ], [ -2.433082876687698, 56.74385653864455 ], [ -2.433084312664561, 56.743847774895485 ], [ -2.433085855012502, 56.743839022129443 ], [ -2.433087512141146, 56.743830281254972 ], [ -2.433087512921094, 56.74383027743125 ] ] ], [ [ [ -2.43064421423146, 56.747330054510591 ], [ -2.430644043942532, 56.747330199735011 ], [ -2.430636059797392, 56.747337883705278 ], [ -2.430628729320885, 56.747345794282381 ], [ -2.430621976024365, 56.747353905765365 ], [ -2.430615723419163, 56.747362192453245 ], [ -2.430609895016575, 56.747370628645022 ], [ -2.430604414327851, 56.74737918863967 ], [ -2.430599204864199, 56.747387846736125 ], [ -2.430594190136777, 56.747396577233346 ], [ -2.430589293656686, 56.747405354430235 ], [ -2.430584438934977, 56.747414152625723 ], [ -2.430579549482636, 56.747422946118697 ], [ -2.430574548810598, 56.747431709208051 ], [ -2.430569360429736, 56.74744041619266 ], [ -2.430563907850875, 56.747449041371354 ], [ -2.430558114912569, 56.74745755915125 ], [ -2.430551938885472, 56.747465954979319 ], [ -2.430545398863251, 56.74747423471765 ], [ -2.430538520627417, 56.747482406436788 ], [ -2.430531329959507, 56.747490478207283 ], [ -2.430523852641073, 56.74749845809967 ], [ -2.430516114453691, 56.747506354184495 ], [ -2.430508141178951, 56.747514174532341 ], [ -2.430499958598469, 56.747521927213732 ], [ -2.430491592493865, 56.747529620299275 ], [ -2.430483068646784, 56.747537261859499 ], [ -2.430474412838884, 56.747544859965025 ], [ -2.430465650851837, 56.747552422686418 ], [ -2.430456808467324, 56.747559958094271 ], [ -2.430447911467049, 56.747567474259213 ], [ -2.43043898563272, 56.747574979251787 ], [ -2.430430056746063, 56.747582481142686 ], [ -2.430421150588818, 56.747589988002481 ], [ -2.430412292942728, 56.747597507901844 ], [ -2.430403509589565, 56.747605048911375 ], [ -2.430394826168241, 56.747612619057136 ], [ -2.430386257917585, 56.747620223117899 ], [ -2.430377802806313, 56.747627860480151 ], [ -2.430369457174502, 56.747635530021832 ], [ -2.430361217362222, 56.747643230620874 ], [ -2.430353079709549, 56.747650961155252 ], [ -2.430345040556555, 56.747658720502891 ], [ -2.430337096243308, 56.747666507541751 ], [ -2.430329243109876, 56.747674321149773 ], [ -2.430321477496328, 56.747682160204896 ], [ -2.430313795742724, 56.747690023585058 ], [ -2.430306194189131, 56.747697910168213 ], [ -2.430298669175607, 56.747705818832301 ], [ -2.430291217042214, 56.747713748455233 ], [ -2.430283834129006, 56.747721697914983 ], [ -2.430277739988842, 56.747728334081685 ], [ -2.430282820482831, 56.747722244658391 ], [ -2.430289523673222, 56.747714072602776 ], [ -2.430296127292019, 56.747705873946373 ], [ -2.430302625675882, 56.747697647218075 ], [ -2.430309013161476, 56.747689390946746 ], [ -2.430315285992394, 56.747681104168841 ], [ -2.430321451416571, 56.747672788849556 ], [ -2.430327520620768, 56.747664448002418 ], [ -2.430333504796738, 56.747656084642301 ], [ -2.430339415136222, 56.747647701784054 ], [ -2.430345262830954, 56.747639302442529 ], [ -2.430351059072662, 56.747630889632596 ], [ -2.430356815053063, 56.747622466369087 ], [ -2.430362541963872, 56.747614035666849 ], [ -2.430368250996787, 56.747605600540744 ], [ -2.430373953343504, 56.747597164005597 ], [ -2.43037966019571, 56.747588729076256 ], [ -2.430385382745085, 56.747580298767581 ], [ -2.430391132183299, 56.747571876094369 ], [ -2.430396919702012, 56.747563464071483 ], [ -2.430402756492878, 56.747555065713755 ], [ -2.430408653747548, 56.747546684035996 ], [ -2.430414622657655, 56.747538322053053 ], [ -2.430420674414834, 56.747529982779753 ], [ -2.430426820210708, 56.747521669230892 ], [ -2.430433071236889, 56.747513384421318 ], [ -2.430439438684989, 56.747505131365848 ], [ -2.430445933746609, 56.747496913079274 ], [ -2.43045256761334, 56.747488732576443 ], [ -2.430459351476776, 56.74748059287213 ], [ -2.430466296528492, 56.74747249698116 ], [ -2.430473413960065, 56.74746444791834 ], [ -2.430480714963066, 56.747456448698465 ], [ -2.430488210729052, 56.747448502336319 ], [ -2.43049591244959, 56.747440611846699 ], [ -2.430503831316222, 56.747432780244417 ], [ -2.430511978520504, 56.747425010544241 ], [ -2.430520365253978, 56.747417305760948 ], [ -2.43052900270818, 56.747409668909327 ], [ -2.430537902074649, 56.74740210300412 ], [ -2.430547074544914, 56.74739461106013 ], [ -2.430556531310512, 56.747387196092099 ], [ -2.43056628356296, 56.747379861114794 ], [ -2.430576342493791, 56.74737260914295 ], [ -2.430586719294525, 56.747365443191335 ], [ -2.430597418142408, 56.747358364846214 ], [ -2.430608413950102, 56.747351369734218 ], [ -2.430619673999408, 56.747344451927908 ], [ -2.430631165572123, 56.747337605499915 ], [ -2.430642855950062, 56.747330824522834 ], [ -2.43064421423146, 56.747330054510591 ] ] ], [ [ [ -2.430221838194473, 56.747791688435797 ], [ -2.43021989892697, 56.747793950567967 ], [ -2.430213006918323, 56.747802036682081 ], [ -2.430206143870357, 56.747810130290254 ], [ -2.4301993061231, 56.747818230270397 ], [ -2.430192490016581, 56.747826335500456 ], [ -2.43018569189083, 56.747834444858327 ], [ -2.430178908085869, 56.747842557221958 ], [ -2.430172134941722, 56.747850671469273 ], [ -2.430165369360866, 56.747858786657943 ], [ -2.430158610558951, 56.747866902584981 ], [ -2.430151858346187, 56.747875019237441 ], [ -2.430145112532804, 56.747883136602326 ], [ -2.43013837292902, 56.747891254666683 ], [ -2.430131639345049, 56.747899373417553 ], [ -2.430124911591117, 56.747907492841975 ], [ -2.430118189477437, 56.747915612926967 ], [ -2.430111472814228, 56.747923733659569 ], [ -2.430104761411713, 56.747931855026827 ], [ -2.430098055080111, 56.747939977015776 ], [ -2.430091353629634, 56.747948099613417 ], [ -2.430084656870509, 56.74795622280682 ], [ -2.430077964612945, 56.747964346583011 ], [ -2.430071276667166, 56.747972470929021 ], [ -2.430064592843388, 56.747980595831891 ], [ -2.430057912951828, 56.747988721278652 ], [ -2.430051236802707, 56.747996847256331 ], [ -2.430044564206237, 56.748004973751982 ], [ -2.43003789497264, 56.748013100752608 ], [ -2.43003122891213, 56.748021228245264 ], [ -2.430024565834924, 56.748029356216982 ], [ -2.430017905551241, 56.748037484654802 ], [ -2.430011247871295, 56.748045613545742 ], [ -2.430004592605306, 56.748053742876849 ], [ -2.429997939563486, 56.748061872635162 ], [ -2.429991288556054, 56.748070002807694 ], [ -2.429984639393223, 56.748078133381505 ], [ -2.429977991885213, 56.748086264343598 ], [ -2.429971345842237, 56.748094395681044 ], [ -2.429964701074512, 56.74810252738083 ], [ -2.429958057392251, 56.748110659430033 ], [ -2.429951414605669, 56.748118791815664 ], [ -2.429944772524986, 56.748126924524776 ], [ -2.429938130960413, 56.748135057544374 ], [ -2.429931489722164, 56.748143190861526 ], [ -2.429924848620457, 56.748151324463223 ], [ -2.429918207465504, 56.748159458336531 ], [ -2.429911566067518, 56.748167592468477 ], [ -2.429904924236717, 56.7481757268461 ], [ -2.429898281800081, 56.748183861458045 ], [ -2.429891638728561, 56.748191996307085 ], [ -2.429884995066379, 56.748200131403109 ], [ -2.429878350858349, 56.748208266756087 ], [ -2.429871706149283, 56.748216402375974 ], [ -2.429865060983986, 56.74822453827273 ], [ -2.429858415407272, 56.748232674456318 ], [ -2.429851769463948, 56.7482408109367 ], [ -2.429845123198827, 56.74824894772383 ], [ -2.429838476656718, 56.748257084827678 ], [ -2.42983182988243, 56.748265222258212 ], [ -2.429825182920776, 56.748273360025379 ], [ -2.429818535816563, 56.748281498139157 ], [ -2.429811888614605, 56.748289636609456 ], [ -2.429805241359708, 56.748297775446318 ], [ -2.429798594096685, 56.748305914659653 ], [ -2.429791946870346, 56.748314054259417 ], [ -2.429785299725503, 56.7483221942556 ], [ -2.429778652706966, 56.748330334658164 ], [ -2.429772005859542, 56.74833847547702 ], [ -2.429765359228043, 56.748346616722195 ], [ -2.429758712857285, 56.748354758403615 ], [ -2.429752066792072, 56.748362900531241 ], [ -2.429745421077216, 56.748371043115036 ], [ -2.429738775757529, 56.748379186164975 ], [ -2.429732130877822, 56.748387329691013 ], [ -2.429725486482904, 56.748395473703106 ], [ -2.429718842617588, 56.748403618211199 ], [ -2.429712199326681, 56.748411763225285 ], [ -2.429705556654997, 56.748419908755324 ], [ -2.429698914647347, 56.748428054811257 ], [ -2.42969227334854, 56.748436201403052 ], [ -2.429685632803389, 56.74844434854068 ], [ -2.429678993056702, 56.74845249623408 ], [ -2.429672354153293, 56.748460644493242 ], [ -2.429665716137971, 56.748468793328108 ], [ -2.429659079055548, 56.748476942748638 ], [ -2.429652442950835, 56.74848509276481 ], [ -2.429645807868643, 56.748493243386584 ], [ -2.429639173853785, 56.748501394623908 ], [ -2.429632540951067, 56.748509546486744 ], [ -2.429625909205303, 56.748517698985069 ], [ -2.429619278661308, 56.748525852128822 ], [ -2.429612649363887, 56.748534005927986 ], [ -2.429606021357855, 56.748542160392518 ], [ -2.429599394688022, 56.748550315532363 ], [ -2.429592769399202, 56.748558471357505 ], [ -2.429586145536203, 56.748566627877885 ], [ -2.429579523143838, 56.748574785103479 ], [ -2.429572902266916, 56.748582943044241 ], [ -2.429566282950252, 56.748591101710133 ], [ -2.429559665238656, 56.748599261111117 ], [ -2.429558083040151, 56.748601212570129 ], [ -2.429564014059183, 56.748593737025466 ], [ -2.429570517102406, 56.748585536967546 ], [ -2.429577017628257, 56.748577336430685 ], [ -2.429583515553842, 56.748569135393147 ], [ -2.42959001079628, 56.748560933833204 ], [ -2.429596503272675, 56.748552731729099 ], [ -2.429602992900141, 56.748544529059053 ], [ -2.429609479595787, 56.748536325801346 ], [ -2.429615963276725, 56.748528121934214 ], [ -2.429622443860064, 56.748519917435949 ], [ -2.429628921262921, 56.748511712284753 ], [ -2.4296353954024, 56.748503506458903 ], [ -2.429641866195616, 56.748495299936657 ], [ -2.42964833355968, 56.748487092696251 ], [ -2.429654797411702, 56.748478884715951 ], [ -2.429661257668793, 56.748470675974005 ], [ -2.429667714248069, 56.748462466448672 ], [ -2.429674167066634, 56.748454256118166 ], [ -2.429680616041603, 56.748446044960779 ], [ -2.429687061090091, 56.748437832954757 ], [ -2.429693502129207, 56.748429620078355 ], [ -2.429699939076059, 56.748421406309816 ], [ -2.429706371847765, 56.748413191627385 ], [ -2.429712800361432, 56.748404976009333 ], [ -2.429719224534174, 56.748396759433888 ], [ -2.429725644283105, 56.748388541879329 ], [ -2.429732059525332, 56.748380323323907 ], [ -2.42973847017797, 56.748372103745858 ], [ -2.429744876158132, 56.748363883123439 ], [ -2.429751277382928, 56.748355661434907 ], [ -2.429757673769472, 56.748347438658513 ], [ -2.429764065234873, 56.748339214772507 ], [ -2.429770451696249, 56.748330989755132 ], [ -2.429776833070707, 56.748322763584667 ], [ -2.429783209275362, 56.748314536239342 ], [ -2.429789580227324, 56.748306307697412 ], [ -2.42979594584371, 56.748298077937143 ], [ -2.429802306041629, 56.748289846936771 ], [ -2.429808660738196, 56.748281614674575 ], [ -2.429815009850522, 56.748273381128769 ], [ -2.42982135329572, 56.748265146277625 ], [ -2.429827690991011, 56.748256910099435 ], [ -2.429834023173828, 56.748248672651044 ], [ -2.429840351105434, 56.748240434240536 ], [ -2.429846676251301, 56.748232195226066 ], [ -2.429853000076892, 56.748223955965884 ], [ -2.429859324047679, 56.748215716818159 ], [ -2.429865649629121, 56.748207478141076 ], [ -2.429871978286688, 56.748199240292827 ], [ -2.429878311485838, 56.748191003631597 ], [ -2.429884650692034, 56.748182768515576 ], [ -2.429890997370737, 56.748174535302979 ], [ -2.42989735298741, 56.748166304351969 ], [ -2.42990371900751, 56.748158076020736 ], [ -2.429910096896491, 56.748149850667467 ], [ -2.429916488119814, 56.748141628650373 ], [ -2.429922894142934, 56.748133410327611 ], [ -2.429929316431306, 56.748125196057387 ], [ -2.429935756450387, 56.748116986197893 ], [ -2.429942215665625, 56.748108781107298 ], [ -2.42994869554247, 56.748100581143795 ], [ -2.429955197546379, 56.74809238666559 ], [ -2.429961723142797, 56.748084198030845 ], [ -2.429968273797176, 56.748076015597753 ], [ -2.429974850974963, 56.748067839724499 ], [ -2.429981456141603, 56.748059670769251 ], [ -2.429988090762543, 56.748051509090232 ], [ -2.429994756303227, 56.748043355045596 ], [ -2.430001454229101, 56.748035208993549 ], [ -2.430008186005606, 56.748027071292249 ], [ -2.430014953098186, 56.748018942299893 ], [ -2.43002175697228, 56.748010822374667 ], [ -2.430028599093327, 56.748002711874747 ], [ -2.430035480926771, 56.747994611158312 ], [ -2.430042403938045, 56.747986520583545 ], [ -2.430049369592589, 56.747978440508639 ], [ -2.43005637935584, 56.74797037129175 ], [ -2.430063434693231, 56.747962313291097 ], [ -2.430070537070199, 56.747954266864824 ], [ -2.430077687952175, 56.747946232371142 ], [ -2.430084888804595, 56.747938210168201 ], [ -2.430092141092887, 56.747930200614192 ], [ -2.430099445300462, 56.7479222038153 ], [ -2.430106797184313, 56.747914218664867 ], [ -2.430114191081274, 56.747906243691823 ], [ -2.43012162132792, 56.74789827742503 ], [ -2.430129082260821, 56.747890318393338 ], [ -2.43013656821655, 56.747882365125612 ], [ -2.430144073531687, 56.747874416150708 ], [ -2.430151592542814, 56.747866469997483 ], [ -2.430159119586519, 56.747858525194808 ], [ -2.430166648999387, 56.747850580271553 ], [ -2.430174175118017, 56.747842633756555 ], [ -2.430181692279, 56.74783468417872 ], [ -2.430189194818938, 56.747826730066897 ], [ -2.430196677074438, 56.747818769949951 ], [ -2.430204133382105, 56.747810802356781 ], [ -2.430211558078547, 56.747802825816223 ], [ -2.430218945500384, 56.747794838857175 ], [ -2.430221838194473, 56.747791688435797 ] ] ], [ [ [ -2.429070714363763, 56.749214655146595 ], [ -2.429064824714239, 56.749222284326926 ], [ -2.429058465164354, 56.749230530245676 ], [ -2.429052110714933, 56.749238777676545 ], [ -2.42904576141079, 56.749247026629504 ], [ -2.429039417296741, 56.749255277114536 ], [ -2.429033078417595, 56.749263529141565 ], [ -2.429026744818172, 56.749271782720591 ], [ -2.429020416543286, 56.749280037861546 ], [ -2.429014093637746, 56.749288294574406 ], [ -2.42900777614637, 56.749296552869133 ], [ -2.429001464113973, 56.749304812755689 ], [ -2.428995157585367, 56.74931307424405 ], [ -2.428988856605367, 56.749321337344149 ], [ -2.428982561218789, 56.749329602065977 ], [ -2.428976271470444, 56.749337868419474 ], [ -2.428969987405149, 56.749346136414601 ], [ -2.42896370906772, 56.74935440606135 ], [ -2.428957436502968, 56.74936267736966 ], [ -2.428951169755711, 56.749370950349501 ], [ -2.428944908870762, 56.749379225010827 ], [ -2.428938653892933, 56.749387501363607 ], [ -2.428932404867042, 56.749395779417803 ], [ -2.428926161837906, 56.749404059183384 ], [ -2.428919924850332, 56.749412340670311 ], [ -2.428913693947774, 56.749420623888298 ], [ -2.428907469097942, 56.74942890883441 ], [ -2.428901250154593, 56.7494371954866 ], [ -2.428895036962077, 56.749445483821226 ], [ -2.428888829364748, 56.749453773814672 ], [ -2.428882627206956, 56.749462065443332 ], [ -2.428876430333049, 56.749470358683581 ], [ -2.428870238587379, 56.749478653511758 ], [ -2.428864051814295, 56.749486949904281 ], [ -2.428857869858147, 56.749495247837508 ], [ -2.428851692563284, 56.749503547287816 ], [ -2.42884551977406, 56.749511848231585 ], [ -2.42883935133482, 56.749520150645168 ], [ -2.428833187089915, 56.74952845450499 ], [ -2.428827026883695, 56.749536759787389 ], [ -2.428820870560508, 56.749545066468748 ], [ -2.428814717964703, 56.749553374525448 ], [ -2.428808568940631, 56.749561683933862 ], [ -2.428802423332638, 56.749569994670367 ], [ -2.428796280985076, 56.749578306711342 ], [ -2.428790141742293, 56.749586620033149 ], [ -2.428784005448634, 56.749594934612183 ], [ -2.428777871948451, 56.749603250424805 ], [ -2.428771741086092, 56.749611567447403 ], [ -2.428765612705905, 56.749619885656337 ], [ -2.428759486652237, 56.749628205028003 ], [ -2.428753362769433, 56.749636525538754 ], [ -2.428747240901847, 56.749644847164987 ], [ -2.428741120893826, 56.749653169883068 ], [ -2.428735002589713, 56.749661493669372 ], [ -2.428728885833859, 56.749669818500273 ], [ -2.428722770470609, 56.749678144352146 ], [ -2.428716656344312, 56.749686471201372 ], [ -2.428710543299316, 56.749694799024319 ], [ -2.428704431179963, 56.749703127797375 ], [ -2.428698319830606, 56.749711457496893 ], [ -2.428692209095589, 56.74971978809927 ], [ -2.428686098819257, 56.749728119580887 ], [ -2.428679988845959, 56.749736451918089 ], [ -2.428673879020042, 56.74974478508728 ], [ -2.42866776918585, 56.749753119064806 ], [ -2.428661659187728, 56.74976145382707 ], [ -2.428655548870027, 56.749769789350438 ], [ -2.428649438077087, 56.749778125611286 ], [ -2.428643326653257, 56.74978646258598 ], [ -2.42863721444288, 56.749794800250925 ], [ -2.428631101290308, 56.749803138582436 ], [ -2.42862498703988, 56.749811477556946 ], [ -2.428618871535944, 56.749819817150815 ], [ -2.428612754622842, 56.749828157340403 ], [ -2.428606636144924, 56.749836498102091 ], [ -2.428600515946532, 56.749844839412262 ], [ -2.428594393861527, 56.749853181292941 ], [ -2.428588269742545, 56.74986152368438 ], [ -2.428582143436107, 56.749869866553432 ], [ -2.428576014786564, 56.749878209876478 ], [ -2.428569883638254, 56.749886553629878 ], [ -2.428563749835527, 56.749894897790014 ], [ -2.428557613222725, 56.749903242333254 ], [ -2.42855147364419, 56.749911587235985 ], [ -2.428545330944269, 56.749919932474583 ], [ -2.428539184967302, 56.749928278025394 ], [ -2.428533035557637, 56.749936623864826 ], [ -2.428526882559612, 56.749944969969221 ], [ -2.428520725817576, 56.749953316315001 ], [ -2.42851500722319, 56.749961063983868 ], [ -2.428518794145065, 56.74995561554146 ], [ -2.428524620044766, 56.749947249242453 ], [ -2.428530455785156, 56.749938884426079 ], [ -2.428536301304053, 56.749930521096125 ], [ -2.428542156539268, 56.749922159256428 ], [ -2.428548021428615, 56.749913798910733 ], [ -2.428553895909906, 56.749905440062847 ], [ -2.428559779920957, 56.749897082716558 ], [ -2.428565673399581, 56.749888726875675 ], [ -2.428571576283589, 56.749880372543963 ], [ -2.4285774885108, 56.749872019725224 ], [ -2.428583410019024, 56.749863668423274 ], [ -2.428589340746075, 56.749855318641849 ], [ -2.428595280629768, 56.749846970384795 ], [ -2.428601229596301, 56.749838623706502 ], [ -2.428607187594066, 56.749830278564687 ], [ -2.428613154561932, 56.749821934958604 ], [ -2.428619130437704, 56.749813592892004 ], [ -2.428625115159208, 56.749805252368702 ], [ -2.428631108664249, 56.74979691339248 ], [ -2.428637110890646, 56.749788575967116 ], [ -2.428643121776214, 56.74978024009642 ], [ -2.428649141258766, 56.749771905784158 ], [ -2.428655169276115, 56.74976357303418 ], [ -2.428661205766079, 56.749755241850202 ], [ -2.428667250666471, 56.74974691223607 ], [ -2.428673303915103, 56.749738584195541 ], [ -2.428679365449794, 56.749730257732438 ], [ -2.428685435208358, 56.749721932850527 ], [ -2.428691513128606, 56.749713609553623 ], [ -2.428697599148359, 56.749705287845487 ], [ -2.428703693205427, 56.749696967729925 ], [ -2.42870979523763, 56.749688649210739 ], [ -2.428715905182776, 56.749680332291717 ], [ -2.428722022978689, 56.749672016976632 ], [ -2.428728148563178, 56.749663703269285 ], [ -2.428734281874061, 56.749655391173491 ], [ -2.428740422849151, 56.749647080693016 ], [ -2.428746571426264, 56.749638771831648 ], [ -2.428752727543218, 56.749630464593189 ], [ -2.428758891137827, 56.749622158981431 ], [ -2.428765062147906, 56.74961385500017 ], [ -2.428771240511271, 56.749605552653179 ], [ -2.428777426165738, 56.749597251944273 ], [ -2.428783619049124, 56.749588952877232 ], [ -2.428789819099241, 56.749580655455837 ], [ -2.428796026253909, 56.749572359683903 ], [ -2.428802240450942, 56.74956406556521 ], [ -2.428808461628156, 56.749555773103545 ], [ -2.428814689723369, 56.749547482302695 ], [ -2.428820924674393, 56.749539193166463 ], [ -2.428827166419049, 56.749530905698641 ], [ -2.42883341489515, 56.749522619903033 ], [ -2.428839670040513, 56.749514335783395 ], [ -2.428845931792955, 56.749506053343552 ], [ -2.428852200090294, 56.749497772587276 ], [ -2.428858474870343, 56.749489493518375 ], [ -2.428864756070921, 56.749481216140616 ], [ -2.428871043629841, 56.749472940457814 ], [ -2.428877337484924, 56.749464666473749 ], [ -2.428883637573986, 56.749456394192222 ], [ -2.428889943834841, 56.749448123617022 ], [ -2.42889625620531, 56.749439854751941 ], [ -2.428902574623207, 56.749431587600753 ], [ -2.428908899026349, 56.749423322167281 ], [ -2.428915229352465, 56.749415058455178 ], [ -2.428921565532117, 56.749406796459311 ], [ -2.42892790748362, 56.749398536159418 ], [ -2.428934255124072, 56.749390277533735 ], [ -2.428940608370583, 56.749382020560518 ], [ -2.428946967140254, 56.74937376521801 ], [ -2.428953331350193, 56.749365511484484 ], [ -2.428959700917506, 56.749357259338161 ], [ -2.428966075759294, 56.749349008757306 ], [ -2.428972455792668, 56.74934075972017 ], [ -2.428978840934728, 56.749332512205008 ], [ -2.428985231102581, 56.749324266190051 ], [ -2.428991626213335, 56.749316021653577 ], [ -2.428998026184094, 56.749307778573822 ], [ -2.429004430931962, 56.749299536929023 ], [ -2.429010840374046, 56.749291296697457 ], [ -2.429017254427454, 56.749283057857362 ], [ -2.429023673009289, 56.749274820386972 ], [ -2.429030096036657, 56.749266584264561 ], [ -2.429036523426663, 56.749258349468377 ], [ -2.429042955096415, 56.749250115976658 ], [ -2.429049390963018, 56.74924188376766 ], [ -2.429055830943577, 56.74923365281964 ], [ -2.429062274955201, 56.749225423110843 ], [ -2.429068722914996, 56.749217194619497 ], [ -2.429070714363763, 56.749214655146595 ] ] ], [ [ [ -2.428300310880677, 56.750282411197475 ], [ -2.428297464788534, 56.750288221513358 ], [ -2.428293422324781, 56.750296654405467 ], [ -2.428289459761241, 56.750305090213267 ], [ -2.428285570310564, 56.750313528650565 ], [ -2.428281747185401, 56.750321969431134 ], [ -2.428277983598392, 56.750330412268795 ], [ -2.428274272762174, 56.75033885687732 ], [ -2.428270607889374, 56.750347302970518 ], [ -2.42826698219262, 56.75035575026218 ], [ -2.42826338888453, 56.750364198466094 ], [ -2.428259821177716, 56.750372647296054 ], [ -2.428256272284782, 56.750381096465851 ], [ -2.428252735418329, 56.750389545689281 ], [ -2.428249203790953, 56.750397994680114 ], [ -2.428245670615242, 56.750406443152137 ], [ -2.42824212910378, 56.750414890819151 ], [ -2.428238572469141, 56.750423337394949 ], [ -2.428234993923898, 56.75043178259331 ], [ -2.428231386680615, 56.750440226128013 ], [ -2.428227743951851, 56.750448667712845 ], [ -2.428224058950158, 56.750457107061571 ], [ -2.428220324888088, 56.750465543887984 ], [ -2.428216534978175, 56.75047397790587 ], [ -2.428212682432959, 56.750482408829008 ], [ -2.428208760464968, 56.750490836371185 ], [ -2.428204762286728, 56.750499260246151 ], [ -2.428200681110751, 56.750507680167722 ], [ -2.428196510149556, 56.750516095849633 ], [ -2.428192242615644, 56.750524507005679 ], [ -2.428187871721518, 56.750532913349623 ], [ -2.428183390679672, 56.750541314595253 ], [ -2.428178792702592, 56.750549710456319 ], [ -2.428174071002765, 56.750558100646607 ], [ -2.428169218792665, 56.750566484879862 ], [ -2.428164229284765, 56.750574862869875 ], [ -2.428159095691531, 56.750583234330406 ], [ -2.428153811225421, 56.750591598975213 ], [ -2.428148369098893, 56.75059995651803 ], [ -2.428142765319826, 56.75060830690223 ], [ -2.428137010828173, 56.750616651297356 ], [ -2.428131121529261, 56.750624991280752 ], [ -2.428125113331761, 56.750633328430048 ], [ -2.428119002144362, 56.750641664322842 ], [ -2.428112803875764, 56.750650000536758 ], [ -2.428106534434677, 56.750658338649437 ], [ -2.428100209729827, 56.75066668023851 ], [ -2.428093845669955, 56.750675026881588 ], [ -2.428087458163809, 56.750683380156318 ], [ -2.428081063120155, 56.750691741640338 ], [ -2.42807467644777, 56.750700112911296 ], [ -2.428068314055446, 56.750708495546853 ], [ -2.428061991851982, 56.750716891124604 ], [ -2.428055725746197, 56.750725301222246 ], [ -2.428049531646922, 56.750733727417426 ], [ -2.428043425462997, 56.750742171287797 ], [ -2.428037423103279, 56.750750634411027 ], [ -2.428031540476639, 56.750759118364783 ], [ -2.428025793491957, 56.750767624726741 ], [ -2.428020198058132, 56.750776155074533 ], [ -2.428014770084077, 56.750784710985883 ], [ -2.428009525478711, 56.750793294038438 ], [ -2.428004480150978, 56.750801905809865 ], [ -2.42799965000983, 56.75081054787789 ], [ -2.427995050964236, 56.750819221820144 ], [ -2.427990698923179, 56.750827929214353 ], [ -2.427986609795653, 56.75083667163814 ], [ -2.42798279949068, 56.750845450669253 ], [ -2.427979283917283, 56.750854267885344 ], [ -2.427976052308299, 56.750863116654621 ], [ -2.427972980339985, 56.750871955398644 ], [ -2.42796991347785, 56.750880733241821 ], [ -2.42796669718702, 56.750889399308448 ], [ -2.427963176932501, 56.750897902722748 ], [ -2.427959198179183, 56.750906192608973 ], [ -2.427954606391858, 56.75091421809136 ], [ -2.42794924703523, 56.750921928294098 ], [ -2.427942965573944, 56.750929272341324 ], [ -2.427935607472606, 56.750936199357135 ], [ -2.427927043887371, 56.750942668100869 ], [ -2.427917344839169, 56.750948711913509 ], [ -2.427906673123474, 56.750954398929984 ], [ -2.427895192057444, 56.750959797480832 ], [ -2.427883064958297, 56.750964975896657 ], [ -2.427870455143271, 56.750970002508097 ], [ -2.427857525929623, 56.750974945645865 ], [ -2.427844440634603, 56.750979873640723 ], [ -2.427831362575461, 56.750984854823514 ], [ -2.427818455069435, 56.750989957525157 ], [ -2.427811726593333, 56.750992789706011 ], [ -2.427811911421067, 56.750992605345488 ], [ -2.427819586073744, 56.750984938870133 ], [ -2.427827244230211, 56.750977270262382 ], [ -2.427834880238622, 56.750969597797116 ], [ -2.42784248844713, 56.750961919749223 ], [ -2.427850063203896, 56.750954234393589 ], [ -2.427857598857083, 56.750946540005067 ], [ -2.427865089754856, 56.750938834858587 ], [ -2.427872530245384, 56.75093111722898 ], [ -2.427879914676843, 56.750923385391175 ], [ -2.427887237397404, 56.750915637620032 ], [ -2.427894492755248, 56.750907872190453 ], [ -2.42790167509856, 56.750900087377339 ], [ -2.427908778775526, 56.750892281455556 ], [ -2.427915798134334, 56.750884452700006 ], [ -2.427922727523177, 56.750876599385577 ], [ -2.427929561290255, 56.750868719787178 ], [ -2.427936293783768, 56.750860812179695 ], [ -2.427942919351924, 56.750852874838031 ], [ -2.427949432342927, 56.750844906037074 ], [ -2.427955828387685, 56.750836904417021 ], [ -2.42796210978533, 56.750828870517203 ], [ -2.42796828099509, 56.75082080549209 ], [ -2.427974346477304, 56.750812710496483 ], [ -2.427980310692296, 56.750804586685206 ], [ -2.427986178100405, 56.750796435213019 ], [ -2.427991953161949, 56.75078825723476 ], [ -2.427997640337256, 56.750780053905189 ], [ -2.428003244086649, 56.75077182637915 ], [ -2.428008768870442, 56.750763575811426 ], [ -2.428014219148956, 56.750755303356783 ], [ -2.428019599382496, 56.750747010170052 ], [ -2.428024914031378, 56.750738697406028 ], [ -2.428030167555905, 56.750730366219479 ], [ -2.428035364416382, 56.750722017765213 ], [ -2.428040509073109, 56.750713653198019 ], [ -2.428045605986382, 56.750705273672672 ], [ -2.428050659616497, 56.750696880344002 ], [ -2.428055674423743, 56.750688474366761 ], [ -2.428060654868404, 56.750680056895746 ], [ -2.428065605410771, 56.750671629085737 ], [ -2.42807053051112, 56.750663192091551 ], [ -2.428075434629729, 56.750654747067948 ], [ -2.428080322226875, 56.750646295169709 ], [ -2.428085197762825, 56.750637837551636 ], [ -2.428090065697849, 56.750629375368511 ], [ -2.428094930492207, 56.750620909775108 ], [ -2.428099796606163, 56.750612441926215 ], [ -2.428104668499975, 56.750603972976599 ], [ -2.428109550633891, 56.750595504081055 ], [ -2.428114446678312, 56.750587036193352 ], [ -2.428119357289788, 56.750578569500171 ], [ -2.428124282406124, 56.750570104005341 ], [ -2.42812922196513, 56.750561639712622 ], [ -2.428134175904615, 56.750553176625814 ], [ -2.428139144162388, 56.750544714748713 ], [ -2.428144126676259, 56.750536254085091 ], [ -2.428149123384035, 56.750527794638778 ], [ -2.428154134223528, 56.750519336413511 ], [ -2.428159159132543, 56.750510879413142 ], [ -2.428164198048893, 56.750502423641414 ], [ -2.428169250910388, 56.750493969102124 ], [ -2.428174317654834, 56.750485515799078 ], [ -2.428179398220043, 56.750477063736056 ], [ -2.428184492543822, 56.750468612916869 ], [ -2.428189600563984, 56.750460163345288 ], [ -2.428194722218336, 56.750451715025093 ], [ -2.428199857444688, 56.750443267960108 ], [ -2.428205006180851, 56.75043482215407 ], [ -2.428210168364635, 56.750426377610836 ], [ -2.428215343933847, 56.750417934334145 ], [ -2.428220532826299, 56.750409492327833 ], [ -2.428225734979804, 56.750401051595645 ], [ -2.428230950332166, 56.750392612141397 ], [ -2.428236178821199, 56.750384173968868 ], [ -2.42824142038471, 56.75037573708186 ], [ -2.428246674960514, 56.750367301484161 ], [ -2.428251942486419, 56.75035886717955 ], [ -2.428257222900233, 56.750350434171835 ], [ -2.428262516139772, 56.750342002464798 ], [ -2.428267822142841, 56.750333572062232 ], [ -2.428273140847252, 56.750325142967938 ], [ -2.428278472190817, 56.750316715185669 ], [ -2.428283816111344, 56.75030828871926 ], [ -2.428289172546647, 56.750299863572486 ], [ -2.428294541434534, 56.750291439749127 ], [ -2.428299922712819, 56.750283017252983 ], [ -2.428300310880677, 56.750282411197475 ] ] ], [ [ [ -2.427676219228598, 56.751133550638897 ], [ -2.427675235190145, 56.751135669068482 ], [ -2.427671101432648, 56.751144768356795 ], [ -2.427667013961266, 56.751153853952999 ], [ -2.42766293022907, 56.751162903235176 ], [ -2.427658808031142, 56.751171893779407 ], [ -2.427654622732976, 56.751180813331302 ], [ -2.42765037536013, 56.751189664488329 ], [ -2.427646068971229, 56.751198451024592 ], [ -2.4276417066249, 56.75120717671426 ], [ -2.427637291379771, 56.751215845331465 ], [ -2.427632826294474, 56.751224460650384 ], [ -2.427628314427642, 56.751233026445128 ], [ -2.427623758837905, 56.751241546489894 ], [ -2.427619162583899, 56.751250024558786 ], [ -2.427614528724259, 56.751258464425973 ], [ -2.427609860317625, 56.751266869865596 ], [ -2.427605160422631, 56.751275244651815 ], [ -2.42760043209792, 56.751283592558785 ], [ -2.427595678402127, 56.751291917360646 ], [ -2.427590902393896, 56.751300222831539 ], [ -2.427586107131867, 56.751308512745638 ], [ -2.427581295674683, 56.751316790877084 ], [ -2.42757647108099, 56.751325061000031 ], [ -2.427571636409429, 56.751333326888656 ], [ -2.427566794718646, 56.751341592317047 ], [ -2.427561949067286, 56.751349861059438 ], [ -2.427557102513997, 56.751358136889927 ], [ -2.427552258117426, 56.751366423582702 ], [ -2.427547418936217, 56.751374724911891 ], [ -2.427542588029023, 56.751383044651675 ], [ -2.427537768454494, 56.751391386576195 ], [ -2.427532963271275, 56.751399754459619 ], [ -2.427528175538023, 56.751408152076102 ], [ -2.427523408313386, 56.751416583199799 ], [ -2.42751866465602, 56.751425051604862 ], [ -2.427513947624578, 56.751433561065461 ], [ -2.427509260277712, 56.751442115355751 ], [ -2.427504605674085, 56.751450718249885 ], [ -2.427499986872347, 56.751459373522032 ], [ -2.427495406931163, 56.751468084946346 ], [ -2.427490868909187, 56.751476856297003 ], [ -2.427486375865083, 56.751485691348144 ], [ -2.427481930857515, 56.751494593873943 ], [ -2.427477536945145, 56.751503567648555 ], [ -2.427473197086262, 56.751512616242827 ], [ -2.427468910654276, 56.751521735966236 ], [ -2.427464672541454, 56.751530914051465 ], [ -2.427460477357632, 56.751540137159097 ], [ -2.427456319712645, 56.75154939194973 ], [ -2.427452194216326, 56.751558665083962 ], [ -2.427448095478506, 56.751567943222369 ], [ -2.427444018109024, 56.751577213025556 ], [ -2.427439956717719, 56.751586461154091 ], [ -2.427435905914422, 56.751595674268579 ], [ -2.42743186030897, 56.751604839029596 ], [ -2.427427814511202, 56.751613942097727 ], [ -2.427423763130953, 56.751622970133553 ], [ -2.427419700778064, 56.751631909797673 ], [ -2.427415622062371, 56.75164074775067 ], [ -2.427411521593713, 56.751649470653113 ], [ -2.427407393981934, 56.751658065165607 ], [ -2.427403233836875, 56.751666517948706 ], [ -2.427399035768377, 56.751674815663016 ], [ -2.427394794386286, 56.751682944969104 ], [ -2.42739050430045, 56.751690892527563 ], [ -2.427386160120721, 56.751698644998974 ], [ -2.427381756456954, 56.751706189043894 ], [ -2.427377287919004, 56.751713511322919 ], [ -2.427372749116734, 56.751720598496618 ], [ -2.427368134660013, 56.751727437225568 ], [ -2.427363439158707, 56.751734014170353 ], [ -2.4273586572227, 56.751740315991547 ], [ -2.427353783461874, 56.751746329349714 ], [ -2.427348812486125, 56.75175204090543 ], [ -2.427343738905348, 56.751757437319291 ], [ -2.42730977951146, 56.751763644122875 ], [ -2.427305232123282, 56.751762171749185 ], [ -2.427310877546374, 56.751754000771996 ], [ -2.427316436130837, 56.751745795263716 ], [ -2.427321910792999, 56.751737556273099 ], [ -2.427327304449202, 56.751729284848935 ], [ -2.427332620015769, 56.75172098203997 ], [ -2.42733786040904, 56.751712648894994 ], [ -2.427343028545334, 56.751704286462783 ], [ -2.427348127340986, 56.751695895792075 ], [ -2.427353159712317, 56.751687477931668 ], [ -2.427358128575653, 56.751679033930287 ], [ -2.427363036847312, 56.751670564836758 ], [ -2.427367887443621, 56.751662071699791 ], [ -2.427372683280897, 56.751653555568176 ], [ -2.427377427275451, 56.751645017490688 ], [ -2.427382122343604, 56.751636458516067 ], [ -2.427386771401662, 56.751627879693096 ], [ -2.427391377365943, 56.751619282070514 ], [ -2.427395943152749, 56.751610666697111 ], [ -2.427400471678391, 56.751602034621634 ], [ -2.427404965859171, 56.751593386892843 ], [ -2.427409428611395, 56.7515847245595 ], [ -2.427413862851361, 56.751576048670366 ], [ -2.427418271495366, 56.751567360274215 ], [ -2.427422657459708, 56.751558660419796 ], [ -2.42742702366068, 56.751549950155855 ], [ -2.427431373014574, 56.751541230531167 ], [ -2.427435708437681, 56.751532502594479 ], [ -2.427440032846287, 56.751523767394559 ], [ -2.427444349156676, 56.751515025980162 ], [ -2.427448660285135, 56.751506279400054 ], [ -2.427452969147942, 56.751497528702963 ], [ -2.427457278661376, 56.75148877493767 ], [ -2.427461591741715, 56.751480019152915 ], [ -2.427465911305231, 56.751471262397459 ], [ -2.427470240268196, 56.751462505720077 ], [ -2.427474581546883, 56.751453750169489 ], [ -2.427478938057555, 56.751444996794483 ], [ -2.427483312716481, 56.751436246643785 ], [ -2.427487708439922, 56.751427500766148 ], [ -2.427492128144141, 56.751418760210335 ], [ -2.427496574745394, 56.751410026025106 ], [ -2.427501051159941, 56.751401299259207 ], [ -2.427505560304033, 56.751392580961372 ], [ -2.427510105093927, 56.751383872180376 ], [ -2.427514688445868, 56.751375173964959 ], [ -2.427519313276106, 56.75136648736386 ], [ -2.427523982500889, 56.751357813425855 ], [ -2.427528699036457, 56.751349153199655 ], [ -2.427533465799056, 56.751340507734042 ], [ -2.427538285704925, 56.75133187807775 ], [ -2.4275431616703, 56.751323265279517 ], [ -2.427548096611418, 56.751314670388112 ], [ -2.427553093444512, 56.751306094452254 ], [ -2.427558155085816, 56.751297538520724 ], [ -2.427563284451558, 56.751289003642235 ], [ -2.427568484457969, 56.751280490865533 ], [ -2.427573758021273, 56.751272001239379 ], [ -2.427579108057696, 56.751263535812505 ], [ -2.42758453748346, 56.751255095633667 ], [ -2.427590049214788, 56.751246681751574 ], [ -2.427595646167898, 56.751238295214996 ], [ -2.42760133125901, 56.751229937072658 ], [ -2.427607107404338, 56.751221608373321 ], [ -2.4276129775201, 56.751213310165696 ], [ -2.427618944522507, 56.751205043498537 ], [ -2.427625011327773, 56.751196809420584 ], [ -2.427631180852108, 56.75118860898057 ], [ -2.427637456011722, 56.751180443227227 ], [ -2.427643839722822, 56.751172313209274 ], [ -2.427650334900035, 56.751164219974967 ], [ -2.427656942545466, 56.751156163953333 ], [ -2.427663658036161, 56.751148143752353 ], [ -2.427670475720191, 56.751140157646873 ], [ -2.427676219228598, 56.751133550638897 ] ] ] ] } },
{ "type": "Feature", "properties": { "Poly_ID": "UncertaintyLower_1", "Method": "Open", "Timeseries": "VEdge", "Scenario": 8, "Year": 2030, "UncertaintyInterval": 95, "LowerQ": 2.5, "UpperQ": 97.5 }, "geometry": { "type": "MultiPolygon", "coordinates": [ [ [ [ -2.448405634586834, 56.711323142715187 ], [ -2.448412989083943, 56.711316754451097 ], [ -2.448421791068959, 56.711309324579702 ], [ -2.448430783565565, 56.711301965511979 ], [ -2.44843998155861, 56.711294684808109 ], [ -2.448449400032947, 56.71128749002829 ], [ -2.448459053916334, 56.711280388707237 ], [ -2.448468950130323, 56.711273384806795 ], [ -2.4484790794184, 56.711266475069252 ], [ -2.448489430574424, 56.711259655366895 ], [ -2.448499992392264, 56.711252921571955 ], [ -2.448510753665799, 56.711246269556732 ], [ -2.448521703188905, 56.711239695193449 ], [ -2.448532829755473, 56.711233194354406 ], [ -2.448544122159393, 56.71122676291187 ], [ -2.448555569194562, 56.711220396738121 ], [ -2.448567159654881, 56.711214091705422 ], [ -2.448578882334258, 56.711207843686076 ], [ -2.448590726026596, 56.711201648552347 ], [ -2.448602679525808, 56.711195502176544 ], [ -2.448614731625811, 56.71118940043096 ], [ -2.448626871120521, 56.71118333918789 ], [ -2.448639086803858, 56.711177314319649 ], [ -2.448651367469745, 56.711171321698529 ], [ -2.448663701912106, 56.71116535719684 ], [ -2.448676078924867, 56.711159416686911 ], [ -2.448688487301958, 56.711153496041042 ], [ -2.448700915837306, 56.711147591131592 ], [ -2.448713353324846, 56.711141697830854 ], [ -2.448725788558511, 56.711135812011179 ], [ -2.448738210332236, 56.711129929544896 ], [ -2.448750607439957, 56.711124046304377 ], [ -2.448762968675612, 56.711118158161923 ], [ -2.448775282833141, 56.711112260989914 ], [ -2.448787538706486, 56.711106350660714 ], [ -2.44879972508959, 56.711100423046652 ], [ -2.448811830776399, 56.711094474020122 ], [ -2.448823844560859, 56.711088499453474 ], [ -2.448835756282859, 56.711082495961008 ], [ -2.448847580050932, 56.711076477371961 ], [ -2.44885935436073, 56.711070474814406 ], [ -2.448871118777545, 56.711064520175199 ], [ -2.448882912866675, 56.711058645341126 ], [ -2.448894776193443, 56.711052882199034 ], [ -2.448906748323187, 56.711047262635688 ], [ -2.448918868821255, 56.711041818537865 ], [ -2.448931177253029, 56.711036581792328 ], [ -2.448943713183906, 56.711031584285806 ], [ -2.448956516179244, 56.711026857904976 ], [ -2.448969602799957, 56.711022420663177 ], [ -2.448982901667863, 56.711018237540188 ], [ -2.448996320394858, 56.711014260845353 ], [ -2.449009766592827, 56.71101044288806 ], [ -2.449023147873621, 56.711006735977755 ], [ -2.449036371849053, 56.711003092423901 ], [ -2.449049346130915, 56.710999464535995 ], [ -2.449061978330958, 56.710995804623593 ], [ -2.449074176060917, 56.71099206499629 ], [ -2.449085846932494, 56.710988197963665 ], [ -2.449096898557388, 56.710984155835384 ], [ -2.449107238547293, 56.710979890921109 ], [ -2.449116774513917, 56.710975355530515 ], [ -2.449125414068997, 56.710970501973321 ], [ -2.449133064824311, 56.710965282559222 ], [ -2.44913963485702, 56.710959649779298 ], [ -2.449145097304637, 56.71095358148677 ], [ -2.44914955666933, 56.710947106744015 ], [ -2.449153133269456, 56.710940260778877 ], [ -2.44915594742336, 56.710933078819224 ], [ -2.449158119449341, 56.710925596092849 ], [ -2.44915976966565, 56.710917847827581 ], [ -2.449161018390468, 56.710909869251154 ], [ -2.449161985941897, 56.710901695591353 ], [ -2.449162792637945, 56.71089336207595 ], [ -2.449163558796525, 56.710884903932701 ], [ -2.449164404735449, 56.710876356389342 ], [ -2.449165450772417, 56.710867754673657 ], [ -2.449166816510465, 56.710859133830532 ], [ -2.449168571896761, 56.710850516197361 ], [ -2.44917070573591, 56.710841903346292 ], [ -2.449173199340541, 56.710833294932172 ], [ -2.449176034023295, 56.710824690609812 ], [ -2.449179191096843, 56.710816090034108 ], [ -2.449182651873861, 56.710807492859864 ], [ -2.449186397667049, 56.710798898741935 ], [ -2.449190409789118, 56.710790307335152 ], [ -2.449194669552803, 56.710781718294363 ], [ -2.449199158270853, 56.710773131274415 ], [ -2.449203857256031, 56.710764545930154 ], [ -2.449208747821123, 56.710755961916412 ], [ -2.449213811278926, 56.710747378888058 ], [ -2.44921902894226, 56.710738796499918 ], [ -2.449224382123955, 56.710730214406865 ], [ -2.449229852136862, 56.710721632263748 ], [ -2.449235420293851, 56.710713049725427 ], [ -2.449241067907801, 56.710704466446757 ], [ -2.449246776291621, 56.710695882082611 ], [ -2.449252526758221, 56.710687296287858 ], [ -2.449258300620539, 56.71067870871736 ], [ -2.449264079191528, 56.710670119025991 ], [ -2.449269843784155, 56.710661526868648 ], [ -2.449275575711405, 56.710652931900178 ], [ -2.449281256286279, 56.710644333775505 ], [ -2.449286866821798, 56.710635732149484 ], [ -2.449292388631, 56.710627126677018 ], [ -2.449297803026936, 56.710618517013017 ], [ -2.449303091322676, 56.710609902812379 ], [ -2.449308234831306, 56.710601283729972 ], [ -2.449313214865933, 56.710592659420719 ], [ -2.449318012739675, 56.710584029539518 ], [ -2.449322610411863, 56.710575393754404 ], [ -2.449327003387491, 56.710566752008503 ], [ -2.449331200023774, 56.710558104505878 ], [ -2.449335209185292, 56.710549451460935 ], [ -2.44933903973662, 56.710540793088079 ], [ -2.449342700542319, 56.710532129601688 ], [ -2.44934620046695, 56.710523461216162 ], [ -2.44934954837506, 56.710514788145886 ], [ -2.44935275313119, 56.710506110605252 ], [ -2.449355823599876, 56.710497428808644 ], [ -2.449358768645642, 56.710488742970455 ], [ -2.449361597133005, 56.710480053305048 ], [ -2.449364317926472, 56.710471360026823 ], [ -2.449366939890549, 56.710462663350164 ], [ -2.449369471889722, 56.710453963489442 ], [ -2.449371922788482, 56.71044526065905 ], [ -2.449374301451306, 56.710436555073329 ], [ -2.449376616742657, 56.710427846946729 ], [ -2.449378877526999, 56.710419136493556 ], [ -2.449381092668786, 56.710410423928238 ], [ -2.449383271032458, 56.710401709465103 ], [ -2.449385421482453, 56.710392993318578 ], [ -2.4493875528832, 56.710384275702985 ], [ -2.449389674099119, 56.71037555683273 ], [ -2.44939179399462, 56.710366836922198 ], [ -2.449393921434106, 56.710358116185731 ], [ -2.449396065281974, 56.710349394837721 ], [ -2.449398234402609, 56.710340673092531 ], [ -2.44940043766039, 56.710331951164555 ], [ -2.449402683919691, 56.710323229268127 ], [ -2.44940498204487, 56.710314507617632 ], [ -2.449407340900283, 56.710305786427448 ], [ -2.449409769349154, 56.710297065911874 ], [ -2.449412272361665, 56.710288346067337 ], [ -2.449414842297261, 56.710279626184374 ], [ -2.449417468966537, 56.710270905410944 ], [ -2.449420142180089, 56.710262182894937 ], [ -2.449422851748524, 56.71025345778429 ], [ -2.449425587482463, 56.710244729226908 ], [ -2.449428339192529, 56.71023599637072 ], [ -2.449431096689362, 56.710227258363652 ], [ -2.449433849783603, 56.71021851435362 ], [ -2.449436588285907, 56.710209763488542 ], [ -2.449439302006938, 56.710201004916357 ], [ -2.449441980757368, 56.710192237784966 ], [ -2.449444614347878, 56.710183461242323 ], [ -2.449447192589166, 56.710174674436331 ], [ -2.449449705291921, 56.710165876514935 ], [ -2.449452142266866, 56.710157066626053 ], [ -2.449454493324711, 56.710148243917615 ], [ -2.44945674827619, 56.710139407537547 ], [ -2.44945889693204, 56.710130556633771 ], [ -2.449460929103008, 56.710121690354242 ], [ -2.449462834599854, 56.710112807846876 ], [ -2.449464603233348, 56.710103908259612 ], [ -2.449466224814261, 56.710094990740352 ], [ -2.449467689153388, 56.71008605443707 ], [ -2.449468986061521, 56.710077098497656 ], [ -2.449470105349473, 56.710068122070062 ], [ -2.449471036828058, 56.710059124302219 ], [ -2.449471770308107, 56.710050104342052 ], [ -2.449472295600454, 56.710041061337485 ], [ -2.449472602515951, 56.71003199443647 ], [ -2.449472680865458, 56.710022902786896 ], [ -2.449472525990196, 56.710013786223691 ], [ -2.449472168818873, 56.710004649002435 ], [ -2.449471654374246, 56.709995497129512 ], [ -2.449471027714169, 56.709986336615657 ], [ -2.449470333896461, 56.709977173471557 ], [ -2.44946961797889, 56.709968013707993 ], [ -2.449468925019183, 56.70995886333565 ], [ -2.449468300075016, 56.709949728365288 ], [ -2.449467788204032, 56.70994061480765 ], [ -2.449467434463822, 56.709931528673451 ], [ -2.449467283911934, 56.709922475973435 ], [ -2.449467381605878, 56.709913462718319 ], [ -2.44946777260312, 56.709904494918852 ], [ -2.449468501961082, 56.709895578585765 ], [ -2.449469614737155, 56.709886719729781 ], [ -2.449471155988678, 56.709877924361628 ], [ -2.449473170772964, 56.709869198492022 ], [ -2.449475704147292, 56.709860548131651 ], [ -2.449478801168893, 56.709851979291237 ], [ -2.44948250689498, 56.709843497981453 ], [ -2.449486858429303, 56.709835109175792 ], [ -2.449491830770685, 56.70982680974879 ], [ -2.449497369726249, 56.709818592768173 ], [ -2.449503420933783, 56.709810451279573 ], [ -2.449509930031124, 56.709802378328639 ], [ -2.449516842656154, 56.709794366961006 ], [ -2.449524104446802, 56.709786410222314 ], [ -2.449531661041041, 56.709778501158254 ], [ -2.449539458076892, 56.709770632814468 ], [ -2.449547441192408, 56.709762798236639 ], [ -2.449555556025689, 56.709754990470458 ], [ -2.449563748214874, 56.70974720256168 ], [ -2.449571963398138, 56.709739427555967 ], [ -2.4495801472137, 56.709731658499095 ], [ -2.449588245299817, 56.709723888436812 ], [ -2.44959620329478, 56.709716110414874 ], [ -2.449603966836928, 56.709708317479055 ], [ -2.449611481564633, 56.709700502675155 ], [ -2.449618693116305, 56.709692659048983 ], [ -2.449625547130407, 56.709684779646338 ], [ -2.449631989245433, 56.709676857513053 ], [ -2.449637965370949, 56.709668885718713 ], [ -2.449643441637332, 56.70966085910613 ], [ -2.449648418034616, 56.709652775487299 ], [ -2.449652897780979, 56.709644632957307 ], [ -2.449656884094601, 56.709636429611223 ], [ -2.449660380193665, 56.709628163544146 ], [ -2.449663389296357, 56.709619832851104 ], [ -2.449665914620857, 56.70961143562716 ], [ -2.449667959385358, 56.709602969967392 ], [ -2.449669526808042, 56.709594433966821 ], [ -2.449670622277851, 56.709585826070224 ], [ -2.449671276707857, 56.709577148834768 ], [ -2.44967153761665, 56.709568407493009 ], [ -2.449671452805825, 56.709559607323094 ], [ -2.449671070076929, 56.709550753603217 ], [ -2.449670437231474, 56.709541851611519 ], [ -2.449669602070928, 56.709532906626166 ], [ -2.44966861239671, 56.709523923925317 ], [ -2.449667516010197, 56.709514908787135 ], [ -2.449666360712719, 56.709505866489771 ], [ -2.449665194305561, 56.709496802311399 ], [ -2.449664064589961, 56.709487721530202 ], [ -2.449663019367109, 56.709478629424311 ], [ -2.449662106438148, 56.709469531271921 ], [ -2.449661373604177, 56.709460432351186 ], [ -2.449660868666243, 56.709451337940294 ], [ -2.449660639425353, 56.70944225331742 ], [ -2.449660733682464, 56.709433183760716 ], [ -2.449661199238486, 56.70942413454835 ], [ -2.449662083894287, 56.70941511095851 ], [ -2.44966342317162, 56.709406117259327 ], [ -2.449665187661275, 56.709397152378187 ], [ -2.449667326571509, 56.709388213483628 ], [ -2.44966978909759, 56.709379297743141 ], [ -2.449672524434824, 56.709370402324218 ], [ -2.449675481778577, 56.709361524394353 ], [ -2.449678610324254, 56.709352661121045 ], [ -2.449681859267309, 56.709343809671786 ], [ -2.449685177803248, 56.709334967214083 ], [ -2.449688515173018, 56.709326130917908 ], [ -2.449691834430134, 56.70931729870086 ], [ -2.449695131812174, 56.709308470276781 ], [ -2.449698408437994, 56.709299645623716 ], [ -2.449701665426441, 56.709290824719695 ], [ -2.449704903896369, 56.709282007542747 ], [ -2.449708124966629, 56.709273194070938 ], [ -2.449711329756066, 56.709264384282292 ], [ -2.449714519383531, 56.709255578154846 ], [ -2.449717694967867, 56.709246775666657 ], [ -2.449720857627925, 56.709237976795755 ], [ -2.449724008482546, 56.709229181520165 ], [ -2.449727148650572, 56.709220389817943 ], [ -2.449730279250849, 56.709211601667128 ], [ -2.449733401402218, 56.70920281704575 ], [ -2.449736516223518, 56.709194035931858 ], [ -2.449739624833586, 56.709185258303478 ], [ -2.449742728351265, 56.709176484138659 ], [ -2.449745827895388, 56.709167713415418 ], [ -2.449748924584796, 56.709158946111849 ], [ -2.449752019538319, 56.709150182205924 ], [ -2.449755113874793, 56.709141421675703 ], [ -2.44975820871305, 56.709132664499244 ], [ -2.449761305171924, 56.709123910654569 ], [ -2.449764404370243, 56.709115160119723 ], [ -2.449767507426841, 56.709106412872742 ], [ -2.449770615460542, 56.709097668891658 ], [ -2.449773729590176, 56.7090889281545 ], [ -2.44977685093457, 56.709080190639341 ], [ -2.449779980612549, 56.709071456324182 ], [ -2.449783119742939, 56.70906272518706 ], [ -2.44978626944456, 56.709053997206041 ], [ -2.449789430836237, 56.709045272359148 ], [ -2.449792605036791, 56.709036550624404 ], [ -2.449795793165045, 56.709027831979867 ], [ -2.449798996339812, 56.709019116403546 ], [ -2.449802215679917, 56.709010403873506 ], [ -2.449805452304174, 56.709001694367764 ], [ -2.449808707331398, 56.708992987864377 ], [ -2.449811981880408, 56.708984284341369 ], [ -2.449815277070015, 56.70897558377677 ], [ -2.449818594019033, 56.708966886148616 ], [ -2.449821933846276, 56.708958191434959 ], [ -2.44982529767055, 56.70894949961383 ], [ -2.449828686610672, 56.708940810663243 ], [ -2.449832101785448, 56.708932124561258 ], [ -2.449835544313684, 56.708923441285897 ], [ -2.449839015314187, 56.708914760815205 ], [ -2.449842515905767, 56.708906083127204 ], [ -2.449846047207225, 56.708897408199924 ], [ -2.449849610193318, 56.708888736005939 ], [ -2.449853204631824, 56.708880066471522 ], [ -2.449856829688324, 56.708871399500026 ], [ -2.449860484523974, 56.708862734994568 ], [ -2.449864168299937, 56.70885407285828 ], [ -2.449867880177363, 56.708845412994322 ], [ -2.449871619317414, 56.708836755305803 ], [ -2.449875384881251, 56.708828099695872 ], [ -2.449879176030032, 56.708819446067686 ], [ -2.44988299192492, 56.708810794324343 ], [ -2.449886831727075, 56.708802144368995 ], [ -2.449890694597657, 56.708793496104811 ], [ -2.449894579697834, 56.708784849434842 ], [ -2.449898486188764, 56.708776204262321 ], [ -2.449902413231617, 56.708767560490344 ], [ -2.449906359987556, 56.708758918022028 ], [ -2.449910325617745, 56.70875027676054 ], [ -2.449914309283356, 56.708741636609012 ], [ -2.449918310145551, 56.70873299747057 ], [ -2.449922327365501, 56.708724359248357 ], [ -2.449926360104373, 56.708715721845522 ], [ -2.449930407523341, 56.708707085165187 ], [ -2.44993446878357, 56.708698449110507 ], [ -2.449938543046236, 56.708689813584606 ], [ -2.449942629472504, 56.708681178490608 ], [ -2.449946727223554, 56.708672543731666 ], [ -2.449950835460557, 56.708663909210941 ], [ -2.449954953344684, 56.708655274831536 ], [ -2.449959080037114, 56.708646640496603 ], [ -2.44996321469902, 56.708638006109275 ], [ -2.449967356491578, 56.708629371572712 ], [ -2.449971504575969, 56.708620736790031 ], [ -2.449975658113363, 56.708612101664365 ], [ -2.449979816264948, 56.708603466098872 ], [ -2.449983978191896, 56.708594829996684 ], [ -2.449988143055387, 56.708586193260942 ], [ -2.449992310016606, 56.70857755579479 ], [ -2.449996478236731, 56.708568917501339 ], [ -2.450000646876944, 56.708560278283763 ], [ -2.450004815098431, 56.708551638045186 ], [ -2.450008982062371, 56.708542996688763 ], [ -2.450013146929951, 56.708534354117589 ], [ -2.45001730886236, 56.708525710234859 ], [ -2.450021467020774, 56.708517064943692 ], [ -2.450025620566386, 56.708508418147218 ], [ -2.450029768660382, 56.708499769748585 ], [ -2.450033910463949, 56.708491119650922 ], [ -2.450038045138278, 56.708482467757392 ], [ -2.450042171844557, 56.708473813971139 ], [ -2.450046289743976, 56.708465158195267 ], [ -2.450050397997722, 56.708456500332943 ], [ -2.450054495766994, 56.708447840287306 ], [ -2.45005858221298, 56.708439177961488 ], [ -2.450062656496875, 56.708430513258655 ], [ -2.450066717779869, 56.708421846081912 ], [ -2.45007076522316, 56.708413176334417 ], [ -2.450074797987941, 56.708404503919319 ], [ -2.45007881523541, 56.708395828739746 ], [ -2.450082816126764, 56.708387150698854 ], [ -2.450086799823197, 56.708378469699788 ], [ -2.450090765485911, 56.708369785645651 ], [ -2.450094712276103, 56.708361098439632 ], [ -2.450098639354974, 56.708352407984847 ], [ -2.450102545883723, 56.708343714184444 ], [ -2.450106431023551, 56.708335016941568 ], [ -2.450110293935662, 56.708326316159358 ], [ -2.450114133781257, 56.708317611740959 ], [ -2.450117949721541, 56.708308903589511 ], [ -2.450121740917715, 56.70830019160816 ], [ -2.450125506530987, 56.708291475700058 ], [ -2.450129245722563, 56.708282755768302 ], [ -2.450132957653647, 56.708274031716094 ], [ -2.450136641485448, 56.708265303446545 ], [ -2.450140296379173, 56.708256570862801 ], [ -2.45014392149603, 56.708247833868015 ], [ -2.450147515997232, 56.708239092365325 ], [ -2.450151079043985, 56.708230346257864 ], [ -2.450154609797503, 56.708221595448791 ], [ -2.450158107418997, 56.708212839841238 ], [ -2.45016157106968, 56.708204079338365 ], [ -2.450164999910763, 56.708195313843277 ], [ -2.450168393103463, 56.708186543259174 ], [ -2.450171749816143, 56.708177767494796 ], [ -2.450175069204997, 56.708168986449316 ], [ -2.450178350429125, 56.70816020002426 ], [ -2.450181592649748, 56.70815140812271 ], [ -2.450184795028081, 56.708142610647847 ], [ -2.450187956725344, 56.708133807502811 ], [ -2.450191076902756, 56.708124998590719 ], [ -2.450194154721536, 56.708116183814766 ], [ -2.450197189342907, 56.708107363078057 ], [ -2.450200179928092, 56.708098536283742 ], [ -2.45020312563831, 56.708089703334963 ], [ -2.450206025634791, 56.708080864134871 ], [ -2.450208879078752, 56.708072018586613 ], [ -2.450211685131422, 56.708063166593334 ], [ -2.450214442954028, 56.708054308058159 ], [ -2.450217151707793, 56.708045442884263 ], [ -2.450219810553946, 56.708036570974748 ], [ -2.450222418653718, 56.708027692232804 ], [ -2.450224975168336, 56.708018806561547 ], [ -2.450247327165212, 56.707923987594256 ], [ -2.450294739949938, 56.708026253287656 ], [ -2.45029543288757, 56.708034937793933 ], [ -2.450295738304301, 56.708043624227685 ], [ -2.450295669872697, 56.708052312561215 ], [ -2.45029524126533, 56.708061002766726 ], [ -2.450294466154785, 56.708069694816494 ], [ -2.450293358213663, 56.708078388682758 ], [ -2.450291931114573, 56.708087084337755 ], [ -2.450290198530142, 56.708095781753734 ], [ -2.450288174133005, 56.708104480902911 ], [ -2.450285871595809, 56.708113181757547 ], [ -2.450283304591217, 56.708121884289866 ], [ -2.450280486791903, 56.708130588472116 ], [ -2.450277431870556, 56.708139294276513 ], [ -2.45027415349987, 56.708148001675312 ], [ -2.450270665352558, 56.708156710640736 ], [ -2.450266981101347, 56.708165421145033 ], [ -2.45026311441897, 56.708174133160412 ], [ -2.450259078978179, 56.708182846659135 ], [ -2.450254888459219, 56.708191561619302 ], [ -2.45025055652918, 56.70820027800869 ], [ -2.450246096859039, 56.708208995798117 ], [ -2.450241523121599, 56.708217714959851 ], [ -2.450236848989669, 56.708226435466152 ], [ -2.450232088136075, 56.708235157289216 ], [ -2.450227254233657, 56.708243880401312 ], [ -2.450222360955259, 56.708252604774721 ], [ -2.450217421973748, 56.708261330381667 ], [ -2.450212450962, 56.708270057194383 ], [ -2.4502074615929, 56.708278785185158 ], [ -2.450202467539352, 56.708287514326237 ], [ -2.450197482474266, 56.708296244589889 ], [ -2.450192520070573, 56.708304975948352 ], [ -2.450187594001206, 56.708313708373922 ], [ -2.450182717939123, 56.708322441838845 ], [ -2.450177905557285, 56.708331176315383 ], [ -2.450173170528668, 56.708339911775823 ], [ -2.450168526526265, 56.708348648192441 ], [ -2.450163987223078, 56.708357385537504 ], [ -2.450159566292121, 56.708366123783279 ], [ -2.45015527740642, 56.708374862902062 ], [ -2.450151130930358, 56.708383602803053 ], [ -2.450147122361879, 56.708392343112223 ], [ -2.450143243025308, 56.708401083375932 ], [ -2.450139484244746, 56.708409823140585 ], [ -2.45013583734428, 56.70841856195257 ], [ -2.450132293647998, 56.708427299358284 ], [ -2.450128844479971, 56.708436034904082 ], [ -2.450125481164263, 56.708444768136388 ], [ -2.45012219502494, 56.708453498601571 ], [ -2.450118977386048, 56.708462225846013 ], [ -2.450115819571634, 56.708470949416082 ], [ -2.450112712905728, 56.708479668858182 ], [ -2.450109648712364, 56.708488383718688 ], [ -2.450106618315555, 56.708497093543969 ], [ -2.450103613039315, 56.70850579788042 ], [ -2.450100624207647, 56.708514496274404 ], [ -2.450097643144548, 56.708523188272302 ], [ -2.450094661174006, 56.708531873420476 ], [ -2.450091669619999, 56.708540551265337 ], [ -2.450088659806498, 56.708549221353216 ], [ -2.450085623057469, 56.708557883230526 ], [ -2.450082550696868, 56.708566536443612 ], [ -2.450079434048644, 56.708575180538851 ], [ -2.450076264436737, 56.708583815062646 ], [ -2.450073033185079, 56.708592439561322 ], [ -2.4500697316176, 56.708601053581269 ], [ -2.450066351058211, 56.708609656668848 ], [ -2.450062882830825, 56.708618248370442 ], [ -2.450059318259342, 56.70862682823239 ], [ -2.450055648667662, 56.708635395801075 ], [ -2.450051865408128, 56.708643950624968 ], [ -2.450047964749011, 56.708652492616757 ], [ -2.45004395342303, 56.708661022464376 ], [ -2.450039839503914, 56.70866954095515 ], [ -2.450035631065392, 56.708678048876386 ], [ -2.45003133618121, 56.708686547015411 ], [ -2.450026962925113, 56.708695036159533 ], [ -2.450022519370859, 56.708703517096055 ], [ -2.450018013592207, 56.708711990612294 ], [ -2.450013453662927, 56.708720457495588 ], [ -2.450008847656796, 56.708728918533239 ], [ -2.450004203647598, 56.708737374512552 ], [ -2.449999529709121, 56.708745826220863 ], [ -2.449994833915161, 56.708754274445511 ], [ -2.449990124339524, 56.70876271997377 ], [ -2.44998540905602, 56.708771163593013 ], [ -2.449980696138464, 56.708779606090552 ], [ -2.449975993660686, 56.708788048253695 ], [ -2.449971309696511, 56.70879649086978 ], [ -2.44996665231978, 56.708804934726132 ], [ -2.44996202960434, 56.708813380610074 ], [ -2.449957449624039, 56.708821829308967 ], [ -2.449952920452737, 56.708830281610126 ], [ -2.4499484501643, 56.708838738300862 ], [ -2.449944046832602, 56.708847200168535 ], [ -2.449939718531519, 56.708855668000467 ], [ -2.449935473334938, 56.708864142584005 ], [ -2.449931319316757, 56.708872624706494 ], [ -2.449927264550872, 56.708881115155229 ], [ -2.449923317111193, 56.708889614717592 ], [ -2.449919485071634, 56.708898124180905 ], [ -2.449915776505763, 56.708906644332487 ], [ -2.449912196749721, 56.708915175749134 ], [ -2.449908741804359, 56.708923718289768 ], [ -2.449905405682264, 56.70893227166038 ], [ -2.449902182396012, 56.708940835567006 ], [ -2.449899065958182, 56.708949409715636 ], [ -2.449896050381341, 56.708957993812277 ], [ -2.449893129678059, 56.708966587562948 ], [ -2.449890297860891, 56.708975190673641 ], [ -2.449887548942398, 56.708983802850376 ], [ -2.449884876935122, 56.708992423799153 ], [ -2.449882275851613, 56.709001053225975 ], [ -2.449879739704408, 56.709009690836837 ], [ -2.449877262506039, 56.709018336337756 ], [ -2.449874838269035, 56.709026989434719 ], [ -2.449872461005919, 56.709035649833758 ], [ -2.449870124729209, 56.709044317240824 ], [ -2.449867823451416, 56.709052991361979 ], [ -2.449865551185046, 56.709061671903179 ], [ -2.449863301942603, 56.70907035857045 ], [ -2.449861069736578, 56.709079051069764 ], [ -2.449858848579465, 56.709087749107134 ], [ -2.449856632483747, 56.709096452388572 ], [ -2.449854415461906, 56.709105160620076 ], [ -2.44985219152641, 56.709113873507619 ], [ -2.449849954689733, 56.709122590757211 ], [ -2.449847698964337, 56.709131312074867 ], [ -2.449845418362677, 56.709140037166563 ], [ -2.449843106897208, 56.709148765738284 ], [ -2.449840758580371, 56.709157497496058 ], [ -2.449838367424611, 56.709166232145854 ], [ -2.449835927442366, 56.709174969393686 ], [ -2.449833432646058, 56.709183708945531 ], [ -2.449830877048118, 56.709192450507416 ], [ -2.449828254660961, 56.709201193785297 ], [ -2.449825559497003, 56.709209938485166 ], [ -2.449822785568651, 56.709218684313043 ], [ -2.449819926888304, 56.709227430974906 ], [ -2.449816977468364, 56.709236178176745 ], [ -2.449813931321218, 56.709244925624546 ], [ -2.449810782459254, 56.709253673024307 ], [ -2.449807524894852, 56.709262420082005 ], [ -2.449804152640385, 56.709271166503648 ], [ -2.449800659708227, 56.709279911995189 ], [ -2.449797040110738, 56.70928865626265 ], [ -2.449793287860277, 56.709297399011994 ], [ -2.449789396969197, 56.709306139949213 ], [ -2.449785361449847, 56.709314878780276 ], [ -2.449781175314567, 56.709323615211169 ], [ -2.449776832575697, 56.709332348947889 ], [ -2.449772327943434, 56.70934107972105 ], [ -2.449767701180305, 56.709349808851378 ], [ -2.44976306377266, 56.709358540191246 ], [ -2.449758533603379, 56.709367277818799 ], [ -2.449754228555454, 56.709376025812169 ], [ -2.44975026651198, 56.709384788249494 ], [ -2.449746765356166, 56.709393569208984 ], [ -2.449743842971329, 56.709402372768807 ], [ -2.44974161724089, 56.709411203007122 ], [ -2.449740206048397, 56.709420064002146 ], [ -2.449739716144937, 56.709428959299956 ], [ -2.449740134283893, 56.709437886711449 ], [ -2.449741374050197, 56.709446840550456 ], [ -2.449743347986678, 56.709455815081 ], [ -2.449745968636085, 56.709464804567105 ], [ -2.449749148541081, 56.709473803272772 ], [ -2.449752800244247, 56.709482805462009 ], [ -2.449756836288076, 56.709491805398848 ], [ -2.449761169214977, 56.709500797347296 ], [ -2.44976571156727, 56.709509775571384 ], [ -2.449770375887192, 56.709518734335163 ], [ -2.449775074716888, 56.709527667902698 ], [ -2.449779720598424, 56.709536570538042 ], [ -2.449784226073772, 56.709545436505287 ], [ -2.449788503684827, 56.709554260068543 ], [ -2.449792465973399, 56.70956303549189 ], [ -2.449796025481213, 56.70957175703947 ], [ -2.449799094749914, 56.709580418975378 ], [ -2.449801586321073, 56.709589015563772 ], [ -2.449803412736183, 56.709597541068767 ], [ -2.44980448653666, 56.709605989754472 ], [ -2.449804729237367, 56.709614353684188 ], [ -2.449804100559415, 56.709622615550742 ], [ -2.449802570390279, 56.709630755553604 ], [ -2.449800108617521, 56.709638753892136 ], [ -2.449796685128701, 56.709646590765736 ], [ -2.449792269811381, 56.709654246373745 ], [ -2.449786832553138, 56.709661700915483 ], [ -2.449780343241567, 56.70966893459024 ], [ -2.449772771764292, 56.709675927597281 ], [ -2.449764090328619, 56.709682660910552 ], [ -2.449754352116759, 56.709689142548491 ], [ -2.449743710466374, 56.709695413980079 ], [ -2.449732324925402, 56.70970151874841 ], [ -2.44972035504186, 56.709707500396682 ], [ -2.449707960363819, 56.709713402468104 ], [ -2.449695300439412, 56.709719268505935 ], [ -2.449682534816804, 56.709725142053507 ], [ -2.449669823044207, 56.709731066654243 ], [ -2.449657324669878, 56.709737085851579 ], [ -2.449645199242113, 56.709743243189074 ], [ -2.449633606309273, 56.709749582210286 ], [ -2.44962270541978, 56.709756146458879 ], [ -2.449612656122141, 56.709762979478533 ], [ -2.449603606063772, 56.709770121106132 ], [ -2.449595565379268, 56.709777568347995 ], [ -2.449588455881771, 56.709785290701205 ], [ -2.449582197930109, 56.709793257209888 ], [ -2.449576711883097, 56.709801436918106 ], [ -2.449571918099531, 56.70980979886987 ], [ -2.449567736938169, 56.709818312109228 ], [ -2.44956408875773, 56.709826945680128 ], [ -2.449560893916884, 56.709835668626567 ], [ -2.449558072774245, 56.709844449992517 ], [ -2.449555552038863, 56.709853261642643 ], [ -2.449553301398975, 56.709862094532092 ], [ -2.449551308360629, 56.709870947530192 ], [ -2.449549560487197, 56.709879819531814 ], [ -2.449548045342032, 56.709888709431794 ], [ -2.449546750488485, 56.709897616124955 ], [ -2.449545663489889, 56.709906538506139 ], [ -2.44954477190957, 56.709915475470169 ], [ -2.449544063310843, 56.709924425911886 ], [ -2.44954352525701, 56.7099333887261 ], [ -2.449543145311358, 56.709942362807674 ], [ -2.449542911037173, 56.709951347051415 ], [ -2.44954280999772, 56.709960340352147 ], [ -2.449542829756253, 56.709969341604712 ], [ -2.449542957876017, 56.709978349703903 ], [ -2.449543181920246, 56.709987363544599 ], [ -2.44954348945216, 56.709996382021572 ], [ -2.449543868034967, 56.710005404029701 ], [ -2.449544305231865, 56.710014428463765 ], [ -2.449544788606037, 56.710023454218614 ], [ -2.449545305720657, 56.710032480189078 ], [ -2.449545844138889, 56.71004150526997 ], [ -2.449546391423877, 56.710050528356135 ], [ -2.449546935138759, 56.710059548342372 ], [ -2.449547462846661, 56.710068564123539 ], [ -2.449547962110694, 56.710077574594436 ], [ -2.449548420493961, 56.710086578649921 ], [ -2.449548825559551, 56.710095575184802 ], [ -2.449549164870539, 56.710104563093907 ], [ -2.449549425989992, 56.710113541272072 ], [ -2.449549596480961, 56.710122508614127 ], [ -2.449549663906493, 56.710131464014879 ], [ -2.449549615829612, 56.710140406369199 ], [ -2.449549439813339, 56.710149334571867 ], [ -2.44954912342068, 56.710158247517732 ], [ -2.449548654214632, 56.710167144101639 ], [ -2.449548019758178, 56.710176023218395 ], [ -2.449547207614293, 56.7101848837628 ], [ -2.449546205345934, 56.710193724629725 ], [ -2.449545000516054, 56.710202544713965 ], [ -2.449543580687593, 56.710211342910348 ], [ -2.449541933423483, 56.710220118113703 ], [ -2.449540046286638, 56.710228869218831 ], [ -2.449537906839968, 56.71023759512056 ], [ -2.449535502646369, 56.710246294713698 ], [ -2.44953282126873, 56.710254966893068 ], [ -2.449529850269931, 56.710263610553469 ], [ -2.449526577212832, 56.710272224589701 ], [ -2.449522989660298, 56.710280807896581 ], [ -2.449519075175175, 56.710289359368886 ], [ -2.449514821320301, 56.710297877901425 ], [ -2.449510215667, 56.710306362389716 ], [ -2.449505266795536, 56.710314813540776 ], [ -2.449500049529643, 56.710323237773459 ], [ -2.449494651716984, 56.710331642629598 ], [ -2.449489161205288, 56.710340035651072 ], [ -2.44948366584237, 56.710348424379738 ], [ -2.44947825347611, 56.710356816357489 ], [ -2.449473011954464, 56.710365219126246 ], [ -2.449468029125465, 56.7103736402279 ], [ -2.44946339283722, 56.710382087204387 ], [ -2.44945919093791, 56.71039056759767 ], [ -2.449455511275801, 56.7103990889497 ], [ -2.449452417278222, 56.710407656721294 ], [ -2.449449873960399, 56.710416267986894 ], [ -2.449447821551097, 56.710424917708657 ], [ -2.449446200279023, 56.710433600848738 ], [ -2.449444950372846, 56.710442312369238 ], [ -2.449444012061174, 56.71045104723234 ], [ -2.449443325572559, 56.710459800400166 ], [ -2.449442831135506, 56.710468566834841 ], [ -2.449442468978454, 56.710477341498489 ], [ -2.449442179329798, 56.710486119353234 ], [ -2.449441902417873, 56.710494895361229 ], [ -2.449441578470955, 56.710503664484541 ], [ -2.44944114771727, 56.710512421685358 ], [ -2.449440550384984, 56.710521161925769 ], [ -2.44943972670221, 56.710529880167918 ], [ -2.449438616897011, 56.710538571373888 ], [ -2.449437161197386, 56.710547230505824 ], [ -2.449435299831293, 56.710555852525829 ], [ -2.44943297302663, 56.710564432396005 ], [ -2.449430121011246, 56.710572965078448 ], [ -2.449426684012947, 56.710581445535254 ], [ -2.449422602259482, 56.710589868728462 ], [ -2.449417817314911, 56.710598229742359 ], [ -2.449412320931875, 56.710606528250764 ], [ -2.449406169058374, 56.710614769797949 ], [ -2.449399421833481, 56.710622960311504 ], [ -2.449392139396316, 56.710631105718896 ], [ -2.449384381886054, 56.710639211947736 ], [ -2.449376209441917, 56.710647284925571 ], [ -2.449367682203177, 56.710655330579954 ], [ -2.449358860309158, 56.710663354838481 ], [ -2.449349803899225, 56.710671363628755 ], [ -2.449340573112796, 56.710679362878388 ], [ -2.449331228089328, 56.710687358515003 ], [ -2.449321828968324, 56.710695356466282 ], [ -2.449312435889341, 56.710703362659842 ], [ -2.449303108991971, 56.710711383023394 ], [ -2.449293908415856, 56.710719423484647 ], [ -2.449284894300689, 56.710727489971305 ], [ -2.449276126786197, 56.710735588411112 ], [ -2.449267666012166, 56.710743724731813 ], [ -2.449259572118429, 56.710751904861183 ], [ -2.449251905244863, 56.710760134726996 ], [ -2.4492447255314, 56.710768420257047 ], [ -2.449238093118024, 56.710776767379123 ], [ -2.449232068144774, 56.71078518202102 ], [ -2.449226710751743, 56.710793670110576 ], [ -2.449222081079085, 56.710802237575592 ], [ -2.449218239267013, 56.710810890343829 ], [ -2.449215245455801, 56.710819634343132 ], [ -2.449213159785795, 56.710828475501259 ], [ -2.449212042397403, 56.710837419746014 ], [ -2.449211953431111, 56.710846473005098 ], [ -2.449212953027474, 56.71085564120628 ], [ -2.449215101327129, 56.710864930277225 ], [ -2.449218458456774, 56.71087434614229 ], [ -2.449223033897202, 56.710883882724836 ], [ -2.449228672599514, 56.710893494961624 ], [ -2.449235186162131, 56.710903129886297 ], [ -2.449242386183239, 56.710912734532556 ], [ -2.449250084260797, 56.710922255934072 ], [ -2.44925809199252, 56.71093164112461 ], [ -2.449266220975888, 56.71094083713794 ], [ -2.449274282808144, 56.710949791007913 ], [ -2.449282089086299, 56.710958449768398 ], [ -2.449289451407171, 56.710966760453346 ], [ -2.449296181367378, 56.710974670096718 ], [ -2.449302090563379, 56.710982125732535 ], [ -2.449306990591507, 56.710989074394817 ], [ -2.449310693048003, 56.710995463117591 ], [ -2.449313009529048, 56.711001238934898 ], [ -2.449313751630835, 56.711006348880744 ], [ -2.449312730949595, 56.711010739989078 ], [ -2.449309759157265, 56.711014359322469 ], [ -2.449304724368875, 56.711017182993785 ], [ -2.449297734985036, 56.711019270830008 ], [ -2.449288938848162, 56.711020697646859 ], [ -2.449278483800819, 56.711021538260091 ], [ -2.449266517685678, 56.711021867485378 ], [ -2.449253188345444, 56.711021760138422 ], [ -2.449238643622826, 56.711021291034925 ], [ -2.449223031360487, 56.711020534990638 ], [ -2.449206499401003, 56.711019566821335 ], [ -2.449189195586855, 56.711018461342853 ], [ -2.449171267760379, 56.7110172933711 ], [ -2.449152863763762, 56.711016137722055 ], [ -2.449134131439032, 56.711015069211783 ], [ -2.449115218628046, 56.711014162656411 ], [ -2.449096273172489, 56.711013492872198 ], [ -2.449077442913891, 56.71101313467544 ], [ -2.449058875693623, 56.711013162882608 ], [ -2.449040719352921, 56.711013652310136 ], [ -2.449023121732916, 56.711014677774656 ], [ -2.449006230674658, 56.711016314092781 ], [ -2.448990194019143, 56.711018636081292 ], [ -2.448975159607367, 56.71102171855695 ], [ -2.44896127511311, 56.711025636235583 ], [ -2.448948611122917, 56.711030417268411 ], [ -2.448937039036247, 56.71103596948759 ], [ -2.448926398510374, 56.711042181551207 ], [ -2.448916529202694, 56.711048942117237 ], [ -2.448907270770685, 56.711056139843649 ], [ -2.448898462871861, 56.711063663388295 ], [ -2.448889945163739, 56.711071401409022 ], [ -2.448881557303824, 56.711079242563592 ], [ -2.448873138949592, 56.711087075509724 ], [ -2.44886452975847, 56.71109478890515 ], [ -2.448855573680373, 56.711102274403856 ], [ -2.448846204248537, 56.711109486193635 ], [ -2.448836439776082, 56.711116437642936 ], [ -2.448826301907024, 56.711123144445338 ], [ -2.448815812285398, 56.711129622294429 ], [ -2.448804992555242, 56.711135886883781 ], [ -2.448793864360607, 56.711141953907024 ], [ -2.448782449345554, 56.711147839057709 ], [ -2.448770769154136, 56.711153558029487 ], [ -2.448758845430415, 56.711159126515938 ], [ -2.448746699818453, 56.71116456021069 ], [ -2.448734353962307, 56.711169874807382 ], [ -2.448721829506028, 56.711175085999621 ], [ -2.448709148093664, 56.711180209481057 ], [ -2.448696331369259, 56.711185260945349 ], [ -2.448683400976842, 56.711190256086127 ], [ -2.44867037856044, 56.71119521059709 ], [ -2.448657285764065, 56.711200140171904 ], [ -2.448644144231722, 56.711205060504227 ], [ -2.448630975607406, 56.711209987287788 ], [ -2.448617801535101, 56.711214936216244 ], [ -2.448604643658779, 56.711219922983339 ], [ -2.448591523622403, 56.711224963282774 ], [ -2.448578463069926, 56.711230072808306 ], [ -2.44856548364529, 56.711235267253649 ], [ -2.44855260699243, 56.711240562312547 ], [ -2.448539854755276, 56.71124597367875 ], [ -2.448527248577744, 56.711251517046044 ], [ -2.44851481010375, 56.711257208108179 ], [ -2.448502560977208, 56.711263062558949 ], [ -2.448490522842024, 56.711269096092138 ], [ -2.448478717342105, 56.711275324401555 ], [ -2.448467166121366, 56.711281763180956 ], [ -2.448455888748816, 56.711288424531944 ], [ -2.448444892314748, 56.711295298951669 ], [ -2.448434179266489, 56.711302368898963 ], [ -2.448423752043598, 56.71130961681915 ], [ -2.448413613085664, 56.711317025157499 ], [ -2.448405634586834, 56.711323142715187 ] ] ], [ [ [ -2.448331102807916, 56.711394333973274 ], [ -2.448329429651641, 56.711396376032752 ], [ -2.448323230796257, 56.711404619138982 ], [ -2.448317595066007, 56.711412904389348 ], [ -2.44831256655113, 56.71142122989697 ], [ -2.44830818934191, 56.711429593775001 ], [ -2.448304507528637, 56.711437994136503 ], [ -2.448301526118491, 56.711446420991571 ], [ -2.448299098621006, 56.711454832940582 ], [ -2.448297041842745, 56.711463180974413 ], [ -2.448295172590126, 56.711471416083889 ], [ -2.448293307669405, 56.711479489259837 ], [ -2.448291263886685, 56.711487351493069 ], [ -2.448288858047946, 56.71149495377442 ], [ -2.448285906959029, 56.711502247094643 ], [ -2.448282227425678, 56.711509182444516 ], [ -2.448277636253554, 56.711515710814787 ], [ -2.448271950248269, 56.711521783196119 ], [ -2.44826498627338, 56.711527350600278 ], [ -2.44825664053614, 56.711532392931538 ], [ -2.448247045784869, 56.711536976229617 ], [ -2.448236378651994, 56.711541182514303 ], [ -2.448224815770002, 56.711545093805498 ], [ -2.448212533771404, 56.711548792123068 ], [ -2.448199709288704, 56.711552359487051 ], [ -2.448186518954377, 56.711555877917412 ], [ -2.448173139400854, 56.711559429434288 ], [ -2.44815974726052, 56.711563096057837 ], [ -2.448146519165708, 56.711566959808309 ], [ -2.448133631748715, 56.711571102706031 ], [ -2.448121261641816, 56.711575606771405 ], [ -2.448109585477285, 56.711580554024884 ], [ -2.448098748321782, 56.71158601029817 ], [ -2.448088743842431, 56.711591963776051 ], [ -2.448079520369322, 56.711598379391603 ], [ -2.44807102622422, 56.711605222073565 ], [ -2.448063209728939, 56.7116124567507 ], [ -2.448056019205326, 56.711620048351719 ], [ -2.448049402975252, 56.711627961805263 ], [ -2.448043309360597, 56.711636162040037 ], [ -2.448037686683252, 56.71164461398466 ], [ -2.448032483265092, 56.711653282567795 ], [ -2.447991012994593, 56.711740266436003 ], [ -2.448018128812365, 56.711647920517365 ], [ -2.448024175422527, 56.711640154537477 ], [ -2.448030708174445, 56.711632621191008 ], [ -2.448037693022667, 56.711625302679593 ], [ -2.44804509592177, 56.711618181204862 ], [ -2.44805288282635, 56.711611238968473 ], [ -2.448061019691028, 56.711604458172076 ], [ -2.448069472470448, 56.711597821017321 ], [ -2.448078207119265, 56.711591309705874 ], [ -2.448087189592151, 56.711584906439406 ], [ -2.448096385843788, 56.711578593419581 ], [ -2.448105761828862, 56.711572352848115 ], [ -2.448115283502075, 56.711566166926694 ], [ -2.44812491681813, 56.711560017857003 ], [ -2.448134627731732, 56.711553887840786 ], [ -2.448144382197599, 56.71154775907975 ], [ -2.448154146170445, 56.711541613775644 ], [ -2.448163885604993, 56.711535434130205 ], [ -2.448173566455965, 56.711529202345211 ], [ -2.448183154678092, 56.711522900622406 ], [ -2.448192616226109, 56.711516511163573 ], [ -2.44820191705476, 56.711510016170529 ], [ -2.4482110249376, 56.711503398785723 ], [ -2.448219934223866, 56.711496655896639 ], [ -2.448228659398821, 56.711489794805146 ], [ -2.448237215447432, 56.711482823071506 ], [ -2.448245617354667, 56.711475748256021 ], [ -2.44825388010549, 56.711468577918986 ], [ -2.448262018684863, 56.711461319620661 ], [ -2.448270048077749, 56.711453980921334 ], [ -2.448277983269098, 56.711446569381266 ], [ -2.448285839243866, 56.711439092560724 ], [ -2.448293630987, 56.711431558019989 ], [ -2.448301373483436, 56.711423973319292 ], [ -2.448309081718115, 56.711416346018908 ], [ -2.448316770675967, 56.711408683679068 ], [ -2.448324455341913, 56.711400993860046 ], [ -2.448331102807916, 56.711394333973274 ] ] ] ] } },
{ "type": "Feature", "properties": { "Poly_ID": "UncertaintyLower_2", "Method": "Open", "Timeseries": "VEdge", "Scenario": 8, "Year": 2030, "UncertaintyInterval": 95, "LowerQ": 2.5, "UpperQ": 97.5 }, "geometry": { "type": "MultiPolygon", "coordinates": [ [ [ [ -2.451880734598444, 56.705546877646931 ], [ -2.451883046248435, 56.705540756117252 ], [ -2.451886132235625, 56.705532315180157 ], [ -2.45188918815604, 56.705523815625988 ], [ -2.451892258951049, 56.705515269075974 ], [ -2.451895389561981, 56.705506687151313 ], [ -2.451898619941989, 56.70549808047241 ], [ -2.451901957021664, 56.705489453034005 ], [ -2.45190539431128, 56.705480806138254 ], [ -2.451908925282344, 56.705472141079461 ], [ -2.451912543406372, 56.705463459152 ], [ -2.451916242154881, 56.705454761650167 ], [ -2.451920014999406, 56.705446049868335 ], [ -2.451923855411474, 56.705437325100817 ], [ -2.451927756862629, 56.705428588641979 ], [ -2.451931712824414, 56.705419841786167 ], [ -2.451935716768386, 56.705411085827684 ], [ -2.4519397621661, 56.705402322060934 ], [ -2.451943842489128, 56.705393551780205 ], [ -2.451947951209036, 56.705384776279885 ], [ -2.451952081797406, 56.705375996854286 ], [ -2.451956227725825, 56.705367214797761 ], [ -2.451960382465882, 56.705358431404669 ], [ -2.451964539489179, 56.705349647969371 ], [ -2.45196869226732, 56.705340865786191 ], [ -2.451972834959623, 56.705332086043889 ], [ -2.451976966575105, 56.705323309186433 ], [ -2.451981088208534, 56.705314535337436 ], [ -2.451985200962771, 56.705305764619339 ], [ -2.451989305940674, 56.705296997154569 ], [ -2.451993404245105, 56.705288233065524 ], [ -2.451997496978922, 56.705279472474608 ], [ -2.452001585244978, 56.705270715504234 ], [ -2.452005670146137, 56.705261962276822 ], [ -2.452009752785248, 56.705253212914762 ], [ -2.452013834265168, 56.705244467540481 ], [ -2.452017915688749, 56.705235726276399 ], [ -2.452021998158843, 56.705226989244899 ], [ -2.452026082778303, 56.705218256568408 ], [ -2.452030170649981, 56.70520952836933 ], [ -2.452034262876722, 56.705200804770094 ], [ -2.45203836056138, 56.705192085893081 ], [ -2.452042464806796, 56.705183371860713 ], [ -2.452046576715823, 56.705174662795407 ], [ -2.452050697391303, 56.705165958819556 ], [ -2.452054827936083, 56.705157260055557 ], [ -2.452058969453005, 56.70514856662588 ], [ -2.452063123044913, 56.705139878652851 ], [ -2.452067289814648, 56.705131196258947 ], [ -2.45207147086505, 56.705122519566522 ], [ -2.452075667298961, 56.705113848698034 ], [ -2.45207988021922, 56.705105183775864 ], [ -2.452084110728664, 56.705096524922403 ], [ -2.45208835993013, 56.705087872260101 ], [ -2.452092628926458, 56.705079225911355 ], [ -2.452096918820478, 56.705070585998527 ], [ -2.452101230715026, 56.70506195264408 ], [ -2.452105565712937, 56.705053325970397 ], [ -2.452109924917041, 56.705044706099891 ], [ -2.452114309430175, 56.705036093154945 ], [ -2.452118720355163, 56.705027487258 ], [ -2.452123158794838, 56.705018888531455 ], [ -2.452127625852031, 56.705010297097694 ], [ -2.452132122629564, 56.705001713079135 ], [ -2.452136650230271, 56.704993136598198 ], [ -2.452141209756973, 56.704984567777281 ], [ -2.452145802312499, 56.704976006738775 ], [ -2.452150428999669, 56.704967453605093 ], [ -2.45215509092131, 56.704958908498654 ], [ -2.452159789180242, 56.704950371541827 ], [ -2.452164524879292, 56.704941842857075 ], [ -2.452169299121274, 56.704933322566752 ], [ -2.452174113009012, 56.704924810793266 ], [ -2.452178967645324, 56.704916307659055 ], [ -2.452183864133026, 56.704907813286482 ], [ -2.45218880357494, 56.704899327797996 ], [ -2.452193787073878, 56.704890851315952 ], [ -2.452198815732659, 56.70488238396279 ], [ -2.452203890654096, 56.704873925860895 ], [ -2.452209012941001, 56.704865477132671 ], [ -2.452214183696192, 56.704857037900517 ], [ -2.452219404022476, 56.704848608286852 ], [ -2.452224675022667, 56.704840188414053 ], [ -2.452229997799576, 56.704831778404547 ], [ -2.45223537345601, 56.704823378380716 ], [ -2.45224080309478, 56.704814988464975 ], [ -2.452246287818695, 56.70480660877972 ], [ -2.452251828730561, 56.704798239447349 ], [ -2.452257426933182, 56.704789880590255 ], [ -2.452263083529366, 56.704781532330855 ], [ -2.452268799621919, 56.704773194791549 ], [ -2.452274576313644, 56.704764868094706 ], [ -2.452280414707342, 56.704756552362774 ], [ -2.452286315905818, 56.704748247718122 ], [ -2.452292281011872, 56.704739954283141 ], [ -2.452298311128308, 56.704731672180245 ], [ -2.452304407357921, 56.704723401531815 ], [ -2.452310570803515, 56.704715142460287 ], [ -2.452316802567887, 56.704706895088016 ], [ -2.452323103753832, 56.704698659537421 ], [ -2.452329475464148, 56.7046904359309 ], [ -2.452335918801635, 56.704682224390822 ], [ -2.452342434869087, 56.704674025039608 ], [ -2.452349024769297, 56.70466583799967 ], [ -2.45235568960506, 56.70465766339337 ], [ -2.452362430479171, 56.70464950134312 ], [ -2.452369248494421, 56.704641351971311 ], [ -2.4523761447536, 56.704633215400335 ], [ -2.452383120359504, 56.704625091752568 ], [ -2.452390176414919, 56.704616981150451 ], [ -2.45239731402264, 56.704608883716347 ], [ -2.452404534285449, 56.704600799572638 ], [ -2.452488153726993, 56.704519686770432 ], [ -2.452490342564382, 56.704527157242069 ], [ -2.452486805506775, 56.704535466955967 ], [ -2.452482901454466, 56.704543752689752 ], [ -2.45247864811041, 56.704552015707606 ], [ -2.452474063177582, 56.704560257273656 ], [ -2.452469164358966, 56.704568478652064 ], [ -2.452463969357568, 56.704576681106992 ], [ -2.452458495876404, 56.704584865902625 ], [ -2.452452761618509, 56.704593034303073 ], [ -2.452446784286932, 56.704601187572536 ], [ -2.452440581584738, 56.704609326975145 ], [ -2.452434171215007, 56.704617453775086 ], [ -2.452427570880832, 56.704625569236498 ], [ -2.452420798285321, 56.704633674623594 ], [ -2.452413871131597, 56.704641771200528 ], [ -2.4524068071228, 56.704649860231463 ], [ -2.45239962396208, 56.704657942980582 ], [ -2.452392339352604, 56.704666020712068 ], [ -2.452384970997552, 56.704674094690134 ], [ -2.452377536600119, 56.704682166178934 ], [ -2.452370053863512, 56.70469023644268 ], [ -2.452362540490957, 56.704698306745577 ], [ -2.45235501418569, 56.704706378351815 ], [ -2.452347492650961, 56.704714452525629 ], [ -2.452339993590035, 56.7047225305312 ], [ -2.452332534706193, 56.704730613632769 ], [ -2.452325133702727, 56.704738703094534 ], [ -2.452317808282946, 56.704746800180736 ], [ -2.452310576150167, 56.704754906155607 ], [ -2.452303455007733, 56.704763022283366 ], [ -2.452296462558989, 56.704771149828275 ], [ -2.452289616507304, 56.704779290054546 ], [ -2.452282934556057, 56.704787444226433 ], [ -2.452276434408639, 56.704795613608198 ], [ -2.452270133768461, 56.704803799464074 ], [ -2.452264050338946, 56.704812003058322 ], [ -2.452258201823536, 56.70482022565519 ], [ -2.452252605925683, 56.70482846851894 ], [ -2.452247280348858, 56.704836732913833 ], [ -2.452242242796543, 56.704845020104138 ], [ -2.452237510833875, 56.704853331343571 ], [ -2.452233088252314, 56.704861666838141 ], [ -2.452228953557196, 56.704870024870345 ], [ -2.452225082543092, 56.704878403516481 ], [ -2.452221451004545, 56.70488680085284 ], [ -2.452218034736084, 56.704895214955698 ], [ -2.452214809532214, 56.704903643901353 ], [ -2.452211751187425, 56.704912085766082 ], [ -2.452208835496178, 56.704920538626169 ], [ -2.452206038252918, 56.704929000557868 ], [ -2.452203335252072, 56.704937469637478 ], [ -2.452200702288039, 56.70494594394124 ], [ -2.452198115155205, 56.704954421545416 ], [ -2.452195549647928, 56.704962900526311 ], [ -2.452192981560547, 56.704971378960146 ], [ -2.452190386687385, 56.704979854923209 ], [ -2.452187740822735, 56.704988326491744 ], [ -2.452185019760875, 56.704996791741991 ], [ -2.452182199296063, 56.705005248750233 ], [ -2.452179255222527, 56.705013695592719 ], [ -2.452176163334489, 56.705022130345682 ], [ -2.452172899530507, 56.705030551095881 ], [ -2.452169450863596, 56.705038957052608 ], [ -2.45216582529939, 56.705047349529764 ], [ -2.452162033104667, 56.705055730072836 ], [ -2.45215808454621, 56.705064100227283 ], [ -2.452153989890813, 56.705072461538577 ], [ -2.452149759405281, 56.705080815552215 ], [ -2.452145403356419, 56.705089163813689 ], [ -2.452140932011051, 56.705097507868437 ], [ -2.452136355636005, 56.705105849261955 ], [ -2.452131684498112, 56.705114189539742 ], [ -2.45212692886422, 56.705122530247266 ], [ -2.452122099001179, 56.705130872929999 ], [ -2.452117205175854, 56.705139219133464 ], [ -2.45211225765511, 56.705147570403113 ], [ -2.452107266705824, 56.705155928284455 ], [ -2.452102242594884, 56.705164294322977 ], [ -2.452097195589182, 56.705172670064158 ], [ -2.45209213595562, 56.705181057053508 ], [ -2.452087073961109, 56.705189456836521 ], [ -2.452082019872565, 56.705197870958685 ], [ -2.452076983956915, 56.7052063009655 ], [ -2.452071976481098, 56.705214748402476 ], [ -2.45206700771205, 56.705223214815113 ], [ -2.452062087916729, 56.705231701748929 ], [ -2.452057227362094, 56.705240210749388 ], [ -2.452052436315113, 56.705248743362034 ], [ -2.452047725042763, 56.705257301132349 ], [ -2.452043103812031, 56.705265885605868 ], [ -2.452038582444082, 56.705274498161643 ], [ -2.452034168315658, 56.705283139266136 ], [ -2.452029867970078, 56.705291809074637 ], [ -2.452025687949956, 56.705300507742194 ], [ -2.452021634797915, 56.705309235423812 ], [ -2.452017715056579, 56.705317992274558 ], [ -2.452013935268589, 56.705326778449461 ], [ -2.452010301976579, 56.705335594103559 ], [ -2.452006821723203, 56.70534443939188 ], [ -2.452003501051112, 56.70535331446947 ], [ -2.452000346502968, 56.705362219491363 ], [ -2.451997364621439, 56.705371154612607 ], [ -2.451994561949201, 56.705380119988213 ], [ -2.451991945028937, 56.705389115773229 ], [ -2.451989520403333, 56.705398142122711 ], [ -2.451987294615091, 56.705407199191683 ], [ -2.451985274206907, 56.705416287135179 ], [ -2.451983465721499, 56.705425406108233 ], [ -2.451981872933795, 56.705434555618112 ], [ -2.451980405518128, 56.70544371314832 ], [ -2.451978858189777, 56.705452829276943 ], [ -2.451977018671858, 56.705461852945547 ], [ -2.451974674687318, 56.705470733095751 ], [ -2.451971613958916, 56.705479418669142 ], [ -2.451967624209257, 56.705487858607214 ], [ -2.451962493160803, 56.705496001851486 ], [ -2.451956008535912, 56.705503797343404 ], [ -2.451947958056874, 56.705511194024304 ], [ -2.451938179632413, 56.705518152410747 ], [ -2.451926917393674, 56.705524726712987 ], [ -2.451914612340792, 56.705531016548434 ], [ -2.451901706767872, 56.705537121833025 ], [ -2.4518886429692, 56.705543142482874 ], [ -2.451880734598444, 56.705546877646931 ] ] ], [ [ [ -2.451837533356784, 56.705623537708853 ], [ -2.451839123360552, 56.70562726243913 ], [ -2.451843260726331, 56.705636471957504 ], [ -2.451847063883876, 56.705645514652822 ], [ -2.451850010487578, 56.705654265617596 ], [ -2.451851578191337, 56.705662599944461 ], [ -2.451851244648647, 56.705670392725949 ], [ -2.451848497691484, 56.705677521738473 ], [ -2.451843165781835, 56.705683954575214 ], [ -2.451835490414265, 56.705689767736928 ], [ -2.451825737911717, 56.705695044270982 ], [ -2.45181417459739, 56.705699867224709 ], [ -2.451801066794659, 56.705704319645406 ], [ -2.451786680827023, 56.705708484580491 ], [ -2.451771283018036, 56.705712445077374 ], [ -2.451755139691266, 56.705716284183637 ], [ -2.451738517170275, 56.705720084946954 ], [ -2.451721681778594, 56.705723930415125 ], [ -2.451704899839708, 56.705727903636117 ], [ -2.451688437677079, 56.705732087658014 ], [ -2.451672561614141, 56.705736565529044 ], [ -2.451657521506656, 56.705741414779197 ], [ -2.451643387046377, 56.705746652564955 ], [ -2.451636151634265, 56.705749709298885 ], [ -2.45164501010852, 56.705744287338291 ], [ -2.451655674653086, 56.705738074555121 ], [ -2.451666634857112, 56.705731974890227 ], [ -2.451677825963702, 56.705725969195484 ], [ -2.451689180113382, 56.705720037382548 ], [ -2.451700629446688, 56.705714159363154 ], [ -2.451712106104188, 56.705708315049023 ], [ -2.451723542226454, 56.705702484351917 ], [ -2.45173486995409, 56.705696647183643 ], [ -2.451746021427711, 56.705690783455992 ], [ -2.451756928787947, 56.705684873080806 ], [ -2.451767524175456, 56.705678895969939 ], [ -2.451777739730912, 56.705672832035283 ], [ -2.451787507595027, 56.705666661188701 ], [ -2.451796759908532, 56.705660363342147 ], [ -2.45180544313008, 56.705653921701987 ], [ -2.451813565677626, 56.705647333731036 ], [ -2.451821152725221, 56.705640600747607 ], [ -2.451828229447209, 56.70563372407004 ], [ -2.451834821017917, 56.705626705016655 ], [ -2.451837533356784, 56.705623537708853 ] ] ], [ [ [ -2.45150427311997, 56.705868571767745 ], [ -2.45150021064581, 56.70587524383302 ], [ -2.4514950476205, 56.705883959076886 ], [ -2.451489974150227, 56.705892671624753 ], [ -2.451484956691258, 56.705901365765527 ], [ -2.45147998901554, 56.705910039910925 ], [ -2.451475069782227, 56.705918694999397 ], [ -2.451470197650467, 56.70592733196947 ], [ -2.451465371279404, 56.705935951759599 ], [ -2.451460589328183, 56.705944555308285 ], [ -2.451455850455945, 56.705953143554019 ], [ -2.451451153321831, 56.705961717435279 ], [ -2.451446496584979, 56.705970277890557 ], [ -2.451441878904526, 56.705978825858331 ], [ -2.451437298939608, 56.705987362277092 ], [ -2.451432755349357, 56.705995888085319 ], [ -2.451428246792905, 56.706004404221517 ], [ -2.451423771929383, 56.70601291162415 ], [ -2.451419329417918, 56.70602141123171 ], [ -2.451414917917636, 56.70602990398266 ], [ -2.451410536087662, 56.706038390815543 ], [ -2.451406182587121, 56.706046872668765 ], [ -2.451401856075131, 56.706055350480867 ], [ -2.451397555210816, 56.706063825190313 ], [ -2.451395217982092, 56.70606845561516 ], [ -2.451398406768051, 56.70606117587409 ], [ -2.451402286194891, 56.706052355445337 ], [ -2.451406185644921, 56.706043545611465 ], [ -2.451410112791081, 56.706034749172517 ], [ -2.451414075306316, 56.706025968928564 ], [ -2.451418080863555, 56.706017207679658 ], [ -2.451422137135731, 56.706008468225882 ], [ -2.451426251795767, 56.705999753367273 ], [ -2.451430432516577, 56.705991065903895 ], [ -2.451434686971077, 56.705982408635812 ], [ -2.45143902283217, 56.705973784363067 ], [ -2.451443447772758, 56.705965195885732 ], [ -2.451447969465737, 56.705956646003862 ], [ -2.451452595583997, 56.705948137517488 ], [ -2.451457333800424, 56.705939673226695 ], [ -2.4514621917879, 56.705931255931489 ], [ -2.451467177219301, 56.705922888431957 ], [ -2.451472297767498, 56.705914573528126 ], [ -2.451477561105361, 56.705906314020048 ], [ -2.451482974905752, 56.705898112707771 ], [ -2.451488546841532, 56.705889972391326 ], [ -2.451494284585558, 56.705881895870768 ], [ -2.451500195810684, 56.705873885946112 ], [ -2.45150427311997, 56.705868571767745 ] ] ], [ [ [ -2.451310286532161, 56.706243034278138 ], [ -2.451306429189718, 56.706250993095658 ], [ -2.451302267159332, 56.706259543376746 ], [ -2.451298084407267, 56.706268093439782 ], [ -2.451293878447313, 56.70627664263796 ], [ -2.451289646793272, 56.706285190324436 ], [ -2.451285386958932, 56.706293735852363 ], [ -2.451281096458082, 56.706302278574888 ], [ -2.451276772804514, 56.706310817845193 ], [ -2.451272413512014, 56.706319353016411 ], [ -2.451268016094363, 56.706327883441737 ], [ -2.451263578065347, 56.706336408474314 ], [ -2.451259096938749, 56.706344927467278 ], [ -2.451254570228342, 56.7063534397738 ], [ -2.451249995447909, 56.706361944747051 ], [ -2.45124537011122, 56.706370441740169 ], [ -2.451240691732053, 56.706378930106325 ], [ -2.451235957824175, 56.706387409198655 ], [ -2.451231165901359, 56.706395878370323 ], [ -2.45122631347737, 56.706404336974494 ], [ -2.451221398065977, 56.706412784364311 ], [ -2.451216417180943, 56.706421219892945 ], [ -2.451211368336029, 56.706429642913527 ], [ -2.451206249044997, 56.70643805277922 ], [ -2.451201056821605, 56.706446448843174 ], [ -2.451195789179612, 56.706454830458547 ], [ -2.451190443632773, 56.706463196978497 ], [ -2.451185017694841, 56.706471547756131 ], [ -2.45117950887957, 56.706479882144656 ], [ -2.451173914700706, 56.706488199497194 ], [ -2.451168232672005, 56.706496499166882 ], [ -2.451162460307211, 56.706504780506911 ], [ -2.451156595120067, 56.70651304287037 ], [ -2.451150634624322, 56.706521285610464 ], [ -2.451144576333718, 56.706529508080287 ], [ -2.451138417761995, 56.706537709633032 ], [ -2.451132156422895, 56.706545889621808 ], [ -2.451125789830156, 56.70655404739977 ], [ -2.451119315497517, 56.706562182320077 ], [ -2.451112730938712, 56.706570293735844 ], [ -2.451106033667475, 56.706578381000242 ], [ -2.451099221197539, 56.706586443466392 ], [ -2.451092291844132, 56.706594480660677 ], [ -2.451085248357537, 56.706602493068083 ], [ -2.451078095013571, 56.706610481503333 ], [ -2.451070836089441, 56.706618446781476 ], [ -2.451063475862365, 56.706626389717499 ], [ -2.451056018609559, 56.706634311126464 ], [ -2.451048468608247, 56.706642211823393 ], [ -2.45104083013565, 56.706650092623299 ], [ -2.451033107469001, 56.706657954341225 ], [ -2.45102530488553, 56.706665797792191 ], [ -2.451017426662469, 56.706673623791232 ], [ -2.451009477077057, 56.706681433153399 ], [ -2.451001460406535, 56.706689226693697 ], [ -2.450993380928146, 56.706697005227177 ], [ -2.450985242919136, 56.706704769568873 ], [ -2.450977050656755, 56.70671252053382 ], [ -2.450968808418255, 56.706720258937068 ], [ -2.450960520480893, 56.706727985593609 ], [ -2.450952191121925, 56.70673570131855 ], [ -2.450943824618614, 56.70674340692689 ], [ -2.450935425248221, 56.706751103233664 ], [ -2.450926997288018, 56.706758791053964 ], [ -2.45091854501527, 56.706766471202769 ], [ -2.45091007270725, 56.706774144495178 ], [ -2.450901584641234, 56.706781811746197 ], [ -2.450893085094501, 56.706789473770897 ], [ -2.450884578344328, 56.706797131384327 ], [ -2.450876068668003, 56.706804785401538 ], [ -2.45086756034281, 56.706812436637556 ], [ -2.450859057646035, 56.706820085907459 ], [ -2.450850564854974, 56.706827734026305 ], [ -2.45084208624692, 56.706835381809128 ], [ -2.450833626099168, 56.706843030070985 ], [ -2.450825188689022, 56.706850679626946 ], [ -2.450816778293782, 56.706858331292061 ], [ -2.450808399190751, 56.706865985881393 ], [ -2.45080005565724, 56.706873644210006 ], [ -2.450791751970563, 56.706881307092949 ], [ -2.450783492408028, 56.706888975345286 ], [ -2.450775281246952, 56.706896649782095 ], [ -2.450767122764657, 56.706904331218418 ], [ -2.450759021238466, 56.706912020469346 ], [ -2.450750980945699, 56.70691971834993 ], [ -2.450743006163689, 56.706927425675239 ], [ -2.450735101169764, 56.706935143260324 ], [ -2.450727270241257, 56.706942871920305 ], [ -2.450719517655506, 56.706950612470202 ], [ -2.450711847689853, 56.706958365725114 ], [ -2.450704264621636, 56.706966132500099 ], [ -2.450696772728204, 56.706973913610241 ], [ -2.450689376286905, 56.706981709870604 ], [ -2.450682078434508, 56.706989521899509 ], [ -2.450674875847344, 56.706997349200726 ], [ -2.450667762929723, 56.707005190886122 ], [ -2.450660734083441, 56.707013046067054 ], [ -2.450653783710299, 56.707020913854969 ], [ -2.450646906212086, 56.707028793361218 ], [ -2.450640095990591, 56.707036683697233 ], [ -2.450633347447594, 56.70704458397438 ], [ -2.450626654984879, 56.70705249330409 ], [ -2.450620013004221, 56.707060410797723 ], [ -2.45061341590739, 56.707068335566689 ], [ -2.450606858096159, 56.707076266722353 ], [ -2.450600333972284, 56.707084203376127 ], [ -2.450593837937531, 56.707092144639397 ], [ -2.450587364393654, 56.707100089623545 ], [ -2.450580907742404, 56.707108037439959 ], [ -2.450574462385527, 56.707115987200012 ], [ -2.45056802272477, 56.707123938015094 ], [ -2.45056158316187, 56.707131888996585 ], [ -2.450555138098565, 56.707139839255888 ], [ -2.450548681954534, 56.707147787908696 ], [ -2.450542211649799, 56.707155734677364 ], [ -2.450535729147666, 56.707163680507769 ], [ -2.450529237017895, 56.707171626492865 ], [ -2.450522737830249, 56.707179573725682 ], [ -2.450516234154499, 56.707187523299233 ], [ -2.450509728560408, 56.707195476306438 ], [ -2.450503223617746, 56.70720343384037 ], [ -2.450496721896283, 56.707211396993962 ], [ -2.450490225965791, 56.707219366860272 ], [ -2.450483738396041, 56.707227344532271 ], [ -2.45047726175681, 56.707235331102936 ], [ -2.450470798617872, 56.707243327665303 ], [ -2.450464351549006, 56.707251335312336 ], [ -2.450457923119989, 56.707259355137062 ], [ -2.450451515900601, 56.707267388232466 ], [ -2.450445132460626, 56.707275435691557 ], [ -2.450438775369846, 56.707283498607332 ], [ -2.450432447198047, 56.707291578072791 ], [ -2.450426150515012, 56.707299675180941 ], [ -2.450419887890531, 56.707307791024775 ], [ -2.450413661894393, 56.707315926697312 ], [ -2.450407475096391, 56.707324083291525 ], [ -2.450401330066315, 56.707332261900468 ], [ -2.450395229373959, 56.707340463617122 ], [ -2.450389175589124, 56.707348689534456 ], [ -2.450383171281603, 56.707356940745527 ], [ -2.450377219021195, 56.707365218343313 ], [ -2.450371321377705, 56.707373523420827 ], [ -2.450365480920934, 56.707381857071091 ], [ -2.450359700220686, 56.707390220387076 ], [ -2.450353981906972, 56.707398614214561 ], [ -2.450348328933848, 56.70740703806824 ], [ -2.45034274436394, 56.707415491016953 ], [ -2.450337231259949, 56.707423972129227 ], [ -2.45033179268458, 56.707432480473564 ], [ -2.450326431700546, 56.707441015118469 ], [ -2.450321151370559, 56.707449575132465 ], [ -2.450315954757341, 56.70745815958405 ], [ -2.450310844923609, 56.70746676754176 ], [ -2.45030582493209, 56.707475398074095 ], [ -2.450300897845513, 56.707484050249569 ], [ -2.45029606672661, 56.70749272313671 ], [ -2.450291334638116, 56.707501415803996 ], [ -2.450286704642774, 56.707510127319999 ], [ -2.450282179803319, 56.707518856753197 ], [ -2.450277763182504, 56.707527603172117 ], [ -2.450273457843078, 56.707536365645268 ], [ -2.450269266847795, 56.707545143241155 ], [ -2.450265193259411, 56.707553935028308 ], [ -2.450261240140688, 56.707562740075261 ], [ -2.450257410554388, 56.707571557450485 ], [ -2.45025370756328, 56.707580386222538 ], [ -2.450250134230135, 56.70758922545992 ], [ -2.450246693617731, 56.707598074231157 ], [ -2.450243388788843, 56.707606931604744 ], [ -2.450240222806251, 56.707615796649208 ], [ -2.45023719873274, 56.707624668433041 ], [ -2.450234319631101, 56.707633546024816 ], [ -2.450231588564123, 56.707642428492996 ], [ -2.450229008594602, 56.707651314906116 ], [ -2.450226582785333, 56.70766020433269 ], [ -2.450224314199122, 56.707669095841233 ], [ -2.45022220589877, 56.707677988500251 ], [ -2.450220260947083, 56.707686881378265 ], [ -2.450218482406875, 56.707695773543797 ], [ -2.450216873340958, 56.707704664065325 ], [ -2.450215436812148, 56.707713552011406 ], [ -2.450214175883264, 56.707722436450517 ], [ -2.450213093617129, 56.707731316451181 ], [ -2.450212193076568, 56.707740191081932 ], [ -2.450211477324411, 56.707749059411221 ], [ -2.450210949423486, 56.707757920507618 ], [ -2.450210612436628, 56.707766773439594 ], [ -2.450210469426672, 56.707775617275679 ], [ -2.450210523456458, 56.707784451084358 ], [ -2.450210777588826, 56.707793273934158 ], [ -2.450211234886621, 56.707802084893558 ], [ -2.450211898412689, 56.707810883031087 ], [ -2.450212771229877, 56.70781966741523 ], [ -2.450213856401036, 56.707828437114493 ], [ -2.450247327165212, 56.707923987594256 ], [ -2.450202319265311, 56.707822518717059 ], [ -2.450200869413949, 56.707813466835155 ], [ -2.450199608523893, 56.707804431919186 ], [ -2.45019853466327, 56.707795413857006 ], [ -2.450197645900204, 56.707786412536478 ], [ -2.450196940302831, 56.707777427845485 ], [ -2.450196415939279, 56.707768459671861 ], [ -2.450196070877683, 56.707759507903475 ], [ -2.450195903186187, 56.707750572428175 ], [ -2.450195910932923, 56.707741653133859 ], [ -2.450196092186037, 56.707732749908352 ], [ -2.450196445013672, 56.707723862639533 ], [ -2.450196967483975, 56.707714991215234 ], [ -2.450197657665093, 56.707706135523331 ], [ -2.450198513625178, 56.707697295451695 ], [ -2.450199533432386, 56.707688470888137 ], [ -2.450200715154867, 56.707679661720547 ], [ -2.450202056860784, 56.707670867836789 ], [ -2.450203556618291, 56.707662089124668 ], [ -2.450205212495555, 56.707653325472087 ], [ -2.450207022560736, 56.707644576766874 ], [ -2.450208984882003, 56.707635842896892 ], [ -2.450211097527522, 56.707627123749987 ], [ -2.450213358565465, 56.707618419214008 ], [ -2.450215766064005, 56.707609729176809 ], [ -2.450218318091312, 56.707601053526247 ], [ -2.450221012715569, 56.707592392150161 ], [ -2.450223848004951, 56.707583744936407 ], [ -2.450226822027638, 56.707575111772847 ], [ -2.450229932851816, 56.707566492547301 ], [ -2.450233178545666, 56.707557887147651 ], [ -2.450236557177378, 56.707549295461725 ], [ -2.450240066815141, 56.707540717377377 ], [ -2.450243705527141, 56.707532152782441 ], [ -2.450247471381577, 56.707523601564802 ], [ -2.450251362446639, 56.707515063612277 ], [ -2.450255376790528, 56.707506538812716 ], [ -2.450259512481438, 56.707498027053994 ], [ -2.450263767587573, 56.707489528223924 ], [ -2.450268140177133, 56.707481042210375 ], [ -2.450272628318328, 56.707472568901174 ], [ -2.450277230079357, 56.707464108184205 ], [ -2.450281943528434, 56.707455659947286 ], [ -2.450286766733766, 56.707447224078273 ], [ -2.450291697763566, 56.707438800465013 ], [ -2.450296734686049, 56.707430388995348 ], [ -2.450301875569429, 56.707421989557133 ], [ -2.450307118481927, 56.707413602038201 ], [ -2.450312461491758, 56.707405226326451 ], [ -2.450317902667146, 56.707396862309665 ], [ -2.450323440076315, 56.707388509875706 ], [ -2.450329071787488, 56.707380168912458 ], [ -2.450334795868895, 56.70737183930774 ], [ -2.45034061038876, 56.7073635209494 ], [ -2.450346513415318, 56.707355213725293 ], [ -2.450352503016795, 56.707346917523267 ], [ -2.450358577261434, 56.707338632231178 ], [ -2.450364734217466, 56.707330357736851 ], [ -2.450370971953127, 56.707322093928163 ], [ -2.450377288536658, 56.70731384069294 ], [ -2.4503836820363, 56.707305597919067 ], [ -2.450390150520297, 56.707297365494362 ], [ -2.45039669205689, 56.707289143306681 ], [ -2.45040330471433, 56.707280931243879 ], [ -2.450409986560863, 56.707272729193789 ], [ -2.450416735664737, 56.707264537044317 ], [ -2.450423550094206, 56.707256354683238 ], [ -2.45043042791752, 56.707248181998459 ], [ -2.450437367202939, 56.707240018877812 ], [ -2.450444366018712, 56.707231865209138 ], [ -2.450451422433105, 56.707223720880314 ], [ -2.450458534514373, 56.707215585779196 ], [ -2.450465700330779, 56.707207459793594 ], [ -2.450472917950584, 56.707199342811414 ], [ -2.450480185442058, 56.707191234720476 ], [ -2.450487500873462, 56.707183135408648 ], [ -2.450494862313065, 56.707175044763787 ], [ -2.45050226782914, 56.707166962673732 ], [ -2.450509715489957, 56.707158889026381 ], [ -2.450517203363786, 56.707150823709526 ], [ -2.450524729518906, 56.707142766611078 ], [ -2.450532292023588, 56.707134717618843 ], [ -2.450539888946115, 56.707126676620746 ], [ -2.450547518354764, 56.707118643504579 ], [ -2.450555178317818, 56.707110618158254 ], [ -2.450562866903554, 56.707102600469582 ], [ -2.450570582180264, 56.707094590326449 ], [ -2.450578322216229, 56.707086587616722 ], [ -2.450586085079735, 56.707078592228243 ], [ -2.450593868839074, 56.707070604048873 ], [ -2.450601671562536, 56.70706262296649 ], [ -2.450609491318414, 56.707054648868933 ], [ -2.450617326174998, 56.70704668164408 ], [ -2.450625174200586, 56.707038721179785 ], [ -2.450633033463475, 56.707030767363911 ], [ -2.450640902031962, 56.707022820084333 ], [ -2.450648777974348, 56.707014879228907 ], [ -2.450656659358933, 56.707006944685489 ], [ -2.45066454425402, 56.706999016341967 ], [ -2.450672430727916, 56.706991094086192 ], [ -2.450680316848923, 56.706983177806002 ], [ -2.450688200784099, 56.706975267376691 ], [ -2.450696081492291, 56.706967362572335 ], [ -2.450703958313043, 56.706959463118409 ], [ -2.450711830588315, 56.706951568740052 ], [ -2.450719697660069, 56.706943679162428 ], [ -2.450727558870273, 56.70693579411067 ], [ -2.450735413560883, 56.706927913309961 ], [ -2.450743261073868, 56.706920036485428 ], [ -2.450751100751191, 56.706912163362226 ], [ -2.450758931934816, 56.706904293665538 ], [ -2.450766753966708, 56.706896427120476 ], [ -2.450774566188832, 56.706888563452218 ], [ -2.450782367943154, 56.706880702385931 ], [ -2.450790158571638, 56.706872843646728 ], [ -2.450797937416251, 56.706864986959793 ], [ -2.450805703818959, 56.706857132050295 ], [ -2.450813457121731, 56.706849278643347 ], [ -2.450821196666528, 56.706841426464131 ], [ -2.450828921795326, 56.706833575237788 ], [ -2.450836631850086, 56.706825724689502 ], [ -2.450844326172778, 56.706817874544399 ], [ -2.450852004105369, 56.706810024527648 ], [ -2.450859664989829, 56.706802174364398 ], [ -2.450867308168128, 56.706794323779796 ], [ -2.450874932982231, 56.706786472499019 ], [ -2.450882538774114, 56.706778620247221 ], [ -2.450890124885741, 56.706770766749528 ], [ -2.450897690659084, 56.706762911731133 ], [ -2.450905235436116, 56.706755054917174 ], [ -2.450912758558803, 56.706747196032801 ], [ -2.450920259369123, 56.706739334803203 ], [ -2.450927737209041, 56.706731470953507 ], [ -2.450935191420532, 56.706723604208882 ], [ -2.450942621345569, 56.70671573429447 ], [ -2.450950026326124, 56.706707860935452 ], [ -2.450957405704167, 56.706699983856971 ], [ -2.450964758821675, 56.706692102784189 ], [ -2.450972085020621, 56.706684217442252 ], [ -2.450979383642977, 56.706676327556337 ], [ -2.450986654030718, 56.706668432851579 ], [ -2.450993895525823, 56.706660533053167 ], [ -2.451001107470264, 56.706652627886236 ], [ -2.451008289206012, 56.706644717075946 ], [ -2.451015440075049, 56.706636800347475 ], [ -2.45102255941935, 56.706628877425956 ], [ -2.45102964658089, 56.706620948036559 ], [ -2.451036700901644, 56.706613011904452 ], [ -2.451043721723595, 56.706605068754776 ], [ -2.451050708388718, 56.706597118312708 ], [ -2.451057660238988, 56.706589160303395 ], [ -2.451064576616388, 56.706581194451999 ], [ -2.451071456862898, 56.706573220483676 ], [ -2.451078300320492, 56.706565238123588 ], [ -2.451085106331153, 56.706557247096903 ], [ -2.451091874236861, 56.706549247128777 ], [ -2.451098603379594, 56.706541237944357 ], [ -2.451105293101336, 56.706533219268827 ], [ -2.451111942744066, 56.706525190827335 ], [ -2.451118551649769, 56.706517152345043 ], [ -2.451125119160425, 56.706509103547084 ], [ -2.451131644618019, 56.706501044158671 ], [ -2.45113812736453, 56.706492973904915 ], [ -2.451144566741945, 56.706484892511014 ], [ -2.451150962092247, 56.706476799702102 ], [ -2.451157312757421, 56.706468695203363 ], [ -2.451163618079449, 56.706460578739936 ], [ -2.451169877400321, 56.706452450036998 ], [ -2.451176090062019, 56.706444308819712 ], [ -2.451182255406533, 56.706436154813211 ], [ -2.451188372775847, 56.706427987742693 ], [ -2.451194441511949, 56.706419807333297 ], [ -2.451200460956829, 56.706411613310195 ], [ -2.451206430452474, 56.70640340539854 ], [ -2.45121234934087, 56.70639518332348 ], [ -2.45121821696401, 56.706386946810213 ], [ -2.451224032663884, 56.706378695583872 ], [ -2.451229795782479, 56.706370429369656 ], [ -2.451235505661789, 56.706362147892669 ], [ -2.451241161643805, 56.706353850878102 ], [ -2.451246763070519, 56.706345538051131 ], [ -2.451252309283923, 56.70633720913689 ], [ -2.45125779962601, 56.706328863860577 ], [ -2.451263233438775, 56.706320501947317 ], [ -2.451268610064212, 56.706312123122288 ], [ -2.451273928844314, 56.706303727110651 ], [ -2.451279189121079, 56.706295313637568 ], [ -2.451284390236499, 56.706286882428202 ], [ -2.451289531532578, 56.706278433207707 ], [ -2.451294612351308, 56.70626996570126 ], [ -2.451299632034686, 56.706261479634023 ], [ -2.451304589924714, 56.706252974731136 ], [ -2.451309485363389, 56.706244450717783 ], [ -2.451310286532161, 56.706243034278138 ] ] ] ] } },
{ "type": "Feature", "properties": { "Poly_ID": "UncertaintyLower_0", "Method": "Open", "Timeseries": "VEdge", "Scenario": 8, "Year": 2030, "UncertaintyInterval": 68, "LowerQ": 16.0, "UpperQ": 84.0 }, "geometry": { "type": "MultiPolygon", "coordinates": [ [ [ [ -2.4478869807859, 56.717484164423027 ], [ -2.447889342486331, 56.717488772163719 ], [ -2.447894293764636, 56.717497014562326 ], [ -2.447899955241612, 56.717505144488598 ], [ -2.447906365208034, 56.717513156238454 ], [ -2.447913561920448, 56.717521044112054 ], [ -2.447921542593085, 56.71752880748447 ], [ -2.447930183839223, 56.717536460643231 ], [ -2.447939340232621, 56.717544020601096 ], [ -2.447948866346926, 56.717551504370846 ], [ -2.447958616755681, 56.717558928965289 ], [ -2.447968446032338, 56.717566311397334 ], [ -2.44797820875024, 56.717573668679869 ], [ -2.447987759482654, 56.717581017825857 ], [ -2.447996952802735, 56.717588375848294 ], [ -2.448005643283552, 56.717595759760236 ], [ -2.448013685498071, 56.717603186574742 ], [ -2.448020934019158, 56.717610673304925 ], [ -2.448027243419571, 56.717618236963915 ], [ -2.448032468271955, 56.717625894564826 ], [ -2.448036463148827, 56.7176336631208 ], [ -2.448039104735107, 56.717641557266774 ], [ -2.44804043744524, 56.717649573598422 ], [ -2.448040582588559, 56.717657700441478 ], [ -2.448039661875554, 56.717665926078396 ], [ -2.448037797016809, 56.717674238791673 ], [ -2.448035109723004, 56.717682626863805 ], [ -2.448031721704912, 56.717691078577225 ], [ -2.448027754673415, 56.717699582214422 ], [ -2.448023330339501, 56.71770812605785 ], [ -2.448018570414271, 56.717716698389971 ], [ -2.44801359660894, 56.717725287493309 ], [ -2.44800853026261, 56.717733881686428 ], [ -2.448003453281034, 56.717742473106078 ], [ -2.447998373828232, 56.717751061029176 ], [ -2.447993291979621, 56.717759645515784 ], [ -2.447988207810612, 56.717768226626013 ], [ -2.44798312139662, 56.717776804419955 ], [ -2.447978032813064, 56.7177853789577 ], [ -2.447972942135354, 56.717793950299345 ], [ -2.447967849438906, 56.717802518504975 ], [ -2.447962754799136, 56.717811083634672 ], [ -2.447957658291457, 56.717819645748556 ], [ -2.447952559991286, 56.717828204906688 ], [ -2.447947459974036, 56.717836761169181 ], [ -2.447942358315126, 56.717845314596119 ], [ -2.447937255089964, 56.717853865247569 ], [ -2.447932150373972, 56.717862413183667 ], [ -2.447927044242562, 56.717870958464481 ], [ -2.447921936771149, 56.717879501150101 ], [ -2.447916828035147, 56.717888041300618 ], [ -2.447911718109974, 56.717896578976138 ], [ -2.447906607071045, 56.717905114236743 ], [ -2.447901494993772, 56.71791364714251 ], [ -2.447896381953575, 56.71792217775355 ], [ -2.447891268025865, 56.71793070612997 ], [ -2.447886153286058, 56.717939232331815 ], [ -2.447881037809575, 56.717947756419214 ], [ -2.447875921671823, 56.717956278452242 ], [ -2.447870804948225, 56.71796479849101 ], [ -2.447865687714189, 56.717973316595568 ], [ -2.447860570045138, 56.717981832826069 ], [ -2.447855452016484, 56.717990347242562 ], [ -2.447850333703642, 56.717998859905151 ], [ -2.44784521518203, 56.71800737087392 ], [ -2.44784009652706, 56.718015880208959 ], [ -2.447834977814153, 56.718024387970374 ], [ -2.447829859118721, 56.718032894218247 ], [ -2.44782474051618, 56.718041399012691 ], [ -2.447819622081945, 56.71804990241376 ], [ -2.447814503891438, 56.718058404481567 ], [ -2.447809386020066, 56.718066905276203 ], [ -2.447804268543252, 56.718075404857771 ], [ -2.447799151536406, 56.718083903286342 ], [ -2.44779403507495, 56.718092400622012 ], [ -2.447788919234297, 56.718100896924888 ], [ -2.447783804089864, 56.718109392255045 ], [ -2.447778689717066, 56.718117886672594 ], [ -2.44777357619132, 56.718126380237607 ], [ -2.44776846358804, 56.718134873010186 ], [ -2.447763351982647, 56.718143365050402 ], [ -2.447758241450553, 56.718151856418395 ], [ -2.447753132067175, 56.718160347174205 ], [ -2.447748023907931, 56.718168837377945 ], [ -2.447742917048236, 56.718177327089741 ], [ -2.447737811563508, 56.71818581636964 ], [ -2.447732707529162, 56.718194305277727 ], [ -2.447727605020614, 56.718202793874141 ], [ -2.447722504113283, 56.718211282218917 ], [ -2.447717404882583, 56.718219770372194 ], [ -2.44771230740393, 56.718228258394042 ], [ -2.447707211752743, 56.718236746344566 ], [ -2.447702118004438, 56.718245234283863 ], [ -2.447697026234434, 56.718253722271982 ], [ -2.447691936518142, 56.718262210369083 ], [ -2.447686848930982, 56.718270698635187 ], [ -2.447681763548374, 56.718279187130427 ], [ -2.447676680445729, 56.718287675914901 ], [ -2.447671599698466, 56.718296165048677 ], [ -2.447666521382002, 56.71830465459189 ], [ -2.447661445571756, 56.718313144604551 ], [ -2.447656372343142, 56.71832163514685 ], [ -2.447651301771581, 56.718330126278801 ], [ -2.447646233932485, 56.718338618060535 ], [ -2.447641168901273, 56.718347110552138 ], [ -2.447636106753366, 56.718355603813698 ], [ -2.447631047564172, 56.718364097905315 ], [ -2.447625991409117, 56.718372592887064 ], [ -2.447620938363616, 56.718381088819072 ], [ -2.447615888503085, 56.7183895857614 ], [ -2.447610841903558, 56.718398083774034 ], [ -2.447605798706965, 56.71840658290602 ], [ -2.44760075917868, 56.718415083185853 ], [ -2.447595723597658, 56.718423584639751 ], [ -2.447590692242847, 56.718432087293955 ], [ -2.4475856653932, 56.718440591174669 ], [ -2.447580643327671, 56.718449096308177 ], [ -2.447575626325207, 56.718457602720683 ], [ -2.447570614664767, 56.71846611043842 ], [ -2.4475656086253, 56.718474619487623 ], [ -2.44756060848576, 56.718483129894523 ], [ -2.447555614525102, 56.718491641685347 ], [ -2.447550627022275, 56.718500154886343 ], [ -2.447545646256235, 56.718508669523736 ], [ -2.447540672505939, 56.71851718562376 ], [ -2.447535706050336, 56.718525703212634 ], [ -2.447530747168383, 56.718534222316613 ], [ -2.447525796139035, 56.718542742961922 ], [ -2.447520853241248, 56.718551265174803 ], [ -2.447515918753974, 56.71855978898148 ], [ -2.447510992956168, 56.718568314408181 ], [ -2.447506076126789, 56.718576841481138 ], [ -2.447501168544791, 56.718585370226599 ], [ -2.447496270489133, 56.71859390067079 ], [ -2.447491382238768, 56.718602432839937 ], [ -2.447486504072649, 56.718610966760281 ], [ -2.447481636269741, 56.718619502458068 ], [ -2.447476779108996, 56.718628039959519 ], [ -2.447471932869373, 56.718636579290845 ], [ -2.447467097829827, 56.718645120478328 ], [ -2.447462274269319, 56.71865366354816 ], [ -2.447457462466806, 56.718662208526602 ], [ -2.447452662701247, 56.718670755439867 ], [ -2.447447875251597, 56.7186793043142 ], [ -2.44744310039682, 56.71868785517583 ], [ -2.447438338415869, 56.718696408050995 ], [ -2.447433589587707, 56.718704962965937 ], [ -2.447428854191295, 56.718713519946881 ], [ -2.447424132505589, 56.718722079020047 ], [ -2.447419424809552, 56.718730640211703 ], [ -2.447414731382139, 56.71873920354804 ], [ -2.447410052502317, 56.718747769055348 ], [ -2.447405388449042, 56.718756336759796 ], [ -2.447400739501277, 56.718764906687674 ], [ -2.447396105937984, 56.718773478865174 ], [ -2.447391488038123, 56.718782053318563 ], [ -2.447386886080654, 56.718790630074068 ], [ -2.447382300344542, 56.718799209157908 ], [ -2.447377731108748, 56.71880779059633 ], [ -2.447373178652235, 56.718816374415553 ], [ -2.447368643253964, 56.71882496064184 ], [ -2.447364125192897, 56.718833549301401 ], [ -2.447359624748, 56.718842140420485 ], [ -2.447355142198234, 56.718850734025317 ], [ -2.447350677822566, 56.718859330142138 ], [ -2.447346231899956, 56.718867928797167 ], [ -2.44734180470937, 56.718876530016665 ], [ -2.447337396529773, 56.718885133826845 ], [ -2.447333007640126, 56.718893740253968 ], [ -2.447328638319401, 56.718902349324239 ], [ -2.447324288846556, 56.718910961063905 ], [ -2.447319959500557, 56.718919575499193 ], [ -2.447315650560375, 56.718928192656357 ], [ -2.44731136230497, 56.71893681256163 ], [ -2.447307095013312, 56.718945435241224 ], [ -2.447302848964365, 56.718954060721373 ], [ -2.447298624437096, 56.718962689028345 ], [ -2.447294421710474, 56.718971320188352 ], [ -2.447290241063461, 56.718979954227642 ], [ -2.447286082775029, 56.718988591172426 ], [ -2.447281947121982, 56.718997231048739 ], [ -2.447277834301396, 56.719005873874224 ], [ -2.447273744409286, 56.719014519655929 ], [ -2.447269677535165, 56.719023168400206 ], [ -2.447265633768533, 56.719031820113464 ], [ -2.447261613198901, 56.719040474802043 ], [ -2.447257615915778, 56.719049132472321 ], [ -2.447253642008667, 56.719057793130659 ], [ -2.447249691567077, 56.719066456783459 ], [ -2.447245764680518, 56.719075123437051 ], [ -2.447241861438496, 56.719083793097823 ], [ -2.447237981930519, 56.719092465772157 ], [ -2.447234126246092, 56.719101141466403 ], [ -2.447230294474726, 56.719109820186944 ], [ -2.44722648670593, 56.719118501940137 ], [ -2.447222703029209, 56.719127186732358 ], [ -2.447218943534072, 56.71913587457 ], [ -2.44721520831003, 56.719144565459395 ], [ -2.447211497446589, 56.71915325940693 ], [ -2.447207811033254, 56.719161956418965 ], [ -2.44720414915954, 56.719170656501902 ], [ -2.447200511914954, 56.719179359662085 ], [ -2.447196899389001, 56.719188065905868 ], [ -2.447193311671193, 56.719196775239659 ], [ -2.447189748851039, 56.719205487669804 ], [ -2.44718621101805, 56.719214203202682 ], [ -2.447182698261728, 56.719222921844661 ], [ -2.447179210671588, 56.719231643602107 ], [ -2.447175748337139, 56.719240368481394 ], [ -2.447172311347888, 56.719249096488895 ], [ -2.447168899793347, 56.719257827630962 ], [ -2.447165513763022, 56.71926656191399 ], [ -2.447162153346426, 56.719275299344332 ], [ -2.447158818633067, 56.719284039928361 ], [ -2.447155509712458, 56.719292783672465 ], [ -2.447152226674106, 56.719301530582975 ], [ -2.447148969607519, 56.719310280666313 ], [ -2.447145738602211, 56.719319033928805 ], [ -2.447142533747692, 56.71932779037683 ], [ -2.447139355133469, 56.719336550016763 ], [ -2.447136202849056, 56.71934531285499 ], [ -2.447133076983961, 56.719354078897851 ], [ -2.447129977627694, 56.719362848151739 ], [ -2.44712690486977, 56.719371620623015 ], [ -2.447123858799696, 56.719380396318051 ], [ -2.447120839506983, 56.719389175243201 ], [ -2.447117847081144, 56.719397957404865 ], [ -2.447114881611689, 56.71940674280939 ], [ -2.447111943188129, 56.719415531463163 ], [ -2.447109031899974, 56.719424323372529 ], [ -2.447106147836737, 56.719433118543883 ], [ -2.447103291087929, 56.719441916983584 ], [ -2.447100461743063, 56.719450718697992 ], [ -2.447097659891647, 56.719459523693502 ], [ -2.447094885623196, 56.719468331976458 ], [ -2.447092139027221, 56.719477143553249 ], [ -2.447089420193233, 56.719485958430219 ], [ -2.447086729210745, 56.719494776613764 ], [ -2.447084066169266, 56.719503598110244 ], [ -2.447081431158315, 56.719512422926037 ], [ -2.447078824267397, 56.719521251067498 ], [ -2.447076245586029, 56.719530082541006 ], [ -2.44707369520372, 56.719538917352921 ], [ -2.447071173209987, 56.719547755509637 ], [ -2.447068679694339, 56.719556597017508 ], [ -2.44706621474629, 56.719565441882885 ], [ -2.447063778455353, 56.719574290112163 ], [ -2.447061370911041, 56.719583141711695 ], [ -2.447058992202868, 56.719591996687868 ], [ -2.447056642420345, 56.719600855047034 ], [ -2.44705432145679, 56.719609716767167 ], [ -2.447052027771927, 56.719618581618477 ], [ -2.4470497591893, 56.719627449279052 ], [ -2.447047513529578, 56.71963631942652 ], [ -2.447045288613436, 56.719645191738557 ], [ -2.447043082261542, 56.719654065892819 ], [ -2.447040892294563, 56.719662941566959 ], [ -2.44703871653317, 56.71967181843862 ], [ -2.447036552798019, 56.719680696185456 ], [ -2.447034398909776, 56.719689574485123 ], [ -2.4470322526891, 56.71969845301529 ], [ -2.44703011195665, 56.719707331453598 ], [ -2.44702797453308, 56.719716209477689 ], [ -2.447025838239044, 56.719725086765237 ], [ -2.447023700895197, 56.719733962993864 ], [ -2.447021560322186, 56.719742837841252 ], [ -2.447019414340659, 56.719751710985037 ], [ -2.447017260771264, 56.719760582102857 ], [ -2.447015097434645, 56.719769450872413 ], [ -2.447012922151441, 56.719778316971315 ], [ -2.447010732742296, 56.719787180077219 ], [ -2.447008527027847, 56.719796039867795 ], [ -2.447006302828731, 56.719804896020662 ], [ -2.447004057965579, 56.71981374821349 ], [ -2.447001790259027, 56.719822596123933 ], [ -2.446999497529705, 56.719831439429647 ], [ -2.446997177598242, 56.71984027780826 ], [ -2.446994828285262, 56.719849110937446 ], [ -2.446992447411392, 56.719857938494833 ], [ -2.446990032797255, 56.719866760158091 ], [ -2.44698758226347, 56.71987557560486 ], [ -2.446985093630658, 56.719884384512781 ], [ -2.446982564719435, 56.719893186559517 ], [ -2.446979993350417, 56.719901981422709 ], [ -2.446977377344216, 56.719910768780011 ], [ -2.446974714521446, 56.719919548309072 ], [ -2.446972002702713, 56.71992831968754 ], [ -2.446969239708629, 56.719937082593056 ], [ -2.446966423359795, 56.719945836703261 ], [ -2.446963551476818, 56.719954581695823 ], [ -2.4469606218803, 56.719963317248364 ], [ -2.446957632390843, 56.719972043038545 ], [ -2.446954580829042, 56.719980758744029 ], [ -2.446951465015496, 56.719989464042435 ], [ -2.4469482827708, 56.719998158611425 ], [ -2.446945031915547, 56.720006842128633 ], [ -2.446941710270327, 56.720015514271715 ], [ -2.446938315655733, 56.720024174718304 ], [ -2.446934845892351, 56.720032823146056 ], [ -2.446931298800765, 56.720041459232611 ], [ -2.446927672201564, 56.720050082655597 ], [ -2.446923963915327, 56.720058693092696 ], [ -2.446920171762637, 56.720067290221508 ], [ -2.446916293564074, 56.720075873719701 ], [ -2.446912327140215, 56.720084443264902 ], [ -2.446908270311638, 56.720092998534767 ], [ -2.446904120898916, 56.720101539206915 ], [ -2.446899876722617, 56.720110064959016 ], [ -2.446895535603324, 56.720118575468689 ], [ -2.446891095361595, 56.720127070413582 ], [ -2.446886553818007, 56.72013554947133 ], [ -2.44688190879312, 56.720144012319558 ], [ -2.446877158107504, 56.72015245863593 ], [ -2.446872299581721, 56.720160888098071 ], [ -2.446867331036331, 56.72016930038361 ], [ -2.4468622502919, 56.720177695170186 ], [ -2.44685705516898, 56.720186072135455 ], [ -2.446851743488136, 56.720194430957022 ], [ -2.44684631306992, 56.720202771312536 ], [ -2.44684076220216, 56.720211092954848 ], [ -2.446835092948102, 56.720219396244772 ], [ -2.446829309197915, 56.720227681837201 ], [ -2.446823414853704, 56.720235950389025 ], [ -2.446817413817576, 56.72024420255709 ], [ -2.446811309991644, 56.720252438998251 ], [ -2.446805107278021, 56.720260660369398 ], [ -2.446798809578827, 56.720268867327356 ], [ -2.446792420796179, 56.720277060529 ], [ -2.446785944832205, 56.720285240631192 ], [ -2.446779385589032, 56.7202934082908 ], [ -2.446772746968785, 56.720301564164672 ], [ -2.446766032873603, 56.720309708909703 ], [ -2.44675924720562, 56.720317843182727 ], [ -2.446752393866975, 56.720325967640619 ], [ -2.446745476759811, 56.720334082940255 ], [ -2.446738499786273, 56.720342189738496 ], [ -2.44673146684851, 56.720350288692195 ], [ -2.446724381848668, 56.720358380458244 ], [ -2.44671724868891, 56.720366465693516 ], [ -2.446710071271384, 56.72037454505486 ], [ -2.446702853498257, 56.72038261919915 ], [ -2.446695599271685, 56.720390688783276 ], [ -2.446688312493836, 56.720398754464085 ], [ -2.446680997066881, 56.720406816898496 ], [ -2.446673656892986, 56.720414876743334 ], [ -2.446666295874327, 56.720422934655502 ], [ -2.446658917913084, 56.720430991291856 ], [ -2.446651526911433, 56.720439047309313 ], [ -2.446644126771555, 56.720447103364712 ], [ -2.446636721395638, 56.720455160114938 ], [ -2.446629314685867, 56.720463218216906 ], [ -2.446621910544434, 56.720471278327459 ], [ -2.446614512873534, 56.720479341103498 ], [ -2.446607125575362, 56.720487407201894 ], [ -2.446599752552116, 56.720495477279556 ], [ -2.446592397706, 56.720503551993332 ], [ -2.446585064939214, 56.720511632000139 ], [ -2.446577758153972, 56.720519717956869 ], [ -2.446570481252484, 56.72052781052038 ], [ -2.446563238136957, 56.720535910347593 ], [ -2.44655603270961, 56.72054401809536 ], [ -2.446548868872665, 56.720552134420601 ], [ -2.446541750528341, 56.720560259980203 ], [ -2.446534681578862, 56.720568395431044 ], [ -2.446527665926457, 56.720576541430056 ], [ -2.446520707473356, 56.720584698634084 ], [ -2.446513810121797, 56.720592867700056 ], [ -2.446506977774007, 56.720601049284859 ], [ -2.446500214332233, 56.720609244045377 ], [ -2.446493523698719, 56.720617452638542 ], [ -2.446486909775704, 56.720625675721209 ], [ -2.446480376465442, 56.720633913950309 ], [ -2.44647392767018, 56.720642167982724 ], [ -2.446467567292181, 56.720650438475353 ], [ -2.446461299233694, 56.720658726085112 ], [ -2.446455127396987, 56.720667031468885 ], [ -2.446449055684323, 56.720675355283596 ], [ -2.44644308799797, 56.720683698186129 ], [ -2.446437228240197, 56.720692060833386 ], [ -2.446431480313283, 56.720700443882301 ], [ -2.4464258481195, 56.720708847989734 ], [ -2.446420335561136, 56.720717273812618 ], [ -2.446414946540472, 56.720725722007849 ], [ -2.446409684959797, 56.720734193232339 ], [ -2.446404554721402, 56.720742688142963 ], [ -2.446399559727586, 56.720751207396681 ], [ -2.446394703880644, 56.720759751650363 ], [ -2.446389991082884, 56.720768321560904 ], [ -2.446385425236609, 56.720776917785251 ], [ -2.446381010244131, 56.720785540980266 ], [ -2.44637675000393, 56.720794191801744 ], [ -2.44637264624481, 56.720802870260165 ], [ -2.446368694908051, 56.720811574644735 ], [ -2.446364890980377, 56.720820302960782 ], [ -2.446361229448497, 56.720829053213599 ], [ -2.446357705299134, 56.720837823408516 ], [ -2.446354313518993, 56.720846611550861 ], [ -2.446351049094781, 56.720855415645929 ], [ -2.446347907013202, 56.720864233699054 ], [ -2.446344882260955, 56.720873063715523 ], [ -2.446341969824735, 56.720881903700651 ], [ -2.446339164691237, 56.720890751659766 ], [ -2.446336461847145, 56.720899605598156 ], [ -2.446333856279145, 56.720908463521134 ], [ -2.446331342973914, 56.720917323434044 ], [ -2.446328916918132, 56.720926183342144 ], [ -2.446326573098465, 56.720935041250769 ], [ -2.446324306501586, 56.720943895165199 ], [ -2.446322112114153, 56.720952743090777 ], [ -2.446319984922828, 56.720961583032768 ], [ -2.446317919914266, 56.7209704129965 ], [ -2.446315912075115, 56.720979230987297 ], [ -2.44631395639202, 56.720988035010429 ], [ -2.446312047851626, 56.720996823071204 ], [ -2.446310181440567, 56.721005593174937 ], [ -2.446308352145478, 56.721014343326921 ], [ -2.446306554952983, 56.721023071532464 ], [ -2.446304784849712, 56.72103177579686 ], [ -2.446303036822282, 56.721040454125443 ], [ -2.446301305857306, 56.721049104523466 ], [ -2.4462995869414, 56.72105772499625 ], [ -2.446297875061167, 56.721066313549102 ], [ -2.446296165016342, 56.721074868596595 ], [ -2.446294450557495, 56.721083390851113 ], [ -2.446292725069275, 56.721091881826425 ], [ -2.446290981935949, 56.721100343037136 ], [ -2.446289214541781, 56.72110877599787 ], [ -2.44628741627103, 56.72111718222321 ], [ -2.446285580507943, 56.72112556322778 ], [ -2.446283700636767, 56.721133920526171 ], [ -2.446281770041745, 56.721142255632969 ], [ -2.446279782107108, 56.721150570062818 ], [ -2.446277730217078, 56.721158865330267 ], [ -2.446275607755882, 56.721167142949959 ], [ -2.446273408107736, 56.721175404436472 ], [ -2.446271124656847, 56.721183651304422 ], [ -2.446268750787417, 56.721191885068393 ], [ -2.446266279883649, 56.721200107242971 ], [ -2.446263705329731, 56.721208319342786 ], [ -2.446261020509849, 56.721216522882422 ], [ -2.446258218808187, 56.721224719376451 ], [ -2.446255293608915, 56.721232910339516 ], [ -2.4462522382962, 56.721241097286153 ], [ -2.446249046264608, 56.72124928172947 ], [ -2.44624571397694, 56.721257464737135 ], [ -2.446242245224162, 56.721265646312823 ], [ -2.446238644868145, 56.721273826304866 ], [ -2.446234917770769, 56.721282004561537 ], [ -2.446231068793918, 56.721290180931064 ], [ -2.446227102799477, 56.721298355261744 ], [ -2.446223024649339, 56.721306527401858 ], [ -2.446218839205401, 56.721314697199666 ], [ -2.44621455132956, 56.721322864503449 ], [ -2.446210165883723, 56.721331029161483 ], [ -2.446205687729798, 56.721339191022025 ], [ -2.446201121729697, 56.721347349933367 ], [ -2.44619647274534, 56.72135550574378 ], [ -2.446191745638644, 56.721363658301556 ], [ -2.446186945271537, 56.721371807454936 ], [ -2.446182076505952, 56.721379953052235 ], [ -2.446177144203819, 56.721388094941695 ], [ -2.446172153227079, 56.721396232971628 ], [ -2.446167108437674, 56.721404366990292 ], [ -2.446162014697551, 56.721412496845986 ], [ -2.446156876868661, 56.721420622386972 ], [ -2.4461516998124, 56.721428743463463 ], [ -2.446146488294653, 56.721436860250407 ], [ -2.446141246878802, 56.721444973611447 ], [ -2.446135980102388, 56.721453084498052 ], [ -2.446130692502961, 56.721461193861721 ], [ -2.446125388618077, 56.721469302653901 ], [ -2.446120072985288, 56.721477411826108 ], [ -2.446114750142151, 56.7214855223298 ], [ -2.446109424626234, 56.72149363511646 ], [ -2.446104100975101, 56.721501751137588 ], [ -2.446098783726319, 56.721509871344658 ], [ -2.446093477417462, 56.721517996689144 ], [ -2.446088186586108, 56.721526128122548 ], [ -2.446082915769832, 56.721534266596329 ], [ -2.44607766950622, 56.721542413062025 ], [ -2.446072452332857, 56.721550568471081 ], [ -2.446067268787329, 56.721558733774977 ], [ -2.446062123407234, 56.721566909925244 ], [ -2.446057020730167, 56.721575097873348 ], [ -2.446051965293725, 56.721583298570771 ], [ -2.446046961635516, 56.721591512969013 ], [ -2.44604201429314, 56.721599742019571 ], [ -2.446037127804214, 56.721607986673931 ], [ -2.446032306706349, 56.721616247883595 ], [ -2.446027555537164, 56.721624526600046 ], [ -2.446022878834277, 56.72163282377479 ], [ -2.446018281135317, 56.721641140359317 ], [ -2.446013766977908, 56.721649477305114 ], [ -2.446009340899686, 56.721657835563697 ], [ -2.446005007438287, 56.721666216086533 ], [ -2.446000771131351, 56.721674619825144 ], [ -2.44599663651652, 56.721683047731027 ], [ -2.445992608131446, 56.721691500755668 ], [ -2.445988689369821, 56.721699979608481 ], [ -2.445984878192943, 56.721708483849277 ], [ -2.445981170951234, 56.721717012696978 ], [ -2.445977563994854, 56.721725565370434 ], [ -2.445974053673962, 56.721734141088511 ], [ -2.44597063633872, 56.721742739070031 ], [ -2.445967308339279, 56.721751358533893 ], [ -2.445964066025794, 56.72175999869895 ], [ -2.445960905748411, 56.721768658784036 ], [ -2.44595782385728, 56.721777338008003 ], [ -2.445954816702543, 56.721786035589723 ], [ -2.445951880634342, 56.721794750748039 ], [ -2.445949012002814, 56.721803482701816 ], [ -2.445946207158094, 56.721812230669883 ], [ -2.445943462450316, 56.721820993871127 ], [ -2.445940774229606, 56.721829771524369 ], [ -2.445938138846092, 56.721838562848468 ], [ -2.445935552649897, 56.721847367062281 ], [ -2.44593301199114, 56.721856183384645 ], [ -2.44593051321994, 56.721865011034431 ], [ -2.445928052686408, 56.721873849230469 ], [ -2.445925626740657, 56.721882697191617 ], [ -2.445923231732792, 56.721891554136739 ], [ -2.445920864012921, 56.721900419284665 ], [ -2.445918519931143, 56.721909291854246 ], [ -2.445916195837557, 56.721918171064317 ], [ -2.445913888082255, 56.721927056133758 ], [ -2.445911593015332, 56.721935946281384 ], [ -2.445909306986875, 56.721944840726081 ], [ -2.44590702634697, 56.721953738686643 ], [ -2.445904747445698, 56.721962639381964 ], [ -2.445902466633139, 56.721971542030865 ], [ -2.445900180259365, 56.721980445852203 ], [ -2.445897884674453, 56.721989350064824 ], [ -2.445895576228469, 56.721998253887541 ], [ -2.44589325127148, 56.72200715653927 ], [ -2.445890906153549, 56.722016057238775 ], [ -2.445888537224735, 56.722024955204958 ], [ -2.445886140835093, 56.722033849656633 ], [ -2.445883713334678, 56.722042739812672 ], [ -2.445881251073536, 56.722051624891897 ], [ -2.445878750598952, 56.72206050415393 ], [ -2.445876210838212, 56.722069377350842 ], [ -2.445873632296521, 56.722078244561018 ], [ -2.445871015507349, 56.722087105868781 ], [ -2.445868361004176, 56.722095961358363 ], [ -2.445865669320477, 56.722104811114086 ], [ -2.44586294098973, 56.722113655220227 ], [ -2.445860176545406, 56.72212249376107 ], [ -2.44585737652099, 56.722131326820907 ], [ -2.445854541449958, 56.722140154484009 ], [ -2.445851671865788, 56.722148976834688 ], [ -2.44584876830196, 56.722157793957187 ], [ -2.445845831291954, 56.722166605935818 ], [ -2.445842861369248, 56.722175412854867 ], [ -2.445839859067326, 56.722184214798617 ], [ -2.445836824919664, 56.722193011851346 ], [ -2.44583375945975, 56.722201804097331 ], [ -2.445830663221062, 56.722210591620879 ], [ -2.445827536737085, 56.722219374506267 ], [ -2.445824380541301, 56.722228152837772 ], [ -2.445821195167193, 56.722236926699679 ], [ -2.445817981148248, 56.722245696176287 ], [ -2.445814739017947, 56.722254461351859 ], [ -2.445811469309779, 56.722263222310723 ], [ -2.445808172557224, 56.722271979137126 ], [ -2.445804849293773, 56.722280731915355 ], [ -2.445801500052909, 56.722289480729707 ], [ -2.445798125368122, 56.72229822566446 ], [ -2.445794725772898, 56.722306966803913 ], [ -2.445791301800728, 56.722315704232329 ], [ -2.445787853985094, 56.722324438034015 ], [ -2.445784382859493, 56.72233316829324 ], [ -2.445780888957405, 56.722341895094317 ], [ -2.445777372812328, 56.722350618521496 ], [ -2.445773834957749, 56.722359338659089 ], [ -2.445770275927158, 56.72236805559136 ], [ -2.445766696254047, 56.722376769402615 ], [ -2.445763096471909, 56.722385480177138 ], [ -2.445759477114235, 56.722394187999193 ], [ -2.445755838714517, 56.722402892953099 ], [ -2.445752181806252, 56.722411595123113 ], [ -2.445748506922929, 56.72242029459354 ], [ -2.445744814598041, 56.722428991448652 ], [ -2.445741105365089, 56.722437685772761 ], [ -2.445737379757561, 56.72244637765013 ], [ -2.445733638308957, 56.722455067165043 ], [ -2.445729881552773, 56.722463754401787 ], [ -2.445726110022502, 56.722472439444672 ], [ -2.445722324251641, 56.722481122377957 ], [ -2.445718524773693, 56.722489803285939 ], [ -2.44571471212215, 56.722498482252917 ], [ -2.445710886830512, 56.722507159363154 ], [ -2.445707049432279, 56.722515834700964 ], [ -2.445703200460947, 56.722524508350602 ], [ -2.445699340450016, 56.722533180396397 ], [ -2.445695469932989, 56.722541850922596 ], [ -2.445691589443364, 56.722550520013492 ], [ -2.445687699514642, 56.72255918775339 ], [ -2.445683800680327, 56.722567854226583 ], [ -2.445679893473919, 56.722576519517311 ], [ -2.445675978428916, 56.722585183709924 ], [ -2.44567205607883, 56.722593846888671 ], [ -2.445668126957157, 56.72260250913785 ], [ -2.445664191597404, 56.722611170541747 ], [ -2.445660250533073, 56.722619831184645 ], [ -2.445656304297668, 56.722628491150843 ], [ -2.445652353424697, 56.722637150524619 ], [ -2.445648398447663, 56.722645809390251 ], [ -2.445644439900075, 56.722654467832072 ], [ -2.445640478315434, 56.722663125934311 ], [ -2.445636514227252, 56.722671783781301 ], [ -2.445632548169032, 56.722680441457292 ], [ -2.445628580674287, 56.722689099046598 ], [ -2.44562461227652, 56.722697756633522 ], [ -2.44562064350924, 56.722706414302316 ], [ -2.445616674905963, 56.722715072137284 ], [ -2.445612707000189, 56.722723730222718 ], [ -2.445608740325434, 56.72273238864291 ], [ -2.445604775415207, 56.722741047482131 ], [ -2.445600812803017, 56.722749706824693 ], [ -2.445596852981825, 56.722758366748302 ], [ -2.445592896097138, 56.722767027274408 ], [ -2.445588942117868, 56.722775688395899 ], [ -2.445584991011533, 56.7227843501054 ], [ -2.445581042745646, 56.722793012395542 ], [ -2.445577097287731, 56.722801675258971 ], [ -2.445573154605305, 56.722810338688326 ], [ -2.445569214665883, 56.722819002676239 ], [ -2.445565277436988, 56.722827667215341 ], [ -2.44556134288613, 56.722836332298279 ], [ -2.445557410980834, 56.722844997917662 ], [ -2.445553481688617, 56.722853664066179 ], [ -2.445549554976995, 56.72286233073644 ], [ -2.445545630813486, 56.722870997921063 ], [ -2.445541709165607, 56.722879665612702 ], [ -2.445537790000879, 56.722888333803994 ], [ -2.445533873286816, 56.722897002487585 ], [ -2.445529958990937, 56.722905671656093 ], [ -2.445526047080763, 56.722914341302186 ], [ -2.445522137523809, 56.722923011418452 ], [ -2.445518230287592, 56.722931681997565 ], [ -2.44551432533963, 56.722940353032158 ], [ -2.44551042264744, 56.722949024514854 ], [ -2.44550652217854, 56.722957696438307 ], [ -2.445502623900451, 56.722966368795142 ], [ -2.445498727780686, 56.722975041577996 ], [ -2.445494833786764, 56.722983714779495 ], [ -2.445490941886202, 56.722992388392314 ], [ -2.44548705204652, 56.723001062409054 ], [ -2.445483164235231, 56.723009736822355 ], [ -2.445479278419858, 56.723018411624885 ], [ -2.445475394567912, 56.723027086809239 ], [ -2.445471512646916, 56.723035762368077 ], [ -2.445467632624383, 56.723044438294025 ], [ -2.445463754467835, 56.723053114579741 ], [ -2.445459878144785, 56.72306179121783 ], [ -2.445456003622753, 56.723070468200959 ], [ -2.445452130869252, 56.723079145521758 ], [ -2.445448259851806, 56.723087823172847 ], [ -2.445444390537927, 56.723096501146863 ], [ -2.445440522895131, 56.723105179436459 ], [ -2.445436656890939, 56.723113858034274 ], [ -2.445432792492868, 56.723122536932941 ], [ -2.445428929668434, 56.72313121612509 ], [ -2.445425068385152, 56.723139895603339 ], [ -2.445421208610543, 56.723148575360362 ], [ -2.44541735031212, 56.723157255388777 ], [ -2.445413493457402, 56.72316593568123 ], [ -2.445409638013906, 56.723174616230345 ], [ -2.445405783949148, 56.723183297028775 ], [ -2.445401931230646, 56.723191978069146 ], [ -2.445398079825917, 56.72320065934408 ], [ -2.445394229702476, 56.723209340846239 ], [ -2.445390380827842, 56.723218022568254 ], [ -2.44538653316953, 56.723226704502743 ], [ -2.445382686695057, 56.723235386642372 ], [ -2.445378841371942, 56.723244068979774 ], [ -2.445374997167697, 56.723252751507545 ], [ -2.445371154049844, 56.723261434218379 ], [ -2.445367311985897, 56.72327011710486 ], [ -2.44536347094337, 56.723278800159669 ], [ -2.445359630889785, 56.723287483375422 ], [ -2.445355791792655, 56.72329616674476 ], [ -2.445351953619497, 56.723304850260327 ], [ -2.44534811633783, 56.72331353391472 ], [ -2.445344279915166, 56.723322217700627 ], [ -2.445340444319023, 56.723330901610638 ], [ -2.44533660951692, 56.723339585637447 ], [ -2.44533277547637, 56.723348269773645 ], [ -2.445328942164892, 56.723356954011884 ], [ -2.445325109550004, 56.723365638344802 ], [ -2.445321277599216, 56.723374322765018 ], [ -2.44531744628005, 56.723383007265205 ], [ -2.445313615560019, 56.723391691837968 ], [ -2.445309785406642, 56.723400376475944 ], [ -2.445305955787431, 56.7234090611718 ], [ -2.445302126669907, 56.723417745918141 ], [ -2.445298298021583, 56.723426430707619 ], [ -2.445294469809976, 56.723435115532865 ], [ -2.445290642002604, 56.723443800386505 ], [ -2.445286814566979, 56.723452485261205 ], [ -2.445282987470622, 56.723461170149584 ], [ -2.445279160681043, 56.723469855044257 ], [ -2.445275334165764, 56.723478539937908 ], [ -2.445271507892296, 56.723487224823124 ], [ -2.445267681828159, 56.723495909692588 ], [ -2.445263855940865, 56.723504594538902 ], [ -2.445260030197935, 56.723513279354719 ], [ -2.44525620456688, 56.723521964132672 ], [ -2.445252379015219, 56.723530648865399 ], [ -2.445248553510466, 56.723539333545524 ], [ -2.445244728020138, 56.723548018165701 ], [ -2.445240902511748, 56.723556702718547 ], [ -2.445237076952816, 56.723565387196743 ], [ -2.445233251310853, 56.723574071592864 ], [ -2.44522942555338, 56.723582755899606 ], [ -2.445225599647907, 56.723591440109551 ], [ -2.445221773561955, 56.723600124215373 ], [ -2.445217947263036, 56.72360880820969 ], [ -2.445214120718666, 56.723617492085154 ], [ -2.445210293896361, 56.723626175834369 ], [ -2.445206466763639, 56.723634859450016 ], [ -2.445202639288011, 56.723643542924705 ], [ -2.445198811436994, 56.723652226251083 ], [ -2.445194983178106, 56.723660909421774 ], [ -2.445191154478859, 56.723669592429424 ], [ -2.445187325306771, 56.723678275266671 ], [ -2.445183495629356, 56.723686957926148 ], [ -2.445179665414129, 56.723695640400486 ], [ -2.445175834628604, 56.72370432268233 ], [ -2.4451720032403, 56.723713004764313 ], [ -2.445168171216732, 56.723721686639081 ], [ -2.44516433852541, 56.723730368299243 ], [ -2.445160505133855, 56.723739049737468 ], [ -2.445156671009578, 56.723747730946386 ], [ -2.445152836120099, 56.723756411918615 ], [ -2.445149000432927, 56.723765092646794 ], [ -2.445145163915582, 56.723773773123582 ], [ -2.445141326535577, 56.723782453341592 ], [ -2.445137488260428, 56.723791133293467 ], [ -2.445133649057647, 56.723799812971855 ], [ -2.445129808894753, 56.723808492369386 ], [ -2.445125967739261, 56.723817171478693 ], [ -2.44512212555868, 56.7238258502924 ], [ -2.445118282320531, 56.723834528803188 ], [ -2.445114437992326, 56.72384320700364 ], [ -2.445110592541582, 56.723851884886422 ], [ -2.445106745935813, 56.723860562444159 ], [ -2.445102898142534, 56.72386923966949 ], [ -2.445099049129258, 56.723877916555061 ], [ -2.445095198863501, 56.723886593093496 ], [ -2.445091347312777, 56.723895269277435 ], [ -2.445087494444602, 56.723903945099522 ], [ -2.445083640226489, 56.723912620552376 ], [ -2.445079784625954, 56.723921295628656 ], [ -2.445075927610513, 56.723929970320995 ], [ -2.445072069147677, 56.72393864462201 ], [ -2.445068209204961, 56.723947318524331 ], [ -2.445064347749885, 56.723955992020642 ], [ -2.445060484749957, 56.72396466510353 ], [ -2.445056620172692, 56.723973337765656 ], [ -2.445052753985607, 56.723982009999659 ], [ -2.445048886156253, 56.723990681798185 ], [ -2.445045016658472, 56.723999353158561 ], [ -2.445041145479525, 56.724008024088072 ], [ -2.445037272608399, 56.724016694595221 ], [ -2.445033398034079, 56.724025364688572 ], [ -2.445029521745554, 56.724034034376643 ], [ -2.445025643731805, 56.724042703667962 ], [ -2.445021763981817, 56.724051372571104 ], [ -2.445017882484581, 56.724060041094589 ], [ -2.445013999229082, 56.724068709246936 ], [ -2.445010114204303, 56.724077377036693 ], [ -2.445006227399229, 56.724086044472422 ], [ -2.445002338802852, 56.724094711562621 ], [ -2.444998448404148, 56.724103378315839 ], [ -2.444994556192112, 56.724112044740629 ], [ -2.444990662155724, 56.724120710845511 ], [ -2.444986766283971, 56.724129376639041 ], [ -2.444982868565838, 56.724138042129731 ], [ -2.444978968990312, 56.724146707326142 ], [ -2.444975067546379, 56.724155372236794 ], [ -2.444971164223025, 56.724164036870214 ], [ -2.444967259009233, 56.724172701234977 ], [ -2.444963351893987, 56.724181365339589 ], [ -2.44495944286628, 56.724190029192599 ], [ -2.444955531915088, 56.724198692802531 ], [ -2.444951619029404, 56.724207356177963 ], [ -2.444947704198212, 56.724216019327372 ], [ -2.444943787410496, 56.724224682259319 ], [ -2.44493986865524, 56.724233344982373 ], [ -2.444935947921433, 56.724242007505026 ], [ -2.444932025198058, 56.724250669835847 ], [ -2.444928100474103, 56.724259331983347 ], [ -2.44492417373855, 56.724267993956083 ], [ -2.444920244980387, 56.724276655762587 ], [ -2.4449163141886, 56.724285317411386 ], [ -2.44491238135217, 56.724293978911035 ], [ -2.444908446460087, 56.724302640270061 ], [ -2.444904509501334, 56.724311301496996 ], [ -2.444900570464899, 56.724319962600383 ], [ -2.444896629339763, 56.724328623588754 ], [ -2.444892686114915, 56.724337284470664 ], [ -2.444888740779339, 56.724345945254619 ], [ -2.444884793322019, 56.724354605949181 ], [ -2.444880843731944, 56.724363266562875 ], [ -2.444876891998096, 56.724371927104251 ], [ -2.44487293810946, 56.724380587581841 ], [ -2.444868982055024, 56.724389248004172 ], [ -2.444865023823769, 56.7243979083798 ], [ -2.444861063404686, 56.724406568717235 ], [ -2.444857100786755, 56.724415229025034 ], [ -2.444853135958964, 56.72442388931173 ], [ -2.444849168910298, 56.724432549585856 ], [ -2.444845199629741, 56.724441209855954 ], [ -2.444841228106279, 56.724449870130556 ], [ -2.444837254328897, 56.724458530418211 ], [ -2.444833278286579, 56.724467190727438 ], [ -2.444829299968311, 56.724475851066792 ], [ -2.444825319363082, 56.7244845114448 ], [ -2.444821336459869, 56.724493171869995 ], [ -2.444817351247663, 56.72450183235091 ], [ -2.444813363715446, 56.724510492896101 ], [ -2.444809373852206, 56.724519153514102 ], [ -2.444805381646926, 56.724527814213438 ], [ -2.444801387088593, 56.724536475002651 ], [ -2.444797390166187, 56.724545135890281 ], [ -2.444793390868699, 56.724553796884869 ], [ -2.444789389185111, 56.724562457994935 ], [ -2.444785385104408, 56.724571119229026 ], [ -2.444781378615576, 56.724579780595676 ], [ -2.444777369707587, 56.724588442103439 ], [ -2.444773358340601, 56.72459710375356 ], [ -2.444769344384287, 56.724605765524572 ], [ -2.444765327690599, 56.72461442739052 ], [ -2.444761308111485, 56.724623089325419 ], [ -2.444757285498898, 56.724631751303349 ], [ -2.444753259704786, 56.724640413298332 ], [ -2.4447492305811, 56.724649075284432 ], [ -2.444745197979796, 56.724657737235646 ], [ -2.444741161752817, 56.724666399126072 ], [ -2.444737121752118, 56.724675060929727 ], [ -2.444733077829645, 56.724683722620668 ], [ -2.444729029837351, 56.724692384172926 ], [ -2.444724977627186, 56.72470104556055 ], [ -2.444720921051097, 56.724709706757601 ], [ -2.444716859961037, 56.724718367738078 ], [ -2.444712794208953, 56.724727028476067 ], [ -2.444708723646792, 56.724735688945607 ], [ -2.444704648126509, 56.724744349120712 ], [ -2.444700567500051, 56.724753008975469 ], [ -2.444696481619364, 56.724761668483886 ], [ -2.444692390336401, 56.724770327620021 ], [ -2.444688293503107, 56.724778986357911 ], [ -2.444684190971434, 56.724787644671615 ], [ -2.444680082593329, 56.724796302535175 ], [ -2.44467596822074, 56.724804959922622 ], [ -2.444671847705614, 56.724813616807992 ], [ -2.444667720899903, 56.724822273165351 ], [ -2.444663587655551, 56.724830928968728 ], [ -2.444659447824505, 56.724839584192189 ], [ -2.444655301258719, 56.724848238809756 ], [ -2.444651147780388, 56.724856892824867 ], [ -2.44464698726763, 56.724865546185711 ], [ -2.444642819575982, 56.7248741988628 ], [ -2.44463864455739, 56.724882850830134 ], [ -2.444634462063804, 56.724891502061801 ], [ -2.444630271947167, 56.724900152531809 ], [ -2.444626074059428, 56.724908802214216 ], [ -2.444621868252536, 56.724917451083066 ], [ -2.444617654378432, 56.72492609911238 ], [ -2.44461343228907, 56.72493474627624 ], [ -2.444609201836391, 56.724943392548681 ], [ -2.444604962872344, 56.724952037903719 ], [ -2.444600715248875, 56.724960682315427 ], [ -2.444596458817928, 56.724969325757826 ], [ -2.444592193431451, 56.724977968204982 ], [ -2.444587918941389, 56.724986609630911 ], [ -2.444583635199689, 56.724995250009655 ], [ -2.444579342058297, 56.725003889315296 ], [ -2.444575039369154, 56.725012527521848 ], [ -2.444570726984212, 56.725021164603348 ], [ -2.444566404755411, 56.725029800533854 ], [ -2.444562072534701, 56.725038435287409 ], [ -2.444557730174022, 56.725047068838052 ], [ -2.444553377525323, 56.72505570115981 ], [ -2.444549014440546, 56.725064332226758 ], [ -2.444544640771638, 56.725072962012902 ], [ -2.444540256370542, 56.72508159049233 ], [ -2.444535861089201, 56.725090217639035 ], [ -2.444531454779563, 56.725098843427091 ], [ -2.444527037293571, 56.72510746783054 ], [ -2.444522608483167, 56.725116090823413 ], [ -2.444518168200298, 56.725124712379753 ], [ -2.444513716296904, 56.725133332473625 ], [ -2.444509252624934, 56.725141951079046 ], [ -2.444504777036325, 56.725150568170065 ], [ -2.444500289383027, 56.72515918372072 ], [ -2.444495789516979, 56.725167797705076 ], [ -2.444491277290453, 56.725176410097198 ], [ -2.444486752651582, 56.725185020885704 ], [ -2.444482215777236, 56.725193630093933 ], [ -2.44447766687767, 56.725202237750217 ], [ -2.444473106163145, 56.725210843882905 ], [ -2.444468533843914, 56.72521944852037 ], [ -2.444463950130241, 56.725228051690948 ], [ -2.444459355232383, 56.725236653423011 ], [ -2.444454749360596, 56.725245253744944 ], [ -2.444450132725143, 56.725253852685057 ], [ -2.444445505536278, 56.725262450271735 ], [ -2.444440868004266, 56.725271046533344 ], [ -2.444436220339363, 56.725279641498211 ], [ -2.444431562751827, 56.725288235194718 ], [ -2.444426895451924, 56.725296827651228 ], [ -2.444422218649906, 56.725305418896077 ], [ -2.444417532556038, 56.725314008957632 ], [ -2.444412837380579, 56.725322597864263 ], [ -2.44440813333379, 56.725331185644308 ], [ -2.444403420625933, 56.725339772326151 ], [ -2.444398699467263, 56.725348357938117 ], [ -2.444393970068051, 56.725356942508597 ], [ -2.444389232638548, 56.725365526065936 ], [ -2.444384487389021, 56.725374108638491 ], [ -2.44437973452973, 56.725382690254619 ], [ -2.444374974270938, 56.725391270942673 ], [ -2.444370206822906, 56.72539985073103 ], [ -2.444365432395893, 56.725408429648034 ], [ -2.444360651200166, 56.725417007722051 ], [ -2.444355863445987, 56.72542558498143 ], [ -2.444351069343615, 56.725434161454544 ], [ -2.444346269103315, 56.725442737169722 ], [ -2.444341462935353, 56.725451312155371 ], [ -2.444336651049986, 56.725459886439808 ], [ -2.444331833657478, 56.725468460051395 ], [ -2.444327010968099, 56.725477033018528 ], [ -2.444322183192106, 56.725485605369535 ], [ -2.444317350539766, 56.725494177132767 ], [ -2.444312513221341, 56.725502748336609 ], [ -2.444307671447097, 56.725511319009385 ], [ -2.444302825427298, 56.725519889179509 ], [ -2.444297975372207, 56.725528458875296 ], [ -2.444293121492091, 56.725537028125089 ], [ -2.444288263997212, 56.725545596957311 ], [ -2.444283403097838, 56.725554165400261 ], [ -2.444278539004234, 56.725562733482327 ], [ -2.444273671926664, 56.725571301231859 ], [ -2.444268802075391, 56.725579868677215 ], [ -2.444263929660686, 56.725588435846767 ], [ -2.444259054892812, 56.725597002768886 ], [ -2.444254177982034, 56.725605569471881 ], [ -2.444249299138621, 56.725614135984152 ], [ -2.444244418572839, 56.725622702334057 ], [ -2.444239536494953, 56.725631268549925 ], [ -2.444234653115231, 56.725639834660171 ], [ -2.444229768643939, 56.725648400693089 ], [ -2.444224883291346, 56.725656966677093 ], [ -2.444219997267716, 56.725665532640505 ], [ -2.444215110783321, 56.725674098611705 ], [ -2.444210224048423, 56.725682664619043 ], [ -2.444205337273294, 56.725691230690884 ], [ -2.444200450668202, 56.725699796855594 ], [ -2.444195564443414, 56.725708363141514 ], [ -2.444190678809198, 56.725716929577032 ], [ -2.444185793975825, 56.725725496190478 ], [ -2.444180910153559, 56.725734063010222 ], [ -2.444176027552671, 56.725742630064637 ], [ -2.444171146383431, 56.72575119738206 ], [ -2.444166266856108, 56.725759764990883 ], [ -2.444161389180973, 56.725768332919422 ], [ -2.444156513568291, 56.725776901196092 ], [ -2.444151640228336, 56.7257854698492 ], [ -2.444146769371376, 56.725794038907125 ], [ -2.444141901207682, 56.72580260839824 ], [ -2.444137035947523, 56.725811178350895 ], [ -2.444132173801171, 56.725819748793462 ], [ -2.444127314978894, 56.725828319754271 ], [ -2.444122459690967, 56.725836891261707 ], [ -2.444117608147657, 56.725845463344136 ], [ -2.444112760559236, 56.725854036029901 ], [ -2.444107917135978, 56.725862609347374 ], [ -2.44410307808815, 56.725871183324905 ], [ -2.444098243626027, 56.725879757990867 ], [ -2.444093413959881, 56.725888333373604 ], [ -2.444088589299982, 56.725896909501479 ], [ -2.444083769856604, 56.725905486402873 ], [ -2.444078955840019, 56.725914064106128 ], [ -2.444074147460498, 56.725922642639617 ], [ -2.444069344928314, 56.72593122203169 ], [ -2.444064548453741, 56.725939802310712 ], [ -2.444059758247052, 56.725948383505028 ], [ -2.444054974518518, 56.725956965643036 ], [ -2.444050197478418, 56.725965548753059 ], [ -2.444045427337021, 56.725974132863485 ], [ -2.4440406643046, 56.725982718002641 ], [ -2.444035908591432, 56.725991304198935 ], [ -2.444031160407788, 56.725999891480697 ], [ -2.444026419963946, 56.726008479876285 ], [ -2.444021687470178, 56.726017069414077 ], [ -2.444016963136757, 56.726025660122431 ], [ -2.444012247173962, 56.726034252029685 ], [ -2.444007539792066, 56.726042845164237 ], [ -2.444002841201344, 56.726051439554418 ], [ -2.443998151612073, 56.726060035228599 ], [ -2.443993471234523, 56.726068632215153 ], [ -2.443988800278979, 56.726077230542415 ], [ -2.443984138955707, 56.726085830238773 ], [ -2.443979487474991, 56.726094431332569 ], [ -2.443974846047102, 56.726103033852191 ], [ -2.443970214882319, 56.726111637825966 ], [ -2.443965594190917, 56.726120243282274 ], [ -2.443960984183175, 56.726128850249474 ], [ -2.443956385069368, 56.726137458755936 ], [ -2.443951797059774, 56.726146068830012 ], [ -2.44394722036467, 56.726154680500059 ], [ -2.443942655194334, 56.72616329379445 ], [ -2.443938101759044, 56.726171908741534 ], [ -2.443933560269075, 56.726180525369678 ], [ -2.443929030934707, 56.726189143707238 ], [ -2.44392451396622, 56.726197763782601 ], [ -2.44392000957389, 56.726206385624096 ], [ -2.443915517967997, 56.726215009260109 ], [ -2.443911039358818, 56.726223634718977 ], [ -2.443906573956635, 56.726232262029079 ], [ -2.443902121971724, 56.726240891218779 ], [ -2.443897683614365, 56.726249522316451 ], [ -2.443893259094839, 56.726258155350415 ], [ -2.443888848623422, 56.726266790349072 ], [ -2.443884452410397, 56.726275427340752 ], [ -2.443880070666045, 56.726284066353855 ], [ -2.443875703600643, 56.726292707416711 ], [ -2.443871351424475, 56.726301350557712 ], [ -2.443867014347818, 56.726309995805167 ], [ -2.443862692580953, 56.726318643187511 ], [ -2.443858386334163, 56.726327292733046 ], [ -2.44385409581773, 56.726335944470151 ], [ -2.443849821241932, 56.726344598427204 ], [ -2.443845562817053, 56.726353254632556 ], [ -2.443841320753373, 56.726361913114559 ], [ -2.443837095261174, 56.726370573901605 ], [ -2.443832886550739, 56.726379237022016 ], [ -2.443828694779502, 56.726387902496874 ], [ -2.443824519663354, 56.726396570286134 ], [ -2.443820360698421, 56.726405240319366 ], [ -2.443816217379226, 56.726413912525899 ], [ -2.443812089200292, 56.726422586835071 ], [ -2.443807975656143, 56.726431263176252 ], [ -2.443803876241298, 56.726439941478731 ], [ -2.443799790450282, 56.726448621671899 ], [ -2.443795717777614, 56.726457303685088 ], [ -2.443791657717816, 56.726465987447611 ], [ -2.443787609765406, 56.726474672888848 ], [ -2.443783573414909, 56.726483359938086 ], [ -2.443779548160839, 56.726492048524712 ], [ -2.443775533497718, 56.726500738578054 ], [ -2.443771528920064, 56.726509430027448 ], [ -2.443767533922397, 56.726518122802219 ], [ -2.443763547999232, 56.726526816831736 ], [ -2.443759570645086, 56.726535512045324 ], [ -2.443755601354481, 56.726544208372331 ], [ -2.443751639621928, 56.726552905742075 ], [ -2.443747684941946, 56.726561604083919 ], [ -2.443743736809049, 56.7265703033272 ], [ -2.443739794717756, 56.726579003401248 ], [ -2.443735858162576, 56.726587704235406 ], [ -2.44373192663803, 56.726596405759011 ], [ -2.443727999638624, 56.726605107901413 ], [ -2.443724076658877, 56.726613810591935 ], [ -2.443720157193304, 56.726622513759935 ], [ -2.443716240736411, 56.726631217334742 ], [ -2.443712326782715, 56.726639921245699 ], [ -2.443708414826728, 56.726648625422122 ], [ -2.443704504362958, 56.726657329793383 ], [ -2.443700594885921, 56.726666034288812 ], [ -2.443696685890122, 56.72667473883773 ], [ -2.443692776870074, 56.726683443369502 ], [ -2.443688867320286, 56.726692147813438 ], [ -2.443684956735268, 56.726700852098915 ], [ -2.443681044609528, 56.726709556155228 ], [ -2.443677130437575, 56.726718259911742 ], [ -2.443673213713916, 56.726726963297786 ], [ -2.443669293933059, 56.72673566624271 ], [ -2.44366537058951, 56.726744368675853 ], [ -2.443661443177777, 56.72675307052652 ], [ -2.443657511192366, 56.726761771724078 ], [ -2.443653574127785, 56.726770472197877 ], [ -2.443649631478534, 56.72677917187724 ], [ -2.443645682739119, 56.726787870691481 ], [ -2.443641727404049, 56.726796568569966 ], [ -2.443637764967826, 56.726805265442039 ], [ -2.443633794924953, 56.726813961237021 ], [ -2.44362981676993, 56.726822655884256 ], [ -2.443625829997265, 56.726831349313073 ], [ -2.443621834101458, 56.72684004145281 ], [ -2.443617828577009, 56.726848732232838 ], [ -2.443613812918423, 56.726857421582437 ], [ -2.443609786620199, 56.726866109431 ], [ -2.443605749176839, 56.726874795707808 ], [ -2.44360170008284, 56.726883480342259 ], [ -2.443597638832705, 56.726892163263628 ], [ -2.443593564920932, 56.726900844401314 ], [ -2.443589477842023, 56.726909523684604 ], [ -2.44358537709047, 56.726918201042857 ], [ -2.443581262160778, 56.726926876405415 ], [ -2.443577132547438, 56.726935549701601 ], [ -2.443572987744952, 56.726944220860766 ], [ -2.443568827247814, 56.726952889812225 ], [ -2.443564650550524, 56.726961556485328 ], [ -2.443560457147573, 56.726970220809413 ], [ -2.44355624653346, 56.726978882713816 ], [ -2.44355201820268, 56.72698754212788 ], [ -2.443547771652283, 56.726996198981261 ], [ -2.443543506637469, 56.727004853239507 ], [ -2.443539223389399, 56.727013504934114 ], [ -2.443534922190528, 56.727022154103715 ], [ -2.443530603323315, 56.72703080078697 ], [ -2.44352626707022, 56.727039445022513 ], [ -2.443521913713697, 56.727048086848981 ], [ -2.443517543536208, 56.727056726305001 ], [ -2.443513156820208, 56.727065363429233 ], [ -2.44350875384816, 56.727073998260316 ], [ -2.443504334902523, 56.727082630836868 ], [ -2.443499900265753, 56.727091261197536 ], [ -2.443495450220312, 56.72709988938098 ], [ -2.443490985048661, 56.727108515425826 ], [ -2.443486505033254, 56.727117139370705 ], [ -2.44348201045656, 56.727125761254271 ], [ -2.443477501601033, 56.72713438111515 ], [ -2.443472978749138, 56.727142998991994 ], [ -2.443468442183336, 56.727151614923443 ], [ -2.443463892186084, 56.727160228948136 ], [ -2.443459329039848, 56.727168841104707 ], [ -2.443454753027087, 56.7271774514318 ], [ -2.443450164430268, 56.727186059968041 ], [ -2.443445563531845, 56.727194666752098 ], [ -2.443440950614288, 56.727203271822596 ], [ -2.443436325960056, 56.727211875218167 ], [ -2.443431689851612, 56.727220476977472 ], [ -2.443427042571422, 56.727229077139135 ], [ -2.443422384401948, 56.727237675741797 ], [ -2.443417715625653, 56.727246272824104 ], [ -2.443413036525002, 56.727254868424708 ], [ -2.443408347382458, 56.727263462582215 ], [ -2.443403648480486, 56.727272055335298 ], [ -2.443398940101552, 56.727280646722583 ], [ -2.44339422252812, 56.727289236782703 ], [ -2.443389496042653, 56.727297825554338 ], [ -2.443384760927621, 56.727306413076079 ], [ -2.443380017465483, 56.727314999386593 ], [ -2.443375265938712, 56.727323584524527 ], [ -2.443370506629772, 56.727332168528505 ], [ -2.443365739821127, 56.727340751437168 ], [ -2.443360965795245, 56.727349333289176 ], [ -2.443356184834593, 56.727357914123132 ], [ -2.443351397221637, 56.727366493977726 ], [ -2.443346603238847, 56.727375072891569 ], [ -2.443341803168687, 56.727383650903306 ], [ -2.443336997293627, 56.727392228051571 ], [ -2.443332185896133, 56.727400804375023 ], [ -2.443327369258676, 56.727409379912302 ], [ -2.443322547663724, 56.727417954702027 ], [ -2.443317721393743, 56.727426528782871 ], [ -2.443312890731205, 56.727435102193446 ], [ -2.443308055958578, 56.727443674972406 ], [ -2.44330321735833, 56.727452247158411 ], [ -2.443298375212934, 56.727460818790057 ], [ -2.443293529804857, 56.727469389906034 ], [ -2.44328868141657, 56.727477960544952 ], [ -2.443283830330544, 56.727486530745466 ], [ -2.443278976829248, 56.727495100546228 ], [ -2.443274121195153, 56.727503669985843 ], [ -2.443269263710732, 56.727512239103 ], [ -2.443264404658455, 56.727520807936301 ], [ -2.443259544320793, 56.727529376524409 ], [ -2.443254682980217, 56.727537944905968 ], [ -2.443249820919204, 56.727546513119606 ], [ -2.44324495842022, 56.727555081203981 ], [ -2.443240095765741, 56.727563649197712 ], [ -2.443235233238239, 56.727572217139468 ], [ -2.443230371120182, 56.727580785067886 ], [ -2.443225509694052, 56.727589353021585 ], [ -2.443220649242319, 56.727597921039234 ], [ -2.443215790047454, 56.727606489159456 ], [ -2.443210932391934, 56.727615057420913 ], [ -2.443206076558229, 56.727623625862236 ], [ -2.443201222828818, 56.727632194522073 ], [ -2.443196371486172, 56.727640763439041 ], [ -2.443191522812769, 56.727649332651822 ], [ -2.44318667709108, 56.727657902199027 ], [ -2.443181834603586, 56.727666472119317 ], [ -2.443176995632757, 56.727675042451331 ], [ -2.443172160461072, 56.727683613233715 ], [ -2.443167329369265, 56.727692184504868 ], [ -2.443162502529497, 56.727700756288201 ], [ -2.443157679943133, 56.727709328583515 ], [ -2.443152861596552, 56.72771790138858 ], [ -2.443148047476136, 56.72772647470115 ], [ -2.443143237568262, 56.727735048518966 ], [ -2.443138431859311, 56.727743622839796 ], [ -2.443133630335662, 56.72775219766136 ], [ -2.443128832983695, 56.727760772981441 ], [ -2.443124039789788, 56.727769348797764 ], [ -2.443119250740321, 56.727777925108107 ], [ -2.443114465821675, 56.727786501910202 ], [ -2.44310968502023, 56.727795079201812 ], [ -2.443104908322362, 56.727803656980669 ], [ -2.443100135714455, 56.727812235244542 ], [ -2.443095367182883, 56.72782081399118 ], [ -2.443090602714031, 56.727829393218329 ], [ -2.443085842294276, 56.727837972923759 ], [ -2.443081085909995, 56.727846553105174 ], [ -2.443076333547573, 56.727855133760364 ], [ -2.443071585193385, 56.727863714887086 ], [ -2.443066840833812, 56.727872296483064 ], [ -2.443062100455233, 56.727880878546067 ], [ -2.443057364044027, 56.727889461073843 ], [ -2.443052631586574, 56.727898044064133 ], [ -2.443047903069253, 56.727906627514706 ], [ -2.443043178478444, 56.727915211423301 ], [ -2.443038457800527, 56.727923795787675 ], [ -2.443033741021879, 56.727932380605566 ], [ -2.443029028128881, 56.727940965874744 ], [ -2.443024319107912, 56.727949551592943 ], [ -2.44301961394535, 56.727958137757931 ], [ -2.443014912627576, 56.727966724367448 ], [ -2.44301021514097, 56.727975311419257 ], [ -2.443005521471909, 56.727983898911077 ], [ -2.443000831606773, 56.727992486840691 ], [ -2.442996145531942, 56.728001075205839 ], [ -2.442991463233795, 56.72800966400429 ], [ -2.44298678469871, 56.728018253233778 ], [ -2.442982109913068, 56.728026842892028 ], [ -2.442977438863247, 56.728035432976831 ], [ -2.442972771535627, 56.728044023485936 ], [ -2.442968107916587, 56.728052614417074 ], [ -2.442963447992505, 56.728061205768007 ], [ -2.442958791749762, 56.728069797536492 ], [ -2.442954139174734, 56.72807838972026 ], [ -2.442949490253805, 56.72808698231708 ], [ -2.44294484497335, 56.728095575324708 ], [ -2.44294020331975, 56.72810416874087 ], [ -2.442935565279384, 56.728112762563349 ], [ -2.442930930838629, 56.728121356789863 ], [ -2.442926299983868, 56.728129951418175 ], [ -2.442921672701478, 56.728138546446054 ], [ -2.442917048977836, 56.728147141871233 ], [ -2.442912428799325, 56.728155737691459 ], [ -2.442907812152322, 56.728164333904502 ], [ -2.442903199023204, 56.728172930508102 ], [ -2.442898589398353, 56.728181527500006 ], [ -2.442893983264149, 56.728190124877976 ], [ -2.442889380606967, 56.72819872263976 ], [ -2.442884781413188, 56.728207320783092 ], [ -2.442880185669192, 56.72821591930574 ], [ -2.442875593361356, 56.728224518205451 ], [ -2.442871004476061, 56.728233117479981 ], [ -2.442866418999684, 56.728241717127084 ], [ -2.442861836918606, 56.728250317144493 ], [ -2.442857258219204, 56.728258917529985 ], [ -2.442852682887858, 56.728267518281264 ], [ -2.442848110910945, 56.728276119396142 ], [ -2.442843542274848, 56.728284720872331 ], [ -2.442838976965942, 56.728293322707579 ], [ -2.442834414970606, 56.728301924899675 ], [ -2.442829856275223, 56.72831052744634 ], [ -2.442825300866164, 56.728319130345312 ], [ -2.442820748729817, 56.728327733594384 ], [ -2.442816199852554, 56.728336337191273 ], [ -2.442811654220757, 56.728344941133741 ], [ -2.442807111820803, 56.728353545419523 ], [ -2.442802572639074, 56.728362150046401 ], [ -2.442798036661946, 56.728370755012108 ], [ -2.442793503875797, 56.728379360314399 ], [ -2.442788974267008, 56.728387965951022 ], [ -2.442784447821958, 56.728396571919724 ], [ -2.442779924527023, 56.728405178218267 ], [ -2.442775404368585, 56.728413784844385 ], [ -2.442770887333019, 56.728422391795853 ], [ -2.442766373406705, 56.728430999070405 ], [ -2.442761862576026, 56.728439606665788 ], [ -2.442757354827354, 56.728448214579785 ], [ -2.442752850147072, 56.728456822810088 ], [ -2.442748348521557, 56.728465431354508 ], [ -2.442743849937187, 56.728474040210763 ], [ -2.442739354380344, 56.728482649376609 ], [ -2.442734861837402, 56.728491258849814 ], [ -2.442730372294743, 56.728499868628106 ], [ -2.442725885738745, 56.728508478709252 ], [ -2.442721402155785, 56.728517089090978 ], [ -2.442716921532244, 56.728525699771055 ], [ -2.442712443854497, 56.72853431074725 ], [ -2.442707969108925, 56.728542922017276 ], [ -2.442703497281909, 56.728551533578916 ], [ -2.442699028359821, 56.728560145429903 ], [ -2.442694562329045, 56.728568757567999 ], [ -2.442690099175958, 56.728577369990944 ], [ -2.442685638886938, 56.728585982696501 ], [ -2.442681181448365, 56.728594595682402 ], [ -2.442676726846615, 56.728603208946424 ], [ -2.442672275068067, 56.728611822486307 ], [ -2.442667826099102, 56.728620436299778 ], [ -2.442663379926095, 56.728629050384626 ], [ -2.442658936535428, 56.728637664738578 ], [ -2.442654495913476, 56.728646279359396 ], [ -2.442650058046619, 56.728654894244826 ], [ -2.442645622921237, 56.728663509392611 ], [ -2.442641190523703, 56.728672124800518 ], [ -2.442636760840399, 56.728680740466295 ], [ -2.442632333857708, 56.72868935638769 ], [ -2.442627909561998, 56.728697972562443 ], [ -2.44262348793966, 56.728706588988324 ], [ -2.44261906897706, 56.728715205663072 ], [ -2.442614652660583, 56.728723822584435 ], [ -2.442610238976607, 56.728732439750175 ], [ -2.442605827911508, 56.728741057158025 ], [ -2.442601419451665, 56.728749674805755 ], [ -2.442597013583458, 56.728758292691104 ], [ -2.442592610293263, 56.728766910811842 ], [ -2.442588209567462, 56.728775529165702 ], [ -2.442583811392429, 56.728784147750432 ], [ -2.442579415754544, 56.728792766563785 ], [ -2.442575022640186, 56.728801385603518 ], [ -2.44257063203573, 56.728810004867398 ], [ -2.442566243927557, 56.728818624353146 ], [ -2.442561858302046, 56.728827244058515 ], [ -2.442557475145572, 56.728835863981267 ], [ -2.442553094444516, 56.728844484119172 ], [ -2.442548716185256, 56.728853104469948 ], [ -2.442544340354167, 56.728861725031351 ], [ -2.442539966937632, 56.728870345801141 ], [ -2.442535595922025, 56.728878966777081 ], [ -2.442531227293725, 56.728887587956898 ], [ -2.442526861039045, 56.728896209338338 ], [ -2.442522497133376, 56.728904830917976 ], [ -2.442518135529157, 56.728913452689895 ], [ -2.44251377617594, 56.728922074647862 ], [ -2.442509419023273, 56.728930696785618 ], [ -2.442505064020699, 56.728939319096945 ], [ -2.442500711117769, 56.728947941575633 ], [ -2.44249636026403, 56.72895656421543 ], [ -2.442492011409032, 56.72896518701009 ], [ -2.442487664502316, 56.728973809953402 ], [ -2.442483319493435, 56.728982433039121 ], [ -2.442478976331933, 56.728991056261016 ], [ -2.442474634967359, 56.728999679612855 ], [ -2.442470295349259, 56.729008303088406 ], [ -2.442465957427181, 56.729016926681432 ], [ -2.442461621150673, 56.729025550385707 ], [ -2.442457286469279, 56.729034174195 ], [ -2.44245295333255, 56.729042798103066 ], [ -2.442448621690029, 56.72905142210368 ], [ -2.442444291491265, 56.729060046190604 ], [ -2.442439962685807, 56.729068670357613 ], [ -2.442435635223198, 56.729077294598461 ], [ -2.442431309052984, 56.729085918906947 ], [ -2.442426984124717, 56.729094543276787 ], [ -2.442422660387942, 56.729103167701794 ], [ -2.442418337792201, 56.729111792175701 ], [ -2.442414016287047, 56.729120416692304 ], [ -2.442409695822022, 56.729129041245351 ], [ -2.442405376346674, 56.729137665828617 ], [ -2.44240105781055, 56.729146290435857 ], [ -2.442396740163198, 56.72915491506086 ], [ -2.442392423354162, 56.729163539697367 ], [ -2.442388107332988, 56.729172164339154 ], [ -2.442383792049224, 56.72918078898001 ], [ -2.442379477452417, 56.729189413613682 ], [ -2.442375163492108, 56.729198038233925 ], [ -2.442370850117851, 56.729206662834535 ], [ -2.442366537279186, 56.729215287409247 ], [ -2.442362224925663, 56.729223911951848 ], [ -2.442357913006826, 56.729232536456102 ], [ -2.442353601472223, 56.729241160915784 ], [ -2.442349290271395, 56.729249785324647 ], [ -2.442344979353894, 56.729258409676454 ], [ -2.442340668669263, 56.729267033965002 ], [ -2.442336358167047, 56.729275658184015 ], [ -2.442332047796793, 56.729284282327278 ], [ -2.442327737508051, 56.729292906388579 ], [ -2.442323427250358, 56.729301530361639 ], [ -2.442319116973267, 56.729310154240281 ], [ -2.442314806626318, 56.729318778018225 ], [ -2.442310496159061, 56.729327401689275 ], [ -2.442306185521039, 56.729336025247164 ], [ -2.4423018746618, 56.729344648685682 ], [ -2.442297563530889, 56.729353271998576 ], [ -2.442293252077847, 56.729361895179636 ], [ -2.442288940252227, 56.729370518222609 ], [ -2.442284628003569, 56.729379141121257 ], [ -2.442280315281419, 56.72938776386939 ], [ -2.442276002035322, 56.729396386460714 ], [ -2.442271688214825, 56.729405008889039 ], [ -2.44226737376947, 56.729413631148113 ], [ -2.442263058648808, 56.729422253231711 ], [ -2.442258742802378, 56.729430875133602 ], [ -2.44225442617973, 56.72943949684754 ], [ -2.442250108730403, 56.729448118367301 ], [ -2.442245790403949, 56.72945673968664 ], [ -2.442241471149909, 56.729465360799352 ], [ -2.442237150917825, 56.729473981699186 ], [ -2.442232829657247, 56.729482602379875 ], [ -2.442228507317719, 56.729491222835236 ], [ -2.442224183848783, 56.729499843059024 ], [ -2.442219859199984, 56.729508463045008 ], [ -2.442215533320871, 56.729517082786934 ], [ -2.442211206160984, 56.729525702278572 ], [ -2.442206877669872, 56.729534321513711 ], [ -2.442202547797074, 56.729542940486091 ], [ -2.442198216492138, 56.729551559189488 ], [ -2.442193883704606, 56.729560177617699 ], [ -2.442189549384027, 56.72956879576445 ], [ -2.442185213479942, 56.729577413623495 ], [ -2.442180875941896, 56.729586031188667 ], [ -2.442176536719431, 56.72959464845367 ], [ -2.442172195762094, 56.729603265412294 ], [ -2.44216785301943, 56.729611882058293 ], [ -2.442163508440982, 56.729620498385465 ], [ -2.442159161976289, 56.729629114387542 ], [ -2.442154813574905, 56.729637730058315 ], [ -2.442150463186367, 56.729646345391536 ], [ -2.442146110760222, 56.729654960380977 ], [ -2.442141756246013, 56.729663575020396 ], [ -2.442137399593282, 56.729672189303571 ], [ -2.442133040751575, 56.729680803224269 ], [ -2.442128679670437, 56.729689416776232 ], [ -2.442124316299409, 56.729698029953269 ], [ -2.442119950588034, 56.729706642749107 ], [ -2.442115582485859, 56.729715255157529 ], [ -2.442111211942429, 56.729723867172304 ], [ -2.442106838907283, 56.729732478787199 ], [ -2.442102463329966, 56.729741089995969 ], [ -2.44209808516002, 56.729749700792404 ], [ -2.442093704346992, 56.729758311170244 ], [ -2.442089320840425, 56.729766921123272 ], [ -2.442084934589861, 56.729775530645234 ], [ -2.442080545544842, 56.729784139729922 ], [ -2.442076153654914, 56.729792748371075 ], [ -2.442071758869619, 56.729801356562497 ], [ -2.442067361138499, 56.729809964297921 ], [ -2.442062960411099, 56.729818571571137 ], [ -2.442058556636963, 56.729827178375885 ], [ -2.442054149765633, 56.729835784705948 ], [ -2.442049739746651, 56.729844390555087 ], [ -2.44204532652956, 56.729852995917085 ], [ -2.442040910063904, 56.729861600785682 ], [ -2.442036490299226, 56.729870205154668 ], [ -2.442032067185068, 56.729878809017777 ], [ -2.442027640670974, 56.729887412368811 ], [ -2.442023210706486, 56.729896015201518 ], [ -2.442018777241148, 56.729904617509661 ], [ -2.4420143402245, 56.729913219287035 ], [ -2.442009899606086, 56.729921820527359 ], [ -2.44200545533545, 56.729930421224445 ], [ -2.442001007362135, 56.729939021372026 ], [ -2.44199655563568, 56.729947620963891 ], [ -2.441992100105629, 56.729956219993788 ], [ -2.441987640721526, 56.729964818455485 ], [ -2.441983177432913, 56.729973416342759 ], [ -2.441978710189333, 56.729982013649384 ], [ -2.441974238940325, 56.729990610369107 ], [ -2.441969763635434, 56.729999206495684 ], [ -2.4419652842242, 56.730007802022918 ], [ -2.44196080065617, 56.730016396944542 ], [ -2.44195631288088, 56.730024991254353 ], [ -2.441951820847877, 56.730033584946085 ], [ -2.441947324506701, 56.730042178013534 ], [ -2.441942823806896, 56.73005077045044 ], [ -2.441938318697999, 56.730059362250579 ], [ -2.441933809129557, 56.730067953407712 ], [ -2.44192929505111, 56.730076543915629 ], [ -2.4419247764122, 56.730085133768057 ], [ -2.44192025316237, 56.730093722958784 ], [ -2.441915725251158, 56.730102311481581 ], [ -2.441911192628109, 56.730110899330214 ], [ -2.441906655247036, 56.730119486498985 ], [ -2.441902113117814, 56.730128072989189 ], [ -2.441897566289772, 56.730136658807098 ], [ -2.44189301481307, 56.730145243959072 ], [ -2.441888458737859, 56.730153828451471 ], [ -2.441883898114298, 56.730162412290653 ], [ -2.44187933299254, 56.730170995482979 ], [ -2.441874763422741, 56.730179578034786 ], [ -2.441870189455059, 56.730188159952476 ], [ -2.441865611139648, 56.730196741242366 ], [ -2.441861028526663, 56.73020532191083 ], [ -2.441856441666261, 56.730213901964248 ], [ -2.441851850608598, 56.730222481408951 ], [ -2.44184725540383, 56.730231060251306 ], [ -2.44184265610211, 56.730239638497679 ], [ -2.441838052753598, 56.730248216154408 ], [ -2.441833445408446, 56.730256793227895 ], [ -2.441828834116815, 56.730265369724435 ], [ -2.441824218928855, 56.73027394565046 ], [ -2.441819599894728, 56.730282521012271 ], [ -2.441814977064587, 56.730291095816263 ], [ -2.441810350488587, 56.730299670068774 ], [ -2.441805720216887, 56.730308243776179 ], [ -2.441801086299643, 56.730316816944821 ], [ -2.441796448787012, 56.730325389581061 ], [ -2.441791807729146, 56.730333961691287 ], [ -2.441787163176205, 56.730342533281814 ], [ -2.441782515178343, 56.730351104359031 ], [ -2.441777863785722, 56.730359674929282 ], [ -2.441773209048494, 56.730368244998949 ], [ -2.441768551016815, 56.730376814574363 ], [ -2.441763889740844, 56.730385383661904 ], [ -2.441759225270737, 56.730393952267924 ], [ -2.441754557656648, 56.730402520398776 ], [ -2.441749886948738, 56.730411088060826 ], [ -2.441745213197163, 56.730419655260427 ], [ -2.441740536452078, 56.730428222003937 ], [ -2.441735856763639, 56.73043678829773 ], [ -2.441731174182006, 56.730445354148159 ], [ -2.441726488757336, 56.730453919561576 ], [ -2.441721800539783, 56.730462484544347 ], [ -2.441717109579502, 56.730471049102832 ], [ -2.44171241592666, 56.730479613243382 ], [ -2.441707719631404, 56.730488176972358 ], [ -2.441703020743896, 56.730496740296132 ], [ -2.441698319314292, 56.730505303221051 ], [ -2.44169361539275, 56.730513865753494 ], [ -2.441688909029426, 56.730522427899785 ], [ -2.441684200274479, 56.730530989666313 ], [ -2.441679489178064, 56.730539551059415 ], [ -2.441674775790343, 56.730548112085472 ], [ -2.441670060161466, 56.730556672750822 ], [ -2.441665342341597, 56.730565233061853 ], [ -2.441660622380892, 56.730573793024895 ], [ -2.441655900329506, 56.73058235264633 ], [ -2.441651176237599, 56.730590911932509 ], [ -2.441646450155329, 56.730599470889779 ], [ -2.441641722132855, 56.730608029524511 ], [ -2.44163699222033, 56.730616587843066 ], [ -2.441632260467916, 56.730625145851803 ], [ -2.441627526925768, 56.730633703557089 ], [ -2.441622791644046, 56.730642260965261 ], [ -2.441618054672907, 56.730650818082694 ], [ -2.44161331606251, 56.730659374915753 ], [ -2.441608575863011, 56.730667931470776 ], [ -2.441603834124571, 56.730676487754145 ], [ -2.441599090897345, 56.730685043772205 ], [ -2.441594346231494, 56.730693599531328 ], [ -2.441589600177172, 56.730702155037868 ], [ -2.441584852784539, 56.730710710298176 ], [ -2.441580104103757, 56.730719265318626 ], [ -2.441575354184983, 56.730727820105571 ], [ -2.441570603078371, 56.730736374665355 ], [ -2.441565850834081, 56.730744929004352 ], [ -2.441561097502276, 56.730753483128943 ], [ -2.441556343133108, 56.730762037045466 ], [ -2.441551587776741, 56.730770590760265 ], [ -2.441546831483329, 56.73077914427973 ], [ -2.441542074303034, 56.730787697610204 ], [ -2.441537316286013, 56.730796250758033 ], [ -2.441532557482424, 56.730804803729612 ], [ -2.441527797942427, 56.730813356531257 ], [ -2.441523037716183, 56.730821909169372 ], [ -2.441518276853846, 56.730830461650292 ], [ -2.441513515405578, 56.730839013980372 ], [ -2.441508753421536, 56.730847566165998 ], [ -2.441503990951881, 56.730856118213509 ], [ -2.44149922804677, 56.730864670129257 ], [ -2.441494464756365, 56.73087322191963 ], [ -2.44148970113082, 56.730881773590959 ], [ -2.4414849372203, 56.730890325149616 ], [ -2.441480173074959, 56.730898876601955 ], [ -2.441475408744959, 56.730907427954335 ], [ -2.441470644280459, 56.730915979213144 ], [ -2.441465879731619, 56.730924530384719 ], [ -2.441461115148595, 56.730933081475413 ], [ -2.441456350581551, 56.730941632491572 ], [ -2.441451586080642, 56.730950183439596 ], [ -2.441446821696031, 56.730958734325817 ], [ -2.441442057477873, 56.73096728515663 ], [ -2.441437293476333, 56.730975835938331 ], [ -2.441432529741568, 56.730984386677335 ], [ -2.441427766323737, 56.730992937379973 ], [ -2.441423003273, 56.731001488052634 ], [ -2.441418240639515, 56.731010038701655 ], [ -2.441413478473446, 56.731018589333388 ], [ -2.441408716824949, 56.731027139954207 ], [ -2.441403955744186, 56.731035690570465 ], [ -2.441399195281315, 56.731044241188542 ], [ -2.441394435486498, 56.731052791814768 ], [ -2.441389676409895, 56.731061342455519 ], [ -2.441384918101661, 56.731069893117166 ], [ -2.441380160611963, 56.731078443806034 ], [ -2.441375403990956, 56.731086994528532 ], [ -2.441370648288804, 56.731095545290962 ], [ -2.441365893555662, 56.731104096099742 ], [ -2.441361139841695, 56.731112646961186 ], [ -2.441356387197062, 56.731121197881691 ], [ -2.441351635671923, 56.731129748867588 ], [ -2.441346885316438, 56.731138299925249 ], [ -2.441342136180766, 56.731146851061034 ], [ -2.441337388315071, 56.731155402281289 ], [ -2.44133264176951, 56.731163953592407 ], [ -2.441327896594243, 56.7311725050007 ], [ -2.441323152839434, 56.731181056512582 ], [ -2.441318410555241, 56.731189608134379 ], [ -2.441313669791826, 56.731198159872442 ], [ -2.441308930599349, 56.731206711733172 ], [ -2.441304193027972, 56.731215263722881 ], [ -2.441299457127851, 56.731223815847962 ], [ -2.441294722949154, 56.731232368114775 ], [ -2.441289990542036, 56.731240920529665 ], [ -2.441285259956659, 56.731249473098984 ], [ -2.441280531243187, 56.731258025829106 ], [ -2.441275804451778, 56.731266578726412 ], [ -2.441271079632593, 56.731275131797233 ], [ -2.441266356835795, 56.731283685047934 ], [ -2.441261636111542, 56.731292238484883 ], [ -2.441256917509997, 56.731300792114418 ], [ -2.441252201081324, 56.731309345942918 ], [ -2.441247486875678, 56.731317899976752 ], [ -2.44124277494397, 56.731326454222632 ], [ -2.441238065355804, 56.731335008696227 ], [ -2.441233358200395, 56.731343563422655 ], [ -2.441228653567882, 56.731352118427438 ], [ -2.441223951548405, 56.731360673736106 ], [ -2.441219252232102, 56.731369229374224 ], [ -2.441214555709112, 56.731377785367307 ], [ -2.441209862069578, 56.731386341740908 ], [ -2.441205171403638, 56.731394898520534 ], [ -2.441200483801431, 56.731403455731758 ], [ -2.441195799353103, 56.731412013400103 ], [ -2.441191118148783, 56.731420571551105 ], [ -2.441186440278621, 56.731429130210287 ], [ -2.441181765832753, 56.731437689403229 ], [ -2.44117709490132, 56.731446249155432 ], [ -2.441172427574462, 56.731454809492448 ], [ -2.441167763942321, 56.731463370439798 ], [ -2.441163104095035, 56.731471932023034 ], [ -2.441158448122748, 56.7314804942677 ], [ -2.441153796115596, 56.731489057199319 ], [ -2.441149148163723, 56.731497620843442 ], [ -2.441144504357268, 56.731506185225584 ], [ -2.441139864786376, 56.731514750371311 ], [ -2.441135229541182, 56.731523316306145 ], [ -2.44113059871183, 56.731531883055624 ], [ -2.441125972388462, 56.731540450645291 ], [ -2.441121350661217, 56.731549019100662 ], [ -2.441116733620236, 56.731557588447316 ], [ -2.441112121355664, 56.73156615871077 ], [ -2.441107513957638, 56.731574729916552 ], [ -2.441102911516301, 56.731583302090208 ], [ -2.441098314121794, 56.731591875257266 ], [ -2.441093721864262, 56.731600449443285 ], [ -2.441089134833842, 56.73160902467378 ], [ -2.441084553120677, 56.731617600974317 ], [ -2.441079976814908, 56.731626178370405 ], [ -2.441075406006679, 56.731634756887601 ], [ -2.44107084078613, 56.731643336551429 ], [ -2.441066281243407, 56.731651917387431 ], [ -2.441061727468646, 56.731660499421139 ], [ -2.441057179551994, 56.731669082678131 ], [ -2.441052637583588, 56.731677667183888 ], [ -2.441048101653574, 56.731686252963968 ], [ -2.441043571852096, 56.731694840043929 ], [ -2.441039048269293, 56.731703428449279 ], [ -2.441034530995307, 56.731712018205577 ], [ -2.441030020120283, 56.73172060933836 ], [ -2.441025515734362, 56.731729201873179 ], [ -2.441021017927688, 56.731737795835514 ], [ -2.441016526790402, 56.731746391250979 ], [ -2.441012042412648, 56.731754988145049 ], [ -2.44100756488457, 56.731763586543288 ], [ -2.441003094296307, 56.731772186471247 ], [ -2.440998630738006, 56.731780787954456 ], [ -2.44099417429981, 56.731789391018445 ], [ -2.44098972507186, 56.731797995688758 ], [ -2.440985283144297, 56.731806601990918 ], [ -2.44098084860727, 56.73181520995049 ], [ -2.440976421550918, 56.731823819592989 ], [ -2.440972002065388, 56.731832430943967 ], [ -2.44096759024082, 56.731841044028961 ], [ -2.440963186167362, 56.731849658873514 ], [ -2.440958789935153, 56.731858275503129 ], [ -2.440954401634339, 56.731866893943383 ], [ -2.440950021355063, 56.731875514219823 ], [ -2.440945649187468, 56.731884136357941 ], [ -2.440941285221701, 56.73189276038331 ], [ -2.440936929547904, 56.731901386321461 ], [ -2.440932582256221, 56.731910014197936 ], [ -2.440928243436796, 56.731918644038252 ], [ -2.44092391315317, 56.731927275860848 ], [ -2.440919591223287, 56.731935909618493 ], [ -2.440915277332438, 56.731944545228473 ], [ -2.440910971164609, 56.731953182607697 ], [ -2.44090667240379, 56.731961821673103 ], [ -2.44090238073397, 56.731970462341664 ], [ -2.440898095839137, 56.731979104530282 ], [ -2.440893817403281, 56.731987748155923 ], [ -2.44088954511039, 56.731996393135503 ], [ -2.440885278644452, 56.73200503938596 ], [ -2.440881017689453, 56.732013686824239 ], [ -2.440876761929383, 56.732022335367276 ], [ -2.44087251104823, 56.73203098493201 ], [ -2.440868264729978, 56.732039635435385 ], [ -2.440864022658618, 56.73204828679431 ], [ -2.44085978451813, 56.732056938925744 ], [ -2.440855549992508, 56.732065591746647 ], [ -2.440851318765734, 56.732074245173884 ], [ -2.440847090521795, 56.732082899124464 ], [ -2.440842864944672, 56.732091553515311 ], [ -2.440838641718358, 56.732100208263326 ], [ -2.440834420526834, 56.732108863285468 ], [ -2.440830201054085, 56.73211751849869 ], [ -2.440825982984097, 56.732126173819886 ], [ -2.440821766000851, 56.732134829166029 ], [ -2.440817549788334, 56.732143484454049 ], [ -2.440813334030529, 56.732152139600871 ], [ -2.440809118411423, 56.732160794523445 ], [ -2.440804902614992, 56.732169449138688 ], [ -2.440800686325227, 56.732178103363559 ], [ -2.440796469226104, 56.732186757114981 ], [ -2.440792251001611, 56.732195410309892 ], [ -2.440788031335725, 56.732204062865229 ], [ -2.440783809912433, 56.73221271469793 ], [ -2.440779586415716, 56.732221365724939 ], [ -2.440775360529554, 56.73223001586318 ], [ -2.440771131937927, 56.732238665029577 ], [ -2.44076690032482, 56.732247313141094 ], [ -2.440762665374209, 56.732255960114642 ], [ -2.440758426770083, 56.732264605867179 ], [ -2.440754184196413, 56.732273250315629 ], [ -2.440749937337183, 56.732281893376921 ], [ -2.440745685876375, 56.732290534968001 ], [ -2.440741429497965, 56.732299175005814 ], [ -2.440737167885934, 56.732307813407267 ], [ -2.440732900724259, 56.732316450089321 ], [ -2.440728627696923, 56.732325084968906 ], [ -2.440724348487902, 56.732333717962945 ], [ -2.440720062781173, 56.732342348988382 ], [ -2.440715770260718, 56.73235097796217 ], [ -2.440711470610513, 56.732359604801211 ], [ -2.440707163514533, 56.732368229422462 ], [ -2.440702848656759, 56.732376851742842 ], [ -2.440698525721166, 56.732385471679322 ], [ -2.440694194391734, 56.732394089148791 ], [ -2.440689854352437, 56.732402704068214 ], [ -2.44068550528725, 56.732411316354529 ], [ -2.440681146880153, 56.732419925924638 ], [ -2.440676778815118, 56.732428532695501 ], [ -2.440672400776123, 56.732437136584046 ], [ -2.440668012447143, 56.73244573750722 ], [ -2.440663613512154, 56.732454335381945 ], [ -2.440659203655132, 56.732462930125173 ], [ -2.440654782560045, 56.7324715216538 ], [ -2.440650349910875, 56.732480109884797 ], [ -2.440645905391595, 56.732488694735103 ], [ -2.440641448686177, 56.732497276121613 ], [ -2.440636979478593, 56.732505853961293 ], [ -2.440632497452821, 56.732514428171065 ], [ -2.440628002292831, 56.732522998667889 ], [ -2.440623493682597, 56.732531565368646 ], [ -2.440618971306093, 56.73254012819033 ], [ -2.44061443484729, 56.732548687049835 ], [ -2.440609883990161, 56.732557241864114 ], [ -2.440605318418678, 56.732565792550098 ], [ -2.440600737816812, 56.732574339024701 ], [ -2.440596141868535, 56.732582881204891 ], [ -2.44059153025782, 56.732591419007576 ], [ -2.440586902668635, 56.732599952349702 ], [ -2.440582258784954, 56.732608481148205 ], [ -2.440577598290745, 56.732617005320009 ], [ -2.440572920870621, 56.732625524782286 ], [ -2.440568226347755, 56.73263403950218 ], [ -2.440563514856014, 56.732642549558967 ], [ -2.440558786571548, 56.732651055047178 ], [ -2.440554041670503, 56.732659556061286 ], [ -2.440549280329031, 56.73266805269585 ], [ -2.44054450272328, 56.732676545045337 ], [ -2.440539709029395, 56.732685033204319 ], [ -2.440534899423528, 56.732693517267265 ], [ -2.440530074081827, 56.732701997328711 ], [ -2.44052523318044, 56.732710473483174 ], [ -2.440520376895517, 56.732718945825169 ], [ -2.440515505403207, 56.732727414449187 ], [ -2.440510618879659, 56.73273587944977 ], [ -2.440505717501021, 56.732744340921435 ], [ -2.440500801443446, 56.732752798958678 ], [ -2.440495870883083, 56.732761253656044 ], [ -2.440490925996076, 56.732769705108005 ], [ -2.440485966958583, 56.732778153409114 ], [ -2.440480993946749, 56.732786598653867 ], [ -2.440476007136727, 56.732795040936807 ], [ -2.440471006704664, 56.732803480352402 ], [ -2.440465992826713, 56.73281191699521 ], [ -2.440460965679023, 56.732820350959727 ], [ -2.440455925437744, 56.732828782340484 ], [ -2.440450872279029, 56.732837211231967 ], [ -2.440445806379028, 56.732845637728722 ], [ -2.440440727913888, 56.732854061925245 ], [ -2.440435637059765, 56.732862483916058 ], [ -2.440430533992807, 56.732870903795686 ], [ -2.44042541888917, 56.732879321658636 ], [ -2.440420291924999, 56.73288773759942 ], [ -2.440415153276448, 56.732896151712573 ], [ -2.440410003119672, 56.732904564092578 ], [ -2.440404841630814, 56.73291297483398 ], [ -2.440399668986035, 56.732921384031279 ], [ -2.440394485361483, 56.732929791779007 ], [ -2.440389290933309, 56.732938198171645 ], [ -2.440384085877667, 56.732946603303759 ], [ -2.440378870370707, 56.732955007269837 ], [ -2.440373644588583, 56.732963410164402 ], [ -2.440368408707446, 56.732971812081942 ], [ -2.440363162903451, 56.732980213117017 ], [ -2.440357907352749, 56.732988613364121 ], [ -2.44035264223149, 56.732997012917764 ], [ -2.440347367715831, 56.733005411872483 ], [ -2.440342083981924, 56.73301381032276 ], [ -2.440336791205921, 56.73302220836316 ], [ -2.440331489563975, 56.73303060608815 ], [ -2.440326179232242, 56.733039003592289 ], [ -2.44032086038687, 56.733047400970058 ], [ -2.440315533204018, 56.733055798315995 ], [ -2.440310197859835, 56.733064195724609 ], [ -2.440304854530477, 56.733072593290402 ], [ -2.440299503392098, 56.733080991107933 ], [ -2.440294144620849, 56.733089389271676 ], [ -2.440288778392889, 56.733097787876162 ], [ -2.440283404884367, 56.733106187015927 ], [ -2.440278024271441, 56.73311458678544 ], [ -2.440272636730263, 56.733122987279259 ], [ -2.440267242436989, 56.7331313885919 ], [ -2.44026184156777, 56.733139790817859 ], [ -2.440256434298763, 56.733148194051665 ], [ -2.440251020806124, 56.733156598387822 ], [ -2.440245601266006, 56.733165003920867 ], [ -2.440240175854564, 56.733173410745295 ], [ -2.440234744746752, 56.733181818957171 ], [ -2.440229308087064, 56.7331902286911 ], [ -2.440223866084501, 56.73319864 ], [ -2.440218418915217, 56.733207052978344 ], [ -2.440212966755368, 56.733215467720711 ], [ -2.440207509781929, 56.733223884321617 ], [ -2.440202048573088, 56.733232302902614 ], [ -2.440196584753118, 56.733240723655562 ], [ -2.440191120114636, 56.733249146783606 ], [ -2.440185656450257, 56.73325757248989 ], [ -2.4401801955526, 56.733266000977594 ], [ -2.440174739214283, 56.733274432449846 ], [ -2.440169289227927, 56.733282867109821 ], [ -2.440163847386157, 56.733291305160677 ], [ -2.440158415481597, 56.733299746805578 ], [ -2.44015299530687, 56.733308192247669 ], [ -2.440147588654609, 56.733316641690102 ], [ -2.440142197317434, 56.733325095336049 ], [ -2.440136823087982, 56.733333553388654 ], [ -2.440131467758882, 56.733342016051104 ], [ -2.440126133122766, 56.733350483526529 ], [ -2.440120820972273, 56.733358956018108 ], [ -2.440115533100033, 56.733367433729001 ], [ -2.440110271298687, 56.733375916862357 ], [ -2.440105037360876, 56.733384405621344 ], [ -2.440099833079238, 56.733392900209125 ], [ -2.440094660246415, 56.733401400828832 ], [ -2.440089520655049, 56.733409907683679 ], [ -2.44008441609779, 56.73341842097679 ], [ -2.440079348367282, 56.733426940911336 ], [ -2.440074319256174, 56.733435467690491 ], [ -2.440069330557113, 56.733444001517405 ], [ -2.440064384062754, 56.733452542595252 ], [ -2.440059481565748, 56.733461091127182 ], [ -2.44005462485875, 56.733469647316362 ], [ -2.440049815734417, 56.733478211365963 ], [ -2.440045055985405, 56.73348678347913 ], [ -2.440040347404373, 56.733495363859063 ], [ -2.440035691783982, 56.733503952708908 ], [ -2.440031090916897, 56.733512550231801 ], [ -2.440026546595778, 56.733521156630964 ], [ -2.440022060613294, 56.733529772109513 ], [ -2.44001763476211, 56.733538396870642 ], [ -2.440013270834894, 56.733547031117503 ], [ -2.440008970624319, 56.733555675053282 ], [ -2.440004735923055, 56.733564328881108 ], [ -2.440000568523776, 56.733572992804163 ], [ -2.439996470219158, 56.733581667025632 ], [ -2.439992442801877, 56.733590351748674 ], [ -2.439988488064613, 56.733599047176455 ], [ -2.439984607800048, 56.733607753512111 ], [ -2.439980803800858, 56.73361647095885 ], [ -2.439977077859734, 56.733625199719825 ], [ -2.439973431769352, 56.733633939998192 ], [ -2.439969867322412, 56.73364269199714 ], [ -2.439966386311594, 56.733651455919812 ], [ -2.439962990529587, 56.733660231969388 ], [ -2.43995968176909, 56.733669020349055 ], [ -2.439956461822792, 56.733677821261935 ], [ -2.439953332483392, 56.733686634911237 ], [ -2.439950295543585, 56.733695461500098 ], [ -2.439947352796071, 56.733704301231697 ], [ -2.439944506033553, 56.733713154309221 ], [ -2.439941757048732, 56.733722020935801 ], [ -2.439939107634316, 56.733730901314644 ], [ -2.439936559583009, 56.733739795648894 ], [ -2.439934114687519, 56.733748704141711 ], [ -2.439931774740555, 56.733757626996265 ], [ -2.439929541534834, 56.733766564415738 ], [ -2.439927416863066, 56.733775516603288 ], [ -2.439925402517969, 56.733784483762079 ], [ -2.439923500292263, 56.733793466095285 ], [ -2.439921711978661, 56.733802463806072 ], [ -2.439920039369893, 56.733811477097589 ], [ -2.439918484258676, 56.733820506173032 ], [ -2.439917048798153, 56.733829551113587 ], [ -2.439915748426645, 56.733838607504723 ], [ -2.439914615431847, 56.733847665230087 ], [ -2.439913683187379, 56.733856713805878 ], [ -2.439912985066895, 56.733865742748257 ], [ -2.43991255444408, 56.733874741573409 ], [ -2.439912424692651, 56.733883699797488 ], [ -2.439912629186347, 56.733892606936713 ], [ -2.439913201298948, 56.733901452507212 ], [ -2.439914174404252, 56.733910226025166 ], [ -2.439915581593721, 56.733918917001951 ], [ -2.43991740189943, 56.733927514026526 ], [ -2.439919496471695, 56.733936003676533 ], [ -2.439921710925505, 56.733944372264602 ], [ -2.439923890875717, 56.73395260610333 ], [ -2.439925881937047, 56.733960691505331 ], [ -2.439927529724079, 56.733968614783265 ], [ -2.439928679851276, 56.733976362249734 ], [ -2.439929177932985, 56.733983920217376 ], [ -2.439928869583444, 56.733991274998814 ], [ -2.439927600416803, 56.733998412906679 ], [ -2.43992521604712, 56.734005320253502 ], [ -2.439921562105851, 56.734011983354584 ], [ -2.439916541693142, 56.734018397494793 ], [ -2.439910243308764, 56.734024586895956 ], [ -2.439902792769148, 56.734030581604216 ], [ -2.439894315890823, 56.734036411665713 ], [ -2.439884938490399, 56.734042107126591 ], [ -2.439874786384551, 56.734047698033017 ], [ -2.43986398539001, 56.734053214431178 ], [ -2.43985266132356, 56.734058686367305 ], [ -2.439840940002023, 56.73406414388765 ], [ -2.439828947242256, 56.734069617038529 ], [ -2.439816808861162, 56.734075135866284 ], [ -2.439804650675661, 56.734080730417318 ], [ -2.43979259850272, 56.734086430738081 ], [ -2.439780778104748, 56.734092266861055 ], [ -2.439769282301359, 56.734098260361847 ], [ -2.439758115208736, 56.734104410044495 ], [ -2.439747266164479, 56.734110710919225 ], [ -2.439736724506193, 56.734117157996195 ], [ -2.439726479571489, 56.734123746285569 ], [ -2.439716520697982, 56.734130470797524 ], [ -2.439706837223293, 56.734137326542182 ], [ -2.439697418485044, 56.73414430852975 ], [ -2.439688253820861, 56.734151411770334 ], [ -2.439679332568368, 56.734158631274099 ], [ -2.439670644065199, 56.734165962051165 ], [ -2.43966217764898, 56.734173399111654 ], [ -2.439653922657339, 56.734180937465759 ], [ -2.439645868427904, 56.734188572123543 ], [ -2.439638004298302, 56.734196298095171 ], [ -2.439630319606159, 56.734204110390721 ], [ -2.439622803689098, 56.734212004020335 ], [ -2.439615445884737, 56.734219973994136 ], [ -2.439608235530697, 56.734228015322188 ], [ -2.439601161964588, 56.734236123014668 ], [ -2.439594214524021, 56.734244292081591 ], [ -2.4395873825466, 56.734252517533122 ], [ -2.439580655369931, 56.73426079437936 ], [ -2.439574022331603, 56.734269117630362 ], [ -2.439567472769211, 56.734277482296228 ], [ -2.439560996020341, 56.734285883387074 ], [ -2.439554581422569, 56.734294315912976 ], [ -2.439548218313471, 56.734302774884 ], [ -2.439541896030618, 56.734311255310246 ], [ -2.439535603911568, 56.734319752201792 ], [ -2.439529331293879, 56.734328260568709 ], [ -2.439523067515101, 56.734336775421099 ], [ -2.439516801912777, 56.73434529176901 ], [ -2.439510523824443, 56.734353804622515 ], [ -2.439504222587633, 56.734362308991685 ], [ -2.439497887539866, 56.734370799886591 ], [ -2.439491508018667, 56.734379272317298 ], [ -2.439485073361543, 56.734387721293878 ], [ -2.439478572906003, 56.734396141826394 ], [ -2.439471995989549, 56.734404528924863 ], [ -2.439465331954587, 56.734412877601308 ], [ -2.439458574599011, 56.734421184622988 ], [ -2.439451730392221, 56.734429451749165 ], [ -2.439444808041196, 56.734437681620584 ], [ -2.439437816252915, 56.734445876878041 ], [ -2.439430763734373, 56.734454040162298 ], [ -2.439423659192558, 56.734462174114135 ], [ -2.439416511334476, 56.734470281374328 ], [ -2.439409328867133, 56.734478364583651 ], [ -2.439402120497542, 56.73448642638288 ], [ -2.439394894932718, 56.734494469412802 ], [ -2.439387660879684, 56.734502496314207 ], [ -2.439380427045471, 56.73451050972789 ], [ -2.43937320213711, 56.734518512294621 ], [ -2.439365994861643, 56.734526506655186 ], [ -2.439358813926111, 56.734534495450404 ], [ -2.439351668037568, 56.734542481321071 ], [ -2.439344565903066, 56.734550466907955 ], [ -2.439337516229664, 56.734558454851872 ], [ -2.439330527724431, 56.734566447793618 ], [ -2.439323609094438, 56.734574448374019 ], [ -2.439316769046762, 56.734582459233842 ], [ -2.439310016288481, 56.734590483013918 ], [ -2.439303359526688, 56.73459852235505 ], [ -2.439296807468476, 56.734606579898056 ], [ -2.439290368820942, 56.734614658283739 ], [ -2.439284052291193, 56.734622760152909 ], [ -2.439277866586341, 56.734630888146391 ], [ -2.439271820413504, 56.734639044904988 ], [ -2.439265922479803, 56.734647233069552 ], [ -2.439260181492374, 56.734655455280851 ], [ -2.439254605728645, 56.734663714065846 ], [ -2.439249195656667, 56.734672009881407 ], [ -2.439243944938394, 56.734680341380304 ], [ -2.439238847007925, 56.734688707154923 ], [ -2.439233895299354, 56.734697105797679 ], [ -2.439229083246767, 56.734705535900922 ], [ -2.439224404284249, 56.734713996057053 ], [ -2.439219851845881, 56.73472248485843 ], [ -2.439215419365738, 56.734731000897455 ], [ -2.439211100277891, 56.734739542766512 ], [ -2.439206888016402, 56.734748109057946 ], [ -2.439202776015338, 56.734756698364144 ], [ -2.43919875770875, 56.734765309277499 ], [ -2.439194826530689, 56.73477394039034 ], [ -2.439190975915206, 56.734782590295083 ], [ -2.439187199296335, 56.734791257584078 ], [ -2.439183490108115, 56.73479994084969 ], [ -2.439179841784576, 56.734808638684292 ], [ -2.439176247759743, 56.734817349680263 ], [ -2.439172701467633, 56.734826072429939 ], [ -2.439169196342261, 56.734834805525715 ], [ -2.439165725817638, 56.734843547559954 ], [ -2.439162283327766, 56.734852297125002 ], [ -2.43915886230664, 56.734861052813223 ], [ -2.439155456188255, 56.734869813216996 ], [ -2.439152058406596, 56.734878576928679 ], [ -2.439148662395646, 56.73488734254061 ], [ -2.43914526158938, 56.734896108645174 ], [ -2.439141849421764, 56.734904873834722 ], [ -2.439138419326768, 56.734913636701613 ], [ -2.439134964738348, 56.734922395838197 ], [ -2.439131479090459, 56.734931149836839 ], [ -2.439127955817044, 56.734939897289891 ], [ -2.43912438835205, 56.734948636789689 ], [ -2.43912077012941, 56.734957366928633 ], [ -2.43911709458306, 56.734966086299032 ], [ -2.439113355146924, 56.734974793493265 ], [ -2.439109545254923, 56.734983487103662 ], [ -2.439105658340969, 56.734992165722602 ], [ -2.439101687838978, 56.735000827942393 ], [ -2.439097627182848, 56.735009472355415 ], [ -2.439093469884785, 56.735018097570482 ], [ -2.439089212989574, 56.735026702939422 ], [ -2.439084858435555, 56.735035288843392 ], [ -2.439080408520658, 56.735043855739121 ], [ -2.439075865542821, 56.735052404083397 ], [ -2.43907123179998, 56.735060934332992 ], [ -2.439066509590071, 56.735069446944642 ], [ -2.439061701211036, 56.735077942375149 ], [ -2.439056808960816, 56.735086421081256 ], [ -2.439051835137356, 56.735094883519729 ], [ -2.439046782038604, 56.735103330147346 ], [ -2.439041651962504, 56.735111761420875 ], [ -2.439036447207012, 56.735120177797057 ], [ -2.439031170070074, 56.735128579732695 ], [ -2.439025822849652, 56.735136967684525 ], [ -2.439020407843695, 56.735145342109341 ], [ -2.439014927350165, 56.735153703463894 ], [ -2.439009383667021, 56.735162052204949 ], [ -2.439003779092227, 56.7351703887893 ], [ -2.438998115923741, 56.735178713673669 ], [ -2.438992396459535, 56.735187027314872 ], [ -2.438986622997573, 56.735195330169667 ], [ -2.438980797835827, 56.735203622694812 ], [ -2.438974923272266, 56.7352119053471 ], [ -2.438969001604864, 56.735220178583269 ], [ -2.438963035131591, 56.735228442860091 ], [ -2.438957026150432, 56.735236698634374 ], [ -2.438950976959361, 56.735244946362876 ], [ -2.438944889856355, 56.735253186502355 ], [ -2.438938767139399, 56.735261419509598 ], [ -2.438932611106478, 56.735269645841363 ], [ -2.438926424055574, 56.735277865954444 ], [ -2.438920208284677, 56.735286080305599 ], [ -2.438913966091773, 56.735294289351607 ], [ -2.438907699774853, 56.735302493549256 ], [ -2.438901411631909, 56.735310693355309 ], [ -2.438895103960935, 56.735318889226541 ], [ -2.438888779059928, 56.735327081619729 ], [ -2.438882439226885, 56.735335270991655 ], [ -2.438876086759801, 56.735343457799097 ], [ -2.438869723956682, 56.735351642498827 ], [ -2.438863353115527, 56.735359825547633 ], [ -2.43885697653434, 56.735368007402286 ], [ -2.438850596511127, 56.735376188519574 ], [ -2.438844215343897, 56.735384369356268 ], [ -2.438837835330654, 56.735392550369156 ], [ -2.438831458769413, 56.735400732015016 ], [ -2.438825087958187, 56.735408914750614 ], [ -2.438818725194985, 56.735417099032759 ], [ -2.438812372777828, 56.735425285318222 ], [ -2.438806033004731, 56.735433474063797 ], [ -2.438799708173712, 56.735441665726235 ], [ -2.438793400582794, 56.735449860762344 ], [ -2.438787112529997, 56.735458059628925 ], [ -2.438780846313346, 56.73546626278273 ], [ -2.438774604230868, 56.735474470680558 ], [ -2.438768388580589, 56.735482683779196 ], [ -2.438762201660536, 56.735490902535432 ], [ -2.438756045768745, 56.735499127406051 ], [ -2.438749923203245, 56.73550735884784 ], [ -2.43874383626207, 56.735515597317587 ], [ -2.43873778724326, 56.73552384327207 ], [ -2.43873177844485, 56.735532097168111 ], [ -2.438725812164878, 56.735540359462469 ], [ -2.438719890701389, 56.735548630611937 ], [ -2.438714016352423, 56.735556911073296 ], [ -2.438708191416026, 56.735565201303366 ], [ -2.438702418190247, 56.7355735017589 ], [ -2.438696698973129, 56.735581812896726 ], [ -2.438691036062728, 56.735590135173624 ], [ -2.438685431757096, 56.735598469046373 ], [ -2.438679887445746, 56.735606814750078 ], [ -2.438674399932391, 56.735615171400859 ], [ -2.43866896457717, 56.735623537762592 ], [ -2.438663576739685, 56.735631912598997 ], [ -2.43865823177954, 56.735640294673843 ], [ -2.438652925056331, 56.735648682750821 ], [ -2.438647651929649, 56.735657075593721 ], [ -2.438642407759083, 56.73566547196625 ], [ -2.438637187904226, 56.73567387063212 ], [ -2.438631987724659, 56.735682270355099 ], [ -2.438626802579957, 56.735690669898936 ], [ -2.438621627829701, 56.735699068027309 ], [ -2.438616458833466, 56.735707463503999 ], [ -2.438611290950814, 56.735715855092707 ], [ -2.438606119541318, 56.735724241557165 ], [ -2.438600939964537, 56.735732621661121 ], [ -2.438595747580034, 56.735740994168282 ], [ -2.438590537747362, 56.735749357842387 ], [ -2.438585305826074, 56.735757711447157 ], [ -2.438580047175717, 56.73576605374631 ], [ -2.438574757155842, 56.73577438350361 ], [ -2.438569431125986, 56.735782699482712 ], [ -2.438564064445693, 56.735791000447399 ], [ -2.438558652474495, 56.735799285161391 ], [ -2.438553190571926, 56.735807552388366 ], [ -2.438547674097518, 56.735815800892063 ], [ -2.438542098410793, 56.73582402943623 ], [ -2.438536458871276, 56.735832236784553 ], [ -2.438530750838488, 56.735840421700757 ], [ -2.438524969671946, 56.735848582948563 ], [ -2.438519111514941, 56.735856719518139 ], [ -2.438513177744569, 56.735864831911762 ], [ -2.438507171881607, 56.735872921251087 ], [ -2.438501097453298, 56.735880988659645 ], [ -2.43849495798689, 56.735889035260911 ], [ -2.43848875700963, 56.735897062178424 ], [ -2.438482498048773, 56.735905070535686 ], [ -2.438476184631572, 56.735913061456223 ], [ -2.438469820285284, 56.735921036063537 ], [ -2.438463408537165, 56.735928995481153 ], [ -2.438456952914482, 56.735936940832588 ], [ -2.438450456944495, 56.735944873241337 ], [ -2.438443924154469, 56.735952793830954 ], [ -2.438437358071674, 56.735960703724921 ], [ -2.438430762223379, 56.735968604046796 ], [ -2.438424140136858, 56.735976495920063 ], [ -2.438417495339384, 56.73598438046826 ], [ -2.438410831358236, 56.73599225881491 ], [ -2.438404151720693, 56.736000132083547 ], [ -2.438397459954033, 56.736008001397643 ], [ -2.438390759585543, 56.736015867880781 ], [ -2.438384054142507, 56.736023732656449 ], [ -2.438377347152212, 56.736031596848193 ], [ -2.43837064214195, 56.73603946157953 ], [ -2.438363942639012, 56.736047327973985 ], [ -2.43835725217069, 56.736055197155096 ], [ -2.438350574264282, 56.736063070246381 ], [ -2.438343912447087, 56.736070948371378 ], [ -2.438337270246403, 56.736078832653604 ], [ -2.438330651189536, 56.736086724216612 ], [ -2.438324058803787, 56.736094624183892 ], [ -2.438317496616468, 56.736102533679031 ], [ -2.438310968154883, 56.736110453825525 ], [ -2.438304476946346, 56.73611838574692 ], [ -2.438298026518171, 56.736126330566741 ], [ -2.438291620397673, 56.736134289408547 ], [ -2.438285262112171, 56.736142263395834 ], [ -2.438278955188984, 56.736150253652177 ], [ -2.438272703155438, 56.7361582613011 ], [ -2.438266509538855, 56.736166287466133 ], [ -2.438260377866565, 56.736174333270824 ], [ -2.438254311663378, 56.736182399837915 ], [ -2.438248313232135, 56.73619048790431 ], [ -2.438242381692414, 56.736198597201849 ], [ -2.438236515652017, 56.736206727300704 ], [ -2.438230713718742, 56.73621487777114 ], [ -2.438224974500392, 56.736223048183362 ], [ -2.438219296604761, 56.736231238107571 ], [ -2.438213678639652, 56.736239447114002 ], [ -2.438208119212855, 56.736247674772869 ], [ -2.438202616932172, 56.736255920654393 ], [ -2.438197170405393, 56.736264184328775 ], [ -2.438191778240316, 56.736272465366255 ], [ -2.438186439044734, 56.736280763337042 ], [ -2.43818115142644, 56.736289077811335 ], [ -2.438175913993225, 56.736297408359377 ], [ -2.43817072535288, 56.736305754551331 ], [ -2.438165584113198, 56.736314115957498 ], [ -2.438160488881963, 56.736322492148027 ], [ -2.438155438266969, 56.736330882693146 ], [ -2.438150430876002, 56.736339287163084 ], [ -2.438145465316848, 56.736347705128026 ], [ -2.43814054019729, 56.736356136158221 ], [ -2.438135654125119, 56.736364579823885 ], [ -2.438130805708113, 56.736373035695188 ], [ -2.438125993554058, 56.736381503342372 ], [ -2.438121216270734, 56.736389982335652 ], [ -2.438116472465927, 56.736398472245241 ], [ -2.43811176074741, 56.736406972641333 ], [ -2.438107079722966, 56.736415483094142 ], [ -2.438102428000374, 56.736424003173902 ], [ -2.438097804187407, 56.736432532450813 ], [ -2.438093206891846, 56.736441070495083 ], [ -2.438088634721463, 56.736449616876918 ], [ -2.438084086284031, 56.736458171166561 ], [ -2.438079560187326, 56.736466732934154 ], [ -2.438075055039118, 56.736475301749977 ], [ -2.43807056944718, 56.73648387718422 ], [ -2.438066102019281, 56.736492458807071 ], [ -2.438061651363189, 56.736501046188756 ], [ -2.438057216086671, 56.736509638899491 ], [ -2.438052794797497, 56.736518236509468 ], [ -2.438048386103431, 56.736526838588915 ], [ -2.438043988612236, 56.736535444708018 ], [ -2.43803960093168, 56.736544054436997 ], [ -2.438035221669522, 56.736552667346082 ], [ -2.438030849433525, 56.73656128300545 ], [ -2.438026482831448, 56.736569900985323 ], [ -2.438022120471051, 56.736578520855907 ], [ -2.438017760960096, 56.736587142187403 ], [ -2.438013402906334, 56.736595764550025 ], [ -2.438009044917527, 56.736604387513978 ], [ -2.438004685601426, 56.736613010649471 ], [ -2.438000323565785, 56.73662163352671 ], [ -2.437995957418362, 56.736630255715902 ], [ -2.437991585766904, 56.736638876787246 ], [ -2.437987207219164, 56.736647496310944 ], [ -2.43798282038289, 56.736656113857229 ], [ -2.437978423865833, 56.736664728996288 ], [ -2.43797401627574, 56.736673341298335 ], [ -2.437969596220356, 56.736681950333541 ], [ -2.437965162307429, 56.736690555672169 ], [ -2.437960713144701, 56.736699156884363 ], [ -2.43795624733992, 56.736707753540372 ], [ -2.437951763500822, 56.736716345210382 ], [ -2.437947260235154, 56.736724931464614 ], [ -2.437942736150653, 56.736733511873254 ], [ -2.437938189855061, 56.736742086006501 ], [ -2.437933619956111, 56.736750653434562 ], [ -2.437929025061546, 56.736759213727652 ], [ -2.4379244037791, 56.736767766455969 ], [ -2.437919754716508, 56.736776311189701 ], [ -2.437915076481505, 56.736784847499088 ], [ -2.437910368018029, 56.736793375058795 ], [ -2.437905629597907, 56.736801893956283 ], [ -2.437900861820756, 56.736810404380876 ], [ -2.437896065286196, 56.736818906521876 ], [ -2.437891240593845, 56.736827400568664 ], [ -2.437886388343323, 56.73683588671053 ], [ -2.437881509134248, 56.736844365136811 ], [ -2.437876603566245, 56.736852836036824 ], [ -2.437871672238928, 56.736861299599923 ], [ -2.437866715751927, 56.736869756015416 ], [ -2.437861734704855, 56.736878205472635 ], [ -2.437856729697339, 56.736886648160919 ], [ -2.437851701329005, 56.736895084269577 ], [ -2.437846650199468, 56.736903513987933 ], [ -2.43784157690836, 56.73691193750534 ], [ -2.437836482055298, 56.736920355011129 ], [ -2.437831366239912, 56.736928766694618 ], [ -2.437826230061824, 56.736937172745129 ], [ -2.437821074120661, 56.736945573351989 ], [ -2.437815899016048, 56.73695396870454 ], [ -2.43781070534761, 56.736962358992102 ], [ -2.437805493714979, 56.736970744404019 ], [ -2.437800264717778, 56.736979125129608 ], [ -2.437795018955633, 56.736987501358179 ], [ -2.437789757028177, 56.736995873279113 ], [ -2.437784479535034, 56.737004241081685 ], [ -2.437779187075837, 56.737012604955247 ], [ -2.437773880250214, 56.737020965089158 ], [ -2.437768559657793, 56.737029321672715 ], [ -2.437763225898204, 56.737037674895234 ], [ -2.437757879571082, 56.737046024946082 ], [ -2.437752521276055, 56.737054372014562 ], [ -2.437747151612756, 56.737062716290019 ], [ -2.437741771180814, 56.737071057961771 ], [ -2.437736380579865, 56.737079397219169 ], [ -2.437730980409541, 56.737087734251539 ], [ -2.437725571269472, 56.737096069248203 ], [ -2.437720153759297, 56.737104402398479 ], [ -2.437714728478648, 56.737112733891713 ], [ -2.437709296027156, 56.737121063917236 ], [ -2.43770385700446, 56.7371293926644 ], [ -2.437698412010195, 56.737137720322515 ], [ -2.437692961643998, 56.737146047080877 ], [ -2.4376875065055, 56.737154373128874 ], [ -2.437682047194341, 56.737162698655823 ], [ -2.43767658431016, 56.737171023851047 ], [ -2.437671118452592, 56.737179348903879 ], [ -2.437665650221275, 56.73718767400365 ], [ -2.437660180215847, 56.737195999339697 ], [ -2.43765470903595, 56.737204325101366 ], [ -2.437649237281216, 56.737212651477954 ], [ -2.437643765551293, 56.737220978658812 ], [ -2.437638294445816, 56.737229306833278 ], [ -2.437632824564425, 56.737237636190699 ], [ -2.437627356506761, 56.737245966920362 ], [ -2.43762189087247, 56.737254299211642 ], [ -2.437616428261189, 56.737262633253849 ], [ -2.437610969272561, 56.737270969236342 ], [ -2.437605514506227, 56.737279307348423 ], [ -2.437600064561832, 56.737287647779425 ], [ -2.437594620039021, 56.737295990718721 ], [ -2.437589181537434, 56.737304336355599 ], [ -2.437583749656716, 56.737312684879434 ], [ -2.437578324996514, 56.737321036479521 ], [ -2.437572908156468, 56.737329391345227 ], [ -2.43756749973623, 56.737337749665855 ], [ -2.43756210033544, 56.737346111630757 ], [ -2.437556710553751, 56.737354477429264 ], [ -2.4375513309908, 56.737362847250722 ], [ -2.437545962246243, 56.737371221284448 ], [ -2.437540604919724, 56.737379599719773 ], [ -2.43753525961089, 56.737387982746064 ], [ -2.437529926919392, 56.737396370552617 ], [ -2.437524607444876, 56.737404763328783 ], [ -2.437519301786992, 56.737413161263902 ], [ -2.437514010545392, 56.737421564547304 ], [ -2.437508734319725, 56.737429973368322 ], [ -2.437503473709642, 56.737438387916306 ], [ -2.437498229314792, 56.737446808380561 ], [ -2.437493001734828, 56.73745523495046 ], [ -2.43748779153022, 56.737463667803951 ], [ -2.43748259625744, 56.737472106247751 ], [ -2.437477408396423, 56.737480548116288 ], [ -2.437472219937293, 56.737488991101898 ], [ -2.437467022870177, 56.737497432896902 ], [ -2.437461809185187, 56.737505871193648 ], [ -2.43745657087243, 56.737514303684463 ], [ -2.437451299922016, 56.737522728061691 ], [ -2.437445988324037, 56.737531142017673 ], [ -2.437440628068587, 56.737539543244722 ], [ -2.437435211145753, 56.737547929435181 ], [ -2.437429729545615, 56.737556298281362 ], [ -2.43742417525825, 56.737564647475594 ], [ -2.437418540273722, 56.73757297471024 ], [ -2.437412816582104, 56.737581277677563 ], [ -2.437406996173448, 56.737589554069935 ], [ -2.437401071037811, 56.73759780157966 ], [ -2.437395033165236, 56.737606017899047 ], [ -2.437388874545778, 56.737614200720408 ], [ -2.437382587169465, 56.737622347736078 ], [ -2.437376163026336, 56.737630456638371 ], [ -2.437369594106422, 56.737638525119564 ], [ -2.437362872399744, 56.737646550871993 ], [ -2.437355989896328, 56.737654531587957 ], [ -2.437348938586191, 56.737662464959747 ], [ -2.437341710459343, 56.737670348679693 ], [ -2.437334297505794, 56.737678180440071 ], [ -2.437326691715556, 56.737685957933174 ], [ -2.437318885078629, 56.737693678851294 ], [ -2.437310869585013, 56.73770134088673 ], [ -2.437302637267434, 56.73770894174276 ], [ -2.437294186916404, 56.737716480858019 ], [ -2.437285531401747, 56.737723961286882 ], [ -2.437276685352648, 56.737731386535444 ], [ -2.437267663398287, 56.737738760109863 ], [ -2.437258480167866, 56.737746085516264 ], [ -2.437249150290591, 56.737753366260783 ], [ -2.437239688395677, 56.737760605849594 ], [ -2.437230109112352, 56.737767807788835 ], [ -2.437220427069846, 56.737774975584635 ], [ -2.437210656897399, 56.737782112743204 ], [ -2.437200813224262, 56.737789222770665 ], [ -2.43719091067969, 56.737796309173206 ], [ -2.437180963892947, 56.737803375456984 ], [ -2.437170987493307, 56.737810425128195 ], [ -2.437160996110045, 56.737817461692998 ], [ -2.43715100437245, 56.737824488657616 ], [ -2.437141026909813, 56.737831509528213 ], [ -2.437131078351435, 56.737838527810993 ], [ -2.437121173326624, 56.737845547012149 ], [ -2.437111326464693, 56.737852570637905 ], [ -2.437101552394965, 56.737859602194455 ], [ -2.43709186574677, 56.737866645188028 ], [ -2.437082281149443, 56.737873703124848 ], [ -2.437072813232328, 56.737880779511116 ], [ -2.437063476624778, 56.737887877853076 ], [ -2.437054285956154, 56.737895001656966 ], [ -2.437045255855821, 56.737902154429023 ], [ -2.437036400953157, 56.737909339675475 ], [ -2.437027735877546, 56.737916560902562 ], [ -2.437019275258382, 56.737923821616548 ], [ -2.437011033725067, 56.737931125323662 ], [ -2.437003025907018, 56.737938475530193 ], [ -2.436995266433655, 56.737945875742362 ], [ -2.436987769934412, 56.737953329466443 ], [ -2.436980551038732, 56.7379608402087 ], [ -2.436973624376071, 56.737968411475393 ], [ -2.436967004575899, 56.737976046772772 ], [ -2.43696070626769, 56.737983749607118 ], [ -2.436954744080938, 56.737991523484681 ], [ -2.436949132645153, 56.737999371911748 ], [ -2.436943886589852, 56.738007298394557 ], [ -2.436939020544571, 56.738015306439408 ], [ -2.436934543273427, 56.738023398301969 ], [ -2.436930438924057, 56.738031570989506 ], [ -2.436926685187201, 56.738039820132535 ], [ -2.436923259753561, 56.738048141361638 ], [ -2.436920140313822, 56.738056530307354 ], [ -2.436917304558661, 56.738064982600207 ], [ -2.436914730178733, 56.73807349387075 ], [ -2.436912394864676, 56.738082059749509 ], [ -2.43691027630712, 56.738090675866985 ], [ -2.436908352196665, 56.738099337853726 ], [ -2.436906600223904, 56.738108041340254 ], [ -2.436904998079406, 56.738116781957075 ], [ -2.43690352345372, 56.73812555533474 ], [ -2.436902154037381, 56.738134357103711 ], [ -2.436900867520903, 56.738143182894525 ], [ -2.436899641594774, 56.73815202833773 ], [ -2.436898453949469, 56.738160889063771 ], [ -2.436897282275444, 56.738169760703194 ], [ -2.436896104263129, 56.738178638886517 ], [ -2.436894897602934, 56.738187519244221 ], [ -2.436893639985253, 56.738196397406846 ], [ -2.436892309100459, 56.738205269004858 ], [ -2.436890882638902, 56.738214129668783 ], [ -2.436889338290912, 56.738222975029132 ], [ -2.436887653746806, 56.73823180071637 ], [ -2.436885806696869, 56.738240602361039 ], [ -2.436883774831378, 56.738249375593625 ], [ -2.436881535840588, 56.738258116044591 ], [ -2.43687906741473, 56.738266819344446 ], [ -2.436876347244027, 56.738275481123694 ], [ -2.436873353018675, 56.738284097012809 ], [ -2.436870062673834, 56.738292662689446 ], [ -2.436866468748399, 56.738301176644583 ], [ -2.43686258636268, 56.738309641719233 ], [ -2.436858432573146, 56.738318061127451 ], [ -2.436854024436278, 56.738326438083277 ], [ -2.436849379008579, 56.738334775800709 ], [ -2.436844513346563, 56.738343077493809 ], [ -2.436839444506758, 56.738351346376589 ], [ -2.43683418954571, 56.738359585663098 ], [ -2.436828765519974, 56.738367798567381 ], [ -2.436823189486121, 56.738375988303439 ], [ -2.436817478500735, 56.738384158085353 ], [ -2.436811649620419, 56.738392311127171 ], [ -2.436805719901776, 56.738400450642906 ], [ -2.436799706401436, 56.738408579846656 ], [ -2.436793626176033, 56.738416701952453 ], [ -2.436787496282212, 56.738424820174345 ], [ -2.436781333776643, 56.738432937726415 ], [ -2.436775155715995, 56.738441057822712 ], [ -2.436768979156953, 56.738449183677318 ], [ -2.436762821156217, 56.738457318504295 ], [ -2.4367566987705, 56.73846546551772 ], [ -2.436750629056527, 56.738473627931697 ], [ -2.436744629071034, 56.738481808960259 ], [ -2.43673871587077, 56.738490011817539 ], [ -2.4367329065125, 56.738498239717607 ], [ -2.436727218052996, 56.738506495874567 ], [ -2.43672166754905, 56.738514783502509 ], [ -2.436716272057466, 56.738523105815517 ], [ -2.436711048635061, 56.738531466027709 ], [ -2.436706014338661, 56.738539867353182 ], [ -2.436701186225119, 56.738548313006042 ], [ -2.436696581351293, 56.738556806200414 ], [ -2.436692216774056, 56.738565350150381 ], [ -2.436688109550303, 56.738573948070069 ], [ -2.436684276736941, 56.73858260317359 ], [ -2.436680735390893, 56.738591318675041 ], [ -2.436677502569103, 56.738600097788549 ], [ -2.436674595328527, 56.738608943728231 ], [ -2.436672030726146, 56.738617859708171 ], [ -2.436669825818953, 56.738626848942509 ], [ -2.436667986548935, 56.73863591165258 ], [ -2.436666465461512, 56.738645033682424 ], [ -2.436665199087192, 56.738654196564042 ], [ -2.436664123953397, 56.738663381828566 ], [ -2.436663176587481, 56.738672571007172 ], [ -2.436662293516752, 56.738681745630991 ], [ -2.436661411268446, 56.738690887231193 ], [ -2.436660466369748, 56.738699977338904 ], [ -2.436659395347776, 56.738708997485261 ], [ -2.4366581347296, 56.738717929201435 ], [ -2.436656624104995, 56.738726755029731 ], [ -2.436654845500251, 56.738735471523697 ], [ -2.436652811957364, 56.738744085477165 ], [ -2.436650537226315, 56.738752603917774 ], [ -2.436648035057103, 56.738761033873089 ], [ -2.436645319199738, 56.738769382370769 ], [ -2.436642403404246, 56.738777656438394 ], [ -2.436639301420657, 56.738785863103573 ], [ -2.436636026999027, 56.738794009393942 ], [ -2.43663259388941, 56.738802102337075 ], [ -2.436629015841879, 56.73881014896061 ], [ -2.436625306606511, 56.738818156292147 ], [ -2.436621479933398, 56.738826131359325 ], [ -2.436617549572639, 56.738834081189729 ], [ -2.436613529274339, 56.738842012811006 ], [ -2.436609432788618, 56.738849933250741 ], [ -2.436605273865601, 56.738857849536586 ], [ -2.436601066255422, 56.738865768696144 ], [ -2.436596823708225, 56.738873697757064 ], [ -2.436592559974159, 56.738881643746929 ], [ -2.436588288803382, 56.738889613693438 ], [ -2.436584023946066, 56.738897614624136 ], [ -2.436579778122634, 56.738905652966004 ], [ -2.436575555584546, 56.738913730205368 ], [ -2.436571356423402, 56.73892184540189 ], [ -2.436567180701976, 56.738929997598376 ], [ -2.436563028483051, 56.738938185837647 ], [ -2.436558899829404, 56.73894640916253 ], [ -2.436554794803814, 56.738954666615861 ], [ -2.436550713469065, 56.738962957240439 ], [ -2.436546655887939, 56.738971280079099 ], [ -2.436542622123214, 56.738979634174648 ], [ -2.436538612237679, 56.738988018569941 ], [ -2.436534626294112, 56.738996432307758 ], [ -2.436530664355296, 56.739004874430947 ], [ -2.436526726484021, 56.739013343982322 ], [ -2.436522812743067, 56.73902184000471 ], [ -2.436518923195222, 56.739030361540941 ], [ -2.436515057903269, 56.739038907633812 ], [ -2.436511216929997, 56.739047477326167 ], [ -2.436507400338194, 56.739056069660826 ], [ -2.436503608190646, 56.739064683680596 ], [ -2.436499840550142, 56.739073318428311 ], [ -2.436496097479469, 56.739081972946799 ], [ -2.436492379041418, 56.739090646278875 ], [ -2.436488685298777, 56.739099337467358 ], [ -2.436485016314337, 56.739108045555064 ], [ -2.436481372150888, 56.739116769584825 ], [ -2.436477752871222, 56.739125508599471 ], [ -2.436474158538131, 56.739134261641816 ], [ -2.436470589214407, 56.739143027754679 ], [ -2.436467044962841, 56.739151805980889 ], [ -2.436463525846226, 56.739160595363245 ], [ -2.436460031927356, 56.739169394944604 ], [ -2.436456563269028, 56.739178203767764 ], [ -2.43645311993403, 56.739187020875569 ], [ -2.436449701985163, 56.739195845310817 ], [ -2.436446309485217, 56.739204676116337 ], [ -2.43644294249699, 56.739213512334963 ], [ -2.436439601083279, 56.739222353009509 ], [ -2.43643628530688, 56.739231197182797 ], [ -2.436432995230589, 56.739240043897645 ], [ -2.436429730917202, 56.73924889219689 ], [ -2.436426492395848, 56.739257741136434 ], [ -2.436423278838804, 56.73926659010565 ], [ -2.436420088513062, 56.739275438846143 ], [ -2.436416919642248, 56.739284287116433 ], [ -2.436413770449987, 56.739293134675002 ], [ -2.436410639159898, 56.739301981280356 ], [ -2.436407523995601, 56.739310826691003 ], [ -2.436404423180718, 56.739319670665438 ], [ -2.436401334938858, 56.739328512962139 ], [ -2.436398257493642, 56.739337353339636 ], [ -2.436395189068681, 56.739346191556407 ], [ -2.436392127887588, 56.739355027370969 ], [ -2.43638907217397, 56.739363860541808 ], [ -2.436386020151441, 56.739372690827409 ], [ -2.436382970043605, 56.739381517986295 ], [ -2.436379920074067, 56.739390341776947 ], [ -2.436376868466433, 56.73939916195787 ], [ -2.436373813444304, 56.739407978287559 ], [ -2.436370753231281, 56.739416790524515 ], [ -2.436367686050961, 56.739425598427225 ], [ -2.436364610126946, 56.739434401754188 ], [ -2.436361523682831, 56.739443200263914 ], [ -2.436358424942208, 56.73945199371488 ], [ -2.436355312128673, 56.739460781865596 ], [ -2.436352183465817, 56.739469564474554 ], [ -2.436349037177227, 56.739478341300241 ], [ -2.436345871486492, 56.739487112101159 ], [ -2.436342684617201, 56.739495876635814 ], [ -2.436339474792941, 56.739504634662673 ], [ -2.436336240237293, 56.739513385940263 ], [ -2.436332979173837, 56.739522130227066 ], [ -2.436329689826157, 56.739530867281573 ], [ -2.436326370417833, 56.739539596862272 ], [ -2.43632301917244, 56.739548318727664 ], [ -2.436319634313556, 56.739557032636235 ], [ -2.436316214064752, 56.739565738346521 ], [ -2.436312756649605, 56.739574435616944 ], [ -2.436309260291686, 56.73958312420605 ], [ -2.436305723214565, 56.739591803872322 ], [ -2.436302143641812, 56.739600474374221 ], [ -2.436298519796988, 56.739609135470289 ], [ -2.436294849903668, 56.739617786918977 ], [ -2.436291132185411, 56.739626428478793 ], [ -2.436287364865781, 56.739635059908231 ], [ -2.436283546168337, 56.73964368096577 ], [ -2.436279674316641, 56.739652291409918 ], [ -2.436275747534253, 56.739660890999154 ], [ -2.43627176404473, 56.739669479491965 ], [ -2.436267722071625, 56.739678056646859 ], [ -2.436263619838493, 56.739686622222294 ], [ -2.43625945556889, 56.739695175976784 ], [ -2.436255227486364, 56.739703717668817 ], [ -2.436250933814467, 56.739712247056872 ], [ -2.436246572776748, 56.739720763899427 ], [ -2.436242142596753, 56.739729267954999 ], [ -2.436237641498029, 56.739737758982045 ], [ -2.436233067704122, 56.739746236739087 ], [ -2.436228419438576, 56.739754700984562 ], [ -2.436223694924928, 56.739763151476993 ], [ -2.436218892386724, 56.739771587974872 ], [ -2.436214010047503, 56.73978001023665 ], [ -2.4362090461308, 56.739788418020829 ], [ -2.436203998860157, 56.73979681108591 ], [ -2.436198866459105, 56.739805189190356 ], [ -2.436193647151182, 56.739813552092663 ], [ -2.43618833915992, 56.739821899551302 ], [ -2.436182940708853, 56.739830231324738 ], [ -2.43617745002151, 56.739838547171502 ], [ -2.436171865321421, 56.739846846850035 ], [ -2.436166184832114, 56.739855130118833 ], [ -2.436160406777117, 56.739863396736382 ], [ -2.436154529391462, 56.739871646462937 ], [ -2.436148552331081, 56.739879879280991 ], [ -2.436142478027052, 56.739888095607007 ], [ -2.436136309231483, 56.739896295907627 ], [ -2.436130048696489, 56.739904480649507 ], [ -2.436123699174185, 56.739912650299324 ], [ -2.436117263416684, 56.739920805323713 ], [ -2.43611074417611, 56.739928946189345 ], [ -2.436104144204579, 56.739937073362881 ], [ -2.436097466254217, 56.739945187310965 ], [ -2.436090713077148, 56.739953288500267 ], [ -2.436083887425502, 56.739961377397442 ], [ -2.436076992051409, 56.739969454469154 ], [ -2.436070029706996, 56.739977520182059 ], [ -2.436063003144401, 56.739985575002827 ], [ -2.436055915115763, 56.739993619398113 ], [ -2.436048768373216, 56.740001653834582 ], [ -2.436041565668901, 56.74000967877889 ], [ -2.43603430975496, 56.740017694697741 ], [ -2.436027003383539, 56.740025702057729 ], [ -2.436019649306787, 56.740033701325572 ], [ -2.436012250276847, 56.740041692967914 ], [ -2.436004809045872, 56.740049677451431 ], [ -2.435997328366013, 56.740057655242794 ], [ -2.435989810989428, 56.740065626808644 ], [ -2.435982259668272, 56.740073592615673 ], [ -2.435974677154702, 56.740081553130544 ], [ -2.43596706620088, 56.740089508819935 ], [ -2.435959429558968, 56.740097460150494 ], [ -2.435951769981133, 56.740105407588899 ], [ -2.435944090219535, 56.740113351601849 ], [ -2.435936393026346, 56.740121292655985 ], [ -2.435928681153737, 56.740129231217985 ], [ -2.43592095735388, 56.740137167754533 ], [ -2.435913224378948, 56.740145102732292 ], [ -2.435905484981116, 56.740153036617954 ], [ -2.435897741912564, 56.740160969878183 ], [ -2.435889997925471, 56.740168902979647 ], [ -2.435882255772016, 56.74017683638904 ], [ -2.435874518204388, 56.740184770573023 ], [ -2.43586678797477, 56.740192705998282 ], [ -2.435859067835347, 56.740200643131509 ], [ -2.435851360538313, 56.740208582439358 ], [ -2.435843668835854, 56.740216524388529 ], [ -2.435835995480168, 56.7402244694457 ], [ -2.43582834322345, 56.740232418077568 ], [ -2.435820714817893, 56.740240370750783 ], [ -2.4358131130157, 56.740248327932044 ], [ -2.435805540569071, 56.740256290088041 ], [ -2.435798000230209, 56.740264257685453 ], [ -2.435790494751316, 56.740272231190957 ], [ -2.435783026884604, 56.740280211071259 ], [ -2.435775599382278, 56.740288197793028 ], [ -2.435768214996552, 56.740296191822971 ], [ -2.435760876479636, 56.740304193627757 ], [ -2.435753586583749, 56.740312203674094 ], [ -2.435746348061104, 56.740320222428629 ], [ -2.435739163663919, 56.740328250358111 ], [ -2.43573203614442, 56.740336287929189 ], [ -2.435724968254825, 56.740344335608555 ], [ -2.435717962747363, 56.740352393862935 ], [ -2.435711022374261, 56.740360463158979 ], [ -2.435704149887745, 56.740368543963406 ], [ -2.435697348040051, 56.740376636742909 ], [ -2.43569061958341, 56.740384741964185 ], [ -2.435683967270056, 56.740392860093891 ], [ -2.435677393852231, 56.740400991598761 ], [ -2.435670902082175, 56.740409136945495 ], [ -2.435664494712126, 56.740417296600754 ], [ -2.435658174494333, 56.740425471031273 ], [ -2.435651944181044, 56.740433660703701 ], [ -2.435645806079363, 56.740441866010769 ], [ -2.435639759086648, 56.740450086778175 ], [ -2.435633800523755, 56.740458322569559 ], [ -2.435627927703022, 56.740466572947106 ], [ -2.435622137936772, 56.740474837472988 ], [ -2.435616428537341, 56.740483115709424 ], [ -2.435610796817048, 56.740491407218585 ], [ -2.435605240088223, 56.74049971156267 ], [ -2.435599755663181, 56.740508028303864 ], [ -2.435594340854248, 56.740516357004353 ], [ -2.435588992973741, 56.740524697226313 ], [ -2.435583709333976, 56.740533048531958 ], [ -2.435578487247264, 56.740541410483459 ], [ -2.435573324025922, 56.740549782643001 ], [ -2.435568216982258, 56.740558164572761 ], [ -2.435563163428582, 56.740566555834945 ], [ -2.435558160677196, 56.740574955991725 ], [ -2.435553206040407, 56.740583364605278 ], [ -2.435548296830517, 56.740591781237789 ], [ -2.435543430359825, 56.74060020545145 ], [ -2.435538603940626, 56.740608636808446 ], [ -2.435533814885222, 56.740617074870933 ], [ -2.4355290605059, 56.740625519201124 ], [ -2.435524338114954, 56.740633969361177 ], [ -2.435519645024676, 56.740642424913268 ], [ -2.435514978547348, 56.740650885419598 ], [ -2.435510335995256, 56.740659350442336 ], [ -2.435505714680688, 56.740667819543674 ], [ -2.435501111915915, 56.740676292285762 ], [ -2.435496525013223, 56.7406847682308 ], [ -2.435491951284885, 56.740693246940943 ], [ -2.435487388043181, 56.74070172797839 ], [ -2.43548283260037, 56.74071021090532 ], [ -2.435478282268733, 56.740718695283896 ], [ -2.435473734360533, 56.740727180676295 ], [ -2.435469186188037, 56.740735666644682 ], [ -2.435464635063505, 56.740744152751255 ], [ -2.435460078299202, 56.740752638558178 ], [ -2.435455513207382, 56.740761123627635 ], [ -2.435450937100306, 56.74076960752177 ], [ -2.435446347290224, 56.740778089802795 ], [ -2.435441741089391, 56.740786570032839 ], [ -2.435437115810059, 56.740795047774114 ], [ -2.435432468764468, 56.740803522588777 ], [ -2.435427797264873, 56.740811994038992 ], [ -2.435423098623509, 56.740820461686923 ], [ -2.435418370152623, 56.740828925094775 ], [ -2.435413609164453, 56.740837383824676 ], [ -2.435408812971235, 56.740845837438826 ], [ -2.435403978885201, 56.740854285499388 ], [ -2.435399104218589, 56.740862727568533 ], [ -2.435394186283628, 56.740871163208404 ], [ -2.435389222392542, 56.740879591981205 ], [ -2.435384209857562, 56.740888013449073 ], [ -2.435379145990911, 56.740896427174192 ], [ -2.435374028104811, 56.740904832718726 ], [ -2.435368853511483, 56.740913229644832 ], [ -2.435363619523141, 56.74092161751468 ], [ -2.435358323452006, 56.740929995890433 ], [ -2.435352962610289, 56.740938364334255 ], [ -2.435347534310202, 56.740946722408331 ], [ -2.435342035863954, 56.740955069674783 ], [ -2.435336464583756, 56.740963405695794 ], [ -2.435330817781812, 56.740971730033515 ], [ -2.435325092770324, 56.740980042250143 ], [ -2.435319286861498, 56.740988341907801 ], [ -2.43531339736753, 56.740996628568638 ], [ -2.43530742160062, 56.741004901794852 ], [ -2.435301356872965, 56.741013161148594 ], [ -2.435295200496758, 56.74102140619199 ], [ -2.435288949784191, 56.74102963648722 ], [ -2.435282602047457, 56.741037851596438 ], [ -2.435276155261443, 56.741046051161092 ], [ -2.435269613642538, 56.741054235569379 ], [ -2.43526298483326, 56.741062405619481 ], [ -2.435256276511447, 56.741070562113727 ], [ -2.435249496354943, 56.741078705854513 ], [ -2.43524265204159, 56.741086837644204 ], [ -2.435235751249248, 56.741094958285167 ], [ -2.435228801655771, 56.741103068579804 ], [ -2.43522181093903, 56.741111169330466 ], [ -2.435214786776895, 56.741119261339549 ], [ -2.435207736847246, 56.74112734540941 ], [ -2.435200668827964, 56.741135422342481 ], [ -2.435193590396941, 56.741143492941099 ], [ -2.435186509232074, 56.741151558007665 ], [ -2.435179433011266, 56.741159618344589 ], [ -2.435172369412417, 56.74116767475423 ], [ -2.435165326113451, 56.741175728039003 ], [ -2.435158310792282, 56.741183779001283 ], [ -2.435151331126836, 56.741191828443498 ], [ -2.435144394795046, 56.741199877168008 ], [ -2.435137509474849, 56.74120792597725 ], [ -2.43513068284419, 56.741215975673583 ], [ -2.435123922581014, 56.741224027059438 ], [ -2.43511723636328, 56.741232080937245 ], [ -2.435110631868947, 56.741240138109347 ], [ -2.435104116775984, 56.741248199378191 ], [ -2.435097698762363, 56.741256265546177 ], [ -2.435091385506067, 56.741264337415735 ], [ -2.435085184685074, 56.74127241578924 ], [ -2.435079103977383, 56.741280501469149 ], [ -2.435073151060984, 56.741288595257856 ], [ -2.43506733351015, 56.741296697931965 ], [ -2.435061646961999, 56.741304807300033 ], [ -2.435056064193691, 56.741312915486624 ], [ -2.435050555400542, 56.741321013974385 ], [ -2.43504509077784, 56.741329094245891 ], [ -2.435039640520855, 56.741337147783739 ], [ -2.43503417482484, 56.741345166070545 ], [ -2.435028663885018, 56.741353140588899 ], [ -2.435023077896599, 56.741361062821397 ], [ -2.435017387054774, 56.74136892425058 ], [ -2.435011561554716, 56.741376716359071 ], [ -2.435005571591572, 56.74138443062941 ], [ -2.434999387360485, 56.741392058544157 ], [ -2.43499297905657, 56.741399591585875 ], [ -2.434986316874933, 56.741407021237116 ], [ -2.434979371010669, 56.74141433898042 ], [ -2.434972111658852, 56.741421536298304 ], [ -2.434964509014557, 56.74142860467331 ], [ -2.434956533272839, 56.741435535587932 ], [ -2.434948154628756, 56.741442320524662 ], [ -2.434939343277352, 56.741448950966017 ], [ -2.434930071828514, 56.741455419214105 ], [ -2.434920347333779, 56.741461729260948 ], [ -2.434910202518639, 56.741467893812718 ], [ -2.43489967072231, 56.741473925783879 ], [ -2.434888785244267, 56.741479838148656 ], [ -2.434877579458731, 56.741485643768975 ], [ -2.434866086708611, 56.741491355553826 ], [ -2.434854340333306, 56.741496986417474 ], [ -2.434842373672222, 56.741502549274244 ], [ -2.434830220064769, 56.741508057038445 ], [ -2.434817912850365, 56.741513522624395 ], [ -2.434805485354544, 56.741518958961535 ], [ -2.434792970929651, 56.741524378950153 ], [ -2.434780402916081, 56.741529795503524 ], [ -2.43476781465323, 56.74153522153609 ], [ -2.434755239480489, 56.741540669962255 ], [ -2.434742710737259, 56.741546153696454 ], [ -2.434730261762931, 56.741551685653192 ], [ -2.434717925896914, 56.741557278746875 ], [ -2.43470573647861, 56.741562945892028 ], [ -2.434693726847431, 56.741568700003128 ], [ -2.434681930342791, 56.741574553994688 ], [ -2.434670380304118, 56.741580520781206 ], [ -2.434669709616715, 56.741580883343467 ], [ -2.434678123513257, 56.741574717504577 ], [ -2.434687908916854, 56.741567659831112 ], [ -2.434697779934857, 56.741560634719505 ], [ -2.434707718198741, 56.741553637704314 ], [ -2.434717705339986, 56.741546664320133 ], [ -2.434727722990075, 56.74153971010152 ], [ -2.434737752780509, 56.741532770583078 ], [ -2.434747776342793, 56.741525841299371 ], [ -2.434757775308444, 56.741518917785029 ], [ -2.434767731303793, 56.741511995580282 ], [ -2.434777625951782, 56.741505070229067 ], [ -2.434787440897714, 56.741498137251099 ], [ -2.434797157773124, 56.741491192181002 ], [ -2.434806758209564, 56.74148423055339 ], [ -2.434816223838583, 56.741477247902921 ], [ -2.434825536291751, 56.741470239764254 ], [ -2.434834677200644, 56.741463201672047 ], [ -2.434843628196839, 56.741456129160944 ], [ -2.434852370911943, 56.741449017765639 ], [ -2.434860886977551, 56.741441863020761 ], [ -2.434869158035569, 56.741434660462843 ], [ -2.43487717379629, 56.741427407069402 ], [ -2.434884946497549, 56.741420103841357 ], [ -2.434892492278351, 56.741412752476371 ], [ -2.434899827273525, 56.741405354678321 ], [ -2.434906967601933, 56.741397912175003 ], [ -2.434913929427538, 56.741390426626602 ], [ -2.434920728889244, 56.741382899730851 ], [ -2.434927382125939, 56.741375333185488 ], [ -2.434933905276503, 56.741367728688239 ], [ -2.434940314479805, 56.741360087936819 ], [ -2.434946625874707, 56.74135241262897 ], [ -2.43495285560005, 56.741344704462364 ], [ -2.434959019794672, 56.741336965134757 ], [ -2.434965134597398, 56.741329196343827 ], [ -2.434971216147036, 56.741321399787296 ], [ -2.434977280582386, 56.74131357716287 ], [ -2.434983344042238, 56.741305730168236 ], [ -2.434989422665366, 56.741297860501092 ], [ -2.434995532590532, 56.741289969859132 ], [ -2.435001689956486, 56.741282059940033 ], [ -2.435007910100672, 56.741274132383367 ], [ -2.43501419697864, 56.741266188002889 ], [ -2.435020546084952, 56.741258226998546 ], [ -2.435026952713234, 56.741250249555669 ], [ -2.435033412157107, 56.741242255859611 ], [ -2.435039919710197, 56.741234246095715 ], [ -2.435046470666133, 56.741226220449335 ], [ -2.435053060318551, 56.741218179105815 ], [ -2.435059683961091, 56.741210122250514 ], [ -2.435066336887393, 56.741202050068786 ], [ -2.435073014391109, 56.741193962745982 ], [ -2.435079711765884, 56.741185860467425 ], [ -2.435086424305374, 56.741177743418525 ], [ -2.43509314730324, 56.741169611784599 ], [ -2.435099876053145, 56.741161465751027 ], [ -2.435106605848756, 56.741153305503147 ], [ -2.435113331983743, 56.74114513122634 ], [ -2.435120049751783, 56.74113694310595 ], [ -2.435126754446555, 56.74112874132733 ], [ -2.435133441361746, 56.741120526075868 ], [ -2.435140105791041, 56.74111229753693 ], [ -2.435146743028131, 56.741104055895853 ], [ -2.435153348366718, 56.741095801338012 ], [ -2.435159917100498, 56.741087534048788 ], [ -2.435166444523183, 56.741079254213538 ], [ -2.435172925928474, 56.741070962017631 ], [ -2.435179356610092, 56.741062657646452 ], [ -2.435185731861754, 56.741054341285349 ], [ -2.435192046977178, 56.7410460131197 ], [ -2.435198297250099, 56.741037673334901 ], [ -2.435204477974241, 56.741029322116283 ], [ -2.435210584585873, 56.741020959653106 ], [ -2.435216615825436, 56.741012586223626 ], [ -2.435222573752106, 56.741004202195633 ], [ -2.435228460570475, 56.740995807940799 ], [ -2.435234278485143, 56.740987403830779 ], [ -2.435240029700707, 56.740978990237259 ], [ -2.435245716421763, 56.740970567531939 ], [ -2.435251340852902, 56.740962136086473 ], [ -2.435256905198716, 56.740953696272541 ], [ -2.435262411663797, 56.740945248461834 ], [ -2.435267862452728, 56.740936793025988 ], [ -2.435273259770101, 56.740928330336715 ], [ -2.435278605820501, 56.740919860765665 ], [ -2.435283902808507, 56.740911384684544 ], [ -2.435289152938701, 56.740902902464988 ], [ -2.435294358415667, 56.740894414478682 ], [ -2.435299521443979, 56.740885921097302 ], [ -2.435304644228212, 56.740877422692542 ], [ -2.435309728972945, 56.740868919636029 ], [ -2.435314777882747, 56.740860412299462 ], [ -2.435319793162193, 56.740851901054477 ], [ -2.435324777015845, 56.7408433862728 ], [ -2.435329731648278, 56.740834868326068 ], [ -2.435334659264055, 56.740826347585944 ], [ -2.43533956206774, 56.740817824424099 ], [ -2.435344442263894, 56.740809299212231 ], [ -2.43534930205708, 56.740800772321975 ], [ -2.435354143651852, 56.740792244125004 ], [ -2.435358969252771, 56.740783714992986 ], [ -2.435363781064392, 56.740775185297608 ], [ -2.435368581291267, 56.740766655410496 ], [ -2.435373372137946, 56.740758125703366 ], [ -2.43537815580898, 56.740749596547843 ], [ -2.435382934508918, 56.7407410683156 ], [ -2.435387710442302, 56.740732541378335 ], [ -2.435392485813682, 56.740724016107663 ], [ -2.435397262827598, 56.740715492875275 ], [ -2.435402043688589, 56.740706972052848 ], [ -2.435406830601194, 56.740698454012012 ], [ -2.435411625769955, 56.740689939124465 ], [ -2.435416431399401, 56.740681427761842 ], [ -2.435421249694067, 56.740672920295815 ], [ -2.43542608285849, 56.740664417098053 ], [ -2.435430933097193, 56.740655918540199 ], [ -2.435435802614708, 56.740647424993952 ], [ -2.435440693615559, 56.740638936830926 ], [ -2.435445608304272, 56.740630454422814 ], [ -2.43545054888537, 56.740621978141256 ], [ -2.435455517563378, 56.740613508357931 ], [ -2.435460516542808, 56.740605045444489 ], [ -2.435465548028181, 56.740596589772586 ], [ -2.435470614224017, 56.740588141713886 ], [ -2.435475717334823, 56.740579701640044 ], [ -2.435480859565116, 56.740571269922718 ], [ -2.435486043119409, 56.740562846933571 ], [ -2.435491270202204, 56.740554433044245 ], [ -2.435496543018014, 56.740546028626419 ], [ -2.435501863771341, 56.740537634051726 ], [ -2.435507234666693, 56.740529249691832 ], [ -2.435512657908571, 56.740520875918399 ], [ -2.435518135701476, 56.74051251310307 ], [ -2.435523670249904, 56.740504161617494 ], [ -2.435529263758357, 56.740495821833349 ], [ -2.435534918431328, 56.740487494122277 ], [ -2.435540636473314, 56.740479178855914 ], [ -2.435546420088805, 56.740470876405936 ], [ -2.435552271482293, 56.74046258714398 ], [ -2.435558192858267, 56.740454311441702 ], [ -2.435564186421216, 56.740446049670751 ], [ -2.435570254375627, 56.740437802202784 ], [ -2.435576398925983, 56.740429569409443 ], [ -2.435582622274229, 56.740421351661908 ], [ -2.435588925438219, 56.740413149116215 ], [ -2.435595306370467, 56.740404961371333 ], [ -2.435601762534022, 56.740396787937343 ], [ -2.435608291391933, 56.740388628324247 ], [ -2.435614890407238, 56.74038048204212 ], [ -2.435621557042988, 56.740372348601028 ], [ -2.435628288762234, 56.740364227510995 ], [ -2.435635083028036, 56.740356118282087 ], [ -2.435641937303439, 56.740348020424328 ], [ -2.435648849051501, 56.740339933447792 ], [ -2.435655815735285, 56.740331856862525 ], [ -2.435662834817847, 56.740323790178564 ], [ -2.435669903762252, 56.74031573290597 ], [ -2.435677020031561, 56.740307684554814 ], [ -2.435684181088843, 56.740299644635122 ], [ -2.435691384397167, 56.740291612656954 ], [ -2.435698627419598, 56.740283588130367 ], [ -2.43570590761921, 56.740275570565437 ], [ -2.435713222459075, 56.740267559472173 ], [ -2.43572056940227, 56.740259554360684 ], [ -2.435727945911873, 56.740251554740972 ], [ -2.435735349450956, 56.740243560123126 ], [ -2.435742777482607, 56.740235570017205 ], [ -2.435750227469902, 56.740227583933262 ], [ -2.435757696875932, 56.740219601381369 ], [ -2.435765183163774, 56.740211621871545 ], [ -2.435772683796523, 56.740203644913898 ], [ -2.435780196237265, 56.740195670018451 ], [ -2.43578771794909, 56.74018769669528 ], [ -2.435795246395094, 56.740179724454464 ], [ -2.435802779038367, 56.740171752806042 ], [ -2.435810313342007, 56.740163781260094 ], [ -2.435817846769114, 56.740155809326666 ], [ -2.435825376782787, 56.740147836515838 ], [ -2.435832900846124, 56.740139862337678 ], [ -2.435840416422232, 56.740131886302223 ], [ -2.435847920974215, 56.740123907919582 ], [ -2.435855411965179, 56.740115926699779 ], [ -2.435862886858231, 56.740107942152918 ], [ -2.435870343116485, 56.740099953789048 ], [ -2.435877778203047, 56.740091961118239 ], [ -2.435885189581039, 56.740083963650569 ], [ -2.435892574713569, 56.7400759608961 ], [ -2.435899931063757, 56.740067952364903 ], [ -2.435907256094724, 56.740059937567054 ], [ -2.435914547269588, 56.740051916012632 ], [ -2.435921802051472, 56.740043887211705 ], [ -2.435929017903502, 56.740035850674325 ], [ -2.435936192288804, 56.7400278059106 ], [ -2.435943322670504, 56.740019752430563 ], [ -2.435950406511734, 56.740011689744328 ], [ -2.435957441275624, 56.740003617361957 ], [ -2.435964424425309, 56.739995534793536 ], [ -2.435971353423925, 56.739987441549111 ], [ -2.435978225734609, 56.739979337138799 ], [ -2.4359850388205, 56.739971221072643 ], [ -2.435991790144739, 56.739963092860748 ], [ -2.435998477170468, 56.739954952013164 ], [ -2.436005097360835, 56.739946798039981 ], [ -2.436011648178986, 56.739938630451306 ], [ -2.43601812708807, 56.739930448757178 ], [ -2.436024531551238, 56.739922252467707 ], [ -2.436030859031644, 56.739914041092959 ], [ -2.43603710699244, 56.739905814143022 ], [ -2.436043272896789, 56.739897571127976 ], [ -2.436049354207847, 56.739889311557889 ], [ -2.436055348388773, 56.739881034942876 ], [ -2.436061252902735, 56.739872740792968 ], [ -2.436067065212898, 56.739864428618311 ], [ -2.436072782782426, 56.739856097928936 ], [ -2.436078403405794, 56.739847748299518 ], [ -2.43608392774964, 56.739839379864343 ], [ -2.436089357954657, 56.739830993044954 ], [ -2.436094696173579, 56.739822588265241 ], [ -2.436099944559138, 56.739814165949049 ], [ -2.436105105264057, 56.739805726520295 ], [ -2.436110180441068, 56.739797270402867 ], [ -2.436115172242898, 56.739788798020591 ], [ -2.43612008282227, 56.739780309797418 ], [ -2.436124914331907, 56.739771806157151 ], [ -2.43612966892453, 56.739763287523729 ], [ -2.436134348752862, 56.739754754320991 ], [ -2.436138955969618, 56.739746206972832 ], [ -2.436143492727518, 56.739737645903134 ], [ -2.436147961179275, 56.739729071535749 ], [ -2.436152363477604, 56.739720484294573 ], [ -2.436156701775219, 56.739711884603459 ], [ -2.436160978224827, 56.73970327288631 ], [ -2.436165194979141, 56.739694649566971 ], [ -2.436169354190864, 56.739686015069346 ], [ -2.436173458012705, 56.739677369817279 ], [ -2.436177508597365, 56.739668714234668 ], [ -2.436181508097551, 56.739660048745378 ], [ -2.436185458665958, 56.739651373773256 ], [ -2.436189362455288, 56.739642689742219 ], [ -2.436193221618236, 56.739633997076105 ], [ -2.436197038307502, 56.739625296198788 ], [ -2.436200814675773, 56.73961658753413 ], [ -2.436204552875747, 56.739607871506031 ], [ -2.436208255060112, 56.739599148538353 ], [ -2.436211923381552, 56.739590419054956 ], [ -2.436215559992762, 56.739581683479713 ], [ -2.43621916704642, 56.739572942236478 ], [ -2.43622274669521, 56.739564195749153 ], [ -2.436226301091817, 56.739555444441578 ], [ -2.436229832388915, 56.739546688737633 ], [ -2.436233342739187, 56.739537929061179 ], [ -2.436236834295304, 56.739529165836096 ], [ -2.436240309209942, 56.739520399486246 ], [ -2.436243769635773, 56.739511630435487 ], [ -2.436247217725467, 56.739502859107709 ], [ -2.436250655631695, 56.739494085926744 ], [ -2.436254085507121, 56.739485311316479 ], [ -2.436257509504408, 56.739476535700781 ], [ -2.436260929776224, 56.739467759503519 ], [ -2.436264348475226, 56.739458983148559 ], [ -2.436267767754076, 56.739450207059747 ], [ -2.436271189765427, 56.739441431660964 ], [ -2.436274616661941, 56.739432657376071 ], [ -2.436278050596267, 56.73942388462892 ], [ -2.43628149372106, 56.739415113843414 ], [ -2.436284948188967, 56.739406345443385 ], [ -2.436288416152636, 56.739397579852692 ], [ -2.436291899764717, 56.739388817495225 ], [ -2.436295401177854, 56.739380058794815 ], [ -2.436298922544688, 56.739371304175357 ], [ -2.436302466017861, 56.739362554060698 ], [ -2.436306033750012, 56.739353808874689 ], [ -2.436309627893779, 56.739345069041214 ], [ -2.436313250601796, 56.739336334984117 ], [ -2.436316904026697, 56.739327607127272 ], [ -2.436320590321115, 56.739318885894534 ], [ -2.436324311637681, 56.739310171709768 ], [ -2.436328070129023, 56.739301464996828 ], [ -2.436331867947765, 56.739292766179574 ], [ -2.436335707246536, 56.739284075681866 ], [ -2.436339590177955, 56.739275393927585 ], [ -2.436343518894647, 56.739266721340563 ], [ -2.436347495549231, 56.739258058344682 ], [ -2.436351522294324, 56.739249405363758 ], [ -2.43635560128254, 56.739240762821716 ], [ -2.436359734110518, 56.739232131066494 ], [ -2.436363918645625, 56.739223509937318 ], [ -2.436368151221618, 56.73921489906413 ], [ -2.436372428167519, 56.739206298076233 ], [ -2.436376745812368, 56.73919770660293 ], [ -2.436381100485196, 56.739189124273537 ], [ -2.436385488515044, 56.73918055071735 ], [ -2.436389906230956, 56.739171985563701 ], [ -2.436394349961975, 56.739163428441856 ], [ -2.43639881603715, 56.739154878981182 ], [ -2.436403300785534, 56.739146336810933 ], [ -2.436407800536182, 56.739137801560432 ], [ -2.43641231161815, 56.739129272859024 ], [ -2.436416830360501, 56.739120750335964 ], [ -2.436421353092299, 56.739112233620595 ], [ -2.436425876142612, 56.739103722342229 ], [ -2.43643039584051, 56.739095216130174 ], [ -2.436434908515066, 56.739086714613755 ], [ -2.436439410495358, 56.739078217422282 ], [ -2.436443898110467, 56.73906972418505 ], [ -2.436448367689472, 56.739061234531384 ], [ -2.436452815561463, 56.739052748090614 ], [ -2.436457238055528, 56.73904426449203 ], [ -2.436461631500758, 56.739035783364976 ], [ -2.436465992226252, 56.739027304338741 ], [ -2.436470316561103, 56.739018827042663 ], [ -2.436474600834419, 56.739010351106081 ], [ -2.436478841375299, 56.739001876158248 ], [ -2.436483034512854, 56.738993401828544 ], [ -2.436487176576192, 56.738984927746259 ], [ -2.436491263894433, 56.738976453540729 ], [ -2.436495292796686, 56.738967978841274 ], [ -2.436499259612076, 56.738959503277179 ], [ -2.436503160669728, 56.738951026477828 ], [ -2.436506992298765, 56.73894254807248 ], [ -2.436510750828318, 56.738934067690515 ], [ -2.436514432587517, 56.738925584961216 ], [ -2.436518033905503, 56.738917099513898 ], [ -2.436521551111413, 56.738908610977937 ], [ -2.436524980534388, 56.738900118982606 ], [ -2.436528318503574, 56.738891623157244 ], [ -2.43653156242817, 56.738883123207202 ], [ -2.436534717012175, 56.738874619351265 ], [ -2.436537789978273, 56.738866112020702 ], [ -2.436540789058764, 56.738857601647446 ], [ -2.436543721985937, 56.738849088663436 ], [ -2.436546596492076, 56.738840573500624 ], [ -2.436549420309456, 56.73883205659093 ], [ -2.436552201170349, 56.738823538366304 ], [ -2.436554946807017, 56.738815019258688 ], [ -2.436557664951717, 56.738806499699983 ], [ -2.436560363336699, 56.738797980122136 ], [ -2.436563049694204, 56.738789460957115 ], [ -2.436565731756471, 56.738780942636794 ], [ -2.436568417255726, 56.738772425593147 ], [ -2.436571113924193, 56.738763910258108 ], [ -2.436573829494087, 56.738755397063578 ], [ -2.436576571697618, 56.738746886441504 ], [ -2.436579348266987, 56.738738378823818 ], [ -2.43658216693439, 56.738729874642424 ], [ -2.436585035432014, 56.73872137432928 ], [ -2.43658796149204, 56.738712878316271 ], [ -2.436590952846647, 56.738704387035376 ], [ -2.436594017228, 56.738695900918472 ], [ -2.43659716236826, 56.73868742039749 ], [ -2.436600395999585, 56.73867894590439 ], [ -2.436603725854119, 56.73867047787104 ], [ -2.436607159664008, 56.7386620167294 ], [ -2.436610705161383, 56.73865356291136 ], [ -2.436614370078374, 56.738645116848858 ], [ -2.436618162147104, 56.738636678973812 ], [ -2.436622089099684, 56.738628249718118 ], [ -2.436626158666912, 56.738619829513567 ], [ -2.436630375188575, 56.738611418537374 ], [ -2.436634732276772, 56.738603016160994 ], [ -2.436639221427263, 56.73859462159696 ], [ -2.436643834135819, 56.738586234057848 ], [ -2.436648561898213, 56.738577852756194 ], [ -2.43665339621023, 56.738569476904559 ], [ -2.436658328567661, 56.738561105715497 ], [ -2.436663350466305, 56.738552738401573 ], [ -2.436668453401967, 56.738544374175326 ], [ -2.436673628870456, 56.738536012249334 ], [ -2.436678868367596, 56.738527651836137 ], [ -2.436684163389211, 56.738519292148325 ], [ -2.436689505431135, 56.738510932398427 ], [ -2.436694885989207, 56.738502571799025 ], [ -2.436700296559277, 56.738494209562688 ], [ -2.436705728637196, 56.738485844901987 ], [ -2.436711173718829, 56.73847747702947 ], [ -2.436716623300045, 56.738469105157726 ], [ -2.436722068876715, 56.738460728499319 ], [ -2.436727501944727, 56.738452346266826 ], [ -2.436732913999968, 56.738443957672821 ], [ -2.436738296538336, 56.738435561929897 ], [ -2.436743641055735, 56.738427158250602 ], [ -2.436748939048073, 56.73841874584754 ], [ -2.436754182011271, 56.738410323933294 ], [ -2.436759361441256, 56.7384018917204 ], [ -2.436764468833957, 56.738393448421526 ], [ -2.436769495685317, 56.73838499324917 ], [ -2.436774433491281, 56.738376525415994 ], [ -2.436779273747803, 56.738368044134546 ], [ -2.436784007950847, 56.738359548617424 ], [ -2.436788627596382, 56.738351038077205 ], [ -2.436793124180383, 56.738342511726508 ], [ -2.436797489198835, 56.738333968777901 ], [ -2.436801714147732, 56.738325408443998 ], [ -2.436805790523072, 56.738316829937396 ], [ -2.436809709820862, 56.738308232470651 ], [ -2.436813463537118, 56.738299615256402 ], [ -2.436817043167863, 56.738290977507233 ], [ -2.436820440209128, 56.738282318435729 ], [ -2.436823647631638, 56.738273637453382 ], [ -2.436826673027839, 56.738264935943555 ], [ -2.436829532349682, 56.738256216417014 ], [ -2.436832241647269, 56.738247481397771 ], [ -2.436834816970683, 56.738238733409759 ], [ -2.436837274369992, 56.738229974976996 ], [ -2.43683962989525, 56.738221208623479 ], [ -2.4368418995965, 56.738212436873162 ], [ -2.436844099523768, 56.738203662250022 ], [ -2.436846245727065, 56.738194887278063 ], [ -2.436848354256396, 56.738186114481252 ], [ -2.436850441161739, 56.738177346383566 ], [ -2.436852522493066, 56.738168585508973 ], [ -2.436854614300334, 56.738159834381463 ], [ -2.436856732633484, 56.738151095524991 ], [ -2.436858893542444, 56.73814237146351 ], [ -2.436861113077125, 56.738133664721026 ], [ -2.436863407287431, 56.738124977821499 ], [ -2.436865792223243, 56.738116313288891 ], [ -2.436868283934436, 56.738107673647157 ], [ -2.436870898470867, 56.738099061420279 ], [ -2.436873651882381, 56.73809047913219 ], [ -2.43687656021881, 56.738081929306873 ], [ -2.436879639529974, 56.738073414468289 ], [ -2.436882905865676, 56.738064937140372 ], [ -2.436886375275714, 56.73805649984709 ], [ -2.436890063809865, 56.738048105112391 ], [ -2.436893987517903, 56.738039755460207 ], [ -2.436898162449587, 56.738031453414486 ], [ -2.436902604654661, 56.738023201499175 ], [ -2.436907330182862, 56.738015002238207 ], [ -2.436912354255507, 56.738006858010017 ], [ -2.436917677776978, 56.737998768678743 ], [ -2.436923289556844, 56.737990731984432 ], [ -2.436929178024671, 56.737982745600362 ], [ -2.436935331610022, 56.737974807199876 ], [ -2.436941738742484, 56.737966914456273 ], [ -2.436948387851646, 56.737959065042858 ], [ -2.436955267367107, 56.73795125663294 ], [ -2.436962365718482, 56.737943486899852 ], [ -2.436969671335383, 56.737935753516886 ], [ -2.436977172647446, 56.737928054157358 ], [ -2.436984858084303, 56.737920386494608 ], [ -2.436992716075599, 56.737912748201921 ], [ -2.437000735050989, 56.737905136952648 ], [ -2.437008903440133, 56.737897550420101 ], [ -2.437017209672703, 56.737889986277615 ], [ -2.437025642178372, 56.737882442198504 ], [ -2.437034189386825, 56.737874915856118 ], [ -2.437042839727759, 56.737867404923804 ], [ -2.437051581630868, 56.737859907074863 ], [ -2.437060403525861, 56.737852419982659 ], [ -2.437069293842451, 56.737844941320546 ], [ -2.437078241010359, 56.73783746876186 ], [ -2.437087233459312, 56.737829999979944 ], [ -2.437096259619045, 56.73782253264816 ], [ -2.437105307919297, 56.737815064439886 ], [ -2.437114366789822, 56.737807593028457 ], [ -2.437123424660373, 56.737800116087257 ], [ -2.437132469960708, 56.737792631289636 ], [ -2.437141491120603, 56.737785136308993 ], [ -2.437150476569829, 56.737777628818677 ], [ -2.437159414738172, 56.737770106492079 ], [ -2.437168294055422, 56.737762567002576 ], [ -2.437177102951373, 56.737755008023569 ], [ -2.437185829855832, 56.737747427228442 ], [ -2.437194463198613, 56.737739822290557 ], [ -2.437202991409533, 56.737732190883342 ], [ -2.437211402918418, 56.737724530680197 ], [ -2.437219686155107, 56.737716839354505 ], [ -2.437227829549441, 56.737709114579687 ], [ -2.43723582153127, 56.737701354029134 ], [ -2.437243650605923, 56.737693555392269 ], [ -2.437251311448684, 56.737685717666871 ], [ -2.437258809385018, 56.737677842109157 ], [ -2.437266150796487, 56.737669930199289 ], [ -2.437273342064653, 56.737661983417432 ], [ -2.437280389571075, 56.737654003243726 ], [ -2.437287299697301, 56.737645991158359 ], [ -2.437294078824884, 56.737637948641456 ], [ -2.437300733335373, 56.737629877173177 ], [ -2.437307269610307, 56.737621778233674 ], [ -2.437313694031225, 56.737613653303114 ], [ -2.437320012979666, 56.737605503861616 ], [ -2.437326232837156, 56.737597331389338 ], [ -2.437332359985221, 56.737589137366427 ], [ -2.437338400805386, 56.737580923273015 ], [ -2.437344361679168, 56.737572690589253 ], [ -2.437350248988081, 56.737564440795268 ], [ -2.437356069113632, 56.737556175371218 ], [ -2.437361828437327, 56.737547895797228 ], [ -2.437367533340668, 56.737539603553429 ], [ -2.437373190205149, 56.737531300119969 ], [ -2.437378805412259, 56.73752298697697 ], [ -2.437384385343488, 56.737514665604564 ], [ -2.437389936380315, 56.73750633748287 ], [ -2.437395464904219, 56.737498004092039 ], [ -2.43740097729667, 56.73748966691219 ], [ -2.437406479939138, 56.73748132742346 ], [ -2.437411979213083, 56.737472987105953 ], [ -2.437417481499963, 56.737464647439815 ], [ -2.437422993181236, 56.737456309905149 ], [ -2.437428520633556, 56.73744797598097 ], [ -2.437434068404306, 56.737439646720944 ], [ -2.437439636460499, 56.737431322113615 ], [ -2.437445224063858, 56.737423001983593 ], [ -2.437450830476111, 56.737414686155418 ], [ -2.437456454958981, 56.73740637445367 ], [ -2.437462096774195, 56.737398066702966 ], [ -2.437467755183481, 56.737389762727837 ], [ -2.437473429448562, 56.737381462352879 ], [ -2.43747911883117, 56.737373165402659 ], [ -2.437484822593032, 56.737364871701764 ], [ -2.437490539995878, 56.737356581074771 ], [ -2.437496270301434, 56.73734829334623 ], [ -2.437502012771436, 56.737340008340759 ], [ -2.437507766667608, 56.737331725882903 ], [ -2.437513531251684, 56.737323445797266 ], [ -2.437519305785396, 56.737315167908385 ], [ -2.437525089530477, 56.737306892040877 ], [ -2.437530881748657, 56.737298618019288 ], [ -2.437536681701671, 56.737290345668228 ], [ -2.437542488651254, 56.737282074812263 ], [ -2.437548301859138, 56.737273805275954 ], [ -2.437554120587059, 56.737265536883889 ], [ -2.437559944096752, 56.737257269460656 ], [ -2.437565771649952, 56.737249002830829 ], [ -2.437571602508398, 56.737240736818976 ], [ -2.437577435933825, 56.737232471249683 ], [ -2.437583271187971, 56.737224205947527 ], [ -2.437589107532573, 56.737215940737094 ], [ -2.437594944229373, 56.737207675442953 ], [ -2.437600780540107, 56.737199409889683 ], [ -2.437606615726515, 56.737191143901889 ], [ -2.437612449050339, 56.7371828773041 ], [ -2.437618279773317, 56.737174609920942 ], [ -2.437624107157191, 56.73716634157698 ], [ -2.437629930463705, 56.737158072096776 ], [ -2.437635748954601, 56.73714980130493 ], [ -2.437641561891619, 56.737141529026033 ], [ -2.437647368536505, 56.737133255084636 ], [ -2.437653168151002, 56.737124979305335 ], [ -2.437658959996856, 56.737116701512711 ], [ -2.437664743335812, 56.737108421531346 ], [ -2.437670517429611, 56.737100139185813 ], [ -2.437676281540003, 56.737091854300701 ], [ -2.437682034928736, 56.737083566700576 ], [ -2.437687776857554, 56.737075276210042 ], [ -2.437693506588208, 56.737066982653687 ], [ -2.437699223382442, 56.737058685856056 ], [ -2.437704926502009, 56.737050385641751 ], [ -2.437710615208657, 56.737042081835341 ], [ -2.437716288764135, 56.737033774261434 ], [ -2.437721946430194, 56.737025462744604 ], [ -2.437727587468586, 56.737017147109427 ], [ -2.437733211141063, 56.737008827180482 ], [ -2.437738816709372, 56.737000502782344 ], [ -2.437744403435272, 56.736992173739623 ], [ -2.437749970580514, 56.736983839876871 ], [ -2.437755517406852, 56.736975501018698 ], [ -2.43776104317604, 56.736967156989664 ], [ -2.437766547149833, 56.736958807614378 ], [ -2.437772028589986, 56.736950452717409 ], [ -2.437777486758256, 56.736942092123336 ], [ -2.4377829209164, 56.736933725656733 ], [ -2.437788330326174, 56.736925353142212 ], [ -2.437793714249338, 56.73691697440433 ], [ -2.437799071947647, 56.736908589267706 ], [ -2.437804402682862, 56.736900197556871 ], [ -2.437809705716743, 56.736891799096476 ], [ -2.437814980311049, 56.736883393711032 ], [ -2.437820225727541, 56.736874981225185 ], [ -2.43782544122798, 56.736866561463493 ], [ -2.437830626074129, 56.736858134250525 ], [ -2.437835779527751, 56.73684969941089 ], [ -2.437840900850606, 56.736841256769161 ], [ -2.437845989304461, 56.736832806149962 ], [ -2.437851044151078, 56.736824347377805 ], [ -2.437856064652223, 56.736815880277334 ], [ -2.437861050069662, 56.736807404673108 ], [ -2.437865999665159, 56.73679892038971 ], [ -2.437870912700482, 56.736790427251748 ], [ -2.437875788437398, 56.736781925083783 ], [ -2.437880626171064, 56.736773413718588 ], [ -2.43788542622337, 56.736764893240455 ], [ -2.437890190111428, 56.736756364026377 ], [ -2.437894919419679, 56.736747826469923 ], [ -2.437899615732553, 56.736739280964578 ], [ -2.437904280634485, 56.736730727903911 ], [ -2.437908915709903, 56.736722167681449 ], [ -2.437913522543245, 56.736713600690699 ], [ -2.437918102718935, 56.7367050273252 ], [ -2.437922657821405, 56.736696447978481 ], [ -2.437927189435078, 56.736687863044075 ], [ -2.437931699144382, 56.736679272915502 ], [ -2.437936188533745, 56.736670677986289 ], [ -2.437940659187587, 56.736662078649971 ], [ -2.437945112690329, 56.736653475300081 ], [ -2.437949550626398, 56.736644868330103 ], [ -2.437953974580207, 56.736636258133615 ], [ -2.437958386136178, 56.736627645104114 ], [ -2.437962786878729, 56.736619029635143 ], [ -2.437967178392272, 56.736610412120214 ], [ -2.437971562261227, 56.736601792952847 ], [ -2.437975940070004, 56.736593172526597 ], [ -2.437980313403017, 56.736584551234955 ], [ -2.437984683844677, 56.736575929471464 ], [ -2.437989052979393, 56.736567307629642 ], [ -2.437993422391574, 56.736558686103017 ], [ -2.437997793665626, 56.736550065285122 ], [ -2.438002168385957, 56.736541445569458 ], [ -2.438006548136968, 56.736532827349578 ], [ -2.438010934503069, 56.736524211018974 ], [ -2.438015329068659, 56.736515596971174 ], [ -2.438019733418135, 56.736506985599718 ], [ -2.438024149135903, 56.736498377298126 ], [ -2.438028577806357, 56.736489772459905 ], [ -2.438033021013896, 56.736481171478587 ], [ -2.438037480342916, 56.736472574747694 ], [ -2.438041957377813, 56.736463982660759 ], [ -2.438046453702977, 56.736455395611273 ], [ -2.438050970902805, 56.736446813992792 ], [ -2.438055510561686, 56.736438238198808 ], [ -2.438060074264009, 56.736429668622854 ], [ -2.438064663594161, 56.736421105658458 ], [ -2.438069280136533, 56.736412549699118 ], [ -2.438073925475511, 56.736404001138368 ], [ -2.438078601195476, 56.736395460369742 ], [ -2.438083308880816, 56.736386927786718 ], [ -2.43808805011591, 56.736378403782858 ], [ -2.438092826485144, 56.736369888751668 ], [ -2.438097639572893, 56.736361383086646 ], [ -2.438102490963541, 56.736352887181333 ], [ -2.438107382241464, 56.736344401429243 ], [ -2.438112314991038, 56.73633592622388 ], [ -2.438117290796639, 56.73632746195878 ], [ -2.438122311242642, 56.736319009027454 ], [ -2.438127377913419, 56.736310567823395 ], [ -2.438132492393343, 56.736302138740136 ], [ -2.438137656266787, 56.736293722171219 ], [ -2.438142871118119, 56.736285318510127 ], [ -2.438148138531709, 56.736276928150389 ], [ -2.438153460091922, 56.736268551485502 ], [ -2.43815883738313, 56.736260188909014 ], [ -2.438164271989695, 56.736251840814397 ], [ -2.438169765495982, 56.736243507595198 ], [ -2.438175319486357, 56.736235189644908 ], [ -2.43818093554518, 56.736226887357063 ], [ -2.438186615256814, 56.736218601125152 ], [ -2.438192360205618, 56.736210331342711 ], [ -2.438198171975956, 56.736202078403224 ], [ -2.438204052152181, 56.736193842700217 ], [ -2.438210002318655, 56.736185624627232 ], [ -2.438216024059733, 56.736177424577711 ], [ -2.438222118841651, 56.736169242917839 ], [ -2.438228285476644, 56.736161079398599 ], [ -2.438234520157376, 56.736152933163815 ], [ -2.438240818965284, 56.736144803331541 ], [ -2.438247177981802, 56.73613668901983 ], [ -2.438253593288371, 56.736128589346727 ], [ -2.43826006096643, 56.736120503430307 ], [ -2.438266577097424, 56.736112430388594 ], [ -2.438273137762803, 56.736104369339692 ], [ -2.438279739044018, 56.736096319401604 ], [ -2.43828637702252, 56.736088279692417 ], [ -2.438293047779766, 56.736080249330186 ], [ -2.438299747397216, 56.736072227432956 ], [ -2.438306471956328, 56.736064213118802 ], [ -2.438313217538568, 56.736056205505783 ], [ -2.438319980225407, 56.736048203711952 ], [ -2.438326756098308, 56.736040206855371 ], [ -2.438333541238749, 56.736032214054127 ], [ -2.438340331728201, 56.736024224426245 ], [ -2.438347123648143, 56.736016237089821 ], [ -2.438353913080056, 56.736008251162907 ], [ -2.438360696105422, 56.736000265763572 ], [ -2.438367468805728, 56.735992280009889 ], [ -2.438374227262463, 56.735984293019925 ], [ -2.438380967557115, 56.735976303911734 ], [ -2.438387685771177, 56.735968311803397 ], [ -2.438394377986151, 56.735960315813003 ], [ -2.438401040283532, 56.73595231505859 ], [ -2.438407668744824, 56.735944308658269 ], [ -2.438414259451527, 56.73593629573007 ], [ -2.438420808485156, 56.735928275392119 ], [ -2.438427311927213, 56.735920246762447 ], [ -2.438433765859213, 56.735912208959149 ], [ -2.438440166362678, 56.735904161100301 ], [ -2.438446509519117, 56.735896102303968 ], [ -2.438452791410057, 56.735888031688241 ], [ -2.43845900811702, 56.735879948371206 ], [ -2.438465155721532, 56.735871851470947 ], [ -2.438471230305126, 56.735863740105508 ], [ -2.438477227949333, 56.735855613393014 ], [ -2.438483144735687, 56.735847470451503 ], [ -2.438488976852974, 56.735839310419728 ], [ -2.438494724217525, 56.735831133152594 ], [ -2.438500391346893, 56.735822939389273 ], [ -2.438505983043034, 56.735814729923561 ], [ -2.438511504107902, 56.735806505549235 ], [ -2.438516959343443, 56.735798267060076 ], [ -2.438522353551608, 56.735790015249883 ], [ -2.438527691534339, 56.735781750912416 ], [ -2.438532978093571, 56.735773474841501 ], [ -2.438538218031244, 56.735765187830879 ], [ -2.438543416149285, 56.735756890674345 ], [ -2.438548577249625, 56.735748584165698 ], [ -2.438553706134187, 56.735740269098699 ], [ -2.438558807604893, 56.73573194626713 ], [ -2.43856388646366, 56.735723616464774 ], [ -2.438568947512399, 56.735715280485408 ], [ -2.43857399555302, 56.735706939122792 ], [ -2.438579035387428, 56.735698593170731 ], [ -2.438584071817525, 56.735690243422987 ], [ -2.438589109645209, 56.735681890673327 ], [ -2.438594153672376, 56.735673535715527 ], [ -2.438599208700911, 56.735665179343364 ], [ -2.438604279532705, 56.73565682235062 ], [ -2.438609370969639, 56.735648465531042 ], [ -2.438614487813593, 56.735640109678421 ], [ -2.43861963486644, 56.735631755586503 ], [ -2.438624816930056, 56.735623404049086 ], [ -2.438630038806303, 56.735615055859917 ], [ -2.438635305297047, 56.735606711812764 ], [ -2.438640621204146, 56.735598372701403 ], [ -2.438645991321591, 56.735590039318375 ], [ -2.438651418526323, 56.735581712157071 ], [ -2.438656901288847, 56.735573391023443 ], [ -2.438662437462876, 56.735565075627143 ], [ -2.43866802490213, 56.735556765677863 ], [ -2.438673661460333, 56.735548460885248 ], [ -2.438679344991209, 56.735540160959026 ], [ -2.438685073348479, 56.735531865608806 ], [ -2.438690844385875, 56.73552357454431 ], [ -2.43869665595712, 56.735515287475216 ], [ -2.438702505915948, 56.735507004111177 ], [ -2.438708392116089, 56.735498724161886 ], [ -2.438714312411278, 56.735490447337021 ], [ -2.438720264655247, 56.735482173346249 ], [ -2.438726246701738, 56.735473901899255 ], [ -2.438732256404487, 56.73546563270574 ], [ -2.438738291617235, 56.735457365475355 ], [ -2.438744350193724, 56.735449099917773 ], [ -2.438750429987697, 56.735440835742708 ], [ -2.4387565288529, 56.735432572659818 ], [ -2.43876264464308, 56.735424310378782 ], [ -2.438768775211986, 56.735416048609302 ], [ -2.438774918413371, 56.735407787061042 ], [ -2.438781072100983, 56.735399525443682 ], [ -2.438787234128578, 56.73539126346693 ], [ -2.43879340234991, 56.735383000840436 ], [ -2.43879957461874, 56.735374737273922 ], [ -2.438805748788824, 56.73536647247704 ], [ -2.438811922713922, 56.735358206159489 ], [ -2.438818094247797, 56.735349938030957 ], [ -2.438824261244215, 56.735341667801116 ], [ -2.438830421556939, 56.735333395179673 ], [ -2.438836573039738, 56.7353251198763 ], [ -2.438842713546381, 56.735316841600678 ], [ -2.438848840930638, 56.735308560062514 ], [ -2.438854953046279, 56.735300274971472 ], [ -2.438861047747085, 56.735291986037268 ], [ -2.438867122886824, 56.735283692969574 ], [ -2.438873176319279, 56.735275395478084 ], [ -2.438879205898225, 56.735267093272491 ], [ -2.438885209477445, 56.735258786062474 ], [ -2.438891184910725, 56.735250473557734 ], [ -2.438897130051842, 56.735242155467958 ], [ -2.438903042754588, 56.735233831502832 ], [ -2.438908920872749, 56.735225501372049 ], [ -2.438914762260114, 56.735217164785325 ], [ -2.438920564770473, 56.735208821452325 ], [ -2.438926326257622, 56.735200471082763 ], [ -2.438932044575354, 56.735192113386312 ], [ -2.438937717577468, 56.735183748072679 ], [ -2.438943343117757, 56.735175374851543 ], [ -2.438948919050027, 56.735166993432621 ], [ -2.438954443228074, 56.735158603525591 ], [ -2.438959913505707, 56.735150204840146 ], [ -2.438965327736728, 56.735141797085994 ], [ -2.438970683774947, 56.735133379972837 ], [ -2.438975979474169, 56.735124953210352 ], [ -2.43898121268821, 56.735116516508242 ], [ -2.438986381270879, 56.735108069576206 ], [ -2.438991483075993, 56.735099612123953 ], [ -2.438996515957367, 56.735091143861162 ], [ -2.439001477768819, 56.735082664497519 ], [ -2.43900636636417, 56.73507417374276 ], [ -2.439011179597245, 56.735065671306558 ], [ -2.439015915321863, 56.73505715689862 ], [ -2.439020571391851, 56.735048630228647 ], [ -2.439025145661038, 56.735040091006312 ], [ -2.439029635983255, 56.735031538941357 ], [ -2.439034040212333, 56.73502297374344 ], [ -2.439038356202106, 56.735014395122299 ], [ -2.439042581806407, 56.735005802787597 ], [ -2.439046715689642, 56.734997196580146 ], [ -2.439050762029813, 56.734988577232343 ], [ -2.439054727301115, 56.734979945847961 ], [ -2.439058617985296, 56.734971303531985 ], [ -2.439062440564101, 56.734962651389388 ], [ -2.439066201519275, 56.734953990525163 ], [ -2.439069907332548, 56.734945322044283 ], [ -2.439073564485652, 56.734936647051718 ], [ -2.439077179460315, 56.734927966652442 ], [ -2.439080758738251, 56.734919281951449 ], [ -2.439084308801176, 56.734910594053687 ], [ -2.439087836130796, 56.734901904064166 ], [ -2.439091347208815, 56.73489321308783 ], [ -2.439094848516931, 56.734884522229649 ], [ -2.439098346536835, 56.734875832594625 ], [ -2.439101847750211, 56.734867145287687 ], [ -2.439105358638742, 56.734858461413843 ], [ -2.4391088856841, 56.734849782078037 ], [ -2.439112435367959, 56.734841108385254 ], [ -2.439116014171977, 56.73483244144046 ], [ -2.439119628577818, 56.734823782348599 ], [ -2.439123285067132, 56.734815132214671 ], [ -2.439126990121566, 56.734806492143605 ], [ -2.439130750222763, 56.734797863240402 ], [ -2.439134571852362, 56.734789246609985 ], [ -2.439138461491992, 56.734780643357361 ], [ -2.439142425623279, 56.734772054587452 ], [ -2.439146470727846, 56.734763481405238 ], [ -2.439150603287308, 56.734754924915677 ], [ -2.439154829783275, 56.734746386223726 ], [ -2.439159156697353, 56.734737866434344 ], [ -2.439163590511142, 56.734729366652466 ], [ -2.439168137706238, 56.734720887983073 ], [ -2.439172804764233, 56.734712431531108 ], [ -2.439177598166712, 56.734703998401521 ], [ -2.439182524395254, 56.734695589699264 ], [ -2.439187589931438, 56.734687206529287 ], [ -2.439192801256837, 56.734678849996541 ], [ -2.439198164853013, 56.734670521205956 ], [ -2.439203687201535, 56.734662221262496 ], [ -2.439209374783957, 56.734653951271092 ], [ -2.439215233295122, 56.734645712195167 ], [ -2.43922125910992, 56.734637503321508 ], [ -2.439227442506541, 56.734629322840206 ], [ -2.439233773657743, 56.734621168922338 ], [ -2.439240242736285, 56.734613039739003 ], [ -2.439246839914935, 56.734604933461313 ], [ -2.439253555366473, 56.734596848260324 ], [ -2.43926037926368, 56.734588782307164 ], [ -2.439267301779351, 56.734580733772916 ], [ -2.439274313086282, 56.734572700828707 ], [ -2.439281403357282, 56.734564681645615 ], [ -2.439288562765162, 56.734556674394746 ], [ -2.439295781482745, 56.734548677247219 ], [ -2.439303049682854, 56.73454068837416 ], [ -2.439310357538329, 56.734532705946648 ], [ -2.439317695222003, 56.734524728135831 ], [ -2.439325052906733, 56.7345167531128 ], [ -2.439332420765368, 56.734508779048703 ], [ -2.439339788970775, 56.734500804114631 ], [ -2.439347147695817, 56.734492826481741 ], [ -2.43935448711337, 56.734484844321145 ], [ -2.439361797396322, 56.734476855803962 ], [ -2.439369068717557, 56.734468859101341 ], [ -2.439376291249973, 56.734460852384409 ], [ -2.439383455166472, 56.734452833824314 ], [ -2.439390550639966, 56.734444801592183 ], [ -2.439397567843372, 56.73443675385915 ], [ -2.43940449694961, 56.734428688796385 ], [ -2.439411328131617, 56.734420604575021 ], [ -2.439418051562329, 56.734412499366186 ], [ -2.439424657414695, 56.734404371341064 ], [ -2.439431138652178, 56.734396219074966 ], [ -2.439437504160125, 56.734388043449471 ], [ -2.439443768462191, 56.734379846162838 ], [ -2.439449946088597, 56.734371628914225 ], [ -2.439456051569551, 56.734363393402852 ], [ -2.439462099435252, 56.734355141327889 ], [ -2.439468104215885, 56.734346874388514 ], [ -2.43947408044163, 56.734338594283919 ], [ -2.439480042642647, 56.734330302713268 ], [ -2.439486005349087, 56.734322001375745 ], [ -2.439491983091094, 56.73431369197052 ], [ -2.439497990398795, 56.734305376196751 ], [ -2.439504041802307, 56.734297055753629 ], [ -2.439510151831738, 56.734288732340275 ], [ -2.43951633501718, 56.734280407655881 ], [ -2.439522605888714, 56.734272083399595 ], [ -2.439528978976413, 56.734263761270554 ], [ -2.439535468810335, 56.734255442967921 ], [ -2.439542089920528, 56.734247130190852 ], [ -2.439548856837028, 56.734238824638474 ], [ -2.439555783964279, 56.73423052806438 ], [ -2.439562879812545, 56.734222244778515 ], [ -2.439570144592158, 56.734213982690491 ], [ -2.439577577888994, 56.734205749980802 ], [ -2.439585179288922, 56.734197554829883 ], [ -2.439592948377825, 56.734189405418213 ], [ -2.439600884741596, 56.734181309926257 ], [ -2.439608987966134, 56.734173276534499 ], [ -2.439617257637344, 56.734165313423382 ], [ -2.439625693341148, 56.734157428773372 ], [ -2.439634294663469, 56.734149630764939 ], [ -2.439643061190247, 56.734141927578563 ], [ -2.439651992507426, 56.734134327394699 ], [ -2.439661088200967, 56.734126838393792 ], [ -2.439670347856838, 56.734119468756319 ], [ -2.439679771061015, 56.734112226662745 ], [ -2.439689357399494, 56.734105120293528 ], [ -2.439699106458277, 56.734098157829123 ], [ -2.43970901782338, 56.734091347450025 ], [ -2.43971909108083, 56.734084697336641 ], [ -2.439729325816669, 56.734078215669498 ], [ -2.439739705176759, 56.734071903898219 ], [ -2.439750143048857, 56.734065735117504 ], [ -2.439760535085896, 56.734059674956512 ], [ -2.439770776940741, 56.734053689044416 ], [ -2.439780764266288, 56.7340477430104 ], [ -2.439790392715458, 56.734041802483723 ], [ -2.439799557941202, 56.734035833093614 ], [ -2.439808155596509, 56.734029800469379 ], [ -2.439816081334403, 56.734023670240333 ], [ -2.439823230807958, 56.73401740803579 ], [ -2.439829499670308, 56.734010979485099 ], [ -2.439834783574647, 56.734004350217596 ], [ -2.43983897824581, 56.733997485877978 ], [ -2.439842038905983, 56.73399036485953 ], [ -2.439844088144915, 56.733983001417904 ], [ -2.439845277766437, 56.73397541606856 ], [ -2.43984575957429, 56.733967629326855 ], [ -2.43984568537212, 56.733959661708177 ], [ -2.439845206963464, 56.733951533727883 ], [ -2.439844476151737, 56.73394326590136 ], [ -2.439843644740231, 56.733934878743909 ], [ -2.439842864532103, 56.733926392770954 ], [ -2.439842287330373, 56.733917828497816 ], [ -2.439842064937923, 56.733909206439883 ], [ -2.439842345207039, 56.733900546781669 ], [ -2.43984317881575, 56.733891861569766 ], [ -2.439844515625247, 56.733883154407792 ], [ -2.439846300817478, 56.733874428507505 ], [ -2.439848479574435, 56.733865687080623 ], [ -2.439850997078162, 56.733856933338878 ], [ -2.439853798510748, 56.733848170494028 ], [ -2.439856829054342, 56.733839401757812 ], [ -2.439860033891137, 56.73383063034197 ], [ -2.439863358203382, 56.733821859458274 ], [ -2.439866747812769, 56.733813092280137 ], [ -2.439870171605323, 56.733804330599135 ], [ -2.439873627430938, 56.733795574471387 ], [ -2.439877114978052, 56.733786823842856 ], [ -2.439880633935095, 56.733778078659533 ], [ -2.439884183990502, 56.733769338867376 ], [ -2.439887764832706, 56.733760604412396 ], [ -2.439891376150146, 56.73375187524055 ], [ -2.439895017631252, 56.733743151297801 ], [ -2.439898688964462, 56.733734432530156 ], [ -2.439902389838209, 56.733725718883562 ], [ -2.43990611994093, 56.733717010304005 ], [ -2.439909878961061, 56.733708306737462 ], [ -2.439913666587035, 56.733699608129918 ], [ -2.439917482507295, 56.733690914427335 ], [ -2.439921326410269, 56.733682225575713 ], [ -2.439925197984401, 56.733673541520993 ], [ -2.439929096918127, 56.733664862209189 ], [ -2.439933022899882, 56.733656187586249 ], [ -2.439936975618106, 56.733647517598165 ], [ -2.439940954761236, 56.733638852190907 ], [ -2.439944960017713, 56.733630191310461 ], [ -2.439948991075971, 56.733621534902788 ], [ -2.439953047624453, 56.733612882913889 ], [ -2.439957129351595, 56.733604235289711 ], [ -2.439961235945842, 56.733595591976247 ], [ -2.439965367095628, 56.733586952919474 ], [ -2.439969522489395, 56.733578318065362 ], [ -2.439973701815584, 56.733569687359903 ], [ -2.439977904762637, 56.733561060749061 ], [ -2.439982131018992, 56.733552438178833 ], [ -2.439986380273091, 56.733543819595155 ], [ -2.439990652213378, 56.73353520494404 ], [ -2.439994946528289, 56.733526594171444 ], [ -2.439999262906273, 56.733517987223365 ], [ -2.440003601035767, 56.733509384045774 ], [ -2.440007960605217, 56.733500784584614 ], [ -2.440012341303062, 56.733492188785917 ], [ -2.440016742817748, 56.733483596595619 ], [ -2.440021164837718, 56.733475007959726 ], [ -2.440025607051416, 56.7334664228242 ], [ -2.440030069147286, 56.733457841135028 ], [ -2.440034550813769, 56.733449262838164 ], [ -2.440039051739313, 56.733440687879607 ], [ -2.440043571612361, 56.733432116205336 ], [ -2.44004811012136, 56.733423547761312 ], [ -2.440052666954751, 56.733414982493521 ], [ -2.440057241800985, 56.73340642034794 ], [ -2.440061834348502, 56.733397861270561 ], [ -2.440066444285753, 56.733389305207353 ], [ -2.440071071301182, 56.733380752104281 ], [ -2.440075715083235, 56.733372201907322 ], [ -2.440080375320359, 56.733363654562474 ], [ -2.440085051701003, 56.733355110015708 ], [ -2.440089743913612, 56.733346568212994 ], [ -2.440094451646634, 56.733338029100324 ], [ -2.44009917458852, 56.733329492623646 ], [ -2.440103912427711, 56.733320958728989 ], [ -2.440108664852664, 56.733312427362257 ], [ -2.44011343155182, 56.733303898469508 ], [ -2.440118212213631, 56.733295371996668 ], [ -2.440123006526551, 56.733286847889737 ], [ -2.44012781417902, 56.733278326094677 ], [ -2.440132634859494, 56.733269806557495 ], [ -2.440137468256422, 56.733261289224146 ], [ -2.440142314058251, 56.733252774040615 ], [ -2.440147171953437, 56.733244260952866 ], [ -2.440152041630427, 56.733235749906889 ], [ -2.44015692277767, 56.733227240848677 ], [ -2.440161815083623, 56.733218733724193 ], [ -2.440166718236732, 56.733210228479429 ], [ -2.440171631925452, 56.733201725060333 ], [ -2.440176555838233, 56.733193223412918 ], [ -2.440181489663527, 56.733184723483141 ], [ -2.440186433068306, 56.733176225244186 ], [ -2.440191385749537, 56.733167728631251 ], [ -2.440196347408658, 56.733159233573893 ], [ -2.440201317734118, 56.73315074001809 ], [ -2.440206296414375, 56.733142247909811 ], [ -2.440211283137878, 56.733133757195056 ], [ -2.440216277593084, 56.733125267819787 ], [ -2.440221279468448, 56.733116779729997 ], [ -2.440226288452421, 56.733108292871663 ], [ -2.440231304233458, 56.73309980719074 ], [ -2.440236326500016, 56.73309132263325 ], [ -2.440241354940548, 56.733082839145126 ], [ -2.44024638924351, 56.733074356672383 ], [ -2.440251429097357, 56.733065875160996 ], [ -2.440256474190544, 56.733057394556951 ], [ -2.44026152421153, 56.733048914806197 ], [ -2.440266578848769, 56.733040435854747 ], [ -2.440271637790719, 56.733031957648549 ], [ -2.440276700725835, 56.733023480133603 ], [ -2.440281767342575, 56.7330150032559 ], [ -2.440286837329396, 56.733006526961404 ], [ -2.440291910374754, 56.732998051196091 ], [ -2.440296986167112, 56.732989575905961 ], [ -2.44030206439492, 56.732981101036984 ], [ -2.440307144746643, 56.73297262653513 ], [ -2.440312226910738, 56.732964152346376 ], [ -2.44031731057566, 56.732955678416751 ], [ -2.440322395429872, 56.732947204692181 ], [ -2.440327481161833, 56.732938731118658 ], [ -2.440332567460001, 56.732930257642167 ], [ -2.440337654012837, 56.732921784208692 ], [ -2.4403427405088, 56.732913310764246 ], [ -2.440347826636349, 56.732904837254736 ], [ -2.440352912083949, 56.732896363626217 ], [ -2.440357996540055, 56.732887889824617 ], [ -2.440363079693133, 56.732879415795935 ], [ -2.440368161231639, 56.732870941486176 ], [ -2.44037324084404, 56.732862466841276 ], [ -2.440378318218794, 56.732853991807239 ], [ -2.440383393044363, 56.732845516330059 ], [ -2.440388465009212, 56.732837040355719 ], [ -2.440393533801802, 56.732828563830175 ], [ -2.440398599110595, 56.732820086699412 ], [ -2.440403660624055, 56.732811608909415 ], [ -2.440408718030644, 56.732803130406197 ], [ -2.440413771018826, 56.732794651135684 ], [ -2.440418819277066, 56.732786171043898 ], [ -2.440423862493826, 56.732777690076794 ], [ -2.440428900357573, 56.7327692081804 ], [ -2.44043393255677, 56.732760725300651 ], [ -2.440438958779878, 56.732752241383537 ], [ -2.440443978715368, 56.732743756375051 ], [ -2.440448992051699, 56.732735270221177 ], [ -2.440453998477343, 56.732726782867893 ], [ -2.440458997680761, 56.732718294261161 ], [ -2.440463989350421, 56.732709804347003 ], [ -2.440468973174788, 56.732701313071352 ], [ -2.440473948842331, 56.732692820380258 ], [ -2.440478916041515, 56.732684326219626 ], [ -2.440483874460804, 56.732675830535506 ], [ -2.440488823788669, 56.732667333273831 ], [ -2.44049376371358, 56.732658834380608 ], [ -2.440498693923999, 56.732650333801814 ], [ -2.440503614108395, 56.732641831483406 ], [ -2.440508523955238, 56.732633327371431 ], [ -2.440513423152996, 56.732624821411811 ], [ -2.44051831139014, 56.732616313550537 ], [ -2.440523188388138, 56.732607803739192 ], [ -2.440528054144596, 56.732599291975774 ], [ -2.440532908794731, 56.732590778281505 ], [ -2.440537752474748, 56.732582262677774 ], [ -2.440542585320868, 56.732573745185952 ], [ -2.440547407469308, 56.732565225827415 ], [ -2.440552219056279, 56.732556704623576 ], [ -2.440557020217999, 56.732548181595796 ], [ -2.440561811090682, 56.732539656765447 ], [ -2.440566591810545, 56.732531130153937 ], [ -2.440571362513799, 56.732522601782613 ], [ -2.440576123336665, 56.732514071672874 ], [ -2.440580874415351, 56.732505539846123 ], [ -2.440585615886075, 56.732497006323705 ], [ -2.440590347885051, 56.73248847112702 ], [ -2.440595070548494, 56.732479934277436 ], [ -2.440599784012618, 56.732471395796367 ], [ -2.440604488413634, 56.732462855705172 ], [ -2.44060918388776, 56.732454314025205 ], [ -2.440613870571211, 56.732445770777893 ], [ -2.440618548600197, 56.732437225984597 ], [ -2.440623218110936, 56.732428679666704 ], [ -2.440627879239635, 56.732420131845572 ], [ -2.440632532122513, 56.732411582542618 ], [ -2.440637176895782, 56.732403031779214 ], [ -2.440641813695655, 56.732394479576719 ], [ -2.440646442658346, 56.732385925956535 ], [ -2.440651063920065, 56.732377370940029 ], [ -2.440655677617033, 56.732368814548607 ], [ -2.440660283885451, 56.732360256803609 ], [ -2.44066488286154, 56.732351697726465 ], [ -2.440669474681512, 56.732343137338518 ], [ -2.440674059481574, 56.732334575661177 ], [ -2.440678637397948, 56.732326012715774 ], [ -2.440683208566838, 56.732317448523759 ], [ -2.440687773124459, 56.732308883106455 ], [ -2.440692331207022, 56.732300316485272 ], [ -2.440696882950742, 56.732291748681604 ], [ -2.440701428491827, 56.732283179716795 ], [ -2.44070596796649, 56.732274609612247 ], [ -2.440710501510946, 56.732266038389326 ], [ -2.440715029261404, 56.732257466069434 ], [ -2.440719551354071, 56.73224889267393 ], [ -2.440724067925166, 56.732240318224221 ], [ -2.440728579110894, 56.732231742741675 ], [ -2.440733085047471, 56.732223166247657 ], [ -2.440737585871103, 56.732214588763568 ], [ -2.440742081718005, 56.732206010310783 ], [ -2.440746572724388, 56.732197430910681 ], [ -2.440751059026457, 56.732188850584642 ], [ -2.440755540760429, 56.73218026935406 ], [ -2.440760018062509, 56.732171687240282 ], [ -2.440764491068915, 56.732163104264714 ], [ -2.440768959915845, 56.732154520448745 ], [ -2.440773424739523, 56.732145935813733 ], [ -2.44077788567615, 56.732137350381066 ], [ -2.440782342861936, 56.732128764172138 ], [ -2.440786796433094, 56.732120177208309 ], [ -2.440791246525833, 56.732111589510957 ], [ -2.440795693276361, 56.7321030011015 ], [ -2.440800136820888, 56.732094412001288 ], [ -2.440804577295623, 56.732085822231696 ], [ -2.440809014836779, 56.73207723181411 ], [ -2.440813449580559, 56.73206864076991 ], [ -2.440817881663176, 56.732060049120498 ], [ -2.440822311220837, 56.732051456887227 ], [ -2.440826738389751, 56.732042864091497 ], [ -2.440831163306127, 56.73203427075466 ], [ -2.440835586106174, 56.732025676898132 ], [ -2.440840006926099, 56.732017082543265 ], [ -2.440844425902109, 56.732008487711454 ], [ -2.440848843170418, 56.731999892424071 ], [ -2.440853258867228, 56.731991296702496 ], [ -2.44085767312875, 56.731982700568125 ], [ -2.440862086091191, 56.731974104042322 ], [ -2.440866497890757, 56.731965507146462 ], [ -2.440870908663658, 56.731956909901953 ], [ -2.440875318546102, 56.73194831233014 ], [ -2.440879727674295, 56.731939714452423 ], [ -2.440884136184442, 56.731931116290177 ], [ -2.440888544212753, 56.731922517864781 ], [ -2.440892951895435, 56.731913919197616 ], [ -2.440897359368697, 56.731905320310069 ], [ -2.44090176676874, 56.731896721223514 ], [ -2.440906174231775, 56.731888121959329 ], [ -2.440910581894008, 56.731879522538897 ], [ -2.440914989891644, 56.731870922983596 ], [ -2.440919398360892, 56.731862323314793 ], [ -2.440923807437956, 56.73185372355389 ], [ -2.440928217259041, 56.731845123722259 ], [ -2.440932627960355, 56.731836523841281 ], [ -2.440937039678104, 56.731827923932322 ], [ -2.440941452548494, 56.73181932401679 ], [ -2.44094586670773, 56.731810724116038 ], [ -2.440950282292016, 56.731802124251452 ], [ -2.440954699437561, 56.731793524444406 ], [ -2.440959118280567, 56.731784924716294 ], [ -2.44096353895724, 56.731776325088504 ], [ -2.440967961603786, 56.731767725582387 ], [ -2.440972386356411, 56.731759126219323 ], [ -2.440976813351319, 56.731750527020743 ], [ -2.440981242724713, 56.73174192800797 ], [ -2.4409856746128, 56.731733329202392 ], [ -2.440990109151783, 56.731724730625409 ], [ -2.440994546477866, 56.731716132298381 ], [ -2.440998986727253, 56.731707534242702 ], [ -2.441003430036153, 56.731698936479752 ], [ -2.441007876540765, 56.731690339030898 ], [ -2.441012326377294, 56.731681741917534 ], [ -2.441016779681946, 56.731673145161032 ], [ -2.441021236590923, 56.731664548782746 ], [ -2.441025697240428, 56.731655952804097 ], [ -2.441030161766667, 56.731647357246445 ], [ -2.441034630305839, 56.731638762131169 ], [ -2.441039102994152, 56.731630167479651 ], [ -2.441043579967807, 56.731621573313284 ], [ -2.441048061363007, 56.731612979653413 ], [ -2.441052547315955, 56.731604386521447 ], [ -2.441057037962855, 56.731595793938752 ], [ -2.44106153343991, 56.731587201926708 ], [ -2.44106603388332, 56.731578610506702 ], [ -2.441070539429289, 56.731570019700087 ], [ -2.441075050214021, 56.731561429528291 ], [ -2.441079566373714, 56.73155284001264 ], [ -2.441084088044576, 56.731544251174554 ], [ -2.441088615362805, 56.73153566303538 ], [ -2.441093148464605, 56.731527075616533 ], [ -2.441097687486175, 56.731518488939358 ], [ -2.441102232563718, 56.731509903025255 ], [ -2.441106783833439, 56.731501317895578 ], [ -2.441111341431535, 56.731492733571741 ], [ -2.441115905494209, 56.731484150075097 ], [ -2.441120476157664, 56.731475567427026 ], [ -2.441125053558097, 56.731466985648922 ], [ -2.441129637831714, 56.731458404762165 ], [ -2.441134229114715, 56.7314498247881 ], [ -2.441138827543297, 56.731441245748144 ], [ -2.441143433253664, 56.731432667663654 ], [ -2.441148046382015, 56.731424090556011 ], [ -2.441152667064552, 56.731415514446617 ], [ -2.441157295437475, 56.731406939356823 ], [ -2.441161931636985, 56.731398365308017 ], [ -2.44116657579928, 56.731389792321565 ], [ -2.441171228060562, 56.731381220418868 ], [ -2.441175888557028, 56.731372649621299 ], [ -2.441180557424884, 56.731364079950232 ], [ -2.441185234800324, 56.73135551142704 ], [ -2.44118992081955, 56.731346944073103 ], [ -2.441194615618759, 56.731338377909815 ], [ -2.441199319334154, 56.731329812958542 ], [ -2.441204032101933, 56.731321249240665 ], [ -2.4412087540562, 56.731312686777244 ], [ -2.441213485223916, 56.731304125573793 ], [ -2.441218225475848, 56.73129556561306 ], [ -2.441222974670424, 56.73128700687603 ], [ -2.441227732666071, 56.731278449343684 ], [ -2.441232499321215, 56.731269892996991 ], [ -2.441237274494282, 56.731261337816946 ], [ -2.441242058043699, 56.731252783784498 ], [ -2.441246849827893, 56.731244230880641 ], [ -2.441251649705289, 56.731235679086339 ], [ -2.441256457534314, 56.731227128382571 ], [ -2.441261273173396, 56.731218578750322 ], [ -2.441266096480964, 56.731210030170558 ], [ -2.441270927315442, 56.731201482624272 ], [ -2.441275765535259, 56.73119293609242 ], [ -2.44128061099884, 56.731184390555981 ], [ -2.441285463564618, 56.731175845995956 ], [ -2.441290323091016, 56.731167302393274 ], [ -2.441295189436462, 56.731158759728949 ], [ -2.441300062459387, 56.731150217983938 ], [ -2.441304942018218, 56.731141677139235 ], [ -2.441309827971381, 56.73113313717581 ], [ -2.441314720177305, 56.731124598074629 ], [ -2.44131961849442, 56.731116059816699 ], [ -2.441324522781153, 56.731107522382942 ], [ -2.441329432895934, 56.731098985754393 ], [ -2.441334348697192, 56.731090449911981 ], [ -2.441339270043353, 56.731081914836714 ], [ -2.441344196792851, 56.731073380509564 ], [ -2.441349128804109, 56.731064846911494 ], [ -2.441354065935561, 56.73105631402349 ], [ -2.441359008045636, 56.731047781826518 ], [ -2.441363954992761, 56.731039250301563 ], [ -2.441368906635366, 56.731030719429612 ], [ -2.441373862831881, 56.73102218919162 ], [ -2.441378823440738, 56.731013659568582 ], [ -2.441383788320366, 56.731005130541469 ], [ -2.441388757329193, 56.730996602091253 ], [ -2.441393730325651, 56.730988074198926 ], [ -2.441398707168171, 56.73097954684544 ], [ -2.441403687715181, 56.730971020011779 ], [ -2.441408671825112, 56.730962493678938 ], [ -2.441413659356396, 56.730953967827887 ], [ -2.441418650167464, 56.730945442439584 ], [ -2.441423644116747, 56.730936917495015 ], [ -2.441428641062674, 56.73092839297518 ], [ -2.441433640863677, 56.730919868861015 ], [ -2.44143864337819, 56.730911345133521 ], [ -2.441443648464639, 56.730902821773689 ], [ -2.441448655981459, 56.730894298762472 ], [ -2.44145366578708, 56.730885776080854 ], [ -2.441458677739935, 56.730877253709814 ], [ -2.441463691698456, 56.730868731630338 ], [ -2.441468707521075, 56.730860209823376 ], [ -2.441473725066222, 56.730851688269937 ], [ -2.441478744192332, 56.730843166950962 ], [ -2.441483764757834, 56.73083464584748 ], [ -2.441488786621163, 56.730826124940421 ], [ -2.441493809640752, 56.730817604210785 ], [ -2.441498833675031, 56.730809083639521 ], [ -2.441503858582434, 56.730800563207652 ], [ -2.441508884221392, 56.730792042896141 ], [ -2.441513910450344, 56.730783522685932 ], [ -2.441518937127717, 56.73077500255804 ], [ -2.441523964111946, 56.730766482493422 ], [ -2.441528991261464, 56.730757962473064 ], [ -2.441534018434707, 56.730749442477951 ], [ -2.441539045490107, 56.730740922489041 ], [ -2.441544072286096, 56.730732402487327 ], [ -2.441549098681109, 56.730723882453781 ], [ -2.44155412453358, 56.730715362369381 ], [ -2.441559149701944, 56.730706842215099 ], [ -2.441564174044632, 56.730698321971929 ], [ -2.441569197420082, 56.730689801620827 ], [ -2.441574219686725, 56.730681281142793 ], [ -2.441579240703, 56.730672760518779 ], [ -2.441584260327337, 56.730664239729791 ], [ -2.441589278418173, 56.730655718756765 ], [ -2.441594294833941, 56.730647197580744 ], [ -2.441599309433082, 56.730638676182643 ], [ -2.441604322074024, 56.730630154543469 ], [ -2.441609332615203, 56.730621632644194 ], [ -2.44161434091506, 56.730613110465804 ], [ -2.441619346832022, 56.730604587989269 ], [ -2.441624350224531, 56.730596065195563 ], [ -2.44162935095102, 56.730587542065678 ], [ -2.441634348869924, 56.730579018580585 ], [ -2.441639343839683, 56.730570494721242 ], [ -2.441644335718731, 56.730561970468656 ], [ -2.441649324365502, 56.730553445803785 ], [ -2.441654309638432, 56.730544920707622 ], [ -2.441659291395958, 56.730536395161131 ], [ -2.441664269496522, 56.730527869145313 ], [ -2.441669243798554, 56.730519342641117 ], [ -2.441674214160492, 56.730510815629543 ], [ -2.441679180440776, 56.730502288091564 ], [ -2.441684142497837, 56.730493760008137 ], [ -2.441689100190119, 56.730485231360277 ], [ -2.441694053376054, 56.730476702128925 ], [ -2.441699001914081, 56.730468172295097 ], [ -2.441703945662638, 56.730459641839751 ], [ -2.441708884480161, 56.730451110743857 ], [ -2.441713818225091, 56.730442578988402 ], [ -2.441718746755861, 56.730434046554379 ], [ -2.441723669930912, 56.73042551342273 ], [ -2.441728587608682, 56.730416979574478 ], [ -2.441733499647607, 56.730408444990573 ], [ -2.441738405906127, 56.730399909651993 ], [ -2.441743306242681, 56.730391373539732 ], [ -2.441748200515705, 56.730382836634746 ], [ -2.441753088583641, 56.730374298918029 ], [ -2.441757970304925, 56.73036576037056 ], [ -2.441762845537996, 56.730357220973332 ], [ -2.441767714141294, 56.730348680707287 ], [ -2.441772575973256, 56.730340139553427 ], [ -2.441777430892323, 56.730331597492722 ], [ -2.441782278756937, 56.730323054506172 ], [ -2.441787119425531, 56.730314510574715 ], [ -2.441791952756551, 56.730305965679371 ], [ -2.441796778608432, 56.730297419801097 ], [ -2.441801596839614, 56.73028887292088 ], [ -2.44180640730854, 56.730280325019692 ], [ -2.441811209873647, 56.730271776078503 ], [ -2.441816004393377, 56.730263226078307 ], [ -2.44182079072617, 56.730254675000097 ], [ -2.441825568730466, 56.730246122824816 ], [ -2.441830338264705, 56.730237569533465 ], [ -2.441835099187328, 56.730229015107028 ], [ -2.441839851356775, 56.730220459526464 ], [ -2.441844594631489, 56.730211902772773 ], [ -2.441849328869907, 56.730203344826919 ], [ -2.441854053930475, 56.730194785669873 ], [ -2.441858769671631, 56.730186225282644 ], [ -2.441863475951819, 56.730177663646174 ], [ -2.441868172629476, 56.73016910074147 ], [ -2.441872859563046, 56.730160536549512 ], [ -2.441877536610972, 56.730151971051264 ], [ -2.441882203631692, 56.730143404227704 ], [ -2.441886860483653, 56.730134836059811 ], [ -2.441891507025293, 56.730126266528593 ], [ -2.441896143115057, 56.730117695614993 ], [ -2.441900768614138, 56.730109123300373 ], [ -2.441905383495074, 56.73010054958052 ], [ -2.44190998787761, 56.730091974470469 ], [ -2.441914581891587, 56.730083397986476 ], [ -2.441919165666844, 56.730074820144843 ], [ -2.441923739333226, 56.730066240961847 ], [ -2.441928303020576, 56.730057660453809 ], [ -2.441932856858733, 56.730049078636995 ], [ -2.441937400977536, 56.730040495527717 ], [ -2.441941935506832, 56.730031911142277 ], [ -2.441946460576458, 56.730023325496923 ], [ -2.441950976316257, 56.730014738607991 ], [ -2.44195548285607, 56.730006150491754 ], [ -2.441959980325738, 56.729997561164517 ], [ -2.441964468855098, 56.729988970642545 ], [ -2.441968948573996, 56.729980378942166 ], [ -2.441973419612269, 56.729971786079659 ], [ -2.44197788209976, 56.72996319207131 ], [ -2.441982336166307, 56.729954596933403 ], [ -2.441986781941754, 56.729946000682247 ], [ -2.441991219555936, 56.729937403334148 ], [ -2.441995649138696, 56.729928804905356 ], [ -2.442000070819874, 56.729920205412206 ], [ -2.44200448472931, 56.729911604870971 ], [ -2.442008890996842, 56.729903003297935 ], [ -2.442013289752313, 56.729894400709384 ], [ -2.442017681125557, 56.729885797121661 ], [ -2.442022065246416, 56.729877192550994 ], [ -2.442026442244734, 56.729868587013726 ], [ -2.442030812250341, 56.729859980526108 ], [ -2.442035175393083, 56.729851373104459 ], [ -2.442039531802797, 56.729842764765074 ], [ -2.442043881609322, 56.729834155524223 ], [ -2.442048224942496, 56.729825545398214 ], [ -2.442052561932158, 56.729816934403331 ], [ -2.442056892708147, 56.729808322555854 ], [ -2.442061217400302, 56.729799709872125 ], [ -2.442065536138458, 56.72979109636838 ], [ -2.442069849052457, 56.729782482060948 ], [ -2.442074156272136, 56.729773866966092 ], [ -2.442078457927332, 56.729765251100126 ], [ -2.442082754147882, 56.729756634479322 ], [ -2.442087045063627, 56.729748017119995 ], [ -2.442091330804401, 56.729739399038422 ], [ -2.442095611500045, 56.729730780250897 ], [ -2.442099887280394, 56.729722160773711 ], [ -2.442104158275287, 56.729713540623173 ], [ -2.442108424614558, 56.729704919815546 ], [ -2.442112686428049, 56.729696298367145 ], [ -2.442116943845591, 56.729687676294255 ], [ -2.442121196997026, 56.72967905361314 ], [ -2.442125446012191, 56.729670430340136 ], [ -2.442129691020918, 56.729661806491514 ], [ -2.442133932153047, 56.729653182083567 ], [ -2.442138169538413, 56.729644557132595 ], [ -2.442142403306852, 56.729635931654862 ], [ -2.442146633588202, 56.729627305666696 ], [ -2.442150860512297, 56.72961867918437 ], [ -2.442155084208978, 56.729610052224174 ], [ -2.442159304808073, 56.729601424802397 ], [ -2.442163522439423, 56.729592796935336 ], [ -2.442167737232864, 56.729584168639292 ], [ -2.442171949318228, 56.729575539930551 ], [ -2.442176158825355, 56.729566910825405 ], [ -2.442180365884077, 56.729558281340132 ], [ -2.442184570624228, 56.729549651491027 ], [ -2.442188773175646, 56.729541021294395 ], [ -2.442192973668166, 56.729532390766522 ], [ -2.442197172231621, 56.729523759923701 ], [ -2.442201368995848, 56.729515128782204 ], [ -2.44220556409068, 56.729506497358344 ], [ -2.442209757645954, 56.729497865668421 ], [ -2.4422139497915, 56.729489233728692 ], [ -2.442218140657155, 56.729480601555487 ], [ -2.442222330372755, 56.729471969165054 ], [ -2.44222651906813, 56.729463336573744 ], [ -2.442230706873116, 56.729454703797792 ], [ -2.44223489391755, 56.729446070853513 ], [ -2.442239080331261, 56.729437437757184 ], [ -2.442243266244085, 56.729428804525128 ], [ -2.442247451785855, 56.729420171173587 ], [ -2.442251637086404, 56.72941153771891 ], [ -2.442255822275567, 56.729402904177341 ], [ -2.442260007483176, 56.729394270565194 ], [ -2.442264192839065, 56.729385636898769 ], [ -2.442268378473067, 56.729377003194323 ], [ -2.442272564515012, 56.729368369468183 ], [ -2.442276751094736, 56.729359735736608 ], [ -2.442280938342072, 56.729351102015919 ], [ -2.442285126386849, 56.729342468322386 ], [ -2.442289315358904, 56.72933383467231 ], [ -2.442293505388066, 56.729325201081977 ], [ -2.44229769660417, 56.729316567567686 ], [ -2.442301889137044, 56.729307934145723 ], [ -2.442306083116526, 56.72929930083238 ], [ -2.442310278672442, 56.729290667643923 ], [ -2.442314475934627, 56.729282034596686 ], [ -2.442318675032911, 56.729273401706941 ], [ -2.442322876097129, 56.729264768990966 ], [ -2.442327079257109, 56.729256136465082 ], [ -2.442331284642683, 56.729247504145548 ], [ -2.442335492383682, 56.729238872048661 ], [ -2.44233970260994, 56.729230240190724 ], [ -2.442343915451285, 56.729221608588048 ], [ -2.442348131037548, 56.729212977256864 ], [ -2.44235234949856, 56.729204346213507 ], [ -2.442356570964155, 56.729195715474255 ], [ -2.44236079556416, 56.729187085055408 ], [ -2.442365023428406, 56.729178454973244 ], [ -2.442369254686724, 56.729169825244071 ], [ -2.442373489468943, 56.72916119588416 ], [ -2.442377727904895, 56.729152566909804 ], [ -2.442381970124411, 56.729143938337295 ], [ -2.442386216257317, 56.729135310182954 ], [ -2.442390466433446, 56.729126682463033 ], [ -2.442394720782625, 56.729118055193823 ], [ -2.442398979434687, 56.729109428391638 ], [ -2.442403242519461, 56.729100802072743 ], [ -2.442407510166772, 56.729092176253459 ], [ -2.442411782506456, 56.729083550950044 ], [ -2.442416059668337, 56.729074926178811 ], [ -2.442420341782246, 56.729066301956045 ], [ -2.442424628978013, 56.729057678298034 ], [ -2.442428921385463, 56.729049055221061 ], [ -2.442433219134429, 56.729040432741435 ], [ -2.442437522354737, 56.729031810875426 ], [ -2.442441831176215, 56.729023189639342 ], [ -2.442446145728695, 56.729014569049468 ], [ -2.442450466142005, 56.72900594912209 ], [ -2.442454792545969, 56.728997329873494 ], [ -2.442459125070417, 56.728988711319978 ], [ -2.442463463845177, 56.72898009347783 ], [ -2.442467809000078, 56.728971476363341 ], [ -2.442472160664945, 56.728962859992791 ], [ -2.442476518969611, 56.728954244382486 ], [ -2.4424808840439, 56.728945629548711 ], [ -2.442485256017637, 56.728937015507753 ], [ -2.442489635020653, 56.728928402275912 ], [ -2.442494021182773, 56.728919789869458 ], [ -2.442498414633826, 56.728911178304706 ], [ -2.442502815503638, 56.72890256759792 ], [ -2.442507223922036, 56.728893957765408 ], [ -2.442511640006168, 56.728885348821805 ], [ -2.442516063740345, 56.728876740764619 ], [ -2.442520495029612, 56.728868133581067 ], [ -2.442524933777956, 56.728859527258258 ], [ -2.442529379889366, 56.728850921783298 ], [ -2.442533833267822, 56.728842317143268 ], [ -2.442538293817316, 56.728833713325301 ], [ -2.442542761441832, 56.728825110316471 ], [ -2.442547236045358, 56.72881650810389 ], [ -2.44255171753188, 56.728807906674668 ], [ -2.442556205805385, 56.72879930601588 ], [ -2.442560700769862, 56.728790706114644 ], [ -2.442565202329294, 56.728782106958086 ], [ -2.442569710387671, 56.728773508533259 ], [ -2.442574224848979, 56.728764910827294 ], [ -2.442578745617205, 56.728756313827304 ], [ -2.442583272596339, 56.728747717520349 ], [ -2.442587805690362, 56.728739121893568 ], [ -2.442592344803269, 56.728730526934044 ], [ -2.442596889839044, 56.728721932628886 ], [ -2.442601440701674, 56.7287133389652 ], [ -2.442605997295148, 56.72870474593006 ], [ -2.442610559523454, 56.728696153510612 ], [ -2.442615127290579, 56.728687561693931 ], [ -2.442619700500511, 56.728678970467108 ], [ -2.442624279057239, 56.728670379817267 ], [ -2.442628862864751, 56.72866178973149 ], [ -2.442633451827033, 56.728653200196895 ], [ -2.442638045848077, 56.728644611200579 ], [ -2.442642644831869, 56.728636022729646 ], [ -2.442647248682397, 56.728627434771177 ], [ -2.442651857303651, 56.728618847312305 ], [ -2.442656470599619, 56.728610260340112 ], [ -2.442661088474291, 56.728601673841716 ], [ -2.442665710831654, 56.728593087804192 ], [ -2.442670337575696, 56.728584502214652 ], [ -2.442674968610409, 56.72857591706024 ], [ -2.442679603839781, 56.728567332327977 ], [ -2.4426842431678, 56.728558748005028 ], [ -2.442688886498454, 56.728550164078456 ], [ -2.442693533735734, 56.728541580535406 ], [ -2.442698184783631, 56.728532997362947 ], [ -2.442702839546131, 56.728524414548183 ], [ -2.442707497927227, 56.728515832078237 ], [ -2.442712159830906, 56.728507249940179 ], [ -2.442716825161158, 56.728498668121141 ], [ -2.442721493821975, 56.728490086608204 ], [ -2.442726165717342, 56.72848150538848 ], [ -2.442730840751255, 56.728472924449051 ], [ -2.4427355188277, 56.728464343777063 ], [ -2.442740199850665, 56.728455763359577 ], [ -2.442744883724147, 56.728447183183718 ], [ -2.442749570352132, 56.728438603236569 ], [ -2.44275425963861, 56.72843002350524 ], [ -2.442758951487573, 56.728421443976842 ], [ -2.442763645803008, 56.728412864638472 ], [ -2.44276834248891, 56.728404285477225 ], [ -2.442773041449266, 56.728395706480207 ], [ -2.442777742588069, 56.728387127634527 ], [ -2.44278244580931, 56.728378548927274 ], [ -2.442787151016979, 56.728369970345554 ], [ -2.442791858115067, 56.728361391876476 ], [ -2.442796567007565, 56.728352813507144 ], [ -2.442801277598464, 56.728344235224654 ], [ -2.442805989791754, 56.728335657016103 ], [ -2.442810703491428, 56.728327078868602 ], [ -2.442815418601479, 56.728318500769248 ], [ -2.442820135025894, 56.728309922705151 ], [ -2.442824852668669, 56.728301344663393 ], [ -2.442829571433791, 56.7282927666311 ], [ -2.442834291225256, 56.728284188595367 ], [ -2.442839011947053, 56.728275610543299 ], [ -2.442843733503175, 56.728267032461979 ], [ -2.442848455797614, 56.72825845433853 ], [ -2.442853178734361, 56.728249876160049 ], [ -2.442857902217409, 56.728241297913634 ], [ -2.44286262615075, 56.728232719586401 ], [ -2.442867350438374, 56.72822414116542 ], [ -2.442872074984276, 56.728215562637835 ], [ -2.442876799692451, 56.728206983990724 ], [ -2.442881524466884, 56.728198405211188 ], [ -2.442886249211575, 56.728189826286332 ], [ -2.442890973830511, 56.728181247203267 ], [ -2.442895698227687, 56.728172667949096 ], [ -2.442900422307096, 56.728164088510901 ], [ -2.442905145972731, 56.728155508875822 ], [ -2.442909869128585, 56.728146929030913 ], [ -2.442914591678651, 56.72813834896332 ], [ -2.442919313526922, 56.728129768660125 ], [ -2.442924034577388, 56.728121188108425 ], [ -2.442928754734048, 56.72811260729533 ], [ -2.442933473900892, 56.728104026207951 ], [ -2.442938191981912, 56.728095444833393 ], [ -2.442942908881108, 56.728086863158715 ], [ -2.442947624502466, 56.728078281171072 ], [ -2.442952338749982, 56.728069698857567 ], [ -2.442957051527652, 56.728061116205254 ], [ -2.442961762739468, 56.728052533201264 ], [ -2.442966472289424, 56.728043949832717 ], [ -2.442971180081514, 56.728035366086687 ], [ -2.44297588601973, 56.728026781950312 ], [ -2.442980590008071, 56.728018197410648 ], [ -2.442985291950528, 56.728009612454812 ], [ -2.442989991751095, 56.728001027069951 ], [ -2.442994689313771, 56.72799244124311 ], [ -2.442999384542543, 56.727983854961415 ], [ -2.443004077341409, 56.727975268211971 ], [ -2.443008767614366, 56.727966680981886 ], [ -2.443013455265405, 56.727958093258252 ], [ -2.443018140198523, 56.727949505028164 ], [ -2.443022822317716, 56.72794091627874 ], [ -2.443027501526976, 56.727932326997077 ], [ -2.443032177730297, 56.727923737170286 ], [ -2.443036850831678, 56.727915146785456 ], [ -2.443041520735112, 56.727906555829698 ], [ -2.443046187344597, 56.727897964290129 ], [ -2.443050850564124, 56.727889372153818 ], [ -2.443055510297691, 56.727880779407897 ], [ -2.443060166449293, 56.727872186039463 ], [ -2.443064818922925, 56.727863592035604 ], [ -2.443069467622585, 56.727854997383446 ], [ -2.443074112452269, 56.727846402070064 ], [ -2.443078753315965, 56.72783780608259 ], [ -2.443083390117678, 56.727829209408107 ], [ -2.4430880227614, 56.727820612033732 ], [ -2.443092651151131, 56.727812013946554 ], [ -2.44309727519086, 56.727803415133693 ], [ -2.44310189478459, 56.727794815582222 ], [ -2.443106509836313, 56.727786215279295 ], [ -2.443111120250028, 56.727777614211981 ], [ -2.44311572592973, 56.727769012367354 ], [ -2.443120326779415, 56.727760409732568 ], [ -2.443124922703084, 56.727751806294719 ], [ -2.443129513604727, 56.727743202040898 ], [ -2.443134099388344, 56.727734596958186 ], [ -2.443138679957934, 56.727725991033743 ], [ -2.44314325521749, 56.727717384254618 ], [ -2.443147825071013, 56.72770877660794 ], [ -2.443152389422496, 56.727700168080808 ], [ -2.443156948175941, 56.727691558660318 ], [ -2.443161501240195, 56.727682948334269 ], [ -2.443166048608637, 56.727674337102094 ], [ -2.443170590346393, 56.727665724973242 ], [ -2.443175126520873, 56.727657111957392 ], [ -2.443179657199478, 56.727648498064269 ], [ -2.443184182449617, 56.727639883303603 ], [ -2.44318870233869, 56.727631267685098 ], [ -2.443193216934108, 56.727622651218482 ], [ -2.443197726303271, 56.727614033913447 ], [ -2.443202230513588, 56.727605415779742 ], [ -2.443206729632461, 56.727596796827058 ], [ -2.443211223727297, 56.727588177065151 ], [ -2.443215712865498, 56.727579556503692 ], [ -2.443220197114472, 56.727570935152407 ], [ -2.443224676541624, 56.727562313021039 ], [ -2.443229151214355, 56.727553690119272 ], [ -2.443233621200069, 56.727545066456848 ], [ -2.443238086566175, 56.727536442043458 ], [ -2.443242547380078, 56.727527816888852 ], [ -2.443247003709178, 56.727519191002713 ], [ -2.443251455620882, 56.727510564394777 ], [ -2.443255903182592, 56.727501937074763 ], [ -2.443260346461716, 56.727493309052377 ], [ -2.443264785525657, 56.727484680337334 ], [ -2.443269220441814, 56.727476050939366 ], [ -2.443273651277598, 56.727467420868173 ], [ -2.443278078100411, 56.727458790133497 ], [ -2.443282500977655, 56.727450158745015 ], [ -2.443286919976735, 56.727441526712475 ], [ -2.443291335165057, 56.727432894045585 ], [ -2.443295746610023, 56.727424260754049 ], [ -2.443300154379036, 56.727415626847602 ], [ -2.443304558539499, 56.727406992335951 ], [ -2.443308959158819, 56.727398357228829 ], [ -2.443313356304397, 56.727389721535907 ], [ -2.443317750043636, 56.727381085266956 ], [ -2.443322140443943, 56.727372448431659 ], [ -2.443326527572719, 56.72736381103973 ], [ -2.443330911497365, 56.727355173100939 ], [ -2.443335292285289, 56.727346534624921 ], [ -2.443339670003891, 56.727337895621453 ], [ -2.443344044720575, 56.727329256100219 ], [ -2.443348416502745, 56.727320616070948 ], [ -2.443352785417803, 56.727311975543373 ], [ -2.443357151533154, 56.727303334527178 ], [ -2.443361514916198, 56.727294693032093 ], [ -2.443365875634337, 56.72728605106785 ], [ -2.44337023375498, 56.72727740864412 ], [ -2.443374589345523, 56.727268765770688 ], [ -2.443378942473375, 56.72726012245721 ], [ -2.443383293205934, 56.727251478713434 ], [ -2.443387641610604, 56.727242834549074 ], [ -2.443391987754788, 56.727234189973828 ], [ -2.443396331705886, 56.727225544997424 ], [ -2.443400673531305, 56.727216899629582 ], [ -2.443405013298446, 56.727208253880015 ], [ -2.443409351074706, 56.727199607758436 ], [ -2.443413686927496, 56.727190961274566 ], [ -2.443418020924212, 56.727182314438132 ], [ -2.443422353132258, 56.727173667258818 ], [ -2.443426683619036, 56.727165019746366 ], [ -2.443431012451947, 56.727156371910482 ], [ -2.443435339698396, 56.727147723760893 ], [ -2.443439665425784, 56.727139075307306 ], [ -2.44344398970151, 56.727130426559441 ], [ -2.44344831259298, 56.72712177752701 ], [ -2.443452634167593, 56.727113128219727 ], [ -2.443456954492751, 56.727104478647327 ], [ -2.443461273635856, 56.727095828819515 ], [ -2.443465591664309, 56.727087178745982 ], [ -2.443469908645513, 56.727078528436479 ], [ -2.44347422464687, 56.727069877900703 ], [ -2.44347853973578, 56.727061227148383 ], [ -2.443482853979644, 56.727052576189223 ], [ -2.443487167445862, 56.727043925032959 ], [ -2.44349148020184, 56.727035273689289 ], [ -2.443495792314974, 56.727026622167919 ], [ -2.44350010385267, 56.72701797047857 ], [ -2.443504414882325, 56.727009318630991 ], [ -2.443508725471343, 56.727000666634865 ], [ -2.443513035687122, 56.72699201449992 ], [ -2.443517345597066, 56.726983362235856 ], [ -2.443521655268575, 56.726974709852414 ], [ -2.443525964769047, 56.726966057359306 ], [ -2.443530274165889, 56.726957404766218 ], [ -2.443534583526496, 56.726948752082905 ], [ -2.44353889291827, 56.726940099319059 ], [ -2.44354320240861, 56.7269314464844 ], [ -2.443547512064922, 56.726922793588649 ], [ -2.443551821954601, 56.726914140641505 ], [ -2.44355613214505, 56.726905487652722 ], [ -2.443560442703669, 56.726896834631994 ], [ -2.443564753697857, 56.726888181589032 ], [ -2.443569065195018, 56.726879528533551 ], [ -2.443573377262547, 56.726870875475257 ], [ -2.443577689967849, 56.726862222423883 ], [ -2.44358200337832, 56.726853569389164 ], [ -2.443586317561362, 56.72684491638077 ], [ -2.443590632584376, 56.726836263408444 ], [ -2.443594948514761, 56.726827610481905 ], [ -2.443599265419915, 56.726818957610874 ], [ -2.44360358336724, 56.726810304805035 ], [ -2.443607902424136, 56.726801652074123 ], [ -2.443612222657999, 56.726792999427865 ], [ -2.443616544136234, 56.726784346875959 ], [ -2.443620866926237, 56.726775694428127 ], [ -2.44362519109541, 56.726767042094089 ], [ -2.443629516711149, 56.72675838988355 ], [ -2.443633843840856, 56.726749737806244 ], [ -2.443638172551931, 56.726741085871872 ], [ -2.443642502911771, 56.726732434090152 ], [ -2.443646834987775, 56.726723782470799 ], [ -2.443651168847347, 56.726715131023532 ], [ -2.44365550455788, 56.726706479758064 ], [ -2.443659842186774, 56.726697828684124 ], [ -2.443664181801433, 56.726689177811394 ], [ -2.44366852346925, 56.726680527149625 ], [ -2.443672867257628, 56.726671876708508 ], [ -2.443677213233963, 56.726663226497791 ], [ -2.443681561465656, 56.726654576527167 ], [ -2.443685912020105, 56.726645926806327 ], [ -2.443690264964708, 56.726637277345034 ], [ -2.443694620366863, 56.726628628152966 ], [ -2.443698978293969, 56.726619979239878 ], [ -2.443703338813429, 56.726611330615441 ], [ -2.443707701992634, 56.726602682289403 ], [ -2.443712067898987, 56.726594034271464 ], [ -2.443716436599887, 56.726585386571337 ], [ -2.443720808162728, 56.726576739198748 ], [ -2.443725182654911, 56.726568092163411 ], [ -2.443729560143835, 56.72655944547504 ], [ -2.443733940696896, 56.726550799143368 ], [ -2.443738324381495, 56.726542153178066 ], [ -2.443742711265027, 56.726533507588883 ], [ -2.44374710141489, 56.726524862385517 ], [ -2.443751494898484, 56.726516217577696 ], [ -2.443755891783205, 56.726507573175148 ], [ -2.44376029213645, 56.726498929187571 ], [ -2.44376469602562, 56.726490285624678 ], [ -2.44376910351811, 56.726481642496182 ], [ -2.443773514681319, 56.726472999811811 ], [ -2.443777929582644, 56.726464357581278 ], [ -2.443782348289482, 56.726455715814296 ], [ -2.44378677086923, 56.726447074520571 ], [ -2.443791197389286, 56.726438433709852 ], [ -2.44379562791705, 56.726429793391809 ], [ -2.443800062519915, 56.726421153576169 ], [ -2.44380450126528, 56.726412514272674 ], [ -2.443808944220542, 56.726403875491016 ], [ -2.443813391453098, 56.726395237240894 ], [ -2.443817843030347, 56.726386599532084 ], [ -2.443822299019391, 56.726377962374201 ], [ -2.44382675944873, 56.726369325772595 ], [ -2.443831224269935, 56.726360689723826 ], [ -2.443835693425469, 56.726352054223462 ], [ -2.443840166857788, 56.726343419267053 ], [ -2.443844644509358, 56.726334784850152 ], [ -2.443849126322637, 56.726326150968298 ], [ -2.443853612240082, 56.726317517617069 ], [ -2.443858102204158, 56.726308884792005 ], [ -2.443862596157323, 56.72630025248867 ], [ -2.44386709404204, 56.726291620702597 ], [ -2.443871595800768, 56.726282989429357 ], [ -2.443876101375967, 56.726274358664483 ], [ -2.443880610710099, 56.726265728403561 ], [ -2.443885123745624, 56.726257098642122 ], [ -2.443889640425004, 56.726248469375719 ], [ -2.443894160690698, 56.726239840599909 ], [ -2.443898684485169, 56.726231212310253 ], [ -2.443903211750876, 56.726222584502288 ], [ -2.443907742430281, 56.726213957171595 ], [ -2.443912276465847, 56.726205330313697 ], [ -2.443916813800032, 56.726196703924153 ], [ -2.443921354375298, 56.726188077998529 ], [ -2.443925898134107, 56.726179452532378 ], [ -2.443930445018919, 56.726170827521244 ], [ -2.443934994972198, 56.726162202960673 ], [ -2.443939547936403, 56.726153578846251 ], [ -2.443944103853996, 56.726144955173496 ], [ -2.443948662667439, 56.726136331937987 ], [ -2.443953224319192, 56.726127709135255 ], [ -2.443957788751719, 56.726119086760875 ], [ -2.44396235590748, 56.726110464810375 ], [ -2.443966925728937, 56.726101843279345 ], [ -2.443971498158551, 56.726093222163307 ], [ -2.443976073138787, 56.726084601457821 ], [ -2.443980650612102, 56.726075981158466 ], [ -2.443985230520962, 56.726067361260739 ], [ -2.443989812807826, 56.726058741760255 ], [ -2.443994397415156, 56.726050122652531 ], [ -2.443998984285417, 56.726041503933139 ], [ -2.444003573361069, 56.726032885597611 ], [ -2.444008164584575, 56.726024267641527 ], [ -2.444012757898396, 56.726015650060425 ], [ -2.444017353244996, 56.726007032849864 ], [ -2.444021950566835, 56.725998416005396 ], [ -2.444026549806376, 56.725989799522566 ], [ -2.444031150906083, 56.725981183396925 ], [ -2.444035753808417, 56.725972567624055 ], [ -2.44404035845584, 56.725963952199493 ], [ -2.444044964790818, 56.725955337118783 ], [ -2.444049572755808, 56.725946722377486 ], [ -2.444054182293276, 56.72593810797116 ], [ -2.444058793345686, 56.72592949389535 ], [ -2.444063405855499, 56.725920880145623 ], [ -2.444068019765175, 56.725912266717529 ], [ -2.444072635017182, 56.725903653606601 ], [ -2.444077251553979, 56.725895040808425 ], [ -2.444081869318032, 56.725886428318539 ], [ -2.444086488251801, 56.725877816132488 ], [ -2.444091108297751, 56.725869204245825 ], [ -2.444095729398346, 56.725860592654129 ], [ -2.444100351496045, 56.725851981352932 ], [ -2.444104974533315, 56.725843370337806 ], [ -2.44410959845262, 56.725834759604268 ], [ -2.444114223196419, 56.72582614914792 ], [ -2.444118848707178, 56.725817538964293 ], [ -2.444123474927359, 56.725808929048924 ], [ -2.444128101799428, 56.725800319397393 ], [ -2.444132729265847, 56.725791710005247 ], [ -2.444137357269079, 56.725783100868028 ], [ -2.444141985751588, 56.725774491981298 ], [ -2.444146614655839, 56.725765883340621 ], [ -2.444151243924295, 56.725757274941529 ], [ -2.444155873499417, 56.725748666779602 ], [ -2.44416050332367, 56.725740058850377 ], [ -2.44416513333952, 56.725731451149414 ], [ -2.444169763489431, 56.725722843672244 ], [ -2.444174393715864, 56.725714236414454 ], [ -2.444179023961285, 56.725705629371589 ], [ -2.444183654168157, 56.725697022539194 ], [ -2.444188284278944, 56.725688415912835 ], [ -2.444192914236114, 56.725679809488042 ], [ -2.444197543982125, 56.725671203260411 ], [ -2.444202173459444, 56.725662597225451 ], [ -2.444206802610537, 56.725653991378756 ], [ -2.444211431377866, 56.725645385715829 ], [ -2.444216059703896, 56.725636780232271 ], [ -2.444220687531093, 56.725628174923621 ], [ -2.444225314801919, 56.725619569785444 ], [ -2.444229941458838, 56.725610964813264 ], [ -2.444234567444317, 56.725602360002647 ], [ -2.444239192700821, 56.725593755349166 ], [ -2.444243817170813, 56.72558515084836 ], [ -2.444248440796757, 56.725576546495795 ], [ -2.444253063521122, 56.725567942287007 ], [ -2.444257685286367, 56.725559338217558 ], [ -2.444262306034961, 56.725550734282997 ], [ -2.444266925709365, 56.725542130478892 ], [ -2.444271544252048, 56.725533526800781 ], [ -2.444276161605475, 56.72552492324423 ], [ -2.444280777712108, 56.72551631980479 ], [ -2.444285392514413, 56.72550771647802 ], [ -2.444290005954857, 56.72549911325946 ], [ -2.444294617975903, 56.725490510144674 ], [ -2.444299228520022, 56.725481907129215 ], [ -2.444303837529669, 56.725473304208641 ], [ -2.444308444947318, 56.725464701378499 ], [ -2.44431305071543, 56.725456098634339 ], [ -2.444317654776473, 56.725447495971729 ], [ -2.444322257072912, 56.725438893386226 ], [ -2.444326857547209, 56.725430290873369 ], [ -2.444331456141835, 56.72542168842871 ], [ -2.444336052799254, 56.725413086047816 ], [ -2.44434064746193, 56.725404483726237 ], [ -2.44434524007233, 56.725395881459541 ], [ -2.444349830572921, 56.72538727924325 ], [ -2.444354418906165, 56.725378677072939 ], [ -2.444359005014532, 56.725370074944159 ], [ -2.444363588840487, 56.725361472852477 ], [ -2.444368170326495, 56.725352870793422 ], [ -2.444372749415021, 56.725344268762562 ], [ -2.444377326048532, 56.72533566675547 ], [ -2.444381900169498, 56.725327064767669 ], [ -2.444386471720379, 56.725318462794732 ], [ -2.444391040643645, 56.725309860832205 ], [ -2.444395606881762, 56.725301258875639 ], [ -2.444400170377197, 56.725292656920601 ], [ -2.444404731072413, 56.725284054962628 ], [ -2.44440928890988, 56.725275452997288 ], [ -2.444413843832063, 56.725266851020137 ], [ -2.44441839578143, 56.725258249026723 ], [ -2.444422944700445, 56.725249647012603 ], [ -2.444427490531575, 56.725241044973338 ], [ -2.444432033217289, 56.725232442904463 ], [ -2.444436572700054, 56.72522384080154 ], [ -2.444441108922333, 56.725215238660141 ], [ -2.444445641826597, 56.725206636475811 ], [ -2.44445017135531, 56.725198034244087 ], [ -2.444454697450941, 56.725189431960551 ], [ -2.444459220055956, 56.72518082962074 ], [ -2.444463739112821, 56.725172227220206 ], [ -2.444468254562183, 56.725163624752255 ], [ -2.444472766334325, 56.725155022197328 ], [ -2.444477274355873, 56.725146419531349 ], [ -2.444481778553465, 56.725137816730225 ], [ -2.444486278853724, 56.725129213769883 ], [ -2.444490775183276, 56.725120610626249 ], [ -2.444495267468753, 56.725112007275222 ], [ -2.44449975563678, 56.725103403692721 ], [ -2.444504239613987, 56.725094799854652 ], [ -2.444508719327002, 56.725086195736942 ], [ -2.444513194702453, 56.725077591315518 ], [ -2.444517665666968, 56.725068986566271 ], [ -2.444522132147176, 56.725060381465141 ], [ -2.444526594069705, 56.725051775988028 ], [ -2.444531051361185, 56.725043170110844 ], [ -2.444535503948241, 56.725034563809508 ], [ -2.444539951757503, 56.725025957059948 ], [ -2.444544394715602, 56.725017349838076 ], [ -2.444548832749166, 56.725008742119797 ], [ -2.444553265784821, 56.725000133881046 ], [ -2.444557693749197, 56.724991525097714 ], [ -2.444562116568926, 56.724982915745734 ], [ -2.444566534170631, 56.724974305801013 ], [ -2.444570946480946, 56.724965695239476 ], [ -2.444575353426499, 56.72495708403703 ], [ -2.444579754933918, 56.724948472169601 ], [ -2.444584150929833, 56.724939859613094 ], [ -2.444588541340873, 56.724931246343431 ], [ -2.444592926093667, 56.724922632336522 ], [ -2.444597305114843, 56.724914017568302 ], [ -2.444601678331034, 56.724905402014649 ], [ -2.444606045668866, 56.724896785651531 ], [ -2.444610407054968, 56.724888168454825 ], [ -2.444614762415975, 56.724879550400452 ], [ -2.444619111678509, 56.724870931464331 ], [ -2.444623454769207, 56.724862311622395 ], [ -2.444627791614693, 56.72485369085053 ], [ -2.444632122125809, 56.724845069140287 ], [ -2.444636446227564, 56.724836446469162 ], [ -2.444640763863986, 56.724827822795909 ], [ -2.444645074961707, 56.724819198096405 ], [ -2.444649379447351, 56.724810572346598 ], [ -2.444653677247555, 56.724801945522401 ], [ -2.444657968288942, 56.724793317599698 ], [ -2.444662252498153, 56.72478468855445 ], [ -2.444666529801807, 56.724776058362544 ], [ -2.444670800126539, 56.724767426999897 ], [ -2.444675063398979, 56.724758794442437 ], [ -2.444679319545755, 56.72475016066609 ], [ -2.444683568493502, 56.724741525646735 ], [ -2.444687810168848, 56.724732889360325 ], [ -2.444692044498422, 56.72472425178276 ], [ -2.444696271408856, 56.724715612889959 ], [ -2.44470049082678, 56.724706972657835 ], [ -2.444704702678826, 56.724698331062299 ], [ -2.444708906891626, 56.724689688079295 ], [ -2.444713103391805, 56.72468104368469 ], [ -2.444717292106001, 56.724672397854476 ], [ -2.444721472960838, 56.724663750564481 ], [ -2.444725645882952, 56.724655101790674 ], [ -2.44472981079897, 56.724646451508974 ], [ -2.444733967635528, 56.724637799695266 ], [ -2.444738116319255, 56.724629146325498 ], [ -2.44474225677678, 56.724620491375561 ], [ -2.444746388934736, 56.724611834821395 ], [ -2.444750512719753, 56.724603176638894 ], [ -2.444754628058468, 56.724594516803982 ], [ -2.444758734877503, 56.724585855292588 ], [ -2.444762833125949, 56.724577192086798 ], [ -2.444766922884989, 56.724568527205086 ], [ -2.44477100428396, 56.72455986067915 ], [ -2.444775077452266, 56.724551192540765 ], [ -2.444779142519313, 56.72454252282165 ], [ -2.444783199614506, 56.724533851553524 ], [ -2.444787248867248, 56.724525178768168 ], [ -2.444791290406952, 56.724516504497302 ], [ -2.444795324363014, 56.724507828772651 ], [ -2.444799350864845, 56.724499151626006 ], [ -2.444803370041845, 56.724490473089055 ], [ -2.444807382023424, 56.724481793193554 ], [ -2.444811386938982, 56.72447311197125 ], [ -2.444815384917926, 56.724464429453889 ], [ -2.444819376089662, 56.72445574567319 ], [ -2.44482336058359, 56.724447060660907 ], [ -2.444827338529117, 56.724438374448766 ], [ -2.444831310055648, 56.724429687068522 ], [ -2.444835275292583, 56.724420998551913 ], [ -2.444839234369332, 56.724412308930681 ], [ -2.444843187415294, 56.724403618236565 ], [ -2.444847134559874, 56.72439492650129 ], [ -2.444851075932478, 56.724386233756604 ], [ -2.444855011662501, 56.724377540034261 ], [ -2.444858941879358, 56.72436884536598 ], [ -2.444862866712448, 56.724360149783529 ], [ -2.444866786291171, 56.724351453318612 ], [ -2.444870700744933, 56.724342756002983 ], [ -2.444874610203136, 56.72433405786839 ], [ -2.444878514795183, 56.724325358946565 ], [ -2.444882414650475, 56.724316659269263 ], [ -2.44488630989842, 56.724307958868181 ], [ -2.444890200668417, 56.724299257775129 ], [ -2.444894087089867, 56.724290556021785 ], [ -2.444897969292175, 56.724281853639901 ], [ -2.444901847404743, 56.72427315066124 ], [ -2.444905721556971, 56.724264447117513 ], [ -2.444909591878263, 56.72425574304048 ], [ -2.444913458498019, 56.724247038461868 ], [ -2.444917321545644, 56.724238333413439 ], [ -2.444921181150538, 56.724229627926903 ], [ -2.444925037442102, 56.724220922034029 ], [ -2.444928890549739, 56.724212215766521 ], [ -2.444932740602848, 56.724203509156133 ], [ -2.444936587730832, 56.724194802234614 ], [ -2.444940432063093, 56.724186095033716 ], [ -2.444944273729032, 56.724177387585137 ], [ -2.444948112858047, 56.724168679920666 ], [ -2.444951949579541, 56.724159972071995 ], [ -2.444955784022918, 56.72415126407089 ], [ -2.444959616317572, 56.724142555949079 ], [ -2.444963446592908, 56.724133847738315 ], [ -2.444967274978326, 56.724125139470331 ], [ -2.444971101603225, 56.724116431176867 ], [ -2.444974926597006, 56.724107722889656 ], [ -2.44497875008907, 56.724099014640444 ], [ -2.444982572208814, 56.724090306460972 ], [ -2.444986393085643, 56.724081598382959 ], [ -2.444990212848952, 56.724072890438173 ], [ -2.444994031628144, 56.724064182658353 ], [ -2.444997849552617, 56.724055475075197 ], [ -2.445001666751771, 56.724046767720488 ], [ -2.445005483355004, 56.724038060625965 ], [ -2.445009299491718, 56.724029353823333 ], [ -2.44501311529131, 56.724020647344361 ], [ -2.44501693088318, 56.724011941220759 ], [ -2.445020746396727, 56.724003235484304 ], [ -2.445024561961348, 56.723994530166713 ], [ -2.445028377706444, 56.723985825299707 ], [ -2.445032193742514, 56.723977120909545 ], [ -2.445036010103246, 56.723968416999945 ], [ -2.445039826802826, 56.723959713568959 ], [ -2.445043643855436, 56.723951010614627 ], [ -2.44504746127526, 56.723942308135001 ], [ -2.445051279076485, 56.723933606128128 ], [ -2.445055097273291, 56.723924904592039 ], [ -2.445058915879862, 56.723916203524794 ], [ -2.445062734910384, 56.723907502924455 ], [ -2.445066554379039, 56.723898802789037 ], [ -2.44507037430001, 56.723890103116602 ], [ -2.445074194687484, 56.723881403905182 ], [ -2.44507801555564, 56.723872705152843 ], [ -2.445081836918666, 56.72386400685761 ], [ -2.445085658790742, 56.723855309017537 ], [ -2.445089481186056, 56.723846611630677 ], [ -2.445093304118786, 56.723837914695068 ], [ -2.44509712760312, 56.723829218208749 ], [ -2.445100951653238, 56.723820522169788 ], [ -2.445104776283328, 56.723811826576217 ], [ -2.445108601507572, 56.723803131426074 ], [ -2.445112427340151, 56.723794436717419 ], [ -2.44511625379525, 56.723785742448271 ], [ -2.445120080887053, 56.723777048616718 ], [ -2.445123908629744, 56.72376835522077 ], [ -2.445127737037506, 56.723759662258487 ], [ -2.44513156612452, 56.723750969727902 ], [ -2.445135395904975, 56.723742277627082 ], [ -2.445139226393048, 56.723733585954072 ], [ -2.445143057602927, 56.723724894706884 ], [ -2.445146889548794, 56.723716203883598 ], [ -2.445150722244832, 56.723707513482253 ], [ -2.445154555705226, 56.723698823500889 ], [ -2.445158389944156, 56.723690133937538 ], [ -2.445162224975808, 56.723681444790266 ], [ -2.445166060814366, 56.723672756057134 ], [ -2.445169897474011, 56.723664067736145 ], [ -2.445173734968926, 56.723655379825381 ], [ -2.445177573313299, 56.723646692322852 ], [ -2.445181412521307, 56.723638005226654 ], [ -2.445185252607139, 56.723629318534769 ], [ -2.445189093584974, 56.7236206322453 ], [ -2.445192935468997, 56.723611946356264 ], [ -2.445196778273392, 56.723603260865701 ], [ -2.44520062201234, 56.723594575771678 ], [ -2.445204466700025, 56.723585891072233 ], [ -2.445208312350634, 56.723577206765405 ], [ -2.445212158978344, 56.723568522849227 ], [ -2.44521600659734, 56.72355983932178 ], [ -2.44521985522181, 56.723551156181081 ], [ -2.445223704865931, 56.723542473425191 ], [ -2.445227555543888, 56.723533791052141 ], [ -2.445231407269865, 56.723525109059992 ], [ -2.445235260058045, 56.723516427446775 ], [ -2.445239113922611, 56.723507746210551 ], [ -2.445242968877745, 56.723499065349344 ], [ -2.445246824937631, 56.723490384861215 ], [ -2.445250682116452, 56.723481704744231 ], [ -2.445254540428391, 56.723473024996387 ], [ -2.445258399887633, 56.723464345615774 ], [ -2.445262260508355, 56.723455666600408 ], [ -2.445266122304747, 56.72344698794835 ], [ -2.445269985290989, 56.723438309657631 ], [ -2.445273849481262, 56.723429631726312 ], [ -2.445277714889752, 56.723420954152445 ], [ -2.44528158153064, 56.723412276934049 ], [ -2.44528544941811, 56.72340360006919 ], [ -2.445289318566346, 56.723394923555908 ], [ -2.445293188989526, 56.723386247392249 ], [ -2.44529706070184, 56.72337757157625 ], [ -2.445300933717466, 56.723368896105974 ], [ -2.445304808050587, 56.723360220979458 ], [ -2.445308683715389, 56.723351546194742 ], [ -2.445312560726052, 56.723342871749864 ], [ -2.445316439096758, 56.723334197642906 ], [ -2.445320318841695, 56.723325523871871 ], [ -2.445324199975039, 56.723316850434834 ], [ -2.445328082510977, 56.723308177329812 ], [ -2.44533196646369, 56.72329950455488 ], [ -2.445335851847361, 56.723290832108077 ], [ -2.445339738676174, 56.723282159987427 ], [ -2.445343626964312, 56.723273488191005 ], [ -2.445347516725957, 56.723264816716828 ], [ -2.445351407975287, 56.723256145562971 ], [ -2.445355300726494, 56.723247474727451 ], [ -2.445359194993751, 56.723238804208343 ], [ -2.445363090791247, 56.723230134003657 ], [ -2.445366988133165, 56.723221464111461 ], [ -2.445370887033684, 56.723212794529807 ], [ -2.445374787506987, 56.723204125256729 ], [ -2.44537868956726, 56.723195456290277 ], [ -2.445382593228681, 56.723186787628499 ], [ -2.445386498505437, 56.72317811926942 ], [ -2.445390405411707, 56.723169451211099 ], [ -2.445394313961676, 56.723160783451583 ], [ -2.445398224169524, 56.723152115988931 ], [ -2.445402136049436, 56.723143448821176 ], [ -2.445406049615591, 56.723134781946349 ], [ -2.445409964882178, 56.723126115362518 ], [ -2.445413881863373, 56.723117449067715 ], [ -2.445417800573362, 56.723108783059999 ], [ -2.445421721026326, 56.72310011733741 ], [ -2.445425643236446, 56.723091451897972 ], [ -2.445429567217908, 56.723082786739752 ], [ -2.445433492984894, 56.723074121860797 ], [ -2.445437420551583, 56.72306545725916 ], [ -2.44544134993216, 56.723056792932852 ], [ -2.445445281140806, 56.723048128879945 ], [ -2.445449214191706, 56.723039465098481 ], [ -2.445453149099039, 56.723030801586518 ], [ -2.445457085876988, 56.723022138342088 ], [ -2.445461024539737, 56.72301347536321 ], [ -2.445464965101466, 56.723004812647979 ], [ -2.445468907576359, 56.722996150194398 ], [ -2.445472851978598, 56.722987488000555 ], [ -2.445476798322367, 56.722978826064463 ], [ -2.445480746621844, 56.722970164384158 ], [ -2.445484696891214, 56.722961502957723 ], [ -2.445488649144659, 56.722952841783169 ], [ -2.445492603396363, 56.722944180858576 ], [ -2.445496559660503, 56.722935520181956 ], [ -2.445500517951266, 56.722926859751375 ], [ -2.445504478282833, 56.722918199564873 ], [ -2.445508440669385, 56.722909539620481 ], [ -2.445512405125105, 56.72290087991626 ], [ -2.445516371664175, 56.722892220450269 ], [ -2.445520340300775, 56.72288356122052 ], [ -2.445524311049091, 56.72287490222508 ], [ -2.445528283923303, 56.722866243462001 ], [ -2.445532258937593, 56.722857584929315 ], [ -2.445536236106144, 56.722848926625062 ], [ -2.445540215443136, 56.722840268547301 ], [ -2.445544196962753, 56.722831610694072 ], [ -2.445548180679178, 56.722822953063414 ], [ -2.445552166606587, 56.722814295653393 ], [ -2.44555615475917, 56.722805638462027 ], [ -2.445560145151104, 56.72279698148737 ], [ -2.445564137796572, 56.722788324727489 ], [ -2.445568132709758, 56.722779668180394 ], [ -2.445572129904841, 56.722771011844166 ], [ -2.445576129396003, 56.722762355716824 ], [ -2.445580131197427, 56.722753699796414 ], [ -2.445584135312246, 56.722745044079467 ], [ -2.445588141473777, 56.722736388524808 ], [ -2.445592149136532, 56.722727733052423 ], [ -2.445596157742174, 56.722719077580471 ], [ -2.445600166732364, 56.722710422027134 ], [ -2.445604175548764, 56.722701766310564 ], [ -2.445608183633039, 56.722693110348949 ], [ -2.445612190426852, 56.722684454060456 ], [ -2.445616195371866, 56.72267579736323 ], [ -2.445620197909744, 56.722667140175481 ], [ -2.445624197482157, 56.722658482415355 ], [ -2.445628193530763, 56.722649824001024 ], [ -2.445632185497233, 56.722641164850664 ], [ -2.445636172823235, 56.722632504882441 ], [ -2.445640154950428, 56.722623844014528 ], [ -2.445644131320487, 56.722615182165093 ], [ -2.445648101375075, 56.722606519252302 ], [ -2.445652064555863, 56.722597855194351 ], [ -2.445656020304521, 56.722589189909385 ], [ -2.445659968062715, 56.722580523315571 ], [ -2.445663907272115, 56.722571855331104 ], [ -2.445667837374394, 56.722563185874144 ], [ -2.445671757811221, 56.722554514862857 ], [ -2.445675668024268, 56.722545842215432 ], [ -2.445679567455203, 56.722537167850007 ], [ -2.445683455545704, 56.722528491684791 ], [ -2.445687331737439, 56.72251981363793 ], [ -2.445691195472083, 56.722511133627599 ], [ -2.445695046191311, 56.72250245157197 ], [ -2.445698883336795, 56.722493767389231 ], [ -2.445702706350209, 56.722485080997536 ], [ -2.445706514673229, 56.722476392315059 ], [ -2.445710307747533, 56.72246770125998 ], [ -2.445714085014793, 56.722459007750466 ], [ -2.445717845916686, 56.722450311704684 ], [ -2.44572158989489, 56.722441613040829 ], [ -2.445725316391083, 56.722432911677025 ], [ -2.445729024846943, 56.722424207531489 ], [ -2.445732714704147, 56.722415500522395 ], [ -2.445736385404374, 56.722406790567881 ], [ -2.445740036389305, 56.722398077586149 ], [ -2.445743667100618, 56.722389361495352 ], [ -2.445747276979995, 56.722380642213672 ], [ -2.445750865469117, 56.722371919659274 ], [ -2.445754432009661, 56.722363193750354 ], [ -2.445757976043316, 56.722354464405065 ], [ -2.445761497011759, 56.722345731541573 ], [ -2.445764994356674, 56.722336995078052 ], [ -2.445768467519747, 56.722328254932691 ], [ -2.44577191594266, 56.722319511023656 ], [ -2.445775339067094, 56.722310763269114 ], [ -2.445778736334739, 56.722302011587246 ], [ -2.445782107187277, 56.722293255896233 ], [ -2.445785451066394, 56.72228449611422 ], [ -2.445788767413782, 56.722275732159417 ], [ -2.445792055671118, 56.722266963949963 ], [ -2.445795315280098, 56.722258191404052 ], [ -2.445798545682405, 56.722249414439837 ], [ -2.445801746319728, 56.722240632975527 ], [ -2.445804916633755, 56.722231846929255 ], [ -2.44580805606618, 56.722223056219221 ], [ -2.445811164058689, 56.722214260763579 ], [ -2.445814240052973, 56.722205460480531 ], [ -2.445817283490724, 56.722196655288229 ], [ -2.445820293813632, 56.722187845104834 ], [ -2.445823270463388, 56.722179029848562 ], [ -2.445826212881688, 56.722170209437543 ], [ -2.445829120510222, 56.722161383789981 ], [ -2.445831992790685, 56.722152552824028 ], [ -2.445834829164769, 56.722143716457872 ], [ -2.445837629074171, 56.722134874609672 ], [ -2.445840391960587, 56.722126027197618 ], [ -2.445843117265707, 56.722117174139882 ], [ -2.445845804431232, 56.722108315354625 ], [ -2.44584845289886, 56.722099450760027 ], [ -2.445851062110283, 56.722090580274283 ], [ -2.445853631507202, 56.722081703815533 ], [ -2.445856160531316, 56.72207282130195 ], [ -2.44585864862432, 56.72206393265175 ], [ -2.445861095227918, 56.722055037783065 ], [ -2.445863499962478, 56.722046136649162 ], [ -2.445865865062202, 56.722037229716321 ], [ -2.44586819474339, 56.7220283178399 ], [ -2.445870493271615, 56.722019401884893 ], [ -2.445872764912445, 56.722010482716335 ], [ -2.445875013931448, 56.722001561199264 ], [ -2.445877244594184, 56.721992638198664 ], [ -2.445879461166212, 56.721983714579551 ], [ -2.445881667913087, 56.721974791206968 ], [ -2.445883869100359, 56.721965868945894 ], [ -2.445886068993576, 56.721956948661379 ], [ -2.445888271858279, 56.721948031218403 ], [ -2.44589048196001, 56.72193911748203 ], [ -2.4458927035643, 56.721930208317232 ], [ -2.445894940936683, 56.721921304589031 ], [ -2.445897198342688, 56.721912407162449 ], [ -2.44589948004784, 56.721903516902493 ], [ -2.445901790317655, 56.721894634674172 ], [ -2.445904133417653, 56.721885761342513 ], [ -2.445906513613345, 56.721876897772518 ], [ -2.445908935170242, 56.721868044829186 ], [ -2.445911402353846, 56.721859203377569 ], [ -2.445913919429665, 56.721850374282631 ], [ -2.445916490663191, 56.721841558409416 ], [ -2.445919120319923, 56.721832756622902 ], [ -2.445921812665348, 56.72182396978814 ], [ -2.445924571964957, 56.721815198770109 ], [ -2.445927402484231, 56.721806444433824 ], [ -2.445930308488651, 56.721797707644292 ], [ -2.445933294243695, 56.721788989266507 ], [ -2.445936364014837, 56.721780290165526 ], [ -2.445939522067547, 56.721771611206307 ], [ -2.445942772667289, 56.721762953253865 ], [ -2.445946120079531, 56.721754317173215 ], [ -2.445949568569727, 56.721745703829349 ], [ -2.445953122403342, 56.72173711408729 ], [ -2.445956785845822, 56.721728548812017 ], [ -2.445960563162624, 56.721720008868544 ], [ -2.445964458619193, 56.72171149512188 ], [ -2.445968476480973, 56.721703008437011 ], [ -2.445972621013409, 56.721694549678951 ], [ -2.445976896372225, 56.721686119690588 ], [ -2.445981301909649, 56.721677718347422 ], [ -2.445985830407256, 56.72166934420158 ], [ -2.445990474172576, 56.72166099570979 ], [ -2.445995225513149, 56.721652671328734 ], [ -2.44600007673652, 56.72164436951509 ], [ -2.446005020150238, 56.721636088725568 ], [ -2.446010048061863, 56.721627827416832 ], [ -2.446015152778953, 56.721619584045619 ], [ -2.446020326609086, 56.721611357068589 ], [ -2.446025561859831, 56.721603144942442 ], [ -2.446030850838771, 56.721594946123908 ], [ -2.446036185853493, 56.721586759069645 ], [ -2.446041559211592, 56.72157858223639 ], [ -2.446046963220668, 56.721570414080816 ], [ -2.446052390188319, 56.721562253059645 ], [ -2.446057832422163, 56.721554097629571 ], [ -2.446063282229813, 56.721545946247289 ], [ -2.44606873191889, 56.72153779736955 ], [ -2.446074173797026, 56.721529649453011 ], [ -2.446079600171849, 56.721521500954417 ], [ -2.446085003351004, 56.721513350330461 ], [ -2.44609037564213, 56.72150519603786 ], [ -2.44609570935288, 56.721497036533336 ], [ -2.446100996790912, 56.721488870273603 ], [ -2.446106230263888, 56.721480695715357 ], [ -2.446111402079472, 56.721472511315348 ], [ -2.446116504545345, 56.721464315530284 ], [ -2.446121529969179, 56.721456106816873 ], [ -2.446126470658666, 56.721447883631832 ], [ -2.446131318921494, 56.721439644431925 ], [ -2.446136067065363, 56.721431387673839 ], [ -2.446140707446384, 56.721423111823334 ], [ -2.446145236151847, 56.721414816042348 ], [ -2.446149655585647, 56.721406500671343 ], [ -2.44615396876253, 56.721398166164796 ], [ -2.446158178697241, 56.721389812977144 ], [ -2.44616228840452, 56.721381441562826 ], [ -2.44616630089911, 56.721373052376322 ], [ -2.44617021919575, 56.721364645872058 ], [ -2.446174046309173, 56.721356222504504 ], [ -2.446177785254115, 56.721347782728095 ], [ -2.446181439045307, 56.721339326997281 ], [ -2.446185010697479, 56.721330855766524 ], [ -2.446188503225356, 56.721322369490252 ], [ -2.446191919643665, 56.721313868622943 ], [ -2.446195262967127, 56.721305353619016 ], [ -2.44619853621046, 56.721296824932914 ], [ -2.446201742388384, 56.721288283019085 ], [ -2.446204884515613, 56.721279728332014 ], [ -2.446207965606861, 56.721271161326094 ], [ -2.446210988676834, 56.721262582455807 ], [ -2.446213956740246, 56.721253992175576 ], [ -2.446216872811797, 56.721245390939849 ], [ -2.446219739906194, 56.721236779203061 ], [ -2.446222561038133, 56.721228157419688 ], [ -2.446225339222314, 56.721219526044123 ], [ -2.446228077473432, 56.721210885530866 ], [ -2.44623077880618, 56.7212022363343 ], [ -2.446233446235248, 56.721193578908924 ], [ -2.44623608277532, 56.721184913709124 ], [ -2.446238691441086, 56.721176241189369 ], [ -2.446241275247225, 56.721167561804123 ], [ -2.446243837208419, 56.721158876007784 ], [ -2.446246380339343, 56.721150184254817 ], [ -2.446248907654673, 56.721141486999656 ], [ -2.446251422169081, 56.721132784696756 ], [ -2.446253926897234, 56.721124077800525 ], [ -2.446256424853803, 56.721115366765424 ], [ -2.446258919053444, 56.721106652045883 ], [ -2.446261412510828, 56.721097934096356 ], [ -2.446263908240609, 56.721089213371251 ], [ -2.44626640925744, 56.721080490325051 ], [ -2.446268918575981, 56.721071765412155 ], [ -2.446271439210877, 56.721063039087035 ], [ -2.44627397417678, 56.721054311804082 ], [ -2.446276526488333, 56.721045584017766 ], [ -2.446279099160181, 56.721036856182522 ], [ -2.446281695206963, 56.721028128752785 ], [ -2.446284317643314, 56.721019402182989 ], [ -2.446286969483871, 56.721010676927563 ], [ -2.44628965374327, 56.721001953440954 ], [ -2.446292373436134, 56.720993232177584 ], [ -2.446295131577096, 56.720984513591915 ], [ -2.446297931180776, 56.720975798138355 ], [ -2.446300775261796, 56.720967086271337 ], [ -2.446303666834779, 56.720958378445324 ], [ -2.446306608914338, 56.720949675114724 ], [ -2.446309604515088, 56.720940976733992 ], [ -2.44631265665164, 56.72093228375752 ], [ -2.446315768338603, 56.720923596639786 ], [ -2.446318942590584, 56.720914915835209 ], [ -2.446322182422187, 56.720906241798211 ], [ -2.446325490848014, 56.720897574983226 ], [ -2.446328870882659, 56.720888915844689 ], [ -2.446332325540724, 56.720880264837028 ], [ -2.446335857836799, 56.720871622414677 ], [ -2.446339470785477, 56.720862989032071 ], [ -2.446343167401344, 56.720854365143623 ], [ -2.446346950698991, 56.720845751203775 ], [ -2.446350823693, 56.720837147666941 ], [ -2.446354789397951, 56.72082855498757 ], [ -2.446358850828426, 56.720819973620074 ], [ -2.446363010998998, 56.720811404018882 ], [ -2.446367272924244, 56.720802846638406 ], [ -2.446371639618736, 56.72079430193309 ], [ -2.446376113437727, 56.720785770266779 ], [ -2.446380692997434, 56.720777251489572 ], [ -2.446385375597592, 56.720768745270711 ], [ -2.44639015853648, 56.720760251279259 ], [ -2.446395039112382, 56.72075176918424 ], [ -2.446400014623578, 56.720743298654732 ], [ -2.44640508236835, 56.720734839359721 ], [ -2.446410239644988, 56.720726390968288 ], [ -2.446415483751783, 56.720717953149496 ], [ -2.446420811987024, 56.720709525572346 ], [ -2.446426221649005, 56.720701107905917 ], [ -2.446431710036024, 56.720692699819239 ], [ -2.44643727444638, 56.720684300981354 ], [ -2.446442912178373, 56.720675911061313 ], [ -2.446448620530306, 56.720667529728161 ], [ -2.446454396800485, 56.720659156650953 ], [ -2.446460238287221, 56.72065079149872 ], [ -2.446466142288819, 56.720642433940512 ], [ -2.446472106103597, 56.720634083645415 ], [ -2.446478127029865, 56.720625740282408 ], [ -2.446484202365942, 56.720617403520613 ], [ -2.446490329410148, 56.720609073029017 ], [ -2.446496505460802, 56.720600748476706 ], [ -2.446502727816231, 56.720592429532722 ], [ -2.446508993774758, 56.720584115866103 ], [ -2.44651530063471, 56.720575807145927 ], [ -2.446521645694422, 56.72056750304121 ], [ -2.446528026252221, 56.720559203221036 ], [ -2.446534439606442, 56.72055090735445 ], [ -2.446540883055426, 56.720542615110496 ], [ -2.446547353897507, 56.720534326158244 ], [ -2.44655384943103, 56.720526040166739 ], [ -2.446560366954332, 56.720517756805016 ], [ -2.446566903765765, 56.720509475742155 ], [ -2.446573457163673, 56.720501196647227 ], [ -2.446580024446403, 56.720492919189255 ], [ -2.446586602912312, 56.720484643037317 ], [ -2.446593189859752, 56.720476367860449 ], [ -2.446599782587076, 56.720468093327732 ], [ -2.446606378392643, 56.720459819108228 ], [ -2.446612974574816, 56.720451544870961 ], [ -2.446619568431952, 56.720443270285053 ], [ -2.44662615726242, 56.720434995019495 ], [ -2.446632738364584, 56.720426718743397 ], [ -2.446639309036815, 56.720418441125808 ], [ -2.446645866577481, 56.720410161835787 ], [ -2.446652408284956, 56.720401880542397 ], [ -2.446658931457614, 56.720393596914697 ], [ -2.446665433393833, 56.720385310621765 ], [ -2.446671911391995, 56.720377021332681 ], [ -2.446678362750474, 56.720368728716458 ], [ -2.446684784767662, 56.720360432442199 ], [ -2.446691174741937, 56.720352132178967 ], [ -2.446697529971691, 56.720343827595819 ], [ -2.446703847755315, 56.720335518361829 ], [ -2.446710125391198, 56.720327204146088 ], [ -2.446716360177736, 56.720318884617626 ], [ -2.446722549413326, 56.720310559445515 ], [ -2.446728690396364, 56.720302228298863 ], [ -2.446734780425258, 56.720293890846705 ], [ -2.446740816798401, 56.720285546758134 ], [ -2.446746796814205, 56.720277195702195 ], [ -2.446752717771076, 56.72026883734798 ], [ -2.446758576967423, 56.720260471364561 ], [ -2.446764371701659, 56.720252097420982 ], [ -2.446770099272197, 56.720243715186363 ], [ -2.446775756977457, 56.720235324329742 ], [ -2.446781342115852, 56.720226924520205 ], [ -2.446786851985808, 56.720218515426836 ], [ -2.446792283885746, 56.720210096718702 ], [ -2.446797635114093, 56.720201668064853 ], [ -2.446802903477539, 56.720193229193946 ], [ -2.446808089455976, 56.720184780147818 ], [ -2.446813194405038, 56.720176321070909 ], [ -2.446818219680877, 56.720167852107757 ], [ -2.446823166639628, 56.720159373402836 ], [ -2.446828036637434, 56.720150885100679 ], [ -2.446832831030442, 56.720142387345781 ], [ -2.446837551174786, 56.720133880282667 ], [ -2.446842198426606, 56.720125364055839 ], [ -2.44684677414204, 56.720116838809794 ], [ -2.446851279677225, 56.720108304689063 ], [ -2.446855716388297, 56.720099761838135 ], [ -2.446860085631389, 56.72009121040152 ], [ -2.446864388762636, 56.720082650523729 ], [ -2.44686862713817, 56.720074082349264 ], [ -2.446872802114122, 56.720065506022642 ], [ -2.446876915046623, 56.720056921688347 ], [ -2.446880967291803, 56.720048329490915 ], [ -2.446884960205788, 56.720039729574836 ], [ -2.446888895144706, 56.720031122084606 ], [ -2.446892773464683, 56.720022507164735 ], [ -2.446896596521844, 56.720013884959748 ], [ -2.446900365672314, 56.720005255614119 ], [ -2.446904082272212, 56.719996619272379 ], [ -2.446907747677662, 56.719987976079025 ], [ -2.446911363244787, 56.719979326178539 ], [ -2.446914930329701, 56.719970669715451 ], [ -2.446918450288526, 56.719962006834251 ], [ -2.446921924477377, 56.719953337679456 ], [ -2.446925354252369, 56.719944662395541 ], [ -2.446928740969621, 56.719935981127037 ], [ -2.446932085985241, 56.719927294018447 ], [ -2.446935390655347, 56.719918601214246 ], [ -2.446938656336046, 56.719909902858952 ], [ -2.446941884383452, 56.719901199097073 ], [ -2.446945076153668, 56.719892490073107 ], [ -2.446948233002808, 56.719883775931542 ], [ -2.446951356286973, 56.71987505681691 ], [ -2.446954447362274, 56.719866332873679 ], [ -2.446957507584813, 56.719857604246378 ], [ -2.446960538310691, 56.719848871079492 ], [ -2.446963540896014, 56.719840133517522 ], [ -2.44696651669688, 56.719831391704965 ], [ -2.44696946706939, 56.719822645786316 ], [ -2.446972393369638, 56.719813895906114 ], [ -2.446975296953728, 56.719805142208813 ], [ -2.446978179177752, 56.719796384838943 ], [ -2.446981041397807, 56.719787623940988 ], [ -2.446983884969983, 56.719778859659449 ], [ -2.446986711250375, 56.71977009213883 ], [ -2.446989521595076, 56.719761321523634 ], [ -2.446992317360171, 56.71975254795835 ], [ -2.446995099901756, 56.719743771587481 ], [ -2.446997870575911, 56.71973499255553 ], [ -2.447000630738728, 56.719726211006986 ], [ -2.447003381746289, 56.719717427086366 ], [ -2.447006124954679, 56.719708640938158 ], [ -2.44700886171998, 56.719699852706853 ], [ -2.447011593398276, 56.719691062536974 ], [ -2.447014321345645, 56.719682270572982 ], [ -2.447017046918169, 56.719673476959407 ], [ -2.447019771471922, 56.719664681840726 ], [ -2.447022496362984, 56.719655885361448 ], [ -2.447025222947429, 56.719647087666075 ], [ -2.447027952581333, 56.719638288899084 ], [ -2.447030686620767, 56.719629489204991 ], [ -2.447033426421803, 56.719620688728298 ], [ -2.447036173340513, 56.719611887613489 ], [ -2.447038928732965, 56.719603086005058 ], [ -2.447041693874509, 56.719594284042017 ], [ -2.447044469362, 56.719585481817006 ], [ -2.447047255452877, 56.719576679399559 ], [ -2.447050052402072, 56.719567876859017 ], [ -2.447052860464508, 56.719559074264708 ], [ -2.447055679895109, 56.719550271685989 ], [ -2.447058510948799, 56.71954146919218 ], [ -2.447061353880501, 56.719532666852594 ], [ -2.447064208945142, 56.719523864736637 ], [ -2.447067076397643, 56.719515062913594 ], [ -2.44706995649293, 56.719506261452828 ], [ -2.447072849485922, 56.719497460423661 ], [ -2.447075755631546, 56.719488659895447 ], [ -2.447078675184726, 56.719479859937522 ], [ -2.447081608400378, 56.719471060619213 ], [ -2.447084555533428, 56.719462262009849 ], [ -2.4470875168388, 56.719453464178812 ], [ -2.447090492571414, 56.719444667195397 ], [ -2.447093482986193, 56.719435871128965 ], [ -2.447096488338056, 56.719427076048852 ], [ -2.447099508881927, 56.719418282024378 ], [ -2.447102544872726, 56.719409489124907 ], [ -2.447105596565371, 56.719400697419765 ], [ -2.447108664214789, 56.719391906978288 ], [ -2.447111748075895, 56.719383117869803 ], [ -2.447114848403612, 56.719374330163681 ], [ -2.447117965452859, 56.719365543929236 ], [ -2.447121099478555, 56.719356759235815 ], [ -2.447124250735622, 56.71934797615274 ], [ -2.447127419478978, 56.719339194749359 ], [ -2.447130605963543, 56.719330415095008 ], [ -2.447133810444232, 56.719321637259057 ], [ -2.447137033175971, 56.71931286131079 ], [ -2.447140274413673, 56.719304087319578 ], [ -2.447143534412256, 56.719295315354742 ], [ -2.447146813426642, 56.719286545485645 ], [ -2.447150111711746, 56.719277777781592 ], [ -2.447153429522489, 56.719269012311941 ], [ -2.447156767113786, 56.719260249146032 ], [ -2.447160124740554, 56.719251488353194 ], [ -2.44716350265771, 56.719242730002748 ], [ -2.447166901120172, 56.719233974164069 ], [ -2.447170320382857, 56.719225220906473 ], [ -2.447173760700682, 56.719216470299294 ], [ -2.447177222328562, 56.71920772241188 ], [ -2.447180705521413, 56.719198977313567 ], [ -2.447184210534152, 56.719190235073683 ], [ -2.447187737621695, 56.719181495761582 ], [ -2.447191287038955, 56.719172759446572 ], [ -2.44719485904085, 56.719164026198008 ], [ -2.447198453882295, 56.719155296085241 ], [ -2.447202071818204, 56.719146569177596 ], [ -2.447205713103491, 56.719137845544395 ], [ -2.447209377993071, 56.719129125255002 ], [ -2.44721306674186, 56.719120408378735 ], [ -2.447216779604772, 56.719111694984939 ], [ -2.44722051683672, 56.719102985142939 ], [ -2.447224278692616, 56.7190942789221 ], [ -2.447228065427377, 56.719085576391713 ], [ -2.447231877295914, 56.719076877621163 ], [ -2.44723571455314, 56.719068182679756 ], [ -2.447239577453971, 56.719059491636841 ], [ -2.447243466253318, 56.719050804561761 ], [ -2.447247381206092, 56.719042121523835 ], [ -2.447251322567206, 56.719033442592405 ], [ -2.447255290591575, 56.719024767836807 ], [ -2.447259285534111, 56.719016097326381 ], [ -2.44726330764972, 56.719007431130478 ], [ -2.447267357193321, 56.718998769318397 ], [ -2.447271434419037, 56.71899011195935 ], [ -2.447275539398488, 56.718981459084112 ], [ -2.447279671787785, 56.718972810636174 ], [ -2.447283831185518, 56.71896416654689 ], [ -2.44728801719027, 56.718955526747642 ], [ -2.447292229400631, 56.718946891169793 ], [ -2.447296467415185, 56.718938259744739 ], [ -2.44730073083252, 56.718929632403835 ], [ -2.447305019251223, 56.718921009078464 ], [ -2.447309332269881, 56.71891238969998 ], [ -2.447313669487086, 56.718903774199788 ], [ -2.447318030501424, 56.718895162509241 ], [ -2.447322414911485, 56.71888655455971 ], [ -2.447326822315856, 56.718877950282582 ], [ -2.447331252313129, 56.718869349609207 ], [ -2.447335704501894, 56.718860752470988 ], [ -2.44734017848074, 56.718852158799294 ], [ -2.447344673848257, 56.718843568525457 ], [ -2.44734919020304, 56.718834981580926 ], [ -2.447353727143676, 56.718826397896997 ], [ -2.447358284268758, 56.718817817405103 ], [ -2.447362861176879, 56.718809240036585 ], [ -2.447367457466631, 56.718800665722831 ], [ -2.447372072736606, 56.718792094395205 ], [ -2.447376706585398, 56.718783525985103 ], [ -2.4473813586116, 56.718774960423865 ], [ -2.447386028413804, 56.718766397642881 ], [ -2.447390715590609, 56.718757837573548 ], [ -2.447395419740605, 56.718749280147208 ], [ -2.447400140462387, 56.718740725295234 ], [ -2.44740487735455, 56.718732172949039 ], [ -2.447409630015693, 56.718723623039971 ], [ -2.447414398044408, 56.718715075499389 ], [ -2.447419181039291, 56.718706530258693 ], [ -2.447423978598941, 56.718697987249257 ], [ -2.447428790321952, 56.71868944640245 ], [ -2.447433615806922, 56.718680907649627 ], [ -2.447438454652451, 56.718672370922192 ], [ -2.447443306457134, 56.718663836151507 ], [ -2.447448170819568, 56.718655303268946 ], [ -2.447453047338354, 56.718646772205886 ], [ -2.44745793561209, 56.718638242893711 ], [ -2.447462835239374, 56.718629715263795 ], [ -2.447467745818805, 56.718621189247479 ], [ -2.447472666948986, 56.718612664776195 ], [ -2.447477598228512, 56.71860414178127 ], [ -2.447482539255989, 56.718595620194108 ], [ -2.447487489630015, 56.71858709994607 ], [ -2.447492448949189, 56.71857858096854 ], [ -2.447497416812113, 56.718570063192892 ], [ -2.447502392817391, 56.71856154655049 ], [ -2.447507376563625, 56.718553030972728 ], [ -2.447512367649413, 56.718544516390985 ], [ -2.447517365673363, 56.718536002736606 ], [ -2.447522370234076, 56.718527489940989 ], [ -2.447527380930152, 56.718518977935517 ], [ -2.4475323973602, 56.718510466651544 ], [ -2.447537419122822, 56.718501956020461 ], [ -2.447542445816619, 56.718493445973657 ], [ -2.447547477040201, 56.718484936442479 ], [ -2.447552512392167, 56.718476427358318 ], [ -2.447557551471128, 56.718467918652536 ], [ -2.447562593875685, 56.718459410256564 ], [ -2.447567639204447, 56.718450902101694 ], [ -2.447572687056018, 56.718442394119371 ], [ -2.447577737029006, 56.718433886240945 ], [ -2.447582788722018, 56.718425378397797 ], [ -2.447587841733659, 56.718416870521281 ], [ -2.447592895662537, 56.718408362542817 ], [ -2.447597950107264, 56.718399854393745 ], [ -2.447603004668762, 56.718391346005781 ], [ -2.447608059063269, 56.718382837326317 ], [ -2.447613113173251, 56.718374328325382 ], [ -2.447618166894105, 56.718365818974803 ], [ -2.447623220121219, 56.71835730924635 ], [ -2.447628272749994, 56.718348799111844 ], [ -2.447633324675824, 56.718340288543082 ], [ -2.447638375794099, 56.718331777511871 ], [ -2.447643426000222, 56.718323265990009 ], [ -2.447648475189582, 56.718314753949294 ], [ -2.447653523257577, 56.718306241361539 ], [ -2.447658570099604, 56.718297728198522 ], [ -2.447663615611055, 56.718289214432076 ], [ -2.447668659687327, 56.718280700033965 ], [ -2.447673702223817, 56.718272184976037 ], [ -2.447678743115919, 56.718263669230055 ], [ -2.44768378225903, 56.718255152767838 ], [ -2.447688819548544, 56.718246635561194 ], [ -2.44769385487986, 56.718238117581905 ], [ -2.447698888148371, 56.718229598801784 ], [ -2.447703919249476, 56.718221079192638 ], [ -2.447708948078568, 56.718212558726243 ], [ -2.447713974531044, 56.718204037374448 ], [ -2.447718998502304, 56.718195515109031 ], [ -2.44772401988774, 56.718186991901767 ], [ -2.447729038582751, 56.718178467724506 ], [ -2.447734054482731, 56.718169942549011 ], [ -2.44773906748308, 56.718161416347094 ], [ -2.447744077479194, 56.718152889090582 ], [ -2.44774908436647, 56.718144360751239 ], [ -2.447754088040301, 56.718135831300891 ], [ -2.44775908839609, 56.718127300711338 ], [ -2.447764085329231, 56.718118768954376 ], [ -2.447769078735119, 56.718110236001813 ], [ -2.447774068509155, 56.718101701825439 ], [ -2.447779054546735, 56.718093166397061 ], [ -2.447784036743256, 56.718084629688505 ], [ -2.447789014994116, 56.718076091671541 ], [ -2.447793989194713, 56.718067552317976 ], [ -2.447798959240442, 56.718059011599635 ], [ -2.447803925026705, 56.71805046948829 ], [ -2.447808886448895, 56.71804192595576 ], [ -2.447813843402414, 56.718033380973857 ], [ -2.447818795782658, 56.71802483451436 ], [ -2.447823743485026, 56.71801628654908 ], [ -2.447828686404915, 56.718007737049838 ], [ -2.447833624437725, 56.717999185988404 ], [ -2.447838557478852, 56.717990633336598 ], [ -2.447843485423694, 56.717982079066218 ], [ -2.447848408167653, 56.717973523149077 ], [ -2.447853325606125, 56.717964965556966 ], [ -2.447858237634508, 56.717956406261685 ], [ -2.447863144148202, 56.717947845235059 ], [ -2.447868045042605, 56.71793928244886 ], [ -2.447872940213116, 56.717930717874907 ], [ -2.447877829555136, 56.717922151485006 ], [ -2.447882712964059, 56.717913583250954 ], [ -2.447887590335289, 56.717905013144545 ], [ -2.447892461564224, 56.717896441137583 ], [ -2.447897326546263, 56.717887867201881 ], [ -2.447902185176805, 56.717879291309245 ], [ -2.447907037351249, 56.717870713431466 ], [ -2.447911882964995, 56.717862133540343 ], [ -2.447916721913442, 56.717853551607696 ], [ -2.447921554091992, 56.717844967605309 ], [ -2.447926379396041, 56.717836381505009 ], [ -2.447931197720992, 56.717827793278566 ], [ -2.447936008962244, 56.717819202897807 ], [ -2.447940813015195, 56.717810610334517 ], [ -2.447945609775248, 56.717802015560522 ], [ -2.447950399137803, 56.7177934185476 ], [ -2.447955180998259, 56.717784819267564 ], [ -2.447959955252015, 56.717776217692226 ], [ -2.447964721794475, 56.717767613793377 ], [ -2.447969480521036, 56.717759007542831 ], [ -2.4479742313271, 56.717750398912372 ], [ -2.447978974108069, 56.717741787873813 ], [ -2.447983708759342, 56.717733174398965 ], [ -2.44798842800901, 56.71772455908873 ], [ -2.447993055790834, 56.717715948582402 ], [ -2.447997477701801, 56.717707352884275 ], [ -2.448001578924008, 56.717698782035129 ], [ -2.448005244639656, 56.717690246075712 ], [ -2.44800836003105, 56.717681755046776 ], [ -2.4480108102806, 56.717673318989128 ], [ -2.448012480570814, 56.717664947943533 ], [ -2.448013256084294, 56.717656651950769 ], [ -2.448013022003734, 56.717648441051594 ], [ -2.448011663511916, 56.717640325286737 ], [ -2.448009066091358, 56.717632314666652 ], [ -2.44800518963476, 56.717624411686991 ], [ -2.448000165745623, 56.717616601502208 ], [ -2.447994150169477, 56.717608866828563 ], [ -2.447987298651735, 56.717601190382346 ], [ -2.447979766937673, 56.71759355487989 ], [ -2.447971710772464, 56.717585943037484 ], [ -2.447963285901156, 56.717578337571489 ], [ -2.447954648068703, 56.717570721198321 ], [ -2.447945953019935, 56.717563076634384 ], [ -2.447937356499582, 56.717555386596182 ], [ -2.447929014252258, 56.717547633800223 ], [ -2.447921082022473, 56.71753980096306 ], [ -2.447913715554607, 56.717531870801274 ], [ -2.44790707059293, 56.717523826031496 ], [ -2.447901287031611, 56.71751565125868 ], [ -2.447896371526924, 56.717507346961042 ], [ -2.447892264080611, 56.717498921557727 ], [ -2.447888904199162, 56.717490383526851 ], [ -2.4478869807859, 56.717484164423027 ] ] ], [ [ [ -2.447882554711596, 56.717291376465496 ], [ -2.447882502346935, 56.71729111018891 ], [ -2.44788039030493, 56.717282228862302 ], [ -2.447877930988964, 56.717273394205009 ], [ -2.447875133406221, 56.717264606094751 ], [ -2.447872006563878, 56.717255864409267 ], [ -2.447868559469099, 56.717247169026273 ], [ -2.44786480112904, 56.717238519823496 ], [ -2.447860740550847, 56.717229916678654 ], [ -2.447856386741651, 56.717221359469477 ], [ -2.447851748708578, 56.717212848073672 ], [ -2.447846835458743, 56.717204382368962 ], [ -2.447841655999249, 56.71719596223307 ], [ -2.447836219337189, 56.717187587543719 ], [ -2.447830534479649, 56.717179258178611 ], [ -2.447824610433705, 56.717170974015488 ], [ -2.447818456206419, 56.717162734932053 ], [ -2.447812080804848, 56.717154540806021 ], [ -2.447805493236041, 56.717146391515115 ], [ -2.447798702507034, 56.717138286937065 ], [ -2.447791717624856, 56.717130226949585 ], [ -2.447784547596527, 56.717122211430379 ], [ -2.447777201429055, 56.717114240257196 ], [ -2.447769688129447, 56.717106313307752 ], [ -2.447762016704695, 56.717098430459778 ], [ -2.447754196161783, 56.717090591590996 ], [ -2.447746235507687, 56.717082796579128 ], [ -2.447738143749376, 56.717075045301904 ], [ -2.447729929893813, 56.717067337637083 ], [ -2.447721602947948, 56.717059673462366 ], [ -2.447713171918727, 56.717052052655511 ], [ -2.447704645813083, 56.717044475094248 ], [ -2.447696033637952, 56.717036940656321 ], [ -2.447687344400249, 56.717029449219481 ], [ -2.447678587106888, 56.717022000661437 ], [ -2.447669770764781, 56.717014594859982 ], [ -2.447660904380821, 56.71700723169284 ], [ -2.447651996961905, 56.716999911037774 ], [ -2.447643057514912, 56.716992632772538 ], [ -2.447634095046721, 56.716985396774895 ], [ -2.44762511856421, 56.716978202922597 ], [ -2.4476242001458, 56.716977471599584 ], [ -2.447624873579461, 56.716977966541783 ], [ -2.447634993623718, 56.716985112254484 ], [ -2.447645433220254, 56.716992241467452 ], [ -2.44765614511669, 56.716999360144179 ], [ -2.447667082060605, 56.717006474248151 ], [ -2.447678196799561, 56.717013589742898 ], [ -2.447689442081086, 56.717020712591982 ], [ -2.447700770652682, 56.717027848758903 ], [ -2.44771213526182, 56.717035004207247 ], [ -2.447723488655948, 56.717042184900635 ], [ -2.447734783582477, 56.717049396802615 ], [ -2.447745972788799, 56.717056645876838 ], [ -2.447757009022273, 56.717063938086909 ], [ -2.447767845030223, 56.717071279396521 ], [ -2.447778433559952, 56.717078675769287 ], [ -2.447788727358721, 56.717086133168941 ], [ -2.447798679173764, 56.71709365755914 ], [ -2.447808241752278, 56.717101254903596 ], [ -2.447817367841426, 56.717108931166052 ], [ -2.447826010188335, 56.717116692310199 ], [ -2.447834121540085, 56.717124544299786 ], [ -2.447841654643726, 56.717132493098561 ], [ -2.447848562246256, 56.717140544670229 ], [ -2.447854797279934, 56.717148704951832 ], [ -2.4478603377599, 56.717156976259098 ], [ -2.447865211917512, 56.71716535365811 ], [ -2.447869453968884, 56.717173831350834 ], [ -2.447873098130151, 56.717182403539283 ], [ -2.447876178617471, 56.717191064425442 ], [ -2.447878729647014, 56.717199808211269 ], [ -2.447880785434981, 56.717208629098742 ], [ -2.447882380197591, 56.717217521289797 ], [ -2.44788354815109, 56.717226478986383 ], [ -2.447884323511756, 56.717235496390444 ], [ -2.447884740495888, 56.717244567703908 ], [ -2.447884833319815, 56.717253687128732 ], [ -2.4478846361999, 56.717262848866795 ], [ -2.447884183352535, 56.717272047120062 ], [ -2.44788350899414, 56.717281276090453 ], [ -2.447882647341173, 56.717290529979906 ], [ -2.447882554711596, 56.717291376465496 ] ] ], [ [ [ -2.447590822467094, 56.716951005157057 ], [ -2.44758935859267, 56.716949841098803 ], [ -2.447580785499058, 56.716942838822483 ], [ -2.447572637115684, 56.716935858269977 ], [ -2.447565068576285, 56.716928891840332 ], [ -2.447558235014495, 56.716921931932603 ], [ -2.447552291563838, 56.716914970945894 ], [ -2.447547393357728, 56.716908001279315 ], [ -2.447543695529476, 56.716901015331963 ], [ -2.447541353212271, 56.716894005502915 ], [ -2.447540521539189, 56.716886964191261 ], [ -2.447541333733486, 56.716879883894272 ], [ -2.447543706768945, 56.716872758079113 ], [ -2.447547434426953, 56.716865580765536 ], [ -2.447552309058656, 56.716858345979595 ], [ -2.447558123015343, 56.716851047747447 ], [ -2.447564668648444, 56.71684368009516 ], [ -2.447571738309541, 56.716836237048895 ], [ -2.447579124350371, 56.716828712634843 ], [ -2.447586619122817, 56.71682110087923 ], [ -2.447594014978928, 56.716813395808337 ], [ -2.447601104270915, 56.716805591448498 ], [ -2.447607681736382, 56.716797681913597 ], [ -2.447613603586812, 56.716789663573223 ], [ -2.447618791422971, 56.716781535196247 ], [ -2.447623170014949, 56.716773295667821 ], [ -2.447626664132919, 56.716764943873137 ], [ -2.447629198547127, 56.716756478697327 ], [ -2.447630698027905, 56.716747899025542 ], [ -2.447631087345676, 56.716739203742904 ], [ -2.447630291270944, 56.716730391734508 ], [ -2.447628235475231, 56.716721461964958 ], [ -2.447624936765279, 56.716712421443276 ], [ -2.447620580063195, 56.71670329201806 ], [ -2.447615368421765, 56.716694097138323 ], [ -2.447609504893577, 56.716684860253068 ], [ -2.447603192531019, 56.71667560481135 ], [ -2.44759663438626, 56.716666354262223 ], [ -2.447590033511263, 56.716657132054799 ], [ -2.447583592957778, 56.716647961638209 ], [ -2.447577515777335, 56.7166388664617 ], [ -2.447572005021271, 56.716629869974447 ], [ -2.447567263740718, 56.716620995625703 ], [ -2.447563485942231, 56.71661226578982 ], [ -2.447560735639458, 56.716603687391228 ], [ -2.447558979439092, 56.716595255777378 ], [ -2.447558181591282, 56.716586966015576 ], [ -2.447558306346223, 56.716578813173108 ], [ -2.44755931795417, 56.716570792317263 ], [ -2.447561180665419, 56.716562898515292 ], [ -2.447563858730316, 56.71655512683445 ], [ -2.447567316399248, 56.716547472341936 ], [ -2.447571517922642, 56.716539930104979 ], [ -2.447576427550971, 56.716532495190812 ], [ -2.447582009534745, 56.716525162666599 ], [ -2.447588228124502, 56.716517927599568 ], [ -2.447595047550819, 56.716510785068785 ], [ -2.447602432081003, 56.716503730131514 ], [ -2.447610345969233, 56.716496757852873 ], [ -2.44761875346616, 56.716489863300062 ], [ -2.447627618822462, 56.716483041540279 ], [ -2.447636906288848, 56.716476287640759 ], [ -2.447646580116046, 56.716469596668716 ], [ -2.447656604554815, 56.716462963691384 ], [ -2.447666943855932, 56.716456383776006 ], [ -2.447677562270203, 56.716449851989807 ], [ -2.447688424048446, 56.716443363400053 ], [ -2.44769949344151, 56.71643691307402 ], [ -2.44771073470026, 56.716430496079006 ], [ -2.447722112075577, 56.716424107482261 ], [ -2.447733589818369, 56.716417742351112 ], [ -2.447745132179555, 56.716411395752893 ], [ -2.447756703891894, 56.716405062797982 ], [ -2.447768282495636, 56.716398739742424 ], [ -2.447779859377645, 56.716392424080745 ], [ -2.447791426614812, 56.716386113369182 ], [ -2.447802976284038, 56.716379805164003 ], [ -2.447814500462219, 56.716373497021465 ], [ -2.447825991226258, 56.716367186497799 ], [ -2.447837440653062, 56.716360871149298 ], [ -2.447848840819533, 56.716354548532223 ], [ -2.447860183802584, 56.716348216202839 ], [ -2.447871461679124, 56.716341871717404 ], [ -2.447882666526067, 56.716335512632199 ], [ -2.447893790420332, 56.716329136503525 ], [ -2.447904825438838, 56.716322740887641 ], [ -2.447915763658504, 56.716316323340806 ], [ -2.44792659715626, 56.716309881419342 ], [ -2.44793731800903, 56.716303412679508 ], [ -2.447947918293746, 56.716296914677635 ], [ -2.447958390087347, 56.716290384969959 ], [ -2.447968725466766, 56.71628382111281 ], [ -2.447978916508944, 56.716277220662469 ], [ -2.447988955290832, 56.716270581175252 ], [ -2.447998833889375, 56.716263900207444 ], [ -2.448008544381527, 56.716257175315334 ], [ -2.448018078844246, 56.716250404055252 ], [ -2.448027429354493, 56.716243583983491 ], [ -2.448036587989237, 56.716236712656361 ], [ -2.448045546825448, 56.716229787630169 ], [ -2.448054297940104, 56.716222806461232 ], [ -2.448062833410186, 56.716215766705858 ], [ -2.448071145312688, 56.716208665920341 ], [ -2.448079225724597, 56.716201501661011 ], [ -2.448087066722914, 56.716194271484184 ], [ -2.448094660384651, 56.716186972946169 ], [ -2.448101998786818, 56.716179603603287 ], [ -2.448109074006434, 56.716172161011848 ], [ -2.448115878120532, 56.716164642728145 ], [ -2.448122403206146, 56.716157046308538 ], [ -2.448128641340318, 56.716149369309313 ], [ -2.448134584600107, 56.71614160928678 ], [ -2.448140225062568, 56.716133763797274 ], [ -2.448145554804773, 56.716125830397104 ], [ -2.448150565903806, 56.716117806642558 ], [ -2.448155250436754, 56.716109690089979 ], [ -2.44815960048072, 56.716101478295663 ], [ -2.448163608112813, 56.716093168815917 ], [ -2.448167265410158, 56.716084759207035 ], [ -2.448170564558619, 56.716076247057387 ], [ -2.448173506582802, 56.716067632559806 ], [ -2.448176107735928, 56.716058920394538 ], [ -2.448178385777724, 56.716050115685725 ], [ -2.448180358467917, 56.716041223557575 ], [ -2.448182043566208, 56.716032249134201 ], [ -2.448183458832297, 56.716023197539791 ], [ -2.448184622025868, 56.716014073898471 ], [ -2.44818555090659, 56.716004883334406 ], [ -2.448186263234117, 56.715995630971754 ], [ -2.44818677676809, 56.715986321934643 ], [ -2.448187109268136, 56.715976961347224 ], [ -2.448187278493863, 56.715967554333631 ], [ -2.448187302204865, 56.715958106018043 ], [ -2.448187198160717, 56.715948621524582 ], [ -2.448186984120977, 56.715939105977355 ], [ -2.448186677845188, 56.715929564500563 ], [ -2.448186297092876, 56.715920002218333 ], [ -2.448185859623542, 56.715910424254794 ], [ -2.448185383196674, 56.715900835734089 ], [ -2.448184885571743, 56.715891241780376 ], [ -2.448184384508199, 56.715881647517783 ], [ -2.448183897765475, 56.715872058070467 ], [ -2.448183443102984, 56.715862478562585 ], [ -2.44818303828012, 56.715852914118237 ], [ -2.448182701056265, 56.715843369861631 ], [ -2.448182449190773, 56.715833850916844 ], [ -2.44818230044299, 56.715824362408057 ], [ -2.448182272572236, 56.715814909459425 ], [ -2.448182383337819, 56.715805497195085 ], [ -2.448182650499031, 56.715796130739186 ], [ -2.44818309181514, 56.715786815215843 ], [ -2.448183725045407, 56.715777555749241 ], [ -2.448184567949072, 56.715768357463496 ], [ -2.448185638285364, 56.715759225482742 ], [ -2.448186950091659, 56.715750164499646 ], [ -2.448188482436916, 56.715741175152701 ], [ -2.44819019523218, 56.715732255859322 ], [ -2.448192048192359, 56.715723405014167 ], [ -2.4481940010324, 56.715714621011891 ], [ -2.448196013467297, 56.715705902247151 ], [ -2.448198045212069, 56.715697247114662 ], [ -2.448200055981778, 56.715688654009028 ], [ -2.448202005491525, 56.715680121324965 ], [ -2.448203853456444, 56.715671647457135 ], [ -2.448205559591702, 56.715663230800203 ], [ -2.448207083612504, 56.71565486974886 ], [ -2.44820838523409, 56.715646562697785 ], [ -2.448209424171729, 56.715638308041648 ], [ -2.448210160140727, 56.715630104175141 ], [ -2.448210552856421, 56.715621949492942 ], [ -2.448210562034182, 56.715613842389722 ], [ -2.448210147389411, 56.715605781260138 ], [ -2.448209268637539, 56.715597764498881 ], [ -2.448207885494034, 56.715589790500616 ], [ -2.448205957674389, 56.715581857659977 ], [ -2.44820344489413, 56.715573964371615 ], [ -2.448200306868815, 56.715566109030163 ], [ -2.448196503453883, 56.715558290030422 ], [ -2.448192017056711, 56.715550505793985 ], [ -2.448186877295698, 56.715542754798555 ], [ -2.448181119722064, 56.715535035528902 ], [ -2.448174779886991, 56.715527346469813 ], [ -2.448167893341635, 56.715519686106049 ], [ -2.448160495637122, 56.715512052922364 ], [ -2.448152622324546, 56.715504445403575 ], [ -2.448144308954968, 56.715496862034406 ], [ -2.448135591079426, 56.715489301299655 ], [ -2.448126504248932, 56.715481761684117 ], [ -2.448117084014455, 56.71547424167256 ], [ -2.448107365926954, 56.7154667397498 ], [ -2.448097385537348, 56.715459254400642 ], [ -2.448087178396534, 56.715451784109895 ], [ -2.448076780055379, 56.71544432736242 ], [ -2.448066226064725, 56.715436882643019 ], [ -2.448055551975389, 56.715429448436538 ], [ -2.448044793338156, 56.715422023227866 ], [ -2.448033985703789, 56.715414605501884 ], [ -2.448023164623025, 56.715407193743445 ], [ -2.448012365646575, 56.715399786437466 ], [ -2.448001624325114, 56.715392382068863 ], [ -2.447990976209307, 56.715384979122554 ], [ -2.447980456849781, 56.715377576083476 ], [ -2.447970101797142, 56.715370171436575 ], [ -2.447959946601967, 56.715362763666811 ], [ -2.447950026814808, 56.715355351259127 ], [ -2.447940377963154, 56.715347932698769 ], [ -2.447931024132044, 56.71534050657494 ], [ -2.447921959486486, 56.715333071748908 ], [ -2.447913173361588, 56.715325627125907 ], [ -2.447904655092465, 56.715318171611095 ], [ -2.447896394014236, 56.715310704109697 ], [ -2.447888379462037, 56.715303223526853 ], [ -2.447880600771006, 56.715295728767771 ], [ -2.447873047276295, 56.715288218737612 ], [ -2.447865708313064, 56.715280692341551 ], [ -2.447858573216478, 56.715273148484748 ], [ -2.447851631321716, 56.715265586072363 ], [ -2.447844871963962, 56.715258004009584 ], [ -2.447838284478407, 56.715250401201537 ], [ -2.447831858200261, 56.715242776553382 ], [ -2.447825582464732, 56.715235128970292 ], [ -2.447819446607041, 56.715227457357372 ], [ -2.447813439962415, 56.715219760619803 ], [ -2.447807551866095, 56.715212037662702 ], [ -2.447801771653327, 56.715204287391231 ], [ -2.447796088659368, 56.715196508710534 ], [ -2.447790492219485, 56.715188700525715 ], [ -2.447784971668949, 56.715180861741942 ], [ -2.447779516343045, 56.715172991264318 ], [ -2.447774115577067, 56.715165087997981 ], [ -2.447768758706315, 56.715157150848057 ], [ -2.447763435066103, 56.715149178719685 ], [ -2.447758133991748, 56.715141170517981 ], [ -2.447752844818586, 56.715133125148071 ], [ -2.447747556881951, 56.715125041515066 ], [ -2.447742259517197, 56.715116918524096 ], [ -2.447736942059683, 56.715108755080259 ], [ -2.447731593844777, 56.715100550088678 ], [ -2.447726204207859, 56.715092302454472 ], [ -2.447720762484321, 56.715084011082759 ], [ -2.447715258518424, 56.715075674919369 ], [ -2.447709700148128, 56.715067294350874 ], [ -2.447704117600794, 56.715058871556458 ], [ -2.447698542504968, 56.715050408827523 ], [ -2.447693006489165, 56.715041908455504 ], [ -2.447687541181863, 56.715033372731774 ], [ -2.447682178211513, 56.715024803947777 ], [ -2.447676949206536, 56.715016204394928 ], [ -2.447671885795326, 56.715007576364648 ], [ -2.447667019606239, 56.714998922148389 ], [ -2.447662382267601, 56.714990244037566 ], [ -2.447658005407714, 56.714981544323621 ], [ -2.44765392065484, 56.714972825298005 ], [ -2.447650159637214, 56.714964089252163 ], [ -2.447646753983038, 56.714955338477552 ], [ -2.447643735320487, 56.7149465752656 ], [ -2.447641135277701, 56.714937801907766 ], [ -2.44763963695449, 56.714931681745711 ], [ -2.447641995499052, 56.714936493763972 ], [ -2.447646993229345, 56.714945106057506 ], [ -2.447652669617575, 56.714953712722128 ], [ -2.447658928868161, 56.714962312372776 ], [ -2.447665675185438, 56.714970903624447 ], [ -2.447672812773642, 56.71497948509208 ], [ -2.447680245836934, 56.714988055390698 ], [ -2.447687878579373, 56.71499661313532 ], [ -2.447695615204938, 56.71500515694099 ], [ -2.447703359917513, 56.715013685422768 ], [ -2.447711016920903, 56.715022197195758 ], [ -2.447718490418817, 56.715030690875054 ], [ -2.447725684614879, 56.715039165075794 ], [ -2.447732503712626, 56.715047618413145 ], [ -2.447738851915516, 56.71505604950228 ], [ -2.447744633426911, 56.71506445695838 ], [ -2.447749752450093, 56.715072839396655 ], [ -2.44775411605782, 56.715081195320273 ], [ -2.447757735738199, 56.715089519155484 ], [ -2.447760754627694, 56.715097800188339 ], [ -2.447763324270905, 56.715106027376571 ], [ -2.44776559621256, 56.715114189677863 ], [ -2.447767721997523, 56.715122276049925 ], [ -2.447769853170778, 56.71513027545042 ], [ -2.447772141277452, 56.715138176837016 ], [ -2.447774737862782, 56.715145969167374 ], [ -2.447777794472127, 56.715153641399162 ], [ -2.447781462650958, 56.71516118248995 ], [ -2.447785875215184, 56.715168584326925 ], [ -2.44779101935826, 56.715175861574217 ], [ -2.44779681407792, 56.715183039562646 ], [ -2.447803177982217, 56.715190143683884 ], [ -2.447810029679143, 56.71519719932968 ], [ -2.447817287776646, 56.715204231891782 ], [ -2.447824870882632, 56.715211266761919 ], [ -2.447832697604965, 56.715218329331847 ], [ -2.447840686551471, 56.715225444993401 ], [ -2.447848756329935, 56.715232639138364 ], [ -2.447856825548103, 56.71523993715855 ], [ -2.447864812813686, 56.715247364445815 ], [ -2.447872636734345, 56.715254946392044 ], [ -2.447880216298011, 56.715262708234469 ], [ -2.447887516532953, 56.715270656492216 ], [ -2.44789459189636, 56.715278761326005 ], [ -2.44790150712189, 56.715286988718624 ], [ -2.447908326943231, 56.715295304652798 ], [ -2.447915116094101, 56.715303675111244 ], [ -2.447921939308246, 56.715312066076699 ], [ -2.447928861319451, 56.71532044353183 ], [ -2.447935946861529, 56.715328773459348 ], [ -2.447943260668326, 56.715337021841904 ], [ -2.447950867473713, 56.715345154662181 ], [ -2.447958831846162, 56.715353137977708 ], [ -2.447967189006403, 56.715360951142522 ], [ -2.447975911305485, 56.715368601994591 ], [ -2.447984962977963, 56.715376102049184 ], [ -2.447994308258366, 56.71538346282162 ], [ -2.448003911381191, 56.715390695827161 ], [ -2.448013736580927, 56.715397812581131 ], [ -2.448023748092034, 56.715404824598849 ], [ -2.448033910148955, 56.715411743395613 ], [ -2.448044186986122, 56.715418580486798 ], [ -2.448054542837949, 56.715425347387722 ], [ -2.448064941938832, 56.715432055613761 ], [ -2.448075348523158, 56.715438716680282 ], [ -2.4480857268253, 56.715445342102655 ], [ -2.448096041079622, 56.715451943396296 ], [ -2.448106255520472, 56.715458532076596 ], [ -2.448116334382187, 56.71546511965898 ], [ -2.448126241899089, 56.715471717658879 ], [ -2.448135942305492, 56.715478337591712 ], [ -2.448145399835694, 56.715484990972975 ], [ -2.448154578723976, 56.715491689318092 ], [ -2.448163443204605, 56.715498444142533 ], [ -2.448171957511831, 56.715505266961792 ], [ -2.448180085879883, 56.715512169291323 ], [ -2.448187792542974, 56.715519162646665 ], [ -2.448195041735288, 56.715526258543264 ], [ -2.448201797690987, 56.715533468496638 ], [ -2.448208024644209, 56.715540804022289 ], [ -2.448213686829053, 56.715548276635708 ], [ -2.448218748479594, 56.715555897852411 ], [ -2.448223180076548, 56.715563677315657 ], [ -2.448226996083775, 56.715571611486311 ], [ -2.448230229855298, 56.715579691163576 ], [ -2.448232914817973, 56.715587907124799 ], [ -2.448235084398679, 56.715596250147328 ], [ -2.448236772024302, 56.715604711008503 ], [ -2.448238011121744, 56.715613280485641 ], [ -2.448238835117944, 56.71562194935607 ], [ -2.448239277439844, 56.715630708397107 ], [ -2.448239371514425, 56.715639548386051 ], [ -2.448239150768686, 56.715648460100226 ], [ -2.448238648629664, 56.715657434316945 ], [ -2.448237898524414, 56.715666461813491 ], [ -2.448236933880025, 56.715675533367182 ], [ -2.448235788123625, 56.715684639755324 ], [ -2.448234494682361, 56.715693771755198 ], [ -2.448233086983425, 56.715702920144139 ], [ -2.448231598454037, 56.715712075699436 ], [ -2.448230062521449, 56.715721229198401 ], [ -2.448228512612952, 56.715730371418339 ], [ -2.448226982155867, 56.715739493136581 ], [ -2.448225504577549, 56.715748585130399 ], [ -2.448224113305389, 56.715757638177131 ], [ -2.448222841765648, 56.715766643054451 ], [ -2.448221714956694, 56.715775593105718 ], [ -2.448220729233423, 56.715784490394149 ], [ -2.448219874871229, 56.715793338833763 ], [ -2.448219142145486, 56.715802142338532 ], [ -2.448218521331559, 56.715810904822462 ], [ -2.448218002704808, 56.715819630199555 ], [ -2.448217576540578, 56.7158283223838 ], [ -2.448217233114207, 56.715836985289187 ], [ -2.448216962701019, 56.715845622829718 ], [ -2.448216755576335, 56.71585423891937 ], [ -2.448216602015467, 56.715862837472166 ], [ -2.448216492293708, 56.715871422402081 ], [ -2.448216416686353, 56.715879997623105 ], [ -2.448216365468682, 56.715888567049234 ], [ -2.44821632891597, 56.715897134594478 ], [ -2.448216297303478, 56.715905704172805 ], [ -2.448216260906465, 56.715914279698239 ], [ -2.448216210000175, 56.715922865084735 ], [ -2.448216134859844, 56.71593146424631 ], [ -2.448216025760705, 56.715940081096953 ], [ -2.448215872977971, 56.715948719550667 ], [ -2.448215666786859, 56.715957383521435 ], [ -2.448215397462564, 56.715966076923237 ], [ -2.448215055280281, 56.7159748036701 ], [ -2.448214630515193, 56.715983567675984 ], [ -2.44821411344247, 56.715992372854892 ], [ -2.448213494337275, 56.716001223120834 ], [ -2.448212763474762, 56.716010122387772 ], [ -2.448211911130075, 56.716019074569708 ], [ -2.448210927578342, 56.716028083580632 ], [ -2.448209803094684, 56.71603715333454 ], [ -2.448208527954215, 56.716046287745421 ], [ -2.448207092432027, 56.716055490727264 ], [ -2.44820548680321, 56.716064766194044 ], [ -2.448203701342681, 56.716074118058899 ], [ -2.448201725492503, 56.716083545805269 ], [ -2.448199545919197, 56.716093034153793 ], [ -2.448197148711782, 56.716102564753633 ], [ -2.448194519959272, 56.7161121192539 ], [ -2.448191645750662, 56.716121679303733 ], [ -2.448188512174948, 56.716131226552235 ], [ -2.448185105321111, 56.716140742648548 ], [ -2.448181411278127, 56.716150209241775 ], [ -2.448177416134969, 56.716159607981041 ], [ -2.448173105980603, 56.71616892051545 ], [ -2.448168466904002, 56.716178128494086 ], [ -2.448163484994126, 56.716187213566087 ], [ -2.44815814633995, 56.716196157380523 ], [ -2.448152437030449, 56.716204941586497 ], [ -2.448146343154598, 56.716213547833078 ], [ -2.448139850801397, 56.716221957769363 ], [ -2.448132946059843, 56.716230153044414 ], [ -2.448125615018955, 56.716238115307299 ], [ -2.448117843767771, 56.716245826207086 ], [ -2.448109618395346, 56.716253267392801 ], [ -2.448100924990762, 56.716260420513507 ], [ -2.448091753723439, 56.716267271127009 ], [ -2.448082120780178, 56.716273829714666 ], [ -2.448072052565784, 56.716280116546258 ], [ -2.448061575509323, 56.71628615191478 ], [ -2.448050716039877, 56.716291956113288 ], [ -2.448039500586527, 56.716297549434763 ], [ -2.448027955578365, 56.716302952172242 ], [ -2.448016107444484, 56.716308184618768 ], [ -2.448003982613971, 56.716313267067363 ], [ -2.447991607515914, 56.7163182198111 ], [ -2.447979008579388, 56.716323063143022 ], [ -2.447966212233464, 56.716327817356195 ], [ -2.447953244907201, 56.716332502743676 ], [ -2.447940133029641, 56.716337139598608 ], [ -2.447926903029816, 56.716341748214035 ], [ -2.447913581336743, 56.716346348883093 ], [ -2.447900194379425, 56.71635096189889 ], [ -2.447886768586847, 56.716355607554576 ], [ -2.447873330387977, 56.716360306143265 ], [ -2.447859906211769, 56.716365077958102 ], [ -2.44784652248716, 56.716369943292278 ], [ -2.447833205643078, 56.716374922438987 ], [ -2.447819982108426, 56.71638003569138 ], [ -2.447806878312108, 56.716385303342655 ], [ -2.447793920683008, 56.716390745686034 ], [ -2.447781135650004, 56.716396383014754 ], [ -2.447768549672199, 56.716402234777227 ], [ -2.44775618975202, 56.716408305239277 ], [ -2.44774408336221, 56.716414585524959 ], [ -2.447732257991079, 56.716421066324472 ], [ -2.447720741126976, 56.716427738327958 ], [ -2.44770956025829, 56.716434592225589 ], [ -2.447698742873453, 56.716441618707563 ], [ -2.447688316460932, 56.716448808464072 ], [ -2.447678308509243, 56.716456152185309 ], [ -2.44766874650694, 56.716463640561457 ], [ -2.447659657942621, 56.71647126428276 ], [ -2.44765107030492, 56.716479014039393 ], [ -2.447643011082519, 56.716486880521572 ], [ -2.447635507764136, 56.716494854419516 ], [ -2.447628587838533, 56.716502926423409 ], [ -2.447622278794506, 56.716511087223488 ], [ -2.447616608112694, 56.716519327514831 ], [ -2.447611603270917, 56.716527637994197 ], [ -2.447607291777168, 56.71653600934043 ], [ -2.447603701120426, 56.716544432243708 ], [ -2.447600858789693, 56.716552897394187 ], [ -2.447598792274016, 56.716561395482053 ], [ -2.44759752906246, 56.716569917197418 ], [ -2.447597096644129, 56.71657845323039 ], [ -2.447597522508144, 56.716586994271125 ], [ -2.447598834143663, 56.716595531009695 ], [ -2.447601059039861, 56.716604054136184 ], [ -2.447604224685931, 56.716612554340635 ], [ -2.447608358571089, 56.71662102231307 ], [ -2.447613487969788, 56.716629448753011 ], [ -2.447619577228167, 56.716637827140367 ], [ -2.447626440598826, 56.716646157586887 ], [ -2.447633870433197, 56.716654441172032 ], [ -2.447641659082535, 56.716662678975254 ], [ -2.447649598897912, 56.716670872076151 ], [ -2.447657482230221, 56.716679021554256 ], [ -2.447665101430178, 56.716687128489241 ], [ -2.447672248848326, 56.71669519396076 ], [ -2.447678716835034, 56.716703219048568 ], [ -2.4476842977405, 56.716711204832414 ], [ -2.44768878391476, 56.716719152392095 ], [ -2.447691967707671, 56.716727062807372 ], [ -2.447693669082, 56.716734936814632 ], [ -2.447693893772443, 56.716742772840043 ], [ -2.447692724117455, 56.716750568357128 ], [ -2.447690242695113, 56.716758320836355 ], [ -2.447686532083572, 56.716766027748172 ], [ -2.447681674861062, 56.716773686563023 ], [ -2.447675753605892, 56.716781294751272 ], [ -2.447668850896442, 56.716788849783356 ], [ -2.447661049311173, 56.716796349129616 ], [ -2.447652435231404, 56.716803790541483 ], [ -2.447643162350573, 56.716811176745018 ], [ -2.447633442080385, 56.716818514731855 ], [ -2.447623487702467, 56.716825811631914 ], [ -2.447613512498608, 56.716833074575142 ], [ -2.447603729750754, 56.716840310691595 ], [ -2.447594352741002, 56.716847527111369 ], [ -2.447585594751605, 56.716854730964634 ], [ -2.447577669064969, 56.716861929381601 ], [ -2.447570788963655, 56.716869129492551 ], [ -2.447565167730381, 56.71687633842776 ], [ -2.447561018648023, 56.716883563317502 ], [ -2.447558535643858, 56.716890810570078 ], [ -2.447557716295798, 56.716898079269484 ], [ -2.447558443906849, 56.716905364237007 ], [ -2.44756060036232, 56.716912660240986 ], [ -2.447564067547427, 56.716919962049715 ], [ -2.447568727347298, 56.716927264431462 ], [ -2.447574461646969, 56.716934562154464 ], [ -2.44758115233138, 56.716941849986974 ], [ -2.447588681285378, 56.716949122697223 ], [ -2.447590822467094, 56.716951005157057 ] ] ], [ [ [ -2.447639936665166, 56.714859177767295 ], [ -2.447640004002393, 56.714858826680604 ], [ -2.447641925913599, 56.714850127741208 ], [ -2.447644023333189, 56.714841464848732 ], [ -2.447646224052723, 56.714832843981817 ], [ -2.447648455863826, 56.714824271119184 ], [ -2.44765064655819, 56.714815752239453 ], [ -2.447652723927574, 56.714807293321314 ], [ -2.447654615763807, 56.714798900343446 ], [ -2.447656249858773, 56.714790579284561 ], [ -2.447657554004428, 56.714782336123307 ], [ -2.44765845599278, 56.714774176838382 ], [ -2.447658883615903, 56.714766107408494 ], [ -2.447658764665923, 56.714758133812282 ], [ -2.447658026935015, 56.714750262028467 ], [ -2.447656598215414, 56.714742498035683 ], [ -2.447654406299398, 56.714734847812593 ], [ -2.447651378979282, 56.714727317337825 ], [ -2.447647445402388, 56.714719912409599 ], [ -2.447642594516463, 56.714712630864668 ], [ -2.447636897346398, 56.714705459612524 ], [ -2.447630430867835, 56.714698384770436 ], [ -2.447623272056347, 56.71469139245562 ], [ -2.447615497887461, 56.71468446878535 ], [ -2.447607185336645, 56.714677599876893 ], [ -2.447598411379319, 56.714670771847501 ], [ -2.447589252990858, 56.714663970814499 ], [ -2.447579787146593, 56.714657182895131 ], [ -2.447570090821807, 56.714650394206799 ], [ -2.44756024099175, 56.714643590866835 ], [ -2.447550314631624, 56.71463675899259 ], [ -2.447540388716598, 56.714629884701488 ], [ -2.44753054022179, 56.714622954110951 ], [ -2.447520846122286, 56.714615953338402 ], [ -2.44751792409517, 56.714613765588759 ], [ -2.447525360623792, 56.714617695457484 ], [ -2.447537482671117, 56.714623688609329 ], [ -2.447549965030704, 56.714629538055384 ], [ -2.447562697653596, 56.714635264327192 ], [ -2.447575570490788, 56.714640887956385 ], [ -2.447588473493242, 56.714646429474676 ], [ -2.447601296611875, 56.714651909413753 ], [ -2.447613929797572, 56.714657348305408 ], [ -2.447626263001184, 56.714662766681414 ], [ -2.447638186173523, 56.714668185073663 ], [ -2.44764958926537, 56.714673624014004 ], [ -2.44766036222746, 56.71467910403441 ], [ -2.447670395010491, 56.714684645666793 ], [ -2.447679577565104, 56.714690269443153 ], [ -2.447687799841892, 56.714695995895497 ], [ -2.447694951791381, 56.714701845555787 ], [ -2.447700923364027, 56.714707838956087 ], [ -2.4477056045102, 56.714713996628319 ], [ -2.447708889429611, 56.714720338558664 ], [ -2.44771077791745, 56.714726871169276 ], [ -2.447711379924193, 56.714733586732699 ], [ -2.447710810562245, 56.714740476858374 ], [ -2.447709184944052, 56.714747533155688 ], [ -2.44770661818213, 56.714754747234025 ], [ -2.447703225389054, 56.71476211070275 ], [ -2.447699121677472, 56.714769615171221 ], [ -2.447694422160112, 56.714777252248794 ], [ -2.447689241949781, 56.714785013544841 ], [ -2.447683696159385, 56.71479289066874 ], [ -2.447677899901912, 56.714800875229891 ], [ -2.447671968290458, 56.714808958837708 ], [ -2.447666016438214, 56.71481713310164 ], [ -2.447660159458476, 56.714825389631095 ], [ -2.447654512464651, 56.714833720035621 ], [ -2.447649190570254, 56.714842115924675 ], [ -2.447644308888905, 56.714850568907771 ], [ -2.447639982534347, 56.71485907059445 ], [ -2.447639936665166, 56.714859177767295 ] ] ], [ [ [ -2.447445409403278, 56.714530693683258 ], [ -2.447445364170933, 56.714530586324251 ], [ -2.447442308320636, 56.714521943089231 ], [ -2.447439710377995, 56.71451321085803 ], [ -2.447437489599945, 56.714504412319855 ], [ -2.447435565243496, 56.714495570163869 ], [ -2.447433856565716, 56.71448670707931 ], [ -2.447432282823748, 56.714477845755319 ], [ -2.447430763651536, 56.714469008773904 ], [ -2.447429249195235, 56.714460210033373 ], [ -2.447427742108933, 56.71445144848861 ], [ -2.447426250233177, 56.714442721618376 ], [ -2.447424781408501, 56.714434026901515 ], [ -2.447423343475441, 56.714425361816794 ], [ -2.44742194427452, 56.714416723843058 ], [ -2.447420591646253, 56.714408110459054 ], [ -2.447419293431155, 56.71439951914364 ], [ -2.447418057469728, 56.714390947375591 ], [ -2.447416891602469, 56.714382392633723 ], [ -2.447415803669872, 56.714373852396825 ], [ -2.447414801512423, 56.714365324143735 ], [ -2.447413892970597, 56.714356805353226 ], [ -2.447413085884866, 56.714348293504109 ], [ -2.447412388095693, 56.7143397860752 ], [ -2.44741180744354, 56.714331280545309 ], [ -2.447411351768854, 56.714322774393203 ], [ -2.447411028912081, 56.714314265097741 ], [ -2.447410846713657, 56.71430575013769 ], [ -2.447410813014014, 56.714297226991867 ], [ -2.447410935563818, 56.714288693152099 ], [ -2.447411217310311, 56.714280146807106 ], [ -2.447411654072033, 56.714271587179908 ], [ -2.44741224108986, 56.714263013577337 ], [ -2.447412973604683, 56.714254425306208 ], [ -2.447413846857389, 56.714245821673323 ], [ -2.447414856088872, 56.714237201985533 ], [ -2.447415996540028, 56.714228565549625 ], [ -2.447417263451761, 56.714219911672451 ], [ -2.447418652064973, 56.714211239660784 ], [ -2.447420157620577, 56.71420254882149 ], [ -2.447421775359485, 56.714193838461384 ], [ -2.447423500522613, 56.714185107887253 ], [ -2.447425328350882, 56.714176356405943 ], [ -2.447427254085219, 56.714167583324254 ], [ -2.447429272966551, 56.71415878794901 ], [ -2.447431380235813, 56.714149969587041 ], [ -2.44743357113394, 56.714141127545169 ], [ -2.447435840901875, 56.714132261130189 ], [ -2.447438184780561, 56.714123369648931 ], [ -2.447440598252869, 56.714114452539292 ], [ -2.447443081809813, 56.714105511952773 ], [ -2.447445640659848, 56.714096552596935 ], [ -2.447448280195144, 56.714087579278903 ], [ -2.447451005807861, 56.714078596805741 ], [ -2.447453822890158, 56.71406960998457 ], [ -2.447456736834186, 56.714060623622508 ], [ -2.447459753032099, 56.714051642526648 ], [ -2.44746287687604, 56.714042671504096 ], [ -2.447466113758156, 56.714033715361971 ], [ -2.447469469070588, 56.714024778907358 ], [ -2.447472948205467, 56.714015866947364 ], [ -2.447476556554935, 56.714006984289078 ], [ -2.447477677061966, 56.714004335350701 ], [ -2.447476555248486, 56.714008816107118 ], [ -2.447474479438564, 56.714017984301776 ], [ -2.447472580002653, 56.714027198854446 ], [ -2.44747082777778, 56.714036450103578 ], [ -2.447469193600956, 56.714045728387646 ], [ -2.447467648309154, 56.714055024045116 ], [ -2.447466162739331, 56.714064327414462 ], [ -2.447464707728408, 56.71407362883415 ], [ -2.447463254113285, 56.714082918642632 ], [ -2.447461772730834, 56.714092187178359 ], [ -2.447460234417892, 56.714101424779805 ], [ -2.447458610011279, 56.71411062178543 ], [ -2.447456870347786, 56.714119768533678 ], [ -2.447454992148586, 56.714128856529747 ], [ -2.447452986998177, 56.714137884191373 ], [ -2.447450879272431, 56.714146852472545 ], [ -2.447448693366711, 56.714155762331082 ], [ -2.447446453676399, 56.714164614724787 ], [ -2.447444184596915, 56.714173410611508 ], [ -2.447441910523687, 56.714182150949071 ], [ -2.447439655852174, 56.714190836695309 ], [ -2.447437444977858, 56.714199468808054 ], [ -2.447435302296231, 56.714208048245155 ], [ -2.447433252202823, 56.714216575964436 ], [ -2.447431319093174, 56.714225052923723 ], [ -2.447429527362851, 56.714233480080871 ], [ -2.447427901407436, 56.714241858393727 ], [ -2.447426465622537, 56.714250188820117 ], [ -2.447425244403777, 56.714258472317901 ], [ -2.447424262146801, 56.714266709844885 ], [ -2.447423543247278, 56.714274902358959 ], [ -2.44742311210089, 56.714283050817926 ], [ -2.447422993096302, 56.714291156180487 ], [ -2.447423198476987, 56.714299220882012 ], [ -2.447423703419691, 56.714307251864597 ], [ -2.447424476054747, 56.714315256927051 ], [ -2.447425484512475, 56.714323243868186 ], [ -2.447426696923158, 56.714331220486869 ], [ -2.447428081417054, 56.714339194581868 ], [ -2.447429606124401, 56.714347173952042 ], [ -2.447431239175403, 56.714355166396189 ], [ -2.447432948700242, 56.714363179713168 ], [ -2.447434702829076, 56.714371221701754 ], [ -2.447436469692033, 56.714379300160836 ], [ -2.447438217419226, 56.714387422889189 ], [ -2.447439914140724, 56.714395597685666 ], [ -2.447441527986591, 56.714403832349106 ], [ -2.447443027086843, 56.714412134678334 ], [ -2.447444379571482, 56.714420512472181 ], [ -2.447445553570475, 56.714428973529508 ], [ -2.447446517213764, 56.714437525649117 ], [ -2.447447238631252, 56.71444617662987 ], [ -2.44744768595282, 56.714454934270599 ], [ -2.447447827308305, 56.714463806370148 ], [ -2.447447630833881, 56.714472800725652 ], [ -2.447447104705084, 56.714481914602899 ], [ -2.447446392058054, 56.714491109769519 ], [ -2.447445664435135, 56.714500340521603 ], [ -2.447445093378844, 56.714509561155296 ], [ -2.447444850431865, 56.71451872596672 ], [ -2.44744510713705, 56.714527789251974 ], [ -2.447445409403278, 56.714530693683258 ] ] ], [ [ [ -2.447544967633582, 56.713886735674912 ], [ -2.44754985419218, 56.713880529445383 ], [ -2.447556263303816, 56.713872769379201 ], [ -2.447562893296121, 56.713865120335221 ], [ -2.447569742583997, 56.713857584832951 ], [ -2.447576777778456, 56.713850154964518 ], [ -2.447583956433649, 56.713842819852623 ], [ -2.447591236103098, 56.713835568619778 ], [ -2.447598574340343, 56.713828390388478 ], [ -2.447605928698957, 56.713821274281266 ], [ -2.447613256732531, 56.71381420942064 ], [ -2.447620515994686, 56.713807184929173 ], [ -2.447627664039059, 56.713800189929401 ], [ -2.447634658419316, 56.713793213543873 ], [ -2.447641456689142, 56.713786244895182 ], [ -2.447648016402247, 56.713779273105878 ], [ -2.447654295112366, 56.713772287298561 ], [ -2.447660250373252, 56.713765276595801 ], [ -2.447665839738695, 56.713758230120227 ], [ -2.447671020762506, 56.713751136994425 ], [ -2.447675750998523, 56.713743986340987 ], [ -2.447679988000618, 56.713736767282548 ], [ -2.447683689322699, 56.713729468941686 ], [ -2.447686812518696, 56.713722080441009 ], [ -2.447689315142593, 56.713714590903137 ], [ -2.447691154748402, 56.71370698945065 ], [ -2.447692288893045, 56.713699265206664 ], [ -2.447692694633187, 56.713691410783966 ], [ -2.447692415068395, 56.713683430614694 ], [ -2.447691507266393, 56.713675331630725 ], [ -2.447690028294866, 56.71366712076393 ], [ -2.447688035221455, 56.713658804946164 ], [ -2.447685585113767, 56.713650391109319 ], [ -2.447682735039352, 56.713641886185258 ], [ -2.447680614174532, 56.713636181072388 ], [ -2.447685800026455, 56.713641325410286 ], [ -2.447694137468986, 56.713649383583977 ], [ -2.447702472329986, 56.713657389551386 ], [ -2.447710643273694, 56.713665346149384 ], [ -2.447718488964218, 56.713673256214861 ], [ -2.44772584806553, 56.713681122584788 ], [ -2.447732559241478, 56.713688948096127 ], [ -2.447738461155777, 56.713696735585891 ], [ -2.447743392472016, 56.713704487891086 ], [ -2.447747207585114, 56.713712205880469 ], [ -2.447749865799584, 56.713719877296867 ], [ -2.44775136933795, 56.713727484513292 ], [ -2.447751720551324, 56.713735009886641 ], [ -2.447750921790827, 56.713742435773788 ], [ -2.447748975407603, 56.713749744531569 ], [ -2.44774588375282, 56.7137569185168 ], [ -2.447741649177679, 56.713763940086245 ], [ -2.447736274033416, 56.713770791596673 ], [ -2.447729760671465, 56.713777455404816 ], [ -2.447722133350099, 56.713783922165405 ], [ -2.447713498937092, 56.713790213824261 ], [ -2.447703983769272, 56.713796359701782 ], [ -2.447693714183544, 56.713802389118378 ], [ -2.447682816516878, 56.713808331394482 ], [ -2.447671417106307, 56.713814215850547 ], [ -2.4476596422889, 56.713820071807092 ], [ -2.447647618401785, 56.713825928584669 ], [ -2.447635471782125, 56.713831815503859 ], [ -2.447623328767126, 56.713837761885323 ], [ -2.447611315694036, 56.713843797049734 ], [ -2.447599558900145, 56.713849950317865 ], [ -2.4475881847228, 56.713856251010462 ], [ -2.447577319499401, 56.713862728448383 ], [ -2.447567088054322, 56.713869411573164 ], [ -2.447557551971333, 56.713876313472653 ], [ -2.447548688030138, 56.713883425975197 ], [ -2.447544967633582, 56.713886735674912 ] ] ], [ [ [ -2.447635527595412, 56.713527058817093 ], [ -2.447635252744528, 56.713526187241882 ], [ -2.447632795200025, 56.713517134945285 ], [ -2.447630793695696, 56.713508095540071 ], [ -2.447629301774005, 56.713499075610173 ], [ -2.447628327624586, 56.713490077260957 ], [ -2.44762784795145, 56.713481099488597 ], [ -2.447627838824152, 56.713472141226603 ], [ -2.447628276312282, 56.713463201408459 ], [ -2.447629136485443, 56.713454278967681 ], [ -2.447630395413265, 56.713445372837775 ], [ -2.447632029165408, 56.713436481952229 ], [ -2.447634013811547, 56.713427605244519 ], [ -2.447636325421382, 56.713418741648141 ], [ -2.447638940064642, 56.713409890096571 ], [ -2.447641833811071, 56.713401049523327 ], [ -2.447644982730439, 56.71339221886187 ], [ -2.447648362892541, 56.713383397045703 ], [ -2.44765195036719, 56.713374583008303 ], [ -2.447655721224224, 56.713365775683158 ], [ -2.447659651533505, 56.713356974003794 ], [ -2.44766371736491, 56.713348176903665 ], [ -2.447667894788347, 56.713339383316296 ], [ -2.44767215987374, 56.713330592175168 ], [ -2.447676488691036, 56.713321802413802 ], [ -2.447680857310206, 56.713313012965692 ], [ -2.447685241801242, 56.71330422276435 ], [ -2.447689618234159, 56.713295430743301 ], [ -2.447693962678986, 56.713286635836056 ], [ -2.447698251205787, 56.713277836976125 ], [ -2.447702459884643, 56.713269033097028 ], [ -2.447706564785647, 56.713260223132323 ], [ -2.447710541978929, 56.713251406015516 ], [ -2.44771436753463, 56.713242580680117 ], [ -2.447718017615161, 56.713233746064219 ], [ -2.447721477683506, 56.713224901560615 ], [ -2.447724750342871, 56.713216047400273 ], [ -2.447727840042786, 56.713207183904473 ], [ -2.447730751232787, 56.713198311394414 ], [ -2.447733488362394, 56.713189430191377 ], [ -2.44773605588113, 56.713180540616605 ], [ -2.447738458238515, 56.713171642991313 ], [ -2.447740699884064, 56.71316273763675 ], [ -2.447742785267282, 56.713153824874169 ], [ -2.447744718837678, 56.713144905024812 ], [ -2.447746505044758, 56.713135978409895 ], [ -2.447748148338015, 56.713127045350681 ], [ -2.447749653166945, 56.713118106168388 ], [ -2.447751023981039, 56.713109161184263 ], [ -2.447752265229782, 56.713100210719531 ], [ -2.447753381362657, 56.713091255095435 ], [ -2.44775437682914, 56.713082294633224 ], [ -2.447755256078707, 56.713073329654094 ], [ -2.447756023560826, 56.713064360479322 ], [ -2.447756683724966, 56.713055387430117 ], [ -2.447757241020583, 56.713046410827722 ], [ -2.447757699897138, 56.713037430993353 ], [ -2.447758064804082, 56.713028448248266 ], [ -2.447758340190865, 56.713019462913664 ], [ -2.447758530506933, 56.713010475310824 ], [ -2.447758640201722, 56.713001485760927 ], [ -2.447758673724672, 56.712992494585222 ], [ -2.447758635525216, 56.712983502104954 ], [ -2.447758530052777, 56.712974508641352 ], [ -2.447758361756782, 56.712965514515616 ], [ -2.447758135086647, 56.712956520049019 ], [ -2.447757854491791, 56.712947525562768 ], [ -2.447757524421624, 56.712938531378114 ], [ -2.447757149325548, 56.712929537816258 ], [ -2.44775673365297, 56.712920545198457 ], [ -2.447756281853285, 56.712911553845913 ], [ -2.447755798375889, 56.712902564079904 ], [ -2.447755287670168, 56.712893576221603 ], [ -2.447754754185511, 56.712884590592296 ], [ -2.447754202371295, 56.712875607513169 ], [ -2.447753636676899, 56.712866627305502 ], [ -2.447753061551694, 56.712857650290466 ], [ -2.447752481445046, 56.712848676789342 ], [ -2.447751900806322, 56.712839707123344 ], [ -2.447751324084879, 56.712830741613693 ], [ -2.447750755730076, 56.712821780581642 ], [ -2.447750200191259, 56.712812824348411 ], [ -2.447749661917776, 56.712803873235238 ], [ -2.44774914535897, 56.712794927563344 ], [ -2.447748654964179, 56.712785987653959 ], [ -2.447748195182737, 56.712777053828347 ], [ -2.447747770463972, 56.712768126407688 ], [ -2.447747385257211, 56.712759205713269 ], [ -2.447747044011775, 56.712750292066289 ], [ -2.447746751176981, 56.712741385787986 ], [ -2.447746511202142, 56.712732487199581 ], [ -2.447746328536567, 56.712723596622332 ], [ -2.447746207629561, 56.712714714377448 ], [ -2.447746152930423, 56.712705840786178 ], [ -2.447746168888449, 56.712696976169759 ], [ -2.447743232760688, 56.712689436065773 ], [ -2.447756210829847, 56.712698099849263 ], [ -2.447757211983659, 56.712706594967713 ], [ -2.447758183551534, 56.712715114789262 ], [ -2.447759124462867, 56.71272365871765 ], [ -2.447760033647059, 56.712732226156618 ], [ -2.447760910033501, 56.712740816509893 ], [ -2.447761752551586, 56.712749429181223 ], [ -2.447762560130709, 56.712758063574341 ], [ -2.447763331700259, 56.71276671909299 ], [ -2.447764066189626, 56.712775395140895 ], [ -2.4477647625282, 56.712784091121812 ], [ -2.447765419645369, 56.712792806439467 ], [ -2.447766036470516, 56.712801540497573 ], [ -2.447766611933031, 56.71281029269992 ], [ -2.447767144962295, 56.712819062450208 ], [ -2.447767634487693, 56.712827849152191 ], [ -2.447768079438605, 56.712836652209617 ], [ -2.447768478744414, 56.712845471026185 ], [ -2.447768831334496, 56.712854305005656 ], [ -2.447769136138235, 56.71286315355178 ], [ -2.447769392085002, 56.712872016068268 ], [ -2.447769598104177, 56.712880891958868 ], [ -2.447769753125136, 56.712889780627336 ], [ -2.447769856077251, 56.712898681477384 ], [ -2.447769905889894, 56.71290759391276 ], [ -2.447769901492438, 56.712916517337199 ], [ -2.447769841814254, 56.712925451154433 ], [ -2.447769725784709, 56.712934394768212 ], [ -2.447769552333173, 56.712943347582261 ], [ -2.447769320389014, 56.712952309000322 ], [ -2.447769028881598, 56.712961278426135 ], [ -2.447768676740286, 56.712970255263421 ], [ -2.447768262894447, 56.712979238915935 ], [ -2.447767786273443, 56.71298822878741 ], [ -2.447767245806636, 56.712997224281573 ], [ -2.447766640423385, 56.713006224802186 ], [ -2.447765969053049, 56.713015229752941 ], [ -2.44776523062499, 56.713024238537614 ], [ -2.447764424068564, 56.713033250559917 ], [ -2.447763548313126, 56.713042265223592 ], [ -2.447762602288036, 56.71305128193238 ], [ -2.447761584922645, 56.713060300090014 ], [ -2.447760495146305, 56.713069319100235 ], [ -2.447759331888376, 56.71307833836677 ], [ -2.447758094078202, 56.713087357293347 ], [ -2.447756780645139, 56.713096375283719 ], [ -2.447755390518533, 56.713105391741614 ], [ -2.447753922627735, 56.713114406070758 ], [ -2.447752375902094, 56.713123417674886 ], [ -2.447750749270956, 56.71313242595776 ], [ -2.447749041663666, 56.71314143032307 ], [ -2.447747252009572, 56.713150430174565 ], [ -2.447745379238016, 56.713159424916014 ], [ -2.447743422278341, 56.713168413951088 ], [ -2.447741380059894, 56.713177396683577 ], [ -2.447739251512014, 56.713186372517178 ], [ -2.447737035564042, 56.713195340855641 ], [ -2.447734731145319, 56.713204301102692 ], [ -2.447732337185187, 56.713213252662065 ], [ -2.44772985261298, 56.71322219493748 ], [ -2.447727276358041, 56.713231127332691 ], [ -2.447724607392847, 56.713240049256306 ], [ -2.447721847943684, 56.713248960486382 ], [ -2.447719005705345, 56.713257861421809 ], [ -2.447716088896485, 56.713266752520951 ], [ -2.447713105735768, 56.713275634242194 ], [ -2.447710064441862, 56.713284507043902 ], [ -2.447706973233449, 56.713293371384438 ], [ -2.447703840329212, 56.713302227722181 ], [ -2.447700673947852, 56.713311076515531 ], [ -2.447697482308061, 56.713319918222822 ], [ -2.447694273628554, 56.713328753302449 ], [ -2.447691056128047, 56.713337582212795 ], [ -2.447687838025264, 56.713346405412217 ], [ -2.447684627538936, 56.713355223359116 ], [ -2.447681432887804, 56.713364036511848 ], [ -2.447678262290617, 56.713372845328813 ], [ -2.447675123966124, 56.713381650268389 ], [ -2.447672026133092, 56.713390451788946 ], [ -2.447668977010289, 56.713399250348871 ], [ -2.447665984816491, 56.713408046406556 ], [ -2.447663057770486, 56.713416840420365 ], [ -2.447660204091064, 56.713425632848718 ], [ -2.447657431997025, 56.713434424149952 ], [ -2.447654749707175, 56.713443214782487 ], [ -2.44765216544033, 56.713452005204694 ], [ -2.447649687415316, 56.713460795874973 ], [ -2.447647323850957, 56.71346958725168 ], [ -2.447645082966094, 56.71347837979323 ], [ -2.447642972979573, 56.713487173958022 ], [ -2.447641002110244, 56.713495970204406 ], [ -2.447639178576968, 56.713504768990788 ], [ -2.447637521080906, 56.713513569813216 ], [ -2.447636104810663, 56.713522366981664 ], [ -2.447635527595412, 56.713527058817093 ] ] ], [ [ [ -2.434459180775973, 56.741784783710905 ], [ -2.43445886954399, 56.741785281535201 ], [ -2.434453580238891, 56.741793941068764 ], [ -2.43444838132033, 56.741802635710378 ], [ -2.434443263326705, 56.741811361138268 ], [ -2.434438216796409, 56.741820113030698 ], [ -2.434433232267827, 56.741828887065935 ], [ -2.434428300279346, 56.741837678922195 ], [ -2.434423411369335, 56.741846484277779 ], [ -2.434418556076166, 56.74185529881089 ], [ -2.434413724938193, 56.741864118199786 ], [ -2.434408908493779, 56.741872938122718 ], [ -2.434404097281271, 56.741881754257932 ], [ -2.434399281839007, 56.741890562283658 ], [ -2.434394452705326, 56.74189935787814 ], [ -2.434389600418557, 56.741908136719637 ], [ -2.434384715544828, 56.741916894499639 ], [ -2.434379791945682, 56.741925628486165 ], [ -2.434374829845758, 56.741934338991115 ], [ -2.43436983019564, 56.74194302667366 ], [ -2.434364793945901, 56.741951692192977 ], [ -2.434359722047119, 56.741960336208258 ], [ -2.434354615449876, 56.741968959378667 ], [ -2.434349475104753, 56.741977562363402 ], [ -2.434344301962327, 56.74198614582162 ], [ -2.434339096973182, 56.741994710412499 ], [ -2.434333861087899, 56.742003256795229 ], [ -2.43432859525706, 56.742011785629003 ], [ -2.434323300431248, 56.742020297572964 ], [ -2.434317977561046, 56.742028793286323 ], [ -2.43431262759704, 56.742037273428252 ], [ -2.434307251489812, 56.742045738657922 ], [ -2.434301850189948, 56.742054189634516 ], [ -2.434296424648034, 56.742062627017212 ], [ -2.434290975814657, 56.74207105146521 ], [ -2.434285504640403, 56.742079463637673 ], [ -2.434280012075858, 56.74208786419377 ], [ -2.43427449907161, 56.742096253792695 ], [ -2.434268966578249, 56.742104633093639 ], [ -2.434263415546363, 56.742113002755765 ], [ -2.434257846926538, 56.742121363438265 ], [ -2.43425226166937, 56.742129715800317 ], [ -2.434246660725443, 56.742138060501098 ], [ -2.434241045045351, 56.7421463981998 ], [ -2.434235415579684, 56.742154729555601 ], [ -2.434229773279034, 56.742163055227671 ], [ -2.43422411909399, 56.742171375875209 ], [ -2.43421845397515, 56.742179692157393 ], [ -2.434212778873102, 56.742188004733407 ], [ -2.434207094738441, 56.742196314262422 ], [ -2.434201402521762, 56.742204621403623 ], [ -2.434195703173657, 56.742212926816208 ], [ -2.434189997644723, 56.742221231159355 ], [ -2.434188678501671, 56.74222314930666 ], [ -2.434192976134549, 56.742215963971006 ], [ -2.434198078609684, 56.742207363356236 ], [ -2.434203148201376, 56.742198752942528 ], [ -2.434208187353992, 56.74219013350595 ], [ -2.434213198511899, 56.742181505822629 ], [ -2.434218184119468, 56.742172870668611 ], [ -2.434223146621059, 56.742164228820009 ], [ -2.434228088461035, 56.742155581052891 ], [ -2.434233012083759, 56.742146928143356 ], [ -2.434237919933589, 56.742138270867464 ], [ -2.434242814454886, 56.742129610001292 ], [ -2.434247698091999, 56.742120946320945 ], [ -2.434252573289284, 56.742112280602498 ], [ -2.434257442491096, 56.742103613622021 ], [ -2.43426230814178, 56.742094946155603 ], [ -2.434267172685691, 56.742086278979329 ], [ -2.434272038567167, 56.742077612869267 ], [ -2.43427690823056, 56.742068948601492 ], [ -2.434281784120207, 56.742060286952103 ], [ -2.434286668680452, 56.742051628697162 ], [ -2.434291564355635, 56.742042974612751 ], [ -2.43429647359009, 56.742034325474954 ], [ -2.434301398828155, 56.74202568205984 ], [ -2.434306342514164, 56.742017045143491 ], [ -2.434311307092447, 56.742008415501971 ], [ -2.434316295007334, 56.741999793911354 ], [ -2.434321308703154, 56.741991181147739 ], [ -2.434326350624235, 56.741982577987166 ], [ -2.434331423214899, 56.741973985205767 ], [ -2.434336528919473, 56.741965403579563 ], [ -2.434341670182274, 56.741956833884636 ], [ -2.434346849447623, 56.741948276897084 ], [ -2.434352069159838, 56.74193973339294 ], [ -2.434357331763235, 56.741931204148308 ], [ -2.434362639702129, 56.741922689939258 ], [ -2.434367995420835, 56.741914191541859 ], [ -2.434373401363657, 56.741905709732151 ], [ -2.434378859974915, 56.741897245286253 ], [ -2.434384373698909, 56.741888798980192 ], [ -2.434389944979949, 56.741880371590078 ], [ -2.434395576262339, 56.741871963891953 ], [ -2.434401269990382, 56.741863576661864 ], [ -2.434407028608381, 56.741855210675929 ], [ -2.434412854560635, 56.741846866710183 ], [ -2.434418750291444, 56.741838545540702 ], [ -2.434424718245107, 56.741830247943554 ], [ -2.434430760865917, 56.74182197469478 ], [ -2.434436880598171, 56.74181372657047 ], [ -2.434443079886162, 56.741805504346686 ], [ -2.434449361174182, 56.741797308799477 ], [ -2.434455726906523, 56.741789140704938 ], [ -2.434459180775973, 56.741784783710905 ] ] ], [ [ [ -2.43396250652886, 56.742549984604103 ], [ -2.433959447679882, 56.742554370052311 ], [ -2.433953621845755, 56.742562718025333 ], [ -2.433947792476103, 56.742571066500751 ], [ -2.433941959534224, 56.742579415446151 ], [ -2.433936122983417, 56.74258776482916 ], [ -2.433930282786984, 56.742596114617356 ], [ -2.433924438908217, 56.742604464778324 ], [ -2.433918591310418, 56.742612815279678 ], [ -2.433912739956887, 56.742621166089016 ], [ -2.433906884810921, 56.742629517173931 ], [ -2.433901025835818, 56.742637868502015 ], [ -2.433895162994877, 56.742646220040868 ], [ -2.433889296251395, 56.742654571758095 ], [ -2.433883425568675, 56.742662923621275 ], [ -2.433877550910013, 56.74267127559802 ], [ -2.433871672238705, 56.742679627655939 ], [ -2.433865789518054, 56.742687979762579 ], [ -2.433859902711352, 56.742696331885604 ], [ -2.433854011781905, 56.742704683992557 ], [ -2.433848116693007, 56.742713036051079 ], [ -2.433842217407955, 56.742721388028727 ], [ -2.433836313890052, 56.742729739893129 ], [ -2.433830406102593, 56.742738091611855 ], [ -2.433824494008879, 56.742746443152527 ], [ -2.433818577572207, 56.742754794482714 ], [ -2.433812656755873, 56.742763145570038 ], [ -2.433806731523178, 56.742771496382083 ], [ -2.433800801837421, 56.742779846886435 ], [ -2.433794867661898, 56.742788197050736 ], [ -2.43378892895991, 56.742796546842527 ], [ -2.433782985694752, 56.742804896229444 ], [ -2.433777037829725, 56.742813245179065 ], [ -2.433771085328126, 56.742821593658981 ], [ -2.433765128153251, 56.74282994163682 ], [ -2.433759166268407, 56.742838289080154 ], [ -2.433753199636879, 56.742846635956575 ], [ -2.433747228221978, 56.742854982233702 ], [ -2.433741251986993, 56.742863327879107 ], [ -2.433735270895229, 56.742871672860396 ], [ -2.433729284909978, 56.742880017145183 ], [ -2.43372329399454, 56.742888360701038 ], [ -2.433717298112217, 56.742896703495568 ], [ -2.433711297226301, 56.742905045496386 ], [ -2.433705291300097, 56.74291338667107 ], [ -2.433699280296897, 56.74292172698722 ], [ -2.433693264180002, 56.742930066412427 ], [ -2.433687242912711, 56.742938404914291 ], [ -2.433681216458321, 56.742946742460433 ], [ -2.433675184780129, 56.742955079018415 ], [ -2.433669147841436, 56.742963414555845 ], [ -2.433663105605535, 56.742971749040329 ], [ -2.43365705803573, 56.742980082439459 ], [ -2.433651005095316, 56.74298841472082 ], [ -2.433644946747589, 56.742996745852025 ], [ -2.433638882955851, 56.743005075800674 ], [ -2.433632813683398, 56.743013404534345 ], [ -2.433626738893529, 56.743021732020651 ], [ -2.433622230901467, 56.743027905104817 ], [ -2.433623941863711, 56.743025320505346 ], [ -2.433629508154851, 56.743016903810577 ], [ -2.433635070154358, 56.743008487898187 ], [ -2.433640629323106, 56.743000073052777 ], [ -2.433646187121964, 56.742991659558903 ], [ -2.433651745011798, 56.742983247701169 ], [ -2.433657304453483, 56.742974837764166 ], [ -2.433662866907881, 56.742966430032446 ], [ -2.433668433835861, 56.742958024790624 ], [ -2.433674006698287, 56.742949622323273 ], [ -2.433679586956024, 56.742941222914979 ], [ -2.433685176069932, 56.7429328268503 ], [ -2.433690775500875, 56.742924434413844 ], [ -2.433696386709712, 56.742916045890183 ], [ -2.433702011157305, 56.742907661563912 ], [ -2.433707650304509, 56.742899281719602 ], [ -2.433713305612185, 56.742890906641826 ], [ -2.433718978541186, 56.74288253661517 ], [ -2.433724670552366, 56.742874171924207 ], [ -2.433730383106582, 56.742865812853537 ], [ -2.433736117664687, 56.742857459687741 ], [ -2.43374187568753, 56.742849112711362 ], [ -2.433747658635963, 56.742840772209021 ], [ -2.433753467970836, 56.742832438465264 ], [ -2.433759305102638, 56.742824111753031 ], [ -2.433765170247429, 56.742815792068384 ], [ -2.433771062406344, 56.742807479125879 ], [ -2.433776980526067, 56.742799172627443 ], [ -2.433782923553288, 56.742790872274959 ], [ -2.433788890434692, 56.742782577770363 ], [ -2.433794880116969, 56.742774288815554 ], [ -2.433800891546806, 56.742766005112486 ], [ -2.433806923670892, 56.742757726363038 ], [ -2.433812975435918, 56.742749452269152 ], [ -2.433819045788574, 56.742741182532704 ], [ -2.433825133675554, 56.742732916855687 ], [ -2.43383123804355, 56.742724654939941 ], [ -2.433837357839252, 56.742716396487431 ], [ -2.433843492009358, 56.742708141200033 ], [ -2.43384963950056, 56.742699888779725 ], [ -2.433855799259552, 56.74269163892837 ], [ -2.433861970233035, 56.742683391347924 ], [ -2.433868151367701, 56.742675145740279 ], [ -2.433874341610249, 56.742666901807382 ], [ -2.433880539907377, 56.74265865925112 ], [ -2.433886745205787, 56.742650417773433 ], [ -2.433892956452174, 56.742642177076242 ], [ -2.43389917259324, 56.742633936861459 ], [ -2.433905392575687, 56.742625696830999 ], [ -2.433911615346216, 56.742617456686794 ], [ -2.433917839851531, 56.742609216130766 ], [ -2.433924065038333, 56.742600974864821 ], [ -2.433930289853327, 56.742592732590893 ], [ -2.433936513243218, 56.742584489010895 ], [ -2.433942734154711, 56.742576243826754 ], [ -2.433948951534513, 56.742567996740398 ], [ -2.433955164329329, 56.742559747453733 ], [ -2.433961371485865, 56.7425514956687 ], [ -2.43396250652886, 56.742549984604103 ] ] ], [ [ [ -2.433327718714781, 56.743419635752566 ], [ -2.433321551832741, 56.743427576228484 ], [ -2.433315157946625, 56.743435800976343 ], [ -2.433308761568184, 56.743444024119981 ], [ -2.433302364776961, 56.743452246186976 ], [ -2.433295969652511, 56.743460467704899 ], [ -2.433289578274384, 56.743468689201293 ], [ -2.433283192722137, 56.743476911203736 ], [ -2.433276815075325, 56.743485134239805 ], [ -2.433270447413506, 56.743493358837043 ], [ -2.433264091816234, 56.743501585523049 ], [ -2.433257750363073, 56.743509814825373 ], [ -2.433251425133589, 56.743518047271579 ], [ -2.433245118207334, 56.743526283389251 ], [ -2.433238831663878, 56.743534523705932 ], [ -2.433232567582789, 56.743542768749229 ], [ -2.433226328043632, 56.743551019046691 ], [ -2.433220115125974, 56.743559275125904 ], [ -2.433213930909389, 56.743567537514409 ], [ -2.433207777473444, 56.743575806739798 ], [ -2.433201656897716, 56.743584083329651 ], [ -2.433195571261781, 56.743592367811523 ], [ -2.43318952264521, 56.743600660713 ], [ -2.433183513127585, 56.743608962561659 ], [ -2.433177544788486, 56.743617273885064 ], [ -2.43317161970749, 56.74362559521078 ], [ -2.433165739964178, 56.743633927066398 ], [ -2.433159907638143, 56.743642269979489 ], [ -2.433154124808961, 56.743650624477617 ], [ -2.433148393556223, 56.743658991088367 ], [ -2.43314271595952, 56.743667370339338 ], [ -2.433137097238129, 56.743675762694203 ], [ -2.433131559307022, 56.743684168277113 ], [ -2.433126129609014, 56.743692587099773 ], [ -2.433120835590508, 56.743701019173805 ], [ -2.433115704697922, 56.743709464510871 ], [ -2.433110764377715, 56.743717923122588 ], [ -2.433108897789298, 56.743721271818004 ], [ -2.433108915251188, 56.7437211941429 ], [ -2.433111099895662, 56.743712563046358 ], [ -2.433113534630785, 56.743703959302501 ], [ -2.43311623109034, 56.743695384204223 ], [ -2.433119200908107, 56.743686839044464 ], [ -2.433122455717853, 56.743678325116136 ], [ -2.43312600715334, 56.743669843712134 ], [ -2.43312986609958, 56.743661396037915 ], [ -2.433134030735183, 56.743652981815131 ], [ -2.433138488626658, 56.743644599526085 ], [ -2.433143227014911, 56.743636247615065 ], [ -2.433148233140859, 56.743627924526386 ], [ -2.433153494245433, 56.743619628704373 ], [ -2.433158997569576, 56.743611358593306 ], [ -2.433164730354241, 56.74360311263748 ], [ -2.433170679840386, 56.743594889281219 ], [ -2.433176833268993, 56.743586686968811 ], [ -2.433183177881043, 56.743578504144594 ], [ -2.433189700917535, 56.743570339252855 ], [ -2.43319638961947, 56.743562190737912 ], [ -2.43320323122787, 56.743554057044072 ], [ -2.433210212983759, 56.743545936615668 ], [ -2.43321732212817, 56.743537827897022 ], [ -2.433224545902156, 56.743529729332415 ], [ -2.43323187154677, 56.743521639366236 ], [ -2.43323928630308, 56.743513556442764 ], [ -2.433246777412159, 56.743505479006352 ], [ -2.433254332115095, 56.743497405501323 ], [ -2.433261937652982, 56.743489334372022 ], [ -2.433269581266927, 56.743481264062794 ], [ -2.43327725019804, 56.743473193017962 ], [ -2.43328493168745, 56.7434651196819 ], [ -2.433292612976286, 56.743457042498925 ], [ -2.433300281305692, 56.743448959913437 ], [ -2.433307923916824, 56.743440870369731 ], [ -2.43331552805084, 56.743432772312218 ], [ -2.433323080948914, 56.743424664185241 ], [ -2.433327718714781, 56.743419635752566 ] ] ], [ [ [ -2.433100229559306, 56.743907057886751 ], [ -2.433100357339788, 56.743907316560772 ], [ -2.433104925626159, 56.743916048835942 ], [ -2.433109704868497, 56.743924785579637 ], [ -2.433114648606767, 56.743933525751522 ], [ -2.433119710380893, 56.743942268311343 ], [ -2.433124843730754, 56.743951012218794 ], [ -2.433130002196187, 56.74395975643359 ], [ -2.433135139316986, 56.743968499915518 ], [ -2.433140208632903, 56.743977241624293 ], [ -2.433145163683645, 56.743985980519646 ], [ -2.433149958008875, 56.743994715561364 ], [ -2.433154545148215, 56.744003445709197 ], [ -2.433158878641245, 56.744012169922904 ], [ -2.433162912027503, 56.744020887162279 ], [ -2.43316659884648, 56.744029596387072 ], [ -2.433169892637627, 56.744038296557058 ], [ -2.433172746940357, 56.744046986632036 ], [ -2.433175115294036, 56.744055665571771 ], [ -2.433176951247434, 56.744064332336158 ], [ -2.433178222499724, 56.744072986087772 ], [ -2.433178939331337, 56.744081626598877 ], [ -2.433179119999709, 56.744090253756035 ], [ -2.433178782762292, 56.744098867445764 ], [ -2.433177945876563, 56.744107467554578 ], [ -2.433176627600006, 56.744116053968995 ], [ -2.433174846190128, 56.744124626575513 ], [ -2.433172619904453, 56.74413318526063 ], [ -2.433169967000521, 56.744141729910858 ], [ -2.433166905735891, 56.744150260412702 ], [ -2.433163454368139, 56.74415877665264 ], [ -2.433159631154854, 56.744167278517168 ], [ -2.433155454353649, 56.744175765892798 ], [ -2.433150942222149, 56.744184238666001 ], [ -2.433146113018, 56.744192696723282 ], [ -2.433140984998861, 56.744201139951144 ], [ -2.433135576422409, 56.744209568236052 ], [ -2.433129905546339, 56.74421798146453 ], [ -2.433123990628363, 56.744226379523063 ], [ -2.43311784992621, 56.744234762298149 ], [ -2.433111501697623, 56.744243129676306 ], [ -2.433104964200362, 56.744251481544033 ], [ -2.433098255692208, 56.744259817787842 ], [ -2.433091394430953, 56.744268138294224 ], [ -2.433084398674408, 56.744276442949712 ], [ -2.433077286680399, 56.744284731640846 ], [ -2.433070076706775, 56.744293004254104 ], [ -2.433062787011388, 56.744301260676046 ], [ -2.433055435852116, 56.744309500793229 ], [ -2.433048041486851, 56.744317724492127 ], [ -2.433040622166514, 56.744325931659638 ], [ -2.433033191981787, 56.74433412236521 ], [ -2.433025753842904, 56.744342297169048 ], [ -2.433018308801209, 56.744350456712944 ], [ -2.433010857908049, 56.744358601638737 ], [ -2.433003402214778, 56.744366732588205 ], [ -2.43299594277274, 56.744374850203158 ], [ -2.432988480633287, 56.744382955125396 ], [ -2.432981016847767, 56.744391047996743 ], [ -2.432973552467531, 56.744399129458984 ], [ -2.43296608854393, 56.744407200153944 ], [ -2.432958626128316, 56.744415260723407 ], [ -2.432951166272037, 56.744423311809193 ], [ -2.432943710026446, 56.744431354053113 ], [ -2.432936258442895, 56.744439388096964 ], [ -2.432928812572738, 56.744447414582559 ], [ -2.432921373467326, 56.744455434151696 ], [ -2.432913942178013, 56.744463447446201 ], [ -2.432906519756152, 56.744471455107842 ], [ -2.432899107253098, 56.744479457778482 ], [ -2.432891705720206, 56.74448745609989 ], [ -2.432884316208829, 56.744495450713885 ], [ -2.432876939770322, 56.744503442262285 ], [ -2.432869577456041, 56.74451143138689 ], [ -2.432862230317344, 56.744519418729496 ], [ -2.432854899405586, 56.744527404931944 ], [ -2.43284758577212, 56.74453539063601 ], [ -2.432840290468306, 56.744543376483527 ], [ -2.432833014545503, 56.744551363116308 ], [ -2.432825759055067, 56.74455935117615 ], [ -2.432818525048356, 56.744567341304865 ], [ -2.432811313576731, 56.74457533414428 ], [ -2.432804125691547, 56.744583330336184 ], [ -2.432796962444167, 56.744591330522397 ], [ -2.432789824885948, 56.744599335344731 ], [ -2.432782714068251, 56.744607345445004 ], [ -2.432775631042439, 56.74461536146503 ], [ -2.432768576859872, 56.744623384046598 ], [ -2.432761552571912, 56.744631413831549 ], [ -2.432754559229918, 56.744639451461673 ], [ -2.432747597885255, 56.744647497578796 ], [ -2.432740669364152, 56.744655552709304 ], [ -2.432733773508271, 56.744663616874682 ], [ -2.432726909890208, 56.744671689958523 ], [ -2.432720078082551, 56.744679771844375 ], [ -2.432713277657887, 56.744687862415773 ], [ -2.432706508188802, 56.744695961556296 ], [ -2.432699769247884, 56.744704069149456 ], [ -2.43269306040772, 56.744712185078853 ], [ -2.432686381240893, 56.744720309228008 ], [ -2.432679731319995, 56.74472844148049 ], [ -2.432673110217609, 56.744736581719827 ], [ -2.43266651750632, 56.744744729829598 ], [ -2.432659952758714, 56.744752885693345 ], [ -2.432653415547375, 56.744761049194622 ], [ -2.432646905444891, 56.744769220216973 ], [ -2.432640422023846, 56.744777398643954 ], [ -2.43263396485682, 56.744785584359136 ], [ -2.432627533516402, 56.744793777246031 ], [ -2.432621127575175, 56.74480197718821 ], [ -2.432614746605723, 56.744810184069223 ], [ -2.432608390180626, 56.74481839777264 ], [ -2.432602057872472, 56.744826618181975 ], [ -2.43259574925384, 56.744834845180826 ], [ -2.432589463897314, 56.744843078652679 ], [ -2.432583201375476, 56.744851318481146 ], [ -2.43257696126091, 56.744859564549749 ], [ -2.432570743126196, 56.744867816742044 ], [ -2.432564546543913, 56.744876074941565 ], [ -2.432558371086648, 56.744884339031898 ], [ -2.432552216326977, 56.744892608896564 ], [ -2.432546081837484, 56.744900884419124 ], [ -2.432539967190747, 56.744909165483122 ], [ -2.432533871959347, 56.744917451972107 ], [ -2.432527795715864, 56.744925743769642 ], [ -2.432521738032878, 56.744934040759262 ], [ -2.432515698482967, 56.744942342824523 ], [ -2.43250967663871, 56.744950649848974 ], [ -2.432503672072686, 56.744958961716151 ], [ -2.432497684357476, 56.744967278309623 ], [ -2.432491713065655, 56.744975599512934 ], [ -2.432485757769802, 56.744983925209652 ], [ -2.432479818042494, 56.744992255283272 ], [ -2.432473893456308, 56.745000589617391 ], [ -2.432467983583823, 56.745008928095544 ], [ -2.432462087997615, 56.745017270601281 ], [ -2.432456206270256, 56.745025617018136 ], [ -2.432450337974327, 56.745033967229681 ], [ -2.432444482682406, 56.745042321119442 ], [ -2.432438639967061, 56.745050678570976 ], [ -2.432432809400872, 56.74505903946784 ], [ -2.432426990556413, 56.745067403693589 ], [ -2.432421183006261, 56.745075771131745 ], [ -2.432415386322984, 56.745084141665863 ], [ -2.432409600079163, 56.745092515179508 ], [ -2.432403823847368, 56.745100891556206 ], [ -2.432398057200173, 56.745109270679507 ], [ -2.432392299710154, 56.745117652432981 ], [ -2.432386550949877, 56.745126036700164 ], [ -2.43238081049192, 56.745134423364597 ], [ -2.432375077908856, 56.74514281230983 ], [ -2.432369352773252, 56.745151203419404 ], [ -2.432363634657682, 56.745159596576876 ], [ -2.43235792313472, 56.745167991665802 ], [ -2.432352217776932, 56.74517638856971 ], [ -2.432346518156892, 56.74518478717215 ], [ -2.432340823847172, 56.745193187356669 ], [ -2.432335134420336, 56.745201589006825 ], [ -2.432329449448959, 56.74520999200616 ], [ -2.43232376850561, 56.745218396238208 ], [ -2.432318091162856, 56.74522680158654 ], [ -2.432312416993269, 56.74523520793467 ], [ -2.432306745569413, 56.745243615166189 ], [ -2.432301076463858, 56.745252023164596 ], [ -2.432295409249174, 56.74526043181347 ], [ -2.432289743497927, 56.745268840996339 ], [ -2.432284078782684, 56.74527725059675 ], [ -2.432278414676014, 56.745285660498268 ], [ -2.432272750750482, 56.745294070584414 ], [ -2.432267086578654, 56.745302480738744 ], [ -2.432261421733094, 56.745310890844813 ], [ -2.432255755786373, 56.74531930078615 ], [ -2.432250088311053, 56.745327710446325 ], [ -2.432244418879701, 56.745336119708838 ], [ -2.43223874706488, 56.745344528457288 ], [ -2.432233072439156, 56.745352936575173 ], [ -2.432227394575092, 56.74536134394608 ], [ -2.432221713045252, 56.745369750453534 ], [ -2.432216027422201, 56.745378155981072 ], [ -2.432210337278502, 56.74538656041225 ], [ -2.432204642186718, 56.745394963630609 ], [ -2.432198941719407, 56.745403365519707 ], [ -2.43219323544914, 56.74541176596307 ], [ -2.432187522948472, 56.745420164844248 ], [ -2.432181803789968, 56.74542856204679 ], [ -2.43217607754619, 56.745436957454238 ], [ -2.432170343789696, 56.745445350950142 ], [ -2.43216460209305, 56.745453742418029 ], [ -2.432158852028811, 56.745462131741462 ], [ -2.43215309316954, 56.745470518803991 ], [ -2.432147325087796, 56.745478903489129 ], [ -2.43214154735614, 56.74548728568044 ], [ -2.432135759547129, 56.745495665261473 ], [ -2.432129961233324, 56.745504042115741 ], [ -2.432124151987284, 56.745512416126843 ], [ -2.432118331381566, 56.745520787178272 ], [ -2.432112498988729, 56.745529155153598 ], [ -2.432106654381332, 56.745537519936349 ], [ -2.43210079713193, 56.745545881410095 ], [ -2.432094926813081, 56.745554239458343 ], [ -2.432089042997344, 56.74556259396465 ], [ -2.432083145257276, 56.745570944812577 ], [ -2.432077233165427, 56.745579291885633 ], [ -2.43207130629436, 56.745587635067395 ], [ -2.432065364216627, 56.74559597424139 ], [ -2.432059406504786, 56.74560430929116 ], [ -2.432053432731391, 56.745612640100248 ], [ -2.432047442468996, 56.745620966552202 ], [ -2.432041435290156, 56.745629288530559 ], [ -2.432035410767427, 56.745637605918851 ], [ -2.432029368473362, 56.745645918600644 ], [ -2.432023307980515, 56.745654226459465 ], [ -2.432017228861438, 56.745662529378869 ], [ -2.432011130688687, 56.745670827242378 ], [ -2.432005013034811, 56.745679119933541 ], [ -2.431998875472364, 56.7456874073359 ], [ -2.431992717573901, 56.745695689333019 ], [ -2.43198653891197, 56.745703965808403 ], [ -2.431980339059129, 56.745712236645616 ], [ -2.431974117587923, 56.745720501728186 ], [ -2.431967874070905, 56.74572876093967 ], [ -2.431961608080625, 56.745737014163588 ], [ -2.431955319189639, 56.745745261283517 ], [ -2.431949006970491, 56.745753502182964 ], [ -2.431942670995736, 56.745761736745472 ], [ -2.431936310837921, 56.745769964854603 ], [ -2.431929926069594, 56.745778186393878 ], [ -2.431923516263308, 56.745786401246853 ], [ -2.431917080991611, 56.745794609297057 ], [ -2.43191061982705, 56.745802810428017 ], [ -2.431904132342175, 56.745811004523311 ], [ -2.431897618111815, 56.745819191466971 ], [ -2.431891077029928, 56.745827371215704 ], [ -2.43188450963529, 56.745835543873042 ], [ -2.431877916544368, 56.745843709560177 ], [ -2.431871298373627, 56.74585186839829 ], [ -2.431864655739539, 56.745860020508587 ], [ -2.431857989258571, 56.745868166012265 ], [ -2.431851299547189, 56.745876305030535 ], [ -2.431844587221867, 56.745884437684566 ], [ -2.431837852899069, 56.745892564095591 ], [ -2.431831097195275, 56.745900684384786 ], [ -2.431824320726944, 56.745908798673341 ], [ -2.431817524110555, 56.745916907082481 ], [ -2.431810707962577, 56.745925009733384 ], [ -2.431803872899484, 56.745933106747238 ], [ -2.431797019537746, 56.745941198245283 ], [ -2.43179014849384, 56.745949284348676 ], [ -2.431783260384235, 56.745957365178633 ], [ -2.431776355825407, 56.745965440856374 ], [ -2.431769435433829, 56.745973511503045 ], [ -2.431762499825979, 56.745981577239903 ], [ -2.431755549618331, 56.745989638188107 ], [ -2.431748585427358, 56.745997694468869 ], [ -2.431741607869542, 56.74600574620338 ], [ -2.431734617561354, 56.74601379351288 ], [ -2.431727615119271, 56.746021836518523 ], [ -2.431720601159777, 56.746029875341527 ], [ -2.431713576299342, 56.746037910103098 ], [ -2.43170654115445, 56.746045940924418 ], [ -2.431699496341577, 56.746053967926692 ], [ -2.431692442477202, 56.746061991231151 ], [ -2.431685380177808, 56.74607001095896 ], [ -2.431678310059872, 56.746078027231327 ], [ -2.431671232739876, 56.746086040169466 ], [ -2.431664148834298, 56.746094049894573 ], [ -2.431657058959624, 56.746102056527825 ], [ -2.431649963732333, 56.746110060190475 ], [ -2.431642863768908, 56.746118061003685 ], [ -2.431635759685834, 56.746126059088674 ], [ -2.431628652099588, 56.746134054566618 ], [ -2.431621541626661, 56.746142047558763 ], [ -2.431614428883531, 56.746150038186272 ], [ -2.431607314486687, 56.746158026570356 ], [ -2.431600199052611, 56.746166012832241 ], [ -2.431593083197789, 56.746173997093109 ], [ -2.431585967538706, 56.746181979474173 ], [ -2.431578852691848, 56.746189960096622 ], [ -2.431571739273704, 56.746197939081661 ], [ -2.431564627900759, 56.746205916550501 ], [ -2.431557519189502, 56.746213892624354 ], [ -2.431550413756421, 56.746221867424396 ], [ -2.431543312218, 56.746229841071866 ], [ -2.43153621519073, 56.746237813687934 ], [ -2.431529123291102, 56.746245785393832 ], [ -2.431522037135605, 56.746253756310765 ], [ -2.431514957340729, 56.746261726559908 ], [ -2.431507884522962, 56.746269696262495 ], [ -2.431500819298797, 56.746277665539708 ], [ -2.431493762284724, 56.746285634512759 ], [ -2.431486714097238, 56.746293603302867 ], [ -2.431479675352827, 56.746301572031221 ], [ -2.431472646667985, 56.74630954081902 ], [ -2.431465628659204, 56.746317509787502 ], [ -2.431458621942979, 56.746325479057845 ], [ -2.431451627135802, 56.746333448751251 ], [ -2.43144464485417, 56.746341418988941 ], [ -2.431437675714575, 56.746349389892131 ], [ -2.431430720333514, 56.746357361581993 ], [ -2.43142377932748, 56.746365334179764 ], [ -2.431416853312972, 56.746373307806635 ], [ -2.431409942906485, 56.746381282583812 ], [ -2.431403048708183, 56.746389258633194 ], [ -2.431396170642753, 56.746397236104841 ], [ -2.431389307733141, 56.746405215186428 ], [ -2.431382458939531, 56.746413196068247 ], [ -2.431375623222102, 56.746421178940615 ], [ -2.431368799541034, 56.746429163993831 ], [ -2.431361986856506, 56.746437151418178 ], [ -2.431355184128693, 56.74644514140396 ], [ -2.431348390317774, 56.746453134141476 ], [ -2.431341604383925, 56.746461129821007 ], [ -2.431334825287318, 56.746469128632882 ], [ -2.431328051988127, 56.74647713076736 ], [ -2.431321283446526, 56.746485136414769 ], [ -2.431314518622686, 56.746493145765385 ], [ -2.431307756476775, 56.746501159009505 ], [ -2.431300995968967, 56.746509176337447 ], [ -2.431294236059424, 56.74651719793949 ], [ -2.431287475708321, 56.746525224005921 ], [ -2.43128071387582, 56.746533254727034 ], [ -2.431273949522085, 56.746541290293138 ], [ -2.431267181607283, 56.746549330894524 ], [ -2.431260409091579, 56.746557376721483 ], [ -2.431253630935132, 56.746565427964306 ], [ -2.431246846098105, 56.746573484813304 ], [ -2.431240053540658, 56.746581547458739 ], [ -2.431233252222947, 56.74658961609093 ], [ -2.431226441105138, 56.74659769090016 ], [ -2.431219619147381, 56.746605772076713 ], [ -2.431212785309834, 56.746613859810907 ], [ -2.431205938552655, 56.746621954293005 ], [ -2.431199077835996, 56.746630055713325 ], [ -2.431192202120012, 56.746638164262137 ], [ -2.431185310364851, 56.746646280129738 ], [ -2.431178401530667, 56.746654403506433 ], [ -2.431171474577609, 56.746662534582498 ], [ -2.431164528465827, 56.746670673548223 ], [ -2.431157562155471, 56.746678820593907 ], [ -2.431150574606684, 56.746686975909832 ], [ -2.431143564779613, 56.746695139686288 ], [ -2.431136531634403, 56.746703312113588 ], [ -2.431129474131196, 56.74671149338198 ], [ -2.431122392083107, 56.746719683499251 ], [ -2.431115293412513, 56.746727880737744 ], [ -2.431108190526658, 56.746736082410067 ], [ -2.431101095880172, 56.7467442858187 ], [ -2.431094021927691, 56.746752488266125 ], [ -2.431086981123868, 56.746760687054788 ], [ -2.431079985923368, 56.746768879487192 ], [ -2.431073048780867, 56.74677706286581 ], [ -2.431066182151054, 56.746785234493125 ], [ -2.431059398488631, 56.746793391671645 ], [ -2.431052710248315, 56.746801531703824 ], [ -2.431046129884831, 56.7468096518922 ], [ -2.431039669852914, 56.746817749539218 ], [ -2.431033342607322, 56.746825821947425 ], [ -2.431027160602812, 56.746833866419308 ], [ -2.431021136294161, 56.746841880257342 ], [ -2.431015282136154, 56.74684986076408 ], [ -2.431009610583588, 56.746857805241994 ], [ -2.43100413409127, 56.746865710993596 ], [ -2.430998865114021, 56.746873575321409 ], [ -2.430993816163113, 56.74688139566382 ], [ -2.43098900129481, 56.746889173178033 ], [ -2.430984436261271, 56.746896913103441 ], [ -2.430980136901381, 56.746904620888053 ], [ -2.430976119054029, 56.746912301979989 ], [ -2.430972398558119, 56.746919961827309 ], [ -2.430968991252558, 56.746927605878064 ], [ -2.430965912976269, 56.746935239580353 ], [ -2.430963179568182, 56.74694286838222 ], [ -2.430960806867237, 56.746950497731738 ], [ -2.43095881071239, 56.746958133077001 ], [ -2.430957206942602, 56.746965779866038 ], [ -2.430956011396851, 56.746973443546928 ], [ -2.430955239914125, 56.746981129567729 ], [ -2.430954908333432, 56.746988843376499 ], [ -2.430955032493786, 56.746996590421297 ], [ -2.430955628234222, 56.74700437615013 ], [ -2.430956711393787, 56.747012206011092 ], [ -2.430958297811545, 56.747020085452185 ], [ -2.430960403326583, 56.747028019921444 ], [ -2.430963043778005, 56.747036014866893 ], [ -2.430966235004927, 56.74704407573654 ], [ -2.430969992846495, 56.747052207978413 ], [ -2.430974333141871, 56.747060417040487 ], [ -2.430979271730243, 56.747068708370747 ], [ -2.430984820500076, 56.747077086628529 ], [ -2.430990891263971, 56.747085536495675 ], [ -2.430997290358349, 56.747094021598642 ], [ -2.43100381908773, 56.747102504559443 ], [ -2.431010278756427, 56.747110948000127 ], [ -2.431016470668555, 56.747119314542836 ], [ -2.431022196128035, 56.747127566809674 ], [ -2.431027256438597, 56.747135667422803 ], [ -2.431031452903798, 56.74714357900443 ], [ -2.431034586827034, 56.747151264176736 ], [ -2.431036459511563, 56.747158685561907 ], [ -2.431036872260533, 56.747165805782103 ], [ -2.431035626390899, 56.747172587462373 ], [ -2.431032585601161, 56.747179006325837 ], [ -2.431027819374376, 56.747185081303769 ], [ -2.431021439566986, 56.747190840224427 ], [ -2.431013558035566, 56.747196310916067 ], [ -2.431004286636803, 56.74720152120684 ], [ -2.430993737227483, 56.747206498924967 ], [ -2.430982021664464, 56.7472112718986 ], [ -2.43096925180467, 56.747215867955937 ], [ -2.430955539505073, 56.747220314925187 ], [ -2.430940996622683, 56.747224640634577 ], [ -2.430925735014533, 56.747228872912366 ], [ -2.430909866537676, 56.747233039586881 ], [ -2.430893503049178, 56.74723716848645 ], [ -2.430876756406102, 56.747241287439522 ], [ -2.430859738465522, 56.747245424274496 ], [ -2.430842561084506, 56.747249606819956 ], [ -2.430825336120117, 56.747253862904437 ], [ -2.430808175429426, 56.74725822035662 ], [ -2.430791190869497, 56.74726270700517 ], [ -2.430774494297404, 56.747267350678861 ], [ -2.430758197570238, 56.747272179206547 ], [ -2.430742412545098, 56.747277220417089 ], [ -2.430727251079119, 56.747282502139399 ], [ -2.430712825029482, 56.747288052202464 ], [ -2.430699246174387, 56.74729389841324 ], [ -2.430686584335539, 56.747300056856545 ], [ -2.430674798487978, 56.747306512648073 ], [ -2.430663829512637, 56.747313245848183 ], [ -2.430653618290469, 56.747320236517197 ], [ -2.430644105702427, 56.747327464715418 ], [ -2.430635232629477, 56.747334910503106 ], [ -2.43062693995258, 56.747342553940506 ], [ -2.430619168552677, 56.747350375087827 ], [ -2.430611859310701, 56.747358354005264 ], [ -2.43060495310756, 56.747366470752951 ], [ -2.430598390824136, 56.747374705391074 ], [ -2.430592113341281, 56.747383037979773 ], [ -2.430586061539814, 56.747391448579158 ], [ -2.430580176300516, 56.747399917249346 ], [ -2.430574398504131, 56.74740842405042 ], [ -2.430568669031361, 56.747416949042474 ], [ -2.430562928762873, 56.747425472285578 ], [ -2.430557118579286, 56.74743397383979 ], [ -2.430551179361185, 56.747442433765173 ], [ -2.430545051989105, 56.747450832121743 ], [ -2.430538686430951, 56.747459152016255 ], [ -2.430532081597031, 56.747467392964367 ], [ -2.430525252801748, 56.747475559981517 ], [ -2.43051821537141, 56.747483658087134 ], [ -2.430510984632343, 56.747491692300663 ], [ -2.430503575910878, 56.747499667641542 ], [ -2.430496004533356, 56.747507589129178 ], [ -2.430488285826136, 56.747515461783074 ], [ -2.430480435115578, 56.747523290622631 ], [ -2.430472467728054, 56.747531080667308 ], [ -2.430464398989952, 56.747538836936577 ], [ -2.430456244227659, 56.747546564449891 ], [ -2.430448018767574, 56.747554268226686 ], [ -2.430439737936109, 56.747561953286457 ], [ -2.430431417059676, 56.747569624648676 ], [ -2.430423071464703, 56.747577287332788 ], [ -2.430414716477621, 56.747584946358295 ], [ -2.43040636742487, 56.747592606744689 ], [ -2.430398039632897, 56.747600273511438 ], [ -2.430389748428161, 56.747607951678042 ], [ -2.430381507015654, 56.747615645568544 ], [ -2.430373317951235, 56.747623356016014 ], [ -2.430365180456486, 56.747631082760542 ], [ -2.430357093751843, 56.747638825541799 ], [ -2.43034905705774, 56.747646584099499 ], [ -2.430341069594611, 56.747654358173307 ], [ -2.430334492157608, 56.747660811599559 ], [ -2.430336366468059, 56.747658691263389 ], [ -2.430343430220793, 56.747650604739178 ], [ -2.430350423020597, 56.74764249594616 ], [ -2.4303573399823, 56.747634363446238 ], [ -2.430364176220724, 56.747626205801375 ], [ -2.430370926850706, 56.74761802157348 ], [ -2.430377586987078, 56.747609809324473 ], [ -2.430384152720231, 56.747601567919311 ], [ -2.430390630190728, 56.747593299344331 ], [ -2.430397031458653, 56.747585007424462 ], [ -2.430403368660217, 56.747576696008238 ], [ -2.430409653931624, 56.747568368944201 ], [ -2.430415899409076, 56.747560030080891 ], [ -2.430422117228761, 56.747551683266828 ], [ -2.430428319526861, 56.747543332350581 ], [ -2.430434518439549, 56.747534981180628 ], [ -2.430440726102988, 56.74752663360556 ], [ -2.430446954653341, 56.74751829347386 ], [ -2.430453216226753, 56.747509964634055 ], [ -2.430459522959365, 56.747501650934694 ], [ -2.430465886987313, 56.747493356224268 ], [ -2.430472320446718, 56.747485084351283 ], [ -2.430478835473701, 56.747476839164278 ], [ -2.430485444204373, 56.747468624511754 ], [ -2.430492158774835, 56.747460444242215 ], [ -2.430498991321181, 56.747452302204174 ], [ -2.4305059539795, 56.747444202246136 ], [ -2.430513058885875, 56.747436148216572 ], [ -2.430520318176381, 56.747428143963994 ], [ -2.430527743987087, 56.747420193336893 ], [ -2.430535348454057, 56.747412300183754 ], [ -2.430543143713348, 56.747404468353061 ], [ -2.430551141901012, 56.747396701693312 ], [ -2.4305593551531, 56.747389004052955 ], [ -2.430567795605654, 56.747381379280462 ], [ -2.430576475394714, 56.747373831224323 ], [ -2.430585406656319, 56.747366363732979 ], [ -2.4305946015265, 56.74735898065488 ], [ -2.430604072141288, 56.747351685838531 ], [ -2.430613830636718, 56.747344483132295 ], [ -2.430623889148815, 56.747337376384699 ], [ -2.430634259813607, 56.747330369444114 ], [ -2.430644954767121, 56.747323466158996 ], [ -2.430655986145388, 56.747316670377749 ], [ -2.430667366084437, 56.74730998594881 ], [ -2.4306791067203, 56.747303416720577 ], [ -2.430691220189012, 56.747296966541434 ], [ -2.430703716123353, 56.747290638675068 ], [ -2.430716561940591, 56.747284426523954 ], [ -2.430729689940113, 56.747278315287446 ], [ -2.430743031352691, 56.747272289915244 ], [ -2.430756517409126, 56.747266335357118 ], [ -2.43077007934024, 56.747260436562833 ], [ -2.430783648376879, 56.74725457848222 ], [ -2.43079715574991, 56.747248746065097 ], [ -2.430810532690221, 56.747242924261357 ], [ -2.43082371042872, 56.747237098020904 ], [ -2.430836620196339, 56.747231252293645 ], [ -2.430849193224026, 56.747225372029554 ], [ -2.430861360742763, 56.747219442178618 ], [ -2.430873053983549, 56.747213447690818 ], [ -2.430884204177418, 56.747207373516233 ], [ -2.430894742555433, 56.747201204604856 ], [ -2.430904600348697, 56.74719492590679 ], [ -2.43091370878835, 56.747188522372085 ], [ -2.430921999105579, 56.747181978950834 ], [ -2.430929402531622, 56.747175280593105 ], [ -2.430935850297776, 56.747168412249025 ], [ -2.430941273635397, 56.747161358868638 ], [ -2.430945603775915, 56.747154105402025 ], [ -2.43094879250949, 56.747146640875116 ], [ -2.430950916860552, 56.747138979142349 ], [ -2.430952101007684, 56.747131143406712 ], [ -2.430952469215184, 56.747123156888193 ], [ -2.430952145747262, 56.747115042806776 ], [ -2.430951254868039, 56.747106824382385 ], [ -2.430949920841542, 56.747098524834982 ], [ -2.430948267931687, 56.747090167384528 ], [ -2.430946420402283, 56.747081775250926 ], [ -2.430944502517034, 56.747073371654174 ], [ -2.430942638539521, 56.747064979814176 ], [ -2.430940941373201, 56.747056620518528 ], [ -2.430939447745036, 56.747048298244053 ], [ -2.430938163063079, 56.74704001076163 ], [ -2.43093709263899, 56.747031755821475 ], [ -2.430936241784427, 56.747023531173859 ], [ -2.430935615811038, 56.747015334568943 ], [ -2.430935220030476, 56.747007163757026 ], [ -2.430935059754388, 56.746999016488303 ], [ -2.430935140294415, 56.74699089051299 ], [ -2.43093546696219, 56.746982783581359 ], [ -2.430936045069358, 56.746974693443605 ], [ -2.430936879927542, 56.746966617849949 ], [ -2.430937976848373, 56.746958554550616 ], [ -2.430939341143468, 56.746950501295828 ], [ -2.430940978124451, 56.746942455835793 ], [ -2.430942893102935, 56.746934415920741 ], [ -2.430945091390524, 56.746926379300888 ], [ -2.430947578298828, 56.746918343726435 ], [ -2.430950359139443, 56.746910306947584 ], [ -2.430953439223964, 56.746902266714557 ], [ -2.43095682386398, 56.746894220777527 ], [ -2.430960518371075, 56.746886166886732 ], [ -2.430964528056823, 56.746878102792351 ], [ -2.430968858224139, 56.746870026245787 ], [ -2.430973508539718, 56.746861935796929 ], [ -2.430978463328853, 56.746853832168931 ], [ -2.430983704331113, 56.746845716451254 ], [ -2.430989213286075, 56.746837589733374 ], [ -2.430994971933341, 56.746829453104745 ], [ -2.431000962012519, 56.746821307654855 ], [ -2.431007165263242, 56.746813154473188 ], [ -2.431013563425152, 56.746804994649203 ], [ -2.431020138237909, 56.746796829272398 ], [ -2.431026871441192, 56.746788659432248 ], [ -2.431033744774693, 56.746780486218235 ], [ -2.431040739978119, 56.746772310719869 ], [ -2.431047838791202, 56.746764134026627 ], [ -2.431055022953678, 56.746755957228025 ], [ -2.431062274205312, 56.746747781413553 ], [ -2.431069574285872, 56.746739607672737 ], [ -2.431076904935157, 56.746731437095072 ], [ -2.43108424789297, 56.74672327077009 ], [ -2.431091584899137, 56.746715109787296 ], [ -2.4310988976935, 56.746706955236256 ], [ -2.431106170984581, 56.746698808005824 ], [ -2.431113402564149, 56.746690668100733 ], [ -2.431120593827075, 56.746682535282211 ], [ -2.431127746168331, 56.746674409311417 ], [ -2.431134860982895, 56.746666289949587 ], [ -2.431141939665738, 56.746658176957901 ], [ -2.43114898361183, 56.746650070097566 ], [ -2.431155994216141, 56.746641969129762 ], [ -2.431162972873639, 56.746633873815718 ], [ -2.431169920979295, 56.746625783916606 ], [ -2.431176839928072, 56.746617699193649 ], [ -2.431183731114935, 56.746609619408005 ], [ -2.431190595934847, 56.746601544320903 ], [ -2.431197435782769, 56.746593473693537 ], [ -2.431204252053658, 56.746585407287078 ], [ -2.431211046142477, 56.74657734486275 ], [ -2.431217819444185, 56.746569286181732 ], [ -2.431224573353736, 56.746561231005224 ], [ -2.431231309266085, 56.746553179094413 ], [ -2.431238028576183, 56.746545130210507 ], [ -2.431244732678985, 56.746537084114685 ], [ -2.431251422969442, 56.746529040568163 ], [ -2.431258100842502, 56.746520999332112 ], [ -2.431264767693113, 56.746512960167713 ], [ -2.431271424916221, 56.746504922836195 ], [ -2.431278073906774, 56.746496887098729 ], [ -2.431284716059714, 56.746488852716517 ], [ -2.431291352769984, 56.746480819450738 ], [ -2.431297985432524, 56.746472787062586 ], [ -2.431304615442277, 56.746464755313248 ], [ -2.431311244194182, 56.746456723963924 ], [ -2.431317873083169, 56.746448692775807 ], [ -2.431324503504184, 56.746440661510086 ], [ -2.431331136852155, 56.746432629927938 ], [ -2.431337774522019, 56.746424597790565 ], [ -2.431344417908704, 56.746416564859132 ], [ -2.431351068407147, 56.746408530894875 ], [ -2.431357727412267, 56.746400495658932 ], [ -2.431364396319003, 56.746392458912524 ], [ -2.431371076522276, 56.746384420416824 ], [ -2.431377769401655, 56.74637637993473 ], [ -2.431384475592133, 56.746368337312056 ], [ -2.431391194666069, 56.746360292512932 ], [ -2.431397926114332, 56.746352245510572 ], [ -2.431404669427793, 56.746344196278201 ], [ -2.43141142409732, 56.746336144789019 ], [ -2.431418189613787, 56.746328091016224 ], [ -2.431424965468062, 56.746320034933063 ], [ -2.431431751151016, 56.746311976512708 ], [ -2.431438546153526, 56.746303915728419 ], [ -2.431445349966459, 56.746295852553359 ], [ -2.431452162080688, 56.746287786960771 ], [ -2.431458981987087, 56.746279718923873 ], [ -2.43146580917653, 56.746271648415856 ], [ -2.431472643139891, 56.746263575409955 ], [ -2.431479483368042, 56.746255499879346 ], [ -2.43148632935186, 56.746247421797285 ], [ -2.43149318058222, 56.746239341136963 ], [ -2.431500036549996, 56.746231257871599 ], [ -2.431506896746065, 56.746223171974407 ], [ -2.431513760661303, 56.746215083418605 ], [ -2.431520627786589, 56.746206992177392 ], [ -2.431527497612795, 56.746198898224002 ], [ -2.431534369630805, 56.746190801531625 ], [ -2.431541243331491, 56.746182702073511 ], [ -2.431548118205732, 56.746174599822837 ], [ -2.431554993744411, 56.746166494752835 ], [ -2.431561869438403, 56.746158386836719 ], [ -2.43156874477859, 56.746150276047686 ], [ -2.431575619255852, 56.746142162359007 ], [ -2.431582492361069, 56.746134045743823 ], [ -2.431589363585121, 56.746125926175395 ], [ -2.431596232418891, 56.746117803626944 ], [ -2.431603098353259, 56.746109678071633 ], [ -2.431609960879107, 56.746101549482759 ], [ -2.431616819487319, 56.746093417833457 ], [ -2.431623673668776, 56.746085283096981 ], [ -2.431630522914363, 56.746077145246531 ], [ -2.431637366714963, 56.746069004255368 ], [ -2.431644204561461, 56.746060860096662 ], [ -2.431651035944741, 56.746052712743634 ], [ -2.431657860355688, 56.746044562169516 ], [ -2.431664677285185, 56.746036408347507 ], [ -2.431671486224121, 56.746028251250841 ], [ -2.431678286663383, 56.746020090852738 ], [ -2.431685078093857, 56.746011927126389 ], [ -2.431691860006426, 56.746003760045035 ], [ -2.431698631891985, 56.745995589581874 ], [ -2.431705393241416, 56.74598741571014 ], [ -2.43171214354561, 56.745979238403038 ], [ -2.431718882295454, 56.745971057633795 ], [ -2.431725608981838, 56.745962873375625 ], [ -2.431732323095652, 56.745954685601745 ], [ -2.431739024127787, 56.745946494285356 ], [ -2.431745711569131, 56.745938299399718 ], [ -2.431752384910578, 56.745930100918002 ], [ -2.431759043643016, 56.745921898813464 ], [ -2.43176568725734, 56.7459136930593 ], [ -2.431772315244439, 56.745905483628718 ], [ -2.431778927095211, 56.745897270494979 ], [ -2.431785522300542, 56.745889053631252 ], [ -2.43179210035133, 56.745880833010787 ], [ -2.431798660738467, 56.745872608606788 ], [ -2.43180520295285, 56.745864380392483 ], [ -2.431811726485371, 56.745856148341105 ], [ -2.431818230826927, 56.745847912425823 ], [ -2.431824715468414, 56.745839672619923 ], [ -2.431831179900725, 56.745831428896558 ], [ -2.43183762361476, 56.745823181228985 ], [ -2.431844046101413, 56.745814929590431 ], [ -2.431850446851584, 56.745806673954085 ], [ -2.431856825475624, 56.74579841430608 ], [ -2.431863182175031, 56.745790150696237 ], [ -2.431869517333864, 56.745781883194077 ], [ -2.431875831336216, 56.745773611869126 ], [ -2.431882124566191, 56.745765336790939 ], [ -2.431888397407893, 56.745757058029 ], [ -2.431894650245415, 56.745748775652856 ], [ -2.431900883462863, 56.74574048973205 ], [ -2.431907097444337, 56.745732200336093 ], [ -2.431913292573935, 56.745723907534511 ], [ -2.431919469235754, 56.745715611396832 ], [ -2.431925627813893, 56.745707311992604 ], [ -2.431931768692456, 56.745699009391323 ], [ -2.431937892255538, 56.745690703662532 ], [ -2.431943998887237, 56.745682394875764 ], [ -2.431950088971651, 56.745674083100525 ], [ -2.431956162892877, 56.745665768406383 ], [ -2.431962221035012, 56.745657450862794 ], [ -2.431968263782155, 56.745649130539363 ], [ -2.431974291518403, 56.745640807505573 ], [ -2.431980304627851, 56.745632481830945 ], [ -2.431986303494593, 56.745624153585027 ], [ -2.431992288502729, 56.74561582283733 ], [ -2.431998260036351, 56.745607489657388 ], [ -2.432004218479558, 56.74559915411475 ], [ -2.432010164216442, 56.745590816278884 ], [ -2.432016097631101, 56.745582476219354 ], [ -2.432022019107622, 56.7455741340057 ], [ -2.432027929030109, 56.74556578970742 ], [ -2.432033827782651, 56.745557443394048 ], [ -2.432039715749339, 56.745549095135111 ], [ -2.43204559331427, 56.745540745000135 ], [ -2.432051460861538, 56.745532393058639 ], [ -2.432057318775233, 56.745524039380165 ], [ -2.432063167439446, 56.74551568403421 ], [ -2.432069007238273, 56.745507327090323 ], [ -2.432074838555804, 56.74549896861803 ], [ -2.432080661776129, 56.745490608686829 ], [ -2.432086477283344, 56.745482247366283 ], [ -2.432092285461535, 56.745473884725882 ], [ -2.432098086694794, 56.745465520835175 ], [ -2.432103881367212, 56.745457155763681 ], [ -2.432109669862878, 56.745448789580912 ], [ -2.432115452565882, 56.745440422356417 ], [ -2.432121229860315, 56.745432054159693 ], [ -2.432127002130266, 56.745423685060281 ], [ -2.432132769759822, 56.745415315127701 ], [ -2.432138533133074, 56.745406944431487 ], [ -2.432144292634109, 56.74539857304115 ], [ -2.432150048647014, 56.745390201026211 ], [ -2.432155801555879, 56.745381828456203 ], [ -2.432161551744788, 56.745373455400646 ], [ -2.43216729959783, 56.745365081929073 ], [ -2.432173045499094, 56.745356708110997 ], [ -2.432178789832665, 56.745348334015951 ], [ -2.432184532982627, 56.745339959713448 ], [ -2.432190275333069, 56.745331585273007 ], [ -2.432196017268074, 56.745323210764184 ], [ -2.43220175917173, 56.745314836256469 ], [ -2.432207501428119, 56.745306461819382 ], [ -2.43221324442133, 56.745298087522471 ], [ -2.432218988535443, 56.745289713435248 ], [ -2.432224734154544, 56.745281339627226 ], [ -2.43223048166272, 56.74527296616796 ], [ -2.432236231444048, 56.74526459312694 ], [ -2.432241983882617, 56.745256220573687 ], [ -2.432247739362507, 56.745247848577748 ], [ -2.432253498267801, 56.745239477208649 ], [ -2.432259260982583, 56.745231106535883 ], [ -2.432265027890933, 56.745222736628982 ], [ -2.432270799376933, 56.745214367557494 ], [ -2.432276575824665, 56.745205999390897 ], [ -2.43228235761821, 56.745197632198767 ], [ -2.432288145141654, 56.745189266050588 ], [ -2.432293938779069, 56.745180901015878 ], [ -2.432299738914543, 56.745172537164173 ], [ -2.432305545932148, 56.745164174564998 ], [ -2.432311360215969, 56.745155813287887 ], [ -2.432317182150087, 56.745147453402318 ], [ -2.432323012118576, 56.745139094977866 ], [ -2.432328850505519, 56.745130738084022 ], [ -2.432334697694993, 56.745122382790314 ], [ -2.432340554071075, 56.745114029166253 ], [ -2.432346420017846, 56.74510567728138 ], [ -2.432352295919382, 56.745097327205215 ], [ -2.432358182159761, 56.745088979007264 ], [ -2.432364079123059, 56.745080632757045 ], [ -2.432369987193352, 56.745072288524106 ], [ -2.432375906754721, 56.745063946377954 ], [ -2.432381838191236, 56.7450556063881 ], [ -2.432387781886978, 56.745047268624063 ], [ -2.432393738226021, 56.745038933155385 ], [ -2.43239970759244, 56.745030600051564 ], [ -2.432405690370309, 56.745022269382147 ], [ -2.432411686943707, 56.745013941216627 ], [ -2.432417697696704, 56.745005615624542 ], [ -2.432423723013375, 56.744997292675421 ], [ -2.432429763277793, 56.744988972438755 ], [ -2.432435818874038, 56.744980654984076 ], [ -2.432441890186177, 56.744972340380919 ], [ -2.432447977598283, 56.744964028698789 ], [ -2.432454081494435, 56.744955720007226 ], [ -2.432460202258699, 56.744947414375723 ], [ -2.432466340275149, 56.744939111873805 ], [ -2.432472495927859, 56.744930812571006 ], [ -2.432478669600898, 56.744922516536839 ], [ -2.432484861678339, 56.744914223840823 ], [ -2.432491072544252, 56.74490593455247 ], [ -2.432497302582708, 56.744897648741315 ], [ -2.43250355217778, 56.744889366476841 ], [ -2.432509821713536, 56.74488108782861 ], [ -2.432516111574046, 56.744872812866149 ], [ -2.43252242214338, 56.744864541658927 ], [ -2.432528753805606, 56.744856274276508 ], [ -2.432535106944797, 56.744848010788381 ], [ -2.43254148194502, 56.744839751264088 ], [ -2.432547879190341, 56.74483149577312 ], [ -2.432554299064833, 56.74482324438501 ], [ -2.432560741952562, 56.744814997169286 ], [ -2.432567208237596, 56.744806754195459 ], [ -2.432573698304, 56.744798515533049 ], [ -2.432580212535843, 56.744790281251582 ], [ -2.432586751317195, 56.744782051420543 ], [ -2.432593315032119, 56.744773826109473 ], [ -2.432599904064684, 56.744765605387904 ], [ -2.432606518798952, 56.744757389325336 ], [ -2.432613159618995, 56.744749177991288 ], [ -2.432619826908875, 56.744740971455279 ], [ -2.432626521052657, 56.744732769786829 ], [ -2.432633242434408, 56.744724573055457 ], [ -2.432639991438192, 56.744716381330669 ], [ -2.432646768448074, 56.744708194681998 ], [ -2.432653573848118, 56.744700013178942 ], [ -2.432660408022387, 56.744691836891036 ], [ -2.432667271354946, 56.744683665887791 ], [ -2.432674164229862, 56.744675500238706 ], [ -2.432681087031194, 56.744667340013343 ], [ -2.432688040143006, 56.744659185281172 ], [ -2.432695023949359, 56.74465103611174 ], [ -2.432702038834321, 56.744642892574518 ], [ -2.432709085158721, 56.744634754736097 ], [ -2.432716161946711, 56.744626622490294 ], [ -2.4327232661827, 56.744618495467641 ], [ -2.432730394679342, 56.744610373276402 ], [ -2.432737544249298, 56.744602255524867 ], [ -2.432744711705221, 56.744594141821359 ], [ -2.432751893859775, 56.744586031774162 ], [ -2.432759087525624, 56.744577924991567 ], [ -2.432766289515431, 56.744569821081882 ], [ -2.432773496641869, 56.744561719653412 ], [ -2.432780705717607, 56.744553620314434 ], [ -2.432787913555317, 56.74454552267327 ], [ -2.432795116967676, 56.744537426338226 ], [ -2.432802312767362, 56.744529330917572 ], [ -2.432809497767056, 56.744521236019651 ], [ -2.43281666877944, 56.744513141252746 ], [ -2.4328238226172, 56.744505046225157 ], [ -2.432830956093025, 56.744496950545205 ], [ -2.432838066019603, 56.744488853821167 ], [ -2.432845149209629, 56.744480755661399 ], [ -2.432852202475795, 56.744472655674173 ], [ -2.4328592226308, 56.744464553467807 ], [ -2.432866206487344, 56.744456448650595 ], [ -2.43287315085813, 56.744448340830878 ], [ -2.432880052555866, 56.744440229616934 ], [ -2.432886908393251, 56.744432114617098 ], [ -2.432893715183001, 56.744423995439682 ], [ -2.432900469737826, 56.744415871692986 ], [ -2.432907168870441, 56.744407742985331 ], [ -2.432913809393562, 56.744399608925029 ], [ -2.432920388119912, 56.74439146912038 ], [ -2.432926901862209, 56.744383323179733 ], [ -2.432933347433181, 56.744375170711372 ], [ -2.432939721645555, 56.744367011323625 ], [ -2.432946021312056, 56.74435884462482 ], [ -2.432952243245424, 56.74435067022327 ], [ -2.432958384258386, 56.744342487727273 ], [ -2.432964441163683, 56.74433429674518 ], [ -2.432970410774058, 56.744326096885281 ], [ -2.432976289902249, 56.744317887755912 ], [ -2.432982075361001, 56.744309668965393 ], [ -2.432987763963067, 56.744301440122044 ], [ -2.432993352521192, 56.744293200834178 ], [ -2.432998837848132, 56.744284950710131 ], [ -2.433004216756643, 56.744276689358195 ], [ -2.433009486059483, 56.744268416386738 ], [ -2.433014642569414, 56.744260131404047 ], [ -2.4330196830992, 56.744251834018449 ], [ -2.433024604461608, 56.744243523838279 ], [ -2.433029403469408, 56.74423520047187 ], [ -2.433034076935371, 56.744226863527501 ], [ -2.433038621672276, 56.744218512613543 ], [ -2.433043034492894, 56.744210147338293 ], [ -2.433047312210016, 56.744201767310088 ], [ -2.433051451636418, 56.744193372137239 ], [ -2.433055449584894, 56.74418496142809 ], [ -2.433059302868228, 56.744176534790931 ], [ -2.433063008299217, 56.744168091834119 ], [ -2.433066562690656, 56.744159632165967 ], [ -2.433069962855342, 56.744151155394796 ], [ -2.433073205606082, 56.744142661128933 ], [ -2.43307628775568, 56.744134148976684 ], [ -2.43307920611694, 56.744125618546391 ], [ -2.433081957502681, 56.744117069446368 ], [ -2.433084538725712, 56.744108501284956 ], [ -2.433086946598854, 56.744099913670453 ], [ -2.433089177934928, 56.744091306211189 ], [ -2.433091229546762, 56.744082678515497 ], [ -2.433093098247178, 56.744074030191662 ], [ -2.433094780849014, 56.744065360848047 ], [ -2.433096274165099, 56.744056670092959 ], [ -2.433097575045451, 56.744047957538918 ], [ -2.433098684980109, 56.744039223325892 ], [ -2.433099614548107, 56.744030468626875 ], [ -2.433100375383613, 56.744021694734826 ], [ -2.433100979120794, 56.744012902942693 ], [ -2.433101437393797, 56.744004094543428 ], [ -2.433101761836767, 56.743995270829942 ], [ -2.433101964083833, 56.743986433095188 ], [ -2.433102055769114, 56.74397758263212 ], [ -2.433102048526723, 56.743968720733669 ], [ -2.433101953990756, 56.743959848692768 ], [ -2.433101783795302, 56.74395096780237 ], [ -2.433101549574443, 56.743942079355413 ], [ -2.433101262962241, 56.743933184644831 ], [ -2.433100935592754, 56.743924284963562 ], [ -2.433100579100026, 56.743915381604545 ], [ -2.433100229559306, 56.743907057886751 ] ] ], [ [ [ -2.430149273725752, 56.747859743135081 ], [ -2.430148121756511, 56.747861077448981 ], [ -2.430141168852213, 56.747869172057847 ], [ -2.43013424335088, 56.747877274893924 ], [ -2.430127344472932, 56.747885385696854 ], [ -2.430120471438793, 56.747893504206374 ], [ -2.430113623468882, 56.747901630162126 ], [ -2.430106799783621, 56.747909763303767 ], [ -2.430099999603434, 56.747917903371018 ], [ -2.430093222148736, 56.747926050103544 ], [ -2.43008646663995, 56.747934203241009 ], [ -2.430079732297495, 56.747942362523105 ], [ -2.430073018341788, 56.747950527689504 ], [ -2.430066323993249, 56.747958698479884 ], [ -2.430059648472294, 56.747966874633917 ], [ -2.430052990999344, 56.747975055891288 ], [ -2.430046350794812, 56.747983241991655 ], [ -2.430039727079118, 56.747991432674723 ], [ -2.430033119072674, 56.747999627680159 ], [ -2.430026525995899, 56.74800782674761 ], [ -2.430019947069207, 56.748016029616799 ], [ -2.43001338151301, 56.748024236027362 ], [ -2.430006828547725, 56.748032445719005 ], [ -2.430000287393765, 56.748040658431378 ], [ -2.429993757271546, 56.748048873904182 ], [ -2.429987237401473, 56.748057091877051 ], [ -2.429980727003962, 56.7480653120897 ], [ -2.429974225299429, 56.748073534281794 ], [ -2.429967731508279, 56.748081758192995 ], [ -2.429961244850924, 56.748089983562991 ], [ -2.429954764547777, 56.748098210131452 ], [ -2.429948289819244, 56.748106437638043 ], [ -2.429941819885736, 56.748114665822442 ], [ -2.429935353967663, 56.748122894424327 ], [ -2.429928891285428, 56.748131123183384 ], [ -2.429922431059445, 56.748139351839249 ], [ -2.429915972510115, 56.748147580131644 ], [ -2.42990951485785, 56.748155807800195 ], [ -2.429903057323053, 56.748164034584597 ], [ -2.429896599126134, 56.748172260224521 ], [ -2.429890139506096, 56.748180484466204 ], [ -2.429883678099369, 56.748188707195901 ], [ -2.429877214923531, 56.748196928434226 ], [ -2.429870750011523, 56.748205148207155 ], [ -2.429864283396273, 56.748213366540689 ], [ -2.429857815110718, 56.748221583460847 ], [ -2.429851345187794, 56.748229798993613 ], [ -2.429844873660439, 56.748238013165 ], [ -2.429838400561583, 56.748246226000994 ], [ -2.429831925924166, 56.748254437527606 ], [ -2.429825449781119, 56.748262647770844 ], [ -2.429822807223919, 56.748265996644648 ], [ -2.429828660482843, 56.748258501135439 ], [ -2.42983507599438, 56.748250279264795 ], [ -2.429841487281736, 56.748242056339208 ], [ -2.429847894276409, 56.748233832339707 ], [ -2.429854296909897, 56.748225607247313 ], [ -2.429860695113703, 56.748217381043105 ], [ -2.429867088819323, 56.748209153708075 ], [ -2.429873477958258, 56.74820092522328 ], [ -2.429879862462007, 56.748192695569756 ], [ -2.429886242262072, 56.748184464728517 ], [ -2.42989261728995, 56.748176232680642 ], [ -2.429898987667095, 56.748167999457706 ], [ -2.429905354470719, 56.748159765345832 ], [ -2.429911719077954, 56.748151530710942 ], [ -2.429918082866043, 56.748143295919029 ], [ -2.429924447212228, 56.748135061336058 ], [ -2.429930813493753, 56.748126827328051 ], [ -2.429937183087855, 56.748118594260923 ], [ -2.429943557371772, 56.748110362500711 ], [ -2.429949937722744, 56.748102132413337 ], [ -2.429956325518006, 56.748093904364829 ], [ -2.429962722134795, 56.748085678721132 ], [ -2.429969128950346, 56.748077455848225 ], [ -2.429975547341897, 56.748069236112109 ], [ -2.429981978686675, 56.748061019878733 ], [ -2.429988424361916, 56.748052807514085 ], [ -2.429994885744848, 56.748044599384123 ], [ -2.430001364212705, 56.748036395854839 ], [ -2.430007861142716, 56.748028197292214 ], [ -2.430014377912106, 56.748020004062212 ], [ -2.430020915898108, 56.748011816530806 ], [ -2.430027476477945, 56.748003635063974 ], [ -2.430034061028845, 56.747995460027681 ], [ -2.43004067092803, 56.747987291787915 ], [ -2.430047307552726, 56.74797913071064 ], [ -2.430053972280159, 56.747970977161813 ], [ -2.430060666487546, 56.747962831507444 ], [ -2.43006739155211, 56.747954694113474 ], [ -2.430074148851074, 56.747946565345877 ], [ -2.430080939761654, 56.747938445570654 ], [ -2.430087765661071, 56.747930335153733 ], [ -2.430094627926543, 56.747922234461107 ], [ -2.430101527935284, 56.747914143858743 ], [ -2.430108467064516, 56.74790606371262 ], [ -2.430115446691448, 56.747897994388687 ], [ -2.430122468193298, 56.747889936252925 ], [ -2.43012953294728, 56.747881889671298 ], [ -2.430136642330603, 56.747873855009807 ], [ -2.430143797720484, 56.747865832634368 ], [ -2.430149273725752, 56.747859743135081 ] ] ], [ [ [ -2.429317489636692, 56.748902349530979 ], [ -2.429311886748442, 56.748909419823391 ], [ -2.429305396866246, 56.748917611636557 ], [ -2.429298908146211, 56.748925804272361 ], [ -2.429292420621274, 56.748933997756815 ], [ -2.429285934324369, 56.748942192115912 ], [ -2.429279449288436, 56.74895038737565 ], [ -2.429272965546406, 56.748958583562036 ], [ -2.429266483131221, 56.748966780701075 ], [ -2.429260002075811, 56.748974978818744 ], [ -2.429253522413115, 56.748983177941071 ], [ -2.42924704417607, 56.74899137809404 ], [ -2.429240567397612, 56.748999579303657 ], [ -2.429234092110677, 56.749007781595921 ], [ -2.429227618348199, 56.749015984996838 ], [ -2.429221146143117, 56.749024189532413 ], [ -2.429214675528368, 56.749032395228618 ], [ -2.429208206536885, 56.749040602111499 ], [ -2.429201739201605, 56.749048810207015 ], [ -2.429195273555468, 56.749057019541198 ], [ -2.429188809631404, 56.749065230140026 ], [ -2.429182347462355, 56.749073442029513 ], [ -2.429175887081256, 56.749081655235656 ], [ -2.429169428521041, 56.749089869784449 ], [ -2.429162971814646, 56.749098085701903 ], [ -2.429156516995009, 56.749106303014017 ], [ -2.429150064095071, 56.749114521746783 ], [ -2.429143613147761, 56.749122741926215 ], [ -2.429137164186017, 56.749130963578295 ], [ -2.429130717242778, 56.74913918672906 ], [ -2.429124272350977, 56.749147411404458 ], [ -2.429117829543554, 56.749155637630544 ], [ -2.429111388853443, 56.749163865433282 ], [ -2.429104950313584, 56.749172094838677 ], [ -2.429098513956908, 56.749180325872743 ], [ -2.429092079816353, 56.749188558561485 ], [ -2.429085647924858, 56.749196792930874 ], [ -2.429079218315356, 56.749205029006966 ], [ -2.429072791020788, 56.749213266815694 ], [ -2.429066366074089, 56.749221506383101 ], [ -2.429059943508191, 56.749229747735171 ], [ -2.429053523356035, 56.749237990897917 ], [ -2.429047105650559, 56.749246235897346 ], [ -2.429040690424694, 56.749254482759447 ], [ -2.429034277711381, 56.749262731510193 ], [ -2.429027867543556, 56.749270982175645 ], [ -2.429021459954154, 56.749279234781753 ], [ -2.429015054976112, 56.74928748935455 ], [ -2.429008652642368, 56.749295745920023 ], [ -2.429002252985859, 56.749304004504168 ], [ -2.428995856039518, 56.749312265132993 ], [ -2.428989461836284, 56.749320527832502 ], [ -2.428983070409096, 56.749328792628702 ], [ -2.428976681790885, 56.749337059547571 ], [ -2.428970296014593, 56.749345328615128 ], [ -2.428963913113153, 56.749353599857372 ], [ -2.428957533119504, 56.749361873300295 ], [ -2.428951156066582, 56.749370148969909 ], [ -2.428944781987324, 56.749378426892221 ], [ -2.428938410914667, 56.749386707093201 ], [ -2.428932042881548, 56.749394989598883 ], [ -2.428925677920902, 56.749403274435245 ], [ -2.428919316065666, 56.7494115616283 ], [ -2.428912957349214, 56.74941985120374 ], [ -2.428906601842518, 56.749428143159818 ], [ -2.428900249682436, 56.749436437446796 ], [ -2.428893901012501, 56.749444734010055 ], [ -2.428887555976243, 56.749453032794968 ], [ -2.428881214717197, 56.749461333746929 ], [ -2.428874877378892, 56.749469636811313 ], [ -2.42886854410486, 56.749477941933513 ], [ -2.428862215038633, 56.74948624905889 ], [ -2.428855890323744, 56.749494558132838 ], [ -2.428849570103724, 56.749502869100766 ], [ -2.428843254522106, 56.749511181908034 ], [ -2.428836943722422, 56.749519496500007 ], [ -2.428830637848205, 56.749527812822102 ], [ -2.428824337042987, 56.749536130819678 ], [ -2.428818041450304, 56.74954445043813 ], [ -2.428811751213687, 56.749552771622838 ], [ -2.428805466476668, 56.749561094319183 ], [ -2.428799187382782, 56.749569418472554 ], [ -2.428792914075564, 56.749577744028336 ], [ -2.428786646698546, 56.74958607093189 ], [ -2.428780385395263, 56.749594399128625 ], [ -2.428774130309248, 56.749602728563907 ], [ -2.428767881584036, 56.74961105918316 ], [ -2.428761639363161, 56.749619390931699 ], [ -2.428755403790161, 56.749627723754962 ], [ -2.428749175008565, 56.749636057598309 ], [ -2.428742953161913, 56.749644392407141 ], [ -2.428736738393735, 56.749652728126811 ], [ -2.428730530847573, 56.749661064702735 ], [ -2.428724330666957, 56.749669402080279 ], [ -2.428718137995427, 56.749677740204824 ], [ -2.42871674686009, 56.749679615773076 ], [ -2.428721445274472, 56.749673229000145 ], [ -2.428727569324709, 56.749664916131756 ], [ -2.428733700857602, 56.749656604841391 ], [ -2.428739839807185, 56.749648295131166 ], [ -2.4287459861075, 56.749639987003171 ], [ -2.428752139692577, 56.749631680459515 ], [ -2.428758300496458, 56.749623375502317 ], [ -2.428764468453174, 56.749615072133686 ], [ -2.428770643496765, 56.749606770355719 ], [ -2.428776825561268, 56.749598470170532 ], [ -2.428783014580717, 56.74959017158023 ], [ -2.428789210489152, 56.749581874586902 ], [ -2.428795413220606, 56.749573579192685 ], [ -2.428801622709121, 56.749565285399669 ], [ -2.428807838888726, 56.749556993209971 ], [ -2.428814061693467, 56.749548702625688 ], [ -2.428820291057374, 56.749540413648951 ], [ -2.428826526914489, 56.749532126281828 ], [ -2.428832769198844, 56.749523840526457 ], [ -2.42883901784448, 56.749515556384935 ], [ -2.428845272785435, 56.749507273859372 ], [ -2.428851533955742, 56.749498992951871 ], [ -2.428857801289441, 56.749490713664564 ], [ -2.428864074720574, 56.749482435999518 ], [ -2.428870354183168, 56.749474159958858 ], [ -2.42887663961127, 56.749465885544694 ], [ -2.428882930938912, 56.749457612759144 ], [ -2.428889228100136, 56.749449341604318 ], [ -2.428895531028975, 56.749441072082284 ], [ -2.428901839659471, 56.749432804195195 ], [ -2.428908153925662, 56.749424537945131 ], [ -2.428914473761579, 56.749416273334212 ], [ -2.42892079910062, 56.749408010359176 ], [ -2.428927129874535, 56.749399749003224 ], [ -2.428933466014818, 56.749391489247387 ], [ -2.428939807452961, 56.749383231072692 ], [ -2.428946154120455, 56.749374974460174 ], [ -2.428952505948797, 56.749366719390864 ], [ -2.428958862869476, 56.749358465845809 ], [ -2.428965224813987, 56.749350213806032 ], [ -2.428971591713821, 56.749341963252576 ], [ -2.428977963500476, 56.749333714166468 ], [ -2.428984340105441, 56.749325466528745 ], [ -2.42899072146021, 56.749317220320449 ], [ -2.428997107496276, 56.749308975522588 ], [ -2.429003498145133, 56.749300732116232 ], [ -2.429009893338274, 56.749292490082389 ], [ -2.429016293007193, 56.749284249402109 ], [ -2.429022697083383, 56.749276010056413 ], [ -2.429029105498338, 56.749267772026343 ], [ -2.42903551818355, 56.749259535292943 ], [ -2.429041935070513, 56.749251299837219 ], [ -2.429048356090723, 56.749243065640243 ], [ -2.429054781175672, 56.74923483268303 ], [ -2.429061210256852, 56.749226600946606 ], [ -2.429067643265761, 56.749218370412017 ], [ -2.429074080133888, 56.749210141060288 ], [ -2.42908052079273, 56.749201912872486 ], [ -2.429086965173779, 56.749193685829596 ], [ -2.429093413208534, 56.749185459912681 ], [ -2.429099864828483, 56.749177235102785 ], [ -2.429106319965122, 56.749169011380914 ], [ -2.429112778549945, 56.749160788728119 ], [ -2.429119240514449, 56.749152567125442 ], [ -2.429125705790122, 56.749144346553926 ], [ -2.429132174308462, 56.749136126994564 ], [ -2.429138646000965, 56.749127908428399 ], [ -2.429145120799123, 56.749119690836523 ], [ -2.429151598634431, 56.7491114741999 ], [ -2.429158079438384, 56.749103258499609 ], [ -2.429164563142475, 56.749095043716657 ], [ -2.429171049678199, 56.749086829832123 ], [ -2.429177538977055, 56.749078616826985 ], [ -2.429184030970529, 56.749070404682307 ], [ -2.429190525590122, 56.749062193379125 ], [ -2.429197022767328, 56.749053982898467 ], [ -2.429203522433641, 56.749045773221368 ], [ -2.429210024520555, 56.749037564328866 ], [ -2.429216528959565, 56.749029356202001 ], [ -2.429223035682166, 56.749021148821797 ], [ -2.429229544619854, 56.749012942169301 ], [ -2.429236055704123, 56.749004736225537 ], [ -2.429242568866468, 56.748996530971546 ], [ -2.429249084038386, 56.748988326388357 ], [ -2.42925560115137, 56.74898012245702 ], [ -2.429262120136917, 56.748971919158535 ], [ -2.429268640926518, 56.74896371647398 ], [ -2.429275163451674, 56.748955514384356 ], [ -2.429281687643877, 56.748947312870726 ], [ -2.429288213434622, 56.748939111914126 ], [ -2.429294740755405, 56.748930911495549 ], [ -2.429301269537725, 56.748922711596073 ], [ -2.429307799713071, 56.748914512196713 ], [ -2.429314331212944, 56.748906313278511 ], [ -2.429317489636692, 56.748902349530979 ] ] ], [ [ [ -2.428280636741815, 56.750313078837884 ], [ -2.428276431998172, 56.750320026740482 ], [ -2.428271366464672, 56.750328442337896 ], [ -2.428266324975901, 56.75033686418476 ], [ -2.428261307808038, 56.750345292477043 ], [ -2.428256315237265, 56.750353727410733 ], [ -2.428251347539768, 56.750362169181855 ], [ -2.428246404991726, 56.75037061798632 ], [ -2.428241487869321, 56.750379074020159 ], [ -2.428236596448732, 56.750387537479369 ], [ -2.428231731006147, 56.750396008559896 ], [ -2.428226891817746, 56.750404487457764 ], [ -2.428222079159714, 56.750412974368921 ], [ -2.428217293308229, 56.750421469489368 ], [ -2.428212534539478, 56.750429973015088 ], [ -2.428207803129642, 56.75043848514207 ], [ -2.428203099354907, 56.750447006066302 ], [ -2.428198423491455, 56.750455535983754 ], [ -2.428193775815472, 56.750464075090406 ], [ -2.428189156603138, 56.750472623582276 ], [ -2.42818456613064, 56.750481181655317 ], [ -2.428180004674164, 56.750489749505519 ], [ -2.428175472509889, 56.750498327328877 ], [ -2.428170969914007, 56.750506915321367 ], [ -2.428166497162697, 56.750515513678977 ], [ -2.428162054532149, 56.750524122597682 ], [ -2.428157642298545, 56.750532742273485 ], [ -2.428153260738072, 56.750541372902369 ], [ -2.428148910126917, 56.7505500146803 ], [ -2.428144590741263, 56.750558667803283 ], [ -2.428140302857299, 56.750567332467284 ], [ -2.428136046751209, 56.7505760088683 ], [ -2.428131822699185, 56.750584697202328 ], [ -2.428127630977411, 56.750593397665313 ], [ -2.428123471761812, 56.75060211041653 ], [ -2.42811934126858, 56.750610834163268 ], [ -2.428115230533773, 56.750619565713535 ], [ -2.428111130243588, 56.750628301746964 ], [ -2.4281070310842, 56.750637038943296 ], [ -2.428102923741786, 56.750645773982193 ], [ -2.428098798902515, 56.750654503543316 ], [ -2.428094647252547, 56.750663224306365 ], [ -2.428090459478032, 56.750671932951022 ], [ -2.428086226265122, 56.750680626156964 ], [ -2.428081938299953, 56.75068930060386 ], [ -2.428077586268656, 56.750697952971393 ], [ -2.428073160857361, 56.750706579939219 ], [ -2.428068652752184, 56.750715178187036 ], [ -2.428064052639241, 56.750723744394492 ], [ -2.428059351204631, 56.750732275241262 ], [ -2.428054539134464, 56.750740767407017 ], [ -2.428049607114824, 56.750749217571439 ], [ -2.428044545831808, 56.750757622414156 ], [ -2.428039345971492, 56.750765978614844 ], [ -2.428033998219957, 56.750774282853179 ], [ -2.428028493263275, 56.750782531808774 ], [ -2.428022821787511, 56.750790722161341 ], [ -2.428016974478725, 56.750798850590506 ], [ -2.428010942022983, 56.750806913775904 ], [ -2.428004715106333, 56.75081490839721 ], [ -2.427998284414827, 56.750822831134045 ], [ -2.427991640634517, 56.750830678666055 ], [ -2.427984774451442, 56.750838447672898 ], [ -2.427977676551644, 56.750846134834184 ], [ -2.42797033798744, 56.750853736953843 ], [ -2.427962762185327, 56.750861255034962 ], [ -2.427954967643823, 56.750868695195209 ], [ -2.427946973773868, 56.750876063861902 ], [ -2.427938799986419, 56.750883367462386 ], [ -2.42793046569245, 56.750890612423987 ], [ -2.427921990302934, 56.750897805174013 ], [ -2.427913393228862, 56.750904952139855 ], [ -2.427904693881238, 56.750912059748821 ], [ -2.427895911671062, 56.75091913442828 ], [ -2.427887066009358, 56.750926182605575 ], [ -2.427878176307153, 56.750933210708077 ], [ -2.42786926197548, 56.750940225163141 ], [ -2.427860342425382, 56.750947232398175 ], [ -2.427851437067912, 56.750954238840514 ], [ -2.427846656364932, 56.750958017423876 ], [ -2.427849387642103, 56.750955241033203 ], [ -2.427856890585357, 56.750947565877617 ], [ -2.427864349148911, 56.750939880181612 ], [ -2.427871757866915, 56.750932182132878 ], [ -2.427879111273515, 56.750924469919013 ], [ -2.427886403902873, 56.750916741727686 ], [ -2.427893630289142, 56.750908995746549 ], [ -2.427900784966485, 56.750901230163208 ], [ -2.427907862469065, 56.750893443165332 ], [ -2.427914857331054, 56.750885632940559 ], [ -2.427921764086619, 56.750877797676537 ], [ -2.427928577269939, 56.750869935560914 ], [ -2.427935291415189, 56.750862044781343 ], [ -2.427941901056554, 56.750854123525478 ], [ -2.427948400728216, 56.750846169980953 ], [ -2.42795478571181, 56.750838182563655 ], [ -2.427961057399213, 56.750830161555214 ], [ -2.427967220168406, 56.750822108148981 ], [ -2.427973278417653, 56.750814023544606 ], [ -2.427979236545212, 56.750805908941651 ], [ -2.427985098949338, 56.750797765539716 ], [ -2.427990870028288, 56.750789594538389 ], [ -2.427996554180312, 56.750781397137253 ], [ -2.428002155803661, 56.750773174535901 ], [ -2.428007679296578, 56.750764927933915 ], [ -2.428013129057308, 56.750756658530882 ], [ -2.428018509484091, 56.750748367526391 ], [ -2.428023824975163, 56.75074005612003 ], [ -2.428029079928761, 56.750731725511365 ], [ -2.428034278743116, 56.750723376899984 ], [ -2.428039425816451, 56.750715011485475 ], [ -2.428044525547, 56.750706630467434 ], [ -2.428049582332978, 56.750698235045405 ], [ -2.428054600572608, 56.750689826418999 ], [ -2.428059584664104, 56.750681405787773 ], [ -2.428064539005681, 56.750672974351303 ], [ -2.428069467995545, 56.75066453330917 ], [ -2.428074376031903, 56.75065608386096 ], [ -2.428079267512961, 56.750647627206234 ], [ -2.428084146836915, 56.75063916454458 ], [ -2.428089018401963, 56.750630697075557 ], [ -2.428093886606297, 56.750622225998747 ], [ -2.428098755848108, 56.750613752513701 ], [ -2.42810363052558, 56.750605277820036 ], [ -2.428108515036901, 56.75059680311729 ], [ -2.428113413287513, 56.750588329472855 ], [ -2.428118326275588, 56.750579857174309 ], [ -2.428123253936726, 56.750571386224166 ], [ -2.428128196204963, 56.75056291662451 ], [ -2.428133153014321, 56.750554448377478 ], [ -2.428138124298831, 56.750545981485175 ], [ -2.428143109992528, 56.750537515949702 ], [ -2.428148110029436, 56.75052905177315 ], [ -2.42815312434359, 56.750520588957649 ], [ -2.428158152869013, 56.750512127505303 ], [ -2.42816319553974, 56.750503667418187 ], [ -2.428168252289799, 56.750495208698439 ], [ -2.428173323053219, 56.750486751348163 ], [ -2.428178407764032, 56.750478295369462 ], [ -2.428183506356269, 56.750469840764438 ], [ -2.428188618763959, 56.750461387535182 ], [ -2.428193744921133, 56.750452935683839 ], [ -2.428198884761819, 56.750444485212483 ], [ -2.428204038220048, 56.750436036123226 ], [ -2.428209205229853, 56.750427588418198 ], [ -2.428214385725263, 56.750419142099467 ], [ -2.428219579640307, 56.75041069716918 ], [ -2.428224786909015, 56.750402253629403 ], [ -2.428230007465423, 56.750393811482276 ], [ -2.428235241243557, 56.750385370729894 ], [ -2.428240488177452, 56.750376931374348 ], [ -2.428245748201133, 56.750368493417767 ], [ -2.428251021248633, 56.750360056862242 ], [ -2.428256307253987, 56.750351621709896 ], [ -2.428261606151223, 56.750343187962827 ], [ -2.42826691787437, 56.750334755623122 ], [ -2.428272242357462, 56.750326324692921 ], [ -2.428277579534531, 56.750317895174305 ], [ -2.428280636741815, 56.750313078837884 ] ] ], [ [ [ -2.427662913254095, 56.751149550218052 ], [ -2.427662474443106, 56.751150170433874 ], [ -2.427656777534733, 56.751158367618032 ], [ -2.427651144309903, 56.751166610665301 ], [ -2.427645570525344, 56.751174898586747 ], [ -2.427640054758097, 56.751183229705688 ], [ -2.427634595802011, 56.751191602292607 ], [ -2.427629192450934, 56.751200014618007 ], [ -2.427623843498712, 56.751208464952335 ], [ -2.427618547739195, 56.751216951566093 ], [ -2.427613303966229, 56.75122547272975 ], [ -2.427608110973666, 56.751234026713782 ], [ -2.427602967555353, 56.751242611788683 ], [ -2.427597872505137, 56.751251226224909 ], [ -2.427592824616866, 56.751259868292941 ], [ -2.427587822684393, 56.751268536263282 ], [ -2.427582865501563, 56.751277228406394 ], [ -2.427577951862225, 56.751285942992745 ], [ -2.427573080560227, 56.751294678292815 ], [ -2.427568250389423, 56.751303432577082 ], [ -2.427563460143655, 56.75131220411604 ], [ -2.427558708616775, 56.751320991180137 ], [ -2.427553994602628, 56.751329792039861 ], [ -2.427549316895062, 56.751338604965689 ], [ -2.427544674287928, 56.751347428228094 ], [ -2.427540065575072, 56.751356260097566 ], [ -2.427535489550341, 56.751365098844566 ], [ -2.427530945007582, 56.751373942739548 ], [ -2.427526430740643, 56.751382790053036 ], [ -2.427521945543366, 56.751391639055456 ], [ -2.427517488209602, 56.75140048801731 ], [ -2.427513057533196, 56.751409335209068 ], [ -2.427508652307989, 56.75141817890119 ], [ -2.427504271327833, 56.751427017364179 ], [ -2.427499913386569, 56.751435848868475 ], [ -2.427495577278042, 56.751444671684588 ], [ -2.427491261796095, 56.751453484082951 ], [ -2.427486965734575, 56.751462284334067 ], [ -2.427482687887319, 56.751471070708412 ], [ -2.427478427048176, 56.751479841476424 ], [ -2.427474182010989, 56.751488594908601 ], [ -2.427469951569593, 56.751497329275416 ], [ -2.427465734517836, 56.751506042847332 ], [ -2.427461529649558, 56.75151473389483 ], [ -2.427457335758599, 56.751523400688377 ], [ -2.4274531516388, 56.751532041498443 ], [ -2.427448976084002, 56.751540654595509 ], [ -2.427444807888045, 56.751549238250036 ], [ -2.427440645844766, 56.751557790732491 ], [ -2.427436488748008, 56.751566310313358 ], [ -2.427432335391605, 56.75157479526311 ], [ -2.427428184569399, 56.75158324385221 ], [ -2.427424035075228, 56.751591654351124 ], [ -2.427419885702928, 56.751600025030328 ], [ -2.427415735246335, 56.751608354160297 ], [ -2.427411582499289, 56.751616640011484 ], [ -2.427407426255627, 56.751624880854372 ], [ -2.427403265309185, 56.75163307495945 ], [ -2.427399098453797, 56.751641220597158 ], [ -2.4273949244833, 56.751649316037962 ], [ -2.427390742191533, 56.751657359552347 ], [ -2.427386550372328, 56.751665349410807 ], [ -2.427382347819519, 56.751673283883754 ], [ -2.427378133326946, 56.751681161241699 ], [ -2.42737390568844, 56.751688979755102 ], [ -2.427369663697839, 56.751696737694417 ], [ -2.427365406148976, 56.751704433330147 ], [ -2.427361131835686, 56.751712064932711 ], [ -2.427356839551803, 56.751719630772605 ], [ -2.427352528091166, 56.751727129120304 ], [ -2.427348196247607, 56.75173455824627 ], [ -2.427343842814961, 56.751741916420961 ], [ -2.427339466587062, 56.751749201914848 ], [ -2.427335066357744, 56.751756412998411 ], [ -2.42730977951146, 56.751763644122875 ], [ -2.427313064177786, 56.751760303918715 ], [ -2.427318101018706, 56.751752366918112 ], [ -2.427323075213178, 56.751744385885459 ], [ -2.42732798923936, 56.751736362039885 ], [ -2.42733284557541, 56.75172829660044 ], [ -2.427337646699485, 56.751720190786173 ], [ -2.427342395089737, 56.751712045816205 ], [ -2.427347093224323, 56.751703862909572 ], [ -2.427351743581397, 56.751695643285359 ], [ -2.427356348639106, 56.751687388162644 ], [ -2.427360910875607, 56.751679098760498 ], [ -2.427365432769044, 56.751670776298006 ], [ -2.427369916797564, 56.751662421994212 ], [ -2.427374365439317, 56.751654037068214 ], [ -2.427378781172445, 56.751645622739055 ], [ -2.427383166475092, 56.751637180225835 ], [ -2.427387523825399, 56.75162871074761 ], [ -2.427391855701507, 56.751620215523452 ], [ -2.427396164581553, 56.751611695772439 ], [ -2.427400452943678, 56.751603152713599 ], [ -2.427404723266014, 56.751594587566053 ], [ -2.427408978026694, 56.751586001548851 ], [ -2.427413219703853, 56.751577395881071 ], [ -2.427417450775621, 56.751568771781741 ], [ -2.427421673720127, 56.751560130469976 ], [ -2.427425891015494, 56.751551473164824 ], [ -2.427430105139853, 56.751542801085343 ], [ -2.427434318571326, 56.75153411545061 ], [ -2.427438533788033, 56.751525417479691 ], [ -2.427442753268098, 56.751516708391641 ], [ -2.427446979489635, 56.751507989405525 ], [ -2.427451214930764, 56.751499261740435 ], [ -2.427455462069599, 56.751490526615406 ], [ -2.427459723384254, 56.75148178524951 ], [ -2.427464001352841, 56.751473038861818 ], [ -2.427468298453466, 56.751464288671379 ], [ -2.427472617164242, 56.751455535897271 ], [ -2.427476959963273, 56.751446781758553 ], [ -2.427481329328663, 56.751438027474286 ], [ -2.427485727738514, 56.751429274263529 ], [ -2.427490157670929, 56.751420523345338 ], [ -2.427494621604009, 56.751411775938791 ], [ -2.427499122015845, 56.751403033262932 ], [ -2.427503661384541, 56.751394296536837 ], [ -2.427508242188187, 56.75138556697955 ], [ -2.427512866904876, 56.751376845810142 ], [ -2.4275175380127, 56.751368134247656 ], [ -2.427522257989747, 56.751359433511176 ], [ -2.427527029314107, 56.751350744819732 ], [ -2.427531854463863, 56.751342069392415 ], [ -2.427536735917104, 56.751333408448254 ], [ -2.427541676151909, 56.751324763206306 ], [ -2.427546677646363, 56.751316134885649 ], [ -2.427551742878544, 56.751307524705318 ], [ -2.427556874326534, 56.751298933884378 ], [ -2.427562074468407, 56.751290363641886 ], [ -2.427567345782239, 56.751281815196876 ], [ -2.427572690746105, 56.751273289768434 ], [ -2.427578111838081, 56.751264788575597 ], [ -2.427583611536238, 56.751256312837413 ], [ -2.427589192318645, 56.751247863772939 ], [ -2.427594856663378, 56.751239442601225 ], [ -2.427600607048496, 56.751231050541321 ], [ -2.427606445952076, 56.751222688812277 ], [ -2.427612375852179, 56.751214358633149 ], [ -2.427618399226874, 56.75120606122298 ], [ -2.42762451855422, 56.751197797800799 ], [ -2.427630736312289, 56.751189569585677 ], [ -2.427637054979138, 56.751181377796669 ], [ -2.427643477032831, 56.751173223652799 ], [ -2.427650004951432, 56.751165108373115 ], [ -2.427656640043753, 56.751157032730497 ], [ -2.427662913254095, 56.751149550218052 ] ] ] ] } },
{ "type": "Feature", "properties": { "Poly_ID": "UncertaintyLower_1", "Method": "Open", "Timeseries": "VEdge", "Scenario": 8, "Year": 2030, "UncertaintyInterval": 68, "LowerQ": 16.0, "UpperQ": 84.0 }, "geometry": { "type": "Polygon", "coordinates": [ [ [ -2.447991012994593, 56.711740266436003 ], [ -2.448020319800464, 56.711650490036511 ], [ -2.448025074444062, 56.711641810218914 ], [ -2.448030321190737, 56.711633329935601 ], [ -2.448036093503424, 56.711625075152455 ], [ -2.448042424845058, 56.711617071835349 ], [ -2.448049348678589, 56.711609345950151 ], [ -2.448056898466975, 56.71160192346273 ], [ -2.448065107673206, 56.711594830338882 ], [ -2.448074009760297, 56.711588092544439 ], [ -2.448083638191302, 56.71158173604519 ], [ -2.448094026424394, 56.711575786804374 ], [ -2.448105170104759, 56.711570251386227 ], [ -2.448116935951427, 56.711565070212963 ], [ -2.448129163229996, 56.711560169622459 ], [ -2.448141691206068, 56.711555475952778 ], [ -2.44815435914525, 56.711550915541913 ], [ -2.448167006313128, 56.711546414728026 ], [ -2.448179471975267, 56.711541899849301 ], [ -2.448191595397212, 56.711537297243993 ], [ -2.448203215844503, 56.711532533250391 ], [ -2.448214172582669, 56.711527534206887 ], [ -2.44822430487727, 56.711522226451876 ], [ -2.448233451993908, 56.711516536323828 ], [ -2.448241497042992, 56.711510406826896 ], [ -2.44824852991552, 56.711503859564026 ], [ -2.448254701404747, 56.711496939287485 ], [ -2.448260162312453, 56.711489690752757 ], [ -2.448265063440369, 56.711482158715256 ], [ -2.448269555590155, 56.711474387930359 ], [ -2.448273789563387, 56.71146642315346 ], [ -2.448277916161547, 56.711458309139928 ], [ -2.448282086186008, 56.71145009064503 ], [ -2.448286450438031, 56.71144181242412 ], [ -2.448291159717933, 56.71143351923228 ], [ -2.448296333209281, 56.711425248372933 ], [ -2.448301974720803, 56.711417009957216 ], [ -2.44830806175117, 56.711408807895261 ], [ -2.448314571799076, 56.711400646097239 ], [ -2.448321482363245, 56.71139252847334 ], [ -2.448328770942419, 56.711384458933701 ], [ -2.448336415035371, 56.711376441388502 ], [ -2.448344392140898, 56.711368479747918 ], [ -2.44835267975782, 56.711360577922143 ], [ -2.448361255393233, 56.711352739823916 ], [ -2.4483701004081, 56.711344970585955 ], [ -2.448379206142862, 56.711337278499755 ], [ -2.448388565532031, 56.711329672361437 ], [ -2.448398171510136, 56.711322160967114 ], [ -2.448408017011727, 56.711314753112909 ], [ -2.448418094971368, 56.711307457594899 ], [ -2.448428398323642, 56.711300283209191 ], [ -2.448438920003158, 56.711293238751935 ], [ -2.448449652944533, 56.71128633301921 ], [ -2.448460590077756, 56.711279574794794 ], [ -2.448471722462783, 56.711272967912706 ], [ -2.448483036437354, 56.711266503707769 ], [ -2.448494517605313, 56.711260171572299 ], [ -2.448506151570498, 56.711253960898581 ], [ -2.448517923936751, 56.711247861078974 ], [ -2.448529820307912, 56.711241861505705 ], [ -2.448541826287817, 56.711235951571155 ], [ -2.4485539274803, 56.711230120667629 ], [ -2.44856610948919, 56.711224358187458 ], [ -2.448578357918318, 56.711218653522963 ], [ -2.448590658371506, 56.711212996066493 ], [ -2.448602996452572, 56.711207375210364 ], [ -2.448615357765325, 56.711201780346975 ], [ -2.448627727913581, 56.711196200868635 ], [ -2.448640092501134, 56.711190626167742 ], [ -2.448652437131789, 56.71118504563664 ], [ -2.448664747409333, 56.711179448667693 ], [ -2.448677008937555, 56.711173824653301 ], [ -2.448689207320236, 56.711168162985821 ], [ -2.448701328161153, 56.711162453057682 ], [ -2.448713357064079, 56.711156684261248 ], [ -2.448725279632784, 56.711150845988911 ], [ -2.448737081471031, 56.711144927633093 ], [ -2.448748748182584, 56.711138918586222 ], [ -2.448760265371205, 56.71113280824067 ], [ -2.448771618640652, 56.711126585988886 ], [ -2.448782793594685, 56.711120241223291 ], [ -2.448793775837062, 56.711113763336286 ], [ -2.448804550971543, 56.711107141720355 ], [ -2.448815104601893, 56.711100365767891 ], [ -2.44882542233188, 56.711093424871351 ], [ -2.448835490114288, 56.71108630868838 ], [ -2.448845335259296, 56.711079038304099 ], [ -2.448855064933854, 56.711071695486524 ], [ -2.448864795415323, 56.711064368926728 ], [ -2.44887464298106, 56.711057147315692 ], [ -2.448884723908434, 56.711050119344407 ], [ -2.448895154474823, 56.711043373703738 ], [ -2.448906050957631, 56.711036999084612 ], [ -2.448917529634313, 56.711031084177819 ], [ -2.448929706782395, 56.71102571767419 ], [ -2.4489426986795, 56.711020988264423 ], [ -2.448956602483473, 56.71101697228417 ], [ -2.448971351785772, 56.711013640374659 ], [ -2.44898679715057, 56.711010909526024 ], [ -2.449002788490625, 56.711008696307587 ], [ -2.449019175718652, 56.711006917288721 ], [ -2.449035808747268, 56.711005489038875 ], [ -2.449052537488999, 56.711004328127558 ], [ -2.449069211856238, 56.711003351124361 ], [ -2.449085681761256, 56.711002474599013 ], [ -2.449101797116181, 56.711001615121241 ], [ -2.449117407833012, 56.711000689260878 ], [ -2.449132363823632, 56.710999613587873 ], [ -2.449146514999818, 56.710998304672152 ], [ -2.449159711273269, 56.710996679083756 ], [ -2.449171802555635, 56.71099465339276 ], [ -2.449182638758554, 56.710992144169275 ], [ -2.449192069793695, 56.710989067983391 ], [ -2.449199945572815, 56.710985341405255 ], [ -2.449206124611404, 56.710980884859552 ], [ -2.449210626153236, 56.710975690780437 ], [ -2.449213611893333, 56.710969815423098 ], [ -2.449215248458301, 56.710963317251981 ], [ -2.449215702474792, 56.710956254731585 ], [ -2.449215140569447, 56.710948686326233 ], [ -2.449213729368861, 56.710940670500342 ], [ -2.449211635499547, 56.710932265718263 ], [ -2.449209025587898, 56.71092353044434 ], [ -2.449206066260174, 56.710914523142939 ], [ -2.449202924142477, 56.710905302278462 ], [ -2.449199765860731, 56.71089592631526 ], [ -2.449196758040677, 56.710886453717755 ], [ -2.449194067307867, 56.710876942950385 ], [ -2.449191860287665, 56.710867452477586 ], [ -2.44919028209846, 56.710858033894944 ], [ -2.449189351925543, 56.710848698577472 ], [ -2.449189043255704, 56.710839443304977 ], [ -2.44918932951153, 56.710830264836723 ], [ -2.449190184115642, 56.710821159931946 ], [ -2.4491915804907, 56.710812125349939 ], [ -2.449193492059386, 56.710803157849895 ], [ -2.449195892244421, 56.710794254191086 ], [ -2.449198754468545, 56.710785411132754 ], [ -2.449202052154536, 56.710776625434086 ], [ -2.449205758725201, 56.710767893854353 ], [ -2.449209847603364, 56.710759213152762 ], [ -2.449214292211884, 56.710750580088558 ], [ -2.449219065973643, 56.710741991420953 ], [ -2.449224142311548, 56.710733443909199 ], [ -2.44922949464853, 56.710724934312495 ], [ -2.449235096407544, 56.710716459390106 ], [ -2.449240921011571, 56.710708015901261 ], [ -2.449246941883613, 56.710699600605182 ], [ -2.449253132446694, 56.710691210261132 ], [ -2.449259466123864, 56.710682841628362 ], [ -2.449265916338188, 56.710674491466136 ], [ -2.449272456512762, 56.710666156533676 ], [ -2.449279060070697, 56.71065783359029 ], [ -2.449285700435124, 56.710649519395218 ], [ -2.449292351029204, 56.710641210707749 ], [ -2.449298985276111, 56.710632904287159 ], [ -2.449305576599043, 56.71062459689275 ], [ -2.449312098421222, 56.710616285283791 ], [ -2.449318524165886, 56.710607966219598 ], [ -2.449324827256298, 56.710599636459463 ], [ -2.449330981115741, 56.7105912927627 ], [ -2.449336959167758, 56.710582931888638 ], [ -2.449342740449255, 56.710574551225314 ], [ -2.449348324158483, 56.710566150418629 ], [ -2.449353714018446, 56.7105577296213 ], [ -2.449358913752142, 56.710549288986044 ], [ -2.449363927082564, 56.710540828665522 ], [ -2.449368757732703, 56.710532348812436 ], [ -2.449373409425552, 56.710523849579474 ], [ -2.449377885884093, 56.710515331119318 ], [ -2.449382190831313, 56.710506793584671 ], [ -2.449386327990195, 56.710498237128192 ], [ -2.449390301083713, 56.710489661902578 ], [ -2.449394113834845, 56.710481068060524 ], [ -2.449397769966565, 56.710472455754697 ], [ -2.449401273201838, 56.710463825137772 ], [ -2.449404627263637, 56.710455176362437 ], [ -2.44940783587492, 56.710446509581374 ], [ -2.449410902758653, 56.710437824947263 ], [ -2.449413831637791, 56.710429122612766 ], [ -2.449416626235291, 56.710420402730563 ], [ -2.449419290274101, 56.710411665453343 ], [ -2.449421827477173, 56.71040291093378 ], [ -2.449424241567452, 56.710394139324521 ], [ -2.449426536267882, 56.710385350778253 ], [ -2.449428715301401, 56.710376545447666 ], [ -2.449430782390945, 56.710367723485419 ], [ -2.449432741259449, 56.710358885044194 ], [ -2.449434595629844, 56.710350030276636 ], [ -2.449436349225054, 56.710341159335421 ], [ -2.449438005768, 56.710332272373243 ], [ -2.449439568981612, 56.710323369542756 ], [ -2.449441042588798, 56.710314450996634 ], [ -2.449442430312474, 56.71030551688753 ], [ -2.449443735907785, 56.710296567387424 ], [ -2.449444963834658, 56.710287603090059 ], [ -2.44944611923813, 56.710278624999212 ], [ -2.449447207291521, 56.710269634135557 ], [ -2.449448233168145, 56.710260631519816 ], [ -2.449449202041312, 56.710251618172684 ], [ -2.449450119084326, 56.710242595114842 ], [ -2.449450989470492, 56.710233563367019 ], [ -2.449451818373102, 56.71022452394989 ], [ -2.449452610965448, 56.710215477884162 ], [ -2.449453372420815, 56.710206426190524 ], [ -2.449454107912487, 56.71019736988967 ], [ -2.449454822613736, 56.710188310002323 ], [ -2.449455521697837, 56.710179247549156 ], [ -2.449456210338059, 56.710170183550865 ], [ -2.449456893707656, 56.71016111902815 ], [ -2.44945757697989, 56.710152055001736 ], [ -2.449458265328014, 56.710142992492258 ], [ -2.449458963925268, 56.710133932520471 ], [ -2.449459677944901, 56.710124876107052 ], [ -2.449460412560148, 56.710115824272691 ], [ -2.449461172944239, 56.710106778038096 ], [ -2.449461964270403, 56.710097738423926 ], [ -2.449462791711865, 56.710088706450946 ], [ -2.449463660441838, 56.710079683139789 ], [ -2.449464575633536, 56.710070669511168 ], [ -2.449465542460169, 56.710061666585794 ], [ -2.449466566094937, 56.710052675384347 ], [ -2.449467651711042, 56.710043696927521 ], [ -2.449468804481675, 56.710034732236032 ], [ -2.449470029580027, 56.710025782330561 ], [ -2.449471332179282, 56.710016848231781 ], [ -2.449472717452617, 56.710007930960423 ], [ -2.44947419057321, 56.709999031537144 ], [ -2.449475756714231, 56.709990150982662 ], [ -2.449477421048848, 56.709981290317685 ], [ -2.449479188750221, 56.709972450562859 ], [ -2.449481064991508, 56.709963632738905 ], [ -2.449483054945862, 56.709954837866505 ], [ -2.449485163786431, 56.70994606696636 ], [ -2.449487396686363, 56.709937321059151 ], [ -2.449489758818797, 56.709928601165572 ], [ -2.449492255356869, 56.70991990830629 ], [ -2.449494891473713, 56.709911243502013 ], [ -2.449497672342457, 56.709902607773458 ], [ -2.449500603136229, 56.709894002141233 ], [ -2.449503689028146, 56.709885427626098 ], [ -2.449506935191327, 56.709876885248683 ], [ -2.449510346798888, 56.709868376029704 ], [ -2.449513929023939, 56.709859900989834 ], [ -2.449517687039586, 56.709851461149739 ], [ -2.449521625944526, 56.709843057516622 ], [ -2.449525747144362, 56.709834690427478 ], [ -2.449530046724816, 56.709826359254052 ], [ -2.449534520358192, 56.709818063292985 ], [ -2.449539163716803, 56.709809801840969 ], [ -2.449543972472959, 56.709801574194678 ], [ -2.44954894229898, 56.709793379650804 ], [ -2.449554068867188, 56.70978521750601 ], [ -2.449559347849911, 56.709777087056992 ], [ -2.449564774919478, 56.709768987600405 ], [ -2.449570345748226, 56.709760918432956 ], [ -2.449576056008489, 56.709752878851297 ], [ -2.449581901372618, 56.709744868152129 ], [ -2.449587877512954, 56.709736885632104 ], [ -2.449593980101848, 56.70972893058795 ], [ -2.449600204811656, 56.7097210023163 ], [ -2.449606547314737, 56.709713100113859 ], [ -2.449613003283448, 56.709705223277311 ], [ -2.449619568390161, 56.709697371103339 ], [ -2.449626238307241, 56.709689542888597 ], [ -2.44963300870706, 56.709681737929799 ], [ -2.449639875261995, 56.709673955523627 ], [ -2.449646831045708, 56.70966619454807 ], [ -2.449653819501882, 56.709658445885431 ], [ -2.44966073949904, 56.709650693236618 ], [ -2.449667488321669, 56.709642920047351 ], [ -2.449673963254326, 56.709635109763369 ], [ -2.449680061581647, 56.709627245830426 ], [ -2.449685680588341, 56.709619311694318 ], [ -2.449690717559208, 56.709611290800851 ], [ -2.449695069779121, 56.709603166595791 ], [ -2.449698634533055, 56.709594922524985 ], [ -2.449701332886969, 56.709586545567831 ], [ -2.449703204466402, 56.709578040320537 ], [ -2.449704325771323, 56.709569416858464 ], [ -2.449704773313348, 56.709560685258737 ], [ -2.449704623604037, 56.709551855598427 ], [ -2.449703953154893, 56.709542937954616 ], [ -2.449702838477342, 56.70953394240437 ], [ -2.449701356082754, 56.709524879024748 ], [ -2.449699582482423, 56.709515757892845 ], [ -2.449697594187568, 56.709506589085706 ], [ -2.449695467709336, 56.709497382680425 ], [ -2.449693279558795, 56.709488148754069 ], [ -2.449691106246942, 56.70947889738374 ], [ -2.44968902428469, 56.709469638646496 ], [ -2.449687110182876, 56.709460382619454 ], [ -2.449685440452262, 56.709451139379716 ], [ -2.449684091603531, 56.709441919004384 ], [ -2.449683140147291, 56.709432731570558 ], [ -2.449682662594076, 56.709423587155342 ], [ -2.449682735161746, 56.709414495801617 ], [ -2.449683391889177, 56.709405462619785 ], [ -2.449684580974726, 56.709396482681854 ], [ -2.449686240183812, 56.709387549839818 ], [ -2.449688307281913, 56.709378657945599 ], [ -2.449690720034571, 56.709369800851221 ], [ -2.449693416207387, 56.709360972408611 ], [ -2.44969633356602, 56.709352166469742 ], [ -2.449699409876184, 56.709343376886586 ], [ -2.449702582903656, 56.709334597511138 ], [ -2.449705791093562, 56.709325822262933 ], [ -2.449708998945225, 56.709317047653236 ], [ -2.449712204599944, 56.70930827353979 ], [ -2.449715408427039, 56.709299500001961 ], [ -2.449718610795833, 56.709290727119097 ], [ -2.449721812075648, 56.709281954970578 ], [ -2.449725012635804, 56.70927318363578 ], [ -2.449728212845618, 56.709264413194056 ], [ -2.449731413074411, 56.709255643724774 ], [ -2.449734613691504, 56.709246875307301 ], [ -2.449737815066216, 56.709238108021005 ], [ -2.449741017567864, 56.709229341945246 ], [ -2.449744221565767, 56.7092205771594 ], [ -2.449747427429242, 56.709211813742826 ], [ -2.449750635527611, 56.709203051774878 ], [ -2.449753846230186, 56.709194291334953 ], [ -2.449757059906288, 56.709185532502381 ], [ -2.449760276925232, 56.709176775356561 ], [ -2.449763497656335, 56.709168019976822 ], [ -2.44976672246891, 56.709159266442569 ], [ -2.44976995173228, 56.709150514833148 ], [ -2.449773185815757, 56.709141765227926 ], [ -2.449776425088653, 56.70913301770625 ], [ -2.449779669920289, 56.709124272347523 ], [ -2.449782920679975, 56.709115529231099 ], [ -2.449786177737027, 56.709106788436301 ], [ -2.449789441460758, 56.709098050042563 ], [ -2.449792712220482, 56.709089314129194 ], [ -2.449795990385513, 56.709080580775606 ], [ -2.449799276325165, 56.709071850061122 ], [ -2.44980257040875, 56.709063122065125 ], [ -2.449805873005579, 56.709054396866989 ], [ -2.449809184484965, 56.709045674546061 ], [ -2.449812505216221, 56.70903695518173 ], [ -2.449815835568657, 56.709028238853335 ], [ -2.449819175911585, 56.709019525640265 ], [ -2.449822526614313, 56.709010815621866 ], [ -2.449825888046156, 56.709002108877513 ], [ -2.449829260576424, 56.708993405486559 ], [ -2.449832644574422, 56.70898470552838 ], [ -2.449836040409465, 56.708976009082342 ], [ -2.44983944845086, 56.708967316227813 ], [ -2.449842869067915, 56.708958627044147 ], [ -2.449846302629942, 56.708949941610719 ], [ -2.449849749506247, 56.708941260006867 ], [ -2.449853210066137, 56.708932582311995 ], [ -2.449856684678922, 56.708923908605449 ], [ -2.449860173713908, 56.70891523896659 ], [ -2.449863677540406, 56.708906573474785 ], [ -2.449867196527719, 56.708897912209395 ], [ -2.449870730972616, 56.708889255213535 ], [ -2.449874280872444, 56.708880602380574 ], [ -2.449877846147288, 56.708871953565293 ], [ -2.44988142671724, 56.708863308622448 ], [ -2.449885022502391, 56.708854667406818 ], [ -2.44988863342283, 56.708846029773156 ], [ -2.449892259398646, 56.708837395576239 ], [ -2.44989590034993, 56.70882876467082 ], [ -2.449899556196772, 56.708820136911676 ], [ -2.449903226859263, 56.708811512153588 ], [ -2.449906912257492, 56.708802890251292 ], [ -2.449910612311549, 56.708794271059581 ], [ -2.449914326941525, 56.708785654433207 ], [ -2.44991805606751, 56.708777040226934 ], [ -2.449921799609594, 56.708768428295549 ], [ -2.449925557487867, 56.708759818493775 ], [ -2.449929329622419, 56.708751210676439 ], [ -2.449933115933342, 56.708742604698251 ], [ -2.449936916340723, 56.708734000414026 ], [ -2.449940730764659, 56.708725397678499 ], [ -2.449944559125232, 56.708716796346444 ], [ -2.449948401342538, 56.708708196272624 ], [ -2.449952257336663, 56.708699597311821 ], [ -2.449956127027702, 56.708690999318783 ], [ -2.449960010335742, 56.70868240214827 ], [ -2.449963907180877, 56.708673805655089 ], [ -2.449967817483194, 56.708665209693976 ], [ -2.449971741162784, 56.708656614119683 ], [ -2.449975678139737, 56.708648018787009 ], [ -2.449979628334148, 56.708639423550707 ], [ -2.449983591666101, 56.708630828265548 ], [ -2.449987568055692, 56.708622232786297 ], [ -2.449991557423007, 56.708613636967712 ], [ -2.44999555968814, 56.708605040664573 ], [ -2.449999574771179, 56.708596443731643 ], [ -2.450003602592215, 56.708587846023669 ], [ -2.450007643071341, 56.708579247395448 ], [ -2.450011696128645, 56.708570647701727 ], [ -2.45001576168422, 56.708562046797276 ], [ -2.450019839658154, 56.708553444536868 ], [ -2.450023929970539, 56.708544840775261 ], [ -2.450028032541464, 56.708536235367241 ], [ -2.450032147291022, 56.708527628167538 ], [ -2.450036274139302, 56.708519019030966 ], [ -2.450040413006394, 56.708510407812255 ], [ -2.45004456381239, 56.708501794366178 ], [ -2.450048726477382, 56.708493178547528 ], [ -2.450052900921457, 56.708484560211026 ], [ -2.450057087064709, 56.708475939211482 ], [ -2.450061284827227, 56.708467315403631 ], [ -2.450065494129102, 56.708458688642253 ], [ -2.450069714890423, 56.70845005878212 ], [ -2.450073947031283, 56.708441425677997 ], [ -2.450078190471773, 56.708432789184656 ], [ -2.450082445131982, 56.708424149156855 ], [ -2.450086710932003, 56.708415505449338 ], [ -2.450090987791923, 56.708406857916913 ], [ -2.450095275631833, 56.70839820641433 ], [ -2.450099574371828, 56.70838955079634 ], [ -2.450103883931994, 56.708380890917759 ], [ -2.450108204232425, 56.70837222663328 ], [ -2.450112534973215, 56.708363557801981 ], [ -2.450116873404592, 56.708354884330149 ], [ -2.450121215245846, 56.708346206153642 ], [ -2.450125556192892, 56.708337523208804 ], [ -2.450129891941655, 56.708328835431971 ], [ -2.450134218188057, 56.708320142759433 ], [ -2.450138530628032, 56.708311445127535 ], [ -2.450142824957508, 56.708302742472604 ], [ -2.450147096872426, 56.708294034730969 ], [ -2.450151342068727, 56.708285321838943 ], [ -2.450155556242354, 56.708276603732862 ], [ -2.45015973508926, 56.708267880349055 ], [ -2.450163874305393, 56.708259151623849 ], [ -2.450167969586718, 56.708250417493574 ], [ -2.450172016629188, 56.708241677894556 ], [ -2.450176011128773, 56.708232932763124 ], [ -2.450179948781441, 56.708224182035622 ], [ -2.450183825283166, 56.708215425648369 ], [ -2.450187636329925, 56.708206663537695 ], [ -2.450191377617699, 56.708197895639927 ], [ -2.450195044842475, 56.708189121891422 ], [ -2.450198633704688, 56.708180342231991 ], [ -2.450202139900748, 56.708171556598302 ], [ -2.450205559121803, 56.708162764922854 ], [ -2.450208887063858, 56.708153967141996 ], [ -2.450212119422913, 56.708145163192043 ], [ -2.450215251894984, 56.708136353009351 ], [ -2.450218280176079, 56.708127536530249 ], [ -2.450221199962218, 56.708118713691071 ], [ -2.450224006949425, 56.70810988442814 ], [ -2.450226696833726, 56.708101048677811 ], [ -2.450229265311147, 56.708092206376392 ], [ -2.450231708077725, 56.708083357460247 ], [ -2.450234020829501, 56.708074501865696 ], [ -2.450236199262514, 56.708065639529082 ], [ -2.450238239072812, 56.708056770386726 ], [ -2.450240135956448, 56.708047894374957 ], [ -2.450241885609476, 56.708039011430131 ], [ -2.450243483727954, 56.708030121488569 ], [ -2.450244926007946, 56.708021224486615 ], [ -2.450247327165212, 56.707923987594256 ], [ -2.450247327165212, 56.707923987594256 ], [ -2.450274923268219, 56.708025794562623 ], [ -2.450274772091636, 56.708034522044315 ], [ -2.450274371783326, 56.708043254203851 ], [ -2.450273729556035, 56.708051990778053 ], [ -2.450272852622513, 56.708060731503743 ], [ -2.450271748195514, 56.708069476117778 ], [ -2.450270423487804, 56.708078224356989 ], [ -2.450268885712146, 56.708086975958189 ], [ -2.450267142081322, 56.708095730658215 ], [ -2.450265199808111, 56.708104488193889 ], [ -2.450263066105304, 56.708113248302034 ], [ -2.450260748185695, 56.708122010719499 ], [ -2.450258253262086, 56.708130775183093 ], [ -2.450255588547288, 56.708139541429652 ], [ -2.450252761254117, 56.708148309195991 ], [ -2.450249778595393, 56.708157078218946 ], [ -2.450246647783946, 56.708165848235353 ], [ -2.450243376032615, 56.708174618982007 ], [ -2.45023997055424, 56.708183390195785 ], [ -2.450236438569777, 56.708192161619813 ], [ -2.450232787285193, 56.708200932985562 ], [ -2.450229023912127, 56.708209704028896 ], [ -2.450225155663445, 56.708218474486628 ], [ -2.450221189752028, 56.708227244095582 ], [ -2.450217133390758, 56.708236012592636 ], [ -2.45021299379252, 56.708244779714569 ], [ -2.450208778170217, 56.708253545198232 ], [ -2.45020449373675, 56.708262308780469 ], [ -2.450200147705029, 56.708271070198087 ], [ -2.450195747287974, 56.70827982918793 ], [ -2.450191299698504, 56.708288585486855 ], [ -2.450186812149558, 56.708297338831677 ], [ -2.450182291854067, 56.708306088959233 ], [ -2.450177746024979, 56.708314835606359 ], [ -2.450173181875244, 56.708323578509905 ], [ -2.450168606617823, 56.708332317406708 ], [ -2.450164027465678, 56.708341052033589 ], [ -2.450159451631786, 56.708349782127421 ], [ -2.450154886329121, 56.708358507425032 ], [ -2.450150338770673, 56.708367227663267 ], [ -2.450145816156561, 56.708375942579629 ], [ -2.450141323450274, 56.708384652027227 ], [ -2.450136860847457, 56.708393356105439 ], [ -2.45013242793174, 56.708402054945331 ], [ -2.450128024286756, 56.708410748677956 ], [ -2.45012364949614, 56.708419437434344 ], [ -2.450119303143524, 56.708428121345548 ], [ -2.450114984812537, 56.708436800542614 ], [ -2.450110694086812, 56.708445475156587 ], [ -2.450106430549979, 56.708454145318512 ], [ -2.450102193785671, 56.708462811159436 ], [ -2.450097983377512, 56.708471472810409 ], [ -2.45009379890914, 56.708480130402457 ], [ -2.450089639964176, 56.708488784066645 ], [ -2.450085506126253, 56.708497433934006 ], [ -2.450081396978996, 56.708506080135578 ], [ -2.450077312106036, 56.70851472280242 ], [ -2.450073251090995, 56.708523362065577 ], [ -2.450069213517507, 56.708531998056081 ], [ -2.45006519896919, 56.708540630904984 ], [ -2.450061207029676, 56.708549260743354 ], [ -2.450057237282591, 56.708557887702185 ], [ -2.450053289311552, 56.708566511912558 ], [ -2.450049362700192, 56.708575133505505 ], [ -2.45004545703213, 56.708583752612064 ], [ -2.450041571890992, 56.708592369363302 ], [ -2.450037706860398, 56.708600983890236 ], [ -2.450033861523974, 56.708609596323932 ], [ -2.45003003546534, 56.708618206795428 ], [ -2.450026228268121, 56.70862681543575 ], [ -2.450022439515935, 56.708635422375949 ], [ -2.450018668792403, 56.708644027747091 ], [ -2.450014915681146, 56.708652631680202 ], [ -2.450011179765784, 56.708661234306305 ], [ -2.45000746062994, 56.708669835756488 ], [ -2.450003757857226, 56.70867843616179 ], [ -2.450000071031267, 56.708687035653199 ], [ -2.449996399735678, 56.70869563436181 ], [ -2.44999274355408, 56.708704232418661 ], [ -2.449989102070085, 56.70871282995477 ], [ -2.449985474867316, 56.708721427101203 ], [ -2.449981861529384, 56.708730023988998 ], [ -2.44997826163991, 56.708738620749202 ], [ -2.449974674782507, 56.708747217512837 ], [ -2.449971100540791, 56.708755814410964 ], [ -2.449967538498374, 56.708764411574634 ], [ -2.449963988238875, 56.708773009134873 ], [ -2.449960449345906, 56.708781607222733 ], [ -2.449956921403079, 56.708790205969265 ], [ -2.449953403994009, 56.708798805505474 ], [ -2.449949896702309, 56.708807405962439 ], [ -2.44994639911159, 56.708816007471221 ], [ -2.449942910805464, 56.7088246101628 ], [ -2.449939431367542, 56.708833214168251 ], [ -2.449935960381436, 56.708841819618634 ], [ -2.449932497430755, 56.708850426644965 ], [ -2.449929042099113, 56.70885903537831 ], [ -2.449925593970115, 56.708867645949688 ], [ -2.449922152627373, 56.70887625849015 ], [ -2.449918717654493, 56.708884873130742 ], [ -2.449915288635086, 56.708893490002502 ], [ -2.449911865152759, 56.708902109236476 ], [ -2.449908446819454, 56.708910730956894 ], [ -2.449905033496451, 56.708919355228133 ], [ -2.449901625174602, 56.708927982083409 ], [ -2.449898221845856, 56.708936611555693 ], [ -2.449894823502166, 56.708945243677974 ], [ -2.449891430135485, 56.708953878483229 ], [ -2.449888041737763, 56.708962516004405 ], [ -2.449884658300955, 56.708971156274508 ], [ -2.449881279817009, 56.708979799326492 ], [ -2.449877906277881, 56.708988445193341 ], [ -2.449874537675522, 56.708997093908032 ], [ -2.449871174001884, 56.709005745503504 ], [ -2.449867815248918, 56.709014400012791 ], [ -2.449864461408576, 56.709023057468812 ], [ -2.449861112472814, 56.709031717904573 ], [ -2.449857768433579, 56.709040381353027 ], [ -2.449854429282827, 56.709049047847166 ], [ -2.449851095012506, 56.709057717419945 ], [ -2.449847765614571, 56.709066390104368 ], [ -2.449844441080975, 56.709075065933369 ], [ -2.449841121403665, 56.709083744939953 ], [ -2.449837806574596, 56.709092427157081 ], [ -2.449834496585722, 56.709101112617731 ], [ -2.449831191428991, 56.709109801354856 ], [ -2.449827891096356, 56.709118493401469 ], [ -2.449824595579771, 56.709127188790518 ], [ -2.449821304871186, 56.709135887554979 ], [ -2.449818018962552, 56.709144589727835 ], [ -2.449814737845826, 56.709153295342055 ], [ -2.44981146151295, 56.709162004430603 ], [ -2.449808189955886, 56.70917071702646 ], [ -2.44980492316658, 56.709179433162596 ], [ -2.449801661136983, 56.709188152872002 ], [ -2.449798403859054, 56.709196876187619 ], [ -2.449795151324734, 56.709205603142458 ], [ -2.449791903525983, 56.709214333769474 ], [ -2.449788660454748, 56.709223068101643 ], [ -2.449785422102983, 56.709231806171928 ], [ -2.44978218846264, 56.709240548013319 ], [ -2.44977895952567, 56.709249293658793 ], [ -2.449775735284025, 56.709258043141304 ], [ -2.449772515729655, 56.709266796493829 ], [ -2.449769300854514, 56.709275553749357 ], [ -2.449766090650551, 56.709284314940852 ], [ -2.449762885109719, 56.709293080101304 ], [ -2.449759684223969, 56.709301849263653 ], [ -2.449756487985253, 56.709310622460883 ], [ -2.449753296385524, 56.709319399725985 ], [ -2.449750109416732, 56.709328181091941 ], [ -2.449746927313381, 56.709336966608127 ], [ -2.449743774160846, 56.709345757940156 ], [ -2.44974071766948, 56.709354559709766 ], [ -2.449737830204972, 56.709363376854107 ], [ -2.449735184133082, 56.709372214310385 ], [ -2.449732851819635, 56.709381077015784 ], [ -2.449730905630522, 56.709389969907534 ], [ -2.449729417931706, 56.70939889792276 ], [ -2.449728461089222, 56.70940786599872 ], [ -2.449728107469172, 56.709416879072577 ], [ -2.449728426948694, 56.709425941835484 ], [ -2.449729419578549, 56.709435052076223 ], [ -2.449731007785388, 56.709444199910472 ], [ -2.44973310994174, 56.709453375053165 ], [ -2.44973564442006, 56.709462567219219 ], [ -2.449738529592715, 56.709471766123563 ], [ -2.449741683831992, 56.709480961481091 ], [ -2.449745025510098, 56.709490143006768 ], [ -2.449748472999152, 56.70949930041553 ], [ -2.449751944671192, 56.709508423422314 ], [ -2.449755358898172, 56.709517501742091 ], [ -2.449758634051963, 56.709526525089821 ], [ -2.449761688504356, 56.709535483180474 ], [ -2.449764440627064, 56.709544365729066 ], [ -2.449766808791718, 56.709553162450533 ], [ -2.449768711369877, 56.709561863059911 ], [ -2.449770066733036, 56.709570457272186 ], [ -2.449770793252611, 56.70957893480233 ], [ -2.449770809299962, 56.709587285365352 ], [ -2.449770033246389, 56.709595498676208 ], [ -2.449768383744231, 56.709603564498387 ], [ -2.449765824988533, 56.709611480459714 ], [ -2.449762416626004, 56.709619260670664 ], [ -2.449758230314877, 56.709626921315781 ], [ -2.44975333771345, 56.709634478579659 ], [ -2.449747810480083, 56.709641948646869 ], [ -2.449741720273197, 56.709649347701955 ], [ -2.449735138751262, 56.709656691929531 ], [ -2.449728137572802, 56.709663997514156 ], [ -2.449720788396382, 56.70967128064045 ], [ -2.44971316120522, 56.709678556959311 ], [ -2.449705303771596, 56.709685835046088 ], [ -2.449697248122823, 56.7096931184604 ], [ -2.449689025952232, 56.709700410655515 ], [ -2.449680668953178, 56.709707715084654 ], [ -2.449672208819029, 56.709715035201079 ], [ -2.449663677243181, 56.709722374458039 ], [ -2.449655105919049, 56.709729736308823 ], [ -2.449646526540068, 56.709737124206683 ], [ -2.449637970799701, 56.70974454160492 ], [ -2.449629470391422, 56.709751991956836 ], [ -2.449621057008738, 56.709759478715725 ], [ -2.449612762345176, 56.709767005334896 ], [ -2.449604618094279, 56.70977457526768 ], [ -2.449596655949625, 56.709782191967392 ], [ -2.449588907604805, 56.709789858887376 ], [ -2.449581404753443, 56.709797579480963 ], [ -2.449574179089186, 56.709805357201517 ], [ -2.449567262305701, 56.70981319550237 ], [ -2.449560686096691, 56.709821097836901 ], [ -2.449554482155882, 56.709829067658468 ], [ -2.449548682177025, 56.709837108420423 ], [ -2.44954331785391, 56.709845223576146 ], [ -2.449538416383812, 56.709853416011732 ], [ -2.449533973200938, 56.709861684606132 ], [ -2.449529970058379, 56.709870026512327 ], [ -2.449526388655735, 56.709878438876544 ], [ -2.449523210692589, 56.709886918844973 ], [ -2.449520417868513, 56.709895463563875 ], [ -2.449517991883075, 56.709904070179405 ], [ -2.449515914435823, 56.70991273583779 ], [ -2.449514167226292, 56.709921457685219 ], [ -2.449512731954008, 56.70993023286789 ], [ -2.449511590318479, 56.70993905853198 ], [ -2.449510724019205, 56.70994793182367 ], [ -2.449510114755663, 56.709956849889174 ], [ -2.449509744227319, 56.709965809874639 ], [ -2.449509594133624, 56.709974808926262 ], [ -2.449509646174011, 56.709983844190234 ], [ -2.449509882047897, 56.709992912812716 ], [ -2.449510283454682, 56.710002011939871 ], [ -2.449510832093753, 56.710011138717917 ], [ -2.449511509664471, 56.710020290293002 ], [ -2.449512297866189, 56.710029463811289 ], [ -2.449513178398238, 56.710038656418988 ], [ -2.449514132959931, 56.710047865262275 ], [ -2.449515143250562, 56.7100570874873 ], [ -2.449516190969411, 56.710066320240244 ], [ -2.449517257815735, 56.710075560667313 ], [ -2.449518325488775, 56.71008480591469 ], [ -2.449519375687754, 56.7100940531285 ], [ -2.449520390111875, 56.710103299454985 ], [ -2.449521350460326, 56.710112542040278 ], [ -2.449522238432273, 56.710121778030604 ], [ -2.449523035726867, 56.710131004572126 ], [ -2.449523724043236, 56.710140218811013 ], [ -2.449524285080497, 56.710149417893476 ], [ -2.449524700537741, 56.710158598965684 ], [ -2.449524952114051, 56.710167759173814 ], [ -2.449525021508482, 56.710176895664041 ], [ -2.449524890420083, 56.710186005582585 ], [ -2.449524540547875, 56.710195086075579 ], [ -2.449523953590874, 56.710204134289242 ], [ -2.449523111248069, 56.710213147369721 ], [ -2.449521995218434, 56.710222122463222 ], [ -2.449520587200939, 56.710231056715898 ], [ -2.449518868894525, 56.710239947273919 ], [ -2.449516821998126, 56.710248791283462 ], [ -2.449514428210658, 56.710257585890695 ], [ -2.449511669231027, 56.710266328241758 ], [ -2.449508526758125, 56.710275015482821 ], [ -2.449504982490825, 56.710283644760032 ], [ -2.449501018127997, 56.710292213219546 ], [ -2.449496615368493, 56.710300718007474 ], [ -2.449491757278307, 56.710309156448709 ], [ -2.449486478817195, 56.710317532652084 ], [ -2.449480881640128, 56.710325859445426 ], [ -2.449475071788135, 56.710334150229933 ], [ -2.449469155302344, 56.710342418406867 ], [ -2.449463238223955, 56.71035067737747 ], [ -2.449457426594264, 56.710358940543017 ], [ -2.449451826454646, 56.7103672213048 ], [ -2.449446543846566, 56.710375533064123 ], [ -2.44944168481157, 56.710383889222328 ], [ -2.449437355391303, 56.710392303180733 ], [ -2.449433657274046, 56.710400787820959 ], [ -2.449430606651499, 56.710409345817503 ], [ -2.449428141635142, 56.710417970523167 ], [ -2.449426197470072, 56.710426654948563 ], [ -2.449424709401335, 56.71043539210428 ], [ -2.449423612673921, 56.710444175000852 ], [ -2.449422842532766, 56.710452996648876 ], [ -2.449422334222744, 56.710461850058927 ], [ -2.449422022988675, 56.710470728241539 ], [ -2.449421844075314, 56.710479624207295 ], [ -2.44942173272736, 56.710488530966742 ], [ -2.449421624189444, 56.710497441530435 ], [ -2.449421453706143, 56.710506348908957 ], [ -2.449421156521969, 56.710515246112827 ], [ -2.449420667881377, 56.710524126152634 ], [ -2.449419923028754, 56.71053298203892 ], [ -2.449418857208433, 56.710541806782246 ], [ -2.44941740566469, 56.710550593393165 ], [ -2.449415503641736, 56.710559334882205 ], [ -2.449413086383735, 56.710568024259906 ], [ -2.449410089134792, 56.710576654536801 ], [ -2.449406447138958, 56.710585218723388 ], [ -2.449402095709154, 56.710593709837589 ], [ -2.449397001768595, 56.710602124301424 ], [ -2.449391213855982, 56.71061046732607 ], [ -2.449384793505376, 56.710618745522197 ], [ -2.449377802250895, 56.710626965500467 ], [ -2.449370301626711, 56.710635133871534 ], [ -2.44936235316705, 56.710643257246083 ], [ -2.449354018406189, 56.710651342234755 ], [ -2.449345358878452, 56.710659395448282 ], [ -2.449336436118215, 56.710667423497377 ], [ -2.449327311659902, 56.710675432992737 ], [ -2.449318047037979, 56.710683430545139 ], [ -2.449308703786962, 56.710691422765287 ], [ -2.449299343441415, 56.710699416263985 ], [ -2.449290027535942, 56.710707417652038 ], [ -2.449280817605201, 56.710715433540237 ], [ -2.449271775183889, 56.710723470539428 ], [ -2.44926296180675, 56.71073153526045 ], [ -2.449254439008583, 56.710739634314173 ], [ -2.449246268324226, 56.710747774311479 ], [ -2.449238511288576, 56.710755961863242 ], [ -2.449231229436573, 56.710764203580382 ], [ -2.449224484303213, 56.710772506073802 ], [ -2.449218337423547, 56.71078087595442 ], [ -2.449212850332682, 56.710789319833147 ], [ -2.449208084565785, 56.710797844320957 ], [ -2.449204101658084, 56.71080645602872 ], [ -2.449200963144865, 56.710815161567375 ], [ -2.449198730561495, 56.710823967547803 ], [ -2.44919746544339, 56.710832880580931 ], [ -2.449197229326061, 56.710841907277604 ], [ -2.44919808374508, 56.710851054248685 ], [ -2.449200090236107, 56.710860328104964 ], [ -2.449203310334886, 56.710869735457237 ], [ -2.449207764128361, 56.710879272978588 ], [ -2.449213301526084, 56.710888896540752 ], [ -2.449219728768802, 56.710898551545625 ], [ -2.449226852097009, 56.710908183395127 ], [ -2.44923447775096, 56.710917737491158 ], [ -2.449242411970658, 56.710927159235716 ], [ -2.449250460995864, 56.710936394030796 ], [ -2.4492584310661, 56.710945387278485 ], [ -2.449266128420651, 56.710954084380909 ], [ -2.44927335929859, 56.710962430740217 ], [ -2.449279929938798, 56.71097037175862 ], [ -2.449285646579993, 56.710977852838361 ], [ -2.44929031546076, 56.710984819381714 ], [ -2.449293742819592, 56.710991216790909 ], [ -2.44929573489493, 56.71099699046826 ], [ -2.449296097925225, 56.711002085815927 ], [ -2.44929463814898, 56.711006448236127 ], [ -2.449291163617586, 56.711010023818496 ], [ -2.449285606739671, 56.711012805821703 ], [ -2.449278102220585, 56.711014864236148 ], [ -2.449268803332972, 56.711016276094725 ], [ -2.449257863349623, 56.71101711843027 ], [ -2.449245435543414, 56.711017468275642 ], [ -2.44923167318725, 56.7110174026637 ], [ -2.449216729554021, 56.711016998627279 ], [ -2.449200757916561, 56.711016333199304 ], [ -2.449183911547614, 56.711015483412723 ], [ -2.449166343719801, 56.711014526300559 ], [ -2.449148207705603, 56.711013538895877 ], [ -2.44912965677734, 56.711012598231889 ], [ -2.449110844207167, 56.711011781341817 ], [ -2.449091923267062, 56.711011165258995 ], [ -2.449073047228842, 56.711010827016892 ], [ -2.449054369364161, 56.711010843649042 ], [ -2.449036042944528, 56.711011292189049 ], [ -2.449018221241327, 56.711012249670617 ], [ -2.449001057525853, 56.711013793127556 ], [ -2.448984705069339, 56.71101599959372 ], [ -2.448969317142998, 56.711018946103074 ], [ -2.44895504701313, 56.711022709686624 ], [ -2.448941988894643, 56.711027331943669 ], [ -2.448930031005016, 56.711032730871928 ], [ -2.448919016670103, 56.711038797533213 ], [ -2.44890878921589, 56.711045422989308 ], [ -2.448899191968455, 56.711052498301925 ], [ -2.448890068253918, 56.711059914532676 ], [ -2.448881261398418, 56.711067562743189 ], [ -2.448872614728082, 56.711075333994977 ], [ -2.448863971569008, 56.711083119349546 ], [ -2.448855175247276, 56.711090809868345 ], [ -2.44884607219503, 56.711098298780911 ], [ -2.448836590491977, 56.711105536308359 ], [ -2.448826745974035, 56.71111253392737 ], [ -2.448816558806968, 56.711119306136986 ], [ -2.448806049156552, 56.711125867436195 ], [ -2.448795237188567, 56.711132232323983 ], [ -2.448784143068805, 56.711138415299374 ], [ -2.448772786963062, 56.711144430861417 ], [ -2.448761189037133, 56.7111502935091 ], [ -2.448749369456822, 56.711156017741473 ], [ -2.448737348387924, 56.711161618057567 ], [ -2.448725145996236, 56.711167108956431 ], [ -2.448712782447551, 56.71117250493711 ], [ -2.448700277907657, 56.711177820498655 ], [ -2.448687652542338, 56.711183070140159 ], [ -2.448674926517366, 56.711188268360665 ], [ -2.448662119998511, 56.711193429659282 ], [ -2.448649253151534, 56.711198568535082 ], [ -2.448636346142188, 56.711203699487157 ], [ -2.448623419136213, 56.711208837014617 ], [ -2.448610492299343, 56.711213995616582 ], [ -2.448597585797308, 56.711219189792189 ], [ -2.448584719795819, 56.711224434040531 ], [ -2.448571914460588, 56.711229742860795 ], [ -2.448559189957316, 56.711235130752073 ], [ -2.448546566451695, 56.711240612213579 ], [ -2.448534064109416, 56.71124620174443 ], [ -2.448521703096155, 56.71125191384381 ], [ -2.448509503577594, 56.71125776301092 ], [ -2.448497485719408, 56.71126376374491 ], [ -2.448485669687271, 56.711269930545001 ], [ -2.448474075646855, 56.711276277910372 ], [ -2.448462723760226, 56.711282820334283 ], [ -2.448451630104324, 56.711289565567832 ], [ -2.448440798829165, 56.711296501677793 ], [ -2.448430231919814, 56.711303613157803 ], [ -2.448419931361366, 56.711310884501515 ], [ -2.448409899138942, 56.711318300202592 ], [ -2.448400137237684, 56.711325844754697 ], [ -2.448390647642761, 56.711333502651449 ], [ -2.448381432339362, 56.711341258386518 ], [ -2.4483724933127, 56.711349096453553 ], [ -2.448363832560645, 56.711357001350812 ], [ -2.448355461337962, 56.711364960947577 ], [ -2.448347416507694, 56.711372972438859 ], [ -2.44833973932432, 56.711381034618874 ], [ -2.448332471042356, 56.711389146281824 ], [ -2.448325652916358, 56.711397306221961 ], [ -2.448319326200926, 56.711405513233473 ], [ -2.448313532150695, 56.711413766110631 ], [ -2.448308312020347, 56.71142206364766 ], [ -2.448303707064595, 56.711430404638762 ], [ -2.448299758005055, 56.711438787761502 ], [ -2.448296437039609, 56.711447196697904 ], [ -2.448293581067912, 56.71145558552152 ], [ -2.448291011130952, 56.711463904835547 ], [ -2.448288548269572, 56.711472105243125 ], [ -2.448286013524464, 56.711480137347394 ], [ -2.448283227936185, 56.711487951751465 ], [ -2.448280012545162, 56.711495499058415 ], [ -2.448276188391711, 56.711502729871356 ], [ -2.448271576516057, 56.711509594793306 ], [ -2.448265997958353, 56.711516044427299 ], [ -2.448259273758731, 56.711522029376276 ], [ -2.448251243176984, 56.711527506945764 ], [ -2.448241950529272, 56.711532509877244 ], [ -2.448231569291186, 56.711537118427209 ], [ -2.448220274954491, 56.711541413593878 ], [ -2.448208243010983, 56.711545476375491 ], [ -2.448195648952467, 56.71154938777034 ], [ -2.448182668270729, 56.711553228776822 ], [ -2.448169476457523, 56.711557080393348 ], [ -2.448156249004564, 56.711561023618444 ], [ -2.448143161403526, 56.711565139450649 ], [ -2.448130389146054, 56.711569508888665 ], [ -2.448118107723766, 56.711574212931176 ], [ -2.448106492628294, 56.711579332576996 ], [ -2.448095690612917, 56.71158493407534 ], [ -2.448085701927651, 56.711591008484547 ], [ -2.448076480257222, 56.711597522963849 ], [ -2.448067979267095, 56.71160444466252 ], [ -2.448060152622776, 56.711611740729843 ], [ -2.448052953989807, 56.711619378315035 ], [ -2.448046337033754, 56.711627324567338 ], [ -2.448040255420198, 56.711635546635918 ], [ -2.448034662814725, 56.711644011669989 ], [ -2.448029512882918, 56.711652686818717 ], [ -2.447991012994593, 56.711740266436003 ] ] ] } },
{ "type": "Feature", "properties": { "Poly_ID": "UncertaintyLower_2", "Method": "Open", "Timeseries": "VEdge", "Scenario": 8, "Year": 2030, "UncertaintyInterval": 68, "LowerQ": 16.0, "UpperQ": 84.0 }, "geometry": { "type": "MultiPolygon", "coordinates": [ [ [ [ -2.452179945825887, 56.704914610722582 ], [ -2.452177548661248, 56.704918972436218 ], [ -2.452172888641661, 56.704927542807987 ], [ -2.452168272415801, 56.704936121855532 ], [ -2.452163698523423, 56.704944709271643 ], [ -2.45215916550428, 56.704953304749068 ], [ -2.452154671898122, 56.704961907980568 ], [ -2.452150216244696, 56.704970518658911 ], [ -2.452145797083755, 56.704979136476844 ], [ -2.452141412955039, 56.704987761127128 ], [ -2.4521370623983, 56.704996392302526 ], [ -2.452132743953281, 56.705005029695826 ], [ -2.452128456159727, 56.705013672999726 ], [ -2.452124197557376, 56.705022321907016 ], [ -2.452119966685974, 56.705030976110471 ], [ -2.45211576208526, 56.705039635302811 ], [ -2.452111582294973, 56.705048299176816 ], [ -2.452107425854849, 56.705056967425257 ], [ -2.452103291304625, 56.705065639740866 ], [ -2.452099177184039, 56.705074315816411 ], [ -2.452095082032822, 56.70508299534464 ], [ -2.452091004390709, 56.705091678018334 ], [ -2.452086942797431, 56.705100363530214 ], [ -2.452082895792721, 56.705109051573054 ], [ -2.452078861916305, 56.705117741839622 ], [ -2.452074839707914, 56.70512643402266 ], [ -2.452070827707271, 56.705135127814913 ], [ -2.452066824454107, 56.70514382290915 ], [ -2.452062828488143, 56.705152518998133 ], [ -2.452058838349105, 56.705161215774609 ], [ -2.452054852576712, 56.705169912931332 ], [ -2.452050869710686, 56.705178610161056 ], [ -2.452046888290749, 56.705187307156535 ], [ -2.452042906856617, 56.705196003610531 ], [ -2.45203892394801, 56.70520469921577 ], [ -2.452034938104642, 56.705213393665034 ], [ -2.452030947866227, 56.705222086651084 ], [ -2.452026951772481, 56.705230777866646 ], [ -2.452022948363115, 56.705239467004496 ], [ -2.452018936177841, 56.70524815375736 ], [ -2.452014913756368, 56.705256837818034 ], [ -2.452010879638408, 56.705265518879223 ], [ -2.452006832363665, 56.705274196633724 ], [ -2.452002770471846, 56.705282870774248 ], [ -2.45199869250266, 56.705291540993585 ], [ -2.451994596995806, 56.705300206984454 ], [ -2.45199048249099, 56.705308868439623 ], [ -2.451986347527911, 56.705317525051839 ], [ -2.451982190646274, 56.705326176513843 ], [ -2.451978010385774, 56.705334822518417 ], [ -2.451973805395543, 56.705343462768482 ], [ -2.451969577716005, 56.705352097283047 ], [ -2.451965333350168, 56.70536072645038 ], [ -2.451961078525604, 56.705369350679675 ], [ -2.45195681946989, 56.705377970380162 ], [ -2.451952562410615, 56.705386585961016 ], [ -2.45194831357536, 56.705395197831471 ], [ -2.451944079191724, 56.70540380640071 ], [ -2.451939865487308, 56.705412412077948 ], [ -2.451935678689717, 56.705421015272393 ], [ -2.451931525026561, 56.705429616393275 ], [ -2.451927410725453, 56.705438215849775 ], [ -2.45192334201402, 56.705446814051122 ], [ -2.451919325119888, 56.705455411406525 ], [ -2.451915366270687, 56.70546400832518 ], [ -2.451911471694059, 56.705472605216343 ], [ -2.451907647617646, 56.705481202489175 ], [ -2.451903900269096, 56.705489800552925 ], [ -2.451900235876065, 56.70549839981679 ], [ -2.451896660628047, 56.705507000667581 ], [ -2.451893175079968, 56.705515600182466 ], [ -2.451889768249131, 56.70552418866162 ], [ -2.451886427740324, 56.705532755575582 ], [ -2.451883141158328, 56.705541290394841 ], [ -2.451879896107911, 56.705549782589934 ], [ -2.45187668019384, 56.705558221631371 ], [ -2.45187348102087, 56.705566596989648 ], [ -2.45187028619375, 56.705574898135289 ], [ -2.451867083317221, 56.705583114538776 ], [ -2.451863859740368, 56.705591235655213 ], [ -2.451860582442703, 56.705599249709067 ], [ -2.451857183538007, 56.70560714281865 ], [ -2.45185359171993, 56.70561490089559 ], [ -2.451849735682071, 56.705622509851523 ], [ -2.451845544117984, 56.705629955598056 ], [ -2.451840945721179, 56.705637224046839 ], [ -2.451835869185131, 56.705644301109437 ], [ -2.451830243203279, 56.705651172697451 ], [ -2.45182399646904, 56.705657824722429 ], [ -2.45181705767581, 56.705664243095924 ], [ -2.451809366918932, 56.705670417544219 ], [ -2.451800951657275, 56.705676367023173 ], [ -2.451791879751416, 56.705682124005911 ], [ -2.451782219280799, 56.705687721038842 ], [ -2.451772038324887, 56.705693190668342 ], [ -2.451761404963166, 56.705698565440819 ], [ -2.451750387275125, 56.705703877902721 ], [ -2.451739053340264, 56.70570916060047 ], [ -2.451727471238081, 56.705714446080542 ], [ -2.451715709048076, 56.705719766889452 ], [ -2.451703834849746, 56.705725155573667 ], [ -2.451691916722579, 56.705730644679775 ], [ -2.451680022746067, 56.705736266754322 ], [ -2.451668220433054, 56.705742053958751 ], [ -2.451656553846574, 56.705748022515714 ], [ -2.45164503573876, 56.705754167365811 ], [ -2.451633676681592, 56.705760481967822 ], [ -2.451622487247064, 56.70576695978049 ], [ -2.451611478007196, 56.70577359426261 ], [ -2.451600659534019, 56.705780378872944 ], [ -2.451590042399589, 56.705787307070274 ], [ -2.451579637175982, 56.705794372313356 ], [ -2.45156945443529, 56.705801568061005 ], [ -2.451559504748232, 56.705808887774303 ], [ -2.451554331798189, 56.705812851479806 ], [ -2.451554651672823, 56.705812540005553 ], [ -2.451562469504971, 56.705805255446911 ], [ -2.451570537541338, 56.705798065493319 ], [ -2.451578863459876, 56.705790972936192 ], [ -2.451587454933416, 56.705783980575553 ], [ -2.451596319634795, 56.705777091211431 ], [ -2.451605465236844, 56.705770307643803 ], [ -2.451614899412402, 56.705763632672671 ], [ -2.451624629834305, 56.705757069098063 ], [ -2.451634664175398, 56.705750619719943 ], [ -2.45164501010852, 56.705744287338291 ], [ -2.451655674653086, 56.705738074555121 ], [ -2.451666634857112, 56.705731974890227 ], [ -2.451677825963702, 56.705725969195484 ], [ -2.451689180113382, 56.705720037382548 ], [ -2.451700629446688, 56.705714159363154 ], [ -2.451712106104188, 56.705708315049023 ], [ -2.451723542226454, 56.705702484351917 ], [ -2.45173486995409, 56.705696647183643 ], [ -2.451746021427711, 56.705690783455992 ], [ -2.451756928787947, 56.705684873080806 ], [ -2.451767524175456, 56.705678895969939 ], [ -2.451777739730912, 56.705672832035283 ], [ -2.451787507595027, 56.705666661188701 ], [ -2.451796759908532, 56.705660363342147 ], [ -2.45180544313008, 56.705653921701987 ], [ -2.451813565677626, 56.705647333731036 ], [ -2.451821152725221, 56.705640600747607 ], [ -2.451828229447209, 56.70563372407004 ], [ -2.451834821017917, 56.705626705016655 ], [ -2.451840952611669, 56.705619544905772 ], [ -2.451846649402783, 56.705612245055704 ], [ -2.451851936565562, 56.70560480678477 ], [ -2.451856839274305, 56.705597231411218 ], [ -2.451861382703298, 56.705589520253355 ], [ -2.451865592360639, 56.705581674803476 ], [ -2.451869502803401, 56.705573701270247 ], [ -2.451873158472045, 56.705565611013768 ], [ -2.451876604308101, 56.705557415655271 ], [ -2.451879885253075, 56.705549126816038 ], [ -2.451883046248435, 56.705540756117252 ], [ -2.451886132235625, 56.705532315180157 ], [ -2.45188918815604, 56.705523815625988 ], [ -2.451892258951049, 56.705515269075974 ], [ -2.451895389561981, 56.705506687151313 ], [ -2.451898619941989, 56.70549808047241 ], [ -2.451901957021664, 56.705489453034005 ], [ -2.45190539431128, 56.705480806138254 ], [ -2.451908925282344, 56.705472141079461 ], [ -2.451912543406372, 56.705463459152 ], [ -2.451916242154881, 56.705454761650167 ], [ -2.451920014999406, 56.705446049868335 ], [ -2.451923855411474, 56.705437325100817 ], [ -2.451927756862629, 56.705428588641979 ], [ -2.451931712824414, 56.705419841786167 ], [ -2.451935716768386, 56.705411085827684 ], [ -2.4519397621661, 56.705402322060934 ], [ -2.451943842489128, 56.705393551780205 ], [ -2.451947951209036, 56.705384776279885 ], [ -2.451952081797406, 56.705375996854286 ], [ -2.451956227725825, 56.705367214797761 ], [ -2.451960382465882, 56.705358431404669 ], [ -2.451964539489179, 56.705349647969371 ], [ -2.45196869226732, 56.705340865786191 ], [ -2.451972834959623, 56.705332086043889 ], [ -2.451976966575105, 56.705323309186433 ], [ -2.451981088208534, 56.705314535337436 ], [ -2.451985200962771, 56.705305764619339 ], [ -2.451989305940674, 56.705296997154569 ], [ -2.451993404245105, 56.705288233065524 ], [ -2.451997496978922, 56.705279472474608 ], [ -2.452001585244978, 56.705270715504234 ], [ -2.452005670146137, 56.705261962276822 ], [ -2.452009752785248, 56.705253212914762 ], [ -2.452013834265168, 56.705244467540481 ], [ -2.452017915688749, 56.705235726276399 ], [ -2.452021998158843, 56.705226989244899 ], [ -2.452026082778303, 56.705218256568408 ], [ -2.452030170649981, 56.70520952836933 ], [ -2.452034262876722, 56.705200804770094 ], [ -2.45203836056138, 56.705192085893081 ], [ -2.452042464806796, 56.705183371860713 ], [ -2.452046576715823, 56.705174662795407 ], [ -2.452050697391303, 56.705165958819556 ], [ -2.452054827936083, 56.705157260055557 ], [ -2.452058969453005, 56.70514856662588 ], [ -2.452063123044913, 56.705139878652851 ], [ -2.452067289814648, 56.705131196258947 ], [ -2.45207147086505, 56.705122519566522 ], [ -2.452075667298961, 56.705113848698034 ], [ -2.45207988021922, 56.705105183775864 ], [ -2.452084110728664, 56.705096524922403 ], [ -2.45208835993013, 56.705087872260101 ], [ -2.452092628926458, 56.705079225911355 ], [ -2.452096918820478, 56.705070585998527 ], [ -2.452101230715026, 56.70506195264408 ], [ -2.452105565712937, 56.705053325970397 ], [ -2.452109924917041, 56.705044706099891 ], [ -2.452114309430175, 56.705036093154945 ], [ -2.452118720355163, 56.705027487258 ], [ -2.452123158794838, 56.705018888531455 ], [ -2.452127625852031, 56.705010297097694 ], [ -2.452132122629564, 56.705001713079135 ], [ -2.452136650230271, 56.704993136598198 ], [ -2.452141209756973, 56.704984567777281 ], [ -2.452145802312499, 56.704976006738775 ], [ -2.452150428999669, 56.704967453605093 ], [ -2.45215509092131, 56.704958908498654 ], [ -2.452159789180242, 56.704950371541827 ], [ -2.452164524879292, 56.704941842857075 ], [ -2.452169299121274, 56.704933322566752 ], [ -2.452174113009012, 56.704924810793266 ], [ -2.452178967645324, 56.704916307659055 ], [ -2.452179945825887, 56.704914610722582 ] ] ], [ [ [ -2.451361643117977, 56.706143748326447 ], [ -2.451360486283377, 56.706147119899867 ], [ -2.451357383291934, 56.706155855445786 ], [ -2.451354168417363, 56.706164572521324 ], [ -2.451350840727498, 56.706173270968371 ], [ -2.451347401614539, 56.706181950973033 ], [ -2.451343852470686, 56.706190612721429 ], [ -2.451340194688144, 56.706199256399628 ], [ -2.451336429659117, 56.706207882193752 ], [ -2.451332558775811, 56.706216490289911 ], [ -2.451328583430436, 56.706225080874191 ], [ -2.451324505015195, 56.706233654132703 ], [ -2.451320324922304, 56.70624221025156 ], [ -2.451316044543975, 56.706250749416839 ], [ -2.451311665272418, 56.706259271814652 ], [ -2.451307188499852, 56.706267777631098 ], [ -2.451302615618489, 56.706276267052303 ], [ -2.451297948020553, 56.706284740264337 ], [ -2.451293187098257, 56.706293197453313 ], [ -2.451288334243824, 56.706301638805343 ], [ -2.451283390849475, 56.706310064506525 ], [ -2.451278358307436, 56.70631847474295 ], [ -2.45127323800993, 56.706326869700732 ], [ -2.451268031349182, 56.70633524956596 ], [ -2.451262739717421, 56.706343614524748 ], [ -2.451257364506874, 56.706351964763201 ], [ -2.451251907109775, 56.706360300467409 ], [ -2.451246368918351, 56.706368621823479 ], [ -2.451240751324836, 56.706376929017502 ], [ -2.451235055721466, 56.706385222235603 ], [ -2.451229283500473, 56.706393501663882 ], [ -2.451223436054095, 56.706401767488416 ], [ -2.45121751477457, 56.706410019895337 ], [ -2.451211521054137, 56.706418259070752 ], [ -2.451205456285038, 56.706426485200723 ], [ -2.45119932185951, 56.706434698471377 ], [ -2.451193119169798, 56.706442899068819 ], [ -2.45118684960815, 56.706451087179168 ], [ -2.451180514566805, 56.706459262988488 ], [ -2.451174115438014, 56.706467426682934 ], [ -2.451167653614022, 56.706475578448561 ], [ -2.451161130487078, 56.706483718471503 ], [ -2.451154547449435, 56.706491846937858 ], [ -2.451147905893341, 56.706499964033725 ], [ -2.451141207211049, 56.706508069945208 ], [ -2.451134452794812, 56.706516164858421 ], [ -2.451127644036887, 56.706524248959461 ], [ -2.451120782329529, 56.706532322434441 ], [ -2.451113869064995, 56.706540385469452 ], [ -2.451106905635541, 56.706548438250628 ], [ -2.45109989343343, 56.706556480964046 ], [ -2.45109283385092, 56.706564513795826 ], [ -2.451085728280273, 56.706572536932065 ], [ -2.451078578113751, 56.70658055055889 ], [ -2.451071384743617, 56.706588554862392 ], [ -2.451064149562139, 56.706596550028692 ], [ -2.451056873961581, 56.706604536243873 ], [ -2.451049559334213, 56.706612513694061 ], [ -2.451042207072297, 56.706620482565356 ], [ -2.451034818568107, 56.706628443043883 ], [ -2.451027395213913, 56.706636395315734 ], [ -2.451019938401985, 56.706644339567035 ], [ -2.451012449524597, 56.706652275983878 ], [ -2.451004929974018, 56.706660204752367 ], [ -2.45099738114253, 56.706668126058638 ], [ -2.450989804422405, 56.706676040088787 ], [ -2.450982201205918, 56.706683947028935 ], [ -2.450974572885348, 56.706691847065159 ], [ -2.450966920852976, 56.706699740383606 ], [ -2.450959246501077, 56.706707627170381 ], [ -2.450951551221937, 56.706715507611591 ], [ -2.450943836407836, 56.706723381893354 ], [ -2.450936103451054, 56.70673125020177 ], [ -2.450928353743881, 56.706739112722964 ], [ -2.450920588678597, 56.706746969643049 ], [ -2.450912809647491, 56.706754821148131 ], [ -2.450905018042847, 56.706762667424329 ], [ -2.450897215256956, 56.706770508657748 ], [ -2.450889402682105, 56.706778345034522 ], [ -2.450881581710585, 56.706786176740771 ], [ -2.450873753734687, 56.706794003962571 ], [ -2.450865920146704, 56.706801826886064 ], [ -2.450858082338928, 56.706809645697362 ], [ -2.450850241703651, 56.706817460582592 ], [ -2.450842399633174, 56.706825271727872 ], [ -2.450834557519787, 56.706833079319281 ], [ -2.450826716755792, 56.706840883542988 ], [ -2.450818878733484, 56.706848684585083 ], [ -2.450811044845161, 56.706856482631686 ], [ -2.450803216483125, 56.706864277868924 ], [ -2.450795395039679, 56.706872070482902 ], [ -2.450787581907125, 56.706879860659754 ], [ -2.450779778477763, 56.706887648585585 ], [ -2.450771986143895, 56.706895434446537 ], [ -2.450764206297831, 56.706903218428714 ], [ -2.450756440331877, 56.706911000718236 ], [ -2.450748689638337, 56.706918781501201 ], [ -2.450740955609521, 56.706926560963794 ], [ -2.450733239637737, 56.706934339292083 ], [ -2.450725543115298, 56.706942116672209 ], [ -2.450717867434509, 56.706949893290293 ], [ -2.450710213987687, 56.706957669332454 ], [ -2.450702584167145, 56.706965444984803 ], [ -2.450694979365196, 56.706973220433504 ], [ -2.450687400974152, 56.706980995864633 ], [ -2.450679850329142, 56.706988771482422 ], [ -2.450672328166968, 56.706996547680156 ], [ -2.450664834867841, 56.70700432496384 ], [ -2.450657370807222, 56.707012103840974 ], [ -2.450649936360568, 56.707019884819069 ], [ -2.450642531903338, 56.70702766840563 ], [ -2.450635157810992, 56.707035455108148 ], [ -2.450627814458986, 56.707043245434136 ], [ -2.45062050222278, 56.707051039891098 ], [ -2.450613221477834, 56.707058838986548 ], [ -2.450605972599607, 56.707066643227975 ], [ -2.450598755963554, 56.707074453122878 ], [ -2.450591571945133, 56.707082269178791 ], [ -2.450584420919808, 56.707090091903176 ], [ -2.450577303263032, 56.707097921803552 ], [ -2.450570219350265, 56.707105759387467 ], [ -2.450563169556963, 56.707113605162377 ], [ -2.450556154258588, 56.7071214596358 ], [ -2.450549173830598, 56.707129323315236 ], [ -2.450542228648449, 56.707137196708203 ], [ -2.450535319087597, 56.707145080322199 ], [ -2.450528445523506, 56.707152974664723 ], [ -2.45052160833163, 56.707160880243279 ], [ -2.45051480788743, 56.707168797565387 ], [ -2.450508044566361, 56.707176727138545 ], [ -2.450501318743884, 56.707184669470244 ], [ -2.450494630795455, 56.707192625067997 ], [ -2.450487981096534, 56.707200594439335 ], [ -2.45048137002258, 56.707208578091723 ], [ -2.450474797949048, 56.707216576532694 ], [ -2.4504682652514, 56.707224590269746 ], [ -2.450461772305093, 56.707232619810377 ], [ -2.450455319485587, 56.707240665662091 ], [ -2.450448907168338, 56.707248728332395 ], [ -2.450442535728807, 56.707256808328815 ], [ -2.450436205542451, 56.707264906158827 ], [ -2.450429916984732, 56.707273022329964 ], [ -2.450423670431106, 56.707281157349705 ], [ -2.450417466257032, 56.707289311725589 ], [ -2.450411304837973, 56.707297485965071 ], [ -2.450405186549387, 56.707305680575701 ], [ -2.450399111766731, 56.707313896064974 ], [ -2.450393080865466, 56.707322132940384 ], [ -2.450387094221051, 56.707330391709441 ], [ -2.450381152208949, 56.707338672879658 ], [ -2.450375255204618, 56.707346976958547 ], [ -2.450369403583519, 56.7073553044536 ], [ -2.450363597721113, 56.707363655872307 ], [ -2.45035783799286, 56.707372031722215 ], [ -2.450352124774221, 56.707380432510796 ], [ -2.450346458440656, 56.707388858745567 ], [ -2.450340839925812, 56.707397310728133 ], [ -2.450335272536547, 56.707405787884653 ], [ -2.45032976021033, 56.707414289408625 ], [ -2.450324306884636, 56.707422814493611 ], [ -2.450318916496948, 56.707431362333146 ], [ -2.450313592984754, 56.707439932120728 ], [ -2.450308340285539, 56.707448523049919 ], [ -2.4503031623368, 56.707457134314254 ], [ -2.450298063076036, 56.707465765107251 ], [ -2.450293046440747, 56.707474414622446 ], [ -2.450288116368447, 56.707483082053372 ], [ -2.450283276796639, 56.707491766593591 ], [ -2.450278531662841, 56.70750046743661 ], [ -2.450273884904576, 56.707509183775962 ], [ -2.450269340459365, 56.707517914805187 ], [ -2.450264902264738, 56.707526659717843 ], [ -2.450260574258228, 56.707535417707447 ], [ -2.450256360377371, 56.707544187967542 ], [ -2.450252264559707, 56.707552969691655 ], [ -2.450248290742785, 56.707561762073333 ], [ -2.45024444286415, 56.707570564306117 ], [ -2.45024072486136, 56.707579375583528 ], [ -2.450237140671969, 56.707588195099127 ], [ -2.450233694233541, 56.707597022046436 ], [ -2.450230389483646, 56.707605855618993 ], [ -2.450227230359847, 56.707614695010335 ], [ -2.450224220799725, 56.707623539414023 ], [ -2.450221364740855, 56.707632388023555 ], [ -2.450218666120819, 56.707641240032508 ], [ -2.450216128877207, 56.707650094634388 ], [ -2.450213756947606, 56.707658951022736 ], [ -2.450211554269613, 56.707667808391108 ], [ -2.450209524780826, 56.707676665933022 ], [ -2.450207672418845, 56.70768552284202 ], [ -2.450206001121278, 56.707694378311629 ], [ -2.450204514825736, 56.707703231535397 ], [ -2.450203217469831, 56.707712081706852 ], [ -2.45020211299118, 56.707720928019526 ], [ -2.450201205327406, 56.70772976966694 ], [ -2.450200498416131, 56.70773860584265 ], [ -2.450199996194985, 56.707747435740174 ], [ -2.4501997026016, 56.707756258553026 ], [ -2.45019962157361, 56.707765073474768 ], [ -2.450199757048655, 56.707773879698898 ], [ -2.450200112964374, 56.707782676418958 ], [ -2.450200693258418, 56.707791462828474 ], [ -2.450201501868427, 56.707800238120946 ], [ -2.450202542732062, 56.707809001489935 ], [ -2.450203819786972, 56.707817752128939 ], [ -2.450205336970816, 56.707826489231472 ], [ -2.450247327165212, 56.707923987594256 ], [ -2.450202319265311, 56.707822518717059 ], [ -2.450200869413949, 56.707813466835155 ], [ -2.450199608523893, 56.707804431919186 ], [ -2.45019853466327, 56.707795413857006 ], [ -2.450197645900204, 56.707786412536478 ], [ -2.450196940302831, 56.707777427845485 ], [ -2.450196415939279, 56.707768459671861 ], [ -2.450196070877683, 56.707759507903475 ], [ -2.450195903186187, 56.707750572428175 ], [ -2.450195910932923, 56.707741653133859 ], [ -2.450196092186037, 56.707732749908352 ], [ -2.450196445013672, 56.707723862639533 ], [ -2.450196967483975, 56.707714991215234 ], [ -2.450197657665093, 56.707706135523331 ], [ -2.450198513625178, 56.707697295451695 ], [ -2.450199533432386, 56.707688470888137 ], [ -2.450200715154867, 56.707679661720547 ], [ -2.450202056860784, 56.707670867836789 ], [ -2.450203556618291, 56.707662089124668 ], [ -2.450205212495555, 56.707653325472087 ], [ -2.450207022560736, 56.707644576766874 ], [ -2.450208984882003, 56.707635842896892 ], [ -2.450211097527522, 56.707627123749987 ], [ -2.450213358565465, 56.707618419214008 ], [ -2.450215766064005, 56.707609729176809 ], [ -2.450218318091312, 56.707601053526247 ], [ -2.450221012715569, 56.707592392150161 ], [ -2.450223848004951, 56.707583744936407 ], [ -2.450226822027638, 56.707575111772847 ], [ -2.450229932851816, 56.707566492547301 ], [ -2.450233178545666, 56.707557887147651 ], [ -2.450236557177378, 56.707549295461725 ], [ -2.450240066815141, 56.707540717377377 ], [ -2.450243705527141, 56.707532152782441 ], [ -2.450247471381577, 56.707523601564802 ], [ -2.450251362446639, 56.707515063612277 ], [ -2.450255376790528, 56.707506538812716 ], [ -2.450259512481438, 56.707498027053994 ], [ -2.450263767587573, 56.707489528223924 ], [ -2.450268140177133, 56.707481042210375 ], [ -2.450272628318328, 56.707472568901174 ], [ -2.450277230079357, 56.707464108184205 ], [ -2.450281943528434, 56.707455659947286 ], [ -2.450286766733766, 56.707447224078273 ], [ -2.450291697763566, 56.707438800465013 ], [ -2.450296734686049, 56.707430388995348 ], [ -2.450301875569429, 56.707421989557133 ], [ -2.450307118481927, 56.707413602038201 ], [ -2.450312461491758, 56.707405226326451 ], [ -2.450317902667146, 56.707396862309665 ], [ -2.450323440076315, 56.707388509875706 ], [ -2.450329071787488, 56.707380168912458 ], [ -2.450334795868895, 56.70737183930774 ], [ -2.45034061038876, 56.7073635209494 ], [ -2.450346513415318, 56.707355213725293 ], [ -2.450352503016795, 56.707346917523267 ], [ -2.450358577261434, 56.707338632231178 ], [ -2.450364734217466, 56.707330357736851 ], [ -2.450370971953127, 56.707322093928163 ], [ -2.450377288536658, 56.70731384069294 ], [ -2.4503836820363, 56.707305597919067 ], [ -2.450390150520297, 56.707297365494362 ], [ -2.45039669205689, 56.707289143306681 ], [ -2.45040330471433, 56.707280931243879 ], [ -2.450409986560863, 56.707272729193789 ], [ -2.450416735664737, 56.707264537044317 ], [ -2.450423550094206, 56.707256354683238 ], [ -2.45043042791752, 56.707248181998459 ], [ -2.450437367202939, 56.707240018877812 ], [ -2.450444366018712, 56.707231865209138 ], [ -2.450451422433105, 56.707223720880314 ], [ -2.450458534514373, 56.707215585779196 ], [ -2.450465700330779, 56.707207459793594 ], [ -2.450472917950584, 56.707199342811414 ], [ -2.450480185442058, 56.707191234720476 ], [ -2.450487500873462, 56.707183135408648 ], [ -2.450494862313065, 56.707175044763787 ], [ -2.45050226782914, 56.707166962673732 ], [ -2.450509715489957, 56.707158889026381 ], [ -2.450517203363786, 56.707150823709526 ], [ -2.450524729518906, 56.707142766611078 ], [ -2.450532292023588, 56.707134717618843 ], [ -2.450539888946115, 56.707126676620746 ], [ -2.450547518354764, 56.707118643504579 ], [ -2.450555178317818, 56.707110618158254 ], [ -2.450562866903554, 56.707102600469582 ], [ -2.450570582180264, 56.707094590326449 ], [ -2.450578322216229, 56.707086587616722 ], [ -2.450586085079735, 56.707078592228243 ], [ -2.450593868839074, 56.707070604048873 ], [ -2.450601671562536, 56.70706262296649 ], [ -2.450609491318414, 56.707054648868933 ], [ -2.450617326174998, 56.70704668164408 ], [ -2.450625174200586, 56.707038721179785 ], [ -2.450633033463475, 56.707030767363911 ], [ -2.450640902031962, 56.707022820084333 ], [ -2.450648777974348, 56.707014879228907 ], [ -2.450656659358933, 56.707006944685489 ], [ -2.45066454425402, 56.706999016341967 ], [ -2.450672430727916, 56.706991094086192 ], [ -2.450680316848923, 56.706983177806002 ], [ -2.450688200784099, 56.706975267376691 ], [ -2.450696081492291, 56.706967362572335 ], [ -2.450703958313043, 56.706959463118409 ], [ -2.450711830588315, 56.706951568740052 ], [ -2.450719697660069, 56.706943679162428 ], [ -2.450727558870273, 56.70693579411067 ], [ -2.450735413560883, 56.706927913309961 ], [ -2.450743261073868, 56.706920036485428 ], [ -2.450751100751191, 56.706912163362226 ], [ -2.450758931934816, 56.706904293665538 ], [ -2.450766753966708, 56.706896427120476 ], [ -2.450774566188832, 56.706888563452218 ], [ -2.450782367943154, 56.706880702385931 ], [ -2.450790158571638, 56.706872843646728 ], [ -2.450797937416251, 56.706864986959793 ], [ -2.450805703818959, 56.706857132050295 ], [ -2.450813457121731, 56.706849278643347 ], [ -2.450821196666528, 56.706841426464131 ], [ -2.450828921795326, 56.706833575237788 ], [ -2.450836631850086, 56.706825724689502 ], [ -2.450844326172778, 56.706817874544399 ], [ -2.450852004105369, 56.706810024527648 ], [ -2.450859664989829, 56.706802174364398 ], [ -2.450867308168128, 56.706794323779796 ], [ -2.450874932982231, 56.706786472499019 ], [ -2.450882538774114, 56.706778620247221 ], [ -2.450890124885741, 56.706770766749528 ], [ -2.450897690659084, 56.706762911731133 ], [ -2.450905235436116, 56.706755054917174 ], [ -2.450912758558803, 56.706747196032801 ], [ -2.450920259369123, 56.706739334803203 ], [ -2.450927737209041, 56.706731470953507 ], [ -2.450935191420532, 56.706723604208882 ], [ -2.450942621345569, 56.70671573429447 ], [ -2.450950026326124, 56.706707860935452 ], [ -2.450957405704167, 56.706699983856971 ], [ -2.450964758821675, 56.706692102784189 ], [ -2.450972085020621, 56.706684217442252 ], [ -2.450979383642977, 56.706676327556337 ], [ -2.450986654030718, 56.706668432851579 ], [ -2.450993895525823, 56.706660533053167 ], [ -2.451001107470264, 56.706652627886236 ], [ -2.451008289206012, 56.706644717075946 ], [ -2.451015440075049, 56.706636800347475 ], [ -2.45102255941935, 56.706628877425956 ], [ -2.45102964658089, 56.706620948036559 ], [ -2.451036700901644, 56.706613011904452 ], [ -2.451043721723595, 56.706605068754776 ], [ -2.451050708388718, 56.706597118312708 ], [ -2.451057660238988, 56.706589160303395 ], [ -2.451064576616388, 56.706581194451999 ], [ -2.451071456862898, 56.706573220483676 ], [ -2.451078300320492, 56.706565238123588 ], [ -2.451085106331153, 56.706557247096903 ], [ -2.451091874236861, 56.706549247128777 ], [ -2.451098603379594, 56.706541237944357 ], [ -2.451105293101336, 56.706533219268827 ], [ -2.451111942744066, 56.706525190827335 ], [ -2.451118551649769, 56.706517152345043 ], [ -2.451125119160425, 56.706509103547084 ], [ -2.451131644618019, 56.706501044158671 ], [ -2.45113812736453, 56.706492973904915 ], [ -2.451144566741945, 56.706484892511014 ], [ -2.451150962092247, 56.706476799702102 ], [ -2.451157312757421, 56.706468695203363 ], [ -2.451163618079449, 56.706460578739936 ], [ -2.451169877400321, 56.706452450036998 ], [ -2.451176090062019, 56.706444308819712 ], [ -2.451182255406533, 56.706436154813211 ], [ -2.451188372775847, 56.706427987742693 ], [ -2.451194441511949, 56.706419807333297 ], [ -2.451200460956829, 56.706411613310195 ], [ -2.451206430452474, 56.70640340539854 ], [ -2.45121234934087, 56.70639518332348 ], [ -2.45121821696401, 56.706386946810213 ], [ -2.451224032663884, 56.706378695583872 ], [ -2.451229795782479, 56.706370429369656 ], [ -2.451235505661789, 56.706362147892669 ], [ -2.451241161643805, 56.706353850878102 ], [ -2.451246763070519, 56.706345538051131 ], [ -2.451252309283923, 56.70633720913689 ], [ -2.45125779962601, 56.706328863860577 ], [ -2.451263233438775, 56.706320501947317 ], [ -2.451268610064212, 56.706312123122288 ], [ -2.451273928844314, 56.706303727110651 ], [ -2.451279189121079, 56.706295313637568 ], [ -2.451284390236499, 56.706286882428202 ], [ -2.451289531532578, 56.706278433207707 ], [ -2.451294612351308, 56.70626996570126 ], [ -2.451299632034686, 56.706261479634023 ], [ -2.451304589924714, 56.706252974731136 ], [ -2.451309485363389, 56.706244450717783 ], [ -2.451314317692709, 56.706235907319126 ], [ -2.451319086254681, 56.706227344260306 ], [ -2.4513237903913, 56.70621876126652 ], [ -2.451328429444569, 56.706210158062888 ], [ -2.451333002756492, 56.706201534374607 ], [ -2.451337509669071, 56.706192889926818 ], [ -2.45134194952431, 56.706184224444691 ], [ -2.451346321664212, 56.706175537653387 ], [ -2.451350625430786, 56.706166829278068 ], [ -2.451354860166035, 56.706158099043911 ], [ -2.451359025722321, 56.706149346864436 ], [ -2.451361643117977, 56.706143748326447 ] ] ] ] } }
]
}
