{
"type": "FeatureCollection",
"name": "Montrose_VEdge_Uncertainty_RCP8_2040",
"crs": { "type": "name", "properties": { "name": "urn:ogc:def:crs:OGC:1.3:CRS84" } },
"features": [
{ "type": "Feature", "properties": { "Poly_ID": "UncertaintyLower_0", "Method": "Open", "Timeseries": "VEdge", "Scenario": 8, "Year": 2040, "UncertaintyInterval": 95, "LowerQ": 2.5, "UpperQ": 97.5 }, "geometry": { "type": "MultiPolygon", "coordinates": [ [ [ [ -2.448313401332717, 56.715516835211275 ], [ -2.448318879672484, 56.715518027919245 ], [ -2.448335187134516, 56.71552165644642 ], [ -2.448350999260878, 56.715525298125449 ], [ -2.448366222627003, 56.715528975436392 ], [ -2.448380763808319, 56.715532710859378 ], [ -2.448394529380249, 56.715536526874544 ], [ -2.448407425918199, 56.71554044596207 ], [ -2.448419359997558, 56.715544490602156 ], [ -2.448430238193683, 56.715548683275003 ], [ -2.448439967081893, 56.715553046460847 ], [ -2.448448453237458, 56.71555760263989 ], [ -2.448455603235587, 56.715562374292368 ], [ -2.448461323651415, 56.715567383898431 ], [ -2.448465537795775, 56.7155726508539 ], [ -2.448468280690169, 56.715578173966342 ], [ -2.448469633094644, 56.715583943613744 ], [ -2.44846967590688, 56.715589950148662 ], [ -2.448468490024553, 56.715596183923644 ], [ -2.448466156345356, 56.715602635291141 ], [ -2.448462755766992, 56.715609294603617 ], [ -2.448458369187193, 56.715616152213528 ], [ -2.448453077503716, 56.715623198473274 ], [ -2.448446961614357, 56.715630423735305 ], [ -2.448440102416963, 56.715637818351993 ], [ -2.448432580809418, 56.715645372675795 ], [ -2.448424477689669, 56.715653077059102 ], [ -2.448415873955723, 56.715660921854393 ], [ -2.448406850505646, 56.715668897414076 ], [ -2.448397488237579, 56.715676994090657 ], [ -2.448387868049728, 56.715685202236642 ], [ -2.448378070840382, 56.715693512204481 ], [ -2.4483681775079, 56.715701914346788 ], [ -2.448358268950731, 56.715710399016089 ], [ -2.448348426067395, 56.715718956564984 ], [ -2.448338729756508, 56.715727577346094 ], [ -2.448329260916763, 56.715736251712059 ], [ -2.448320100446946, 56.715744970015535 ], [ -2.448311329245922, 56.715753722609243 ], [ -2.448303028212651, 56.715762499845816 ], [ -2.448295278246172, 56.71577129207806 ], [ -2.448288152759638, 56.715780090318013 ], [ -2.448281658985325, 56.715788891407016 ], [ -2.448275769639837, 56.715797695226449 ], [ -2.448270457141118, 56.715806501684057 ], [ -2.448265693907086, 56.71581531068751 ], [ -2.448261452355632, 56.715824122144504 ], [ -2.448257704904626, 56.715832935962716 ], [ -2.448254423971908, 56.715841752049776 ], [ -2.448251581975293, 56.715850570313378 ], [ -2.448249151332575, 56.715859390661159 ], [ -2.448247104461513, 56.715868213000761 ], [ -2.448245413779848, 56.7158770372398 ], [ -2.448244051705292, 56.715885863285934 ], [ -2.448242990655534, 56.715894691046785 ], [ -2.448242203048233, 56.715903520429954 ], [ -2.448241661301025, 56.7159123513431 ], [ -2.448241337831519, 56.715921183693823 ], [ -2.4482412050573, 56.715930017389724 ], [ -2.448241235395922, 56.715938852338454 ], [ -2.448241401264921, 56.715947688447599 ], [ -2.448241675081799, 56.715956525624804 ], [ -2.44824202926404, 56.71596536377767 ], [ -2.448242436229096, 56.715974202813797 ], [ -2.448242868394394, 56.715983042640843 ], [ -2.448243298177339, 56.715991883166382 ], [ -2.448243697995303, 56.716000724298056 ], [ -2.44824404026564, 56.716009565943473 ], [ -2.448244297405674, 56.716018408010257 ], [ -2.448244441832701, 56.716027250406029 ], [ -2.448244445963993, 56.716036093038383 ], [ -2.4482442822168, 56.716044935814985 ], [ -2.448243923008341, 56.716053778643406 ], [ -2.448243340755809, 56.716062621431284 ], [ -2.448242507876375, 56.716071464086227 ], [ -2.448241396787352, 56.716080306515835 ], [ -2.448239985373796, 56.716089148048837 ], [ -2.448238271358878, 56.716097985913819 ], [ -2.448236256963519, 56.716106816863174 ], [ -2.448233944408637, 56.716115637649317 ], [ -2.448231335915152, 56.71612444502464 ], [ -2.448228433703997, 56.716133235741566 ], [ -2.448225239996098, 56.716142006552481 ], [ -2.448221757012393, 56.716150754209764 ], [ -2.44821798697382, 56.716159475465844 ], [ -2.448213932101321, 56.716168167073093 ], [ -2.448209594615847, 56.716176825783919 ], [ -2.44820497673835, 56.7161854483507 ], [ -2.448200080689789, 56.716194031525845 ], [ -2.448194908691127, 56.716202572061725 ], [ -2.448189462963334, 56.716211066710741 ], [ -2.448183745727383, 56.716219512225244 ], [ -2.44817775920426, 56.716227905357663 ], [ -2.448171505614948, 56.716236242860361 ], [ -2.448164987180445, 56.716244521485706 ], [ -2.448158206121749, 56.71625273798611 ], [ -2.448151164659869, 56.716260889113912 ], [ -2.448143865015817, 56.716268971621524 ], [ -2.448136309410617, 56.716276982261306 ], [ -2.448128500065298, 56.71628491778565 ], [ -2.448120439200895, 56.716292774946901 ], [ -2.448112129038456, 56.716300550497465 ], [ -2.448103571799029, 56.71630824118968 ], [ -2.448094769703676, 56.716315843775952 ], [ -2.448085724973466, 56.716323355008626 ], [ -2.448076439829477, 56.716330771640095 ], [ -2.448066916492791, 56.716338090422717 ], [ -2.448057157184507, 56.716345308108863 ], [ -2.448047164125725, 56.7163524214509 ], [ -2.448036939537559, 56.716359427201191 ], [ -2.448026485641127, 56.716366322112094 ], [ -2.448015804657564, 56.716373102936011 ], [ -2.448004898808005, 56.716379766425263 ], [ -2.447993770313603, 56.716386309332265 ], [ -2.447982421395515, 56.716392728409346 ], [ -2.447970854274912, 56.716399020408865 ], [ -2.447959071172969, 56.716405182083214 ], [ -2.447947074310878, 56.716411210184752 ], [ -2.447934865909838, 56.716417101465808 ], [ -2.447922448193091, 56.716422852680502 ], [ -2.447909834748191, 56.716428470093327 ], [ -2.44789707718688, 56.716433991790218 ], [ -2.447884235064347, 56.716439462504752 ], [ -2.447871367935766, 56.716444926970588 ], [ -2.447858535356276, 56.716450429921366 ], [ -2.447845796880997, 56.716456016090788 ], [ -2.447833212065022, 56.716461730212522 ], [ -2.447820840463421, 56.716467617020321 ], [ -2.447808741631252, 56.716473721247915 ], [ -2.44779697512356, 56.716480087629101 ], [ -2.44778561270868, 56.716486751781851 ], [ -2.447774797963887, 56.716493695727081 ], [ -2.447764700625197, 56.716500881961409 ], [ -2.447755490466641, 56.716508272953291 ], [ -2.447747337262444, 56.716515831171193 ], [ -2.447740410764675, 56.716523519096938 ], [ -2.447734880766629, 56.716531299187899 ], [ -2.447730917046626, 56.71653913391043 ], [ -2.447728689379748, 56.71654698573294 ], [ -2.44772836754124, 56.716554817123757 ], [ -2.447730090190357, 56.716562594460221 ], [ -2.447733746820102, 56.716570315422167 ], [ -2.447739107264825, 56.716577992721916 ], [ -2.447745940600471, 56.716585639167057 ], [ -2.447754015902801, 56.716593267565123 ], [ -2.447763102247395, 56.716600890723711 ], [ -2.447772968709662, 56.716608521450411 ], [ -2.447783384364842, 56.716616172552889 ], [ -2.447794118287996, 56.716623856838865 ], [ -2.447804939554026, 56.716631587116161 ], [ -2.447815617237656, 56.716639376192646 ], [ -2.447825920413437, 56.716647236876277 ], [ -2.447835618155743, 56.716655181975078 ], [ -2.447844511477066, 56.716663220617036 ], [ -2.447852548345582, 56.716671344997138 ], [ -2.447859718969385, 56.716679542443245 ], [ -2.447866013560266, 56.716687800282727 ], [ -2.447871422329999, 56.716696105842985 ], [ -2.447875935490325, 56.716704446451395 ], [ -2.447879543252974, 56.7167128094353 ], [ -2.447882235829655, 56.71672118212205 ], [ -2.447884003432059, 56.716729551838938 ], [ -2.447884836271874, 56.716737905913256 ], [ -2.44788472456077, 56.716746231672282 ], [ -2.447883658510422, 56.716754516443295 ], [ -2.447881628332495, 56.716762747553474 ], [ -2.447878624238662, 56.71677091233007 ], [ -2.447874636440592, 56.716778998100253 ], [ -2.447869655149975, 56.716786992191189 ], [ -2.447863670578502, 56.716794881929971 ], [ -2.447856672937885, 56.716802654643764 ], [ -2.447848654738236, 56.71681029797687 ], [ -2.447839676761158, 56.716817808997227 ], [ -2.447829877906491, 56.716825195555522 ], [ -2.447819401353115, 56.716832466093159 ], [ -2.44780839028004, 56.716839629051492 ], [ -2.447796987866376, 56.716846692871997 ], [ -2.447785337291337, 56.716853665996155 ], [ -2.447773581734235, 56.716860556865491 ], [ -2.447761864374482, 56.716867373921637 ], [ -2.447750328391578, 56.716874125606211 ], [ -2.447739116965118, 56.716880820360956 ], [ -2.44772837327478, 56.716887466627576 ], [ -2.447718240500333, 56.716894072847921 ], [ -2.44770886182163, 56.716900647463781 ], [ -2.447700380418614, 56.716907198917085 ], [ -2.447692939471314, 56.71691373564969 ], [ -2.447686682159851, 56.716920266103507 ], [ -2.44768175166443, 56.716926798720451 ], [ -2.447678291165356, 56.716933341942379 ], [ -2.447676443843029, 56.716939904211173 ], [ -2.447676352877949, 56.716946493968649 ], [ -2.447678161450725, 56.716953119656502 ], [ -2.44768201274207, 56.716959789716419 ], [ -2.447688013799076, 56.71696651246161 ], [ -2.447696005989902, 56.716973295261845 ], [ -2.447705712139222, 56.716980145065918 ], [ -2.447716854523744, 56.716987068820714 ], [ -2.447729155419986, 56.716994073473131 ], [ -2.447742337104296, 56.717001165970153 ], [ -2.447756121852835, 56.717008353258827 ], [ -2.447770231941572, 56.717015642286356 ], [ -2.447784389646291, 56.717023040000029 ], [ -2.447798317242559, 56.717030553347264 ], [ -2.447811737005744, 56.717038189275627 ], [ -2.447824371210992, 56.717045954732747 ], [ -2.447835942133212, 56.717053856666375 ], [ -2.447846172047076, 56.71706190202439 ], [ -2.44785483562483, 56.717070094639972 ], [ -2.447861997689217, 56.717078421099153 ], [ -2.44786782293221, 56.717086862051353 ], [ -2.447872476138008, 56.717095398140479 ], [ -2.447876122090924, 56.71710401001036 ], [ -2.447878925575406, 56.717112678304794 ], [ -2.447881051376028, 56.717121383667539 ], [ -2.447882664277514, 56.717130106742317 ], [ -2.447883929064725, 56.717138828172871 ], [ -2.447885010522676, 56.717147528602872 ], [ -2.447886048779886, 56.717156192512384 ], [ -2.447887066359267, 56.717164822679585 ], [ -2.447888050758466, 56.71717342733227 ], [ -2.447888989469196, 56.717182014699148 ], [ -2.44788986998316, 56.717190593008922 ], [ -2.447890679792048, 56.717199170490289 ], [ -2.447891406387539, 56.717207755371938 ], [ -2.447892037261304, 56.717216355882599 ], [ -2.447892559905003, 56.717224980250961 ], [ -2.447892961810282, 56.717233636705728 ], [ -2.447893230468776, 56.717242333475603 ], [ -2.447893353372111, 56.717251078789289 ], [ -2.4478933180119, 56.717259880875496 ], [ -2.447893111879738, 56.717268747962883 ], [ -2.447892722467215, 56.717277688280198 ], [ -2.447892137265898, 56.717286710056129 ], [ -2.447891343767347, 56.717295821519372 ], [ -2.447890329463104, 56.717305030898608 ], [ -2.447889081844691, 56.717314346422555 ], [ -2.447887588403617, 56.71732377631988 ], [ -2.447885839348456, 56.717333327663425 ], [ -2.447883867322933, 56.717342989473757 ], [ -2.447881738572252, 56.717352736477167 ], [ -2.447880947694704, 56.717356232726615 ], [ -2.44788178896881, 56.717346938796162 ], [ -2.447882273639817, 56.71733733480297 ], [ -2.447882279819326, 56.717327849191129 ], [ -2.447881746559102, 56.71731850218481 ], [ -2.447880706363143, 56.71730928852962 ], [ -2.447879213927122, 56.717300196920888 ], [ -2.447877323946646, 56.717291216053887 ], [ -2.44787509111727, 56.717282334623967 ], [ -2.447872570134498, 56.717273541326392 ], [ -2.447869815693771, 56.717264824856507 ], [ -2.447866882490493, 56.717256173909583 ], [ -2.447863825220011, 56.717247577180963 ], [ -2.447860698577627, 56.717239023365956 ], [ -2.447857557258601, 56.717230501159904 ], [ -2.447854455958142, 56.717221999258086 ], [ -2.447851449371414, 56.71721350635589 ], [ -2.447848592193545, 56.717205011148614 ], [ -2.447845939119606, 56.717196502331625 ], [ -2.447843544844627, 56.717187968600257 ], [ -2.447841464063592, 56.717179398649861 ], [ -2.447839751471439, 56.717170781175788 ], [ -2.44783846176305, 56.717162104873381 ], [ -2.447837649633259, 56.717153358438004 ], [ -2.447837367794446, 56.717144530840876 ], [ -2.447837545952062, 56.717135628172578 ], [ -2.447837920777355, 56.717126683389068 ], [ -2.447838212056168, 56.717117731796257 ], [ -2.447838139574611, 56.717108808700154 ], [ -2.447837423119051, 56.717099949406737 ], [ -2.447835782476111, 56.717091189221946 ], [ -2.447832937432649, 56.717082563451719 ], [ -2.44782860777575, 56.717074107401935 ], [ -2.447822513292692, 56.717065856378369 ], [ -2.447814390105949, 56.71705784412989 ], [ -2.44780427654095, 56.717050075603574 ], [ -2.447792477180579, 56.717042530370676 ], [ -2.447779305717268, 56.717035187134201 ], [ -2.44776507584319, 56.717028024597269 ], [ -2.44775010125027, 56.717021021463111 ], [ -2.44773469563023, 56.717014156435084 ], [ -2.447719172674574, 56.717007408216666 ], [ -2.447703846074624, 56.717000755511521 ], [ -2.447689029521513, 56.716994177023466 ], [ -2.447675036706202, 56.716987651456421 ], [ -2.447662181319469, 56.716981157514503 ], [ -2.447650777051924, 56.716974673901852 ], [ -2.447641137593979, 56.716968179322734 ], [ -2.447633576635863, 56.716961652481402 ], [ -2.447628341451484, 56.71695507476575 ], [ -2.447625354550092, 56.716948440686146 ], [ -2.447624439328473, 56.716941748757563 ], [ -2.447625419159178, 56.716934997495876 ], [ -2.447628117414867, 56.716928185416855 ], [ -2.447632357468302, 56.716921311036224 ], [ -2.447637962692367, 56.71691437286966 ], [ -2.447644756460047, 56.716907369432811 ], [ -2.447652562144453, 56.716900299241374 ], [ -2.44766120311881, 56.716893160811011 ], [ -2.447670502756468, 56.716885952657435 ], [ -2.447680284430896, 56.716878673296414 ], [ -2.447690371515696, 56.716871321243744 ], [ -2.447700587384598, 56.716863895015294 ], [ -2.447710755411469, 56.716856393126953 ], [ -2.447720698970309, 56.71684881409471 ], [ -2.447730241435266, 56.71684115643464 ], [ -2.447739206180629, 56.716833418662745 ], [ -2.44774741658083, 56.71682559929522 ], [ -2.447754696010467, 56.71681769684821 ], [ -2.447760867844286, 56.716809709837882 ], [ -2.447765756421826, 56.71680163680508 ], [ -2.447769279204546, 56.71679347866246 ], [ -2.447771523032009, 56.716785240637208 ], [ -2.447772592692485, 56.71677692841358 ], [ -2.447772592974168, 56.71676854767577 ], [ -2.447771628665176, 56.716760104107976 ], [ -2.447769804553539, 56.716751603394378 ], [ -2.447767225427202, 56.716743051219098 ], [ -2.447763996074019, 56.716734453266334 ], [ -2.447760221281757, 56.716725815220187 ], [ -2.447756005838086, 56.716717142764828 ], [ -2.447751454530583, 56.716708441584409 ], [ -2.447746672146726, 56.716699717363113 ], [ -2.4477417634739, 56.716690975785106 ], [ -2.447736833299385, 56.716682222534573 ], [ -2.447731986410363, 56.71667346329577 ], [ -2.447727327593927, 56.716664703752883 ], [ -2.447722961637055, 56.716655949590198 ], [ -2.447718993326637, 56.716647206491913 ], [ -2.447715514212355, 56.716638479861508 ], [ -2.447712543985208, 56.716629773577871 ], [ -2.447710078067651, 56.716621091005045 ], [ -2.447708111863247, 56.716612435506647 ], [ -2.447706640775573, 56.716603810446323 ], [ -2.447705660208201, 56.716595219187653 ], [ -2.447705165564717, 56.716586665094262 ], [ -2.44770515224871, 56.716578151529752 ], [ -2.447705615663778, 56.716569681857727 ], [ -2.447706551213523, 56.716561259441768 ], [ -2.447707954301562, 56.716552887645463 ], [ -2.44770982033151, 56.716544569832379 ], [ -2.447712144706998, 56.716536309366127 ], [ -2.447714922831668, 56.716528109610252 ], [ -2.447718150109161, 56.716519973928335 ], [ -2.447721821926621, 56.716511905693785 ], [ -2.447725933693987, 56.716503908266411 ], [ -2.4477304808254, 56.71649598500354 ], [ -2.447735458724556, 56.716488139268733 ], [ -2.447740862795159, 56.716480374425501 ], [ -2.447746688440926, 56.716472693837403 ], [ -2.447752931065589, 56.716465100867971 ], [ -2.447759586072882, 56.716457598880737 ], [ -2.44776664886656, 56.716450191239247 ], [ -2.447774114850389, 56.716442881307003 ], [ -2.447781979428145, 56.716435672447538 ], [ -2.447790238003614, 56.716428568024369 ], [ -2.447798885980601, 56.716421571401028 ], [ -2.447807918762922, 56.716414685941032 ], [ -2.447817331754405, 56.716407915007878 ], [ -2.447827117283627, 56.716401260439312 ], [ -2.447837246034045, 56.716394713334111 ], [ -2.447847679395878, 56.716388260180196 ], [ -2.447858378723589, 56.716381887447838 ], [ -2.447869305371661, 56.716375581607331 ], [ -2.447880420694586, 56.716369329128923 ], [ -2.447891686046871, 56.716363116482874 ], [ -2.447903062783027, 56.716356930139533 ], [ -2.447914512257586, 56.716350756569149 ], [ -2.447925995825079, 56.716344582242122 ], [ -2.44793747484005, 56.716338393628725 ], [ -2.447948910657053, 56.716332177199362 ], [ -2.447960264630649, 56.716325919424357 ], [ -2.447971498115409, 56.716319606774135 ], [ -2.447982572465922, 56.716313225719063 ], [ -2.447993449036775, 56.716306762729552 ], [ -2.448004089182583, 56.716300204276038 ], [ -2.448014454257964, 56.716293536828935 ], [ -2.448024505617562, 56.716286746858721 ], [ -2.448034204616034, 56.716279820835794 ], [ -2.448043512608062, 56.716272745230661 ], [ -2.448052390948352, 56.716265506513778 ], [ -2.448060800991637, 56.716258091155638 ], [ -2.448068705597743, 56.716250486249002 ], [ -2.448076097178371, 56.716242691105322 ], [ -2.448082995130457, 56.716234716193476 ], [ -2.448089419841344, 56.716226572391896 ], [ -2.448095391698389, 56.716218270578899 ], [ -2.448100931088942, 56.716209821632916 ], [ -2.448106058400349, 56.716201236432241 ], [ -2.448110794019961, 56.716192525855277 ], [ -2.448115158335118, 56.716183700780348 ], [ -2.448119171733154, 56.7161747720858 ], [ -2.448122854601393, 56.716165750649949 ], [ -2.448126227327156, 56.716156647351134 ], [ -2.448129310297739, 56.716147473067693 ], [ -2.448132123900439, 56.716138238677928 ], [ -2.448134688522531, 56.716128955060157 ], [ -2.448137024551277, 56.716119633092688 ], [ -2.448139152373921, 56.716110283653855 ], [ -2.448141092377695, 56.716100917621944 ], [ -2.44814286494981, 56.716091545875244 ], [ -2.448144490477457, 56.716082179292115 ], [ -2.448145989347814, 56.716072828750796 ], [ -2.448147381765883, 56.716063504813661 ], [ -2.448148684834343, 56.716054212661938 ], [ -2.448149913059045, 56.716044952972496 ], [ -2.448151080865773, 56.716035726283337 ], [ -2.448152202680297, 56.716026533132514 ], [ -2.44815329292837, 56.716017374058069 ], [ -2.448154366035732, 56.716008249597991 ], [ -2.448155436428112, 56.715999160290323 ], [ -2.44815651853122, 56.71599010667309 ], [ -2.448157626770758, 56.71598108928432 ], [ -2.448158775572405, 56.715972108662015 ], [ -2.44815997936184, 56.715963165344235 ], [ -2.448161252564717, 56.715954259868951 ], [ -2.448162609606682, 56.715945392774238 ], [ -2.448164064913366, 56.715936564598074 ], [ -2.448165632910388, 56.715927775878484 ], [ -2.448167328023356, 56.715919027153532 ], [ -2.448169164677861, 56.715910318961186 ], [ -2.448171157299489, 56.715901651839481 ], [ -2.448173320313804, 56.715893026326448 ], [ -2.448175668146366, 56.715884442960068 ], [ -2.448178215222721, 56.715875902278356 ], [ -2.448180975968398, 56.715867404819356 ], [ -2.448183964808923, 56.715858951121035 ], [ -2.448187196169808, 56.715850541721437 ], [ -2.448190684476551, 56.715842177158528 ], [ -2.448194444154639, 56.71583385797031 ], [ -2.448198489629555, 56.715825584694812 ], [ -2.448202835326763, 56.715817357869987 ], [ -2.448207495671723, 56.715809178033851 ], [ -2.448212485089881, 56.715801045724376 ], [ -2.448217818006674, 56.715792961479536 ], [ -2.448223508847533, 56.715784925837305 ], [ -2.448229572037877, 56.71577693933564 ], [ -2.448236021786019, 56.715769002449001 ], [ -2.448242854469873, 56.715761110433888 ], [ -2.448250035643318, 56.715753249526479 ], [ -2.448257527797743, 56.715745405066706 ], [ -2.448265293424559, 56.715737562394523 ], [ -2.448273295015195, 56.715729706849892 ], [ -2.448281495061102, 56.715721823772803 ], [ -2.448289856053744, 56.715713898503203 ], [ -2.44829834048461, 56.715705916381111 ], [ -2.4483069108452, 56.715697862746502 ], [ -2.448315529627033, 56.715689722939388 ], [ -2.44832415932165, 56.7156814822998 ], [ -2.448332762420608, 56.715673126167744 ], [ -2.448341301415484, 56.715664639883272 ], [ -2.448349734728264, 56.715656011261153 ], [ -2.448357963168207, 56.715647263150458 ], [ -2.448365844814566, 56.715638444384382 ], [ -2.44837323673724, 56.715629604410132 ], [ -2.448379996006311, 56.715620792674876 ], [ -2.448385979692021, 56.715612058625815 ], [ -2.448391044864776, 56.715603451710201 ], [ -2.448395048595125, 56.715595021375265 ], [ -2.448397847953731, 56.715586817068214 ], [ -2.448399300011363, 56.715578888236287 ], [ -2.448399261838864, 56.715571284326629 ], [ -2.448397590507121, 56.71556405478637 ], [ -2.4483941433769, 56.715557248970967 ], [ -2.448388852985872, 56.715550892476642 ], [ -2.448381826901958, 56.715544955582594 ], [ -2.448373197550096, 56.715539400711947 ], [ -2.448363097355075, 56.715534190287897 ], [ -2.448351658741564, 56.715529286733542 ], [ -2.448339014134136, 56.715524652472055 ], [ -2.448325295957297, 56.715520249926556 ], [ -2.448313401332717, 56.715516835211275 ] ] ], [ [ [ -2.448170030972249, 56.715483562590549 ], [ -2.448158201244132, 56.715480701977306 ], [ -2.448141413815743, 56.715476368249938 ], [ -2.448125141911182, 56.715471815320662 ], [ -2.448109517954911, 56.715467005613434 ], [ -2.44809467437136, 56.715461901552281 ], [ -2.448080743584919, 56.715456465561246 ], [ -2.448067858019905, 56.715450660064434 ], [ -2.448056134393013, 56.715444452099952 ], [ -2.44804552986871, 56.715437855573199 ], [ -2.448035908657061, 56.71543091169417 ], [ -2.448027133811384, 56.715423662012597 ], [ -2.448019068385025, 56.715416148078155 ], [ -2.448011575431358, 56.71540841144045 ], [ -2.448004518003823, 56.715400493649078 ], [ -2.447997759155925, 56.715392436253552 ], [ -2.447991161941251, 56.715384280803391 ], [ -2.447984589413462, 56.71537606884808 ], [ -2.447977904626321, 56.715367841937066 ], [ -2.447970970633675, 56.715359641619756 ], [ -2.447963650489458, 56.715351509445554 ], [ -2.447955813113036, 56.715343485454561 ], [ -2.447947431249119, 56.715335582971427 ], [ -2.447938566671968, 56.715327792412424 ], [ -2.447929284040035, 56.715320103451681 ], [ -2.447919648011732, 56.715312505763322 ], [ -2.447909723245419, 56.715304989021554 ], [ -2.447899574399409, 56.715297542900515 ], [ -2.447889266131979, 56.715290157074428 ], [ -2.447878863101356, 56.7152828212175 ], [ -2.447868429965735, 56.715275525003968 ], [ -2.447858031383268, 56.715268258108132 ], [ -2.447847732012067, 56.715261010204244 ], [ -2.447837596510209, 56.715253770966612 ], [ -2.447827689535734, 56.715246530069585 ], [ -2.447818075746637, 56.715239277187472 ], [ -2.447808819800882, 56.715232001994679 ], [ -2.447799986356386, 56.715224694165556 ], [ -2.447791640071026, 56.715217343374512 ], [ -2.447783845602633, 56.715209939295953 ], [ -2.447776667608992, 56.7152024716043 ], [ -2.447770170747843, 56.715194929973983 ], [ -2.447764419676866, 56.7151873040794 ], [ -2.447759479053691, 56.715179583595003 ], [ -2.447755413535892, 56.715171758195211 ], [ -2.447752287092629, 56.715163817616194 ], [ -2.447750081497418, 56.715155758970397 ], [ -2.447748619472717, 56.715147593643501 ], [ -2.447747705548547, 56.715139334653799 ], [ -2.447747144255086, 56.71513099501955 ], [ -2.447746740122682, 56.715122587759012 ], [ -2.447746297681858, 56.71511412589043 ], [ -2.447745621463302, 56.71510562243207 ], [ -2.447744515997887, 56.715097090402168 ], [ -2.447742785816664, 56.715088542818947 ], [ -2.447740235450856, 56.715079992700637 ], [ -2.447736694340744, 56.715071451850569 ], [ -2.447732185747546, 56.715062922618984 ], [ -2.447726823761958, 56.715054402926214 ], [ -2.447720722995013, 56.715045890667199 ], [ -2.447713998057647, 56.715037383736856 ], [ -2.447706763560687, 56.715028880030147 ], [ -2.447699134114864, 56.715020377442059 ], [ -2.447691224330803, 56.715011873867596 ], [ -2.447683148819028, 56.715003367201739 ], [ -2.447675022189963, 56.714994855339583 ], [ -2.447666959053928, 56.714986336176196 ], [ -2.447659074021141, 56.71497780760668 ], [ -2.447651481701723, 56.714969267526186 ], [ -2.447644296705683, 56.714960713829896 ], [ -2.447637633642936, 56.714952144412983 ], [ -2.447631607123284, 56.714943557170656 ], [ -2.447626331756435, 56.714934949998138 ], [ -2.447621922151979, 56.714926320790681 ], [ -2.447618492919409, 56.714917667443487 ], [ -2.447616158668101, 56.714908987851814 ], [ -2.4476150339989, 56.714900279911291 ], [ -2.447615185918053, 56.714891544131206 ], [ -2.447616522065637, 56.714882789772339 ], [ -2.447618916764195, 56.71487402792507 ], [ -2.44762224433638, 56.714865269679755 ], [ -2.447626379104976, 56.714856526126731 ], [ -2.447631195392881, 56.714847808356353 ], [ -2.447636567523125, 56.714839127458951 ], [ -2.447642369818857, 56.714830494524925 ], [ -2.447648476603358, 56.714821920644638 ], [ -2.447654762200028, 56.714813416908491 ], [ -2.447661100932396, 56.714804994406911 ], [ -2.447667367124109, 56.714796664230363 ], [ -2.447673435098931, 56.714788437469316 ], [ -2.447679179180744, 56.714780325214285 ], [ -2.447684473693538, 56.714772338555754 ], [ -2.447689192961409, 56.714764488584315 ], [ -2.447693211308554, 56.714756786390467 ], [ -2.44769640305926, 56.714749243064801 ], [ -2.447698642537895, 56.714741869697882 ], [ -2.447699804068916, 56.714734677380214 ], [ -2.447699761976835, 56.714727677202362 ], [ -2.447698390586233, 56.714720880254781 ], [ -2.447695568183748, 56.714714297048054 ], [ -2.447691281376699, 56.714707922239455 ], [ -2.447685635605125, 56.714701733094408 ], [ -2.447678742379067, 56.714695705989882 ], [ -2.447670713208473, 56.714689817302904 ], [ -2.447661659603216, 56.714684043410415 ], [ -2.447651693073106, 56.714678360689462 ], [ -2.44764092512789, 56.714672745516999 ], [ -2.447629467277268, 56.714667174270076 ], [ -2.447617431030896, 56.714661623325739 ], [ -2.447604927898396, 56.714656069061085 ], [ -2.447592069389348, 56.714650487853227 ], [ -2.447578967013306, 56.714644856079339 ], [ -2.447565732279788, 56.714639150116625 ], [ -2.447552476698281, 56.714633346342374 ], [ -2.447539311778239, 56.714627421133862 ], [ -2.447526349029077, 56.714621350868477 ], [ -2.447513699960165, 56.714615111923564 ], [ -2.447501476080827, 56.714608680676626 ], [ -2.447489788900328, 56.714602033505095 ], [ -2.44747874992787, 56.714595146786529 ], [ -2.447468470672575, 56.714587996898459 ], [ -2.44745906264348, 56.714580560218458 ], [ -2.44745063734952, 56.714572813124121 ], [ -2.447443306299508, 56.71456473199305 ], [ -2.447437168645506, 56.714556299694088 ], [ -2.447432224555755, 56.71454755109464 ], [ -2.447428426648119, 56.71453854604146 ], [ -2.447425727238745, 56.714529344539763 ], [ -2.44742407864377, 56.714520006594647 ], [ -2.447423433179341, 56.714510592211269 ], [ -2.447423743161636, 56.71450116139475 ], [ -2.447424960906876, 56.714491774150133 ], [ -2.447427038731337, 56.714482490482496 ], [ -2.447429928951365, 56.714473370396874 ], [ -2.447433576750102, 56.714464469759143 ], [ -2.447437838913873, 56.714455793142193 ], [ -2.447442512488061, 56.714447310453622 ], [ -2.447447393393364, 56.714438990948373 ], [ -2.447452277550644, 56.714430803881406 ], [ -2.447456960880928, 56.714422718507713 ], [ -2.447461239305404, 56.714414704082287 ], [ -2.447464908745412, 56.714406729860208 ], [ -2.447467765122457, 56.714398765096526 ], [ -2.447469604358198, 56.714390779046283 ], [ -2.447470222374466, 56.71438274096456 ], [ -2.447469427095819, 56.714374621237056 ], [ -2.447467257409768, 56.714366412007017 ], [ -2.447463960585814, 56.714358125048001 ], [ -2.447459791364656, 56.71434977283743 ], [ -2.447455004486771, 56.714341367852725 ], [ -2.447449854692406, 56.714332922571323 ], [ -2.447444596721582, 56.714324449470716 ], [ -2.447439485314083, 56.714315961028426 ], [ -2.447434775209451, 56.714307469722016 ], [ -2.447430721146998, 56.714298988029086 ], [ -2.44742757784546, 56.714290528426169 ], [ -2.4474255310387, 56.714282099545535 ], [ -2.447424543401946, 56.714273697589583 ], [ -2.447424532609271, 56.714265316252941 ], [ -2.447425416334826, 56.714256949230233 ], [ -2.447427112252837, 56.714248590216037 ], [ -2.447429538037602, 56.714240232904928 ], [ -2.447432611363492, 56.714231870991483 ], [ -2.447436249904948, 56.714223498170291 ], [ -2.447440371336486, 56.714215108135896 ], [ -2.447444893332683, 56.71420669458287 ], [ -2.447449733568192, 56.714198251205815 ], [ -2.447454809717733, 56.714189771699317 ], [ -2.447460039456096, 56.714181249757964 ], [ -2.447465340458141, 56.714172679076398 ], [ -2.447470630398798, 56.714164053349222 ], [ -2.447475826953067, 56.714155366271093 ], [ -2.447480847796028, 56.714146611536655 ], [ -2.44748561060283, 56.714137782840602 ], [ -2.447490033048703, 56.714128873877598 ], [ -2.447494033672409, 56.714119878466157 ], [ -2.447497579465097, 56.714110797372513 ], [ -2.447500710650745, 56.714101641864026 ], [ -2.447503473539491, 56.714092424080739 ], [ -2.447505914441443, 56.714083156162729 ], [ -2.447508079666659, 56.714073850250031 ], [ -2.44751001552516, 56.714064518482679 ], [ -2.447511768326926, 56.71405517300073 ], [ -2.447513384381891, 56.714045825944225 ], [ -2.447514909999947, 56.714036489453157 ], [ -2.447516391490943, 56.714027175667589 ], [ -2.447517875164679, 56.714017896727526 ], [ -2.447519407330918, 56.714008664772997 ], [ -2.447521034299369, 56.713999491944051 ], [ -2.447522802379711, 56.713990390380673 ], [ -2.447524757881575, 56.713981372222889 ], [ -2.447526947114554, 56.713972449610722 ], [ -2.4475294163882, 56.713963634684184 ], [ -2.447532212012034, 56.713954939583267 ], [ -2.447535380295537, 56.713946376447971 ], [ -2.447538967548172, 56.713937957418288 ], [ -2.447543020079351, 56.713929694634196 ], [ -2.447547584198487, 56.713921600235693 ], [ -2.447552706214958, 56.713913686362687 ], [ -2.447558432438126, 56.71390596515517 ], [ -2.447564809177339, 56.713898448753028 ], [ -2.447571882741941, 56.713891149296188 ], [ -2.44757969944127, 56.713884078924544 ], [ -2.447588305584666, 56.71387724977793 ], [ -2.447597747481472, 56.713870673996212 ], [ -2.447608052740496, 56.713864358181432 ], [ -2.447619131963594, 56.713858274286807 ], [ -2.447630850591181, 56.713852380892035 ], [ -2.447643073967375, 56.713846636548311 ], [ -2.447655667436328, 56.713840999806862 ], [ -2.447668496342227, 56.713835429219024 ], [ -2.447681426029291, 56.713829883336139 ], [ -2.447694321841758, 56.713824320709605 ], [ -2.447707049123891, 56.713818699890894 ], [ -2.447719473219979, 56.713812979431495 ], [ -2.447731459474343, 56.713807117883015 ], [ -2.447742873231342, 56.71380107379705 ], [ -2.447753579835388, 56.713794805725257 ], [ -2.447763444630956, 56.713788272219325 ], [ -2.447772333147414, 56.713781432048883 ], [ -2.447780134799569, 56.713774272144995 ], [ -2.447786786234121, 56.713766835126236 ], [ -2.447792229644056, 56.713759170150254 ], [ -2.447796407222473, 56.713751326374599 ], [ -2.447799261162589, 56.713743352956847 ], [ -2.447800733657706, 56.71373529905452 ], [ -2.447800766901208, 56.713727213825095 ], [ -2.44779930308654, 56.713719146426037 ], [ -2.447796284407184, 56.713711146014695 ], [ -2.447791657841297, 56.713703260519075 ], [ -2.447785500244059, 56.713695504497409 ], [ -2.447778030424353, 56.713687856035385 ], [ -2.447769474396855, 56.713680291367183 ], [ -2.447760058176073, 56.713672786727038 ], [ -2.447750007776345, 56.713665318349221 ], [ -2.447739549211853, 56.713657862468096 ], [ -2.447728908496619, 56.713650395318048 ], [ -2.447718311644517, 56.713642893133574 ], [ -2.447707984669268, 56.713635332149231 ], [ -2.447698153584436, 56.713627688599672 ], [ -2.447689044403421, 56.713619938719582 ], [ -2.447680883139446, 56.713612058743728 ], [ -2.447673895805553, 56.7136040249069 ], [ -2.447668307707714, 56.713595813531192 ], [ -2.447664230615099, 56.713587414955377 ], [ -2.447661538846503, 56.713578848832654 ], [ -2.447660076915409, 56.713570138495776 ], [ -2.447659689335409, 56.713561307277473 ], [ -2.447660220620215, 56.713552378510443 ], [ -2.447661515283667, 56.713543375527337 ], [ -2.447663417839754, 56.713534321660809 ], [ -2.447665772802611, 56.713525240243534 ], [ -2.44766842468652, 56.713516154608158 ], [ -2.447671218086321, 56.713507088074081 ], [ -2.447674035956742, 56.713498057629735 ], [ -2.447676860923396, 56.71348906381354 ], [ -2.447679691591469, 56.71348010452661 ], [ -2.447682526566158, 56.713471177670101 ], [ -2.447685364452646, 56.713462281145119 ], [ -2.447688203856127, 56.713453412852793 ], [ -2.447691043381791, 56.713444570694271 ], [ -2.447693881634832, 56.713435752570639 ], [ -2.447696717220443, 56.713426956383053 ], [ -2.447699548743818, 56.713418180032626 ], [ -2.447702374810148, 56.713409421420486 ], [ -2.447705194024632, 56.713400678447755 ], [ -2.447708004992465, 56.713391949015573 ], [ -2.447710806318841, 56.713383231025055 ], [ -2.447713596608959, 56.713374522377336 ], [ -2.447716374468016, 56.713365820973543 ], [ -2.44771913850121, 56.71335712471479 ], [ -2.447721887313739, 56.713348431502219 ], [ -2.447724619510804, 56.713339739236957 ], [ -2.447727333697608, 56.713331045820119 ], [ -2.447730028479346, 56.713322349152826 ], [ -2.447732702461225, 56.713313647136239 ], [ -2.447735354248447, 56.71330493767146 ], [ -2.447737982446209, 56.713296218659622 ], [ -2.447740585659723, 56.71328748800186 ], [ -2.447743162494189, 56.713278743599275 ], [ -2.447745711554815, 56.713269983353044 ], [ -2.447748231446804, 56.713261205164237 ], [ -2.447750720775365, 56.713252406934025 ], [ -2.44775317814571, 56.713243586563529 ], [ -2.447755602141513, 56.713234742126694 ], [ -2.447757991102044, 56.713225873659958 ], [ -2.447760343211606, 56.713216982443839 ], [ -2.447762656652044, 56.713208069778737 ], [ -2.447764929605206, 56.71319913696496 ], [ -2.44776716025294, 56.713190185302878 ], [ -2.447769346777096, 56.713181216092842 ], [ -2.447771487359527, 56.713172230635195 ], [ -2.447773580182088, 56.7131632302303 ], [ -2.44777562342664, 56.713154216178481 ], [ -2.447777615275037, 56.7131451897801 ], [ -2.447779553909144, 56.713136152335501 ], [ -2.447781437510825, 56.713127105145034 ], [ -2.447783264261944, 56.713118049509063 ], [ -2.44778503234437, 56.713108986727924 ], [ -2.447786739939973, 56.713099918101967 ], [ -2.447788385230624, 56.71309084493155 ], [ -2.447789966398199, 56.713081768517007 ], [ -2.447791481624573, 56.713072690158697 ], [ -2.447792929091623, 56.713063611156969 ], [ -2.447794306981229, 56.713054532812173 ], [ -2.447795613475274, 56.713045456424652 ], [ -2.447796846755644, 56.713036383294778 ], [ -2.447798005004222, 56.713027314722865 ], [ -2.447799086402893, 56.713018252009284 ], [ -2.447800089133551, 56.713009196454372 ], [ -2.447801011378085, 56.7130001493585 ], [ -2.447801851318389, 56.712991112022017 ], [ -2.447802607136357, 56.712982085745232 ], [ -2.447803277013887, 56.712973071828515 ], [ -2.447803859132874, 56.712964071572223 ], [ -2.447804351675219, 56.712955086276715 ], [ -2.447804752822825, 56.712946117242311 ], [ -2.447805060757593, 56.712937165769382 ], [ -2.447805273661428, 56.712928233158273 ], [ -2.447805389716236, 56.712919320709304 ], [ -2.447805407103923, 56.712910429722861 ], [ -2.4478053240064, 56.712901561499258 ], [ -2.447805138605574, 56.712892717338867 ], [ -2.44780484908336, 56.712883898542024 ], [ -2.447804453621667, 56.712875106409086 ], [ -2.447803950402413, 56.712866342240375 ], [ -2.447803337607507, 56.712857607336261 ], [ -2.447802613418871, 56.712848902997088 ], [ -2.447801776018417, 56.71284023052317 ], [ -2.447800823588065, 56.712831591214893 ], [ -2.447799754309735, 56.712822986372593 ], [ -2.447798566365344, 56.712814417296599 ], [ -2.447797257936817, 56.71280588528726 ], [ -2.447795827206072, 56.712797391644919 ], [ -2.447794272355031, 56.712788937669934 ], [ -2.447792591565621, 56.71278052466262 ], [ -2.44779078301976, 56.712772153923346 ], [ -2.447788844899373, 56.712763826752429 ], [ -2.447786775386386, 56.712755544450232 ], [ -2.447784572662724, 56.712747308317077 ], [ -2.447782234910309, 56.712739119653321 ], [ -2.447779760311068, 56.712730979759272 ], [ -2.447777147046929, 56.712722889935307 ], [ -2.447774393299813, 56.712714851481763 ], [ -2.447771497251647, 56.712706865698941 ], [ -2.447743232760688, 56.712689436065773 ], [ -2.447841993301798, 56.712705452231901 ], [ -2.447848703008179, 56.712710834520436 ], [ -2.447854293287353, 56.712716747279721 ], [ -2.447858834957223, 56.712723157495169 ], [ -2.44786239883563, 56.712730032152159 ], [ -2.447865055740381, 56.712737338236053 ], [ -2.447866876489263, 56.71274504273218 ], [ -2.447867931900059, 56.712753112625784 ], [ -2.447868292790561, 56.712761514902191 ], [ -2.447868029978582, 56.71277021654668 ], [ -2.447867214281969, 56.712779184544495 ], [ -2.447865916518617, 56.712788385880877 ], [ -2.447864207506473, 56.712797787541099 ], [ -2.447862158063542, 56.712807356510403 ], [ -2.447859839007905, 56.712817059774025 ], [ -2.447857321157712, 56.712826864317236 ], [ -2.447854675331193, 56.712836737125286 ], [ -2.447851972346661, 56.712846645183454 ], [ -2.44784928302251, 56.712856555476982 ], [ -2.44784667817722, 56.712866434991192 ], [ -2.44784422718176, 56.712876251360299 ], [ -2.44784196229783, 56.712885988855021 ], [ -2.447839876425991, 56.712895649392067 ], [ -2.447837960568341, 56.712905235739214 ], [ -2.447836205726969, 56.712914750664247 ], [ -2.447834602903952, 56.712924196934949 ], [ -2.447833143101359, 56.712933577319092 ], [ -2.447831817321244, 56.712942894584458 ], [ -2.447830616565652, 56.712952151498826 ], [ -2.447829531836615, 56.712961350829993 ], [ -2.44782855413616, 56.712970495345694 ], [ -2.447827674466301, 56.712979587813734 ], [ -2.447826883829037, 56.712988631001878 ], [ -2.447826173226371, 56.712997627677915 ], [ -2.447825533660281, 56.713006580609601 ], [ -2.447824956132745, 56.713015492564729 ], [ -2.447824431645734, 56.713024366311046 ], [ -2.447823951201198, 56.713033204616366 ], [ -2.447823505801091, 56.713042010248422 ], [ -2.447823086447355, 56.713050785975014 ], [ -2.447822684141917, 56.713059534563925 ], [ -2.447822289886702, 56.71306825878289 ], [ -2.447821894683625, 56.713076961399707 ], [ -2.447821489534588, 56.713085645182147 ], [ -2.447821065441494, 56.713094312897987 ], [ -2.447820613406229, 56.713102967314988 ], [ -2.447820124430674, 56.713111611200922 ], [ -2.447819589516703, 56.713120247323587 ], [ -2.447818999666181, 56.713128878450718 ], [ -2.447818345880962, 56.713137507350133 ], [ -2.447817619162893, 56.713146136789561 ], [ -2.447816810513813, 56.7131547695368 ], [ -2.447815910935554, 56.713163408359591 ], [ -2.447814911429936, 56.713172056025748 ], [ -2.447813802998774, 56.713180715303004 ], [ -2.44781257664387, 56.713189388959144 ], [ -2.447811223367022, 56.713198079761938 ], [ -2.447809734170015, 56.713206790479148 ], [ -2.447808100054627, 56.713215523878553 ], [ -2.447806312022625, 56.713224282727907 ], [ -2.447804361075766, 56.713233069794988 ], [ -2.447802238285794, 56.713241887830307 ], [ -2.447799941314342, 56.713250737960593 ], [ -2.447797479718014, 56.713259618381635 ], [ -2.447794864301878, 56.713268526981565 ], [ -2.447792105871017, 56.713277461648538 ], [ -2.447789215230523, 56.713286420270698 ], [ -2.447786203185492, 56.713295400736207 ], [ -2.447783080541042, 56.713304400933183 ], [ -2.447779858102298, 56.713313418749813 ], [ -2.447776546674386, 56.713322452074209 ], [ -2.447773157062457, 56.71333149879456 ], [ -2.447769700071662, 56.71334055679899 ], [ -2.447766186507169, 56.713349623975674 ], [ -2.447762627174157, 56.713358698212737 ], [ -2.447759032877816, 56.713367777398375 ], [ -2.44775541442334, 56.713376859420706 ], [ -2.447751782615946, 56.713385942167911 ], [ -2.447748148260855, 56.713395023528143 ], [ -2.447744522163299, 56.713404101389557 ], [ -2.447740915128525, 56.713413173640326 ], [ -2.447737337961789, 56.713422238168611 ], [ -2.447733801468357, 56.713431292862559 ], [ -2.447730316453508, 56.71344033561035 ], [ -2.447726893722533, 56.713449364300175 ], [ -2.44772354408073, 56.713458376820149 ], [ -2.447720278333414, 56.713467371058485 ], [ -2.447717107285902, 56.713476344903327 ], [ -2.447714041743533, 56.713485296242858 ], [ -2.447711092511649, 56.713494222965245 ], [ -2.447708270395603, 56.713503122958649 ], [ -2.44770558620076, 56.713511994111272 ], [ -2.447703058291415, 56.713520833442693 ], [ -2.447700784020252, 56.713529628896303 ], [ -2.447698907776233, 56.713538363010777 ], [ -2.447697574573558, 56.713547018252925 ], [ -2.447696929426556, 56.713555577089586 ], [ -2.447697117349675, 56.713564021987594 ], [ -2.44769828335749, 56.713572335413758 ], [ -2.447700572464671, 56.713580499834869 ], [ -2.447704129685995, 56.713588497717659 ], [ -2.447709100036315, 56.713596311528825 ], [ -2.447715616310485, 56.713603925219807 ], [ -2.447723625683073, 56.71361134529576 ], [ -2.447732931006662, 56.713618595797676 ], [ -2.447743331337602, 56.713625701227755 ], [ -2.447754625732088, 56.713632686088317 ], [ -2.447766613246178, 56.713639574881675 ], [ -2.447779092935799, 56.713646392110192 ], [ -2.447791863856759, 56.713653162276358 ], [ -2.447804725064755, 56.713659909882686 ], [ -2.447817475615369, 56.713666659431816 ], [ -2.447829914564071, 56.713673435426436 ], [ -2.447841840966225, 56.713680262369351 ], [ -2.447853053877066, 56.713687164763392 ], [ -2.447863352351717, 56.713694167111477 ], [ -2.447872535445159, 56.713701293916593 ], [ -2.447880402212224, 56.713708569681707 ], [ -2.447886751707584, 56.713716018909849 ], [ -2.447891412182015, 56.713723655642248 ], [ -2.447894377626763, 56.713731434531013 ], [ -2.447895700443716, 56.713739289298132 ], [ -2.447895433100346, 56.713747153642039 ], [ -2.44789362806417, 56.713754961261117 ], [ -2.447890337802766, 56.71376264585367 ], [ -2.447885614783802, 56.713770141117969 ], [ -2.44787951147506, 56.713777380752255 ], [ -2.447872080344455, 56.713784298454691 ], [ -2.447863373915037, 56.713790828001919 ], [ -2.447853464956127, 56.713796932070238 ], [ -2.447842476609089, 56.713802645237756 ], [ -2.44783053971743, 56.713808013076616 ], [ -2.447817785124731, 56.713813081159053 ], [ -2.44780434367463, 56.713817895057282 ], [ -2.447790346210793, 56.713822500343589 ], [ -2.447775923576908, 56.713826942590281 ], [ -2.447761206616669, 56.713831267369763 ], [ -2.447746326173764, 56.713835520254463 ], [ -2.447731413091873, 56.71383974681688 ], [ -2.447716598214666, 56.713843992629563 ], [ -2.447702012385796, 56.713848303265173 ], [ -2.447687786448914, 56.713852724296359 ], [ -2.44767405124766, 56.713857301295882 ], [ -2.44766093762569, 56.713862079836538 ], [ -2.447648576426676, 56.713867105491175 ], [ -2.447637098494332, 56.713872423832662 ], [ -2.447626627581891, 56.71387807812004 ], [ -2.447617184902322, 56.713884078150429 ], [ -2.44760871451241, 56.713890408542412 ], [ -2.447601158584368, 56.713897053299597 ], [ -2.447594459290429, 56.713903996425564 ], [ -2.447588558802838, 56.71391122192383 ], [ -2.44758339929384, 56.713918713797874 ], [ -2.447578922935678, 56.713926456051183 ], [ -2.447575071900584, 56.713934432687246 ], [ -2.447571788360767, 56.713942627709464 ], [ -2.447569014488423, 56.713951025121261 ], [ -2.447566692455705, 56.713959608926068 ], [ -2.447564764434739, 56.713968363127293 ], [ -2.447563172597613, 56.713977271728332 ], [ -2.447561859116367, 56.713986318732552 ], [ -2.447560766163, 56.713995488143368 ], [ -2.447559835909457, 56.714004763964141 ], [ -2.447559010527632, 56.714014130198272 ], [ -2.447558232189365, 56.714023570849129 ], [ -2.447557443066436, 56.714033069920077 ], [ -2.447556585330578, 56.714042611414513 ], [ -2.447555601153458, 56.714052179335816 ], [ -2.447554432706683, 56.714061757687332 ], [ -2.447553022161811, 56.71407133047245 ], [ -2.44755131169034, 56.714080881694521 ], [ -2.447549243463711, 56.714090395356948 ], [ -2.44754675965331, 56.71409985546304 ], [ -2.447543802430478, 56.71410924601615 ], [ -2.447540313966505, 56.714118551019652 ], [ -2.447536236753808, 56.71412775451477 ], [ -2.447531564774352, 56.714136846626808 ], [ -2.447526399645146, 56.714145830199172 ], [ -2.447520856486545, 56.714154709670808 ], [ -2.447515050419007, 56.714163489480704 ], [ -2.447509096563111, 56.714172174067876 ], [ -2.447503110039531, 56.714180767871305 ], [ -2.447497205969056, 56.714189275330071 ], [ -2.447491499472564, 56.714197700883197 ], [ -2.447486105671044, 56.7142060489698 ], [ -2.447481139685573, 56.714214324028958 ], [ -2.447476716637321, 56.714222530499818 ], [ -2.447472951647562, 56.714230672821436 ], [ -2.447469959837647, 56.714238755433023 ], [ -2.44746785632903, 56.714246782773643 ], [ -2.447466756243242, 56.714254759282461 ], [ -2.447466774701918, 56.714262689398538 ], [ -2.447468026826768, 56.71427057756096 ], [ -2.447470627739602, 56.714278428208758 ], [ -2.447474692562308, 56.714286245780912 ], [ -2.44748031117856, 56.714294034090337 ], [ -2.447487310557679, 56.714301790429026 ], [ -2.447495361481115, 56.714309508215031 ], [ -2.447504132668982, 56.714317180815414 ], [ -2.447513292841113, 56.71432480159725 ], [ -2.44752251071706, 56.714332363927781 ], [ -2.447531455016109, 56.714339861174288 ], [ -2.447539794457267, 56.714347286704175 ], [ -2.447547197759288, 56.714354633884902 ], [ -2.447553333640666, 56.714361896084007 ], [ -2.447557870819654, 56.714369066669072 ], [ -2.447560478014269, 56.714376139007676 ], [ -2.447560871283393, 56.714383109207347 ], [ -2.447559146715288, 56.714389995371221 ], [ -2.447555583285759, 56.71439682618761 ], [ -2.447550461139516, 56.714403630412413 ], [ -2.447544060421465, 56.714410436801522 ], [ -2.447536661276697, 56.714417274110829 ], [ -2.447528543850477, 56.714424171096262 ], [ -2.447519988288254, 56.714431156513811 ], [ -2.447511274735642, 56.71443825911954 ], [ -2.447502683338444, 56.714445507669531 ], [ -2.447494494242654, 56.714452930920068 ], [ -2.447486987594465, 56.714460557627383 ], [ -2.447480443540303, 56.714468416547838 ], [ -2.447475093296121, 56.714476527027749 ], [ -2.447470965484029, 56.714484869451944 ], [ -2.447468036300004, 56.714493414122906 ], [ -2.447466281939972, 56.71450213134311 ], [ -2.447465678599877, 56.714510991414933 ], [ -2.447466202475672, 56.714519964640807 ], [ -2.447467829763306, 56.714529021323052 ], [ -2.447470536658717, 56.71453813176403 ], [ -2.447474299357823, 56.714547266266003 ], [ -2.447479094057359, 56.714556395129073 ], [ -2.447484899263764, 56.714565482697907 ], [ -2.44749170082335, 56.714574474391966 ], [ -2.447499486037064, 56.714583311879899 ], [ -2.447508242205767, 56.714591936830381 ], [ -2.447517956630223, 56.714600290912017 ], [ -2.447528616611088, 56.714608315793441 ], [ -2.447540209448895, 56.71461595314323 ], [ -2.447552722444036, 56.714623144629954 ], [ -2.447566142896754, 56.714629831922188 ], [ -2.447580458107129, 56.71463595668849 ], [ -2.447595637473171, 56.714641475964591 ], [ -2.447611567233756, 56.714646418170894 ], [ -2.447628109498897, 56.71465083244032 ], [ -2.447645126375999, 56.714654767908051 ], [ -2.447662479972458, 56.714658273709325 ], [ -2.447680032395681, 56.714661398979473 ], [ -2.447697645753109, 56.714664192853867 ], [ -2.447715182152225, 56.714666704468016 ], [ -2.447732503700569, 56.714668982957448 ], [ -2.447749472505746, 56.714671077457794 ], [ -2.44776595067543, 56.71467303710476 ], [ -2.447781800317363, 56.714674911034102 ], [ -2.447796883539347, 56.714676748381656 ], [ -2.44781106244925, 56.714678598283292 ], [ -2.447824199154981, 56.71468050987496 ], [ -2.447836155764487, 56.714682532292606 ], [ -2.447846794385726, 56.714684714672217 ], [ -2.447855977126657, 56.714687106149782 ], [ -2.4478635660952, 56.714689755861279 ], [ -2.447869423399223, 56.714692712942679 ], [ -2.447873411146499, 56.714696026529907 ], [ -2.447875400714734, 56.714699743545609 ], [ -2.447875414053765, 56.714703874963767 ], [ -2.447873595408839, 56.714708402560703 ], [ -2.447870092563046, 56.714713307267957 ], [ -2.447865053299449, 56.714718570017013 ], [ -2.447858625401116, 56.714724171739363 ], [ -2.447850956651138, 56.714730093366455 ], [ -2.447842194832644, 56.71473631582969 ], [ -2.447832487728824, 56.714742820060565 ], [ -2.447821983122942, 56.714749586990528 ], [ -2.447810828798357, 56.71475659755108 ], [ -2.447799172538527, 56.714763832673789 ], [ -2.447787162127038, 56.714771273290232 ], [ -2.447774945347593, 56.71477890033205 ], [ -2.447762669984038, 56.714786694730961 ], [ -2.447750483820359, 56.714794637418727 ], [ -2.447738534640696, 56.714802709327152 ], [ -2.447726970229343, 56.714810891388119 ], [ -2.447715938370757, 56.714819164533559 ], [ -2.447705586849549, 56.714827509695418 ], [ -2.44769606345049, 56.714835907805721 ], [ -2.447687515958515, 56.7148443397965 ], [ -2.44768009215871, 56.714852786599849 ], [ -2.447673939836313, 56.7148612291478 ], [ -2.44766920677671, 56.714869648372442 ], [ -2.447666040765422, 56.714878025205763 ], [ -2.447664589588099, 56.714886340579831 ], [ -2.447665000961326, 56.714894575432979 ], [ -2.447667348796353, 56.71490271758524 ], [ -2.447671492979152, 56.714910774812566 ], [ -2.447677254821142, 56.714918758487556 ], [ -2.447684455633565, 56.714926679982796 ], [ -2.447692916727513, 56.714934550670861 ], [ -2.447702459413925, 56.714942381924295 ], [ -2.447712905003594, 56.714950185115711 ], [ -2.447724074807174, 56.714957971617714 ], [ -2.447735790135178, 56.714965752803018 ], [ -2.447747872297992, 56.714973540044362 ], [ -2.447760142605864, 56.714981344714502 ], [ -2.447772422368908, 56.714989178186364 ], [ -2.44778453289711, 56.714997051832853 ], [ -2.447796295500317, 56.715004977027 ], [ -2.447807531488237, 56.715012965141895 ], [ -2.447818062170438, 56.715021027550648 ], [ -2.447827708856339, 56.715029175626476 ], [ -2.447836292855206, 56.715037420742568 ], [ -2.447843635476141, 56.715045774272205 ], [ -2.447849558028083, 56.71505424758864 ], [ -2.447853881819785, 56.715062852065131 ], [ -2.447856431375455, 56.715071598689775 ], [ -2.447857237960968, 56.71508047369155 ], [ -2.447856661491594, 56.715089423940867 ], [ -2.447855091134372, 56.715098392804975 ], [ -2.447852916056717, 56.715107323651068 ], [ -2.447850525426428, 56.715116159846382 ], [ -2.447848308411686, 56.715124844758186 ], [ -2.447846654181044, 56.71513332175379 ], [ -2.447845951903406, 56.715141534200463 ], [ -2.44784659074798, 56.715149425465519 ], [ -2.447848959884241, 56.715156938916216 ], [ -2.44785342546409, 56.715164021838554 ], [ -2.447859995447526, 56.715170682502112 ], [ -2.44786839483641, 56.715176977351092 ], [ -2.44787834092406, 56.715182964142109 ], [ -2.447889551003603, 56.715188700631757 ], [ -2.44790174236799, 56.715194244576679 ], [ -2.447914632310054, 56.715199653733649 ], [ -2.447927938122519, 56.715204985859515 ], [ -2.447941377098025, 56.715210298711213 ], [ -2.447954666529133, 56.715215650045835 ], [ -2.447967523708326, 56.715221097620585 ], [ -2.447979665927998, 56.71522669919279 ], [ -2.447990810480435, 56.715232512519833 ], [ -2.448000674657785, 56.715238595359253 ], [ -2.448008975752036, 56.715245005468574 ], [ -2.448015431125262, 56.715251800592377 ], [ -2.448019877214286, 56.715259016467932 ], [ -2.448022513200796, 56.715266621790342 ], [ -2.448023607093048, 56.715274572534128 ], [ -2.448023426899426, 56.715282824673778 ], [ -2.448022240628477, 56.715291334183725 ], [ -2.448020316288952, 56.715300057038384 ], [ -2.448017921889823, 56.715308949212165 ], [ -2.448015325440321, 56.715317966679507 ], [ -2.448012794949927, 56.715327065414826 ], [ -2.448010598428397, 56.715336201392603 ], [ -2.448009003885763, 56.715345330587319 ], [ -2.448008271597519, 56.715354409556348 ], [ -2.448008526377838, 56.715363405065084 ], [ -2.448009777652302, 56.715372292574315 ], [ -2.448012031158658, 56.715381047822682 ], [ -2.448015292634636, 56.715389646548829 ], [ -2.44801956781794, 56.715398064491403 ], [ -2.448024862446233, 56.715406277388929 ], [ -2.448031182257146, 56.715414260980047 ], [ -2.448038532988257, 56.71542199100324 ], [ -2.448046920377086, 56.715429443197038 ], [ -2.448056350161102, 56.715436593299913 ], [ -2.448066828077693, 56.715443417050331 ], [ -2.448078356175452, 56.715449891925424 ], [ -2.448090882723726, 56.71545602075183 ], [ -2.448104315304526, 56.715461825534582 ], [ -2.448118560493486, 56.715467328753121 ], [ -2.448133524866175, 56.715472552886851 ], [ -2.448149114998113, 56.715477520415256 ], [ -2.448165237464774, 56.715482253817832 ], [ -2.448170030972249, 56.715483562590549 ] ] ], [ [ [ -2.447882780640651, 56.717501465598659 ], [ -2.447886654395655, 56.717506600564938 ], [ -2.447893189938714, 56.717513492306132 ], [ -2.447900844909213, 56.717519981602429 ], [ -2.447909667698886, 56.717526049504386 ], [ -2.447919623375708, 56.717531706868478 ], [ -2.447930653899696, 56.717536972817285 ], [ -2.44794270122993, 56.71754186647361 ], [ -2.447955707325423, 56.717546406960295 ], [ -2.447967034309094, 56.71754983306915 ], [ -2.447960433611141, 56.71754797937389 ], [ -2.447946901195523, 56.717543596902722 ], [ -2.447934358265509, 56.717538869725281 ], [ -2.447922873129735, 56.717533776558234 ], [ -2.447912514096771, 56.717528296118246 ], [ -2.447903349475101, 56.717522407121976 ], [ -2.447895440818496, 56.717516090402775 ], [ -2.447888763378425, 56.717509353838778 ], [ -2.447883232795862, 56.717502223988319 ], [ -2.447882780640651, 56.717501465598659 ] ] ], [ [ [ -2.447972899547586, 56.717551480222511 ], [ -2.447976723375416, 56.717552489103177 ], [ -2.447974887203669, 56.717552038422134 ], [ -2.447972899547586, 56.717551480222511 ] ] ], [ [ [ -2.448133416705125, 56.717577341843622 ], [ -2.448145453120941, 56.717578512253517 ], [ -2.448165437190382, 56.717580306288866 ], [ -2.448185625490069, 56.717581995752667 ], [ -2.448205959978898, 56.717583599768084 ], [ -2.448226382615809, 56.717585137458272 ], [ -2.448246835359759, 56.717586627946432 ], [ -2.448267260169749, 56.717588090355854 ], [ -2.448287599004803, 56.717589543809787 ], [ -2.448307793823982, 56.717591007431558 ], [ -2.448327786586376, 56.717592500344558 ], [ -2.448347519251107, 56.717594041672157 ], [ -2.448366933777331, 56.717595650537824 ], [ -2.448385972124217, 56.717597346064984 ], [ -2.448404576250973, 56.717599147377157 ], [ -2.448422688116815, 56.717601073597912 ], [ -2.448440249680983, 56.717603143850738 ], [ -2.448457202902724, 56.717605377259297 ], [ -2.448473489741293, 56.717607792947149 ], [ -2.448489052155942, 56.717610410037942 ], [ -2.44850383210592, 56.717613247655322 ], [ -2.448517771550463, 56.71761632492295 ], [ -2.448530812448781, 56.717619660964502 ], [ -2.448542896760063, 56.717623274903637 ], [ -2.448553966443453, 56.717627185864032 ], [ -2.448563963458052, 56.717631412969389 ], [ -2.448572829762904, 56.717635975343342 ], [ -2.448580507316982, 56.717640892109557 ], [ -2.448586938079184, 56.717646182391654 ], [ -2.448592064008312, 56.71765186531325 ], [ -2.448595827063076, 56.717657959997908 ], [ -2.448598174243217, 56.717664483937469 ], [ -2.448599144237573, 56.717671424946275 ], [ -2.448598855683064, 56.717678744961397 ], [ -2.448597429895741, 56.71768640505271 ], [ -2.448594988191684, 56.717694366290075 ], [ -2.448591651887039, 56.717702589743354 ], [ -2.448587542298029, 56.717711036482356 ], [ -2.448582780740963, 56.71771966757693 ], [ -2.448577488532269, 56.717728444096934 ], [ -2.448571786988485, 56.717737327112175 ], [ -2.448565797426282, 56.717746277692598 ], [ -2.448559641162463, 56.717755256908035 ], [ -2.448553439413805, 56.717764225860556 ], [ -2.448547280675668, 56.717773156146698 ], [ -2.448541173775044, 56.71778204491423 ], [ -2.448535115644861, 56.717790893125589 ], [ -2.448529103218049, 56.717799701743239 ], [ -2.448523133427525, 56.717808471729597 ], [ -2.44851720320621, 56.717817204047122 ], [ -2.44851130948702, 56.717825899658266 ], [ -2.448505449202866, 56.717834559525429 ], [ -2.448499619286654, 56.717843184611098 ], [ -2.448493816671288, 56.717851775877698 ], [ -2.448488038289672, 56.717860334287664 ], [ -2.448482281074698, 56.717868860803421 ], [ -2.448476541959264, 56.717877356387447 ], [ -2.448470817876259, 56.717885822002131 ], [ -2.448465105758568, 56.717894258609945 ], [ -2.448459402539079, 56.717902667173306 ], [ -2.448453705150668, 56.717911048654663 ], [ -2.448448010526212, 56.717919404016435 ], [ -2.448442315598588, 56.717927734221078 ], [ -2.448436617300664, 56.717936040231017 ], [ -2.448430912565308, 56.717944323008666 ], [ -2.448425198325384, 56.717952583516471 ], [ -2.44841947151375, 56.71796082271689 ], [ -2.448413729063269, 56.717969041572317 ], [ -2.448407967906792, 56.717977241045183 ], [ -2.448402184977169, 56.717985422097954 ], [ -2.448396377207248, 56.717993585693044 ], [ -2.448390541529879, 56.718001732792857 ], [ -2.448384674877898, 56.718009864359843 ], [ -2.448378774184147, 56.718017981356439 ], [ -2.44837283638146, 56.718026084745055 ], [ -2.448366858402667, 56.718034175488121 ], [ -2.448360837180602, 56.71804225454806 ], [ -2.448354769648089, 56.718050322887308 ], [ -2.448348652737951, 56.718058381468296 ], [ -2.448342483383007, 56.718066431253412 ], [ -2.448336258516074, 56.718074473205114 ], [ -2.448329975070109, 56.718082508285796 ], [ -2.44832363131978, 56.718090537395554 ], [ -2.448317230165447, 56.718098561219463 ], [ -2.448310775503602, 56.718106580396352 ], [ -2.448304271230739, 56.718114595565041 ], [ -2.448297721243351, 56.71812260736435 ], [ -2.448291129437935, 56.7181306164331 ], [ -2.448284499710991, 56.718138623410141 ], [ -2.448277835959025, 56.718146628934242 ], [ -2.448271142078541, 56.718154633644254 ], [ -2.448264421966049, 56.718162638179017 ], [ -2.448257679518062, 56.718170643177316 ], [ -2.448250918631091, 56.718178649278009 ], [ -2.44824414320166, 56.718186657119908 ], [ -2.44823735712628, 56.718194667341862 ], [ -2.448230564301482, 56.718202680582657 ], [ -2.44822376862379, 56.718210697481176 ], [ -2.448216973989734, 56.718218718676198 ], [ -2.448210184295842, 56.718226744806586 ], [ -2.448203403438652, 56.71823477651116 ], [ -2.448196635314701, 56.718242814428756 ], [ -2.448189883820527, 56.718250859198207 ], [ -2.448183152852676, 56.718258911458364 ], [ -2.448176446307691, 56.718266971848024 ], [ -2.448169768082124, 56.718275041006052 ], [ -2.448163122072522, 56.718283119571282 ], [ -2.448156512175445, 56.718291208182542 ], [ -2.448149942287448, 56.718299307478688 ], [ -2.448143416305093, 56.718307418098533 ], [ -2.448136938124941, 56.718315540680941 ], [ -2.448130511643562, 56.718323675864724 ], [ -2.448124140757522, 56.718331824288775 ], [ -2.448117829363395, 56.718339986591886 ], [ -2.448111581357757, 56.718348163412927 ], [ -2.448105400637185, 56.718356355390732 ], [ -2.448099291098263, 56.718364563164151 ], [ -2.448093256637574, 56.718372787372026 ], [ -2.448087301151707, 56.718381028653191 ], [ -2.448081428537254, 56.718389287646517 ], [ -2.448075642690808, 56.718397564990838 ], [ -2.448069947508966, 56.718405861325003 ], [ -2.44806434688833, 56.718414177287855 ], [ -2.448058844725504, 56.718422513518256 ], [ -2.448053444917096, 56.718430870655041 ], [ -2.448048151359719, 56.718439249337067 ], [ -2.448042967949982, 56.718447650203181 ], [ -2.448037898583917, 56.718456073892121 ], [ -2.448032944619412, 56.718464520583531 ], [ -2.448028099066823, 56.718472988947013 ], [ -2.448023353222945, 56.718481477342259 ], [ -2.448018698384569, 56.718489984128901 ], [ -2.448014125848477, 56.718498507666631 ], [ -2.448009626911442, 56.718507046315096 ], [ -2.448005192870236, 56.718515598433981 ], [ -2.448000815021617, 56.718524162382884 ], [ -2.44799648466234, 56.718532736521517 ], [ -2.447992193089155, 56.718541319209535 ], [ -2.447987931598801, 56.718549908806551 ], [ -2.447983691488014, 56.718558503672249 ], [ -2.447979464053519, 56.718567102166283 ], [ -2.447975240592033, 56.718575702648273 ], [ -2.44797101240027, 56.718584303477897 ], [ -2.447966770774938, 56.718592903014809 ], [ -2.44796250701273, 56.718601499618622 ], [ -2.447958212410339, 56.718610091649012 ], [ -2.447953878264446, 56.718618677465621 ], [ -2.44794949587173, 56.718627255428075 ], [ -2.447945056528862, 56.718635823896022 ], [ -2.447940551532502, 56.718644381229112 ], [ -2.447935972179307, 56.718652925786962 ], [ -2.447931309765924, 56.718661455929237 ], [ -2.447926555588997, 56.718669970015554 ], [ -2.447921700945157, 56.718678466405557 ], [ -2.447916737131037, 56.71868694345887 ], [ -2.447911655443258, 56.718695399535115 ], [ -2.447906447178433, 56.718703832993953 ], [ -2.447901103633172, 56.718712242194989 ], [ -2.44789561690619, 56.718720625638191 ], [ -2.447889989200592, 56.718728983591447 ], [ -2.447884229628924, 56.718737317531598 ], [ -2.447878347437783, 56.718745628958885 ], [ -2.447872351873771, 56.71875391937359 ], [ -2.447866252183507, 56.718762190275967 ], [ -2.447860057613606, 56.718770443166292 ], [ -2.447853777410699, 56.718778679544847 ], [ -2.447847420821415, 56.718786900911901 ], [ -2.447840997092403, 56.718795108767736 ], [ -2.447834515470303, 56.718803304612628 ], [ -2.447827985201779, 56.718811489946859 ], [ -2.447821415533491, 56.718819666270697 ], [ -2.447814815712109, 56.718827835084447 ], [ -2.447808194984307, 56.718835997888384 ], [ -2.447801562596773, 56.718844156182797 ], [ -2.447794927796197, 56.718852311467977 ], [ -2.447788299829274, 56.718860465244212 ], [ -2.447781687942711, 56.718868619011793 ], [ -2.44777510138322, 56.718876774271038 ], [ -2.447768549397515, 56.718884932522222 ], [ -2.447762041232326, 56.71889309526567 ], [ -2.447755586134384, 56.718901264001637 ], [ -2.447749193350427, 56.718909440230483 ], [ -2.4477428721272, 56.718917625452491 ], [ -2.44773663171146, 56.718925821167957 ], [ -2.447730481349966, 56.718934028877186 ], [ -2.447724430289481, 56.718942250080524 ], [ -2.447718487776786, 56.718950486278253 ], [ -2.447712663058659, 56.718958738970706 ], [ -2.447706965381892, 56.718967009658179 ], [ -2.44770140399328, 56.718975299841006 ], [ -2.447695988139631, 56.718983611019489 ], [ -2.447690727067751, 56.718991944693961 ], [ -2.447685630024464, 56.719000302364755 ], [ -2.447680706256599, 56.719008685532167 ], [ -2.447675965010989, 56.719017095696529 ], [ -2.447671415534479, 56.719025534358153 ], [ -2.447667067073925, 56.719034003017391 ], [ -2.447662928876182, 56.719042503174535 ], [ -2.447659007661086, 56.719051035948468 ], [ -2.447655296528446, 56.719059600401941 ], [ -2.447651784009802, 56.719068194908175 ], [ -2.447648458633353, 56.71907681783982 ], [ -2.447645308927284, 56.719085467569549 ], [ -2.447642323419779, 56.71909414247002 ], [ -2.447639490639006, 56.719102840913919 ], [ -2.447636799113124, 56.719111561273884 ], [ -2.447634237370288, 56.719120301922594 ], [ -2.447631793938637, 56.719129061232714 ], [ -2.447629457346303, 56.719137837576895 ], [ -2.447627216121405, 56.719146629327795 ], [ -2.447625058792059, 56.719155434858081 ], [ -2.447622973886365, 56.719164252540395 ], [ -2.447620949932414, 56.71917308074741 ], [ -2.447618975458286, 56.71918191785177 ], [ -2.447617038992061, 56.719190762226113 ], [ -2.447615129061787, 56.719199612243116 ], [ -2.447613234195524, 56.719208466275418 ], [ -2.447611342921309, 56.719217322695684 ], [ -2.447609443767171, 56.719226179876543 ], [ -2.44760752526113, 56.719235036190675 ], [ -2.447605575931196, 56.719243890010681 ], [ -2.447603584305368, 56.719252739709255 ], [ -2.447601538911632, 56.719261583659033 ], [ -2.447599428277974, 56.719270420232647 ], [ -2.447597240932351, 56.719279247802746 ], [ -2.447594965402727, 56.719288064741967 ], [ -2.447592590217052, 56.71929686942299 ], [ -2.447590103903257, 56.719305660218424 ], [ -2.447587497061647, 56.719314435739506 ], [ -2.447584774206883, 56.719323196199468 ], [ -2.447581945580929, 56.719331942470895 ], [ -2.447579021443489, 56.719340675428455 ], [ -2.447576012054288, 56.7193493959468 ], [ -2.447572927673046, 56.719358104900557 ], [ -2.447569778559504, 56.719366803164405 ], [ -2.447566574973404, 56.719375491612986 ], [ -2.447563327174503, 56.719384171120979 ], [ -2.447560045422565, 56.719392842563003 ], [ -2.447556739977361, 56.719401506813718 ], [ -2.447553421098673, 56.719410164747792 ], [ -2.447550099046293, 56.719418817239905 ], [ -2.447546784080021, 56.719427465164692 ], [ -2.447543486459666, 56.719436109396803 ], [ -2.447540216445046, 56.719444750810936 ], [ -2.447536984295989, 56.719453390281728 ], [ -2.447533800272327, 56.71946202868385 ], [ -2.44753067463391, 56.719470666891979 ], [ -2.447527617640589, 56.719479305780773 ], [ -2.44752463955223, 56.719487946224895 ], [ -2.447521750628704, 56.719496589099009 ], [ -2.447518961129889, 56.719505235277801 ], [ -2.447516281315679, 56.719513885635934 ], [ -2.447513721445975, 56.719522541048086 ], [ -2.44751129178068, 56.719531202388922 ], [ -2.447509002579717, 56.719539870533097 ], [ -2.447506864103013, 56.719548546355313 ], [ -2.447504886610502, 56.71955723073021 ], [ -2.44750308036213, 56.71956592453251 ], [ -2.447501455617854, 56.719574628636842 ], [ -2.447500022637641, 56.719583343917883 ], [ -2.447498791681459, 56.719592071250332 ], [ -2.447497773009299, 56.71960081150884 ], [ -2.44749697688115, 56.719609565568071 ], [ -2.447496413557019, 56.719618334302716 ], [ -2.447496093296919, 56.719627118587432 ], [ -2.44749602636087, 56.719635919296891 ], [ -2.447496223008911, 56.719644737305764 ], [ -2.447496693501083, 56.719653573488706 ], [ -2.447497445109152, 56.719662428364323 ], [ -2.447498468691504, 56.719671300495456 ], [ -2.447499749500768, 56.719680187776973 ], [ -2.447501272784731, 56.719689088103237 ], [ -2.447503023791169, 56.71969799936852 ], [ -2.447504987767841, 56.71970691946715 ], [ -2.447507149962493, 56.719715846293461 ], [ -2.447509495622856, 56.719724777741725 ], [ -2.447512009996654, 56.719733711706297 ], [ -2.447514678331585, 56.719742646081471 ], [ -2.44751748587534, 56.71975157876156 ], [ -2.447520417875595, 56.719760507640892 ], [ -2.447523459580009, 56.719769430613759 ], [ -2.447526596236227, 56.71977834557449 ], [ -2.447529813091882, 56.719787250417419 ], [ -2.447533095394591, 56.719796143036845 ], [ -2.447536428391952, 56.719805021327097 ], [ -2.447539797331555, 56.719813883182496 ], [ -2.447543187460974, 56.71982272649737 ], [ -2.447546584027764, 56.719831549166045 ], [ -2.447549972279469, 56.719840349082823 ], [ -2.447553337463623, 56.71984912414208 ], [ -2.447556664827737, 56.719857872238094 ], [ -2.447559939619309, 56.719866591265216 ], [ -2.447563147085832, 56.719875279117794 ], [ -2.447566272474776, 56.719883933690163 ], [ -2.447569301033599, 56.719892552876615 ], [ -2.447572218009748, 56.719901134571536 ], [ -2.447575008650658, 56.719909676669246 ], [ -2.447577658203745, 56.719918177064073 ], [ -2.447580151916416, 56.719926633650367 ], [ -2.447582475048052, 56.719935044329553 ], [ -2.447584617365743, 56.719943409670471 ], [ -2.447586579893173, 56.719951736902935 ], [ -2.44758836538221, 56.71996003427941 ], [ -2.447589976584719, 56.71996831005233 ], [ -2.447591416252577, 56.719976572474152 ], [ -2.447592687137659, 56.71998482979734 ], [ -2.447593791991846, 56.719993090274322 ], [ -2.447594733567022, 56.720001362157561 ], [ -2.447595514615078, 56.720009653699478 ], [ -2.447596137887901, 56.720017973152551 ], [ -2.447596606137384, 56.720026328769201 ], [ -2.447596922115423, 56.720034728801899 ], [ -2.447597088573911, 56.720043181503051 ], [ -2.447597108264749, 56.720051695125143 ], [ -2.447596983939837, 56.720060277920588 ], [ -2.44759671835107, 56.720068938141814 ], [ -2.44759631425035, 56.720077684041314 ], [ -2.447595774389581, 56.72008652387148 ], [ -2.447595101520662, 56.720095465884796 ], [ -2.447594298395494, 56.720104518333656 ], [ -2.447593367725524, 56.720113689435252 ], [ -2.447592300524019, 56.720122977202898 ], [ -2.447591059973056, 56.720132355373984 ], [ -2.447589605205186, 56.720141794153669 ], [ -2.447587895352915, 56.720151263747169 ], [ -2.447585889548712, 56.720160734359638 ], [ -2.447583546925011, 56.720170176196234 ], [ -2.447580826614216, 56.720179559462117 ], [ -2.4475776877487, 56.720188854362469 ], [ -2.447574089460813, 56.720198031102406 ], [ -2.447569990882882, 56.720207059887095 ], [ -2.447565351147215, 56.720215910921638 ], [ -2.447560129386123, 56.720224554411168 ], [ -2.4475542847319, 56.720232960560786 ], [ -2.447547776316848, 56.720241099575553 ], [ -2.447540563273285, 56.720248941660536 ], [ -2.447532604733544, 56.720256457020817 ], [ -2.447523859829992, 56.720263615861363 ], [ -2.447514287695029, 56.72027038838722 ], [ -2.447503848019439, 56.720276745116557 ], [ -2.447492546108166, 56.720282682158569 ], [ -2.447480465984845, 56.720288239786086 ], [ -2.447467699476883, 56.720293462650112 ], [ -2.447454338411708, 56.720298395401713 ], [ -2.447440474616773, 56.720303082691927 ], [ -2.447426199919528, 56.720307569171823 ], [ -2.447411606147416, 56.720311899492586 ], [ -2.44739678512786, 56.720316118305362 ], [ -2.447381828688265, 56.720320270261354 ], [ -2.447366828656008, 56.720324400011869 ], [ -2.447351876858428, 56.720328552208137 ], [ -2.447337065122849, 56.720332771501539 ], [ -2.447322485276556, 56.720337102543489 ], [ -2.4473082249888, 56.720341588022826 ], [ -2.447294313619305, 56.720346243107002 ], [ -2.447280737558789, 56.720351062682475 ], [ -2.447267482197986, 56.720356041163733 ], [ -2.447254532927632, 56.72036117296522 ], [ -2.447241875138478, 56.720366452501437 ], [ -2.447229494221276, 56.72037187418681 ], [ -2.447217375566784, 56.720377432435789 ], [ -2.447205504565761, 56.720383121662806 ], [ -2.44719386660898, 56.720388936282305 ], [ -2.447182447087207, 56.720394870708695 ], [ -2.447171231391213, 56.720400919356408 ], [ -2.447160204911771, 56.720407076639837 ], [ -2.447149353039651, 56.720413336973415 ], [ -2.447138661165627, 56.7204196947715 ], [ -2.447128114680468, 56.720426144448538 ], [ -2.447117698974946, 56.720432680418845 ], [ -2.447107399439826, 56.720439297096881 ], [ -2.447097201465876, 56.720445988896977 ], [ -2.447087090443855, 56.72045275023352 ], [ -2.447077051764523, 56.720459575520877 ], [ -2.447067070818632, 56.720466459173402 ], [ -2.447057132996935, 56.72047339560546 ], [ -2.447047223690177, 56.720480379231411 ], [ -2.4470373282891, 56.720487404465587 ], [ -2.447027432516395, 56.720494465809011 ], [ -2.447017532020249, 56.720501560354386 ], [ -2.447007633843144, 56.720508688169559 ], [ -2.446997745655052, 56.72051584948624 ], [ -2.446987875125935, 56.720523044536165 ], [ -2.446978029925772, 56.72053027355102 ], [ -2.446968217724541, 56.720537536762549 ], [ -2.446958446192231, 56.72054483440246 ], [ -2.446948722998834, 56.72055216670249 ], [ -2.446939055814348, 56.720559533894345 ], [ -2.446929452308774, 56.720566936209764 ], [ -2.446919920152128, 56.720574373880467 ], [ -2.446910467014424, 56.720581847138213 ], [ -2.446901100565684, 56.720589356214703 ], [ -2.446891828475935, 56.7205969013417 ], [ -2.446882658415217, 56.720604482750929 ], [ -2.446873598053573, 56.72061210067416 ], [ -2.446864655061044, 56.720619755343073 ], [ -2.446855837107689, 56.720627446989489 ], [ -2.446847151863571, 56.720635175845104 ], [ -2.44683860699876, 56.72064294214168 ], [ -2.446830210183328, 56.720650746110969 ], [ -2.446821969087356, 56.720658587984722 ], [ -2.44681389138094, 56.720666467994697 ], [ -2.44680598473417, 56.720674386372657 ], [ -2.446798256817153, 56.720682343350347 ], [ -2.446790715299997, 56.720690339159503 ], [ -2.446783367852825, 56.720698374031926 ], [ -2.446776222145759, 56.720706448199365 ], [ -2.446769285848933, 56.720714561893558 ], [ -2.446762566632492, 56.720722715346298 ], [ -2.446756072166579, 56.720730908789321 ], [ -2.446749810121354, 56.720739142454377 ], [ -2.446743788166985, 56.720747416573282 ], [ -2.446738013973638, 56.720755731377743 ], [ -2.446732495211497, 56.720764087099568 ], [ -2.44672723955075, 56.720772483970485 ], [ -2.446722254661594, 56.720780922222282 ], [ -2.446717548214239, 56.720789402086687 ], [ -2.446713127878896, 56.720797923795509 ], [ -2.446709001325786, 56.720806487580482 ], [ -2.446705176225142, 56.720815093673359 ], [ -2.446701660247208, 56.720823742305917 ], [ -2.446698455103579, 56.72083243294184 ], [ -2.446695511648113, 56.72084115848935 ], [ -2.446692754968067, 56.720849908535421 ], [ -2.446690109949913, 56.7208586726411 ], [ -2.446687501480052, 56.720867440367492 ], [ -2.446684854444815, 56.72087620127563 ], [ -2.446682093730475, 56.720884944926553 ], [ -2.446679144223237, 56.720893660881345 ], [ -2.446675930809233, 56.720902338701023 ], [ -2.446672378374543, 56.720910967946622 ], [ -2.446668414407773, 56.720919538489369 ], [ -2.446664029315322, 56.720928047700212 ], [ -2.446659278168779, 56.720936500658098 ], [ -2.446654218991941, 56.720944902793882 ], [ -2.446648909808652, 56.720953259538376 ], [ -2.446643408642805, 56.720961576322452 ], [ -2.446637773518345, 56.720969858576971 ], [ -2.446632062459262, 56.720978111732791 ], [ -2.4466263334896, 56.720986341220808 ], [ -2.44662064463344, 56.720994552471936 ], [ -2.446615053914921, 56.721002750917044 ], [ -2.446609619358219, 56.721010941987075 ], [ -2.446604398987561, 56.721019131112939 ], [ -2.446599450827222, 56.721027323725579 ], [ -2.446594832901526, 56.721035525255942 ], [ -2.446590603234836, 56.721043741134956 ], [ -2.446586819851571, 56.721051976793596 ], [ -2.4465835407762, 56.721060237662833 ], [ -2.446580824033236, 56.7210685291736 ], [ -2.44657872764725, 56.721076856756852 ], [ -2.446577309642861, 56.721085225843566 ], [ -2.446576628044746, 56.721093641864655 ], [ -2.44657671925949, 56.721102108522977 ], [ -2.446577521713603, 56.72111062168895 ], [ -2.446578946088799, 56.721119175015154 ], [ -2.446580903064941, 56.721127762154069 ], [ -2.446583303321819, 56.721136376758068 ], [ -2.446586057539141, 56.72114501247961 ], [ -2.446589076396533, 56.721153662971133 ], [ -2.446592270573538, 56.72116232188506 ], [ -2.44659555074962, 56.721170982873844 ], [ -2.446598827604154, 56.721179639589927 ], [ -2.446602011816438, 56.721188285685798 ], [ -2.446605014065679, 56.721196914813923 ], [ -2.446607745031008, 56.721205520626761 ], [ -2.446610115391471, 56.721214096776819 ], [ -2.44661203582604, 56.721222636916586 ], [ -2.446613417013596, 56.721231134698556 ], [ -2.44661416963295, 56.72123958377518 ], [ -2.446614204362838, 56.721247977798967 ], [ -2.446613431881921, 56.721256310422383 ], [ -2.44661176286879, 56.721264575297894 ], [ -2.44660910800197, 56.721272766077895 ], [ -2.446605377959917, 56.721280876414788 ], [ -2.446600483424321, 56.721288899961195 ], [ -2.446594376628139, 56.721296833306191 ], [ -2.446587155123043, 56.72130468330905 ], [ -2.446578948210765, 56.721312459072863 ], [ -2.446569885193143, 56.721320169700746 ], [ -2.446560095372115, 56.721327824295827 ], [ -2.44654970804973, 56.721335431961286 ], [ -2.446538852528135, 56.721343001800314 ], [ -2.446527658109564, 56.721350542916149 ], [ -2.446516254096358, 56.721358064412051 ], [ -2.446504769790937, 56.721365575391367 ], [ -2.446493334495822, 56.721373084957456 ], [ -2.446482077513622, 56.721380602213763 ], [ -2.44647112814704, 56.721388136263734 ], [ -2.446460615698868, 56.721395696210891 ], [ -2.446450669471994, 56.721403291158786 ], [ -2.446441418769402, 56.721410930211007 ], [ -2.446432992894181, 56.721418622471163 ], [ -2.446425521149512, 56.721426377042931 ], [ -2.446419132838691, 56.721434203029922 ], [ -2.446413957265121, 56.721442109535786 ], [ -2.446410123732326, 56.721450105664182 ], [ -2.44640776154395, 56.721458200518732 ], [ -2.446406992316283, 56.721466402644147 ], [ -2.446407748860422, 56.721474706860121 ], [ -2.446409768268591, 56.721483093758629 ], [ -2.446412778562056, 56.721491543272229 ], [ -2.446416507761842, 56.721500035333513 ], [ -2.446420683888741, 56.721508549875068 ], [ -2.446425034963287, 56.721517066829477 ], [ -2.44642928900576, 56.721525566129408 ], [ -2.446433174036199, 56.721534027707563 ], [ -2.44643641807438, 56.721542431496616 ], [ -2.446438749139855, 56.72155075742932 ], [ -2.446439895251928, 56.721558985438385 ], [ -2.446439585360985, 56.721567095521827 ], [ -2.446437672415006, 56.721575076371217 ], [ -2.446434256520721, 56.72158293400657 ], [ -2.446429467086763, 56.721590676502245 ], [ -2.446423433521884, 56.721598311932595 ], [ -2.446416285234963, 56.721605848371922 ], [ -2.446408151634995, 56.721613293894535 ], [ -2.446399162131081, 56.7216206565748 ], [ -2.446389446132426, 56.721627944487025 ], [ -2.446379133048342, 56.721635165705599 ], [ -2.44636835228823, 56.721642328304917 ], [ -2.446357233254019, 56.721649440363038 ], [ -2.446345899682071, 56.721656512643925 ], [ -2.446334459589041, 56.721663563363784 ], [ -2.446323018287495, 56.721670612020823 ], [ -2.446311681090055, 56.721677678113316 ], [ -2.446300553309401, 56.721684781139516 ], [ -2.446289740258262, 56.721691940597779 ], [ -2.446279347249435, 56.721699175986423 ], [ -2.446269479595772, 56.721706506803862 ], [ -2.446260242610204, 56.721713952548512 ], [ -2.446251741605724, 56.721721532718796 ], [ -2.446244081895416, 56.721729266813185 ], [ -2.446237353984713, 56.721737171521283 ], [ -2.446231545885488, 56.721745244090876 ], [ -2.446226602255058, 56.721753473545846 ], [ -2.446222467595875, 56.721761848880689 ], [ -2.446219086410346, 56.721770359089859 ], [ -2.446216403200864, 56.721778993167824 ], [ -2.446214362469783, 56.721787740108994 ], [ -2.446212908719421, 56.7217965889078 ], [ -2.446211986452055, 56.721805528558633 ], [ -2.44621154016992, 56.721814548055875 ], [ -2.446211514375209, 56.72182363639395 ], [ -2.446211853570063, 56.721832782567205 ], [ -2.44621250225657, 56.721841975570044 ], [ -2.446213404936775, 56.72185120439682 ], [ -2.446214506112661, 56.721860458041917 ], [ -2.446215750286159, 56.721869725499708 ], [ -2.446217081959154, 56.721878995764591 ], [ -2.446218445633461, 56.721888257830933 ], [ -2.44621978581085, 56.721897500693103 ], [ -2.44622104699303, 56.721906713345497 ], [ -2.446222173681658, 56.721915884782497 ], [ -2.4462231191128, 56.721925006072922 ], [ -2.446223873144771, 56.721934076983274 ], [ -2.44622443523267, 56.721943099559361 ], [ -2.446224804831631, 56.721952075846922 ], [ -2.446224981396789, 56.721961007891728 ], [ -2.446224964383285, 56.721969897739555 ], [ -2.446224753246253, 56.721978747436154 ], [ -2.446224347440836, 56.721987559027312 ], [ -2.446223746422171, 56.72199633455876 ], [ -2.446222949645397, 56.722005076076286 ], [ -2.446221956565652, 56.722013785625634 ], [ -2.446220766638081, 56.722022465252593 ], [ -2.44621937931782, 56.722031117002871 ], [ -2.446217794060014, 56.722039742922284 ], [ -2.446216010319801, 56.722048345056557 ], [ -2.446214027552323, 56.72205692545144 ], [ -2.446211845212721, 56.722065486152715 ], [ -2.44620946275613, 56.722074029206105 ], [ -2.446206879637696, 56.722082556657391 ], [ -2.446204095312555, 56.722091070552317 ], [ -2.446201109235846, 56.722099572936628 ], [ -2.446197920997151, 56.722108065837674 ], [ -2.446194534488904, 56.722116550693926 ], [ -2.446190958710679, 56.722125028244825 ], [ -2.446187202958856, 56.722133499189276 ], [ -2.446183276529811, 56.72214196422609 ], [ -2.446179188719929, 56.722150424054149 ], [ -2.446174948825613, 56.722158879372316 ], [ -2.446170566143266, 56.722167330879437 ], [ -2.446166049969299, 56.722175779274387 ], [ -2.446161409600136, 56.722184225256015 ], [ -2.446156654332202, 56.722192669523203 ], [ -2.446151793461937, 56.722201112774798 ], [ -2.446146836285784, 56.722209555709668 ], [ -2.446141792100196, 56.722217999026697 ], [ -2.446136670201633, 56.722226443424738 ], [ -2.446131479886563, 56.722234889602639 ], [ -2.446126230451464, 56.722243338259318 ], [ -2.44612093119282, 56.722251790093601 ], [ -2.44611559140712, 56.722260245804414 ], [ -2.446110220390869, 56.722268706090574 ], [ -2.446104827440566, 56.722277171651015 ], [ -2.446099421852733, 56.72228564318457 ], [ -2.446094012923894, 56.722294121390149 ], [ -2.446088609950578, 56.722302606966622 ], [ -2.446083222229321, 56.722311100612863 ], [ -2.446077859056676, 56.722319603027792 ], [ -2.446072529729196, 56.722328114910262 ], [ -2.44606724354344, 56.722336636959177 ], [ -2.446062009795984, 56.722345169873428 ], [ -2.446056837783404, 56.722353714351904 ], [ -2.446051736802289, 56.722362271093502 ], [ -2.446046716149233, 56.722370840797105 ], [ -2.44604178512084, 56.72237942416163 ], [ -2.44603695301372, 56.722388021885955 ], [ -2.446032229124497, 56.722396634668982 ], [ -2.446027622749794, 56.722405263209623 ], [ -2.44602314318625, 56.722413908206789 ], [ -2.44601879973051, 56.722422570359356 ], [ -2.446014601679227, 56.722431250366235 ], [ -2.44601055832906, 56.722439948926336 ], [ -2.446006678834955, 56.722448666723174 ], [ -2.446002964694419, 56.722457403608416 ], [ -2.445999405998668, 56.722466158194671 ], [ -2.445995991909882, 56.722474928993641 ], [ -2.445992711590223, 56.722483714516983 ], [ -2.445989554201854, 56.7224925132764 ], [ -2.445986508906922, 56.722501323783582 ], [ -2.445983564867572, 56.722510144550178 ], [ -2.445980711245929, 56.722518974087883 ], [ -2.445977937204117, 56.72252781090836 ], [ -2.445975231904248, 56.722536653523306 ], [ -2.445972584508421, 56.72254550044439 ], [ -2.445969984178732, 56.722554350183287 ], [ -2.445967420077263, 56.722563201251646 ], [ -2.445964881366086, 56.722572052161162 ], [ -2.445962357207267, 56.722580901423505 ], [ -2.445959836762856, 56.722589747550323 ], [ -2.4459573091949, 56.722598589053312 ], [ -2.445954763665434, 56.722607424444121 ], [ -2.445952189336479, 56.722616252234431 ], [ -2.445949575370054, 56.722625070935877 ], [ -2.445946910928163, 56.722633879060169 ], [ -2.445944185172802, 56.722642675118934 ], [ -2.445941387265958, 56.722651457623847 ], [ -2.445938506369608, 56.722660225086585 ], [ -2.445935531645716, 56.722668976018774 ], [ -2.445932452256248, 56.722677708932082 ], [ -2.445929257363149, 56.722686422338192 ], [ -2.445925936128357, 56.722695114748738 ], [ -2.445922477713808, 56.72270378467536 ], [ -2.445918871281419, 56.722712430629755 ], [ -2.445915105993107, 56.722721051123543 ], [ -2.445911171010777, 56.722729644668384 ], [ -2.445907055496325, 56.722738209775905 ], [ -2.445902748611637, 56.722746744957767 ], [ -2.445898239518594, 56.722755248725598 ], [ -2.445893517379072, 56.722763719591072 ], [ -2.445888571354927, 56.722772156065787 ], [ -2.445883390608022, 56.722780556661384 ], [ -2.445877964300203, 56.72278891988951 ], [ -2.445872281691018, 56.722797244271284 ], [ -2.445866365427257, 56.722805531575425 ], [ -2.445860320117882, 56.722813791543174 ], [ -2.445854262720609, 56.72282203511692 ], [ -2.445848310193252, 56.72283027323909 ], [ -2.445842579493715, 56.722838516852143 ], [ -2.445837187579997, 56.722846776898557 ], [ -2.445832251410196, 56.722855064320804 ], [ -2.445827887942506, 56.722863390061406 ], [ -2.445824214135224, 56.722871765062877 ], [ -2.445821346946746, 56.722880200267745 ], [ -2.445819367344639, 56.722888703440724 ], [ -2.445818160597276, 56.722897265067395 ], [ -2.44581754577652, 56.722905869788512 ], [ -2.445817341901792, 56.722914502240215 ], [ -2.445817367992349, 56.722923147058701 ], [ -2.445817443067292, 56.72293178888004 ], [ -2.445817386145547, 56.7229404123404 ], [ -2.445817016245887, 56.722949002075914 ], [ -2.445816152386917, 56.722957542722703 ], [ -2.445814613587086, 56.722966018916871 ], [ -2.44581221886469, 56.722974415294544 ], [ -2.445808829746114, 56.722982720472615 ], [ -2.445804508839569, 56.72299094189902 ], [ -2.445799378153268, 56.722999092584452 ], [ -2.445793559704305, 56.723007185540375 ], [ -2.445787175509873, 56.723015233778291 ], [ -2.445780347587271, 56.723023250309737 ], [ -2.445773197953889, 56.723031248146256 ], [ -2.445765848627212, 56.7230392402994 ], [ -2.445758421624822, 56.723047239780755 ], [ -2.44575103896439, 56.723055259601949 ], [ -2.445743819237939, 56.723063312398381 ], [ -2.445736816268701, 56.723071403691598 ], [ -2.44573002605909, 56.72307953265247 ], [ -2.445723442581004, 56.723087698228753 ], [ -2.445717059806333, 56.723095899368317 ], [ -2.445710871706964, 56.723104135018971 ], [ -2.44570487225478, 56.723112404128521 ], [ -2.445699055421666, 56.723120705644774 ], [ -2.445693415179496, 56.723129038515545 ], [ -2.445687945500145, 56.723137401688625 ], [ -2.445682640355481, 56.723145794111865 ], [ -2.445677493717372, 56.723154214733007 ], [ -2.445672499557674, 56.723162662499902 ], [ -2.445667651848252, 56.723171136360314 ], [ -2.445662944560953, 56.723179635262078 ], [ -2.445658371667628, 56.723188158152958 ], [ -2.445653927140125, 56.723196703980776 ], [ -2.445649604950277, 56.723205271693317 ], [ -2.445645399069924, 56.723213860238353 ], [ -2.445641303470897, 56.723222468563705 ], [ -2.445637312125021, 56.723231095617159 ], [ -2.445633419004118, 56.7232397403465 ], [ -2.445629618080003, 56.723248401699522 ], [ -2.445625903324491, 56.723257078624002 ], [ -2.445622268709387, 56.723265770067741 ], [ -2.445618708206494, 56.723274474978524 ], [ -2.44561521578761, 56.723283192304145 ], [ -2.445611785424524, 56.723291920992338 ], [ -2.445608411089027, 56.723300659990933 ], [ -2.4456050867529, 56.723309408247722 ], [ -2.445601806387918, 56.723318164710463 ], [ -2.445598563965855, 56.723326928326941 ], [ -2.445595353458475, 56.723335698044941 ], [ -2.445592168837544, 56.723344472812244 ], [ -2.445589004074815, 56.723353251576611 ], [ -2.445585853142039, 56.723362033285852 ], [ -2.445582710010964, 56.723370816887744 ], [ -2.445579568653332, 56.723379601330016 ], [ -2.445576423040874, 56.723388385560511 ], [ -2.445573267145321, 56.723397168526972 ], [ -2.4455700949384, 56.723405949177163 ], [ -2.445566900405752, 56.723414726461286 ], [ -2.445563679450327, 56.723423499662097 ], [ -2.445560431831278, 56.72343226873123 ], [ -2.44555715776988, 56.723441033700432 ], [ -2.445553857487407, 56.723449794601507 ], [ -2.445550531205125, 56.72345855146623 ], [ -2.445547179144313, 56.723467304326356 ], [ -2.445543801526242, 56.72347605321368 ], [ -2.445540398572187, 56.72348479815998 ], [ -2.445536970503421, 56.723493539197023 ], [ -2.445533517541219, 56.723502276356605 ], [ -2.445530039906854, 56.723511009670474 ], [ -2.445526537821601, 56.723519739170449 ], [ -2.445523011506734, 56.723528464888275 ], [ -2.445519461183528, 56.723537186855737 ], [ -2.445515887073259, 56.723545905104622 ], [ -2.4455122893972, 56.723554619666693 ], [ -2.445508668376629, 56.723563330573754 ], [ -2.44550502423282, 56.723572037857544 ], [ -2.445501357187049, 56.723580741549874 ], [ -2.445497667460593, 56.723589441682492 ], [ -2.445493955274726, 56.723598138287208 ], [ -2.445490220850727, 56.723606831395777 ], [ -2.445486464409872, 56.723615521039982 ], [ -2.445482686173438, 56.723624207251611 ], [ -2.4454788863627, 56.723632890062426 ], [ -2.445475065198938, 56.723641569504217 ], [ -2.445471222903426, 56.723650245608752 ], [ -2.445467359697445, 56.723658918407814 ], [ -2.445463475802272, 56.723667587933178 ], [ -2.445459571439185, 56.723676254216628 ], [ -2.445455646829462, 56.723684917289951 ], [ -2.44545170219438, 56.723693577184896 ], [ -2.44544773775522, 56.723702233933267 ], [ -2.445443753733262, 56.723710887566824 ], [ -2.445439750349779, 56.723719538117372 ], [ -2.445435727826056, 56.72372818561665 ], [ -2.445431686383371, 56.723736830096463 ], [ -2.445427626243002, 56.723745471588586 ], [ -2.445423547626232, 56.723754110124787 ], [ -2.445419450754338, 56.723762745736856 ], [ -2.445415335848601, 56.723771378456554 ], [ -2.445411203130301, 56.723780008315686 ], [ -2.445407052820721, 56.723788635346018 ], [ -2.445402885141137, 56.7237972595793 ], [ -2.445398700312837, 56.723805881047355 ], [ -2.445394498557095, 56.723814499781938 ], [ -2.445390280095198, 56.723823115814824 ], [ -2.445386045148424, 56.72383172917781 ], [ -2.445381793938056, 56.723840339902658 ], [ -2.445377526685376, 56.723848948021143 ], [ -2.445373243611666, 56.723857553565061 ], [ -2.445368944938209, 56.723866156566181 ], [ -2.445364630886287, 56.723874757056272 ], [ -2.445360301677184, 56.723883355067137 ], [ -2.44535595753218, 56.723891950630517 ], [ -2.44535159867256, 56.723900543778221 ], [ -2.445347225319607, 56.723909134542019 ], [ -2.445342837694604, 56.723917722953693 ], [ -2.445338436018837, 56.723926309045019 ], [ -2.445334020513586, 56.723934892847765 ], [ -2.445329591400138, 56.723943474393721 ], [ -2.445325148899778, 56.723952053714676 ], [ -2.445320693233787, 56.723960630842392 ], [ -2.445316224623454, 56.723969205808636 ], [ -2.445311743290059, 56.723977778645221 ], [ -2.44530724945489, 56.723986349383907 ], [ -2.44530274333923, 56.723994918056448 ], [ -2.445298225164367, 56.724003484694663 ], [ -2.445293695151588, 56.724012049330327 ], [ -2.445289153522175, 56.724020611995215 ], [ -2.445284600497414, 56.724029172721075 ], [ -2.445280038477366, 56.724037731685428 ], [ -2.445275496867107, 56.724046290871662 ], [ -2.445271023325047, 56.724054853483928 ], [ -2.445266665853456, 56.724063422749268 ], [ -2.445262472454652, 56.724072001894839 ], [ -2.445258491130987, 56.724080594147722 ], [ -2.445254769884865, 56.724089202735051 ], [ -2.445251356718726, 56.724097830883942 ], [ -2.445248299635052, 56.724106481821536 ], [ -2.445245646636373, 56.724115158774957 ], [ -2.445243439147157, 56.724123864455848 ], [ -2.445241657540737, 56.724132596791698 ], [ -2.445240249069937, 56.724141351114518 ], [ -2.445239160659291, 56.724150122730656 ], [ -2.44523833923329, 56.724158906946371 ], [ -2.44523773171637, 56.724167699067976 ], [ -2.445237285032931, 56.724176494401789 ], [ -2.445236946107311, 56.724185288254084 ], [ -2.445236661863809, 56.724194075931138 ], [ -2.445236379226667, 56.724202852739289 ], [ -2.445236045120088, 56.724211613984792 ], [ -2.445235606468217, 56.724220354973937 ], [ -2.445235010195157, 56.724229071013042 ], [ -2.445234203224957, 56.724237757408368 ], [ -2.445233132481627, 56.724246409466204 ], [ -2.445231744889123, 56.724255022492841 ], [ -2.445229987371361, 56.724263591794546 ], [ -2.445227806852205, 56.724272112677589 ], [ -2.445225150255485, 56.724280580448244 ], [ -2.445221964504985, 56.724288990412738 ], [ -2.445218196524443, 56.724297337877331 ], [ -2.445213810611362, 56.724305620035445 ], [ -2.445208844263604, 56.724313842031847 ], [ -2.445203354254334, 56.724322011105023 ], [ -2.445197397356857, 56.724330134493506 ], [ -2.445191030344529, 56.724338219435779 ], [ -2.445184309990751, 56.724346273170404 ], [ -2.445177293068966, 56.724354302935915 ], [ -2.445170036352663, 56.724362315970843 ], [ -2.445162596615376, 56.724370319513753 ], [ -2.445155030630679, 56.724378320803233 ], [ -2.44514739517219, 56.724386327077852 ], [ -2.445139747013568, 56.724394345576215 ], [ -2.445132142928514, 56.72440238353694 ], [ -2.445124639690771, 56.724410448198654 ], [ -2.445117294074126, 56.724418546799988 ], [ -2.445110162852409, 56.724426686579626 ], [ -2.445103302799497, 56.724434874776193 ], [ -2.445096770689304, 56.724443118628415 ], [ -2.445090623295799, 56.724451425374944 ], [ -2.445084917177672, 56.724459802223897 ], [ -2.44507968243186, 56.724468252621875 ], [ -2.445074897542199, 56.724476772678791 ], [ -2.445070535031607, 56.724485357657272 ], [ -2.445066567422991, 56.724494002819888 ], [ -2.445062967239235, 56.724502703429216 ], [ -2.445059707003205, 56.724511454747834 ], [ -2.445056759237743, 56.724520252038296 ], [ -2.445054096465675, 56.724529090563188 ], [ -2.445051691209796, 56.724537965585029 ], [ -2.445049515992887, 56.72454687236641 ], [ -2.445047543337707, 56.724555806169853 ], [ -2.445045745766977, 56.724564762257906 ], [ -2.44504409580341, 56.724573735893124 ], [ -2.445042565969683, 56.724582722338042 ], [ -2.445041128788455, 56.724591716855201 ], [ -2.445039756782357, 56.72460071470713 ], [ -2.445038422473994, 56.724609711156383 ], [ -2.445037098385948, 56.724618701465467 ], [ -2.445035757040776, 56.724627680896937 ], [ -2.445034373636938, 56.724636645229992 ], [ -2.44503294035637, 56.724645593523022 ], [ -2.445031456022694, 56.724654526116815 ], [ -2.445029919474899, 56.724663443355105 ], [ -2.445028329551964, 56.724672345581659 ], [ -2.445026685092876, 56.724681233140203 ], [ -2.445024984936615, 56.724690106374496 ], [ -2.44502322792216, 56.724698965628285 ], [ -2.445021412888495, 56.724707811245302 ], [ -2.445019538674595, 56.724716643569309 ], [ -2.445017604119441, 56.724725462944065 ], [ -2.445015608062009, 56.724734269713274 ], [ -2.445013549341271, 56.724743064220711 ], [ -2.445011426796206, 56.724751846810136 ], [ -2.445009239265788, 56.724760617825247 ], [ -2.445006985588987, 56.724769377609846 ], [ -2.445004664604774, 56.724778126507609 ], [ -2.445002275152124, 56.724786864862338 ], [ -2.444999816070002, 56.72479559301776 ], [ -2.444997286197381, 56.724804311317612 ], [ -2.444994684373223, 56.724813020105664 ], [ -2.4449920094365, 56.724821719725625 ], [ -2.444989260226172, 56.724830410521264 ], [ -2.444986435581209, 56.724839092836291 ], [ -2.44498353434057, 56.724847767014481 ], [ -2.444980555314952, 56.724856433427718 ], [ -2.444977497366176, 56.724865092396954 ], [ -2.444974359338644, 56.724873744260556 ], [ -2.444971140071313, 56.724882389362229 ], [ -2.444967838696164, 56.724891028013168 ], [ -2.444964456026427, 56.724899660337684 ], [ -2.444960993473851, 56.724908286393564 ], [ -2.444957452450902, 56.724916906238548 ], [ -2.444953834370055, 56.724925519930345 ], [ -2.444950140643784, 56.724934127526666 ], [ -2.444946372684566, 56.724942729085221 ], [ -2.444942531904877, 56.724951324663742 ], [ -2.444938619717193, 56.724959914319946 ], [ -2.444934637533996, 56.724968498111544 ], [ -2.444930586767766, 56.724977076096238 ], [ -2.444926468830986, 56.724985648331767 ], [ -2.44492228513614, 56.724994214875849 ], [ -2.444918037095708, 56.72500277578618 ], [ -2.444913726122182, 56.725011331120498 ], [ -2.444909353628046, 56.725019880936514 ], [ -2.444904921025791, 56.725028425291939 ], [ -2.444900429727904, 56.725036964244502 ], [ -2.444895881146878, 56.725045497851916 ], [ -2.444891276695206, 56.72505402617189 ], [ -2.444886617785381, 56.725062549262155 ], [ -2.444881905829897, 56.725071067180437 ], [ -2.444877142241253, 56.725079579984438 ], [ -2.444872328431942, 56.725088087731876 ], [ -2.444867465814468, 56.725096590480483 ], [ -2.444862555801329, 56.725105088287961 ], [ -2.444857599805026, 56.725113581212049 ], [ -2.444852599238061, 56.725122069310451 ], [ -2.44484755551294, 56.725130552640891 ], [ -2.444842470042166, 56.725139031261094 ], [ -2.444837344238249, 56.725147505228776 ], [ -2.444832179513692, 56.725155974601662 ], [ -2.444826977281006, 56.725164439437457 ], [ -2.444821738952702, 56.725172899793904 ], [ -2.44481646594129, 56.725181355728708 ], [ -2.444811159659283, 56.725189807299593 ], [ -2.444805821519195, 56.725198254564276 ], [ -2.444800452933543, 56.725206697580511 ], [ -2.444795055314783, 56.725215136405964 ], [ -2.44478962994872, 56.725223571113588 ], [ -2.444784177727075, 56.725232001823429 ], [ -2.444778699465143, 56.725240428664684 ], [ -2.444773195978219, 56.725248851766622 ], [ -2.444767668081589, 56.725257271258428 ], [ -2.444762116590555, 56.725265687269328 ], [ -2.444756542320406, 56.725274099928562 ], [ -2.444750946086439, 56.725282509365329 ], [ -2.444745328703951, 56.72529091570884 ], [ -2.444739690988235, 56.725299319088343 ], [ -2.444734033754595, 56.725307719633065 ], [ -2.444728357818323, 56.725316117472197 ], [ -2.444722663994722, 56.725324512734971 ], [ -2.444716953099087, 56.72533290555063 ], [ -2.44471122594672, 56.725341296048363 ], [ -2.444705483352923, 56.725349684357418 ], [ -2.444699726132995, 56.725358070607008 ], [ -2.444693955102239, 56.725366454926345 ], [ -2.444688171075956, 56.725374837444683 ], [ -2.444682374869451, 56.725383218291206 ], [ -2.444676567298027, 56.725391597595163 ], [ -2.444670749176988, 56.72539997548575 ], [ -2.444664921321641, 56.725408352092231 ], [ -2.444659084547287, 56.725416727543795 ], [ -2.444653239669238, 56.725425101969684 ], [ -2.444647387502796, 56.725433475499123 ], [ -2.444641528863273, 56.725441848261312 ], [ -2.444635664565976, 56.72545022038549 ], [ -2.444629795426211, 56.725458592000891 ], [ -2.444623922259292, 56.725466963236727 ], [ -2.444618045880524, 56.725475334222224 ], [ -2.444612167105221, 56.725483705086617 ], [ -2.444606286748694, 56.72549207595911 ], [ -2.444600405626257, 56.725500446968944 ], [ -2.444594524553218, 56.725508818245338 ], [ -2.444588644344896, 56.725517189917518 ], [ -2.444582765816599, 56.725525562114726 ], [ -2.444576889783645, 56.725533934966158 ], [ -2.444571017061349, 56.725542308601064 ], [ -2.444565148465029, 56.725550683148647 ], [ -2.444559284809996, 56.725559058738156 ], [ -2.444553426911571, 56.72556743549881 ], [ -2.444547575585072, 56.725575813559828 ], [ -2.444541731645816, 56.725584193050445 ], [ -2.444535895909124, 56.725592574099885 ], [ -2.444530069190311, 56.725600956837368 ], [ -2.444524252304704, 56.725609341392129 ], [ -2.444518446067617, 56.725617727893393 ], [ -2.444512651294377, 56.725626116470409 ], [ -2.444506868800306, 56.725634507252359 ], [ -2.444501099400723, 56.725642900368506 ], [ -2.444495343910955, 56.725651295948062 ], [ -2.444489603146324, 56.72565969412026 ], [ -2.444483877922157, 56.725668095014335 ], [ -2.444478169053777, 56.725676498759505 ], [ -2.444472477356513, 56.725684905484997 ], [ -2.44446680364569, 56.725693315320051 ], [ -2.444461148736635, 56.725701728393901 ], [ -2.444455513444678, 56.725710144835737 ], [ -2.444449898585145, 56.72571856477483 ], [ -2.444444304973368, 56.725726988340398 ], [ -2.444438733424675, 56.72573541566166 ], [ -2.444433184754397, 56.725743846867843 ], [ -2.444427659777866, 56.725752282088223 ], [ -2.444422159310418, 56.725760721451955 ], [ -2.444416684167377, 56.72576916508833 ], [ -2.44441123516408, 56.725777613126546 ], [ -2.444405813115865, 56.725786065695829 ], [ -2.444400418838062, 56.725794522925447 ], [ -2.44439505314601, 56.725802984944586 ], [ -2.444389716707727, 56.725811451858583 ], [ -2.444384409407414, 56.725819923645467 ], [ -2.444379130869607, 56.725828400241049 ], [ -2.444373880718669, 56.725836881581202 ], [ -2.444368658578971, 56.725845367601742 ], [ -2.444363464074879, 56.725853858238487 ], [ -2.444358296830753, 56.725862353427274 ], [ -2.444353156470963, 56.725870853103935 ], [ -2.444348042619877, 56.725879357204278 ], [ -2.444342954901855, 56.725887865664163 ], [ -2.444337892941262, 56.725896378419385 ], [ -2.444332856362468, 56.725904895405783 ], [ -2.44432784478983, 56.725913416559187 ], [ -2.444322857847716, 56.725921941815422 ], [ -2.444317895160489, 56.725930471110338 ], [ -2.444312956352512, 56.725939004379725 ], [ -2.444308041048146, 56.725947541559428 ], [ -2.444303148871756, 56.72595608258527 ], [ -2.444298279447707, 56.72596462739309 ], [ -2.444293432400356, 56.725973175918703 ], [ -2.444288607354067, 56.725981728097935 ], [ -2.444283803933203, 56.725990283866622 ], [ -2.444279021762124, 56.725998843160582 ], [ -2.444274260465189, 56.726007405915645 ], [ -2.444269519666761, 56.726015972067636 ], [ -2.444264798991202, 56.726024541552384 ], [ -2.444260098062868, 56.726033114305714 ], [ -2.444255416506123, 56.726041690263443 ], [ -2.444250753945322, 56.72605026936143 ], [ -2.444246110004828, 56.726058851535456 ], [ -2.444241484308998, 56.726067436721372 ], [ -2.444236876482192, 56.726076024855018 ], [ -2.444232286148765, 56.726084615872189 ], [ -2.444227712933079, 56.726093209708729 ], [ -2.444223156459491, 56.726101806300463 ], [ -2.444218616352357, 56.726110405583199 ], [ -2.444214092236034, 56.726119007492791 ], [ -2.444209583734879, 56.726127611965062 ], [ -2.444205090473252, 56.7261362189358 ], [ -2.444200612075504, 56.726144828340878 ], [ -2.444196148165993, 56.726153440116079 ], [ -2.444191698369074, 56.726162054197282 ], [ -2.444187262309105, 56.726170670520268 ], [ -2.444182839610436, 56.72617928902087 ], [ -2.444178429897426, 56.726187909634909 ], [ -2.444174032794428, 56.726196532298225 ], [ -2.444169647925797, 56.726205156946648 ], [ -2.444165274915885, 56.726213783515981 ], [ -2.444160913389047, 56.726222411942068 ], [ -2.444156562969636, 56.72623104216072 ], [ -2.444152223282002, 56.726239674107774 ], [ -2.4441478939505, 56.726248307719054 ], [ -2.444143574599486, 56.72625694293037 ], [ -2.444139264853304, 56.726265579677559 ], [ -2.444134964336311, 56.726274217896446 ], [ -2.444130672672857, 56.726282857522833 ], [ -2.444126389487292, 56.726291498492586 ], [ -2.444122114403968, 56.726300140741508 ], [ -2.444117847047237, 56.726308784205408 ], [ -2.444113587041445, 56.726317428820138 ], [ -2.444109334010944, 56.726326074521509 ], [ -2.444105087580083, 56.726334721245344 ], [ -2.444100847373214, 56.726343368927466 ], [ -2.444096613014681, 56.726352017503707 ], [ -2.444092384128834, 56.726360666909883 ], [ -2.444088160340022, 56.726369317081804 ], [ -2.444083941272594, 56.726377967955329 ], [ -2.444079726550898, 56.726386619466275 ], [ -2.444075515799276, 56.726395271550444 ], [ -2.444071308642081, 56.726403924143668 ], [ -2.444067104703679, 56.726412577181769 ], [ -2.444062903670328, 56.726421230610022 ], [ -2.444058705426562, 56.726429884403828 ], [ -2.444054509896532, 56.726438538544713 ], [ -2.444050317004391, 56.726447193014096 ], [ -2.444046126674293, 56.726455847793481 ], [ -2.444041938830387, 56.726464502864332 ], [ -2.444037753396826, 56.72647315820813 ], [ -2.444033570297762, 56.726481813806352 ], [ -2.444029389457346, 56.726490469640432 ], [ -2.44402521079973, 56.726499125691895 ], [ -2.444021034249067, 56.726507781942182 ], [ -2.444016859729508, 56.726516438372791 ], [ -2.444012687165202, 56.726525094965147 ], [ -2.444008516480305, 56.726533751700771 ], [ -2.444004347598965, 56.726542408561123 ], [ -2.444000180445333, 56.726551065527694 ], [ -2.443996014943564, 56.726559722581896 ], [ -2.443991851017804, 56.726568379705263 ], [ -2.443987688592209, 56.726577036879242 ], [ -2.443983527590928, 56.726585694085308 ], [ -2.443979367938113, 56.726594351304946 ], [ -2.443975209557913, 56.726603008519604 ], [ -2.443971052374481, 56.726611665710784 ], [ -2.443966896311964, 56.726620322859944 ], [ -2.443962741294519, 56.726628979948565 ], [ -2.443958587246293, 56.726637636958095 ], [ -2.443954434091437, 56.72664629387004 ], [ -2.443950281754101, 56.726654950665832 ], [ -2.443946130158439, 56.726663607326998 ], [ -2.443941979228599, 56.726672263834956 ], [ -2.443937828888729, 56.726680920171219 ], [ -2.443933679062981, 56.726689576317249 ], [ -2.443929529675508, 56.726698232254513 ], [ -2.443925380650458, 56.72670688796449 ], [ -2.443921231911983, 56.726715543428639 ], [ -2.443917083384229, 56.726724198628453 ], [ -2.443912934991351, 56.726732853545386 ], [ -2.443908786657493, 56.726741508160913 ], [ -2.443904638306813, 56.726750162456518 ], [ -2.443900489863455, 56.726758816413664 ], [ -2.443896341251572, 56.72676747001384 ], [ -2.44389219239531, 56.726776123238494 ], [ -2.443888043218824, 56.726784776069117 ], [ -2.443883893646257, 56.726793428487184 ], [ -2.443879743601765, 56.726802080474144 ], [ -2.443875593009494, 56.726810732011486 ], [ -2.443871441793593, 56.726819383080702 ], [ -2.443867289878216, 56.726828033663217 ], [ -2.443863137187506, 56.726836683740544 ], [ -2.443858983645615, 56.726845333294143 ], [ -2.443854829176695, 56.726853982305485 ], [ -2.44385067370489, 56.726862630756052 ], [ -2.443846517154353, 56.726871278627286 ], [ -2.443842359449232, 56.726879925900683 ], [ -2.443838200513677, 56.726888572557741 ], [ -2.443834040271834, 56.726897218579886 ], [ -2.443829878647855, 56.726905863948602 ], [ -2.443825715565886, 56.726914508645386 ], [ -2.443821550950078, 56.726923152651693 ], [ -2.44381738472458, 56.726931795948985 ], [ -2.443813216813537, 56.726940438518746 ], [ -2.443809047141102, 56.726949080342457 ], [ -2.443804875631421, 56.726957721401575 ], [ -2.443800702208645, 56.72696636167759 ], [ -2.443796526796916, 56.726975001151956 ], [ -2.44379234932039, 56.726983639806157 ], [ -2.443788169703212, 56.726992277621655 ], [ -2.443783987869528, 56.727000914579925 ], [ -2.443779803743491, 56.727009550662466 ], [ -2.443775617249246, 56.727018185850703 ], [ -2.443771428309875, 56.727026820126021 ], [ -2.443767236768415, 56.727035453460211 ], [ -2.443763042333512, 56.727044085809204 ], [ -2.443758844700955, 56.727052717127286 ], [ -2.443754643566539, 56.727061347368824 ], [ -2.443750438626053, 56.727069976488131 ], [ -2.443746229575291, 56.727078604439576 ], [ -2.443742016110041, 56.727087231177485 ], [ -2.443737797926093, 56.727095856656192 ], [ -2.443733574719238, 56.727104480830036 ], [ -2.443729346185264, 56.727113103653387 ], [ -2.443725112019964, 56.727121725080536 ], [ -2.443720871919126, 56.727130345065845 ], [ -2.443716625578538, 56.727138963563682 ], [ -2.443712372693989, 56.727147580528332 ], [ -2.443708112961271, 56.727156195914141 ], [ -2.443703846076167, 56.727164809675521 ], [ -2.443699571734467, 56.727173421766707 ], [ -2.443695289631961, 56.72718203214211 ], [ -2.443690999464437, 56.727190640756042 ], [ -2.443686700927679, 56.727199247562844 ], [ -2.443682393717475, 56.727207852516855 ], [ -2.443678077529612, 56.72721645557241 ], [ -2.443673752059877, 56.727225056683864 ], [ -2.443669417004058, 56.727233655805534 ], [ -2.443665072057936, 56.727242252891777 ], [ -2.443660716917305, 56.727250847896912 ], [ -2.443656351277941, 56.727259440775292 ], [ -2.443651974835637, 56.727268031481252 ], [ -2.443647587286176, 56.727276619969125 ], [ -2.44364318832534, 56.727285206193272 ], [ -2.443638777648916, 56.727293790107986 ], [ -2.443634354952689, 56.727302371667641 ], [ -2.44362991993244, 56.72731095082657 ], [ -2.443625472283959, 56.727319527539116 ], [ -2.443621011703023, 56.727328101759589 ], [ -2.443616537885417, 56.727336673442366 ], [ -2.443612050526926, 56.727345242541745 ], [ -2.443607549323332, 56.727353809012094 ], [ -2.443603033970418, 56.727362372807733 ], [ -2.443598504163964, 56.727370933883016 ], [ -2.443593959599755, 56.727379492192277 ], [ -2.443589399973573, 56.727388047689843 ], [ -2.443584824981198, 56.727396600330053 ], [ -2.443580234318409, 56.727405150067248 ], [ -2.443575627680993, 56.72741369685577 ], [ -2.443571004764727, 56.727422240649936 ], [ -2.443566365265393, 56.727430781404124 ], [ -2.443561708878771, 56.727439319072644 ], [ -2.443557035300641, 56.72744785360981 ], [ -2.443552344226783, 56.727456384970004 ], [ -2.443547635352977, 56.727464913107553 ], [ -2.443542908375002, 56.727473437976784 ], [ -2.443538162988638, 56.727481959532035 ], [ -2.443533398889663, 56.727490477727621 ], [ -2.443528615773855, 56.72749899251793 ], [ -2.443523813336998, 56.727507503857247 ], [ -2.44351899127486, 56.72751601169994 ], [ -2.443514149283228, 56.727524516000337 ], [ -2.443509287057876, 56.727533016712783 ], [ -2.443504404294582, 56.7275415137916 ], [ -2.443499500689125, 56.727550007191127 ], [ -2.443494575937281, 56.727558496865711 ], [ -2.443489629734824, 56.727566982769687 ], [ -2.443484661777535, 56.727575464857388 ], [ -2.443479671761188, 56.727583943083133 ], [ -2.443474659381559, 56.727592417401283 ], [ -2.443469624334426, 56.727600887766172 ], [ -2.443464566315563, 56.72760935413212 ], [ -2.443459485020744, 56.727617816453474 ], [ -2.443454380145747, 56.72762627468456 ], [ -2.443449251386346, 56.727634728779734 ], [ -2.443444098438313, 56.727643178693313 ], [ -2.443438920997428, 56.727651624379654 ], [ -2.443433718759463, 56.72766006579306 ], [ -2.44342849142019, 56.727668502887902 ], [ -2.443423238675384, 56.727676935618483 ], [ -2.44341796022082, 56.727685363939166 ], [ -2.443412655752269, 56.727693787804256 ], [ -2.443407324965507, 56.727702207168129 ], [ -2.443401967556304, 56.727710621985075 ], [ -2.443396583220437, 56.727719032209478 ], [ -2.443391171686104, 56.727727437801413 ], [ -2.443385733366987, 56.72773583884323 ], [ -2.443380269330211, 56.727744235533763 ], [ -2.443374780668932, 56.727752628076502 ], [ -2.44336926847631, 56.727761016674904 ], [ -2.4433637338455, 56.72776940153247 ], [ -2.443358177869662, 56.727777782852669 ], [ -2.443352601641958, 56.727786160838974 ], [ -2.443347006255543, 56.727794535694869 ], [ -2.443341392803585, 56.727802907623833 ], [ -2.443335762379243, 56.727811276829357 ], [ -2.443330116075682, 56.727819643514913 ], [ -2.443324454986063, 56.727828007883957 ], [ -2.443318780203553, 56.727836370140018 ], [ -2.443313092821317, 56.727844730486552 ], [ -2.443307393932524, 56.727853089127024 ], [ -2.443301684630337, 56.727861446264939 ], [ -2.443295966007928, 56.727869802103747 ], [ -2.443290239158462, 56.72787815684697 ], [ -2.443284505175113, 56.727886510698063 ], [ -2.44327876515105, 56.727894863860506 ], [ -2.443273020179445, 56.727903216537797 ], [ -2.443267271353471, 56.727911568933422 ], [ -2.443261519766299, 56.727919921250844 ], [ -2.443255766511106, 56.72792827369355 ], [ -2.443250012681062, 56.727936626465031 ], [ -2.44324425936935, 56.727944979768765 ], [ -2.44323850766914, 56.727953333808259 ], [ -2.443232758673614, 56.727961688786941 ], [ -2.443227013475948, 56.727970044908339 ], [ -2.443221273169322, 56.727978402375925 ], [ -2.443215538846914, 56.72798676139319 ], [ -2.443209811601907, 56.727995122163591 ], [ -2.443204092527481, 56.728003484890657 ], [ -2.443198382716822, 56.728011849777829 ], [ -2.443192683263108, 56.728020217028643 ], [ -2.443186995259524, 56.728028586846548 ], [ -2.443181319799259, 56.728036959435009 ], [ -2.443175657975496, 56.728045334997553 ], [ -2.443170010881421, 56.728053713737644 ], [ -2.443164379610224, 56.728062095858775 ], [ -2.443158765255091, 56.728070481564437 ], [ -2.443153168909213, 56.728078871058116 ], [ -2.44314759166578, 56.728087264543277 ], [ -2.443142034617977, 56.728095662223438 ], [ -2.443136498859005, 56.728104064302059 ], [ -2.443130985482052, 56.728112470982637 ], [ -2.44312549558031, 56.72812088246868 ], [ -2.443120030246977, 56.728129298963651 ], [ -2.443114590575245, 56.728137720671036 ], [ -2.443109177658311, 56.728146147794341 ], [ -2.443103792589376, 56.728154580537037 ], [ -2.44309843646163, 56.728163019102631 ], [ -2.443093110368277, 56.728171463694586 ], [ -2.443087815402518, 56.728179914516403 ], [ -2.443082552657549, 56.72818837177158 ], [ -2.443077323226573, 56.728196835663617 ], [ -2.443072128202793, 56.728205306395964 ], [ -2.44306696867941, 56.728213784172134 ], [ -2.443061845749633, 56.728222269195619 ], [ -2.443056760506661, 56.728230761669906 ], [ -2.443051714043705, 56.728239261798485 ], [ -2.443046707453968, 56.728247769784822 ], [ -2.443041741830659, 56.728256285832444 ], [ -2.443036818266987, 56.728264810144829 ], [ -2.44303193785616, 56.728273342925455 ], [ -2.443027101691392, 56.728281884377829 ], [ -2.44302231086589, 56.728290434705436 ], [ -2.443017566472869, 56.728298994111761 ], [ -2.443012869605543, 56.72830756280031 ], [ -2.443008221357121, 56.728316140974556 ], [ -2.443003622543782, 56.728324728780471 ], [ -2.442999072383565, 56.728333326032228 ], [ -2.442994569522685, 56.728341932425245 ], [ -2.442990112606637, 56.728350547654799 ], [ -2.44298570028091, 56.728359171416152 ], [ -2.442981331190997, 56.728367803404609 ], [ -2.442977003982388, 56.728376443315433 ], [ -2.442972717300571, 56.728385090843929 ], [ -2.442968469791035, 56.728393745685324 ], [ -2.442964260099266, 56.728402407534922 ], [ -2.442960086870748, 56.728411076088022 ], [ -2.442955948750968, 56.728419751039858 ], [ -2.442951844385406, 56.728428432085735 ], [ -2.442947772419551, 56.728437118920922 ], [ -2.442943731498878, 56.728445811240697 ], [ -2.44293972026887, 56.728454508740327 ], [ -2.442935737375008, 56.728463211115098 ], [ -2.442931781462764, 56.728471918060279 ], [ -2.442927851177623, 56.728480629271147 ], [ -2.442923945165057, 56.728489344442984 ], [ -2.442920062070542, 56.728498063271054 ], [ -2.44291620053955, 56.728506785450612 ], [ -2.442912359217552, 56.728515510676992 ], [ -2.442908536750027, 56.728524238645413 ], [ -2.442904731782438, 56.728532969051173 ], [ -2.442900942960258, 56.728541701589528 ], [ -2.442897168928953, 56.728550435955782 ], [ -2.442893408333992, 56.728559171845184 ], [ -2.442889659820841, 56.728567908953003 ], [ -2.442885922034964, 56.728576646974531 ], [ -2.442882193621825, 56.72858538560503 ], [ -2.442878473226887, 56.728594124539782 ], [ -2.442874759495612, 56.728602863474052 ], [ -2.442871051073459, 56.728611602103108 ], [ -2.442867346605889, 56.728620340122227 ], [ -2.442863644738358, 56.728629077226671 ], [ -2.442859944116325, 56.728637813111746 ], [ -2.442856243385244, 56.728646547472685 ], [ -2.442852541190572, 56.728655280004759 ], [ -2.442848836177761, 56.728664010403286 ], [ -2.442845126992265, 56.728672738363478 ], [ -2.442841412279537, 56.728681463580642 ], [ -2.442837690685022, 56.728690185750033 ], [ -2.442833960854171, 56.728698904566947 ], [ -2.442830221432435, 56.728707619726613 ], [ -2.44282647106526, 56.728716330924328 ], [ -2.44282270839809, 56.728725037855369 ], [ -2.442818932076372, 56.728733740214984 ], [ -2.442815140745549, 56.728742437698465 ], [ -2.442811333051062, 56.728751130001058 ], [ -2.442807507638352, 56.728759816818048 ], [ -2.442803663152863, 56.72876849784469 ], [ -2.442799798240032, 56.728777172776276 ], [ -2.4427959115453, 56.72878584130806 ], [ -2.442792001714097, 56.728794503135305 ], [ -2.442788067391864, 56.728803157953287 ], [ -2.442784107224039, 56.728811805457276 ], [ -2.442780119856048, 56.728820445342542 ], [ -2.442776103933331, 56.72882907730434 ], [ -2.442772058101316, 56.728837701037939 ], [ -2.442767981005435, 56.728846316238624 ], [ -2.442763871291117, 56.728854922601634 ], [ -2.44275972760379, 56.728863519822276 ], [ -2.442755548588882, 56.728872107595777 ], [ -2.442751332891819, 56.728880685617419 ], [ -2.442747079158029, 56.728889253582487 ], [ -2.442742786032934, 56.728897811186194 ], [ -2.442738452161958, 56.728906358123872 ], [ -2.442734076190525, 56.728914894090735 ], [ -2.442729656764053, 56.728923418782074 ], [ -2.442725193038933, 56.728931932019179 ], [ -2.442720686729743, 56.728940434254291 ], [ -2.442716140350011, 56.728948926136709 ], [ -2.442711556413515, 56.728957408315793 ], [ -2.442706937434046, 56.728965881440935 ], [ -2.442702285925399, 56.728974346161458 ], [ -2.442697604401364, 56.728982803126755 ], [ -2.442692895375738, 56.728991252986205 ], [ -2.442688161362316, 56.72899969638916 ], [ -2.442683404874897, 56.729008133984991 ], [ -2.442678628427284, 56.729016566423063 ], [ -2.44267383453328, 56.729024994352748 ], [ -2.442669025706691, 56.729033418423406 ], [ -2.442664204461316, 56.729041839284399 ], [ -2.442659373310974, 56.729050257585129 ], [ -2.442654534769468, 56.729058673974947 ], [ -2.442649691350613, 56.729067089103225 ], [ -2.442644845568223, 56.729075503619313 ], [ -2.442639999936117, 56.729083918172627 ], [ -2.442635156968109, 56.729092333412495 ], [ -2.442630319178018, 56.729100749988334 ], [ -2.442625489079671, 56.729109168549464 ], [ -2.442620669186887, 56.7291175897453 ], [ -2.442615862013496, 56.729126014225194 ], [ -2.44261107007332, 56.729134442638525 ], [ -2.442606295880194, 56.729142875634679 ], [ -2.442601541947944, 56.729151313863014 ], [ -2.442596810790408, 56.729159757972916 ], [ -2.442592104921421, 56.729168208613743 ], [ -2.442587426854815, 56.729176666434888 ], [ -2.442582779104424, 56.729185132085732 ], [ -2.442578163589272, 56.729193606059503 ], [ -2.442573580011064, 56.729202088267463 ], [ -2.442569027554936, 56.729210578485251 ], [ -2.442564505406029, 56.729219076488555 ], [ -2.44256001274948, 56.729227582053028 ], [ -2.44255554877043, 56.729236094954302 ], [ -2.442551112654014, 56.729244614968053 ], [ -2.442546703585371, 56.729253141869961 ], [ -2.442542320749632, 56.729261675435659 ], [ -2.442537963331939, 56.729270215440792 ], [ -2.442533630517421, 56.729278761661064 ], [ -2.442529321491215, 56.729287313872078 ], [ -2.442525035438453, 56.729295871849537 ], [ -2.442520771544272, 56.72930443536908 ], [ -2.442516528993801, 56.729313004206361 ], [ -2.442512306972172, 56.729321578137046 ], [ -2.442508104664516, 56.72933015693679 ], [ -2.442503921255965, 56.729338740381237 ], [ -2.442499755931648, 56.729347328246064 ], [ -2.442495607876693, 56.729355920306929 ], [ -2.442491476276233, 56.729364516339459 ], [ -2.442487360315392, 56.729373116119348 ], [ -2.442483259179299, 56.729381719422221 ], [ -2.442479172053079, 56.729390326023768 ], [ -2.442475098121861, 56.729398935699606 ], [ -2.442471036570771, 56.729407548225424 ], [ -2.442466986584928, 56.729416163376868 ], [ -2.442462947349463, 56.729424780929577 ], [ -2.442458918049497, 56.729433400659239 ], [ -2.442454897870151, 56.729442022341466 ], [ -2.442450885996553, 56.729450645751974 ], [ -2.442446881613817, 56.729459270666368 ], [ -2.44244288390707, 56.729467896860328 ], [ -2.442438892061432, 56.729476524109479 ], [ -2.442434905262021, 56.729485152189511 ], [ -2.442430922693954, 56.729493780876062 ], [ -2.442426943542354, 56.729502409944807 ], [ -2.442422966992337, 56.729511039171371 ], [ -2.44241899222902, 56.729519668331413 ], [ -2.44241501843752, 56.729528297200609 ], [ -2.442411044812812, 56.72953692555825 ], [ -2.442407070804298, 56.729545553277426 ], [ -2.442403096132204, 56.729554180331128 ], [ -2.4423991205299, 56.729562806697224 ], [ -2.442395143730747, 56.729571432353517 ], [ -2.442391165468115, 56.729580057277836 ], [ -2.44238718547537, 56.729588681448043 ], [ -2.442383203485873, 56.72959730484196 ], [ -2.442379219232999, 56.729605927437412 ], [ -2.442375232450103, 56.729614549212265 ], [ -2.442371242870557, 56.729623170144315 ], [ -2.442367250227722, 56.7296317902114 ], [ -2.442363254254965, 56.729640409391386 ], [ -2.44235925468565, 56.72964902766207 ], [ -2.44235525125314, 56.729657645001318 ], [ -2.442351243690801, 56.729666261386939 ], [ -2.442347231731995, 56.729674876796771 ], [ -2.442343215110086, 56.729683491208668 ], [ -2.442339193558437, 56.729692104600446 ], [ -2.442335166810412, 56.729700716949942 ], [ -2.442331134599371, 56.729709328234989 ], [ -2.44232709665868, 56.729717938433424 ], [ -2.442323052721702, 56.729726547523079 ], [ -2.442319002521793, 56.729735155481798 ], [ -2.442314945792321, 56.729743762287399 ], [ -2.442310882266645, 56.729752367917712 ], [ -2.442306811678128, 56.72976097235059 ], [ -2.44230273376013, 56.729769575563843 ], [ -2.442298648246013, 56.72977817753533 ], [ -2.442294554869134, 56.729786778242882 ], [ -2.442290453362856, 56.729795377664303 ], [ -2.442286343460543, 56.72980397577745 ], [ -2.442282224895552, 56.729812572560171 ], [ -2.44227809740124, 56.729821167990274 ], [ -2.44227396071097, 56.729829762045597 ], [ -2.442269814558101, 56.729838354703979 ], [ -2.442265658675989, 56.729846945943244 ], [ -2.442261492797996, 56.729855535741237 ], [ -2.442257316657481, 56.729864124075796 ], [ -2.442253129987804, 56.729872710924717 ], [ -2.442248932522318, 56.729881296265887 ], [ -2.442244723994384, 56.729889880077103 ], [ -2.442240504137359, 56.729898462336195 ], [ -2.442236272684602, 56.729907043021022 ], [ -2.442232029369469, 56.729915622109402 ], [ -2.442227773925317, 56.729924199579166 ], [ -2.442223506085504, 56.729932775408166 ], [ -2.442219225583385, 56.729941349574204 ], [ -2.442214932152319, 56.729949922055113 ], [ -2.442210625525659, 56.729958492828757 ], [ -2.442206305436762, 56.729967061872948 ], [ -2.442201971618983, 56.729975629165523 ], [ -2.442197623805682, 56.72998419468432 ], [ -2.442193261730209, 56.72999275840715 ], [ -2.442188885125919, 56.730001320311878 ], [ -2.442184493726172, 56.730009880376308 ], [ -2.44218008726432, 56.730018438578284 ], [ -2.442175665473714, 56.730026994895653 ], [ -2.442171228087711, 56.730035549306223 ], [ -2.442166774839666, 56.730044101787819 ], [ -2.44216230546293, 56.730052652318314 ], [ -2.442157819690859, 56.730061200875504 ], [ -2.442153317256805, 56.730069747437234 ], [ -2.442148797894122, 56.730078291981329 ], [ -2.44214426133616, 56.730086834485647 ], [ -2.442139707316275, 56.730095374927984 ], [ -2.442135135567818, 56.730103913286186 ], [ -2.442130545824141, 56.730112449538098 ], [ -2.442125937818598, 56.730120983661521 ], [ -2.442121311284537, 56.730129515634317 ], [ -2.442116665955309, 56.730138045434316 ], [ -2.442112001564269, 56.730146573039342 ], [ -2.442107317946215, 56.730155098437287 ], [ -2.442102615441448, 56.730163621666378 ], [ -2.442097894547411, 56.73017214278039 ], [ -2.442093155761593, 56.730180661833153 ], [ -2.442088399581488, 56.73018917887844 ], [ -2.442083626504587, 56.730197693970112 ], [ -2.442078837028387, 56.730206207161928 ], [ -2.442074031650376, 56.730214718507746 ], [ -2.442069210868049, 56.730223228061327 ], [ -2.442064375178904, 56.730231735876522 ], [ -2.442059525080432, 56.730240242007113 ], [ -2.442054661070127, 56.730248746506938 ], [ -2.442049783645488, 56.730257249429783 ], [ -2.442044893304009, 56.730265750829481 ], [ -2.442039990543188, 56.730274250759798 ], [ -2.442035075860518, 56.730282749274593 ], [ -2.4420301497535, 56.730291246427655 ], [ -2.442025212719627, 56.730299742272798 ], [ -2.442020265256402, 56.730308236863834 ], [ -2.442015307861323, 56.730316730254579 ], [ -2.442010341031886, 56.730325222498834 ], [ -2.442005365265588, 56.730333713650417 ], [ -2.442000381059937, 56.730342203763144 ], [ -2.441995388912425, 56.730350692890795 ], [ -2.441990389320556, 56.730359181087209 ], [ -2.441985382781831, 56.730367668406217 ], [ -2.44198036979375, 56.730376154901585 ], [ -2.441975350853817, 56.730384640627136 ], [ -2.441970326459531, 56.730393125636709 ], [ -2.441965297108395, 56.730401609984099 ], [ -2.441960263297913, 56.730410093723101 ], [ -2.44195522552559, 56.730418576907567 ], [ -2.441950184288928, 56.730427059591264 ], [ -2.441945140085431, 56.730435541828044 ], [ -2.441940093412603, 56.730444023671687 ], [ -2.44193504476795, 56.730452505176025 ], [ -2.441929994648978, 56.730460986394846 ], [ -2.441924943553192, 56.730469467382008 ], [ -2.4419198919781, 56.730477948191272 ], [ -2.441914840421205, 56.730486428876482 ], [ -2.441909789380015, 56.730494909491455 ], [ -2.441904739352041, 56.730503390089972 ], [ -2.441899690834788, 56.730511870725877 ], [ -2.441894644325767, 56.730520351452967 ], [ -2.441889600322481, 56.730528832325071 ], [ -2.441884559322445, 56.730537313395978 ], [ -2.441879521823167, 56.730545794719511 ], [ -2.441874488322158, 56.73055427634948 ], [ -2.441869459316922, 56.73056275833973 ], [ -2.441864435304978, 56.730571240744034 ], [ -2.441859416783834, 56.730579723616223 ], [ -2.441854404251, 56.730588207010094 ], [ -2.441849398203989, 56.730596690979496 ], [ -2.441844399140316, 56.730605175578198 ], [ -2.441839407557492, 56.730613660860044 ], [ -2.44183442395303, 56.730622146878851 ], [ -2.441829448824442, 56.730630633688421 ], [ -2.441824482669245, 56.73063912134257 ], [ -2.441819525984954, 56.730647609895122 ], [ -2.44181457926908, 56.730656099399866 ], [ -2.441809643019145, 56.730664589910639 ], [ -2.441804717732658, 56.73067308148125 ], [ -2.441799803907137, 56.730681574165502 ], [ -2.441794902040101, 56.730690068017239 ], [ -2.441790012629065, 56.730698563090236 ], [ -2.441785136171549, 56.73070705943833 ], [ -2.441780273165068, 56.730715557115346 ], [ -2.441775424107141, 56.73072405617507 ], [ -2.441770589495286, 56.730732556671349 ], [ -2.441765769827024, 56.730741058657983 ], [ -2.441760965599874, 56.730749562188784 ], [ -2.441756177288784, 56.7307580673153 ], [ -2.44175140492892, 56.730766574044935 ], [ -2.441746648155708, 56.730775082344906 ], [ -2.44174190659002, 56.730783592181034 ], [ -2.441737179852737, 56.730792103519072 ], [ -2.441732467564738, 56.730800616324835 ], [ -2.441727769346896, 56.73080913056409 ], [ -2.441723084820092, 56.730817646202624 ], [ -2.441718413605203, 56.730826163206238 ], [ -2.441713755323101, 56.730834681540692 ], [ -2.441709109594667, 56.730843201171801 ], [ -2.441704476040773, 56.730851722065346 ], [ -2.441699854282298, 56.730860244187092 ], [ -2.441695243940115, 56.730868767502834 ], [ -2.441690644635099, 56.730877291978373 ], [ -2.441686055988125, 56.730885817579477 ], [ -2.441681477620067, 56.730894344271931 ], [ -2.441676909151798, 56.73090287202151 ], [ -2.441672350204194, 56.730911400794042 ], [ -2.441667800398125, 56.730919930555274 ], [ -2.441663259354466, 56.73092846127102 ], [ -2.44165872669409, 56.730936992907033 ], [ -2.441654202037868, 56.7309455254291 ], [ -2.441649685006673, 56.730954058803029 ], [ -2.441645175221373, 56.730962592994608 ], [ -2.441640672302845, 56.730971127969582 ], [ -2.441636175871957, 56.730979663693788 ], [ -2.44163168554958, 56.73098820013297 ], [ -2.441627200956582, 56.73099673725293 ], [ -2.441622721713838, 56.731005275019456 ], [ -2.441618247442213, 56.73101381339832 ], [ -2.441613777762579, 56.731022352355325 ], [ -2.441609312295806, 56.731030891856236 ], [ -2.44160485066276, 56.73103943186684 ], [ -2.441600392484309, 56.731047972352933 ], [ -2.441595937381324, 56.731056513280294 ], [ -2.441591484974671, 56.731065054614696 ], [ -2.441587034885217, 56.731073596321949 ], [ -2.44158258673383, 56.731082138367825 ], [ -2.441578140141378, 56.73109068071809 ], [ -2.441573694728727, 56.731099223338539 ], [ -2.441569250116738, 56.731107766194967 ], [ -2.441564805926284, 56.731116309253146 ], [ -2.441560361778226, 56.731124852478871 ], [ -2.441555917293432, 56.731133395837922 ], [ -2.441551472092767, 56.731141939296073 ], [ -2.44154702579709, 56.731150482819132 ], [ -2.441542578027272, 56.731159026372836 ], [ -2.441538128404174, 56.731167569923009 ], [ -2.441533676548659, 56.731176113435424 ], [ -2.441529222081592, 56.731184656875854 ], [ -2.441524764623834, 56.731193200210107 ], [ -2.441520303796248, 56.731201743403936 ], [ -2.441515839219697, 56.731210286423163 ], [ -2.441511370515044, 56.731218829233541 ], [ -2.441506897303149, 56.731227371800841 ], [ -2.441502419204871, 56.731235914090881 ], [ -2.441497935841075, 56.731244456069412 ], [ -2.44149344683262, 56.731252997702242 ], [ -2.441488951800367, 56.731261538955152 ], [ -2.441484450365174, 56.731270079793902 ], [ -2.441479942147905, 56.731278620184284 ], [ -2.441475426769414, 56.731287160092116 ], [ -2.441470903850564, 56.731295699483113 ], [ -2.441466373012211, 56.731304238323112 ], [ -2.441461833875216, 56.731312776577902 ], [ -2.441457286060435, 56.731321314213211 ], [ -2.441452729188723, 56.731329851194864 ], [ -2.441448162880945, 56.731338387488634 ], [ -2.441443586757952, 56.731346923060308 ], [ -2.441439000440722, 56.731355457875665 ], [ -2.441434403773052, 56.73136399192488 ], [ -2.441429797285436, 56.731372525273258 ], [ -2.44142518164022, 56.731381058000494 ], [ -2.441420557499749, 56.731389590186303 ], [ -2.441415925526371, 56.731398121910381 ], [ -2.441411286382431, 56.731406653252471 ], [ -2.441406640730277, 56.731415184292253 ], [ -2.441401989232261, 56.73142371510945 ], [ -2.441397332550728, 56.731432245783779 ], [ -2.441392671348028, 56.731440776394962 ], [ -2.441388006286514, 56.731449307022686 ], [ -2.441383338028534, 56.731457837746667 ], [ -2.441378667236438, 56.731466368646636 ], [ -2.441373994572582, 56.731474899802294 ], [ -2.441369320699315, 56.731483431293341 ], [ -2.441364646278989, 56.731491963199502 ], [ -2.44135997197396, 56.731500495600493 ], [ -2.44135529844658, 56.731509028576028 ], [ -2.441350626359204, 56.731517562205802 ], [ -2.441345956374188, 56.731526096569539 ], [ -2.441341289153887, 56.731534631746939 ], [ -2.441336625360655, 56.731543167817748 ], [ -2.441331965656851, 56.731551704861651 ], [ -2.441327310704833, 56.731560242958373 ], [ -2.441322661166958, 56.731568782187608 ], [ -2.441318017705583, 56.7315773226291 ], [ -2.441313380983066, 56.731585864362543 ], [ -2.441308751661771, 56.731594407467654 ], [ -2.441304130404055, 56.73160295202414 ], [ -2.441299517872279, 56.731611498111732 ], [ -2.4412949147288, 56.731620045810132 ], [ -2.441290321635988, 56.731628595199055 ], [ -2.441285739256199, 56.731637146358217 ], [ -2.441281168251797, 56.73164569936732 ], [ -2.441276609285148, 56.731654254306093 ], [ -2.441272063018611, 56.731662811254253 ], [ -2.441267530114555, 56.731671370291501 ], [ -2.441263011235344, 56.73167993149756 ], [ -2.441258507043342, 56.731688494952145 ], [ -2.441254018200917, 56.731697060734973 ], [ -2.441249545370433, 56.731705628925745 ], [ -2.441245089214261, 56.731714199604198 ], [ -2.441240650394767, 56.731722772850027 ], [ -2.441236229574316, 56.731731348742969 ], [ -2.441231827415285, 56.73173992736271 ], [ -2.441227444580036, 56.731748508788982 ], [ -2.441223081730942, 56.731757093101507 ], [ -2.441218739530374, 56.731765680379986 ], [ -2.441214418640703, 56.731774270704136 ], [ -2.441210119724303, 56.731782864153693 ], [ -2.441205843443539, 56.731791460808367 ], [ -2.441201590460793, 56.731800060747844 ], [ -2.441197361438432, 56.731808664051869 ], [ -2.441193157038834, 56.731817270800157 ], [ -2.441188977924372, 56.73182588107241 ], [ -2.441184824757422, 56.731834494948338 ], [ -2.441180698200359, 56.73184311250769 ], [ -2.441176598915559, 56.731851733830155 ], [ -2.4411725275654, 56.731860358995469 ], [ -2.441168484812259, 56.73186898808332 ], [ -2.441164471318517, 56.731877621173453 ], [ -2.441160487746547, 56.731886258345561 ], [ -2.441156534758733, 56.731894899679396 ], [ -2.441152613017452, 56.731903545254646 ], [ -2.441148723185087, 56.731912195151025 ], [ -2.441144865924018, 56.731920849448265 ], [ -2.441141041896627, 56.731929508226067 ], [ -2.441137251765297, 56.731938171564181 ], [ -2.441133496192406, 56.731946839542296 ], [ -2.44112977583063, 56.731955512238954 ], [ -2.441126090637576, 56.731964189647648 ], [ -2.441122439423439, 56.731972871621629 ], [ -2.441118820891046, 56.731981558000925 ], [ -2.441115233743221, 56.731990248625657 ], [ -2.441111676682789, 56.73199894333586 ], [ -2.441108148412572, 56.732007641971606 ], [ -2.441104647635391, 56.732016344372987 ], [ -2.441101173054067, 56.732025050380059 ], [ -2.441097723371418, 56.732033759832902 ], [ -2.441094297290265, 56.732042472571578 ], [ -2.441090893513422, 56.732051188436152 ], [ -2.441087510743706, 56.732059907266716 ], [ -2.441084147683934, 56.732068628903328 ], [ -2.441080803036915, 56.73207735318605 ], [ -2.441077475505464, 56.732086079954961 ], [ -2.441074163792395, 56.732094809050132 ], [ -2.441070866600513, 56.732103540311613 ], [ -2.441067582632631, 56.732112273579517 ], [ -2.441064310591558, 56.732121008693866 ], [ -2.441061049180095, 56.732129745494767 ], [ -2.441057797101054, 56.732138483822254 ], [ -2.441054553057238, 56.732147223516421 ], [ -2.441051315751449, 56.732155964417323 ], [ -2.441048083886492, 56.73216470636504 ], [ -2.441044856165165, 56.732173449199635 ], [ -2.441041631290272, 56.732182192761172 ], [ -2.441038407964607, 56.732190936889722 ], [ -2.441035184890971, 56.732199681425357 ], [ -2.441031960772164, 56.732208426208139 ], [ -2.441028734310974, 56.73221717107814 ], [ -2.441025504210203, 56.732225915875404 ], [ -2.441022269172636, 56.732234660440056 ], [ -2.441019027901075, 56.732243404612113 ], [ -2.441015779098303, 56.732252148231645 ], [ -2.441012521467115, 56.732260891138736 ], [ -2.441009253710296, 56.732269633173438 ], [ -2.441005974530636, 56.732278374175834 ], [ -2.441002682630923, 56.732287113985983 ], [ -2.440999376713938, 56.732295852443947 ], [ -2.440996055482469, 56.732304589389791 ], [ -2.440992717639297, 56.732313324663593 ], [ -2.440989361887206, 56.732322058105396 ], [ -2.440985986928975, 56.732330789555284 ], [ -2.440982591467386, 56.73233951885333 ], [ -2.440979174205214, 56.732348245839582 ], [ -2.440975733845241, 56.732356970354111 ], [ -2.440972269090241, 56.732365692236975 ], [ -2.440968778642988, 56.732374411328252 ], [ -2.440965261206259, 56.73238312746799 ], [ -2.440961715482825, 56.732391840496263 ], [ -2.440958140175459, 56.732400550253139 ], [ -2.440954533986932, 56.732409256578677 ], [ -2.440950895620011, 56.73241795931294 ], [ -2.440947223777469, 56.732426658295992 ], [ -2.440943517162071, 56.732435353367912 ], [ -2.440939774476586, 56.732444044368741 ], [ -2.440935994423775, 56.732452731138544 ], [ -2.440932175706406, 56.732461413517399 ], [ -2.440928317027238, 56.732470091345341 ], [ -2.440924417089038, 56.732478764462471 ], [ -2.440920474594563, 56.732487432708822 ], [ -2.440916488246576, 56.732496095924454 ], [ -2.440912456747833, 56.732504753949456 ], [ -2.440908378801095, 56.732513406623866 ], [ -2.440904253109116, 56.732522053787747 ], [ -2.440900078374653, 56.732530695281163 ], [ -2.44089585330046, 56.732539330944178 ], [ -2.44089157658929, 56.732547960616863 ], [ -2.440887246943897, 56.73255658413926 ], [ -2.440882863067031, 56.732565201351427 ], [ -2.440878423661441, 56.732573812093442 ], [ -2.44087392742988, 56.732582416205354 ], [ -2.440869373075095, 56.732591013527212 ], [ -2.440864759299832, 56.732599603899082 ], [ -2.440860084806838, 56.732608187161048 ], [ -2.440855348298857, 56.732616763153118 ], [ -2.440850548478633, 56.732625331715397 ], [ -2.440845684048913, 56.732633892687915 ], [ -2.440840753712435, 56.732642445910756 ], [ -2.440835756171944, 56.732650991223942 ], [ -2.440830690130177, 56.732659528467543 ], [ -2.440825554289872, 56.732668057481625 ], [ -2.440820344942962, 56.732676576867092 ], [ -2.440815046182268, 56.732685078954518 ], [ -2.440809638251049, 56.732693554095846 ], [ -2.440804101391079, 56.732701992642205 ], [ -2.440798415844123, 56.732710384944774 ], [ -2.440792561851935, 56.732718721354722 ], [ -2.440786519656258, 56.732726992223178 ], [ -2.44078026949883, 56.732735187901291 ], [ -2.440773791621378, 56.732743298740182 ], [ -2.440767066265618, 56.732751315091022 ], [ -2.440760074481815, 56.732759227603573 ], [ -2.440752821134812, 56.732767035724343 ], [ -2.440745338223706, 56.732774748922751 ], [ -2.440737659223632, 56.732782377213425 ], [ -2.440729817609751, 56.73278993061102 ], [ -2.440721846857238, 56.732797419130186 ], [ -2.440713780441296, 56.73280485278562 ], [ -2.44070565183714, 56.732812241591965 ], [ -2.440697494520008, 56.732819595563896 ], [ -2.440689341965148, 56.732826924716136 ], [ -2.440681227647834, 56.732834239063351 ], [ -2.440673185043351, 56.732841548620293 ], [ -2.440665247627006, 56.732848863401642 ], [ -2.440657448874119, 56.732856193422144 ], [ -2.440649822260028, 56.732863548696535 ], [ -2.440642401260094, 56.732870939239547 ], [ -2.440635219349693, 56.73287837506593 ], [ -2.44062831000422, 56.73288586619045 ], [ -2.440621706699099, 56.732893422627868 ], [ -2.440615442909767, 56.732901054392954 ], [ -2.440609552111686, 56.732908771500476 ], [ -2.440604067780354, 56.732916583965199 ], [ -2.440599016011645, 56.732924499989274 ], [ -2.440594380052315, 56.732932517249793 ], [ -2.440590127722645, 56.732940629634676 ], [ -2.440586226822456, 56.732948831026818 ], [ -2.440582645151555, 56.732957115309098 ], [ -2.440579350509722, 56.732965476364363 ], [ -2.440576310696717, 56.732973908075508 ], [ -2.440573493512273, 56.732982404325377 ], [ -2.440570866756101, 56.732990958996851 ], [ -2.44056839822789, 56.732999565972747 ], [ -2.440566055727297, 56.733008219135939 ], [ -2.44056380705396, 56.733016912369273 ], [ -2.440561620007478, 56.733025639555578 ], [ -2.440559462387436, 56.733034394577707 ], [ -2.440557301993379, 56.733043171318485 ], [ -2.440555106624834, 56.733051963660756 ], [ -2.440552844081292, 56.73306076548733 ], [ -2.440550482162219, 56.733069570681081 ], [ -2.440547988667054, 56.733078373124798 ], [ -2.440545331395207, 56.73308716670131 ], [ -2.440542478146057, 56.733095945293435 ], [ -2.440539401836915, 56.73310470355807 ], [ -2.440536100826842, 56.733113439999968 ], [ -2.440532581365467, 56.7331221543173 ], [ -2.440528849704849, 56.733130846208638 ], [ -2.440524912097043, 56.7331395153725 ], [ -2.440520774794118, 56.733148161507415 ], [ -2.440516444048146, 56.733156784311952 ], [ -2.440511926111208, 56.733165383484632 ], [ -2.440507227235392, 56.733173958724002 ], [ -2.440502353668806, 56.733182509733695 ], [ -2.44049731163725, 56.73319103624582 ], [ -2.440492107423201, 56.733199537920143 ], [ -2.440486747278767, 56.733208014455187 ], [ -2.440481237456072, 56.733216465549489 ], [ -2.440475584207236, 56.733224890901631 ], [ -2.440469793784396, 56.733233290210094 ], [ -2.440463872439686, 56.733241663173466 ], [ -2.440457826425249, 56.733250009490284 ], [ -2.440451661993241, 56.733258328859058 ], [ -2.440445385395811, 56.733266620978384 ], [ -2.440439003386541, 56.733274885874572 ], [ -2.440432524903813, 56.733283125002323 ], [ -2.440425959480926, 56.733291340205206 ], [ -2.440419316651206, 56.733299533326807 ], [ -2.440412605947977, 56.733307706210752 ], [ -2.44040583690458, 56.733315860700642 ], [ -2.440399019054356, 56.733323998640103 ], [ -2.440392161930657, 56.733332121872714 ], [ -2.44038527506684, 56.733340232242099 ], [ -2.440378367996269, 56.733348331591877 ], [ -2.440371450252314, 56.733356421765649 ], [ -2.440364531368357, 56.73336450460706 ], [ -2.440357620877775, 56.733372581959706 ], [ -2.440350728313966, 56.733380655667219 ], [ -2.440343863210329, 56.733388727573235 ], [ -2.440337035100264, 56.733396799521358 ], [ -2.440330253517184, 56.733404873355262 ], [ -2.440323527994509, 56.733412950918513 ], [ -2.440316868065664, 56.733421034054793 ], [ -2.440310283264082, 56.733429124607738 ], [ -2.440303783123203, 56.733437224420939 ], [ -2.440297377176468, 56.733445335338097 ], [ -2.440291074957337, 56.733453459202835 ], [ -2.440284885999266, 56.733461597858756 ], [ -2.440278819835723, 56.733469753149556 ], [ -2.440272886000186, 56.733477926918859 ], [ -2.440267094026135, 56.733486121010323 ], [ -2.440261453447058, 56.733494337267594 ], [ -2.440255973796455, 56.733502577534296 ], [ -2.440250664607831, 56.73351084365413 ], [ -2.440245533603805, 56.733519137179641 ], [ -2.440240579177705, 56.733527458163891 ], [ -2.440235796727149, 56.733535806178431 ], [ -2.440231181648347, 56.733544180794581 ], [ -2.440226729337513, 56.733552581583645 ], [ -2.440222435190852, 56.733561008116936 ], [ -2.440218294604572, 56.733569459965743 ], [ -2.44021430297487, 56.733577936701423 ], [ -2.440210455697944, 56.733586437895248 ], [ -2.440206748169991, 56.733594963118549 ], [ -2.4402031757872, 56.733603511942611 ], [ -2.440199733945757, 56.733612083938752 ], [ -2.440196418041849, 56.733620678678271 ], [ -2.440193223471654, 56.73362929573247 ], [ -2.440190145631348, 56.733637934672679 ], [ -2.440187179917107, 56.733646595070176 ], [ -2.440184321725096, 56.733655276496258 ], [ -2.440181566451485, 56.73366397852223 ], [ -2.440178909492436, 56.733672700719389 ], [ -2.440176346244103, 56.733681442659048 ], [ -2.440173872102641, 56.733690203912509 ], [ -2.440171482464205, 56.733698984051031 ], [ -2.440169172724937, 56.733707782645958 ], [ -2.440166938280982, 56.733716599268547 ], [ -2.440164774528478, 56.733725433490136 ], [ -2.44016267686356, 56.733734284881976 ], [ -2.440160640682356, 56.733743153015403 ], [ -2.440158661380997, 56.733752037461677 ], [ -2.440156734355604, 56.73376093779212 ], [ -2.440154855002295, 56.733769853577996 ], [ -2.440153018717182, 56.733778784390637 ], [ -2.44015122089638, 56.733787729801307 ], [ -2.440149456935992, 56.7337966893813 ], [ -2.440147722232121, 56.733805662701933 ], [ -2.440146012180865, 56.733814649334477 ], [ -2.440144322178318, 56.733823648850205 ], [ -2.440142647620567, 56.733832660820454 ], [ -2.440140983903699, 56.733841684816475 ], [ -2.440139326423793, 56.733850720409585 ], [ -2.440137670576927, 56.733859767171062 ], [ -2.440136012668538, 56.733868824653854 ], [ -2.440134398279932, 56.733877891417926 ], [ -2.440132946476445, 56.733886964542272 ], [ -2.440131782318222, 56.73389604098513 ], [ -2.440131030865534, 56.733905117704751 ], [ -2.440130817178758, 56.733914191659323 ], [ -2.440131266318406, 56.733923259807135 ], [ -2.440132503345094, 56.733932319106373 ], [ -2.44013465331957, 56.733941366515232 ], [ -2.440137841302685, 56.733950398991915 ], [ -2.440142188988039, 56.733959413205163 ], [ -2.440147661559009, 56.733968392373903 ], [ -2.440154004693512, 56.73397730085366 ], [ -2.44016094764918, 56.733986101588918 ], [ -2.440168219683362, 56.733994757524236 ], [ -2.440175550053123, 56.73400323160417 ], [ -2.440182668015255, 56.734011486773412 ], [ -2.440189302826288, 56.734019485976674 ], [ -2.440195183742518, 56.734027192158678 ], [ -2.440200040020031, 56.734034568264271 ], [ -2.440203600914727, 56.734041577238223 ], [ -2.440205595682361, 56.73404818202539 ], [ -2.440205753578584, 56.734054345570506 ], [ -2.440203803858991, 56.734060030818291 ], [ -2.440199497630594, 56.734065205144717 ], [ -2.440192867586828, 56.734069893030458 ], [ -2.440184142096983, 56.734074158638478 ], [ -2.440173553483068, 56.73407806693325 ], [ -2.440161334067223, 56.734081682879236 ], [ -2.440147716171686, 56.734085071440951 ], [ -2.440132932118738, 56.734088297582915 ], [ -2.44011721423068, 56.734091426269742 ], [ -2.440100794829796, 56.73409452246613 ], [ -2.440083906238346, 56.734097651136928 ], [ -2.440066780778552, 56.734100877247016 ], [ -2.440049650772591, 56.734104265761474 ], [ -2.440032748542607, 56.734107881645485 ], [ -2.440016306410726, 56.73411178986435 ], [ -2.440000556699073, 56.734116055383488 ], [ -2.439985731729801, 56.734120743168411 ], [ -2.439972031022657, 56.734125908033342 ], [ -2.439959450371616, 56.73413154174483 ], [ -2.439947907473759, 56.734137611900664 ], [ -2.439937319866611, 56.734144086049078 ], [ -2.439927605087735, 56.734150931738306 ], [ -2.439918680674722, 56.734158116516525 ], [ -2.439910464165181, 56.734165607931843 ], [ -2.439902873096713, 56.734173373532364 ], [ -2.439895825006915, 56.734181380866161 ], [ -2.439889237433357, 56.734189597481276 ], [ -2.439883027913578, 56.734197990925722 ], [ -2.439877113985076, 56.734206528747471 ], [ -2.439871413185302, 56.73421517849453 ], [ -2.439865843051659, 56.734223907714863 ], [ -2.439860321121494, 56.734232683956392 ], [ -2.439854764932101, 56.734241474767039 ], [ -2.439849092020708, 56.734250247694753 ], [ -2.439843219924495, 56.734258970287392 ], [ -2.439837066180582, 56.73426761009285 ], [ -2.439830548326041, 56.734276134658998 ], [ -2.439823584068323, 56.734284511594893 ], [ -2.439816126716881, 56.734292721301742 ], [ -2.439808208755869, 56.734300772628949 ], [ -2.439799873342442, 56.734308678260774 ], [ -2.439791163633787, 56.734316450881522 ], [ -2.439782122787127, 56.734324103175481 ], [ -2.439772793959711, 56.734331647827005 ], [ -2.439763220308817, 56.734339097520404 ], [ -2.439753444991747, 56.734346464939989 ], [ -2.439743511165833, 56.734353762770141 ], [ -2.439733461988415, 56.734361003695199 ], [ -2.439723340616867, 56.734368200399565 ], [ -2.439713190208578, 56.734375365567594 ], [ -2.439703053920956, 56.734382511883716 ], [ -2.439692974911429, 56.734389652032355 ], [ -2.439682996337443, 56.734396798697944 ], [ -2.439673161356465, 56.734403964564912 ], [ -2.439663513125979, 56.734411162317713 ], [ -2.439654094803491, 56.734418404640856 ], [ -2.439644949546532, 56.7344257042188 ], [ -2.439636120512651, 56.734433073736049 ], [ -2.439627650665099, 56.73444052582547 ], [ -2.439619562454511, 56.734448067668225 ], [ -2.439611840012929, 56.734455696261449 ], [ -2.439604463274796, 56.734463407486636 ], [ -2.439597412174537, 56.734471197225311 ], [ -2.439590666646579, 56.734479061358961 ], [ -2.439584206625331, 56.734486995769075 ], [ -2.439578012045198, 56.734494996337133 ], [ -2.43957206284057, 56.73450305894464 ], [ -2.439566338945822, 56.734511179473031 ], [ -2.439560820295321, 56.734519353803805 ], [ -2.439555486823421, 56.73452757781839 ], [ -2.439550318464458, 56.734535847398284 ], [ -2.439545295152762, 56.734544158424924 ], [ -2.439540396822641, 56.734552506779757 ], [ -2.439535603408391, 56.734560888344234 ], [ -2.439530894844292, 56.734569298999787 ], [ -2.439526251064612, 56.734577734627869 ], [ -2.439521652003601, 56.734586191109905 ], [ -2.439517077595494, 56.734594664327325 ], [ -2.439512507774505, 56.734603150161576 ], [ -2.439507922474846, 56.73461164449408 ], [ -2.439503301630694, 56.734620143206257 ], [ -2.439498625176227, 56.734628642179501 ], [ -2.439493873045594, 56.734637137295259 ], [ -2.43948902517294, 56.734645624434954 ], [ -2.439484061492385, 56.734654099479961 ], [ -2.43947896193804, 56.734662558311697 ], [ -2.439473706443991, 56.73467099681158 ], [ -2.43946827494432, 56.734679410860991 ], [ -2.43946264737309, 56.734687796341362 ], [ -2.439456803664346, 56.734696149134024 ], [ -2.439450729340722, 56.734704466005823 ], [ -2.439444448255557, 56.734712749796458 ], [ -2.439438000344255, 56.73472100589364 ], [ -2.439431425597338, 56.73472923969377 ], [ -2.439424764005363, 56.734737456593258 ], [ -2.439418055558917, 56.734745661988555 ], [ -2.439411340248619, 56.734753861276097 ], [ -2.439404658065115, 56.734762059852351 ], [ -2.439398048999085, 56.734770263113774 ], [ -2.439391553041244, 56.734778476456803 ], [ -2.439385210182329, 56.734786705277941 ], [ -2.439379060413113, 56.734794954973665 ], [ -2.439373143724402, 56.734803230940486 ], [ -2.439367500107032, 56.734811538574895 ], [ -2.439362169551872, 56.734819883273381 ], [ -2.439357192049827, 56.734828270432494 ], [ -2.439352607591834, 56.734836705448707 ], [ -2.439348456168872, 56.734845193718556 ], [ -2.439344777771942, 56.73485374063857 ], [ -2.439341612392104, 56.734862351605258 ], [ -2.439338999543345, 56.734871031951926 ], [ -2.439336945544446, 56.734879782612396 ], [ -2.439335402446161, 56.734888597328272 ], [ -2.439334317285688, 56.734897469176666 ], [ -2.439333637100185, 56.734906391234688 ], [ -2.439333308926766, 56.734915356579478 ], [ -2.439333279802488, 56.734924358288133 ], [ -2.439333496764371, 56.734933389437721 ], [ -2.439333906849379, 56.734942443105382 ], [ -2.43933445709443, 56.734951512368212 ], [ -2.43933509453639, 56.734960590303281 ], [ -2.439335766212071, 56.73496966998772 ], [ -2.439336419158239, 56.734978744498626 ], [ -2.439337000411608, 56.734987806913061 ], [ -2.439337457008839, 56.734996850308157 ], [ -2.439337735986544, 56.735005867761025 ], [ -2.439337784381286, 56.735014852348726 ], [ -2.439337549229577, 56.735023797148393 ], [ -2.439336977567881, 56.735032695237102 ], [ -2.439336016432619, 56.735041539691942 ], [ -2.43933461286016, 56.735050323590016 ], [ -2.439332713886834, 56.735059040008359 ], [ -2.439330271982322, 56.735067682758455 ], [ -2.4393272882781, 56.735076252228573 ], [ -2.439323789554635, 56.735084752273693 ], [ -2.43931980282277, 56.735093186779821 ], [ -2.439315355093368, 56.735101559633065 ], [ -2.439310473377323, 56.73510987471947 ], [ -2.43930518468555, 56.735118135925063 ], [ -2.439299516028997, 56.735126347135918 ], [ -2.439293494418625, 56.735134512238091 ], [ -2.439287146865428, 56.735142635117654 ], [ -2.43928050038042, 56.735150719660645 ], [ -2.439273581974637, 56.735158769753156 ], [ -2.439266418659131, 56.735166789281251 ], [ -2.439259037444987, 56.73517478213099 ], [ -2.4392514653433, 56.735182752188479 ], [ -2.439243729365189, 56.735190703339782 ], [ -2.439235856521798, 56.735198639471029 ], [ -2.439227873824279, 56.735206564468285 ], [ -2.439219808283816, 56.735214482217664 ], [ -2.43921168691161, 56.735222396605295 ], [ -2.439203536718868, 56.735230311517299 ], [ -2.439195384716837, 56.735238230839776 ], [ -2.439187257916766, 56.735246158458878 ], [ -2.439179183329933, 56.735254098260775 ], [ -2.43917118796763, 56.735262054131589 ], [ -2.439163298841174, 56.735270029957491 ], [ -2.439155542961897, 56.735278029624638 ], [ -2.439147947341152, 56.735286057019195 ], [ -2.439140538990315, 56.735294116027355 ], [ -2.439133344920779, 56.735302210535302 ], [ -2.439126391517263, 56.735310344328326 ], [ -2.439119686991798, 56.735318518266169 ], [ -2.43911321901215, 56.735326729901253 ], [ -2.439106974142827, 56.735334976608364 ], [ -2.439100938948334, 56.735343255762295 ], [ -2.439095099993166, 56.735351564737826 ], [ -2.439089443841803, 56.735359900909749 ], [ -2.439083957058725, 56.735368261652845 ], [ -2.439078626208395, 56.735376644341891 ], [ -2.43907343785527, 56.735385046351638 ], [ -2.439068378563792, 56.735393465056873 ], [ -2.439063434898401, 56.735401897832368 ], [ -2.439058593423522, 56.735410342052873 ], [ -2.439053840703566, 56.73541879509316 ], [ -2.439049163302939, 56.735427254327981 ], [ -2.439044547786036, 56.73543571713212 ], [ -2.43903998071724, 56.735444180880293 ], [ -2.439035448660924, 56.735452642947259 ], [ -2.439030938181447, 56.735461100707802 ], [ -2.43902643584316, 56.735469551536646 ], [ -2.439021928210407, 56.735477992808526 ], [ -2.439017401847514, 56.735486421898216 ], [ -2.439012843318802, 56.735494836180443 ], [ -2.439008239188579, 56.735503233029945 ], [ -2.43900357602114, 56.735511609821465 ], [ -2.438998840380775, 56.73551996392974 ], [ -2.438994018831761, 56.735528292729491 ], [ -2.438989097938363, 56.735536593595462 ], [ -2.438984064264841, 56.735544863902383 ], [ -2.438978904375441, 56.735553101024962 ], [ -2.438973604834399, 56.735561302337942 ], [ -2.438968152205946, 56.735569465216059 ], [ -2.438962533054297, 56.735577587033994 ], [ -2.438956733943668, 56.735585665166461 ], [ -2.438950741438255, 56.735593696988211 ], [ -2.438944542102254, 56.735601679873895 ], [ -2.438938122499849, 56.735609611198285 ], [ -2.438931469195218, 56.735617488336025 ], [ -2.43892456875253, 56.735625308661831 ], [ -2.438917407735949, 56.735633069550396 ], [ -2.43890997270963, 56.735640768376392 ], [ -2.438902258673798, 56.735648404122209 ], [ -2.438894317044028, 56.735655986521444 ], [ -2.438886222373303, 56.735663529717101 ], [ -2.438878049284928, 56.735671047865566 ], [ -2.438869872402254, 56.735678555123265 ], [ -2.438861766348672, 56.735686065646661 ], [ -2.438853805747631, 56.73569359359216 ], [ -2.43884606522262, 56.735701153116274 ], [ -2.438838619397182, 56.735708758375502 ], [ -2.438831542894907, 56.735716423526341 ], [ -2.438824899314207, 56.73572416102791 ], [ -2.438818682870092, 56.735731972657106 ], [ -2.438812860854502, 56.735739856045818 ], [ -2.438807400499981, 56.735747808816768 ], [ -2.438802269039056, 56.735755828592666 ], [ -2.438797433704226, 56.735763912996184 ], [ -2.438792861727967, 56.73577205965006 ], [ -2.438788520342732, 56.735780266176974 ], [ -2.43878437678095, 56.735788530199571 ], [ -2.438780398275024, 56.735796849340581 ], [ -2.438776552057328, 56.735805221222641 ], [ -2.438772805360215, 56.735813643468418 ], [ -2.438769125416003, 56.735822113700578 ], [ -2.438765479456989, 56.735830629541759 ], [ -2.438761834715441, 56.735839188614655 ], [ -2.438758158423596, 56.735847788541889 ], [ -2.43875441781366, 56.735856426946086 ], [ -2.438750580117817, 56.735865101449932 ], [ -2.438746612568216, 56.735873809676015 ], [ -2.438742482396981, 56.735882549246973 ], [ -2.438738156917698, 56.735891317743857 ], [ -2.438733611712479, 56.735900108525563 ], [ -2.438728837629768, 56.735908907155803 ], [ -2.438723827166255, 56.735917698356637 ], [ -2.438718572818631, 56.735926466850145 ], [ -2.43871306708359, 56.73593519735838 ], [ -2.438707302457824, 56.735943874603414 ], [ -2.438701271438034, 56.735952483307273 ], [ -2.438694966520931, 56.735961008192049 ], [ -2.438688380203224, 56.735969433979754 ], [ -2.438681504981631, 56.735977745392489 ], [ -2.438674333352888, 56.735985927152242 ], [ -2.438666857813732, 56.735993963981102 ], [ -2.438659070860914, 56.736001840601077 ], [ -2.438650964991204, 56.736009541734212 ], [ -2.438642532701385, 56.736017052102511 ], [ -2.438633766488252, 56.736024356428054 ], [ -2.438624658848627, 56.736031439432786 ], [ -2.438615202279344, 56.736038285838795 ], [ -2.438605389277267, 56.736044880368055 ], [ -2.438595213073106, 56.736051208231551 ], [ -2.438584703093933, 56.736057278760427 ], [ -2.438573940778339, 56.736063135944569 ], [ -2.438563011592654, 56.736068826457853 ], [ -2.43855200100321, 56.736074396974232 ], [ -2.438540994476344, 56.736079894167631 ], [ -2.438530077478382, 56.736085364712039 ], [ -2.438519335475651, 56.736090855281482 ], [ -2.438508853934473, 56.736096412549962 ], [ -2.438498718321169, 56.736102083191582 ], [ -2.438489014102069, 56.73610791388041 ], [ -2.438479826743514, 56.736113951290569 ], [ -2.438471241711879, 56.736120242096192 ], [ -2.438463342337177, 56.736126831920124 ], [ -2.438456146317836, 56.736133734088547 ], [ -2.438449594992211, 56.736140924351446 ], [ -2.43844362540115, 56.736148376344083 ], [ -2.438438174585502, 56.736156063701706 ], [ -2.438433179586089, 56.736163960059528 ], [ -2.438428577443721, 56.736172039052718 ], [ -2.438424305199175, 56.736180274316474 ], [ -2.438420299893195, 56.736188639485945 ], [ -2.438416498566489, 56.736197108196343 ], [ -2.438412838259719, 56.73620565408276 ], [ -2.438409261885601, 56.736214253241471 ], [ -2.438405747441214, 56.736222896473365 ], [ -2.438402285897814, 56.736231580017083 ], [ -2.438398868247533, 56.736240300120031 ], [ -2.438395485482491, 56.736249053029574 ], [ -2.438392128594803, 56.736257834993097 ], [ -2.438388788576578, 56.736266642258009 ], [ -2.438385456419915, 56.736275471071671 ], [ -2.438382123116913, 56.736284317681502 ], [ -2.438378779659656, 56.736293178334854 ], [ -2.438375417040224, 56.736302049279118 ], [ -2.43837202625069, 56.736310926761689 ], [ -2.438368598283119, 56.736319807029922 ], [ -2.438365124129571, 56.736328686331213 ], [ -2.438361594782099, 56.736337560912943 ], [ -2.438358001232744, 56.736346427022475 ], [ -2.438354334473546, 56.736355280907219 ], [ -2.438350585496535, 56.736364118814507 ], [ -2.438346745293735, 56.736372936991714 ], [ -2.438342804857163, 56.736381731686251 ], [ -2.438338755178833, 56.73639049914545 ], [ -2.438334587250745, 56.736399235616709 ], [ -2.438330292064903, 56.736407937347366 ], [ -2.438325860613296, 56.736416600584818 ], [ -2.438321283887914, 56.736425221576404 ], [ -2.438316552880734, 56.736433796569486 ], [ -2.438311658583737, 56.736442321811452 ], [ -2.438306591988891, 56.736450793549629 ], [ -2.438301344088165, 56.736459208031384 ], [ -2.438295905873523, 56.736467561504071 ], [ -2.438290269011878, 56.73647585040009 ], [ -2.438284440982078, 56.736484075486523 ], [ -2.438278445236505, 56.736492241909602 ], [ -2.438272305934829, 56.736500355009348 ], [ -2.43826604723675, 56.736508420125844 ], [ -2.438259693301979, 56.736516442599168 ], [ -2.438253268290243, 56.736524427769417 ], [ -2.438246796361296, 56.736532380976655 ], [ -2.438240301674897, 56.736540307560993 ], [ -2.438233808390832, 56.73654821286253 ], [ -2.438227340668893, 56.73655610222135 ], [ -2.438220922668897, 56.736563980977571 ], [ -2.438214578550676, 56.736571854471315 ], [ -2.438208332474075, 56.736579728042685 ], [ -2.438202208598959, 56.736587607031808 ], [ -2.438196231085203, 56.736595496778833 ], [ -2.438190424092709, 56.736603402623864 ], [ -2.438184811781391, 56.736611329907042 ], [ -2.43817941831118, 56.736619283968537 ], [ -2.438174267842025, 56.736627270148446 ], [ -2.438169384533896, 56.736635293786946 ], [ -2.43816479249651, 56.736643360216696 ], [ -2.438160503214771, 56.736651472889761 ], [ -2.43815649897157, 56.736659630908221 ], [ -2.438152757933133, 56.736667832760993 ], [ -2.438149258265664, 56.736676076936938 ], [ -2.438145978135359, 56.736684361924937 ], [ -2.438142895708387, 56.736692686213885 ], [ -2.438139989150907, 56.736701048292616 ], [ -2.438137236629057, 56.736709446650018 ], [ -2.438134616308957, 56.736717879774943 ], [ -2.438132106356709, 56.736726346156267 ], [ -2.4381296849384, 56.736734844282843 ], [ -2.438127330220093, 56.73674337264351 ], [ -2.438125020367836, 56.736751929727141 ], [ -2.438122733547658, 56.736760514022592 ], [ -2.438120447925565, 56.736769124018686 ], [ -2.438118141667546, 56.736777758204305 ], [ -2.438115792939571, 56.736786415068281 ], [ -2.438113379907591, 56.73679509309946 ], [ -2.438110880737534, 56.736803790786688 ], [ -2.438108273595315, 56.736812506618783 ], [ -2.438105536646818, 56.736821239084613 ], [ -2.43810265252077, 56.736829986663039 ], [ -2.438099631896177, 56.736838747770335 ], [ -2.438096496323997, 56.736847520798555 ], [ -2.438093267379015, 56.736856304139636 ], [ -2.438089966636034, 56.736865096185589 ], [ -2.438086615669877, 56.736873895328358 ], [ -2.438083236055388, 56.736882699959956 ], [ -2.438079849367432, 56.736891508472354 ], [ -2.438076477180895, 56.736900319257515 ], [ -2.438073141070683, 56.73690913070746 ], [ -2.438069862611721, 56.736917941214159 ], [ -2.438066663378956, 56.736926749169598 ], [ -2.438063564947358, 56.736935552965818 ], [ -2.438060588891912, 56.736944350994769 ], [ -2.438057756787627, 56.736953141648478 ], [ -2.438055090209533, 56.736961923318916 ], [ -2.438052610732675, 56.736970694398138 ], [ -2.438050339932127, 56.736979453278103 ], [ -2.438048299382974, 56.736988198350829 ], [ -2.438046510660324, 56.736996928008331 ], [ -2.438044989324834, 56.737005640116692 ], [ -2.438043679859162, 56.737014326326516 ], [ -2.438042480332371, 56.737022974229831 ], [ -2.438041288014452, 56.737031571348716 ], [ -2.438040000175321, 56.737040105205338 ], [ -2.438038514084791, 56.737048563321771 ], [ -2.438036727012597, 56.737056933220117 ], [ -2.438034536228385, 56.737065202422528 ], [ -2.438031839001722, 56.737073358451013 ], [ -2.438028532602095, 56.737081388827697 ], [ -2.438024514298922, 56.737089281074574 ], [ -2.438019686760082, 56.737097023668063 ], [ -2.43801406229999, 56.737104624467776 ], [ -2.438007755372908, 56.737112109389621 ], [ -2.438000884327968, 56.737119505038024 ], [ -2.437993567514394, 56.737126838017396 ], [ -2.437985923281478, 56.737134134932212 ], [ -2.437978069978591, 56.737141422386976 ], [ -2.437970125955172, 56.737148726986177 ], [ -2.437962209560724, 56.737156075334369 ], [ -2.437954439144831, 56.737163494036139 ], [ -2.437946933057135, 56.737171009696091 ], [ -2.437939800209442, 56.737178646336339 ], [ -2.437933025672278, 56.737186394092021 ], [ -2.437926507355761, 56.737194219248366 ], [ -2.437920141353141, 56.737202087593431 ], [ -2.437913823757604, 56.737209964915266 ], [ -2.437907450662276, 56.737217817001863 ], [ -2.437900918160219, 56.737225609641243 ], [ -2.437894122344431, 56.737233308621356 ], [ -2.437886959307861, 56.737240879730166 ], [ -2.437879325143396, 56.737248288755595 ], [ -2.437871120138422, 56.737255502818982 ], [ -2.437862350242392, 56.737262522632832 ], [ -2.437853132438234, 56.737269384208268 ], [ -2.437843588978576, 56.737276125231787 ], [ -2.437833842116099, 56.737282783389901 ], [ -2.437824014103537, 56.73728939636915 ], [ -2.437814227193674, 56.73729600185613 ], [ -2.437804603639333, 56.737302637537432 ], [ -2.437795265693393, 56.73730934109976 ], [ -2.437786335608784, 56.737316150229788 ], [ -2.437777935638491, 56.737323102614262 ], [ -2.437770188035567, 56.737330235939922 ], [ -2.437763187723401, 56.737337579912612 ], [ -2.437756907138045, 56.737345128468938 ], [ -2.437751284414441, 56.737352865528706 ], [ -2.437746257685845, 56.737360775011247 ], [ -2.437741765085484, 56.737368840835849 ], [ -2.437737744746559, 56.737377046921793 ], [ -2.437734134802227, 56.73738537718836 ], [ -2.437730873385614, 56.737393815554775 ], [ -2.437727898629799, 56.737402345940311 ], [ -2.437725148667817, 56.73741095226417 ], [ -2.437722561632655, 56.737419618445585 ], [ -2.43772007565725, 56.737428328403809 ], [ -2.437717628874482, 56.737437066058014 ], [ -2.437715159417186, 56.73744581532744 ], [ -2.437712605418141, 56.737454560131262 ], [ -2.437709905010071, 56.737463284388689 ], [ -2.437706996325655, 56.737471972018923 ], [ -2.437703817497515, 56.737480606941112 ], [ -2.437700306658226, 56.737489173074486 ], [ -2.437696401940314, 56.737497654338149 ], [ -2.437692046382623, 56.737506035918344 ], [ -2.437687236398064, 56.737514316784754 ], [ -2.437682001171646, 56.737522504370318 ], [ -2.437676370364532, 56.737530606230926 ], [ -2.437670373637911, 56.737538629922447 ], [ -2.437664040652999, 56.737546583000793 ], [ -2.437657401071036, 56.737554473021824 ], [ -2.437650484553284, 56.737562307541417 ], [ -2.437643320761028, 56.737570094115497 ], [ -2.437635939355569, 56.737577840299963 ], [ -2.437628369998231, 56.737585553650732 ], [ -2.437620642350361, 56.737593241723687 ], [ -2.437612786073319, 56.737600912074797 ], [ -2.437604830828485, 56.737608572259944 ], [ -2.437596806277255, 56.737616229835098 ], [ -2.437588742081052, 56.737623892356176 ], [ -2.437580667901299, 56.737631567379161 ], [ -2.437572613399455, 56.737639262459993 ], [ -2.437564608236984, 56.737646985154647 ], [ -2.437556682075374, 56.737654743019085 ], [ -2.437548864576131, 56.737662543609325 ], [ -2.437541185400776, 56.737670394481327 ], [ -2.437533674210856, 56.737678303191103 ], [ -2.437526360667928, 56.73768627729465 ], [ -2.437519274433579, 56.737694324347991 ], [ -2.437512445169418, 56.737702451907133 ], [ -2.437505902537069, 56.737710667528091 ], [ -2.43749967619819, 56.737718978766907 ], [ -2.437493795814456, 56.737727393179604 ], [ -2.437488291047576, 56.73773591832223 ], [ -2.437483191265422, 56.737744561632091 ], [ -2.437478463433417, 56.737753305336199 ], [ -2.43747393523769, 56.73776207539337 ], [ -2.43746941551092, 56.737770790145738 ], [ -2.437464713085647, 56.737779367935424 ], [ -2.437459636794287, 56.737787727104482 ], [ -2.437453995469137, 56.737795785994983 ], [ -2.437447597942403, 56.737803462948875 ], [ -2.437440253046229, 56.73781067630815 ], [ -2.437431769612744, 56.73781734441468 ], [ -2.437421959741193, 56.737823387081612 ], [ -2.437410777808375, 56.737828788197497 ], [ -2.437398372367701, 56.737833619099327 ], [ -2.437384905935291, 56.73783795741231 ], [ -2.437370541027327, 56.737841880761643 ], [ -2.437355440160016, 56.737845466772583 ], [ -2.437339765849535, 56.737848793070476 ], [ -2.437323680612026, 56.737851937280723 ], [ -2.437307346963576, 56.73785497702881 ], [ -2.437290927420189, 56.737857989940288 ], [ -2.437274584497787, 56.737861053640806 ], [ -2.437258480712217, 56.737864245756093 ], [ -2.437242778579256, 56.737867643911983 ], [ -2.437227640614619, 56.737871325734325 ], [ -2.437213229333977, 56.73787536884911 ], [ -2.437199707094005, 56.737879850808717 ], [ -2.4371871748518, 56.737884820732745 ], [ -2.437175579530808, 56.737890256411042 ], [ -2.437164844286595, 56.737896124626928 ], [ -2.437154892274775, 56.737902392163726 ], [ -2.437145646650991, 56.73790902580469 ], [ -2.437137030570924, 56.737915992333022 ], [ -2.43712896719025, 56.737923258531971 ], [ -2.43712137966465, 56.737930791184652 ], [ -2.437114191149792, 56.73793855707423 ], [ -2.437107324801318, 56.73794652298384 ], [ -2.437100703774842, 56.737954655696548 ], [ -2.437094251225953, 56.737962921995461 ], [ -2.437087890310183, 56.737971288663637 ], [ -2.437081544183039, 56.737979722484134 ], [ -2.437075135999963, 56.73798819023996 ], [ -2.437068588916368, 56.737996658714152 ], [ -2.437061826087612, 56.73800509468969 ], [ -2.43705477066901, 56.738013464949567 ], [ -2.437047345815835, 56.738021736276735 ], [ -2.437039474683329, 56.738029875454146 ], [ -2.437031086630141, 56.738037850685963 ], [ -2.437022246320439, 56.738045661176194 ], [ -2.437013149750106, 56.738053336218144 ], [ -2.4370039983236, 56.738060906344366 ], [ -2.436994993445505, 56.738068402087443 ], [ -2.436986336520547, 56.738075853980042 ], [ -2.436978228953568, 56.738083292554848 ], [ -2.43697087214955, 56.738090748344611 ], [ -2.436964467513599, 56.738098251882143 ], [ -2.436959216450975, 56.738105833700253 ], [ -2.436955320367094, 56.738113524331759 ], [ -2.436952947695999, 56.738121350072774 ], [ -2.436952058193295, 56.738129310404922 ], [ -2.436952530215983, 56.738137394350474 ], [ -2.436954241935636, 56.738145590907735 ], [ -2.436957071523736, 56.738153889075015 ], [ -2.43696089715168, 56.73816227785062 ], [ -2.436965596990762, 56.738170746232825 ], [ -2.436971049212185, 56.738179283219907 ], [ -2.436977131987034, 56.738187877810105 ], [ -2.43698372348629, 56.738196519001754 ], [ -2.436990701880817, 56.738205195793121 ], [ -2.436997945341366, 56.738213897182582 ], [ -2.437005332038569, 56.738222612168443 ], [ -2.437012740142934, 56.738231329749091 ], [ -2.437020047824853, 56.738240038922939 ], [ -2.437027133254599, 56.738248728688411 ], [ -2.437033874602325, 56.738257388043976 ], [ -2.437040150038063, 56.738266005988088 ], [ -2.437045837731737, 56.73827457151927 ], [ -2.437050815853154, 56.738283073635998 ], [ -2.437054962572013, 56.738291501336811 ], [ -2.437058156057912, 56.738299843620233 ], [ -2.437060274480347, 56.738308089484754 ], [ -2.437061196008725, 56.738316227928863 ], [ -2.437060799688965, 56.738324248039916 ], [ -2.437059039505896, 56.738332146503112 ], [ -2.437056000678847, 56.738339933309284 ], [ -2.437051781683345, 56.738347619793274 ], [ -2.437046480995012, 56.738355217289829 ], [ -2.437040197089559, 56.73836273713377 ], [ -2.437033028442782, 56.738370190659836 ], [ -2.437025073530554, 56.738377589202791 ], [ -2.437016430828819, 56.738384944097476 ], [ -2.437007198813602, 56.738392266678652 ], [ -2.436997475960989, 56.738399568281139 ], [ -2.436987360747131, 56.738406860239827 ], [ -2.436976951648251, 56.738414153889551 ], [ -2.436966347140628, 56.738421460565235 ], [ -2.436955645700607, 56.738428791601827 ], [ -2.4369449458046, 56.738436158334295 ], [ -2.436934345929074, 56.738443572097637 ], [ -2.436923944550568, 56.738451044226927 ], [ -2.436913840145684, 56.73845858605722 ], [ -2.436904131191094, 56.73846620892364 ], [ -2.436894916163542, 56.738473924161312 ], [ -2.43688629242555, 56.738481742966457 ], [ -2.436878306820712, 56.738489670235701 ], [ -2.436870936067582, 56.738497702121251 ], [ -2.436864151716524, 56.738505834130827 ], [ -2.436857925317884, 56.738514061772158 ], [ -2.436852228422008, 56.738522380552944 ], [ -2.436847032579217, 56.738530785980835 ], [ -2.436842309339824, 56.738539273563561 ], [ -2.436838030254116, 56.738547838808749 ], [ -2.436834166872371, 56.738556477224066 ], [ -2.436830690744843, 56.738565184317181 ], [ -2.436827573421768, 56.738573955595704 ], [ -2.436824786453361, 56.738582786567278 ], [ -2.436822301389811, 56.738591672739538 ], [ -2.436820089781291, 56.7386006096201 ], [ -2.436818123177946, 56.7386095927166 ], [ -2.436816373129898, 56.738618617536659 ], [ -2.436814811187246, 56.73862767958785 ], [ -2.436813408900063, 56.738636774377824 ], [ -2.436812137818393, 56.738645897414173 ], [ -2.43681096957759, 56.738655044201842 ], [ -2.436809896366862, 56.738664209604856 ], [ -2.436808957506908, 56.738673387017492 ], [ -2.436808198897739, 56.738682569628949 ], [ -2.436807666439433, 56.738691750628341 ], [ -2.436807406032095, 56.73870092320486 ], [ -2.436807463575883, 56.738710080547655 ], [ -2.436807884970993, 56.738719215845862 ], [ -2.436808716117668, 56.738728322288637 ], [ -2.436810002916193, 56.738737393065136 ], [ -2.436811791266889, 56.738746421364496 ], [ -2.436814098563304, 56.73875539883705 ], [ -2.436816791943631, 56.738764309022343 ], [ -2.436819689219077, 56.738773132797277 ], [ -2.43682260817152, 56.738781851037174 ], [ -2.436825366582668, 56.738790444617408 ], [ -2.436827782234054, 56.738798894413307 ], [ -2.436829672907059, 56.738807181300267 ], [ -2.436830856382906, 56.73881528615366 ], [ -2.43683115044268, 56.738823189848837 ], [ -2.436830372867342, 56.738830873261172 ], [ -2.436828341437742, 56.738838317265973 ], [ -2.436824873934631, 56.738845502738528 ], [ -2.43681983287376, 56.738852417272852 ], [ -2.436813368678703, 56.738859091704249 ], [ -2.436805745810877, 56.738865573995518 ], [ -2.436797229016462, 56.738871912152241 ], [ -2.436788083041799, 56.738878154179993 ], [ -2.43677857263337, 56.738884348084483 ], [ -2.436768962537788, 56.738890541871463 ], [ -2.436759517501788, 56.738896783546771 ], [ -2.436750502272233, 56.738903121116316 ], [ -2.436742181596127, 56.738909602586112 ], [ -2.436734820220619, 56.738916275962204 ], [ -2.436728682893035, 56.738923189250706 ], [ -2.436723961064346, 56.738930378445971 ], [ -2.43672054968076, 56.738937830951365 ], [ -2.436718268723174, 56.738945521884958 ], [ -2.436716938172393, 56.738953426364752 ], [ -2.436716378009109, 56.738961519508734 ], [ -2.436716408213891, 56.738969776434892 ], [ -2.436716848767165, 56.738978172261135 ], [ -2.436717519649208, 56.738986682105427 ], [ -2.436718240840142, 56.738995281085707 ], [ -2.43671883231993, 56.739003944319911 ], [ -2.436719114068362, 56.739012646925978 ], [ -2.436718906460628, 56.7390213640616 ], [ -2.436718101861197, 56.739030078111163 ], [ -2.436716747780461, 56.739038787033728 ], [ -2.436714911898462, 56.739047490813071 ], [ -2.436712661895302, 56.739056189432993 ], [ -2.436710065451146, 56.739064882877273 ], [ -2.436707190246225, 56.739073571129701 ], [ -2.436704103960822, 56.739082254174107 ], [ -2.436700874275297, 56.739090931994255 ], [ -2.436697568870057, 56.739099604573987 ], [ -2.436694255425581, 56.739108271897116 ], [ -2.436690990669796, 56.739116934045718 ], [ -2.436687783410542, 56.73912559153176 ], [ -2.436684629353643, 56.739134244984754 ], [ -2.436681524204588, 56.739142895034227 ], [ -2.436678463668867, 56.739151542309642 ], [ -2.43667544345196, 56.739160187440532 ], [ -2.436672459259352, 56.739168831056404 ], [ -2.436669506796514, 56.739177473786754 ], [ -2.436666581768924, 56.739186116261095 ], [ -2.436663679882047, 56.739194759108926 ], [ -2.436660796841343, 56.739203402959767 ], [ -2.436657928352278, 56.739212048443086 ], [ -2.436655070120304, 56.739220696188426 ], [ -2.436652217850873, 56.73922934682524 ], [ -2.436649367249434, 56.739238000983093 ], [ -2.436646514021426, 56.739246659291425 ], [ -2.436643653872293, 56.73925532237979 ], [ -2.436640782507466, 56.739263990877653 ], [ -2.436637895632379, 56.739272665414525 ], [ -2.436634988952457, 56.739281346619897 ], [ -2.436632058173125, 56.739290035123283 ], [ -2.436629099143117, 56.739298731296017 ], [ -2.436626108427234, 56.739307434219512 ], [ -2.436623082813461, 56.739316142573216 ], [ -2.436620019089851, 56.739324855036386 ], [ -2.436616914044453, 56.739333570288281 ], [ -2.436613764465319, 56.739342287008178 ], [ -2.436610567140494, 56.739351003875377 ], [ -2.436607318858022, 56.73935971956913 ], [ -2.436604016405941, 56.7393684327687 ], [ -2.436600656572293, 56.739377142153387 ], [ -2.436597236145113, 56.739385846402435 ], [ -2.436593751912436, 56.73939454419515 ], [ -2.436590200662291, 56.739403234210769 ], [ -2.436586579182706, 56.739411915128557 ], [ -2.436582884261712, 56.739420585627819 ], [ -2.436579112687329, 56.739429244387807 ], [ -2.436575261247582, 56.739437890087785 ], [ -2.43657132673049, 56.739446521407025 ], [ -2.43656730592407, 56.739455137024777 ], [ -2.436563195616337, 56.739463735620348 ], [ -2.436558992595307, 56.739472315872973 ], [ -2.436554693648987, 56.739480876461933 ], [ -2.436550295565389, 56.739489416066476 ], [ -2.436545795132517, 56.739497933365882 ], [ -2.436541189138383, 56.739506427039402 ], [ -2.436536474370988, 56.739514895766312 ], [ -2.436531647618328, 56.739523338225865 ], [ -2.436526705668409, 56.739531753097317 ], [ -2.436521645309228, 56.739540139059933 ], [ -2.436516463328782, 56.739548494792984 ], [ -2.436511156515064, 56.739556818975728 ], [ -2.436505739228928, 56.739565111284172 ], [ -2.436500302003984, 56.739573375715011 ], [ -2.436494956008415, 56.739581617435391 ], [ -2.436489812410853, 56.739589841612485 ], [ -2.436484982380029, 56.739598053413509 ], [ -2.436480577084764, 56.739606258005658 ], [ -2.436476707693976, 56.739614460556169 ], [ -2.436473485376673, 56.739622666232279 ], [ -2.436471021301957, 56.73963088020124 ], [ -2.436469426639029, 56.739639107630275 ], [ -2.436468799813066, 56.739647353275309 ], [ -2.436469081116628, 56.739655616788468 ], [ -2.436470103871983, 56.739663894369357 ], [ -2.436471699382261, 56.739672182152432 ], [ -2.436473698950451, 56.739680476272156 ], [ -2.436475933879396, 56.739688772862948 ], [ -2.436478235471786, 56.739697068059286 ], [ -2.436480435030166, 56.739705357995632 ], [ -2.436482363856933, 56.739713638806442 ], [ -2.436483853254338, 56.739721906626208 ], [ -2.436484734524484, 56.739730157589413 ], [ -2.436484838969329, 56.739738387830542 ], [ -2.436483998800908, 56.739746593499568 ], [ -2.436482127473738, 56.739754772131924 ], [ -2.43647928267481, 56.739762923722679 ], [ -2.436475536915695, 56.739771048519678 ], [ -2.436470962708044, 56.7397791467708 ], [ -2.436465632563567, 56.739787218723841 ], [ -2.436459618994038, 56.739795264626679 ], [ -2.436452994511296, 56.739803284727124 ], [ -2.436445831627246, 56.739811279273063 ], [ -2.436438202853851, 56.739819248512326 ], [ -2.436430180703142, 56.739827192692786 ], [ -2.43642183768721, 56.739835112062352 ], [ -2.436413246318207, 56.739843006868909 ], [ -2.436404479108344, 56.739850877360375 ], [ -2.436395608569897, 56.739858723784728 ], [ -2.436386707215199, 56.739866546389891 ], [ -2.436377847556646, 56.739874345423885 ], [ -2.436369102106688, 56.739882121134706 ], [ -2.436360543377838, 56.739889873770387 ], [ -2.43635224388267, 56.739897603578967 ], [ -2.43634427613194, 56.739905310808531 ], [ -2.4363366894404, 56.739912995803394 ], [ -2.436329452058133, 56.739920659244156 ], [ -2.436322514536933, 56.739928301884845 ], [ -2.436315827428547, 56.739935924479418 ], [ -2.436309341284683, 56.739943527781904 ], [ -2.436303006657007, 56.739951112546237 ], [ -2.436296774097145, 56.739958679526382 ], [ -2.436290594156685, 56.739966229476281 ], [ -2.436284417387172, 56.739973763149898 ], [ -2.43627819434011, 56.739981281301134 ], [ -2.436271875566988, 56.739988784683909 ], [ -2.436265422094818, 56.739996274523719 ], [ -2.436258835480387, 56.740003753870653 ], [ -2.436252127080977, 56.740011226215998 ], [ -2.43624530825386, 56.740018695051006 ], [ -2.436238390356325, 56.740026163866986 ], [ -2.436231384745663, 56.740033636155211 ], [ -2.436224302779175, 56.740041115406996 ], [ -2.436217155814165, 56.740048605113607 ], [ -2.436209955207945, 56.740056108766325 ], [ -2.436202712317832, 56.740063629856508 ], [ -2.436195438501152, 56.740071171875407 ], [ -2.436188145115231, 56.740078738314331 ], [ -2.436180843517411, 56.740086332664582 ], [ -2.436173545065032, 56.740093958417461 ], [ -2.436166261115444, 56.740101619064319 ], [ -2.436159003026002, 56.740109318096444 ], [ -2.436151782154069, 56.740117059005144 ], [ -2.436144609857015, 56.740124845281748 ], [ -2.436137497492218, 56.740132680417574 ], [ -2.436130456417055, 56.740140567903943 ], [ -2.436123497955462, 56.740148511218649 ], [ -2.436116627914977, 56.740156511607523 ], [ -2.436109840492361, 56.74016456561862 ], [ -2.436103128416002, 56.740172669205855 ], [ -2.436096484414283, 56.740180818323175 ], [ -2.436089901215583, 56.74018900892451 ], [ -2.436083371548282, 56.74019723696378 ], [ -2.436076888140752, 56.740205498394928 ], [ -2.436070443721365, 56.740213789171875 ], [ -2.436064031018493, 56.74022210524857 ], [ -2.436057642760492, 56.740230442578898 ], [ -2.436051271675732, 56.740238797116788 ], [ -2.436044910492563, 56.740247164816196 ], [ -2.436038551939338, 56.740255541631015 ], [ -2.436032188744413, 56.740263923515158 ], [ -2.436025813636129, 56.740272306422554 ], [ -2.436019419342828, 56.740280686307116 ], [ -2.43601299859285, 56.740289059122752 ], [ -2.436006544114528, 56.740297420823389 ], [ -2.436000048636199, 56.740305767362905 ], [ -2.435993504886179, 56.740314094695236 ], [ -2.435986905592805, 56.740322398774282 ], [ -2.43598024348439, 56.740330675553956 ], [ -2.435973511289256, 56.740338920988158 ], [ -2.435966701735711, 56.740347131030781 ], [ -2.435959807552072, 56.740355301635724 ], [ -2.435952821466643, 56.740363428756915 ], [ -2.435945736207735, 56.740371508348218 ], [ -2.435938544503646, 56.740379536363534 ], [ -2.435931239082683, 56.740387508756768 ], [ -2.435923812673139, 56.7403954214818 ], [ -2.435916258003315, 56.740403270492529 ], [ -2.435908567801505, 56.740411051742832 ], [ -2.435900734796003, 56.740418761186589 ], [ -2.435892751715103, 56.740426394777693 ], [ -2.4358846112871, 56.740433948470013 ], [ -2.435876306240282, 56.740441418217451 ], [ -2.435867829302941, 56.740448799973876 ], [ -2.435859173203373, 56.740456089693119 ], [ -2.435850330669867, 56.740463283329099 ], [ -2.435841294430732, 56.740470376835653 ], [ -2.435832070769187, 56.740477371368975 ], [ -2.435822718622167, 56.740484288293402 ], [ -2.435813309709824, 56.740491153879475 ], [ -2.435803915752325, 56.74049799439765 ], [ -2.435794608469869, 56.740504836118504 ], [ -2.43578545958268, 56.740511705312599 ], [ -2.435776540811012, 56.740518628250499 ], [ -2.435767923875145, 56.740525631202836 ], [ -2.435759680495391, 56.74053274044018 ], [ -2.4357518823921, 56.740539982233216 ], [ -2.435744601285663, 56.740547382852576 ], [ -2.435737907273197, 56.740554968000026 ], [ -2.435731820652425, 56.740562745924699 ], [ -2.435726303821501, 56.740570704584407 ], [ -2.435721315923664, 56.740578830796196 ], [ -2.435716816102151, 56.740587111377117 ], [ -2.43571276350018, 56.740595533144216 ], [ -2.435709117260943, 56.740604082914537 ], [ -2.435705836527614, 56.740612747505068 ], [ -2.43570288044334, 56.740621513732847 ], [ -2.435700208151242, 56.740630368414863 ], [ -2.435697778794405, 56.740639298368102 ], [ -2.43569555151589, 56.740648290409609 ], [ -2.435693485458725, 56.74065733135631 ], [ -2.43569153976589, 56.740666408025234 ], [ -2.435689673580345, 56.740675507233313 ], [ -2.435687846045007, 56.740684615797583 ], [ -2.435686016302758, 56.740693720534985 ], [ -2.43568414349644, 56.740702808262498 ], [ -2.435682186768863, 56.740711865797095 ], [ -2.435680105262799, 56.740720879955738 ], [ -2.435677858120987, 56.740729837555392 ], [ -2.435675408063981, 56.740738726653611 ], [ -2.435672746945921, 56.740747545410059 ], [ -2.435669880811491, 56.740756296904891 ], [ -2.435666815800513, 56.740764984251228 ], [ -2.435663558052815, 56.7407736105623 ], [ -2.435660113708229, 56.740782178951207 ], [ -2.435656488906596, 56.740790692531156 ], [ -2.435652689787766, 56.740799154415285 ], [ -2.435648722491591, 56.74080756771675 ], [ -2.435644593157924, 56.740815935548746 ], [ -2.435640307926628, 56.740824261024379 ], [ -2.435635872937576, 56.740832547256844 ], [ -2.435631294330637, 56.740840797359333 ], [ -2.43562657824569, 56.740849014444919 ], [ -2.435621730822618, 56.740857201626859 ], [ -2.435616758201307, 56.740865362018255 ], [ -2.435611666521646, 56.740873498732306 ], [ -2.435606461923532, 56.740881614882142 ], [ -2.43560115054686, 56.740889713580977 ], [ -2.43559573853154, 56.74089779794194 ], [ -2.43559023201747, 56.740905871078212 ], [ -2.435584637144565, 56.740913936102942 ], [ -2.435578960052737, 56.74092199612933 ], [ -2.4355732068819, 56.740930054270514 ], [ -2.435567383771978, 56.740938113639686 ], [ -2.435561496862896, 56.740946177350011 ], [ -2.435555552294574, 56.740954248514662 ], [ -2.43554955620695, 56.74096233024683 ], [ -2.435543514739951, 56.740970425659654 ], [ -2.435537434033515, 56.740978537866333 ], [ -2.435531320227584, 56.740986669980046 ], [ -2.435525179462098, 56.740994825113972 ], [ -2.435519017877004, 56.741003006381291 ], [ -2.435512841612251, 56.74101121689516 ], [ -2.43550665680779, 56.741019459768793 ], [ -2.435500469603578, 56.741027738115378 ], [ -2.435494286139573, 56.741036055048077 ], [ -2.435488112555741, 56.741044413680079 ], [ -2.435481954992041, 56.741052817124583 ], [ -2.435475819588448, 56.741061268494775 ], [ -2.43546971248493, 56.741069770903827 ], [ -2.435463639821469, 56.741078327464955 ], [ -2.435457601155454, 56.741086937588491 ], [ -2.435451560442895, 56.74109558065831 ], [ -2.435445469659044, 56.741104229318786 ], [ -2.435439280770095, 56.741112856209284 ], [ -2.435432945742232, 56.741121433969148 ], [ -2.435426416541602, 56.74112993523768 ], [ -2.435419645134334, 56.741138332654181 ], [ -2.435412583486539, 56.741146598857952 ], [ -2.43540518356431, 56.741154706488281 ], [ -2.435397397333725, 56.741162628184441 ], [ -2.435389179226204, 56.741170337826489 ], [ -2.435380529598091, 56.741177832408475 ], [ -2.435371489437947, 56.741185129374642 ], [ -2.435362101136172, 56.741192246874817 ], [ -2.435352407083194, 56.741199203058763 ], [ -2.435342449669465, 56.741206016076319 ], [ -2.435332271285449, 56.741212704077284 ], [ -2.435321914321629, 56.7412192852115 ], [ -2.435311421168501, 56.741225777628834 ], [ -2.435300834216573, 56.741232199479128 ], [ -2.43529019585636, 56.741238568912259 ], [ -2.435279548478387, 56.741244904078123 ], [ -2.435268934473192, 56.741251223126639 ], [ -2.435258396231313, 56.741257544207706 ], [ -2.435247976143301, 56.74126388547127 ], [ -2.435237716599716, 56.741270265067278 ], [ -2.435227659991126, 56.741276701145694 ], [ -2.435217848708109, 56.741283211856491 ], [ -2.435208325141261, 56.741289815349639 ], [ -2.435199131681188, 56.741296529775177 ], [ -2.435190310718514, 56.741303373283074 ], [ -2.435181904643887, 56.741310364023363 ], [ -2.435173955848127, 56.74131752014528 ], [ -2.435166507309565, 56.741324856653165 ], [ -2.435159603926456, 56.741332378274024 ], [ -2.435153290988668, 56.741340087638712 ], [ -2.435147613786123, 56.741347987378106 ], [ -2.435142617608797, 56.741356080123118 ], [ -2.435138347746725, 56.741364368504605 ], [ -2.435134849489997, 56.74137285515345 ], [ -2.435132168128773, 56.741381542700509 ], [ -2.435130348953269, 56.741390433776665 ], [ -2.435129437253783, 56.741399531012732 ], [ -2.435129462422627, 56.741408832649689 ], [ -2.435130279468638, 56.741418288776785 ], [ -2.435131635657911, 56.74142781973277 ], [ -2.435133276662926, 56.741437345416479 ], [ -2.435134948155897, 56.741446785726673 ], [ -2.435136395808774, 56.741456060562186 ], [ -2.435137365293244, 56.741465089821844 ], [ -2.435137602280762, 56.741473793404445 ], [ -2.43513685244258, 56.741482091208837 ], [ -2.435134861449789, 56.741489903133782 ], [ -2.435131374973367, 56.741497149078008 ], [ -2.435126140619516, 56.741503749577134 ], [ -2.43511904686961, 56.741509671532654 ], [ -2.43511021612783, 56.741514958840668 ], [ -2.435099792853639, 56.741519662662022 ], [ -2.435087921525104, 56.741523834137489 ], [ -2.435074746608872, 56.741527524420427 ], [ -2.435060412571678, 56.741530784664171 ], [ -2.435045063880314, 56.741533666022107 ], [ -2.435028845001607, 56.741536219647656 ], [ -2.435011900402383, 56.741538496694332 ], [ -2.434994374549447, 56.741540548315641 ], [ -2.434976411909566, 56.741542425665209 ], [ -2.434958156949453, 56.741544179896756 ], [ -2.43493975413576, 56.741545862164038 ], [ -2.434921347935069, 56.741547523620902 ], [ -2.434903082492432, 56.741549215342275 ], [ -2.434885066213657, 56.741550979712805 ], [ -2.434867339955763, 56.741552842348725 ], [ -2.434849937009961, 56.741554827043807 ], [ -2.434832890650404, 56.741556957617611 ], [ -2.434816234151211, 56.741559257889627 ], [ -2.434800000786475, 56.741561751679413 ], [ -2.434784223830274, 56.741564462806501 ], [ -2.434768936556671, 56.741567415090479 ], [ -2.434754172239715, 56.7415706323509 ], [ -2.434739964153454, 56.74157413840733 ], [ -2.434726345571932, 56.7415779570794 ], [ -2.434713349769206, 56.74158211218667 ], [ -2.434701010019344, 56.741586627548756 ], [ -2.434689359596435, 56.741591526985268 ], [ -2.434678431774596, 56.741596834315814 ], [ -2.434668247518064, 56.741602565668288 ], [ -2.434658774026433, 56.741608703576361 ], [ -2.434649963824845, 56.741615221404565 ], [ -2.434641769438137, 56.741622092517098 ], [ -2.43463414339117, 56.74162929027819 ], [ -2.434627038208823, 56.74163678805207 ], [ -2.434620406415983, 56.741644559202904 ], [ -2.434614200537534, 56.741652577094868 ], [ -2.434608373098366, 56.741660815092125 ], [ -2.434602876623346, 56.741669246558821 ], [ -2.434597663637332, 56.74167784485909 ], [ -2.43459268666516, 56.741686583357051 ], [ -2.434587898231644, 56.741695435416808 ], [ -2.434583250861569, 56.741704374402488 ], [ -2.434578697079694, 56.741713373678166 ], [ -2.434574189410741, 56.741722406607941 ], [ -2.43456968037941, 56.741731446555917 ], [ -2.434565122510356, 56.741740466886135 ], [ -2.434560468328211, 56.741749440962664 ], [ -2.434555670357571, 56.741758342149588 ], [ -2.434550686935387, 56.741767146996075 ], [ -2.434545515535888, 56.741775853498105 ], [ -2.43454016978418, 56.741784468502246 ], [ -2.434534663356075, 56.741792998882765 ], [ -2.434529009927409, 56.741801451513972 ], [ -2.434523223174026, 56.741809833270189 ], [ -2.434517316771772, 56.741818151025711 ], [ -2.434511304396505, 56.74182641165487 ], [ -2.434505199724098, 56.741834622031959 ], [ -2.434499016430427, 56.741842789031317 ], [ -2.434492768191375, 56.741850919527259 ], [ -2.434486468682832, 56.741859020394109 ], [ -2.434480131580702, 56.741867098506184 ], [ -2.434473770560888, 56.741875160737827 ], [ -2.434467399299304, 56.741883213963369 ], [ -2.434461031471872, 56.741891265057141 ], [ -2.434454680754517, 56.741899320893481 ], [ -2.434448360823177, 56.741907388346711 ], [ -2.434442085353793, 56.741915474291226 ], [ -2.434435868022311, 56.74192358560132 ], [ -2.434429721065928, 56.741931728428042 ], [ -2.434423646593946, 56.741939903830556 ], [ -2.43441764236682, 56.741948110681669 ], [ -2.43441170612827, 56.741956347845772 ], [ -2.434405835622, 56.74196461418726 ], [ -2.434400028591724, 56.741972908570496 ], [ -2.434394282781152, 56.741981229859874 ], [ -2.434388595933991, 56.741989576919771 ], [ -2.434382965793949, 56.741997948614561 ], [ -2.434377390104731, 56.742006343808647 ], [ -2.434371866610046, 56.742014761366391 ], [ -2.434366393053593, 56.74202320015219 ], [ -2.434360967179081, 56.74203165903041 ], [ -2.434355586730206, 56.742040136865448 ], [ -2.434350249450671, 56.742048632521652 ], [ -2.434344953084176, 56.742057144863409 ], [ -2.434339695374417, 56.742065672755125 ], [ -2.434334474065092, 56.742074215061145 ], [ -2.434329286899894, 56.742082770645851 ], [ -2.434324131622521, 56.742091338373626 ], [ -2.434319005976662, 56.742099917108874 ], [ -2.434313907706009, 56.742108505715919 ], [ -2.434308834554254, 56.742117103059165 ], [ -2.434303784265083, 56.74212570800298 ], [ -2.434298754582186, 56.742134319411754 ], [ -2.434293743249245, 56.742142936149833 ], [ -2.434288748009946, 56.742151557081606 ], [ -2.434283766607972, 56.742160181071462 ], [ -2.434278796787004, 56.742168806983742 ], [ -2.434273836290723, 56.742177433682841 ], [ -2.434268882862805, 56.74218606003312 ], [ -2.434263934246928, 56.742194684898969 ], [ -2.43425898818677, 56.742203307144749 ], [ -2.434254042426002, 56.742211925634813 ], [ -2.434249094708297, 56.742220539233557 ], [ -2.434244142777326, 56.742229146805322 ], [ -2.434239184376761, 56.742237747214524 ], [ -2.434234217250269, 56.74224633932549 ], [ -2.434229239141514, 56.742254922002608 ], [ -2.434224247741276, 56.742263494103369 ], [ -2.434219238996462, 56.742272054258741 ], [ -2.43421420675437, 56.74228060082693 ], [ -2.434209144737477, 56.742289132149871 ], [ -2.434204046668257, 56.742297646569618 ], [ -2.434198906269185, 56.74230614242812 ], [ -2.434193717262721, 56.742314618067361 ], [ -2.434188473371327, 56.742323071829325 ], [ -2.43418316831746, 56.742331502055976 ], [ -2.43417779582357, 56.74233990708931 ], [ -2.434172349612106, 56.742348285271319 ], [ -2.434166823405511, 56.742356634943945 ], [ -2.434161210926226, 56.742364954449172 ], [ -2.434155505896683, 56.742373242128998 ], [ -2.434149702039311, 56.742381496325372 ], [ -2.434143793076541, 56.742389715380263 ], [ -2.434137772730796, 56.742397897635655 ], [ -2.434131634724492, 56.742406041433519 ], [ -2.434125372780049, 56.742414145115781 ], [ -2.434118980619876, 56.742422207024468 ], [ -2.434112451966383, 56.742430225501487 ], [ -2.434105780541975, 56.74243819888882 ], [ -2.434098960069055, 56.742446125528438 ], [ -2.434091984270025, 56.742454003762276 ], [ -2.434084846867277, 56.742461831932296 ], [ -2.434077541583207, 56.74246960838046 ], [ -2.43407006214021, 56.742477331448711 ], [ -2.434062402260669, 56.742484999479004 ], [ -2.434054555666975, 56.742492610813272 ], [ -2.43404651608151, 56.742500163793473 ], [ -2.434038279236892, 56.742507657363539 ], [ -2.434029859404458, 56.742515096019105 ], [ -2.434021280861622, 56.742522487252351 ], [ -2.434012567983287, 56.742529838584581 ], [ -2.434003745144365, 56.742537157537143 ], [ -2.433994836719786, 56.742544451631403 ], [ -2.433985867084486, 56.742551728388683 ], [ -2.433976860613417, 56.742558995330384 ], [ -2.433967841681543, 56.742566259977849 ], [ -2.433958834663832, 56.742573529852457 ], [ -2.433949863935279, 56.742580812475602 ], [ -2.433940953870869, 56.742588115368676 ], [ -2.433932128845624, 56.742595446053059 ], [ -2.433928219772214, 56.742598749806177 ], [ -2.43393363280621, 56.742591333435996 ], [ -2.433939669389142, 56.742583052657125 ], [ -2.433945699038513, 56.742574770301964 ], [ -2.433951721191022, 56.742566486154018 ], [ -2.433957735283363, 56.742558199996829 ], [ -2.433963740752234, 56.742549911613906 ], [ -2.433969737034326, 56.742541620788792 ], [ -2.433975723566342, 56.742533327305004 ], [ -2.433981699784977, 56.742525030946069 ], [ -2.43398766512693, 56.742516731495513 ], [ -2.433993619028896, 56.742508428736862 ], [ -2.433999560927576, 56.742500122453656 ], [ -2.434005490259668, 56.742491812429392 ], [ -2.434011406461872, 56.742483498447612 ], [ -2.434017308970885, 56.742475180291855 ], [ -2.434023197223409, 56.742466857745633 ], [ -2.434029070656143, 56.742458530592472 ], [ -2.434034928705789, 56.742450198615906 ], [ -2.434040770809046, 56.742441861599474 ], [ -2.434046596402618, 56.74243351932666 ], [ -2.434052404923205, 56.742425171581033 ], [ -2.43405819580751, 56.742416818146118 ], [ -2.434063968492233, 56.742408458805407 ], [ -2.434069722414079, 56.742400093342468 ], [ -2.43407545700975, 56.742391721540798 ], [ -2.434081171715951, 56.742383343183938 ], [ -2.434086865969384, 56.742374958055436 ], [ -2.434092539206758, 56.742366565938795 ], [ -2.434098190864772, 56.742358166617542 ], [ -2.434103820380135, 56.742349759875218 ], [ -2.434109427189551, 56.74234134549534 ], [ -2.434115010729724, 56.742332923261444 ], [ -2.434120570437364, 56.74232449295706 ], [ -2.434126105749177, 56.742316054365723 ], [ -2.434131616101868, 56.742307607270931 ], [ -2.434137100932145, 56.742299151456244 ], [ -2.434142559676717, 56.742290686705161 ], [ -2.434147991772295, 56.742282212801243 ], [ -2.434153396655583, 56.742273729528009 ], [ -2.434158773763293, 56.742265236668985 ], [ -2.434164122532133, 56.742256734007697 ], [ -2.434169442398814, 56.742248221327664 ], [ -2.434174733210616, 56.742239698554826 ], [ -2.434179996410452, 56.742231166168423 ], [ -2.434185233828832, 56.742222624782123 ], [ -2.434190447296255, 56.742214075009599 ], [ -2.434195638643226, 56.742205517464541 ], [ -2.434200809700243, 56.742196952760587 ], [ -2.434205962297803, 56.742188381511419 ], [ -2.434211098266409, 56.742179804330704 ], [ -2.434216219436554, 56.742171221832123 ], [ -2.434221327638735, 56.742162634629345 ], [ -2.434226424703444, 56.742154043336008 ], [ -2.434231512461175, 56.742145448565815 ], [ -2.434236592742417, 56.742136850932411 ], [ -2.434241667377662, 56.742128251049479 ], [ -2.434246738197398, 56.742119649530679 ], [ -2.434251807032114, 56.742111046989663 ], [ -2.434256875712292, 56.742102444040121 ], [ -2.434261946068418, 56.742093841295699 ], [ -2.434267019930977, 56.742085239370091 ], [ -2.434272099130451, 56.742076638876924 ], [ -2.434277185497318, 56.742068040429885 ], [ -2.434282280862059, 56.742059444642635 ], [ -2.434287387055153, 56.742050852128841 ], [ -2.434292505907073, 56.742042263502171 ], [ -2.434297639248299, 56.742033679376277 ], [ -2.434302788909302, 56.74202510036482 ], [ -2.434307956720555, 56.742016527081482 ], [ -2.434313144512529, 56.742007960139901 ], [ -2.434318354115697, 56.741999400153766 ], [ -2.434323587360523, 56.741990847736716 ], [ -2.434328846077479, 56.741982303502418 ], [ -2.43433413209703, 56.74197376806454 ], [ -2.434339447249641, 56.741965242036741 ], [ -2.434344793365772, 56.741956726032676 ], [ -2.434350172275892, 56.741948220666011 ], [ -2.434355585810458, 56.741939726550399 ], [ -2.434361035799934, 56.741931244299522 ], [ -2.434366524074774, 56.741922774526998 ], [ -2.434372052465435, 56.741914317846529 ], [ -2.434377622802379, 56.741905874871733 ], [ -2.434383236916058, 56.741897446216299 ], [ -2.434388896636926, 56.741889032493887 ], [ -2.434394603795435, 56.741880634318136 ], [ -2.434400360222042, 56.741872252302684 ], [ -2.434406167747191, 56.741863887061228 ], [ -2.434412028201336, 56.741855539207421 ], [ -2.434417943414924, 56.741847209354873 ], [ -2.434423915218402, 56.741838898117294 ], [ -2.434429945442217, 56.741830606108309 ], [ -2.434436035916814, 56.74182233394157 ], [ -2.43444218847264, 56.741814082230754 ], [ -2.434448404940134, 56.741805851589483 ], [ -2.434454687149739, 56.741797642631447 ], [ -2.434461036931901, 56.741789455970277 ], [ -2.434467456117054, 56.741781292219613 ], [ -2.434473946535643, 56.741773151993094 ], [ -2.434480510018105, 56.741765035904436 ], [ -2.434487148394875, 56.741756944567236 ], [ -2.434493863496395, 56.741748878595139 ], [ -2.434500657153096, 56.741740838601842 ], [ -2.43450753119542, 56.741732825200934 ], [ -2.434514487453793, 56.74172483900611 ], [ -2.434521527758656, 56.741716880630996 ], [ -2.434528653940439, 56.74170895068923 ], [ -2.434535867829574, 56.741701049794486 ], [ -2.434543171256496, 56.741693178560375 ], [ -2.434550566051632, 56.741685337600579 ], [ -2.434558054045415, 56.741677527528715 ], [ -2.434565637068274, 56.741669748958444 ], [ -2.43457331695064, 56.741662002503396 ], [ -2.43458109552294, 56.741654288777212 ], [ -2.434588974615605, 56.741646608393559 ], [ -2.434596956059059, 56.741638961966046 ], [ -2.434605041683733, 56.741631350108328 ], [ -2.434613233320054, 56.741623773434029 ], [ -2.434621532798447, 56.741616232556829 ], [ -2.434629941949339, 56.741608728090327 ], [ -2.434638462603155, 56.741601260648167 ], [ -2.434647096590326, 56.741593830843996 ], [ -2.434655848348745, 56.741586440561392 ], [ -2.43466475863158, 56.741579109371088 ], [ -2.43467389482781, 56.741571869816596 ], [ -2.434683324939478, 56.741564754740025 ], [ -2.434693116968623, 56.741557796983464 ], [ -2.434703338917273, 56.741551029388944 ], [ -2.434714058787453, 56.741544484798517 ], [ -2.434725344581196, 56.741538196054194 ], [ -2.434737264300546, 56.741532195997934 ], [ -2.434749885947575, 56.741526517471669 ], [ -2.434763277524391, 56.741521193317325 ], [ -2.434777507025158, 56.741516256373593 ], [ -2.434792581623136, 56.741511715746555 ], [ -2.434808301240545, 56.741507499632526 ], [ -2.434824421692813, 56.74150351900213 ], [ -2.434840698788849, 56.741499684833194 ], [ -2.434856888337528, 56.741495908103616 ], [ -2.434872746147662, 56.741492099791479 ], [ -2.434888028028022, 56.741488170874916 ], [ -2.434902489772611, 56.741484032354428 ], [ -2.434915887166349, 56.741479595244151 ], [ -2.43492797606172, 56.741474770456804 ], [ -2.434938512268534, 56.74146946896942 ], [ -2.434947251596743, 56.741463601759101 ], [ -2.434953963644293, 56.741457084288271 ], [ -2.43495868110139, 56.741449917605792 ], [ -2.43496167283344, 56.741442179590564 ], [ -2.43496321609053, 56.741433950849057 ], [ -2.434963588122654, 56.741425311987598 ], [ -2.434963066179642, 56.741416343612535 ], [ -2.434961927511116, 56.741407126330181 ], [ -2.434960449366448, 56.741397740746827 ], [ -2.43495890899474, 56.74138826746875 ], [ -2.434957583644813, 56.741378787102306 ], [ -2.434956750565185, 56.741369380253779 ], [ -2.434956684347321, 56.741360126837627 ], [ -2.434957530649436, 56.741351073192199 ], [ -2.434959251076899, 56.74134221772573 ], [ -2.434961793114722, 56.74133355516927 ], [ -2.434965104247988, 56.741325080253851 ], [ -2.434969131961852, 56.741316787710502 ], [ -2.43497382374153, 56.741308672270222 ], [ -2.4349791270723, 56.741300728664065 ], [ -2.434984989439501, 56.741292951623024 ], [ -2.434991358328523, 56.741285335878111 ], [ -2.43499818122481, 56.741277876160382 ], [ -2.435005408465781, 56.741270565922747 ], [ -2.435013004006854, 56.741263392515208 ], [ -2.435020935863582, 56.741256341468251 ], [ -2.435029172052231, 56.741249398312014 ], [ -2.435037680589082, 56.741242548576651 ], [ -2.435046429490438, 56.741235777792312 ], [ -2.435055386772608, 56.741229071489208 ], [ -2.435064520451913, 56.741222415197491 ], [ -2.435073798544693, 56.741215794447349 ], [ -2.435083189067284, 56.741209194768999 ], [ -2.435092660036038, 56.741202601692649 ], [ -2.435102179467317, 56.741196000748502 ], [ -2.435111715377486, 56.741189377466789 ], [ -2.435121235782917, 56.741182717377733 ], [ -2.435130708699996, 56.741176006011621 ], [ -2.435140102145111, 56.74116922889867 ], [ -2.435149384134667, 56.74116237156916 ], [ -2.435158522685074, 56.741155419553372 ], [ -2.435167485812749, 56.741148358381594 ], [ -2.435176241534132, 56.74114117358409 ], [ -2.43518475786567, 56.741133850691199 ], [ -2.43519300282383, 56.741126375233215 ], [ -2.435200947175951, 56.741118734125685 ], [ -2.435208599189541, 56.741110933167768 ], [ -2.435215994235075, 56.74110299180667 ], [ -2.435223168285467, 56.741094929792951 ], [ -2.435230157313611, 56.741086766877139 ], [ -2.435236997292405, 56.741078522809772 ], [ -2.435243724194716, 56.741070217341374 ], [ -2.435250373993401, 56.741061870222438 ], [ -2.435256982661303, 56.741053501203488 ], [ -2.435263586171244, 56.741045130035026 ], [ -2.435270220373263, 56.741036776403504 ], [ -2.435276907710966, 56.741028453003921 ], [ -2.435283645335107, 56.741020159340934 ], [ -2.43529042759172, 56.741011893456538 ], [ -2.435297248826842, 56.741003653392774 ], [ -2.435304103386518, 56.740995437191593 ], [ -2.435310985616799, 56.740987242895073 ], [ -2.435317889863725, 56.74097906854518 ], [ -2.435324810473358, 56.740970912183947 ], [ -2.435331741791752, 56.740962771853383 ], [ -2.435338678164969, 56.740954645595494 ], [ -2.435345613939071, 56.740946531452295 ], [ -2.435352543460129, 56.740938427465807 ], [ -2.43535946107421, 56.740930331678051 ], [ -2.435366361127388, 56.740922242131063 ], [ -2.435373237965744, 56.740914156866843 ], [ -2.435380085935357, 56.740906073927412 ], [ -2.435386899382312, 56.7408979913548 ], [ -2.435393672652697, 56.740889907191026 ], [ -2.435400400092603, 56.74088181947814 ], [ -2.435407076048123, 56.740873726258144 ], [ -2.435413694865359, 56.740865625573086 ], [ -2.435420250890408, 56.740857515464967 ], [ -2.43542673846938, 56.740849393975829 ], [ -2.435433151948379, 56.740841259147736 ], [ -2.435439485673525, 56.740833109022681 ], [ -2.435445733990925, 56.740824941642707 ], [ -2.435451891246705, 56.740816755049863 ], [ -2.435457951786989, 56.740808547286186 ], [ -2.435463909957903, 56.740800316393681 ], [ -2.435469760105576, 56.740792060414421 ], [ -2.435475496576152, 56.74078377739044 ], [ -2.435481113715767, 56.740775465363775 ], [ -2.435486605870564, 56.740767122376454 ], [ -2.435491967386692, 56.740758746470519 ], [ -2.43549719261031, 56.740750335688034 ], [ -2.43550227588757, 56.740741888071007 ], [ -2.435507211564639, 56.740733401661501 ], [ -2.435511993987683, 56.740724874501581 ], [ -2.435516617502876, 56.740716304633246 ], [ -2.435521076456396, 56.740707690098581 ], [ -2.435525365268962, 56.740699028965018 ], [ -2.435529487696506, 56.740690322483516 ], [ -2.435533465797999, 56.740681578146756 ], [ -2.435537323759603, 56.740672804172782 ], [ -2.435541085767464, 56.740664008779675 ], [ -2.435544776007703, 56.740655200185486 ], [ -2.435548418666428, 56.740646386608319 ], [ -2.435552037929726, 56.740637576266181 ], [ -2.435555657983664, 56.740628777377168 ], [ -2.435559303014288, 56.74061999815931 ], [ -2.435562997207628, 56.740611246830653 ], [ -2.435566764749693, 56.740602531609277 ], [ -2.435570629826477, 56.74059386071319 ], [ -2.435574616623948, 56.740585242360446 ], [ -2.435578749328064, 56.740576684769096 ], [ -2.435583052124765, 56.740568196157156 ], [ -2.435587549199972, 56.740559784742629 ], [ -2.43559226473959, 56.740551458743596 ], [ -2.435597222929513, 56.740543226378037 ], [ -2.435602447955619, 56.740535095863969 ], [ -2.435607964003776, 56.740527075419415 ], [ -2.435613788645898, 56.740519170691464 ], [ -2.435619898298435, 56.74051137132971 ], [ -2.435626253573413, 56.740503660840382 ], [ -2.435632815050208, 56.740496022717039 ], [ -2.435639543308223, 56.740488440453248 ], [ -2.435646398926885, 56.740480897542582 ], [ -2.43565334248564, 56.740473377478629 ], [ -2.435660334563951, 56.740465863754963 ], [ -2.435667335741303, 56.740458339865185 ], [ -2.435674306597197, 56.740450789302905 ], [ -2.435681207711162, 56.74044319556171 ], [ -2.435688002650575, 56.74043554339103 ], [ -2.435694682783783, 56.740427829224515 ], [ -2.435701254592222, 56.740420055847657 ], [ -2.435707724708132, 56.740412226109406 ], [ -2.435714099763751, 56.740404342858568 ], [ -2.435720386391316, 56.740396408944086 ], [ -2.435726591223058, 56.740388427214803 ], [ -2.435732720891209, 56.740380400519612 ], [ -2.435738782027991, 56.740372331707398 ], [ -2.435744781265632, 56.740364223627004 ], [ -2.435750725236349, 56.740356079127331 ], [ -2.435756620572359, 56.740347901057248 ], [ -2.435762473905872, 56.740339692265636 ], [ -2.435768291869101, 56.740331455601343 ], [ -2.435774081094245, 56.740323193913241 ], [ -2.435779848213508, 56.740314910050223 ], [ -2.435785599859089, 56.740306606861125 ], [ -2.435791342663175, 56.740298287194825 ], [ -2.435797083257959, 56.740289953900174 ], [ -2.435802828275624, 56.740281609826063 ], [ -2.435808584348354, 56.740273257821322 ], [ -2.435814358108318, 56.740264900734829 ], [ -2.435820156187696, 56.740256541415441 ], [ -2.435825985218651, 56.740248182711994 ], [ -2.435831851833348, 56.740239827473374 ], [ -2.43583776266395, 56.740231478548424 ], [ -2.43584372434261, 56.740223138785993 ], [ -2.435849743501477, 56.740214811034932 ], [ -2.435855826772706, 56.740206498144097 ], [ -2.435861980788437, 56.740198202962326 ], [ -2.435868212180809, 56.740189928338495 ], [ -2.435874527581964, 56.740181677121399 ], [ -2.435880933624028, 56.740173452159937 ], [ -2.435887436939136, 56.740165256302923 ], [ -2.435894044159412, 56.740157092399208 ], [ -2.435900761916979, 56.740148963297621 ], [ -2.43590759684396, 56.740140871846997 ], [ -2.435914555572467, 56.7401328208962 ], [ -2.435921644734617, 56.740124813294024 ], [ -2.435928870962522, 56.740116851889326 ], [ -2.435936240884288, 56.740108939529634 ], [ -2.435943756627504, 56.740101077589991 ], [ -2.435951407189002, 56.740093263149454 ], [ -2.435959179183823, 56.740085492507795 ], [ -2.435967059227026, 56.740077761964784 ], [ -2.435975033933669, 56.74007006782022 ], [ -2.43598308991883, 56.740062406373873 ], [ -2.435991213797583, 56.740054773925536 ], [ -2.43599939218502, 56.740047166775007 ], [ -2.436007611696234, 56.740039581222092 ], [ -2.436015858946326, 56.740032013566577 ], [ -2.436024120550411, 56.740024460108273 ], [ -2.436032383123603, 56.740016917146974 ], [ -2.436040633281031, 56.740009380982521 ], [ -2.436048857637825, 56.740001847914691 ], [ -2.43605704280913, 56.739994314243333 ], [ -2.436065175410088, 56.739986776268246 ], [ -2.436073242055858, 56.739979230289279 ], [ -2.436081229361603, 56.739971672606245 ], [ -2.436089123942492, 56.739964099518986 ], [ -2.436096912413702, 56.739956507327328 ], [ -2.436104581390425, 56.739948892331128 ], [ -2.436112117487849, 56.739941250830213 ], [ -2.436119507321179, 56.739933579124433 ], [ -2.43612673750563, 56.739925873513613 ], [ -2.436133794656418, 56.73991813029766 ], [ -2.436140665388774, 56.739910345776359 ], [ -2.436147336317938, 56.739902516249607 ], [ -2.436153794059158, 56.739894638017269 ], [ -2.436160025227692, 56.739886707379171 ], [ -2.436166016438812, 56.73987872063519 ], [ -2.436171754499921, 56.739870674133378 ], [ -2.436177235631005, 56.739862566582367 ], [ -2.436182469540224, 56.739854400073533 ], [ -2.436187466976186, 56.739846176959155 ], [ -2.436192238687496, 56.739837899591556 ], [ -2.436196795422755, 56.739829570323025 ], [ -2.43620114793056, 56.739821191505847 ], [ -2.436205306959494, 56.739812765492317 ], [ -2.436209283258135, 56.739804294634716 ], [ -2.436213087575061, 56.739795781285331 ], [ -2.436216730658833, 56.739787227796441 ], [ -2.436220223258008, 56.739778636520327 ], [ -2.436223576121136, 56.73977000980927 ], [ -2.436226799996756, 56.739761350015556 ], [ -2.436229905633406, 56.739752659491444 ], [ -2.436232903779605, 56.739743940589221 ], [ -2.436235805183872, 56.739735195661147 ], [ -2.436238620594712, 56.73972642705948 ], [ -2.436241360760625, 56.739717637136536 ], [ -2.436244036430097, 56.739708828244538 ], [ -2.436246658351612, 56.739700002735773 ], [ -2.436249237273638, 56.739691162962508 ], [ -2.436251783944637, 56.739682311276994 ], [ -2.436254309113061, 56.739673450031511 ], [ -2.436256823527355, 56.739664581578303 ], [ -2.436259337935951, 56.739655708269645 ], [ -2.436261863087272, 56.739646832457808 ], [ -2.436264409729735, 56.739637956495024 ], [ -2.436266988611744, 56.739629082733586 ], [ -2.436269610481693, 56.739620213525704 ], [ -2.436272286087972, 56.739611351223672 ], [ -2.436275026178956, 56.739602498179742 ], [ -2.436277841503013, 56.739593656746173 ], [ -2.436280742808503, 56.739584829275181 ], [ -2.436283740843773, 56.739576018119074 ], [ -2.436286846357167, 56.739567225630054 ], [ -2.436290070097017, 56.739558454160395 ], [ -2.436293422811639, 56.739549706062341 ], [ -2.436296915249355, 56.73954098368813 ], [ -2.436300558158469, 56.739532289390013 ], [ -2.436304362287278, 56.739523625520228 ], [ -2.436308338314122, 56.739514994416616 ], [ -2.436312490151492, 56.73950639702398 ], [ -2.436316809398177, 56.739497831751834 ], [ -2.436321286347123, 56.739489296740821 ], [ -2.436325911291289, 56.739480790131587 ], [ -2.436330674523638, 56.739472310064784 ], [ -2.436335566337145, 56.73946385468107 ], [ -2.436340577024794, 56.739455422121083 ], [ -2.436345696879574, 56.739447010525467 ], [ -2.436350916194478, 56.739438618034917 ], [ -2.436356225262521, 56.739430242790057 ], [ -2.436361614376711, 56.739421882931552 ], [ -2.436367073830068, 56.739413536600068 ], [ -2.436372593915626, 56.739405201936243 ], [ -2.436378164926419, 56.739396877080765 ], [ -2.43638377715549, 56.739388560174291 ], [ -2.436389420895895, 56.739380249357467 ], [ -2.436395086440685, 56.739371942771008 ], [ -2.436400764082933, 56.739363638555545 ], [ -2.436406444115712, 56.739355334851723 ], [ -2.436412116832103, 56.739347029800314 ], [ -2.436417772525191, 56.739338721541891 ], [ -2.436423401488078, 56.739330408217171 ], [ -2.436428994013863, 56.739322087966833 ], [ -2.436434540395658, 56.739313758931566 ], [ -2.436440030926581, 56.739305419252048 ], [ -2.436445455899759, 56.739297067068954 ], [ -2.436450805608326, 56.739288700522991 ], [ -2.436456070345421, 56.739280317754819 ], [ -2.436461240404193, 56.739271916905146 ], [ -2.436466306077798, 56.739263496114646 ], [ -2.436471257994692, 56.73925505360539 ], [ -2.436476093435966, 56.73924658921365 ], [ -2.436480815795327, 56.739238104258888 ], [ -2.436485428693519, 56.739229600115706 ], [ -2.436489935751283, 56.739221078158643 ], [ -2.436494340589363, 56.739212539762278 ], [ -2.436498646828495, 56.739203986301177 ], [ -2.436502858089419, 56.739195419149908 ], [ -2.436506977992863, 56.739186839683022 ], [ -2.436511010159561, 56.739178249275106 ], [ -2.436514958210242, 56.739169649300692 ], [ -2.436518825765629, 56.739161041134352 ], [ -2.436522616446446, 56.739152426150682 ], [ -2.436526333873417, 56.739143805724204 ], [ -2.436529981667257, 56.739135181229493 ], [ -2.436533563448682, 56.739126554041107 ], [ -2.436537082838402, 56.739117925533598 ], [ -2.436540543457129, 56.739109297081541 ], [ -2.436543948925573, 56.739100670059486 ], [ -2.436547302864432, 56.739092045841993 ], [ -2.436550608894411, 56.739083425803607 ], [ -2.436553870636205, 56.739074811318908 ], [ -2.436557091710513, 56.739066203762434 ], [ -2.436560275738029, 56.739057604508737 ], [ -2.436563426339439, 56.739049014932391 ], [ -2.436566547135433, 56.73904043640794 ], [ -2.43656964174669, 56.739031870309944 ], [ -2.436572713793896, 56.739023318012961 ], [ -2.436575766897731, 56.73901478089153 ], [ -2.436578804678865, 56.73900626032021 ], [ -2.436581830757975, 56.738997757673559 ], [ -2.436584848755729, 56.738989274326137 ], [ -2.436587862292793, 56.738980811652482 ], [ -2.436590874989832, 56.738972371027145 ], [ -2.436593890467509, 56.73896395382468 ], [ -2.436596912346481, 56.738955561419644 ], [ -2.436599944247405, 56.738947195186604 ], [ -2.436602989790929, 56.73893885650007 ], [ -2.436606052597712, 56.738930546734622 ], [ -2.436609136288396, 56.738922267264797 ], [ -2.436612244483625, 56.738914019465163 ], [ -2.436615380804048, 56.738905804710228 ], [ -2.436618548549026, 56.738897624186052 ], [ -2.436621745027126, 56.738889475563063 ], [ -2.436624962243295, 56.738881353399371 ], [ -2.436628192019277, 56.738873252145609 ], [ -2.43663142617683, 56.738865166252403 ], [ -2.436634656537712, 56.738857090170349 ], [ -2.436637874923688, 56.738849018350088 ], [ -2.436641073156532, 56.738840945242238 ], [ -2.436644243058014, 56.738832865297397 ], [ -2.436647376449915, 56.73882477296624 ], [ -2.436650465154024, 56.738816662699342 ], [ -2.436653500992127, 56.738808528947374 ], [ -2.436656475786024, 56.738800366160916 ], [ -2.436659381357514, 56.738792168790617 ], [ -2.436662209528406, 56.738783931287117 ], [ -2.436664952120512, 56.738775648101011 ], [ -2.436667600955653, 56.73876731368297 ], [ -2.436670147855655, 56.738758922483584 ], [ -2.436672584642349, 56.738750468953491 ], [ -2.436674903137574, 56.738741947543346 ], [ -2.436677095163177, 56.738733352703761 ], [ -2.436679152541243, 56.738724678885475 ], [ -2.436681073731803, 56.738715923646517 ], [ -2.436682881209935, 56.738707095786559 ], [ -2.436684602879804, 56.738698206646745 ], [ -2.436686266645562, 56.738689267568134 ], [ -2.436687900411328, 56.73868028989186 ], [ -2.4366895320812, 56.738671284959004 ], [ -2.436691189559253, 56.738662264110687 ], [ -2.436692900749534, 56.738653238688009 ], [ -2.436694693556072, 56.738644220032043 ], [ -2.436696595882863, 56.738635219483896 ], [ -2.436698634661968, 56.738626247618761 ], [ -2.436700829325504, 56.73861730910172 ], [ -2.436703195815987, 56.738608405847977 ], [ -2.436705750056508, 56.738599539757423 ], [ -2.436708507970154, 56.73859071272998 ], [ -2.436711485479993, 56.738581926665539 ], [ -2.436714698509085, 56.738573183463991 ], [ -2.436718162980474, 56.738564485025258 ], [ -2.436721894817193, 56.738555833249194 ], [ -2.436725909942266, 56.738547230035699 ], [ -2.436730224278697, 56.738538677284673 ], [ -2.436734853749489, 56.738530176895985 ], [ -2.436739814277628, 56.738521730769513 ], [ -2.43674512178609, 56.73851334080512 ], [ -2.436750792197846, 56.738505008902678 ], [ -2.43675684143585, 56.738496736962041 ], [ -2.436763285423051, 56.738488526883046 ], [ -2.436770140082392, 56.738480380565555 ], [ -2.4367774213368, 56.738472299909404 ], [ -2.4367851451092, 56.738464286814406 ], [ -2.436793324025073, 56.73845634284686 ], [ -2.436801919195266, 56.738448464362165 ], [ -2.43681085093178, 56.738440643588838 ], [ -2.436820038429008, 56.738432872642349 ], [ -2.4368294008814, 56.738425143638182 ], [ -2.436838857483465, 56.738417448691877 ], [ -2.436848327429768, 56.738409779918968 ], [ -2.436857729914939, 56.738402129435016 ], [ -2.436866984133656, 56.738394489355642 ], [ -2.436876009280662, 56.738386851796442 ], [ -2.436884724550753, 56.738379208873063 ], [ -2.436893049138783, 56.738371552701182 ], [ -2.436900902239668, 56.738363875396459 ], [ -2.436908203048381, 56.738356169074621 ], [ -2.436914870759958, 56.738348425851363 ], [ -2.436920824569497, 56.73834063784242 ], [ -2.436925983672166, 56.738332797163501 ], [ -2.436930267263198, 56.73832489593034 ], [ -2.436933594537895, 56.738316926258676 ], [ -2.43693588469164, 56.738308880264199 ], [ -2.436937056919889, 56.738300750062628 ], [ -2.436937060200384, 56.738292530249964 ], [ -2.436935969372333, 56.738284225904501 ], [ -2.436933892517448, 56.738275844873009 ], [ -2.436930937717547, 56.738267395002261 ], [ -2.436927213054365, 56.73825888413905 ], [ -2.436922826609544, 56.73825032013012 ], [ -2.436917886464623, 56.738241710822265 ], [ -2.436912500701054, 56.738233064062264 ], [ -2.43690677740019, 56.738224387696903 ], [ -2.436900824643273, 56.738215689572968 ], [ -2.436894750511449, 56.73820697753731 ], [ -2.436888663085759, 56.73819825943675 ], [ -2.436882670447142, 56.738189543118182 ], [ -2.436876880676427, 56.738180836428413 ], [ -2.436871401854353, 56.738172147214428 ], [ -2.436866342061539, 56.738163483323092 ], [ -2.436861809378514, 56.738154852601333 ], [ -2.436857911885709, 56.738146262896102 ], [ -2.436854757663447, 56.738137722054304 ], [ -2.436852454791968, 56.738129237922905 ], [ -2.436851111351416, 56.738120818348833 ], [ -2.436850835421849, 56.738112471178979 ], [ -2.436851735083233, 56.738104204260218 ], [ -2.436853918179266, 56.738096025412169 ], [ -2.436857414885981, 56.738087933490412 ], [ -2.436862066051803, 56.73807990549949 ], [ -2.436867684222035, 56.738071915177287 ], [ -2.436874081942135, 56.738063936261781 ], [ -2.436881071757701, 56.738055942490917 ], [ -2.436888466214471, 56.738047907602642 ], [ -2.436896077858318, 56.738039805335035 ], [ -2.43690371923525, 56.738031609426116 ], [ -2.436911202891418, 56.738023293614063 ], [ -2.436918341373114, 56.738014831636995 ], [ -2.436924987761493, 56.738006206519906 ], [ -2.436931172620269, 56.737997441950149 ], [ -2.436936975075861, 56.737988572741081 ], [ -2.43694247425585, 56.737979633706317 ], [ -2.436947749287773, 56.737970659659467 ], [ -2.436952879299112, 56.73796168541412 ], [ -2.43695794341729, 56.737952745783844 ], [ -2.436963020769676, 56.737943875582197 ], [ -2.436968190483583, 56.737935109622754 ], [ -2.436973531686274, 56.737926482718997 ], [ -2.436979123504954, 56.737918029684501 ], [ -2.436985045066795, 56.737909785332732 ], [ -2.436991375498923, 56.737901784477188 ], [ -2.436998193928443, 56.737894061931321 ], [ -2.437005579482426, 56.737886652508585 ], [ -2.437013611287948, 56.737879591022384 ], [ -2.43702236847208, 56.737872912286129 ], [ -2.437031930161917, 56.737866651113151 ], [ -2.437042375484578, 56.737860842316763 ], [ -2.437053783567241, 56.737855520710248 ], [ -2.437066221935425, 56.737850715528978 ], [ -2.437079627529207, 56.737846393225709 ], [ -2.437093855030757, 56.737842480705467 ], [ -2.437108757838016, 56.737838904255824 ], [ -2.437124189348914, 56.737835590164515 ], [ -2.437140002961328, 56.737832464719233 ], [ -2.437156052073084, 56.737829454207834 ], [ -2.437172190081937, 56.737826484918159 ], [ -2.437188270385561, 56.737823483138193 ], [ -2.437204146381556, 56.737820375155955 ], [ -2.43721967146745, 56.73781708725955 ], [ -2.437234699040707, 56.737813545737147 ], [ -2.437249082498745, 56.737809676876999 ], [ -2.437262675238965, 56.737805406967382 ], [ -2.437275330658771, 56.737800662296642 ], [ -2.437286902158825, 56.737795369154846 ], [ -2.437297291718375, 56.737789478624123 ], [ -2.437306572572334, 56.737783029187064 ], [ -2.437314855674876, 56.737776078576253 ], [ -2.437322251980213, 56.737768684524184 ], [ -2.4373288724426, 56.737760904763348 ], [ -2.43733482801628, 56.737752797026161 ], [ -2.437340229655485, 56.737744419045001 ], [ -2.437345188314402, 56.737735828552232 ], [ -2.43734981494717, 56.73772708328022 ], [ -2.437354220448237, 56.737718240926718 ], [ -2.437358495878771, 56.737709347706627 ], [ -2.437362683850924, 56.737700421783998 ], [ -2.437366819717028, 56.737691477119689 ], [ -2.437370938829392, 56.737682527674508 ], [ -2.437375076540301, 56.737673587409326 ], [ -2.437379268202007, 56.737664670284957 ], [ -2.437383549166739, 56.737655790262238 ], [ -2.437387954786701, 56.737646961301969 ], [ -2.437392520414067, 56.73763819736498 ], [ -2.437397281400989, 56.737629512412056 ], [ -2.437402273099595, 56.737620920404019 ], [ -2.437407530861992, 56.737612435301664 ], [ -2.437413090040266, 56.737604071065761 ], [ -2.437418985986485, 56.737595841657104 ], [ -2.437425254052708, 56.737587761036444 ], [ -2.437431929590971, 56.737579843164568 ], [ -2.437439047953308, 56.737572102002176 ], [ -2.437446644491745, 56.737564551510033 ], [ -2.4374547545583, 56.737557205648862 ], [ -2.437463413329538, 56.737550078316069 ], [ -2.437472606271235, 56.737543165478399 ], [ -2.437482201052326, 56.737536420613282 ], [ -2.437492048278308, 56.737529791043443 ], [ -2.437501998554739, 56.737523224091603 ], [ -2.437511902487211, 56.737516667080534 ], [ -2.437521610681382, 56.737510067333112 ], [ -2.437530973742955, 56.737503372172171 ], [ -2.437539842277688, 56.737496528920659 ], [ -2.437548066891409, 56.737489484901531 ], [ -2.437555498190035, 56.73748218743777 ], [ -2.437561986900529, 56.737474583894375 ], [ -2.437567449262841, 56.73746664436139 ], [ -2.437571975120289, 56.737458399148316 ], [ -2.437575682746634, 56.737449888426561 ], [ -2.43757869041557, 56.737441152367509 ], [ -2.437581116400731, 56.737432231142463 ], [ -2.437583078975669, 56.737423164922788 ], [ -2.437584696413839, 56.737413993879791 ], [ -2.437586086988601, 56.737404758184766 ], [ -2.437587368973207, 56.737395498009008 ], [ -2.437588660640802, 56.737386253523788 ], [ -2.437590080264416, 56.737377064900414 ], [ -2.437591746116983, 56.737367972310125 ], [ -2.437593776471318, 56.737359015924206 ], [ -2.437596289600151, 56.737350235913901 ], [ -2.437599403776123, 56.737341672450476 ], [ -2.437603237271796, 56.737333365705091 ], [ -2.437607908359674, 56.737325355848967 ], [ -2.437613535312213, 56.737317683053263 ], [ -2.43762023640185, 56.737310387489075 ], [ -2.437628129901013, 56.737303509327489 ], [ -2.437637296141693, 56.737297076068955 ], [ -2.43764759538773, 56.737291041720368 ], [ -2.437658808752246, 56.737285333855546 ], [ -2.437670717244362, 56.737279880013624 ], [ -2.437683101873262, 56.737274607733752 ], [ -2.43769574364818, 56.737269444555224 ], [ -2.43770842357838, 56.737264318017431 ], [ -2.437720922673146, 56.73725915565975 ], [ -2.437733021941795, 56.737253885021772 ], [ -2.437744502393669, 56.737248433643089 ], [ -2.437755145038171, 56.737242729063389 ], [ -2.437764730884779, 56.737236698822421 ], [ -2.437773041099673, 56.737230270508753 ], [ -2.437779969190013, 56.73722340669908 ], [ -2.437785718592487, 56.737216166496438 ], [ -2.437790545736771, 56.737208625508181 ], [ -2.437794707052421, 56.737200859341698 ], [ -2.437798458968857, 56.737192943604242 ], [ -2.437802057915317, 56.737184953903089 ], [ -2.437805760320861, 56.737176965845428 ], [ -2.43780982261437, 56.73716905503845 ], [ -2.43781450122453, 56.737161297089315 ], [ -2.437820052579885, 56.737153767605093 ], [ -2.437826718237716, 56.73714653802746 ], [ -2.437834492979068, 56.737139610676316 ], [ -2.437843168389789, 56.737132930956911 ], [ -2.437852530004221, 56.737126442579388 ], [ -2.437862363356817, 56.73712008925402 ], [ -2.437872453982131, 56.737113814691092 ], [ -2.437882587414808, 56.737107562600961 ], [ -2.437892549189569, 56.737101276694098 ], [ -2.43790212484123, 56.737094900680987 ], [ -2.437911099904683, 56.73708837827219 ], [ -2.437919259914939, 56.737081653178372 ], [ -2.43792639040713, 56.737074669110179 ], [ -2.437932305880176, 56.737067376818629 ], [ -2.437937044803759, 56.737059781496136 ], [ -2.437940750045702, 56.737051913711547 ], [ -2.437943565058618, 56.737043804175848 ], [ -2.437945633295044, 56.737035483599946 ], [ -2.437947098207425, 56.737026982694751 ], [ -2.437948103248108, 56.737018332171139 ], [ -2.437948791869315, 56.737009562739978 ], [ -2.437949307523153, 56.737000705112166 ], [ -2.437949793661598, 56.736991789998513 ], [ -2.437950393736498, 56.736982848109889 ], [ -2.437951232867206, 56.736973906689592 ], [ -2.437952332285429, 56.736964973330579 ], [ -2.437953676670908, 56.736956048712052 ], [ -2.437955250662902, 56.736947133505502 ], [ -2.437957038900686, 56.736938228382471 ], [ -2.437959026023547, 56.736929334014441 ], [ -2.437961196670787, 56.736920451072983 ], [ -2.437963535481725, 56.736911580229567 ], [ -2.437966027095693, 56.736902722155712 ], [ -2.437968656152039, 56.736893877522959 ], [ -2.437971407290123, 56.736885047002851 ], [ -2.437974265149324, 56.736876231266862 ], [ -2.43797721436903, 56.736867430986521 ], [ -2.437980239588652, 56.736858646833383 ], [ -2.437983325447605, 56.736849879478953 ], [ -2.437986456585332, 56.736841129594744 ], [ -2.437989617641273, 56.736832397852311 ], [ -2.4379927932549, 56.736823684923188 ], [ -2.43799596806569, 56.73681499147888 ], [ -2.437999126713135, 56.736806318190936 ], [ -2.438002254604132, 56.736797665713468 ], [ -2.438005350817859, 56.73678903439032 ], [ -2.438008426204456, 56.736780424298182 ], [ -2.438011491998509, 56.736771835504939 ], [ -2.438014559434597, 56.736763268078619 ], [ -2.438017639747288, 56.73675472208712 ], [ -2.438020744171142, 56.736746197598421 ], [ -2.438023883940706, 56.736737694680436 ], [ -2.438027070290519, 56.736729213401141 ], [ -2.438030314455113, 56.73672075382845 ], [ -2.438033627668999, 56.736712316030321 ], [ -2.438037021166692, 56.736703900074716 ], [ -2.438040506182694, 56.736695506029541 ], [ -2.438044093951487, 56.736687133962747 ], [ -2.438047795707556, 56.736678783942267 ], [ -2.438051622685371, 56.736670456036045 ], [ -2.438055586119396, 56.736662150311986 ], [ -2.438059697244078, 56.736653866838068 ], [ -2.438063967293864, 56.736645605682178 ], [ -2.438068407503189, 56.736637366912248 ], [ -2.438073029106474, 56.736629150596229 ], [ -2.438077843255438, 56.736620956790631 ], [ -2.438082851586194, 56.736612784243583 ], [ -2.438088037512511, 56.736604629197529 ], [ -2.438093382390151, 56.736596487611905 ], [ -2.438098867574889, 56.736588355446202 ], [ -2.438104474422514, 56.736580228659861 ], [ -2.438110184288829, 56.736572103212346 ], [ -2.438115978529649, 56.736563975063127 ], [ -2.438121838500805, 56.736555840171683 ], [ -2.438127745558141, 56.736547694497489 ], [ -2.438133681057509, 56.736539534000016 ], [ -2.438139626354786, 56.73653135463875 ], [ -2.438145562805853, 56.736523152373188 ], [ -2.438151471766606, 56.736514923162794 ], [ -2.438157334592959, 56.736506662967088 ], [ -2.438163132640834, 56.736498367745547 ], [ -2.438168847266172, 56.736490033457692 ], [ -2.438174459824923, 56.736481656063027 ], [ -2.43817995167306, 56.736473231521032 ], [ -2.438185304166561, 56.736464755791253 ], [ -2.43819049866143, 56.736456224833184 ], [ -2.438195517885485, 56.736447635002953 ], [ -2.438200362550046, 56.736438987856211 ], [ -2.438205046015005, 56.73643028860559 ], [ -2.438209581903465, 56.736421542539787 ], [ -2.438213983838532, 56.736412754947551 ], [ -2.438218265443292, 56.736403931117607 ], [ -2.438222440340823, 56.736395076338688 ], [ -2.438226522154198, 56.736386195899534 ], [ -2.438230524506475, 56.736377295088822 ], [ -2.438234461020706, 56.736368379195341 ], [ -2.438238345319931, 56.736359453507738 ], [ -2.438242191027176, 56.736350523314776 ], [ -2.438246011765461, 56.736341593905131 ], [ -2.438249821157793, 56.736332670567563 ], [ -2.438253632827172, 56.736323758590743 ], [ -2.438257460396579, 56.736314863263402 ], [ -2.438261317488991, 56.736305989874225 ], [ -2.438265217727377, 56.736297143711944 ], [ -2.438269174734689, 56.736288330065264 ], [ -2.43827320213387, 56.736279554222861 ], [ -2.438277313547858, 56.736270821473454 ], [ -2.438281522599574, 56.736262137105705 ], [ -2.438285842911935, 56.73625350640836 ], [ -2.438290288107849, 56.73624493467009 ], [ -2.438294871810213, 56.736236427179577 ], [ -2.438299607641915, 56.736227989225519 ], [ -2.438304509225836, 56.736219626096613 ], [ -2.43830959018485, 56.736211343081521 ], [ -2.438314864141826, 56.736203145468906 ], [ -2.438320344719622, 56.736195038547507 ], [ -2.438326045287761, 56.736187027467643 ], [ -2.438331970218785, 56.736179112468477 ], [ -2.438338112667725, 56.736171287665741 ], [ -2.438344465085395, 56.736163546790728 ], [ -2.438351019922619, 56.73615588357476 ], [ -2.438357769630222, 56.736148291749153 ], [ -2.438364706659039, 56.736140765045228 ], [ -2.438371823459901, 56.736133297194293 ], [ -2.438379112483645, 56.736125881927677 ], [ -2.438386566181112, 56.736118512976681 ], [ -2.438394177003146, 56.736111184072648 ], [ -2.438401937400586, 56.736103888946886 ], [ -2.438409839824283, 56.736096621330717 ], [ -2.438417876725079, 56.736089374955462 ], [ -2.438426040553825, 56.736082143552458 ], [ -2.438434323761368, 56.736074920853 ], [ -2.438442718798559, 56.736067700588471 ], [ -2.438451218116244, 56.736060476490145 ], [ -2.438459814165277, 56.736053242289394 ], [ -2.438468499396504, 56.736045991717525 ], [ -2.438477266260774, 56.736038718505895 ], [ -2.438486107208937, 56.736031416385813 ], [ -2.438495013917957, 56.736024079315854 ], [ -2.438503968049, 56.73601670419513 ], [ -2.438512944281968, 56.736009289972415 ], [ -2.438521917154693, 56.736001835638206 ], [ -2.438530861205024, 56.735994340183041 ], [ -2.438539750970834, 56.735986802597409 ], [ -2.438548560990013, 56.735979221871823 ], [ -2.438557265800469, 56.735971596996883 ], [ -2.438565839940133, 56.735963926963052 ], [ -2.438574257946956, 56.735956210760925 ], [ -2.438582494358909, 56.735948447381041 ], [ -2.438590523713984, 56.735940635813954 ], [ -2.438598320550199, 56.735932775050244 ], [ -2.438605859405584, 56.735924864080488 ], [ -2.438613114818202, 56.735916901895237 ], [ -2.438620061326133, 56.735908887485095 ], [ -2.438626673467482, 56.735900819840637 ], [ -2.438632925780375, 56.735892697952458 ], [ -2.438638792802966, 56.735884520811148 ], [ -2.438644249073433, 56.735876287407294 ], [ -2.438649271291491, 56.735867996965155 ], [ -2.438653872940309, 56.735859652685569 ], [ -2.438658098277326, 56.735851261096307 ], [ -2.438661992507622, 56.735842828827536 ], [ -2.438665600836248, 56.735834362509422 ], [ -2.438668968468217, 56.735825868772146 ], [ -2.438672140608505, 56.735817354245867 ], [ -2.438675162462048, 56.73580882556076 ], [ -2.438678079233751, 56.735800289346955 ], [ -2.438680936128473, 56.735791752234611 ], [ -2.438683778351037, 56.735783220853889 ], [ -2.438686651106234, 56.735774701834877 ], [ -2.438689599598802, 56.735766201807742 ], [ -2.438692669033454, 56.7357577274026 ], [ -2.43869590461486, 56.735749285249582 ], [ -2.438699351547652, 56.735740881978799 ], [ -2.438703055036429, 56.735732524220374 ], [ -2.438707060285753, 56.735724218604375 ], [ -2.438711412500147, 56.735715971760932 ], [ -2.438716156884107, 56.735707790320106 ], [ -2.438721338642097, 56.735699680911992 ], [ -2.438726998716595, 56.735691649567151 ], [ -2.438733118062568, 56.73568369387835 ], [ -2.438739633318363, 56.735675805204792 ], [ -2.438746480084934, 56.735667974759743 ], [ -2.438753593963298, 56.735660193756516 ], [ -2.438760910554513, 56.735652453408427 ], [ -2.438768365459683, 56.735644744928805 ], [ -2.438775894279964, 56.735637059530966 ], [ -2.43878343261655, 56.735629388428301 ], [ -2.43879091607069, 56.735621722834161 ], [ -2.43879828318908, 56.73561405423979 ], [ -2.438805508442995, 56.735606377525109 ], [ -2.438812590306437, 56.735598689834269 ], [ -2.438819527692236, 56.735590988352754 ], [ -2.438826319513224, 56.73558327026609 ], [ -2.438832964682228, 56.735575532759754 ], [ -2.438839462112079, 56.735567773019262 ], [ -2.438845810715603, 56.735559988230122 ], [ -2.43885200940563, 56.735552175577844 ], [ -2.438858057094987, 56.735544332247898 ], [ -2.4388639526965, 56.735536455425795 ], [ -2.438869695122996, 56.735528542297068 ], [ -2.438875283287305, 56.735520590047187 ], [ -2.438880716102251, 56.735512595861678 ], [ -2.438885992480663, 56.735504556926017 ], [ -2.43889111133537, 56.735496470425709 ], [ -2.438896071579201, 56.735488333546272 ], [ -2.438900872124983, 56.73548014347319 ], [ -2.438905511885551, 56.735471897391953 ], [ -2.438909989773731, 56.735463592488081 ], [ -2.43891430470236, 56.735455225947064 ], [ -2.438918457101586, 56.735446795481124 ], [ -2.438922463686604, 56.735438304455748 ], [ -2.438926351070037, 56.735429759672222 ], [ -2.438930146004121, 56.735421167980348 ], [ -2.438933875241074, 56.735412536229902 ], [ -2.438937565533091, 56.735403871270655 ], [ -2.438941243632344, 56.735395179952363 ], [ -2.438944936290986, 56.735386469124805 ], [ -2.43894867026115, 56.735377745637734 ], [ -2.438952472294943, 56.735369016340911 ], [ -2.438956369144449, 56.735360288084095 ], [ -2.438960387561736, 56.735351567717046 ], [ -2.438964554298844, 56.735342862089496 ], [ -2.438968896107797, 56.735334178051183 ], [ -2.438973439740595, 56.735325522451859 ], [ -2.438978211949219, 56.735316902141257 ], [ -2.43898323948563, 56.7353083239691 ], [ -2.438988549101769, 56.735299794785099 ], [ -2.438994167549561, 56.735291321438993 ], [ -2.439000121580912, 56.735282910780477 ], [ -2.439006433621449, 56.735274568750476 ], [ -2.439013089859416, 56.735266293677967 ], [ -2.439020058408781, 56.735258080095257 ], [ -2.439027307250756, 56.735249922506796 ], [ -2.439034804366567, 56.735241815416998 ], [ -2.439042517737472, 56.735233753330299 ], [ -2.439050415344755, 56.735225730751175 ], [ -2.439058465169719, 56.735217742184048 ], [ -2.43906663519369, 56.73520978213341 ], [ -2.439074893398023, 56.73520184510371 ], [ -2.43908320776409, 56.735193925599447 ], [ -2.439091546273289, 56.73518601812507 ], [ -2.43909987690703, 56.735178117185129 ], [ -2.439108167646759, 56.7351702172841 ], [ -2.439116386473937, 56.735162312926512 ], [ -2.439124501370044, 56.735154398616871 ], [ -2.439132480316589, 56.735146468859718 ], [ -2.439140291295095, 56.735138518159609 ], [ -2.439147902287115, 56.735130541021057 ], [ -2.439155281274223, 56.735122531948655 ], [ -2.439162396238016, 56.735114485446935 ], [ -2.439169215160116, 56.735106396020484 ], [ -2.43917570602217, 56.735098258173856 ], [ -2.439181836805852, 56.735090066411651 ], [ -2.43918757549286, 56.735081815238452 ], [ -2.439192890064926, 56.735073499158815 ], [ -2.439197748503803, 56.735065112677347 ], [ -2.439202118791279, 56.735056650298631 ], [ -2.439205968909175, 56.735048106527259 ], [ -2.43920926683934, 56.735039475867815 ], [ -2.439211985704319, 56.735030753698609 ], [ -2.439214149403448, 56.735021944028297 ], [ -2.439215810779614, 56.735013055784918 ], [ -2.439217023012347, 56.735004097953777 ], [ -2.439217839281135, 56.734995079520125 ], [ -2.439218312765421, 56.734986009469218 ], [ -2.4392184966446, 56.734976896786335 ], [ -2.43921844409802, 56.734967750456718 ], [ -2.439218208304977, 56.734958579465605 ], [ -2.43921784244472, 56.734949392798249 ], [ -2.43921739969644, 56.73494019943994 ], [ -2.439216933239281, 56.734931008375881 ], [ -2.439216496252337, 56.734921828591332 ], [ -2.439216141914649, 56.734912669071569 ], [ -2.439215923405202, 56.734903538801809 ], [ -2.439215893902936, 56.734894446767306 ], [ -2.43921610658674, 56.734885401953335 ], [ -2.439216614635449, 56.734876413345113 ], [ -2.439217471227858, 56.734867489927879 ], [ -2.439218729542712, 56.734858640686888 ], [ -2.439220442758714, 56.734849874607363 ], [ -2.439222663526974, 56.73484120058113 ], [ -2.439225412851711, 56.734832621897233 ], [ -2.439228662687908, 56.734824133161041 ], [ -2.43923238077168, 56.734815728230984 ], [ -2.439236534839185, 56.734807400965501 ], [ -2.439241092626607, 56.734799145223036 ], [ -2.439246021870156, 56.734790954862028 ], [ -2.439251290306084, 56.7347828237409 ], [ -2.439256865670655, 56.734774745718134 ], [ -2.439262715700168, 56.734766714652153 ], [ -2.439268808130951, 56.734758724401416 ], [ -2.439275110699344, 56.734750768824377 ], [ -2.439281591141726, 56.7347428417795 ], [ -2.439288217194489, 56.734734937125275 ], [ -2.439294956594054, 56.734727048720138 ], [ -2.439301777076861, 56.734719170422615 ], [ -2.439308646379378, 56.734711296091156 ], [ -2.439315532238091, 56.734703419584314 ], [ -2.439322402389508, 56.734695534760533 ], [ -2.439329224570161, 56.734687635478345 ], [ -2.439335966516603, 56.734679715596293 ], [ -2.43934259728465, 56.734671769235163 ], [ -2.439349108006245, 56.734663794904428 ], [ -2.439355508087904, 56.734655794746637 ], [ -2.439361807486543, 56.734647771013663 ], [ -2.439368016159071, 56.7346397259574 ], [ -2.439374144062388, 56.734631661829752 ], [ -2.439380201153385, 56.734623580882641 ], [ -2.439386197388954, 56.734615485367947 ], [ -2.439392142725974, 56.73460737753755 ], [ -2.439398047121317, 56.734599259643367 ], [ -2.43940392053185, 56.734591133937293 ], [ -2.439409772914433, 56.734583002671179 ], [ -2.439415614225918, 56.734574868096949 ], [ -2.439421454423151, 56.734566732466469 ], [ -2.439427303462968, 56.734558598031605 ], [ -2.4394331713022, 56.734550467044265 ], [ -2.439439067897674, 56.734542341756331 ], [ -2.439445003206202, 56.73453422441964 ], [ -2.439450987184596, 56.734526117286116 ], [ -2.439457029789655, 56.734518022607602 ], [ -2.43946314097818, 56.734509942635974 ], [ -2.439469330706956, 56.734501879623089 ], [ -2.439475608932767, 56.734493835820842 ], [ -2.439481985612387, 56.734485813481058 ], [ -2.439488470702584, 56.73447781485563 ], [ -2.43949507416012, 56.734469842196397 ], [ -2.439501805941751, 56.734461897755232 ], [ -2.439508676004227, 56.734453983783958 ], [ -2.439515694304292, 56.73444610253447 ], [ -2.439522870798683, 56.734438256258578 ], [ -2.439530215444131, 56.734430447208148 ], [ -2.439537738195715, 56.734422677634534 ], [ -2.439545442086577, 56.734414947793269 ], [ -2.439553307417722, 56.734407251385335 ], [ -2.439561309830691, 56.734399580768248 ], [ -2.439569424967039, 56.734391928299502 ], [ -2.43957762846833, 56.734384286336663 ], [ -2.439585895976148, 56.734376647237198 ], [ -2.439594203132089, 56.734369003358673 ], [ -2.439602525577756, 56.734361347058588 ], [ -2.439610838954771, 56.734353670694546 ], [ -2.439619118904768, 56.734345966624055 ], [ -2.439627341069392, 56.734338227204681 ], [ -2.4396354810903, 56.734330444793997 ], [ -2.439643514609174, 56.734322611749569 ], [ -2.439651417267693, 56.734314720428948 ], [ -2.439659164707565, 56.734306763189771 ], [ -2.439666732570508, 56.734298732389576 ], [ -2.439674096498257, 56.734290620385984 ], [ -2.439681232132565, 56.734282419536576 ], [ -2.439688115115205, 56.734274122198968 ], [ -2.439694721087962, 56.734265720730768 ], [ -2.439701026096118, 56.734257207645129 ], [ -2.439707037455082, 56.73424858751109 ], [ -2.439712815515837, 56.734239885344927 ], [ -2.439718425770465, 56.734231128145005 ], [ -2.439723933711005, 56.734222342909767 ], [ -2.439729404829458, 56.734213556637513 ], [ -2.43973490461777, 56.734204796326644 ], [ -2.439740498567853, 56.73419608897548 ], [ -2.439746252171566, 56.734187461582344 ], [ -2.439752230920733, 56.734178941145565 ], [ -2.439758500307135, 56.73417055466345 ], [ -2.439765125822521, 56.734162329134264 ], [ -2.439772172958608, 56.734154291556294 ], [ -2.439779707207091, 56.734146468927783 ], [ -2.439787794059649, 56.734138888246974 ], [ -2.439796499007942, 56.734131576512056 ], [ -2.439805887543642, 56.734124560721206 ], [ -2.439816025158418, 56.734117867872591 ], [ -2.439826977343963, 56.734111524964298 ], [ -2.439838809591999, 56.734105558994436 ], [ -2.43985158739429, 56.734099996961028 ], [ -2.439865333442465, 56.734094852507951 ], [ -2.439879880832891, 56.734090080123309 ], [ -2.439895010180919, 56.734085617920641 ], [ -2.43991050210008, 56.734081404012976 ], [ -2.439926137203922, 56.734077376513497 ], [ -2.439941696105989, 56.734073473535432 ], [ -2.43995695941982, 56.734069633192178 ], [ -2.439971707758934, 56.734065793597168 ], [ -2.439985721736847, 56.734061892864013 ], [ -2.439998781967078, 56.734057869106366 ], [ -2.440010669063173, 56.73405366043793 ], [ -2.440021163638716, 56.734049204972528 ], [ -2.440030046307387, 56.734044440823972 ], [ -2.440037097682982, 56.734039306106077 ], [ -2.440042098379467, 56.734033738932659 ], [ -2.440044909812523, 56.734027693927068 ], [ -2.440045719952515, 56.734021192435158 ], [ -2.440044799254202, 56.734014272656118 ], [ -2.440042418172268, 56.734006972789082 ], [ -2.44003884716128, 56.733999331033139 ], [ -2.44003435667564, 56.733991385587366 ], [ -2.440029217169563, 56.733983174650845 ], [ -2.440023699097038, 56.733974736422695 ], [ -2.440018072911813, 56.733966109102091 ], [ -2.440012609067375, 56.733957330888209 ], [ -2.440007578016933, 56.73394843998031 ], [ -2.440003250213427, 56.733939474577653 ], [ -2.439999895283567, 56.733930472801703 ], [ -2.439997663987668, 56.733921461570226 ], [ -2.439996465277142, 56.733912445009423 ], [ -2.439996178728948, 56.733903424476729 ], [ -2.439996683920156, 56.733894401329579 ], [ -2.439997860427949, 56.733885376925414 ], [ -2.439999587829632, 56.733876352621621 ], [ -2.440001745702613, 56.733867329775642 ], [ -2.440004213624423, 56.733858309744875 ], [ -2.440006871172704, 56.73384929388677 ], [ -2.440009598182138, 56.733840283557264 ], [ -2.440012312374629, 56.733831279892826 ], [ -2.440015009028772, 56.733822283580551 ], [ -2.440017692914822, 56.733813295252595 ], [ -2.440020368803037, 56.733804315541093 ], [ -2.44002304146367, 56.733795345078121 ], [ -2.440025715666969, 56.733786384495851 ], [ -2.440028396183176, 56.733777434426408 ], [ -2.44003108778253, 56.733768495501913 ], [ -2.440033795235266, 56.733759568354479 ], [ -2.440036523311618, 56.733750653616262 ], [ -2.440039276781805, 56.733741751919339 ], [ -2.440042060416055, 56.733732863895881 ], [ -2.440044878984583, 56.733723990177985 ], [ -2.440047737257604, 56.73371513139778 ], [ -2.440050640005326, 56.733706288187392 ], [ -2.440053591997954, 56.733697461178949 ], [ -2.440056598005695, 56.733688651004563 ], [ -2.440059662798739, 56.733679858296348 ], [ -2.44006279114728, 56.73367108368646 ], [ -2.440065987821511, 56.733662327806975 ], [ -2.440069257591612, 56.733653591290029 ], [ -2.440072605227769, 56.733644874767755 ], [ -2.440076035500154, 56.733636178872246 ], [ -2.440079553178945, 56.733627504235642 ], [ -2.44008316303431, 56.733618851490057 ], [ -2.440086869836412, 56.733610221267583 ], [ -2.440090678355418, 56.733601614200367 ], [ -2.440094593361481, 56.733593030920495 ], [ -2.440098619624758, 56.733584472060102 ], [ -2.440102761915401, 56.733575938251278 ], [ -2.440107025003555, 56.733567430126151 ], [ -2.440111413659366, 56.733558948316819 ], [ -2.440115932652972, 56.733550493455404 ], [ -2.440120586754515, 56.733542066174017 ], [ -2.44012538073412, 56.733533667104744 ], [ -2.440130319361925, 56.733525296879705 ], [ -2.440135407408053, 56.733516956130998 ], [ -2.440140649642629, 56.733508645490723 ], [ -2.440146050835777, 56.733500365590999 ], [ -2.440151615746512, 56.733492117061957 ], [ -2.440157345107936, 56.733483899826936 ], [ -2.440163229663503, 56.733475712055402 ], [ -2.440169258633715, 56.733467551649433 ], [ -2.440175421239076, 56.733459416511145 ], [ -2.440181706700105, 56.733451304542619 ], [ -2.440188104237323, 56.733443213645906 ], [ -2.440194603071264, 56.733435141723184 ], [ -2.440201192422469, 56.733427086676471 ], [ -2.440207861511487, 56.73341904640791 ], [ -2.440214599558868, 56.733411018819574 ], [ -2.440221395785187, 56.733403001813599 ], [ -2.440228239411006, 56.733394993292073 ], [ -2.440235119656908, 56.733386991157111 ], [ -2.440242025743483, 56.733378993310808 ], [ -2.440248946891321, 56.733370997655278 ], [ -2.440255872321026, 56.733363002092673 ], [ -2.440262791253208, 56.733355004525087 ], [ -2.440269692908482, 56.733347002854629 ], [ -2.440276566507477, 56.733338994983434 ], [ -2.440283401270822, 56.733330978813633 ], [ -2.440290186419159, 56.733322952247342 ], [ -2.440296911173135, 56.733314913186696 ], [ -2.440303564753405, 56.73330685953384 ], [ -2.440310136380633, 56.73329878919089 ], [ -2.44031661527549, 56.733290700060003 ], [ -2.440322990658654, 56.733282590043316 ], [ -2.440329251750816, 56.73327445704296 ], [ -2.440335387772669, 56.733266298961084 ], [ -2.440341387944917, 56.733258113699812 ], [ -2.440347241488272, 56.733249899161329 ], [ -2.440352939218108, 56.733241653567326 ], [ -2.440358483047818, 56.733233377363426 ], [ -2.440363879608138, 56.733225071940623 ], [ -2.440369135547067, 56.733216738693294 ], [ -2.440374257512601, 56.733208379015856 ], [ -2.440379252152737, 56.733199994302737 ], [ -2.440384126115453, 56.733191585948347 ], [ -2.440388886048739, 56.733183155347078 ], [ -2.440393538573096, 56.733174703928327 ], [ -2.440398090357312, 56.733166233060011 ], [ -2.440402548055949, 56.733157744128128 ], [ -2.440406918316979, 56.733149238527076 ], [ -2.44041120778836, 56.73314071765126 ], [ -2.440415423118054, 56.733132182895055 ], [ -2.440419570954013, 56.733123635652866 ], [ -2.440423657944185, 56.733115077319063 ], [ -2.440427690736514, 56.733106509288056 ], [ -2.440431675978935, 56.733097932954237 ], [ -2.440435620319378, 56.733089349711975 ], [ -2.440439530405774, 56.73308076095568 ], [ -2.440443412886042, 56.733072168079715 ], [ -2.440447274408097, 56.733063572478478 ], [ -2.440451121619853, 56.733054975546359 ], [ -2.44045496116921, 56.73304637867772 ], [ -2.440458799704069, 56.733037783266965 ], [ -2.440462643872326, 56.733029190708457 ], [ -2.440466500321868, 56.733020602396586 ], [ -2.44047037570058, 56.733012019725749 ], [ -2.440474276656339, 56.733003444090279 ], [ -2.440478209837015, 56.732994876884582 ], [ -2.440482181890479, 56.732986319503055 ], [ -2.440486199464591, 56.732977773340039 ], [ -2.440490269207205, 56.732969239789931 ], [ -2.440494397766178, 56.732960720247092 ], [ -2.440498591789352, 56.732952216105893 ], [ -2.440502857924567, 56.732943728760716 ], [ -2.440507202819661, 56.732935259605938 ], [ -2.440511633122466, 56.732926810035892 ], [ -2.440516155480802, 56.732918381445003 ], [ -2.440520776542497, 56.732909975227585 ], [ -2.440525502948987, 56.732901592776678 ], [ -2.440530338208694, 56.732893234815798 ], [ -2.440535277651255, 56.732884900320911 ], [ -2.440540315288393, 56.732876587986311 ], [ -2.440545445131842, 56.732868296506325 ], [ -2.440550661193333, 56.732860024575274 ], [ -2.440555957484604, 56.7328517708875 ], [ -2.440561328017401, 56.732843534137281 ], [ -2.440566766803471, 56.732835313018995 ], [ -2.44057226785457, 56.732827106226921 ], [ -2.44057782518245, 56.732818912455429 ], [ -2.440583432798879, 56.732810730398796 ], [ -2.44058908471562, 56.732802558751395 ], [ -2.440594774944446, 56.732794396207538 ], [ -2.44060049749713, 56.732786241461554 ], [ -2.440606246385452, 56.732778093207791 ], [ -2.440612015621197, 56.732769950140579 ], [ -2.440617799216154, 56.732761810954216 ], [ -2.440623591182115, 56.732753674343073 ], [ -2.440629385530878, 56.732745539001478 ], [ -2.440635176274244, 56.732737403623766 ], [ -2.440640957424017, 56.732729266904286 ], [ -2.440646722992009, 56.732721127537381 ], [ -2.440652466990036, 56.732712984217358 ], [ -2.440658183429913, 56.7327048356386 ], [ -2.440663866323462, 56.732696680495444 ], [ -2.440669509682515, 56.732688517482195 ], [ -2.440675107518905, 56.732680345293247 ], [ -2.440680653844461, 56.732672162622954 ], [ -2.44068614267103, 56.73266396816561 ], [ -2.440691568010454, 56.7326557606156 ], [ -2.440696923874694, 56.732647538667287 ], [ -2.440702205728626, 56.732639301306122 ], [ -2.440707414132639, 56.732631048538465 ], [ -2.440712550763545, 56.732622780594269 ], [ -2.440717617298152, 56.732614497703537 ], [ -2.440722615413271, 56.732606200096249 ], [ -2.440727546785709, 56.732597888002438 ], [ -2.440732413092275, 56.732589561652034 ], [ -2.440737216009772, 56.732581221275083 ], [ -2.440741957215002, 56.732572867101553 ], [ -2.440746638384776, 56.732564499361452 ], [ -2.440751261195889, 56.732556118284741 ], [ -2.440755827325144, 56.73254772410143 ], [ -2.44076033844934, 56.732539317041486 ], [ -2.440764796245275, 56.732530897334918 ], [ -2.440769202389747, 56.732522465211723 ], [ -2.440773558559551, 56.732514020901839 ], [ -2.440777866431481, 56.732505564635339 ], [ -2.44078212768233, 56.73249709664212 ], [ -2.440786343988891, 56.732488617152242 ], [ -2.440790517027954, 56.732480126395664 ], [ -2.440794648476305, 56.732471624602347 ], [ -2.440798740010737, 56.732463112002314 ], [ -2.440802793308034, 56.73245458882554 ], [ -2.440806810044982, 56.732446055302006 ], [ -2.440810791898361, 56.732437511661708 ], [ -2.440814740544957, 56.732428958134605 ], [ -2.440818657661556, 56.732420394950729 ], [ -2.440822544924925, 56.732411822340005 ], [ -2.440826404011853, 56.732403240532477 ], [ -2.440830236599115, 56.732394649758085 ], [ -2.440834044363484, 56.732386050246845 ], [ -2.440837828981735, 56.732377442228724 ], [ -2.440841592130644, 56.732368825933705 ], [ -2.440845335486979, 56.73236020159176 ], [ -2.44084906072751, 56.732351569432907 ], [ -2.440852769529008, 56.7323429296871 ], [ -2.440856463568237, 56.73233428258434 ], [ -2.440860144521965, 56.73232562835458 ], [ -2.440863814066958, 56.732316967227838 ], [ -2.440867473879979, 56.732308299434067 ], [ -2.440871125637784, 56.732299625203275 ], [ -2.440874771017138, 56.732290944765424 ], [ -2.440878411569663, 56.732282258380707 ], [ -2.440882048331277, 56.732273566433726 ], [ -2.440885682205067, 56.732264869341194 ], [ -2.440889314094125, 56.732256167519765 ], [ -2.440892944901542, 56.732247461386102 ], [ -2.440896575530402, 56.73223875135691 ], [ -2.440900206883793, 56.732230037848886 ], [ -2.440903839864804, 56.732221321278665 ], [ -2.440907475376514, 56.732212602062944 ], [ -2.440911114322014, 56.7322038806184 ], [ -2.440914757604388, 56.732195157361708 ], [ -2.440918406126718, 56.732186432709554 ], [ -2.440922060792089, 56.732177707078591 ], [ -2.440925722503583, 56.732168980885525 ], [ -2.44092939216428, 56.732160254547026 ], [ -2.440933070677263, 56.732151528479761 ], [ -2.440936758945611, 56.732142803100402 ], [ -2.440940457872408, 56.732134078825638 ], [ -2.440944168360727, 56.732125356072167 ], [ -2.44094789131365, 56.732116635256617 ], [ -2.440951627634254, 56.732107916795691 ], [ -2.440955378225618, 56.732099201106081 ], [ -2.440959143990816, 56.732090488604427 ], [ -2.440962925832924, 56.732081779707443 ], [ -2.440966724655019, 56.732073074831774 ], [ -2.440970541360174, 56.732064374394099 ], [ -2.440974376851464, 56.732055678811101 ], [ -2.440978232031961, 56.732046988499484 ], [ -2.440982107804738, 56.732038303875875 ], [ -2.440986005072868, 56.732029625356965 ], [ -2.440989924739422, 56.732020953359438 ], [ -2.44099386770747, 56.732012288299977 ], [ -2.440997834880083, 56.73200363059523 ], [ -2.441001827160329, 56.731994980661902 ], [ -2.441005845451279, 56.731986338916641 ], [ -2.441009890655999, 56.731977705776139 ], [ -2.441013963677559, 56.731969081657063 ], [ -2.441018065419024, 56.731960466976091 ], [ -2.44102219678346, 56.731951862149884 ], [ -2.441026358673937, 56.731943267595142 ], [ -2.441030551969906, 56.731934683718499 ], [ -2.441034776747276, 56.731926110586052 ], [ -2.441039032099805, 56.731917547847587 ], [ -2.441043317061478, 56.731908995127526 ], [ -2.441047630666271, 56.731900452050354 ], [ -2.441051971948166, 56.731891918240507 ], [ -2.441056339941143, 56.731883393322406 ], [ -2.441060733679187, 56.7318748769205 ], [ -2.441065152196283, 56.731866368659261 ], [ -2.44106959452641, 56.731857868163125 ], [ -2.441074059703553, 56.731849375056555 ], [ -2.441078546761701, 56.731840888963951 ], [ -2.441083054734836, 56.731832409509799 ], [ -2.441087582656947, 56.731823936318534 ], [ -2.441092129562021, 56.731815469014606 ], [ -2.441096694484048, 56.731807007222464 ], [ -2.441101276457013, 56.731798550566559 ], [ -2.441105874514909, 56.73179009867134 ], [ -2.441110487691722, 56.731781651161228 ], [ -2.441115115021446, 56.731773207660709 ], [ -2.441119755538074, 56.731764767794203 ], [ -2.441124408275595, 56.73175633118619 ], [ -2.441129072268004, 56.731747897461076 ], [ -2.441133746549292, 56.731739466243333 ], [ -2.441138430153455, 56.731731037157438 ], [ -2.44114312211449, 56.73172260982777 ], [ -2.441147821466387, 56.731714183878864 ], [ -2.441152527243148, 56.731705758935092 ], [ -2.441157238478768, 56.731697334620954 ], [ -2.441161954207244, 56.731688910560862 ], [ -2.441166673462575, 56.731680486379304 ], [ -2.441171395278757, 56.731672061700706 ], [ -2.441176118689795, 56.73166363614952 ], [ -2.441180842729684, 56.731655209350208 ], [ -2.44118556643243, 56.731646780927221 ], [ -2.44119028883203, 56.731638350504987 ], [ -2.44119500896249, 56.731629917707963 ], [ -2.441199725857808, 56.73162148216062 ], [ -2.441204438551995, 56.731613043487407 ], [ -2.441209146079049, 56.731604601312753 ], [ -2.441213847472975, 56.731596155261123 ], [ -2.441218541875413, 56.731587704994332 ], [ -2.441223229385315, 56.73157925050662 ], [ -2.441227910603422, 56.731570791966483 ], [ -2.441232586134891, 56.731562329543898 ], [ -2.44123725658488, 56.73155386340887 ], [ -2.441241922558544, 56.731545393731416 ], [ -2.441246584661039, 56.731536920681535 ], [ -2.44125124349752, 56.731528444429244 ], [ -2.441255899673138, 56.731519965144535 ], [ -2.441260553793053, 56.731511482997412 ], [ -2.441265206462417, 56.731502998157879 ], [ -2.441269858286382, 56.731494510795955 ], [ -2.441274509870103, 56.731486021081629 ], [ -2.44127916181873, 56.731477529184922 ], [ -2.441283814737417, 56.731469035275815 ], [ -2.441288469231315, 56.731460539524328 ], [ -2.441293125905573, 56.731452042100464 ], [ -2.441297785365344, 56.73144354317423 ], [ -2.441302448215779, 56.731435042915635 ], [ -2.441307115062026, 56.731426541494649 ], [ -2.441311786509233, 56.731418039081305 ], [ -2.441316463162551, 56.731409535845614 ], [ -2.441321145627127, 56.731401031957567 ], [ -2.44132583450811, 56.731392527587154 ], [ -2.441330530410649, 56.7313840229044 ], [ -2.441335233939887, 56.731375518079297 ], [ -2.441339945700973, 56.731367013281854 ], [ -2.441344666299051, 56.731358508682064 ], [ -2.441349396339269, 56.731350004449951 ], [ -2.441354136426773, 56.731341500755505 ], [ -2.44135888705163, 56.731332997741255 ], [ -2.441363648202953, 56.731324495430151 ], [ -2.44136841973356, 56.731315993812622 ], [ -2.441373201496263, 56.73130749287909 ], [ -2.441377993343876, 56.731298992619969 ], [ -2.441382795129216, 56.731290493025661 ], [ -2.441387606705097, 56.731281994086622 ], [ -2.441392427924332, 56.731273495793225 ], [ -2.441397258639739, 56.731264998135927 ], [ -2.44140209870413, 56.731256501105122 ], [ -2.441406947970322, 56.731248004691253 ], [ -2.441411806291132, 56.731239508884727 ], [ -2.441416673519371, 56.731231013675945 ], [ -2.441421549507861, 56.731222519055343 ], [ -2.441426434109413, 56.731214025013344 ], [ -2.441431327176844, 56.731205531540361 ], [ -2.441436228562971, 56.731197038626803 ], [ -2.441441138120608, 56.731188546263105 ], [ -2.441446055702573, 56.731180054439669 ], [ -2.441450981161684, 56.731171563146944 ], [ -2.441455914350751, 56.731163072375317 ], [ -2.441460855122598, 56.731154582115224 ], [ -2.441465803330039, 56.731146092357065 ], [ -2.441470758825891, 56.731137603091284 ], [ -2.441475721462971, 56.731129114308288 ], [ -2.441480691094096, 56.731120625998486 ], [ -2.441485667572084, 56.731112138152319 ], [ -2.44149065074975, 56.731103650760197 ], [ -2.441495640479916, 56.731095163812526 ], [ -2.441500636615395, 56.73108667729975 ], [ -2.441505639009009, 56.731078191212262 ], [ -2.441510647513571, 56.731069705540499 ], [ -2.441515661981904, 56.731061220274874 ], [ -2.441520682266824, 56.731052735405804 ], [ -2.44152570822115, 56.731044250923709 ], [ -2.441530739697698, 56.731035766819026 ], [ -2.44153577654929, 56.731027283082149 ], [ -2.441540818628742, 56.731018799703499 ], [ -2.441545865788875, 56.731010316673505 ], [ -2.441550917882506, 56.731001833982589 ], [ -2.441555974762454, 56.730993351621173 ], [ -2.44156103628154, 56.730984869579672 ], [ -2.441566102292581, 56.730976387848493 ], [ -2.441571172648399, 56.730967906418073 ], [ -2.441576247201813, 56.730959425278812 ], [ -2.441581325805641, 56.730950944421153 ], [ -2.441586408312704, 56.730942463835497 ], [ -2.441591494575823, 56.73093398351228 ], [ -2.441596584447818, 56.73092550344191 ], [ -2.441601677781505, 56.730917023614801 ], [ -2.44160677442971, 56.730908544021389 ], [ -2.44161187424525, 56.730900064652083 ], [ -2.441616977080944, 56.730891585497311 ], [ -2.441622082789617, 56.730883106547466 ], [ -2.441627191224089, 56.730874627793014 ], [ -2.441632302237179, 56.730866149224347 ], [ -2.441637415681708, 56.730857670831874 ], [ -2.441642531410499, 56.730849192606023 ], [ -2.441647649276374, 56.730840714537244 ], [ -2.441652769132152, 56.730832236615896 ], [ -2.441657890830655, 56.730823758832479 ], [ -2.441663014224703, 56.730815281177343 ], [ -2.441668139167125, 56.730806803640945 ], [ -2.441673265510735, 56.730798326213673 ], [ -2.441678393108358, 56.730789848885991 ], [ -2.441683521812817, 56.730781371648298 ], [ -2.441688651476934, 56.73077289449099 ], [ -2.44169378195353, 56.730764417404522 ], [ -2.441698913095429, 56.730755940379282 ], [ -2.441704044755455, 56.730747463405734 ], [ -2.441709176786428, 56.730738986474279 ], [ -2.441714309041172, 56.730730509575288 ], [ -2.441719441372511, 56.730722032699276 ], [ -2.441724573633267, 56.73071355583658 ], [ -2.441729705676264, 56.730705078977671 ], [ -2.441734837354324, 56.730696602112957 ], [ -2.441739968520272, 56.730688125232838 ], [ -2.441745099026934, 56.730679648327751 ], [ -2.441750228727128, 56.730671171388117 ], [ -2.441755357473684, 56.730662694404351 ], [ -2.441760485119422, 56.730654217366869 ], [ -2.44176561151717, 56.730645740266098 ], [ -2.441770736519748, 56.730637263092483 ], [ -2.441775859979982, 56.730628785836402 ], [ -2.441780981750699, 56.730620308488291 ], [ -2.441786101684721, 56.730611831038587 ], [ -2.441791219634873, 56.730603353477669 ], [ -2.441796335453979, 56.730594875796015 ], [ -2.441801448994868, 56.730586397984005 ], [ -2.441806560110363, 56.730577920032069 ], [ -2.441811668653288, 56.730569441930648 ], [ -2.441816774476472, 56.730560963670108 ], [ -2.441821877432737, 56.730552485240942 ], [ -2.441826977374911, 56.730544006633515 ], [ -2.441832074155816, 56.730535527838271 ], [ -2.441837167628281, 56.73052704884563 ], [ -2.441842257645134, 56.730518569646016 ], [ -2.441847344059199, 56.730510090229835 ], [ -2.441852426723302, 56.730501610587524 ], [ -2.44185750549027, 56.730493130709498 ], [ -2.441862580212931, 56.730484650586178 ], [ -2.441867650744108, 56.730476170207979 ], [ -2.44187271693663, 56.730467689565323 ], [ -2.441877778643327, 56.730459208648654 ], [ -2.441882835717021, 56.730450727448364 ], [ -2.441887888010544, 56.730442245954869 ], [ -2.441892935376718, 56.730433764158619 ], [ -2.441897977668373, 56.730425282050028 ], [ -2.441903014738339, 56.730416799619498 ], [ -2.441908046439441, 56.730408316857471 ], [ -2.441913072624507, 56.730399833754369 ], [ -2.441918093146366, 56.730391350300593 ], [ -2.441923107857845, 56.730382866486579 ], [ -2.441928116611773, 56.730374382302735 ], [ -2.44193311926098, 56.73036589773951 ], [ -2.44193811565829, 56.730357412787299 ], [ -2.441943105656537, 56.73034892743653 ], [ -2.441948089108545, 56.730340441677626 ], [ -2.441953065867145, 56.730331955501015 ], [ -2.441958035785166, 56.730323468897112 ], [ -2.441962998715436, 56.730314981856338 ], [ -2.44196795451079, 56.730306494369117 ], [ -2.441972903024049, 56.730298006425862 ], [ -2.441977844108047, 56.730289518016995 ], [ -2.441982777615614, 56.730281029132968 ], [ -2.441987703399575, 56.730272539764158 ], [ -2.441992621312766, 56.730264049901002 ], [ -2.441997531208014, 56.730255559533944 ], [ -2.442002432938149, 56.730247068653384 ], [ -2.442007326356001, 56.730238577249757 ], [ -2.442012211314402, 56.730230085313465 ], [ -2.442017087666184, 56.730221592834937 ], [ -2.442021955264174, 56.730213099804601 ], [ -2.442026813961204, 56.73020460621288 ], [ -2.442031663610103, 56.730196112050194 ], [ -2.442036504063707, 56.730187617306939 ], [ -2.442041335174843, 56.730179121973592 ], [ -2.442046156796344, 56.730170626040533 ], [ -2.442050968781039, 56.730162129498183 ], [ -2.442055770981761, 56.730153632337 ], [ -2.442060563251346, 56.730145134547371 ], [ -2.44206534544239, 56.730136636118807 ], [ -2.442070117399276, 56.730128137008663 ], [ -2.442074878956107, 56.730119637133967 ], [ -2.442079629946336, 56.730111136409235 ], [ -2.442084370203414, 56.730102634748967 ], [ -2.442089099560796, 56.730094132067656 ], [ -2.442093817851937, 56.730085628279816 ], [ -2.442098524910287, 56.730077123299964 ], [ -2.442103220569303, 56.730068617042591 ], [ -2.442107904662435, 56.730060109422219 ], [ -2.44211257702314, 56.730051600353335 ], [ -2.442117237484872, 56.730043089750453 ], [ -2.442121885881082, 56.73003457752808 ], [ -2.442126522045228, 56.730026063600718 ], [ -2.442131145810762, 56.730017547882888 ], [ -2.442135757011137, 56.730009030289061 ], [ -2.44214035547981, 56.730000510733781 ], [ -2.442144941050237, 56.729991989131534 ], [ -2.442149513555869, 56.729983465396828 ], [ -2.442154072830162, 56.729974939444176 ], [ -2.442158618706574, 56.729966411188059 ], [ -2.442163151018553, 56.729957880543012 ], [ -2.442167669599562, 56.729949347423542 ], [ -2.442172174283052, 56.729940811744143 ], [ -2.442176664902481, 56.729932273419301 ], [ -2.442181141291297, 56.729923732363559 ], [ -2.442185603282967, 56.729915188491411 ], [ -2.44219005071094, 56.729906641717356 ], [ -2.442194483408672, 56.729898091955903 ], [ -2.442198901209621, 56.729889539121558 ], [ -2.442203303947241, 56.729880983128822 ], [ -2.442207691454991, 56.729872423892218 ], [ -2.442212063566324, 56.729863861326223 ], [ -2.442216420114698, 56.729855295345388 ], [ -2.442220760933571, 56.729846725864178 ], [ -2.442225085856399, 56.7298381527971 ], [ -2.442229394716636, 56.729829576058698 ], [ -2.442233687347741, 56.729820995563443 ], [ -2.442237963583172, 56.729812411225865 ], [ -2.442242223256387, 56.729803822960434 ], [ -2.442246466200839, 56.729795230681688 ], [ -2.442250692249989, 56.729786634304141 ], [ -2.442254901237295, 56.729778033742257 ], [ -2.442259092996211, 56.729769428910593 ], [ -2.442263267360197, 56.72976081972363 ], [ -2.442267424162712, 56.72975220609586 ], [ -2.442271563237212, 56.729743587941805 ], [ -2.442275684417159, 56.729734965175979 ], [ -2.442279787536004, 56.729726337712883 ], [ -2.442283872427212, 56.72971770546701 ], [ -2.44228793892424, 56.729709068352918 ], [ -2.442291986860546, 56.729700426285028 ], [ -2.442296016069588, 56.729691779177912 ], [ -2.442300026384825, 56.72968312694605 ], [ -2.442304017639718, 56.729674469503955 ], [ -2.442307989667725, 56.729665806766135 ], [ -2.442311942302305, 56.729657138647106 ], [ -2.442315875376918, 56.729648465061359 ], [ -2.442319788725023, 56.729639785923396 ], [ -2.44232368218008, 56.729631101147739 ], [ -2.442327555575551, 56.729622410648872 ], [ -2.442331408744892, 56.72961371434134 ], [ -2.442335241521564, 56.729605012139622 ], [ -2.442339053739029, 56.729596303958225 ], [ -2.44234284523075, 56.729587589711663 ], [ -2.442346615830181, 56.729578869314459 ], [ -2.442350365370786, 56.729570142681091 ], [ -2.442354093686028, 56.729561409726067 ], [ -2.442357800609364, 56.729552670363901 ], [ -2.442361485974255, 56.729543924509109 ], [ -2.442365149614167, 56.729535172076197 ], [ -2.442368791362559, 56.729526412979645 ], [ -2.442372411528853, 56.729517647288603 ], [ -2.442376012854677, 56.729508875862102 ], [ -2.44237959885653, 56.729500099810927 ], [ -2.44238317305123, 56.72949132024597 ], [ -2.442386738955598, 56.729482538278077 ], [ -2.442390300086449, 56.729473755018113 ], [ -2.442393859960599, 56.729464971576967 ], [ -2.442397422094854, 56.729456189065495 ], [ -2.442400990006026, 56.729447408594552 ], [ -2.442404567210919, 56.729438631275038 ], [ -2.442408157226333, 56.729429858217777 ], [ -2.44241176356907, 56.729421090533691 ], [ -2.442415389755924, 56.729412329333613 ], [ -2.442419039303691, 56.729403575728384 ], [ -2.442422715729161, 56.729394830828909 ], [ -2.442426422549123, 56.729386095746051 ], [ -2.44243016328036, 56.729377371590665 ], [ -2.442433941439661, 56.7293686594736 ], [ -2.442437760543797, 56.729359960505747 ], [ -2.442441624109553, 56.729351275797939 ], [ -2.4424455356537, 56.72934260646106 ], [ -2.442449498693012, 56.729333953605973 ], [ -2.442453516744254, 56.729325318343534 ], [ -2.442457593324198, 56.729316701784597 ], [ -2.442461731949609, 56.729308105040026 ], [ -2.442465936137242, 56.72929952922069 ], [ -2.442470209403865, 56.729290975437429 ], [ -2.442474555266229, 56.729282444801122 ], [ -2.442478977241089, 56.729273938422601 ], [ -2.442483478845201, 56.729265457412744 ], [ -2.442488063595312, 56.72925700288242 ], [ -2.442492735008168, 56.729248575942464 ], [ -2.442497496600517, 56.729240177703716 ], [ -2.442502351889103, 56.729231809277053 ], [ -2.442507304390667, 56.729223471773331 ], [ -2.442512357621947, 56.729215166303398 ], [ -2.44251751509968, 56.72920689397808 ], [ -2.442522780340603, 56.729198655908277 ], [ -2.442528156861449, 56.729190453204787 ], [ -2.442533648178947, 56.729182286978507 ], [ -2.44253925742388, 56.729174158220893 ], [ -2.442544977868205, 56.729166064874278 ], [ -2.44255079234659, 56.729158001652962 ], [ -2.442556683191944, 56.729149963116036 ], [ -2.442562632737187, 56.729141943822604 ], [ -2.442568623315248, 56.729133938331778 ], [ -2.442574637259079, 56.729125941202668 ], [ -2.442580656901631, 56.729117946994393 ], [ -2.442586664575872, 56.729109950266057 ], [ -2.44259264261478, 56.729101945576801 ], [ -2.442598573351345, 56.729093927485721 ], [ -2.442604439118568, 56.729085890551978 ], [ -2.442610222249465, 56.729077829334699 ], [ -2.442615905077058, 56.729069738393008 ], [ -2.442621469934385, 56.729061612286031 ], [ -2.442626899154497, 56.729053445572937 ], [ -2.442632175070457, 56.729045232812851 ], [ -2.442637280015338, 56.729036968564934 ], [ -2.442642196322232, 56.729028647388326 ], [ -2.442646906324243, 56.729020263842173 ], [ -2.442651392354488, 56.729011812485659 ], [ -2.44265563748915, 56.7290032880993 ], [ -2.442659645740474, 56.728994691701736 ], [ -2.442663444446468, 56.728986031261719 ], [ -2.442667062167848, 56.72897731511231 ], [ -2.442670527465328, 56.728968551586547 ], [ -2.442673868899583, 56.728959749017513 ], [ -2.442677115031273, 56.728950915738231 ], [ -2.442680294421037, 56.728942060081749 ], [ -2.442683435629484, 56.728933190381134 ], [ -2.442686567217204, 56.728924314969419 ], [ -2.442689717320993, 56.728915442056284 ], [ -2.442692901262788, 56.728906576122071 ], [ -2.442696119570555, 56.728897717341709 ], [ -2.442699371950108, 56.728888865650909 ], [ -2.442702658107257, 56.728880020985329 ], [ -2.442705977747817, 56.728871183280674 ], [ -2.442709330577592, 56.728862352472625 ], [ -2.442712716302398, 56.728853528496842 ], [ -2.442716134628047, 56.728844711289042 ], [ -2.442719585260351, 56.728835900784901 ], [ -2.442723067905123, 56.728827096920099 ], [ -2.442726582268177, 56.728818299630305 ], [ -2.442730128055323, 56.728809508851221 ], [ -2.442733704972375, 56.728800724518536 ], [ -2.442737312725149, 56.728791946567917 ], [ -2.442740951019457, 56.72878317493506 ], [ -2.442744619561116, 56.728774409555641 ], [ -2.442748318055937, 56.728765650365368 ], [ -2.442752046209737, 56.728756897299895 ], [ -2.442755803728331, 56.728748150294912 ], [ -2.442759590317532, 56.728739409286113 ], [ -2.442763405683159, 56.728730674209174 ], [ -2.442767249531026, 56.728721944999812 ], [ -2.44277112156695, 56.728713221593665 ], [ -2.442775021496748, 56.728704503926451 ], [ -2.442778949026235, 56.728695791933831 ], [ -2.442782903861227, 56.728687085551499 ], [ -2.442786885707547, 56.728678384715145 ], [ -2.442790894271007, 56.72866968936043 ], [ -2.442794929257427, 56.728660999423084 ], [ -2.442798990372625, 56.728652314838762 ], [ -2.442803077322417, 56.72864363554315 ], [ -2.442807189812624, 56.728634961471926 ], [ -2.442811327549063, 56.728626292560783 ], [ -2.442815490237555, 56.728617628745411 ], [ -2.442819677583921, 56.728608969961485 ], [ -2.442823889293976, 56.728600316144707 ], [ -2.442828125073542, 56.728591667230731 ], [ -2.442832384628438, 56.728583023155281 ], [ -2.44283666766449, 56.728574383854017 ], [ -2.44284097388751, 56.728565749262621 ], [ -2.442845303003324, 56.728557119316783 ], [ -2.442849654717754, 56.728548493952189 ], [ -2.442854028736619, 56.72853987310453 ], [ -2.442858424765741, 56.728531256709495 ], [ -2.442862842510941, 56.72852264470275 ], [ -2.442867281678045, 56.728514037019998 ], [ -2.442871741972872, 56.728505433596922 ], [ -2.442876223101246, 56.728496834369189 ], [ -2.442880724768986, 56.728488239272508 ], [ -2.442885246681922, 56.728479648242541 ], [ -2.442889788545873, 56.728471061215004 ], [ -2.442894350066662, 56.72846247812555 ], [ -2.442898930950116, 56.728453898909883 ], [ -2.442903530902056, 56.728445323503671 ], [ -2.44290814962831, 56.728436751842636 ], [ -2.442912786834701, 56.728428183862434 ], [ -2.44291744222705, 56.728419619498744 ], [ -2.44292211551119, 56.728411058687279 ], [ -2.442926806392939, 56.728402501363711 ], [ -2.442931514578125, 56.728393947463722 ], [ -2.442936239772576, 56.728385396922995 ], [ -2.442940981682115, 56.728376849677225 ], [ -2.442945740012571, 56.728368305662087 ], [ -2.442950514469768, 56.728359764813277 ], [ -2.442955304759534, 56.72835122706649 ], [ -2.442960110587698, 56.728342692357387 ], [ -2.442964931660082, 56.728334160621671 ], [ -2.44296976768252, 56.728325631795023 ], [ -2.442974618360837, 56.72831710581314 ], [ -2.442979483400857, 56.728308582611682 ], [ -2.442984362508414, 56.728300062126365 ], [ -2.442989255389334, 56.728291544292837 ], [ -2.442994161749447, 56.728283029046821 ], [ -2.44299908129458, 56.728274516323999 ], [ -2.443004013730563, 56.728266006060046 ], [ -2.443008958763226, 56.728257498190644 ], [ -2.443013916098398, 56.728248992651501 ], [ -2.443018885441909, 56.72824048937828 ], [ -2.443023866499589, 56.728231988306682 ], [ -2.443028858977267, 56.728223489372375 ], [ -2.443033862580777, 56.72821499251107 ], [ -2.443038877015944, 56.728206497658434 ], [ -2.443043901988607, 56.728198004750169 ], [ -2.44304893720459, 56.728189513721944 ], [ -2.443053982369729, 56.728181024509475 ], [ -2.443059037189854, 56.728172537048422 ], [ -2.443064101370799, 56.728164051274462 ], [ -2.443069174618391, 56.728155567123331 ], [ -2.443074256638468, 56.728147084530676 ], [ -2.44307934713686, 56.728138603432186 ], [ -2.4430844458194, 56.728130123763556 ], [ -2.443089552391921, 56.728121645460483 ], [ -2.443094666560256, 56.728113168458634 ], [ -2.44309978803024, 56.728104692693705 ], [ -2.443104916507708, 56.728096218101399 ], [ -2.443110051698489, 56.728087744617369 ], [ -2.443115193308421, 56.728079272177332 ], [ -2.443120341043339, 56.728070800716964 ], [ -2.443125494609075, 56.728062330171944 ], [ -2.443130653711466, 56.728053860477985 ], [ -2.443135818056347, 56.728045391570753 ], [ -2.443140987349552, 56.728036923385943 ], [ -2.443146161296917, 56.728028455859238 ], [ -2.443151339604278, 56.72801998892632 ], [ -2.443156521977472, 56.728011522522912 ], [ -2.443161708122334, 56.728003056584669 ], [ -2.443166897744705, 56.727994591047263 ], [ -2.443172090550412, 56.727986125846414 ], [ -2.443177286245301, 56.727977660917801 ], [ -2.443182484535205, 56.72796919619713 ], [ -2.443187685125964, 56.727960731620051 ], [ -2.443192887723412, 56.727952267122276 ], [ -2.44319809203339, 56.727943802639494 ], [ -2.443203297761737, 56.727935338107393 ], [ -2.443208504614286, 56.727926873461641 ], [ -2.443213712296879, 56.727918408637954 ], [ -2.443218920515355, 56.727909943572001 ], [ -2.443224128975554, 56.727901478199485 ], [ -2.443229337383311, 56.727893012456079 ], [ -2.443234545444473, 56.727884546277487 ], [ -2.443239752864872, 56.727876079599383 ], [ -2.443244959350351, 56.727867612357471 ], [ -2.443250164606749, 56.727859144487432 ], [ -2.443255368339909, 56.727850675924955 ], [ -2.443260570255669, 56.727842206605729 ], [ -2.443265770059873, 56.727833736465435 ], [ -2.443270967458357, 56.727825265439769 ], [ -2.443276162156964, 56.727816793464434 ], [ -2.443281353861539, 56.727808320475077 ], [ -2.44328654227792, 56.727799846407436 ], [ -2.443291727111949, 56.727791371197185 ], [ -2.443296908069472, 56.727782894779999 ], [ -2.443302084856326, 56.727774417091581 ], [ -2.443307257178359, 56.727765938067627 ], [ -2.44331242474141, 56.72775745764379 ], [ -2.443317587251322, 56.727748975755802 ], [ -2.44332274441394, 56.727740492339329 ], [ -2.443327895935107, 56.727732007330061 ], [ -2.443333041520667, 56.727723520663687 ], [ -2.443338180876463, 56.72771503227591 ], [ -2.443343313732438, 56.72770654211029 ], [ -2.443348439943104, 56.727698050151133 ], [ -2.443353559403118, 56.727689556395852 ], [ -2.443358672007154, 56.72768106084186 ], [ -2.44336377764989, 56.7276725634866 ], [ -2.443368876225998, 56.727664064327506 ], [ -2.443373967630158, 56.727655563361978 ], [ -2.44337905175704, 56.727647060587458 ], [ -2.443384128501326, 56.727638556001388 ], [ -2.443389197757686, 56.727630049601181 ], [ -2.443394259420801, 56.727621541384266 ], [ -2.443399313385343, 56.727613031348064 ], [ -2.44340435954599, 56.727604519490022 ], [ -2.44340939779742, 56.727596005807534 ], [ -2.443414428034306, 56.727587490298049 ], [ -2.443419450151326, 56.727578972958987 ], [ -2.443424464043155, 56.727570453787791 ], [ -2.443429469604472, 56.727561932781875 ], [ -2.44343446672995, 56.727553409938679 ], [ -2.44343945531427, 56.727544885255597 ], [ -2.443444435252108, 56.727536358730092 ], [ -2.443449406438139, 56.727527830359577 ], [ -2.443454368767042, 56.727519300141473 ], [ -2.443459322133492, 56.727510768073223 ], [ -2.443464266432168, 56.727502234152247 ], [ -2.443469201557746, 56.727493698375973 ], [ -2.443474127404905, 56.727485160741814 ], [ -2.443479043868322, 56.72747662124722 ], [ -2.443483950842675, 56.727468079889604 ], [ -2.443488848222641, 56.727459536666402 ], [ -2.443493735902897, 56.727450991575033 ], [ -2.443498613778123, 56.72744244461294 ], [ -2.443503481742997, 56.72743389577753 ], [ -2.443508339692193, 56.727425345066244 ], [ -2.443513187520394, 56.727416792476504 ], [ -2.443518025122277, 56.727408238005744 ], [ -2.443522852392522, 56.727399681651384 ], [ -2.443527669225802, 56.727391123410854 ], [ -2.443532475516798, 56.72738256328158 ], [ -2.443537271160193, 56.727374001260998 ], [ -2.443542056050661, 56.727365437346528 ], [ -2.443546830082883, 56.727356871535591 ], [ -2.443551593151538, 56.727348303825636 ], [ -2.443556345151304, 56.727339734214063 ], [ -2.44356108597686, 56.72733116269832 ], [ -2.443565815522886, 56.727322589275843 ], [ -2.44357053368406, 56.727314013944017 ], [ -2.443575240355067, 56.72730543670032 ], [ -2.443579935430578, 56.727296857542157 ], [ -2.44358461880528, 56.727288276466957 ], [ -2.443589290373849, 56.727279693472134 ], [ -2.443593950030965, 56.727271108555129 ], [ -2.443598597671309, 56.727262521713399 ], [ -2.44360323318956, 56.727253932944308 ], [ -2.443607856480399, 56.727245342245332 ], [ -2.443612467438506, 56.727236749613894 ], [ -2.44361706595856, 56.727228155047399 ], [ -2.443621651935242, 56.727219558543297 ], [ -2.443626225263235, 56.727210960099008 ], [ -2.443630785837219, 56.727202359711974 ], [ -2.443635333551872, 56.727193757379588 ], [ -2.443639868301876, 56.727185153099306 ], [ -2.443644389981913, 56.727176546868542 ], [ -2.443648898486665, 56.727167938684758 ], [ -2.443653393710809, 56.727159328545326 ], [ -2.443657875549027, 56.72715071644771 ], [ -2.443662343896004, 56.727142102389337 ], [ -2.44366679864642, 56.72713348636762 ], [ -2.443671239694955, 56.727124868379995 ], [ -2.443675666936293, 56.727116248423904 ], [ -2.443680080265112, 56.727107626496746 ], [ -2.443684479576097, 56.727099002595985 ], [ -2.44368886476393, 56.727090376719005 ], [ -2.443693235723289, 56.72708174886327 ], [ -2.443697592348862, 56.727073119026194 ], [ -2.443701934535326, 56.727064487205219 ], [ -2.443706262177367, 56.727055853397751 ], [ -2.443710575169664, 56.727047217601232 ], [ -2.443714873406902, 56.727038579813062 ], [ -2.443719156783763, 56.727029940030725 ], [ -2.443723425194932, 56.727021298251607 ], [ -2.443727678552894, 56.727012654475097 ], [ -2.443731917040397, 56.727004008730049 ], [ -2.443736141050142, 56.726995361068205 ], [ -2.443740350980364, 56.726986711541947 ], [ -2.443744547229286, 56.72697806020367 ], [ -2.443748730195132, 56.726969407105699 ], [ -2.443752900276127, 56.726960752300435 ], [ -2.443757057870496, 56.726952095840218 ], [ -2.443761203376465, 56.726943437777436 ], [ -2.443765337192255, 56.726934778164434 ], [ -2.443769459716096, 56.726926117053594 ], [ -2.443773571346205, 56.726917454497276 ], [ -2.443777672480807, 56.726908790547853 ], [ -2.443781763518124, 56.726900125257686 ], [ -2.44378584485638, 56.726891458679141 ], [ -2.443789916893796, 56.726882790864586 ], [ -2.443793980028595, 56.726874121866388 ], [ -2.443798034658996, 56.726865451736934 ], [ -2.443802081183223, 56.726856780528543 ], [ -2.443806119999494, 56.726848108293623 ], [ -2.443810151506032, 56.726839435084521 ], [ -2.443814176101052, 56.726830760953597 ], [ -2.443818194182781, 56.726822085953252 ], [ -2.443822206149433, 56.726813410135797 ], [ -2.443826212399228, 56.726804733553642 ], [ -2.443830213330387, 56.726796056259154 ], [ -2.443834209341125, 56.72678737830465 ], [ -2.443838200829662, 56.72677869974256 ], [ -2.443842188194214, 56.726770020625203 ], [ -2.443846171833, 56.726761341004959 ], [ -2.443850152144236, 56.726752660934196 ], [ -2.443854129526141, 56.726743980465287 ], [ -2.443858104376927, 56.726735299650585 ], [ -2.443862077094814, 56.726726618542436 ], [ -2.443866048078014, 56.726717937193257 ], [ -2.443870017724746, 56.726709255655365 ], [ -2.443873986433222, 56.726700573981169 ], [ -2.443877954601658, 56.726691892222995 ], [ -2.443881922628269, 56.726683210433215 ], [ -2.443885890911266, 56.726674528664219 ], [ -2.443889859848863, 56.726665846968345 ], [ -2.443893829839279, 56.726657165397967 ], [ -2.443897801280718, 56.726648484005452 ], [ -2.443901774571399, 56.726639802843174 ], [ -2.443905750109532, 56.726631121963464 ], [ -2.443909728293329, 56.726622441418726 ], [ -2.443913709521003, 56.726613761261305 ], [ -2.44391769419076, 56.726605081543589 ], [ -2.443921682700818, 56.726596402317895 ], [ -2.443925675449383, 56.726587723636626 ], [ -2.443929672834665, 56.726579045552128 ], [ -2.443933675254876, 56.726570368116782 ], [ -2.443937683108224, 56.726561691382933 ], [ -2.443941696792919, 56.726553015402963 ], [ -2.443945716707171, 56.726544340229232 ], [ -2.443949743249185, 56.726535665914092 ], [ -2.443953776817172, 56.726526992509932 ], [ -2.44395781780934, 56.72651832006909 ], [ -2.443961866623893, 56.726509648643948 ], [ -2.443965923659041, 56.726500978286843 ], [ -2.443969989312993, 56.726492309050172 ], [ -2.443974063983948, 56.726483640986267 ], [ -2.443978148070119, 56.726474974147528 ], [ -2.44398224196971, 56.726466308586289 ], [ -2.443986346080925, 56.726457644354937 ], [ -2.443990460801972, 56.726448981505818 ], [ -2.44399458653105, 56.726440320091299 ], [ -2.44399872366637, 56.726431660163747 ], [ -2.444002872606133, 56.726423001775508 ], [ -2.444007033748542, 56.72641434497897 ], [ -2.444011207491801, 56.726405689826493 ], [ -2.444015394184318, 56.72639703636478 ], [ -2.444019593924187, 56.726388384612214 ], [ -2.444023806731022, 56.726379734578231 ], [ -2.444028032624411, 56.726371086272323 ], [ -2.444032271623949, 56.726362439703912 ], [ -2.444036523749219, 56.726353794882492 ], [ -2.444040789019814, 56.726345151817505 ], [ -2.444045067455316, 56.726336510518429 ], [ -2.444049359075318, 56.726327870994723 ], [ -2.444053663899408, 56.726319233255829 ], [ -2.444057981947173, 56.726310597311226 ], [ -2.444062313238203, 56.726301963170378 ], [ -2.444066657792086, 56.726293330842715 ], [ -2.444071015628411, 56.726284700337736 ], [ -2.444075386766765, 56.726276071664905 ], [ -2.444079771226738, 56.726267444833638 ], [ -2.444084169027918, 56.726258819853427 ], [ -2.444088580189893, 56.72625019673373 ], [ -2.444093004732253, 56.726241575484018 ], [ -2.444097442674584, 56.726232956113748 ], [ -2.444101894036477, 56.726224338632356 ], [ -2.444106358837519, 56.726215723049322 ], [ -2.444110837097296, 56.726207109374116 ], [ -2.4441153288354, 56.726198497616181 ], [ -2.444119834071418, 56.726189887784983 ], [ -2.44412435282494, 56.72618127989 ], [ -2.444128885115551, 56.726172673940674 ], [ -2.444133430962841, 56.726164069946485 ], [ -2.444137990386401, 56.726155467916861 ], [ -2.444142563405814, 56.726146867861296 ], [ -2.444147150040675, 56.726138269789224 ], [ -2.444151750310565, 56.726129673710112 ], [ -2.444156364235078, 56.726121079633451 ], [ -2.4441609918338, 56.726112487568678 ], [ -2.444165633126317, 56.726103897525249 ], [ -2.444170288132222, 56.72609530951263 ], [ -2.444174956871098, 56.726086723540298 ], [ -2.444179639362541, 56.726078139617691 ], [ -2.444184335626131, 56.726069557754265 ], [ -2.444189045681461, 56.726060977959492 ], [ -2.444193769548118, 56.726052400242857 ], [ -2.444198507245689, 56.726043824613782 ], [ -2.444203258793765, 56.726035251081747 ], [ -2.44420802421193, 56.726026679656215 ], [ -2.444212803519778, 56.726018110346651 ], [ -2.44421759673689, 56.726009543162498 ], [ -2.444222403882861, 56.726000978113227 ], [ -2.444227224977277, 56.725992415208296 ], [ -2.444232060039725, 56.725983854457169 ], [ -2.444236909089793, 56.725975295869304 ], [ -2.444241772147069, 56.725966739454179 ], [ -2.444246649231141, 56.725958185221209 ], [ -2.444251540361601, 56.725949633179908 ], [ -2.444256445558033, 56.725941083339713 ], [ -2.444261364840026, 56.725932535710093 ], [ -2.444266298227169, 56.72592399030048 ], [ -2.444271245739049, 56.725915447120364 ], [ -2.444276207395254, 56.725906906179205 ], [ -2.444281183215373, 56.725898367486444 ], [ -2.444286173218994, 56.725889831051582 ], [ -2.444291177425707, 56.725881296884026 ], [ -2.444296195855095, 56.725872764993277 ], [ -2.444301228526752, 56.725864235388777 ], [ -2.44430627546026, 56.725855708079983 ], [ -2.44431133667521, 56.725847183076368 ], [ -2.444316412191191, 56.725838660387403 ], [ -2.44432150202779, 56.725830140022516 ], [ -2.444326606204595, 56.725821621991201 ], [ -2.444331724741195, 56.725813106302901 ], [ -2.444336857657176, 56.725804592967073 ], [ -2.44434200497213, 56.725796081993195 ], [ -2.444347166705638, 56.725787573390704 ], [ -2.444352342877296, 56.725779067169086 ], [ -2.444357533506685, 56.72577056333779 ], [ -2.444362738613398, 56.725762061906273 ], [ -2.44436795821702, 56.725753562883995 ], [ -2.44437319233714, 56.72574506628041 ], [ -2.444378440993346, 56.725736572104999 ], [ -2.444383704205226, 56.725728080367212 ], [ -2.444388981992368, 56.725719591076519 ], [ -2.444394274374361, 56.725711104242372 ], [ -2.444399581370791, 56.72570261987422 ], [ -2.444404903001245, 56.725694137981534 ], [ -2.444410239285312, 56.725685658573781 ], [ -2.444415590242582, 56.725677181660402 ], [ -2.444420955892642, 56.725668707250897 ], [ -2.444426336255078, 56.725660235354695 ], [ -2.44443173134948, 56.72565176598124 ], [ -2.444437141195435, 56.725643299140032 ], [ -2.444442565812529, 56.72563483484052 ], [ -2.444448005220353, 56.725626373092155 ], [ -2.444453459438494, 56.725617913904401 ], [ -2.444458928486538, 56.725609457286716 ], [ -2.444464412384076, 56.725601003248556 ], [ -2.44446991115069, 56.725592551799402 ], [ -2.444475424805976, 56.725584102948702 ], [ -2.444480953369517, 56.7255756567059 ], [ -2.4444864968609, 56.725567213080474 ], [ -2.444492055299717, 56.725558772081897 ], [ -2.444497628705551, 56.72555033371961 ], [ -2.444503217097993, 56.72554189800308 ], [ -2.444508820496631, 56.725533464941762 ], [ -2.444514438921049, 56.725525034545115 ], [ -2.444520072390838, 56.725516606822609 ], [ -2.444525720925588, 56.725508181783702 ], [ -2.444531384544881, 56.725499759437852 ], [ -2.444537063268308, 56.725491339794523 ], [ -2.444542757115457, 56.725482922863172 ], [ -2.444548466105914, 56.725474508653264 ], [ -2.44455419025927, 56.725466097174241 ], [ -2.44455992959511, 56.725457688435583 ], [ -2.444565684133022, 56.725449282446732 ], [ -2.444571453892596, 56.725440879217189 ], [ -2.444577238893416, 56.72543247875636 ], [ -2.444583039155073, 56.725424081073747 ], [ -2.444588854697153, 56.725415686178785 ], [ -2.444594685539241, 56.725407294080938 ], [ -2.444600531700932, 56.725398904789685 ], [ -2.444606393201808, 56.72539051831447 ], [ -2.444612270061459, 56.725382134664763 ], [ -2.444618162299472, 56.72537375385 ], [ -2.444624069935435, 56.725365375879669 ], [ -2.444629992988934, 56.725357000763225 ], [ -2.444635931479559, 56.725348628510105 ], [ -2.444641885426897, 56.725340259129815 ], [ -2.444647854850535, 56.725331892631765 ], [ -2.44465383977006, 56.725323529025452 ], [ -2.444659840205063, 56.725315168320321 ], [ -2.444665856175127, 56.725306810525829 ], [ -2.444671887699845, 56.725298455651433 ], [ -2.444677934798802, 56.72529010370662 ], [ -2.444683997491582, 56.725281754700802 ], [ -2.444690075797779, 56.725273408643488 ], [ -2.444696169736976, 56.725265065544107 ], [ -2.444702279328763, 56.725256725412144 ], [ -2.444708404592727, 56.725248388257036 ], [ -2.444714545548456, 56.725240054088246 ], [ -2.444720702215536, 56.725231722915261 ], [ -2.444726874613557, 56.725223394747488 ], [ -2.444733062762106, 56.725215069594441 ], [ -2.444739266680769, 56.725206747465556 ], [ -2.444745485356786, 56.725198428229149 ], [ -2.444751713771865, 56.725190111205841 ], [ -2.444757945936373, 56.725181795583502 ], [ -2.444764175860681, 56.725173480549955 ], [ -2.444770397555168, 56.725165165293035 ], [ -2.444776605030214, 56.72515684900057 ], [ -2.444782792296203, 56.725148530860423 ], [ -2.444788953363531, 56.725140210060438 ], [ -2.44479508224259, 56.725131885788429 ], [ -2.44480117294378, 56.72512355723228 ], [ -2.444807219477506, 56.725115223579806 ], [ -2.444813215854181, 56.725106884018857 ], [ -2.444819156084217, 56.72509853773731 ], [ -2.444825034178032, 56.72509018392298 ], [ -2.444830844146052, 56.72508182176373 ], [ -2.444836579998707, 56.725073450447418 ], [ -2.444842235746427, 56.725065069161879 ], [ -2.444847805399655, 56.72505667709499 ], [ -2.44485328296883, 56.725048273434581 ], [ -2.444858662464407, 56.725039857368536 ], [ -2.444863937896834, 56.725031428084691 ], [ -2.444869103276571, 56.725022984770895 ], [ -2.444874152614082, 56.725014526615034 ], [ -2.444879079919837, 56.725006052804936 ], [ -2.444883879204308, 56.724997562528472 ], [ -2.444888544477975, 56.72498905497352 ], [ -2.444893069751326, 56.724980529327915 ], [ -2.444897449034846, 56.724971984779529 ], [ -2.444901676339033, 56.724963420516239 ], [ -2.444905745674385, 56.724954835725882 ], [ -2.444909651051411, 56.724946229596327 ], [ -2.444913386480625, 56.724937601315453 ], [ -2.444916945972539, 56.724928950071082 ], [ -2.444920323537682, 56.724920275051119 ], [ -2.444923513186578, 56.724911575443393 ], [ -2.444926508929764, 56.724902850435797 ], [ -2.444929304777784, 56.724894099216172 ], [ -2.444931894741182, 56.724885320972398 ], [ -2.444934272874444, 56.724876514898405 ], [ -2.444936439381291, 56.724867681040408 ], [ -2.444938406884708, 56.724858821165881 ], [ -2.44494018950342, 56.724849937249587 ], [ -2.444941801324522, 56.724841031297736 ], [ -2.444943256495245, 56.724832105256716 ], [ -2.444944569137276, 56.724823161098307 ], [ -2.444945753369287, 56.724814200797255 ], [ -2.44494682330995, 56.724805226328336 ], [ -2.444947793077915, 56.72479623966629 ], [ -2.444948676791824, 56.724787242785858 ], [ -2.444949488570301, 56.724778237661816 ], [ -2.444950242531964, 56.72476922626889 ], [ -2.444950952795409, 56.72476021058187 ], [ -2.444951633479227, 56.724751192575447 ], [ -2.444952298701992, 56.724742174224424 ], [ -2.444952962582267, 56.724733157503529 ], [ -2.444953639238594, 56.724724144387515 ], [ -2.444954342789514, 56.724715136851124 ], [ -2.444955087353546, 56.724706136869109 ], [ -2.444955887049198, 56.72469714641624 ], [ -2.444956755994965, 56.724688167467221 ], [ -2.444957708309331, 56.724679201996835 ], [ -2.444958758110763, 56.724670251979795 ], [ -2.444959919517718, 56.72466131939089 ], [ -2.444961206648639, 56.724652406204818 ], [ -2.444962633621962, 56.724643514396348 ], [ -2.444964214556097, 56.724634645940228 ], [ -2.444965963569458, 56.724625802811175 ], [ -2.444967894774274, 56.724616986983058 ], [ -2.444970017317189, 56.724608199701642 ], [ -2.44497232643243, 56.724599440172945 ], [ -2.444974814936115, 56.724590707248403 ], [ -2.444977475644357, 56.724581999779495 ], [ -2.444980301373286, 56.724573316617686 ], [ -2.444983284939032, 56.724564656614419 ], [ -2.444986419157732, 56.724556018621151 ], [ -2.444989696845536, 56.724547401489346 ], [ -2.444993110818594, 56.724538804070448 ], [ -2.444996653893067, 56.724530225215943 ], [ -2.445000318885117, 56.724521663777281 ], [ -2.445004098610917, 56.72451311860592 ], [ -2.445007985886646, 56.724504588553323 ], [ -2.445011973528491, 56.724496072470949 ], [ -2.445016054352636, 56.724487569210261 ], [ -2.445020221175282, 56.724479077622718 ], [ -2.445024466812631, 56.72447059655979 ], [ -2.44502878408089, 56.724462124872943 ], [ -2.445033165796274, 56.724453661413634 ], [ -2.445037604775007, 56.724445205033341 ], [ -2.445042093833314, 56.724436754583522 ], [ -2.445046625787425, 56.724428308915655 ], [ -2.445051193453579, 56.724419866881206 ], [ -2.445055789648023, 56.724411427331653 ], [ -2.445060407187003, 56.724402989118424 ], [ -2.445065038886779, 56.724394551093056 ], [ -2.445069677563612, 56.724386112106984 ], [ -2.445074316033766, 56.724377671011695 ], [ -2.445078947113521, 56.724369226658666 ], [ -2.445083563619146, 56.724360777899371 ], [ -2.445088158366937, 56.724352323585272 ], [ -2.445092724173176, 56.724343862567892 ], [ -2.445097253854167, 56.724335393698667 ], [ -2.445101740226207, 56.724326915829117 ], [ -2.445106176105609, 56.72431842781068 ], [ -2.445110554308681, 56.724309928494876 ], [ -2.44511486765175, 56.724301416733176 ], [ -2.445119108951139, 56.724292891377054 ], [ -2.445123271023184, 56.72428435127803 ], [ -2.445127348069464, 56.724275795498748 ], [ -2.445131342273437, 56.724267224318723 ], [ -2.445135258671471, 56.724258638452412 ], [ -2.445139102303516, 56.724250038614798 ], [ -2.445142878209512, 56.724241425520873 ], [ -2.445146591429402, 56.724232799885613 ], [ -2.445150247003116, 56.724224162424022 ], [ -2.445153849970588, 56.7242155138511 ], [ -2.445157405371741, 56.724206854881793 ], [ -2.4451609182465, 56.724198186231121 ], [ -2.445164393634781, 56.724189508614067 ], [ -2.445167836576499, 56.724180822745588 ], [ -2.445171252111561, 56.724172129340708 ], [ -2.445174645279873, 56.724163429114377 ], [ -2.445178021121335, 56.724154722781591 ], [ -2.445181384675841, 56.724146011057343 ], [ -2.445184740983291, 56.724137294656593 ], [ -2.445188095083563, 56.724128574294333 ], [ -2.445191452016541, 56.724119850685547 ], [ -2.445194816822107, 56.724111124545217 ], [ -2.445198194540136, 56.724102396588307 ], [ -2.445201590210497, 56.724093667529807 ], [ -2.445205008873055, 56.724084938084701 ], [ -2.44520845556767, 56.724076208967958 ], [ -2.4452119353342, 56.724067480894554 ], [ -2.445215453212497, 56.724058754579467 ], [ -2.44521901424241, 56.724050030737679 ], [ -2.445222623463784, 56.724041310084161 ], [ -2.445226285916456, 56.724032593333895 ], [ -2.445230006640259, 56.72402388120183 ], [ -2.445233789725446, 56.724015174289825 ], [ -2.445237634355698, 56.724006472615081 ], [ -2.445241538134608, 56.723997776006527 ], [ -2.445245498665024, 56.723989084293031 ], [ -2.44524951354978, 56.723980397303464 ], [ -2.445253580391725, 56.723971714866643 ], [ -2.445257696793701, 56.723963036811462 ], [ -2.445261860358561, 56.723954362966744 ], [ -2.445266068689151, 56.723945693161362 ], [ -2.445270319388325, 56.723937027224174 ], [ -2.445274610058939, 56.723928364984026 ], [ -2.445278938303847, 56.723919706269761 ], [ -2.445283301725913, 56.723911050910274 ], [ -2.445287697927991, 56.723902398734388 ], [ -2.445292124512951, 56.723893749570962 ], [ -2.445296579083652, 56.723885103248868 ], [ -2.445301059242966, 56.723876459596958 ], [ -2.445305562593761, 56.723867818444106 ], [ -2.445310086738908, 56.72385917961914 ], [ -2.445314629281281, 56.723850542950942 ], [ -2.445319187823757, 56.723841908268341 ], [ -2.445323759969212, 56.723833275400239 ], [ -2.445328343320528, 56.723824644175465 ], [ -2.445332935480585, 56.723816014422894 ], [ -2.445337534052267, 56.723807385971377 ], [ -2.445342136638464, 56.723798758649792 ], [ -2.44534674084206, 56.723790132286965 ], [ -2.445351344265949, 56.723781506711816 ], [ -2.445355944513019, 56.723772881753142 ], [ -2.445360539186171, 56.723764257239843 ], [ -2.445365125888296, 56.723755633000778 ], [ -2.445369702222296, 56.723747008864791 ], [ -2.445374265791069, 56.723738384660784 ], [ -2.445378814197523, 56.723729760217594 ], [ -2.445383345044558, 56.72372113536408 ], [ -2.445387855935084, 56.723712509929115 ], [ -2.445392344472008, 56.723703883741571 ], [ -2.445396808258244, 56.7236952566303 ], [ -2.445401244896706, 56.723686628424176 ], [ -2.445405651990307, 56.72367799895207 ], [ -2.445410027141965, 56.723669368042835 ], [ -2.445414367954601, 56.723660735525357 ], [ -2.445418672031137, 56.723652101228474 ], [ -2.445422936974497, 56.72364346498108 ], [ -2.445427160387604, 56.723634826612034 ], [ -2.44543133987339, 56.723626185950195 ], [ -2.445435473034786, 56.723617542824449 ], [ -2.445439557474718, 56.723608897063649 ], [ -2.44544359079613, 56.723600248496659 ], [ -2.44544757060195, 56.723591596952382 ], [ -2.445451494495126, 56.723582942259632 ], [ -2.445455360078589, 56.723574284247334 ], [ -2.445459164955288, 56.723565622744324 ], [ -2.445462906728168, 56.72355695757949 ], [ -2.445466583000175, 56.723548288581682 ], [ -2.445470191374259, 56.723539615579803 ], [ -2.445473729453372, 56.723530938402682 ], [ -2.445477194840468, 56.723522256879221 ], [ -2.445480585138502, 56.723513570838286 ], [ -2.445483897950434, 56.723504880108742 ], [ -2.445487130879223, 56.723496184519441 ], [ -2.445490281527833, 56.723487483899291 ], [ -2.445493347499229, 56.723478778077151 ], [ -2.445496326396376, 56.72347006688188 ], [ -2.445499215822243, 56.723461350142358 ], [ -2.445502013379805, 56.723452627687458 ], [ -2.445504716672033, 56.723443899346051 ], [ -2.445507323301905, 56.723435164947013 ], [ -2.445509830872397, 56.723426424319207 ], [ -2.445512236986489, 56.723417677291501 ], [ -2.445514539247166, 56.723408923692787 ], [ -2.445516735913284, 56.723400163434199 ], [ -2.44551883683443, 56.723391397881208 ], [ -2.445520861788959, 56.723382629644995 ], [ -2.445522830876187, 56.723373861377063 ], [ -2.445524764195425, 56.723365095728859 ], [ -2.445526681845957, 56.723356335351838 ], [ -2.445528603927053, 56.723347582897503 ], [ -2.445530550537963, 56.723338841017302 ], [ -2.445532541777917, 56.723330112362703 ], [ -2.445534597746136, 56.72332139958516 ], [ -2.44553673854181, 56.723312705336177 ], [ -2.445538984264124, 56.723304032267166 ], [ -2.445541355012239, 56.723295383029615 ], [ -2.445543870885297, 56.723286760274981 ], [ -2.44554655198243, 56.723278166654715 ], [ -2.445549418402747, 56.723269604820267 ], [ -2.445552490245344, 56.723261077423075 ], [ -2.445555787609301, 56.723252587114608 ], [ -2.445559330593678, 56.723244136546299 ], [ -2.445563139297525, 56.723235728369602 ], [ -2.445567233819873, 56.723227365235935 ], [ -2.445571634259743, 56.723219049796718 ], [ -2.445576353429477, 56.723210783643239 ], [ -2.445581373457852, 56.723202563902426 ], [ -2.445586668398481, 56.723194386526337 ], [ -2.445592212304965, 56.723186247467019 ], [ -2.445597979230921, 56.72317814267651 ], [ -2.445603943229995, 56.723170068106874 ], [ -2.445610078355847, 56.723162019710195 ], [ -2.445616358662163, 56.723153993438515 ], [ -2.445622758202639, 56.723145985243889 ], [ -2.445629251031001, 56.723137991078417 ], [ -2.44563581120099, 56.723130006894174 ], [ -2.445642412766364, 56.723122028643239 ], [ -2.445649029780907, 56.72311405227768 ], [ -2.445655636298409, 56.723106073749641 ], [ -2.445662206372695, 56.723098089011188 ], [ -2.4456687140576, 56.723090094014438 ], [ -2.445675133406976, 56.723082084711507 ], [ -2.445681438474701, 56.723074057054497 ], [ -2.445687603314665, 56.723066006995559 ], [ -2.445693601980789, 56.723057930486789 ], [ -2.445699408577118, 56.723049823487713 ], [ -2.445705007038344, 56.723041683403522 ], [ -2.445710402854834, 56.723033510809394 ], [ -2.44571560437593, 56.72302530670094 ], [ -2.44572061995096, 56.723017072073795 ], [ -2.445725457929252, 56.723008807923541 ], [ -2.445730126660122, 56.723000515245772 ], [ -2.445734634492887, 56.722992195036134 ], [ -2.445738989776853, 56.722983848290227 ], [ -2.445743200861318, 56.72297547600364 ], [ -2.445747276095581, 56.722967079171958 ], [ -2.445751223828926, 56.722958658790823 ], [ -2.445755052410636, 56.722950215855789 ], [ -2.445758770189986, 56.722941751362491 ], [ -2.445762385516248, 56.722933266306498 ], [ -2.445765906738681, 56.722924761683409 ], [ -2.445769342206537, 56.722916238488807 ], [ -2.445772700269068, 56.722907697718313 ], [ -2.445775989275516, 56.722899140367495 ], [ -2.445779217575113, 56.722890567431939 ], [ -2.445782393517084, 56.722881979907257 ], [ -2.445785525450653, 56.722873378789004 ], [ -2.44578862172503, 56.722864765072813 ], [ -2.445791690689425, 56.722856139754207 ], [ -2.445794740693032, 56.722847503828817 ], [ -2.445797780085044, 56.722838858292207 ], [ -2.445800817214647, 56.722830204139974 ], [ -2.445803860431018, 56.72282154236769 ], [ -2.445806918083323, 56.722812873970931 ], [ -2.445809998520723, 56.722804199945294 ], [ -2.445813110092379, 56.722795521286344 ], [ -2.445816261147359, 56.722786838989663 ], [ -2.445819458290841, 56.72277815389004 ], [ -2.445822701881673, 56.72276946624644 ], [ -2.44582599088071, 56.722760776188998 ], [ -2.445829324248809, 56.722752083847766 ], [ -2.445832700946827, 56.722743389352864 ], [ -2.445836119935625, 56.722734692834372 ], [ -2.445839580176059, 56.722725994422383 ], [ -2.445843080628993, 56.722717294246976 ], [ -2.445846620255286, 56.722708592438266 ], [ -2.445850198015805, 56.722699889126339 ], [ -2.445853812871411, 56.722691184441295 ], [ -2.445857463782969, 56.722682478513228 ], [ -2.445861149711343, 56.722673771472202 ], [ -2.445864869617404, 56.722665063448346 ], [ -2.445868622462016, 56.72265635457174 ], [ -2.445872407206048, 56.722647644972483 ], [ -2.445876222810373, 56.722638934780647 ], [ -2.445880068235859, 56.72263022412637 ], [ -2.445883942443376, 56.722621513139707 ], [ -2.4458878443938, 56.722612801950767 ], [ -2.445891773048004, 56.72260409068965 ], [ -2.445895727366861, 56.722595379486435 ], [ -2.445899706311249, 56.722586668471237 ], [ -2.445903708842045, 56.722577957774135 ], [ -2.445907733920123, 56.722569247525229 ], [ -2.445911780506368, 56.722560537854619 ], [ -2.445915847561652, 56.722551828892385 ], [ -2.445919934046862, 56.722543120768634 ], [ -2.445924038922876, 56.722534413613474 ], [ -2.44592816115058, 56.722525707556962 ], [ -2.445932299690856, 56.722517002729248 ], [ -2.445936453504588, 56.722508299260369 ], [ -2.445940621552663, 56.722499597280461 ], [ -2.445944802795969, 56.722490896919624 ], [ -2.445948996195389, 56.722482198307929 ], [ -2.445953200711817, 56.722473501575493 ], [ -2.445957415306145, 56.722464806852393 ], [ -2.445961638939255, 56.722456114268752 ], [ -2.445965870572046, 56.722447423954641 ], [ -2.445970109165409, 56.722438736040168 ], [ -2.445974353680237, 56.722430050655419 ], [ -2.445978603077425, 56.722421367930515 ], [ -2.44598285631787, 56.722412687995551 ], [ -2.445987112362468, 56.722404010980604 ], [ -2.445991370172119, 56.722395337015783 ], [ -2.445995628707718, 56.722386666231181 ], [ -2.445999886930168, 56.722377998756912 ], [ -2.44600414380037, 56.722369334723055 ], [ -2.446008398279223, 56.722360674259711 ], [ -2.446012649327634, 56.722352017496988 ], [ -2.446016895906505, 56.722343364564992 ], [ -2.446021136976739, 56.72233471559381 ], [ -2.446025371499243, 56.722326070713535 ], [ -2.446029598434928, 56.722317430054268 ], [ -2.446033816744697, 56.72230879374613 ], [ -2.44603802538946, 56.722300161919193 ], [ -2.446042223330127, 56.722291534703572 ], [ -2.446046409527611, 56.722282912229353 ], [ -2.446050582942823, 56.722274294626665 ], [ -2.446054742536675, 56.722265682025565 ], [ -2.446058887270081, 56.722257074556182 ], [ -2.446063016103954, 56.722248472348632 ], [ -2.446067127999213, 56.722239875532978 ], [ -2.446071221916776, 56.722231284239356 ], [ -2.446075296817555, 56.722222698597825 ], [ -2.446079351662474, 56.722214118738513 ], [ -2.446083385412449, 56.722205544791528 ], [ -2.446087397028405, 56.722196976886956 ], [ -2.446091385471261, 56.722188415154896 ], [ -2.44609534970194, 56.722179859725465 ], [ -2.446099288681367, 56.722171310728761 ], [ -2.446103201370462, 56.722162768294872 ], [ -2.446107086730155, 56.722154232553905 ], [ -2.446110943721374, 56.722145703635981 ], [ -2.44611477130504, 56.722137181671172 ], [ -2.446118568442088, 56.722128666789594 ], [ -2.446122334093443, 56.722120159121367 ], [ -2.446126067220038, 56.722111658796564 ], [ -2.446129766782802, 56.722103165945306 ], [ -2.446133431742667, 56.72209468069768 ], [ -2.446137058508516, 56.722086202645528 ], [ -2.446140632665158, 56.72207772909762 ], [ -2.446144136928233, 56.722069256757614 ], [ -2.446147554013392, 56.722060782329109 ], [ -2.446150866636293, 56.722052302515735 ], [ -2.446154057512605, 56.72204381402112 ], [ -2.446157109358021, 56.722035313548901 ], [ -2.446160004888239, 56.722026797802698 ], [ -2.446162726818978, 56.722018263486177 ], [ -2.44616525786597, 56.722009707302917 ], [ -2.446167580744961, 56.722001125956588 ], [ -2.446169678171714, 56.721992516150813 ], [ -2.446171532862007, 56.721983874589235 ], [ -2.446173127531636, 56.721975197975489 ], [ -2.446174444896412, 56.721966483013198 ], [ -2.446175467672163, 56.721957726405989 ], [ -2.446176178574736, 56.721948924857521 ], [ -2.446176560319993, 56.721940075071394 ], [ -2.446176595623816, 56.721931173751258 ], [ -2.446176267202105, 56.721922217600728 ], [ -2.446175557770783, 56.72191320332341 ], [ -2.446174450691931, 56.721904127724777 ], [ -2.446172964703369, 56.72189499318538 ], [ -2.446171171508621, 56.72188581043298 ], [ -2.446169147155941, 56.721876590880129 ], [ -2.4461669676935, 56.721867345939323 ], [ -2.446164709169403, 56.721858087023108 ], [ -2.446162447631672, 56.721848825543965 ], [ -2.446160259128254, 56.721839572914504 ], [ -2.446158219707023, 56.721830340547186 ], [ -2.446156405415773, 56.721821139854605 ], [ -2.446154892302223, 56.721811982249271 ], [ -2.446153756414023, 56.721802879143745 ], [ -2.446153073798745, 56.721793841950593 ], [ -2.446152920503902, 56.721784882082332 ], [ -2.446153372576933, 56.721776010951508 ], [ -2.446154506065212, 56.721767239970639 ], [ -2.446156397016064, 56.721758580552248 ], [ -2.446159121476752, 56.721750044108816 ], [ -2.446162755494494, 56.721741642052848 ], [ -2.446167375116456, 56.721733385796746 ], [ -2.446173056389775, 56.721725286752942 ], [ -2.446179870525705, 56.72171735570042 ], [ -2.446187789337518, 56.721709590399229 ], [ -2.446196691398076, 56.721701976396986 ], [ -2.446206451677587, 56.721694498769438 ], [ -2.446216945146353, 56.72168714259238 ], [ -2.446228046774777, 56.721679892941609 ], [ -2.446239631533353, 56.721672734892969 ], [ -2.446251574392658, 56.721665653522336 ], [ -2.446263750323346, 56.721658633905633 ], [ -2.44627603429615, 56.721651661118841 ], [ -2.446288301281875, 56.721644720237947 ], [ -2.446300426251405, 56.72163779633906 ], [ -2.446312284175687, 56.721630874498302 ], [ -2.446323750025744, 56.721623939791797 ], [ -2.446334698772675, 56.721616977295824 ], [ -2.446345005387649, 56.721609972086561 ], [ -2.446354544841925, 56.721602909240325 ], [ -2.446363192106836, 56.721595773833407 ], [ -2.446370822153809, 56.721588550942158 ], [ -2.446377309954369, 56.721581225642893 ], [ -2.446382530480135, 56.721573783011948 ], [ -2.446386358702849, 56.721566208125637 ], [ -2.446388669594367, 56.72155848606026 ], [ -2.446389397883022, 56.721550607050922 ], [ -2.446388725793959, 56.721542582699449 ], [ -2.446386899618736, 56.721534430138604 ], [ -2.446384165648825, 56.721526166501135 ], [ -2.446380770175491, 56.721517808919799 ], [ -2.446376959489791, 56.721509374527322 ], [ -2.446372979882566, 56.721500880456468 ], [ -2.446369077644429, 56.721492343840069 ], [ -2.446365499065768, 56.721483781810932 ], [ -2.44636249043674, 56.721475211501932 ], [ -2.44636029804728, 56.721466650045912 ], [ -2.446359168187088, 56.721458114575768 ], [ -2.44635931677946, 56.721449620473848 ], [ -2.446360741266198, 56.721441170527868 ], [ -2.446363343443576, 56.721432762011922 ], [ -2.446367024703526, 56.721424392176729 ], [ -2.446371686438083, 56.721416058273007 ], [ -2.446377230039371, 56.721407757551468 ], [ -2.446383556899599, 56.721399487262836 ], [ -2.446390568411064, 56.721391244657781 ], [ -2.446398165966153, 56.721383026987077 ], [ -2.446406250957341, 56.721374831501436 ], [ -2.446414724777177, 56.721366655451604 ], [ -2.446423488818305, 56.721358496088385 ], [ -2.446432444473445, 56.721350350662568 ], [ -2.446441493135403, 56.721342216424993 ], [ -2.446450536197065, 56.721334090626534 ], [ -2.446459475051402, 56.721325970518059 ], [ -2.446468211091462, 56.721317853350527 ], [ -2.446476645710375, 56.721309736374849 ], [ -2.44648468030136, 56.721301616842013 ], [ -2.446492216257707, 56.721293492003021 ], [ -2.446499154972797, 56.721285359108876 ], [ -2.446505398162697, 56.721277215417736 ], [ -2.446510892003617, 56.721269059167341 ], [ -2.446515672103003, 56.721260890565937 ], [ -2.446519784787139, 56.721252710057904 ], [ -2.446523276382271, 56.721244518087616 ], [ -2.446526193214603, 56.721236315099425 ], [ -2.446528581610303, 56.721228101537669 ], [ -2.446530487895499, 56.721219877846657 ], [ -2.446531958396281, 56.721211644470742 ], [ -2.446533039438695, 56.721203401854247 ], [ -2.446533777348753, 56.721195150441439 ], [ -2.446534218452428, 56.721186890676655 ], [ -2.446534409075648, 56.721178623004164 ], [ -2.446534395544303, 56.721170347868281 ], [ -2.446534224184246, 56.721162065713301 ], [ -2.446533941321285, 56.72115377698352 ], [ -2.446533593281193, 56.721145482123234 ], [ -2.4465332263897, 56.721137181576722 ], [ -2.446532886972494, 56.721128875788303 ], [ -2.446532621355225, 56.721120565202241 ], [ -2.446532475863503, 56.721112250262856 ], [ -2.446532496822896, 56.721103931414454 ], [ -2.446532730558931, 56.721095609101297 ], [ -2.446533223382264, 56.721087283767531 ], [ -2.446534008810347, 56.721078955718539 ], [ -2.446535084205099, 56.721070624867579 ], [ -2.446536440586307, 56.72106229105912 ], [ -2.446538068973774, 56.721053954137638 ], [ -2.446539960387308, 56.721045613947624 ], [ -2.446542105846718, 56.721037270333518 ], [ -2.446544496371834, 56.721028923139791 ], [ -2.446547122982482, 56.721020572210946 ], [ -2.446549976698499, 56.72101221739144 ], [ -2.446553048539734, 56.721003858525698 ], [ -2.446556329526037, 56.720995495458254 ], [ -2.44655981067727, 56.720987128033542 ], [ -2.446563483013303, 56.720978756096017 ], [ -2.446567337554012, 56.720970379490169 ], [ -2.44657136531928, 56.720961998060446 ], [ -2.446575557328998, 56.720953611651353 ], [ -2.446579904603067, 56.720945220107332 ], [ -2.446584398161395, 56.720936823272858 ], [ -2.446589029023894, 56.720928420992408 ], [ -2.446593788210489, 56.720920013110444 ], [ -2.446598666741111, 56.720911599471449 ], [ -2.446603655635695, 56.720903179919887 ], [ -2.446608745914191, 56.72089475430024 ], [ -2.44661392859655, 56.720886322456991 ], [ -2.446619194702733, 56.720877884234604 ], [ -2.446624535252711, 56.720869439477568 ], [ -2.446629941266461, 56.72086098803036 ], [ -2.446635403763965, 56.720852529737471 ], [ -2.446640913765219, 56.720844064443369 ], [ -2.446646462290226, 56.720835591992547 ], [ -2.446652040358986, 56.720827112229507 ], [ -2.446657639251621, 56.720818625044892 ], [ -2.446663256589905, 56.720810131455401 ], [ -2.446668896543655, 56.720801633640342 ], [ -2.446674563584053, 56.720793133832565 ], [ -2.446680262182286, 56.720784634264874 ], [ -2.446685996809535, 56.720776137170105 ], [ -2.446691771936982, 56.720767644781098 ], [ -2.446697592035801, 56.720759159330676 ], [ -2.446703461577166, 56.720750683051691 ], [ -2.446709385032254, 56.720742218176923 ], [ -2.446715366872229, 56.720733766939233 ], [ -2.446721411568261, 56.720725331571437 ], [ -2.44672752359151, 56.720716914306365 ], [ -2.446733707413143, 56.720708517376828 ], [ -2.446739967504318, 56.720700143015641 ], [ -2.446746308336191, 56.72069179345565 ], [ -2.446752734379921, 56.720683470929671 ], [ -2.446759250106659, 56.7206751776705 ], [ -2.446765859987555, 56.720666915910954 ], [ -2.446772568493762, 56.720658687883883 ], [ -2.446779380096423, 56.720650495822099 ], [ -2.44678629926669, 56.720642341958367 ], [ -2.446793330475702, 56.720634228525562 ], [ -2.446800478194604, 56.720626157756449 ], [ -2.446807746894537, 56.720618131883867 ], [ -2.446815141046643, 56.720610153140612 ], [ -2.446822665122059, 56.720602223759478 ], [ -2.446830323591925, 56.720594345973296 ], [ -2.446838120927377, 56.72058652201487 ], [ -2.446846061599551, 56.720578754116993 ], [ -2.446854150079584, 56.720571044512461 ], [ -2.446862390838612, 56.72056339543407 ], [ -2.446870788347769, 56.72055580911465 ], [ -2.446879347078192, 56.720548287786961 ], [ -2.446888071501017, 56.720540833683806 ], [ -2.446896966087374, 56.720533449037987 ], [ -2.446906035308406, 56.720526136082285 ], [ -2.446915283635247, 56.720518897049494 ], [ -2.446924715539032, 56.720511734172405 ], [ -2.446934335490902, 56.720504649683782 ], [ -2.446944147961998, 56.72049764581643 ], [ -2.446954157423459, 56.720490724803128 ], [ -2.446964368345012, 56.720483888876032 ], [ -2.446974781524296, 56.720477138693639 ], [ -2.446985386132245, 56.720470469931826 ], [ -2.446996169044151, 56.720463877282675 ], [ -2.447007117135309, 56.720457355438263 ], [ -2.44701821728102, 56.720450899090643 ], [ -2.447029456356584, 56.720444502931954 ], [ -2.447040821237315, 56.720438161654243 ], [ -2.447052298798522, 56.720431869949628 ], [ -2.447063875915518, 56.720425622510213 ], [ -2.447075539463627, 56.720419414028086 ], [ -2.447087276318168, 56.720413239195366 ], [ -2.447099073354462, 56.720407092704178 ], [ -2.447110917447834, 56.720400969246619 ], [ -2.447122795473616, 56.720394863514819 ], [ -2.447134694307138, 56.720388770200934 ], [ -2.447146600823724, 56.720382683997052 ], [ -2.447158501898715, 56.720376599595362 ], [ -2.447170384407444, 56.72037051168796 ], [ -2.447182235225247, 56.720364414967015 ], [ -2.447194041227463, 56.720358304124694 ], [ -2.447205789289434, 56.720352173853144 ], [ -2.447217466286502, 56.720346018844538 ], [ -2.447229059094012, 56.720339833791023 ], [ -2.447240554587312, 56.720333613384788 ], [ -2.447251939641752, 56.720327352318023 ], [ -2.447263201132687, 56.720321045282887 ], [ -2.44727432593547, 56.720314686971577 ], [ -2.447285300925465, 56.720308272076288 ], [ -2.447296112978033, 56.720301795289203 ], [ -2.447306748968547, 56.720295251302538 ], [ -2.447317195772376, 56.720288634808497 ], [ -2.447327440264903, 56.72028194049927 ], [ -2.447337469321509, 56.720275163067065 ], [ -2.447347269817588, 56.720268297204115 ], [ -2.447356828628537, 56.720261337602601 ], [ -2.447366132629764, 56.720254278954798 ], [ -2.447375169988816, 56.720247116971812 ], [ -2.447383937238796, 56.72023985396158 ], [ -2.447392434244362, 56.720232494859125 ], [ -2.447400660878766, 56.720225044606273 ], [ -2.447408617015257, 56.720217508144835 ], [ -2.447416302527105, 56.720209890416605 ], [ -2.447423717287583, 56.720202196363395 ], [ -2.447430861169966, 56.720194430927009 ], [ -2.447437734047544, 56.720186599049264 ], [ -2.447444335793608, 56.720178705671941 ], [ -2.447450666281456, 56.720170755736852 ], [ -2.447456725384394, 56.720162754185793 ], [ -2.447462512975734, 56.720154705960539 ], [ -2.447468028928788, 56.720146616002907 ], [ -2.447473273116877, 56.720138489254694 ], [ -2.447478245413329, 56.720130330657689 ], [ -2.44748294569147, 56.72012214515366 ], [ -2.447487373824631, 56.720113937684395 ], [ -2.447491529686152, 56.720105713191714 ], [ -2.447495413305987, 56.720097475913896 ], [ -2.447499025518077, 56.720089226478166 ], [ -2.447502367413632, 56.72008096435615 ], [ -2.447505440083974, 56.720072689018998 ], [ -2.447508244620424, 56.720064399937819 ], [ -2.447510782114306, 56.720056096583754 ], [ -2.447513053656941, 56.720047778427904 ], [ -2.447515060339651, 56.720039444941413 ], [ -2.447516803253755, 56.720031095595395 ], [ -2.447518283490576, 56.720022729860965 ], [ -2.447519502141428, 56.720014347209229 ], [ -2.447520460297638, 56.720005947111318 ], [ -2.44752115905052, 56.719997529038338 ], [ -2.447521599491396, 56.719989092461411 ], [ -2.447521782711584, 56.719980636851624 ], [ -2.447521709802403, 56.719972161680097 ], [ -2.447521381855168, 56.719963666417954 ], [ -2.447520799961201, 56.719955150536265 ], [ -2.447519965211818, 56.71994661350616 ], [ -2.447518878698337, 56.719938054798739 ], [ -2.447517541512079, 56.719929473885081 ], [ -2.447515955550208, 56.71992087031451 ], [ -2.447514132213326, 56.719912244558778 ], [ -2.447512089098161, 56.719903597690923 ], [ -2.447509843907655, 56.719894930794396 ], [ -2.447507414344742, 56.719886244952576 ], [ -2.44750481811233, 56.719877541248927 ], [ -2.447502072913312, 56.719868820766834 ], [ -2.447499196450572, 56.719860084589698 ], [ -2.447496206426971, 56.719851333800968 ], [ -2.447493120545358, 56.719842569484044 ], [ -2.447489956508561, 56.719833792722333 ], [ -2.447486732019396, 56.719825004599279 ], [ -2.447483464780661, 56.719816206198296 ], [ -2.447480172495134, 56.719807398602796 ], [ -2.447476872865583, 56.719798582896217 ], [ -2.447473583594752, 56.719789760161973 ], [ -2.447470322385374, 56.719780931483498 ], [ -2.44746710694016, 56.719772097944244 ], [ -2.447463954961809, 56.719763260627609 ], [ -2.447460884153005, 56.719754420617043 ], [ -2.447457912216406, 56.719745578995983 ], [ -2.447455056854659, 56.719736736847842 ], [ -2.447452335770397, 56.719727895256113 ], [ -2.447449766666232, 56.719719055304182 ], [ -2.447447367244759, 56.719710218075505 ], [ -2.447445155208559, 56.719701384653519 ], [ -2.447443148260193, 56.719692556121672 ], [ -2.447441364102211, 56.7196837335634 ], [ -2.447439820437142, 56.719674918062154 ], [ -2.447438534967499, 56.719666110701347 ], [ -2.447437525395781, 56.719657312564443 ], [ -2.447436809424469, 56.719648524734865 ], [ -2.447436401310739, 56.719639748091325 ], [ -2.447436296099333, 56.719630982370752 ], [ -2.447436482177807, 56.719622226914495 ], [ -2.447436947927216, 56.719613481063504 ], [ -2.447437681728639, 56.719604744158723 ], [ -2.447438671963155, 56.719596015541093 ], [ -2.447439907011861, 56.719587294551559 ], [ -2.447441375255862, 56.719578580531085 ], [ -2.447443065076275, 56.719569872820585 ], [ -2.447444964854226, 56.719561170761004 ], [ -2.447447062970853, 56.719552473693305 ], [ -2.447449347807299, 56.719543780958404 ], [ -2.447451807744733, 56.719535091897278 ], [ -2.447454431164317, 56.719526405850814 ], [ -2.447457206447234, 56.719517722159992 ], [ -2.447460121974674, 56.719509040165754 ], [ -2.447463166127836, 56.719500359209029 ], [ -2.447466327287935, 56.719491678630753 ], [ -2.447469593836185, 56.719482997771912 ], [ -2.447472954153826, 56.719474315973422 ], [ -2.447476396622099, 56.71946563257621 ], [ -2.447479909622253, 56.719456946921262 ], [ -2.447483481535556, 56.719448258349509 ], [ -2.447487100743276, 56.719439566201899 ], [ -2.447490755626698, 56.719430869819391 ], [ -2.447494434567117, 56.719422168542955 ], [ -2.447498125945843, 56.719413461713522 ], [ -2.447501818144179, 56.719404748672034 ], [ -2.44750549954346, 56.71939602875949 ], [ -2.447509158525019, 56.719387301316821 ], [ -2.447512783470199, 56.719378565684991 ], [ -2.44751636276036, 56.719369821204964 ], [ -2.447519884776865, 56.719361067217726 ], [ -2.447523337901097, 56.719352303064213 ], [ -2.447526710514438, 56.719343528085382 ], [ -2.447529990998292, 56.719334741622241 ], [ -2.447533167734064, 56.719325943015718 ], [ -2.447536229103176, 56.719317131606793 ], [ -2.44753916348706, 56.719308306736451 ], [ -2.447541959272786, 56.719299467746232 ], [ -2.447544610410496, 56.71929061452991 ], [ -2.447547126837013, 56.719281748568442 ], [ -2.447549521343201, 56.719272871626103 ], [ -2.447551806719911, 56.719263985467137 ], [ -2.447553995757984, 56.719255091855821 ], [ -2.447556101248249, 56.719246192556412 ], [ -2.447558135981523, 56.719237289333186 ], [ -2.447560112748615, 56.719228383950401 ], [ -2.447562044340311, 56.719219478172299 ], [ -2.447563943547403, 56.719210573763171 ], [ -2.447565823160657, 56.719201672487252 ], [ -2.447567695970834, 56.719192776108805 ], [ -2.447569574768681, 56.719183886392102 ], [ -2.447571472344934, 56.719175005101398 ], [ -2.447573401490321, 56.719166134000922 ], [ -2.447575374995552, 56.71915727485495 ], [ -2.447577405651326, 56.71914842942774 ], [ -2.447579506248338, 56.719139599483533 ], [ -2.447581689577267, 56.719130786786586 ], [ -2.447583968428777, 56.719121993101147 ], [ -2.447586355593527, 56.719113220191488 ], [ -2.447588863862163, 56.719104469821815 ], [ -2.447591506025319, 56.719095743756398 ], [ -2.447594294873617, 56.71908704375948 ], [ -2.447597243197673, 56.719078371595323 ], [ -2.447600363788089, 56.719069729028135 ], [ -2.447603669435456, 56.719061117822172 ], [ -2.447607172930359, 56.719052539741689 ], [ -2.447610887063368, 56.719043996550887 ], [ -2.447614824606067, 56.719035490011088 ], [ -2.447618992304898, 56.719027020948992 ], [ -2.447623382315007, 56.719018587928055 ], [ -2.447627984626048, 56.719010189175876 ], [ -2.447632789227678, 56.719001822920013 ], [ -2.447637786109571, 56.718993487388047 ], [ -2.447642965261402, 56.718985180807536 ], [ -2.447648316672859, 56.718976901406073 ], [ -2.447653830333637, 56.718968647411209 ], [ -2.447659496233441, 56.718960417050539 ], [ -2.447665304361982, 56.718952208551627 ], [ -2.447671244708983, 56.718944020142068 ], [ -2.447677307264169, 56.718935850049419 ], [ -2.447683482017277, 56.718927696501289 ], [ -2.447689758958052, 56.718919557725251 ], [ -2.447696128076243, 56.718911431948875 ], [ -2.447702579361609, 56.718903317399779 ], [ -2.447709102803919, 56.718895212305533 ], [ -2.447715688392946, 56.718887114893725 ], [ -2.447722326118472, 56.718879023391956 ], [ -2.447729005970283, 56.718870936027805 ], [ -2.447735717938178, 56.718862851028902 ], [ -2.447742452011956, 56.718854766622819 ], [ -2.447749198181432, 56.718846681037157 ], [ -2.447755946436423, 56.718838592499552 ], [ -2.447762686766753, 56.718830499237562 ], [ -2.447769409162255, 56.718822399478853 ], [ -2.447776103612767, 56.71881429145099 ], [ -2.447782760108137, 56.718806173381601 ], [ -2.447789368638221, 56.718798043498303 ], [ -2.447795919192878, 56.718789900028717 ], [ -2.447802401761979, 56.718781741200452 ], [ -2.4478088063354, 56.718773565241136 ], [ -2.447815122903025, 56.718765370378385 ], [ -2.447821341454747, 56.718757154839842 ], [ -2.447827451980464, 56.718748916853116 ], [ -2.447833444470087, 56.718740654645828 ], [ -2.447839308913529, 56.718732366445643 ], [ -2.447845035300716, 56.718724050480169 ], [ -2.447850613621578, 56.718715704977036 ], [ -2.44785603390301, 56.718707328170822 ], [ -2.447861292145717, 56.718698919416227 ], [ -2.447866396863745, 56.718690480414246 ], [ -2.447871358144761, 56.718682013161029 ], [ -2.447876186076428, 56.71867351965264 ], [ -2.447880890746402, 56.718665001885192 ], [ -2.447885482242325, 56.718656461854771 ], [ -2.447889970651839, 56.718647901557489 ], [ -2.447894366062575, 56.718639322989389 ], [ -2.447898678562156, 56.718630728146586 ], [ -2.447902918238196, 56.718622119025206 ], [ -2.447907095178301, 56.71861349762127 ], [ -2.447911219470074, 56.718604865930892 ], [ -2.447915301201103, 56.718596225950137 ], [ -2.447919350458971, 56.71858757967513 ], [ -2.447923377331253, 56.718578929101895 ], [ -2.447927391905514, 56.718570276226536 ], [ -2.44793140426931, 56.718561623045119 ], [ -2.447935424510195, 56.718552971553727 ], [ -2.447939462715705, 56.718544323748446 ], [ -2.447943528973376, 56.718535681625333 ], [ -2.44794763337073, 56.718527047180459 ], [ -2.447951785995282, 56.718518422409893 ], [ -2.447955996934545, 56.718509809309715 ], [ -2.447960276276015, 56.718501209875981 ], [ -2.447964634107183, 56.718492626104762 ], [ -2.447969080515533, 56.718484059992093 ], [ -2.447973625588542, 56.718475513534095 ], [ -2.447978279413676, 56.718466988726767 ], [ -2.447983052078397, 56.718458487566203 ], [ -2.447987953670155, 56.71845001204845 ], [ -2.447992992779556, 56.718441563888803 ], [ -2.447998168161712, 56.7184331429577 ], [ -2.44800347460164, 56.718424748380912 ], [ -2.448008906873324, 56.718416379282139 ], [ -2.448014459750749, 56.718408034785078 ], [ -2.448020128007911, 56.718399714013444 ], [ -2.448025906418798, 56.718391416090931 ], [ -2.448031789757418, 56.718383140141221 ], [ -2.448037772797769, 56.718374885288071 ], [ -2.448043850313864, 56.718366650655135 ], [ -2.448050017079717, 56.718358435366135 ], [ -2.448056267869341, 56.718350238544772 ], [ -2.448062597456761, 56.718342059314772 ], [ -2.448069000616004, 56.71833389679982 ], [ -2.448075472121094, 56.718325750123647 ], [ -2.44808200674607, 56.718317618409934 ], [ -2.448088599264969, 56.718309500782411 ], [ -2.448095244451833, 56.718301396364801 ], [ -2.448101937080707, 56.718293304280778 ], [ -2.44810867192564, 56.7182852236541 ], [ -2.448115443760688, 56.718277153608454 ], [ -2.448122247359905, 56.718269093267573 ], [ -2.448129077497357, 56.718261041755149 ], [ -2.448135928947107, 56.718252998194934 ], [ -2.448142796483225, 56.718244961710624 ], [ -2.448149674879782, 56.718236931425956 ], [ -2.448156558910854, 56.718228906464624 ], [ -2.448163443350525, 56.718220885950409 ], [ -2.448170322972879, 56.718212869006948 ], [ -2.448177192552001, 56.718204854758035 ], [ -2.448184046861986, 56.718196842327394 ], [ -2.448190880676928, 56.718188830838727 ], [ -2.448197688770924, 56.71818081941575 ], [ -2.448204465918082, 56.718172807182249 ], [ -2.448211206892507, 56.718164793261906 ], [ -2.448217906468307, 56.718156776778471 ], [ -2.448224559419599, 56.718148756855683 ], [ -2.448231160520503, 56.718140732617258 ], [ -2.448237704545138, 56.718132703186953 ], [ -2.448244186267632, 56.7181246676885 ], [ -2.448250600462116, 56.718116625245607 ], [ -2.448256941902721, 56.718108574982061 ], [ -2.448263205363584, 56.718100516021558 ], [ -2.44826938561885, 56.718092447487891 ], [ -2.448275477442664, 56.718084368504748 ], [ -2.448281475609598, 56.718076278195902 ], [ -2.44828737709205, 56.718068175727787 ], [ -2.448293186183691, 56.718060060408881 ], [ -2.44829890870077, 56.718051931577321 ], [ -2.448304550459527, 56.718043788571165 ], [ -2.448310117276196, 56.71803563072848 ], [ -2.448315614967008, 56.718027457387379 ], [ -2.448321049348195, 56.718019267885921 ], [ -2.448326426235971, 56.718011061562173 ], [ -2.448331751446554, 56.718002837754227 ], [ -2.448337030796153, 56.717994595800143 ], [ -2.448342270100973, 56.717986335038027 ], [ -2.448347475177215, 56.71797805480589 ], [ -2.448352651841074, 56.717969754441867 ], [ -2.448357805908737, 56.717961433283996 ], [ -2.448362943196387, 56.717953090670363 ], [ -2.448368069520204, 56.717944725939006 ], [ -2.448373190696358, 56.717936338428032 ], [ -2.448378312541022, 56.717927927475479 ], [ -2.448383440870352, 56.717919492419419 ], [ -2.448388581500508, 56.717911032597932 ], [ -2.448393740247637, 56.71790254734907 ], [ -2.448398922927887, 56.717894036010875 ], [ -2.448404135357398, 56.717885497921429 ], [ -2.448409383352303, 56.717876932418811 ], [ -2.448414672728727, 56.717868338841058 ], [ -2.448420009302796, 56.717859716526213 ], [ -2.448425398890627, 56.717851064812344 ], [ -2.448430847308327, 56.717842383037535 ], [ -2.448436360372003, 56.717833670539811 ], [ -2.448441943897752, 56.717824926657237 ], [ -2.448447603701668, 56.717816150727856 ], [ -2.448453345599837, 56.717807342089721 ], [ -2.448459175408338, 56.717798500080903 ], [ -2.448465098943245, 56.717789624039426 ], [ -2.44847112202063, 56.717780713303327 ], [ -2.448477250456547, 56.717771767210692 ], [ -2.448483490067055, 56.717762785099538 ], [ -2.448489842200183, 56.717753767570095 ], [ -2.448496233875094, 56.717744736219977 ], [ -2.448502530811574, 56.717735729963515 ], [ -2.448508596897784, 56.717726788232547 ], [ -2.448514296022043, 56.717717950458862 ], [ -2.44851949207281, 56.717709256074357 ], [ -2.448524048938688, 56.717700744510914 ], [ -2.448527830508391, 56.717692455200421 ], [ -2.448530700670755, 56.717684427574774 ], [ -2.448532523314704, 56.717676701065869 ], [ -2.44853316232923, 56.717669315105603 ], [ -2.448532481603388, 56.717662309125821 ], [ -2.448530345655224, 56.717655722371497 ], [ -2.448526685339109, 56.717649574384716 ], [ -2.448521555397219, 56.717643847910985 ], [ -2.448515024138558, 56.717638521666153 ], [ -2.448507159872022, 56.717633574366047 ], [ -2.448498030906402, 56.717628984726495 ], [ -2.448487705550404, 56.717624731463253 ], [ -2.448476252112661, 56.717620793292099 ], [ -2.448463738901749, 56.717617148928788 ], [ -2.448450234226186, 56.717613777089063 ], [ -2.44843580639446, 56.717610656488709 ], [ -2.448420523715021, 56.71760776584351 ], [ -2.448404454496306, 56.71760508386923 ], [ -2.448387667046743, 56.717602589281661 ], [ -2.448370229674756, 56.717600260796665 ], [ -2.448352210688766, 56.717598077130084 ], [ -2.448333678397212, 56.71759601699781 ], [ -2.448314701108548, 56.71759405911574 ], [ -2.448295347131244, 56.717592182199887 ], [ -2.448275684773801, 56.717590364966199 ], [ -2.44825578234474, 56.717588586130731 ], [ -2.44823570815262, 56.717586824409558 ], [ -2.448215530506023, 56.717585058518807 ], [ -2.448195317713573, 56.717583267174653 ], [ -2.448175138083917, 56.717581429093286 ], [ -2.448155059925741, 56.717579522990995 ], [ -2.448135151547762, 56.717577527584041 ], [ -2.448133416705125, 56.717577341843622 ] ] ], [ [ [ -2.433764951788258, 56.742822225700515 ], [ -2.433763137243234, 56.74282566133688 ], [ -2.433758464405537, 56.742834354349625 ], [ -2.43375371234935, 56.742843027930263 ], [ -2.433748882965673, 56.742851682494326 ], [ -2.433743978333641, 56.742860318512328 ], [ -2.433739000532396, 56.742868936454855 ], [ -2.433733951641078, 56.742877536792406 ], [ -2.433728833738833, 56.742886119995582 ], [ -2.433723648904801, 56.742894686534918 ], [ -2.433718399218134, 56.742903236880956 ], [ -2.433713086757977, 56.742911771504261 ], [ -2.43370771360348, 56.742920290875368 ], [ -2.433702281833797, 56.742928795464834 ], [ -2.433696793528084, 56.742937285743217 ], [ -2.433691250765491, 56.742945762181073 ], [ -2.43368565562518, 56.742954225248951 ], [ -2.433680010186309, 56.742962675417402 ], [ -2.433674316528035, 56.742971113156976 ], [ -2.433668576729525, 56.742979538938243 ], [ -2.43366279286994, 56.74298795323174 ], [ -2.433656967028444, 56.742996356508016 ], [ -2.433651101284209, 56.743004749237649 ], [ -2.433645197716399, 56.743013131891175 ], [ -2.433639258404188, 56.743021504939172 ], [ -2.433633285426746, 56.743029868852169 ], [ -2.433627280863247, 56.743038224100744 ], [ -2.433621246792866, 56.743046571155446 ], [ -2.433615185294778, 56.743054910486819 ], [ -2.433609098448164, 56.743063242565441 ], [ -2.433602988332202, 56.743071567861868 ], [ -2.433596857026076, 56.743079886846658 ], [ -2.433590706608963, 56.743088199990368 ], [ -2.433584539160051, 56.743096507763539 ], [ -2.433578356758528, 56.743104810636744 ], [ -2.433572161483578, 56.743113109080561 ], [ -2.433565955414391, 56.743121403565524 ], [ -2.433559740630157, 56.743129694562214 ], [ -2.433553519210067, 56.743137982541185 ], [ -2.433547293233319, 56.743146267972989 ], [ -2.433541064779104, 56.74315455132821 ], [ -2.433534835926616, 56.743162833077385 ], [ -2.433528608755058, 56.743171113691119 ], [ -2.433522385343628, 56.743179393639927 ], [ -2.433516167771526, 56.743187673394395 ], [ -2.433509958117953, 56.743195953425101 ], [ -2.433503758462118, 56.743204234202594 ], [ -2.433497570883222, 56.743212516197431 ], [ -2.433491397460473, 56.743220799880191 ], [ -2.433485240273078, 56.743229085721445 ], [ -2.43347910140025, 56.74323737419175 ], [ -2.433472982921198, 56.743245665761691 ], [ -2.433466886915137, 56.743253960901797 ], [ -2.43346081546128, 56.743262260082673 ], [ -2.433454770638843, 56.743270563774878 ], [ -2.433448754527044, 56.743278872448968 ], [ -2.433442769205101, 56.743287186575529 ], [ -2.433436816752238, 56.743295506625138 ], [ -2.433430899247674, 56.743303833068339 ], [ -2.433425018770633, 56.743312166375709 ], [ -2.43341917740034, 56.743320507017827 ], [ -2.433413377216026, 56.743328855465265 ], [ -2.433407620296913, 56.743337212188607 ], [ -2.433401908722235, 56.743345577658395 ], [ -2.433396244571225, 56.743353952345224 ], [ -2.433390629923111, 56.743362336719663 ], [ -2.433385066857133, 56.743370731252277 ], [ -2.433379557452526, 56.743379136413623 ], [ -2.433374103788527, 56.743387552674328 ], [ -2.433368707944377, 56.743395980504921 ], [ -2.433363371999318, 56.743404420375988 ], [ -2.433358098032592, 56.743412872758107 ], [ -2.433352888121963, 56.743421338121529 ], [ -2.433347742558704, 56.743429816547817 ], [ -2.43334265638024, 56.743438306975449 ], [ -2.433337623663053, 56.743446808133832 ], [ -2.433332638483614, 56.743455318752375 ], [ -2.433327694918397, 56.743463837560469 ], [ -2.433322787043867, 56.743472363287516 ], [ -2.433317908936483, 56.74348089466293 ], [ -2.433313054672701, 56.743489430416084 ], [ -2.433308218328975, 56.74349796927639 ], [ -2.433303393981748, 56.743506509973273 ], [ -2.433298575707465, 56.743515051236081 ], [ -2.433293757582566, 56.743523591794229 ], [ -2.43328893368348, 56.743532130377112 ], [ -2.433284098086637, 56.743540665714121 ], [ -2.43327924486846, 56.743549196534659 ], [ -2.433274368105371, 56.743557721568095 ], [ -2.433269461873781, 56.743566239543853 ], [ -2.4332645202501, 56.743574749191289 ], [ -2.433259537310732, 56.743583249239798 ], [ -2.43325450713208, 56.743591738418786 ], [ -2.433249423790542, 56.743600215457604 ], [ -2.433244281362505, 56.743608679085675 ], [ -2.433239073924362, 56.743617128032355 ], [ -2.433233795552487, 56.743625561027038 ], [ -2.433228440323267, 56.743633976799103 ], [ -2.433223002313071, 56.743642374077922 ], [ -2.433217475598273, 56.743650751592895 ], [ -2.433211854255233, 56.743659108073381 ], [ -2.433206132360318, 56.743667442248757 ], [ -2.433200303989878, 56.743675752848411 ], [ -2.433194363968086, 56.743684038637284 ], [ -2.433188331669992, 56.743692299548826 ], [ -2.433182255969834, 56.743700536920436 ], [ -2.433176187489816, 56.743708752172715 ], [ -2.433170176852186, 56.743716946726259 ], [ -2.433164274679238, 56.743725122001727 ], [ -2.433158531593302, 56.743733279419722 ], [ -2.433152998216755, 56.743741420400909 ], [ -2.433147725172017, 56.74374954636594 ], [ -2.433142763081544, 56.743757658735461 ], [ -2.433138162567838, 56.743765758930159 ], [ -2.433133974253442, 56.743773848370701 ], [ -2.433130248760937, 56.743781928477752 ], [ -2.433127036712951, 56.743790000672007 ], [ -2.433124388732149, 56.743798066374133 ], [ -2.433122355441244, 56.743806127004817 ], [ -2.433120987462982, 56.743814183984725 ], [ -2.433120335420159, 56.743822238734509 ], [ -2.43312044993561, 56.743830292674858 ], [ -2.433121381632209, 56.743838347226379 ], [ -2.433123181132881, 56.743846403809712 ], [ -2.433125886756069, 56.743854463692536 ], [ -2.433129467558029, 56.743862527281564 ], [ -2.433133868380244, 56.743870594682562 ], [ -2.433139034038672, 56.743878666000953 ], [ -2.433144909349232, 56.743886741342138 ], [ -2.433151439127788, 56.743894820811519 ], [ -2.433158568190161, 56.74390290451452 ], [ -2.433166241352129, 56.743910992556557 ], [ -2.433174403429424, 56.743919085043032 ], [ -2.433182999237725, 56.743927182079382 ], [ -2.433191973592672, 56.743935283771044 ], [ -2.433201271309853, 56.74394339022345 ], [ -2.433210837204817, 56.743951501542057 ], [ -2.433220616093057, 56.743959617832353 ], [ -2.433230552790025, 56.743967739199817 ], [ -2.43324059211113, 56.743975865749938 ], [ -2.433250678871725, 56.743983997588266 ], [ -2.433260757887124, 56.74399213482031 ], [ -2.433270773972591, 56.744000277551656 ], [ -2.433280671943344, 56.744008425887841 ], [ -2.433290396614551, 56.74401657993446 ], [ -2.433299892801341, 56.74402473979714 ], [ -2.433309105318787, 56.74403290558147 ], [ -2.433317978981918, 56.744041077393106 ], [ -2.433326458605719, 56.744049255337664 ], [ -2.433334489005121, 56.744057439520816 ], [ -2.433342014995012, 56.744065630048226 ], [ -2.433348981390231, 56.744073827025559 ], [ -2.433355333005573, 56.744082030558502 ], [ -2.433361014655776, 56.744090240752719 ], [ -2.43336597115554, 56.744098457713882 ], [ -2.4333701491247, 56.744106681524087 ], [ -2.433373534659051, 56.74411491174984 ], [ -2.433376152227428, 56.744123147456428 ], [ -2.433378027883248, 56.744131387688427 ], [ -2.433379187679942, 56.744139631490405 ], [ -2.433379657670968, 56.744147877906883 ], [ -2.4333794639098, 56.744156125982443 ], [ -2.433378632449942, 56.744164374761603 ], [ -2.433377189344912, 56.744172623288861 ], [ -2.433375160648259, 56.744180870608751 ], [ -2.433372572413548, 56.744189115765778 ], [ -2.433369450694373, 56.744197357804424 ], [ -2.433365821544341, 56.744205595769216 ], [ -2.433361711017094, 56.744213828704623 ], [ -2.433357145166289, 56.744222055655122 ], [ -2.433352150045611, 56.744230275665252 ], [ -2.433346751708767, 56.744238487779477 ], [ -2.433340976209485, 56.744246691042278 ], [ -2.433334849601518, 56.744254884498154 ], [ -2.433328397938646, 56.744263067191632 ], [ -2.433321647274667, 56.744271238167158 ], [ -2.433314623663403, 56.744279396469281 ], [ -2.433307353158705, 56.744287541142477 ], [ -2.433299861814446, 56.744295671231271 ], [ -2.433292175684513, 56.744303785780183 ], [ -2.433284320822829, 56.744311883833731 ], [ -2.433276323283333, 56.744319964436443 ], [ -2.433268209119994, 56.744328026632864 ], [ -2.433260004386792, 56.744336069467522 ], [ -2.433251735137743, 56.744344091984985 ], [ -2.43324342742688, 56.7443520932298 ], [ -2.433235107308258, 56.744360072246515 ], [ -2.433226800835957, 56.744368028079741 ], [ -2.433218530956736, 56.744375960006181 ], [ -2.433210302840441, 56.744383868630756 ], [ -2.433202115345817, 56.744391755029888 ], [ -2.433193967324089, 56.744399620280568 ], [ -2.43318585762649, 56.744407465459787 ], [ -2.433177785104242, 56.744415291644529 ], [ -2.433169748608567, 56.744423099911778 ], [ -2.43316174699069, 56.744430891338531 ], [ -2.433153779101829, 56.744438667001781 ], [ -2.433145843793202, 56.744446427978481 ], [ -2.433137939916025, 56.744454175345631 ], [ -2.433130066321509, 56.744461910180227 ], [ -2.433122221860869, 56.74446963355927 ], [ -2.433114405385315, 56.744477346559698 ], [ -2.433106615746054, 56.74448505025854 ], [ -2.433098851794293, 56.744492745732735 ], [ -2.433091112381237, 56.74450043405934 ], [ -2.43308339635809, 56.744508116315238 ], [ -2.43307570257605, 56.744515793577492 ], [ -2.433068029886317, 56.744523466923063 ], [ -2.43306037714009, 56.744531137428915 ], [ -2.433052743188564, 56.744538806172052 ], [ -2.433045126882931, 56.744546474229438 ], [ -2.433037527074385, 56.744554142678069 ], [ -2.433029942614115, 56.744561812594924 ], [ -2.433022372353309, 56.744569485056957 ], [ -2.433014815143157, 56.744577161141187 ], [ -2.433007269834838, 56.744584841924592 ], [ -2.432999735279542, 56.744592528484098 ], [ -2.432992210328444, 56.744600221896754 ], [ -2.432984693832728, 56.744607923239514 ], [ -2.432977184643571, 56.744615633589341 ], [ -2.432969681612149, 56.744623354023219 ], [ -2.432962183589636, 56.744631085618146 ], [ -2.432954689427202, 56.74463882945107 ], [ -2.432947197976022, 56.744646586598989 ], [ -2.432939708087263, 56.744654358138874 ], [ -2.432932218612093, 56.7446621451477 ], [ -2.432924728401678, 56.744669948702452 ], [ -2.432917236307179, 56.744677769880099 ], [ -2.432909741185595, 56.744685609756495 ], [ -2.432902243667, 56.744693469068444 ], [ -2.432894748640551, 56.74470134773825 ], [ -2.432887261621778, 56.744709245568458 ], [ -2.432879788126228, 56.744717162361596 ], [ -2.432872333669441, 56.744725097920202 ], [ -2.43286490376697, 56.744733052046804 ], [ -2.432857503934371, 56.744741024543963 ], [ -2.432850139687202, 56.744749015214204 ], [ -2.432842816541031, 56.74475702386006 ], [ -2.432835540011425, 56.744765050284109 ], [ -2.432828315613958, 56.744773094288853 ], [ -2.432821148864211, 56.744781155676861 ], [ -2.43281404527777, 56.744789234250689 ], [ -2.432807010370224, 56.744797329812869 ], [ -2.432800049657166, 56.744805442165934 ], [ -2.432793168654197, 56.744813571112481 ], [ -2.43278637287692, 56.744821716455036 ], [ -2.432779667840947, 56.744829877996153 ], [ -2.432773059061894, 56.744838055538381 ], [ -2.432766552055376, 56.744846248884286 ], [ -2.432760152337022, 56.744854457836411 ], [ -2.432753865422461, 56.744862682197336 ], [ -2.432747696827328, 56.744870921769596 ], [ -2.432741652067263, 56.744879176355759 ], [ -2.432735736657914, 56.744887445758394 ], [ -2.43272995611493, 56.74489572978004 ], [ -2.43272431595397, 56.744904028223282 ], [ -2.432718821690688, 56.744912340890671 ], [ -2.432713478840758, 56.744920667584758 ], [ -2.43270829291985, 56.74492900810813 ], [ -2.432703266017507, 56.744937361979844 ], [ -2.432698384687135, 56.744945727433553 ], [ -2.432693631080596, 56.744954102338632 ], [ -2.432688987349456, 56.744962484564475 ], [ -2.432684435645267, 56.744970871980513 ], [ -2.43267995811956, 56.744979262456106 ], [ -2.432675536923861, 56.74498765386064 ], [ -2.432671154209674, 56.744996044063484 ], [ -2.432666792128492, 56.745004430934053 ], [ -2.432662432831792, 56.745012812341699 ], [ -2.432658058471032, 56.745021186155796 ], [ -2.432653651197666, 56.745029550245718 ], [ -2.432649193163124, 56.745037902480817 ], [ -2.432644666518824, 56.745046240730495 ], [ -2.432640053416173, 56.745054562864077 ], [ -2.432635336006553, 56.745062866750956 ], [ -2.432630496441348, 56.745071150260451 ], [ -2.432625516871915, 56.745079411261955 ], [ -2.432620379449603, 56.745087647624771 ], [ -2.432615066325745, 56.745095857218288 ], [ -2.432609559666663, 56.745104037914039 ], [ -2.432603849755941, 56.745112188779004 ], [ -2.43259794838402, 56.745120312047568 ], [ -2.432591870862886, 56.745128410472709 ], [ -2.432585632504546, 56.745136486807432 ], [ -2.432579248621011, 56.74514454380472 ], [ -2.432572734524311, 56.745152584217557 ], [ -2.43256610552648, 56.745160610798969 ], [ -2.432559376939572, 56.745168626301947 ], [ -2.432552564075641, 56.745176633479502 ], [ -2.432545682246763, 56.745184635084641 ], [ -2.432538746765017, 56.74519263387036 ], [ -2.432531772942496, 56.745200632589693 ], [ -2.432524776091306, 56.745208633995667 ], [ -2.43251777152356, 56.745216640841299 ], [ -2.432510774551384, 56.745224655879618 ], [ -2.432503800486913, 56.745232681863641 ], [ -2.432496864642294, 56.745240721546431 ], [ -2.432489982329689, 56.745248777680992 ], [ -2.432483168861262, 56.7452568530204 ], [ -2.432476439549196, 56.745264950317669 ], [ -2.43246980694859, 56.745273071798017 ], [ -2.432463271567274, 56.745281217380196 ], [ -2.432456830623426, 56.745289386353143 ], [ -2.432450481335153, 56.745297578005804 ], [ -2.432444220920549, 56.745305791627111 ], [ -2.432438046597714, 56.745314026505987 ], [ -2.432431955584747, 56.745322281931394 ], [ -2.432425945099742, 56.745330557192219 ], [ -2.432420012360791, 56.745338851577401 ], [ -2.432414154585987, 56.745347164375872 ], [ -2.432408368993422, 56.745355494876563 ], [ -2.432402652801179, 56.745363842368405 ], [ -2.432397003227348, 56.745372206140324 ], [ -2.432391417490014, 56.745380585481243 ], [ -2.432385892807257, 56.745388979680087 ], [ -2.432380426397159, 56.745397388025765 ], [ -2.432375015477799, 56.745405809807238 ], [ -2.432369657267255, 56.745414244313373 ], [ -2.432364348983599, 56.745422690833159 ], [ -2.432359087844906, 56.74543114865547 ], [ -2.432353871069246, 56.745439617069245 ], [ -2.432348695874688, 56.7454480953634 ], [ -2.432343559479301, 56.745456582826854 ], [ -2.432338459101147, 56.745465078748538 ], [ -2.43233339195829, 56.745473582417361 ], [ -2.432328355268789, 56.745482093122249 ], [ -2.432323346250707, 56.745490610152096 ], [ -2.432318362122096, 56.745499132795871 ], [ -2.432313400101012, 56.745507660342454 ], [ -2.432308457405511, 56.745516192080757 ], [ -2.432303531253639, 56.745524727299724 ], [ -2.432298618863443, 56.74553326528823 ], [ -2.432293717452974, 56.745541805335243 ], [ -2.432288824240273, 56.745550346729637 ], [ -2.432283936443381, 56.745558888760343 ], [ -2.43227905128034, 56.745567430716271 ], [ -2.432274165969188, 56.745575971886339 ], [ -2.432269277727957, 56.745584511559457 ], [ -2.432264383774681, 56.745593049024542 ], [ -2.432259481327395, 56.745601583570483 ], [ -2.432254567604123, 56.745610114486226 ], [ -2.432249639822895, 56.745618641060673 ], [ -2.432244695201736, 56.745627162582714 ], [ -2.432239730958668, 56.745635678341273 ], [ -2.43223474431171, 56.745644187625281 ], [ -2.432229732478884, 56.745652689723606 ], [ -2.432224692678204, 56.745661183925186 ], [ -2.432219622127684, 56.745669669518925 ], [ -2.432214518045338, 56.745678145793718 ], [ -2.432209377649178, 56.745686612038476 ], [ -2.432204198157205, 56.74569506754213 ], [ -2.432198976787432, 56.745703511593554 ], [ -2.432193710757861, 56.745711943481659 ], [ -2.432188397286495, 56.745720362495362 ], [ -2.432183033591335, 56.745728767923588 ], [ -2.432177616890373, 56.745737159055189 ], [ -2.432172144401614, 56.745745535179118 ], [ -2.432166613343048, 56.745753895584237 ], [ -2.43216102093267, 56.745762239559475 ], [ -2.432155364388466, 56.745770566393716 ], [ -2.432149640928429, 56.745778875375876 ], [ -2.432143847770547, 56.745787165794866 ], [ -2.432137982132801, 56.745795436939545 ], [ -2.432132041233177, 56.745803688098853 ], [ -2.432126022289658, 56.745811918561664 ], [ -2.43211992252022, 56.745820127616881 ], [ -2.432113739142846, 56.745828314553414 ], [ -2.432107469375508, 56.745836478660138 ], [ -2.432101110436186, 56.745844619225963 ], [ -2.432094659542851, 56.745852735539785 ], [ -2.432088113916263, 56.745860826891239 ], [ -2.432081472543441, 56.745868893050208 ], [ -2.432074739200819, 56.745876935088667 ], [ -2.432067918468805, 56.745884954297203 ], [ -2.432061014927806, 56.74589295196639 ], [ -2.432054033158237, 56.745900929386814 ], [ -2.432046977740512, 56.745908887849041 ], [ -2.43203985325505, 56.745916828643693 ], [ -2.432032664282273, 56.74592475306131 ], [ -2.432025415402608, 56.745932662392484 ], [ -2.432018111196478, 56.745940557927803 ], [ -2.432010756244317, 56.745948440957868 ], [ -2.432003355126557, 56.745956312773231 ], [ -2.431995912423638, 56.745964174664515 ], [ -2.431988432715996, 56.745972027922285 ], [ -2.431980920584075, 56.745979873837136 ], [ -2.431973380608317, 56.745987713699691 ], [ -2.431965817369173, 56.745995548800487 ], [ -2.431958235447092, 56.746003380430153 ], [ -2.431950639422529, 56.746011209879264 ], [ -2.431943033875939, 56.746019038438448 ], [ -2.43193542338778, 56.746026867398271 ], [ -2.431927812538512, 56.746034698049321 ], [ -2.431920205908603, 56.746042531682249 ], [ -2.431912608078519, 56.7460503695876 ], [ -2.431905023628727, 56.74605821305601 ], [ -2.431897457139704, 56.746066063378059 ], [ -2.431889913191921, 56.746073921844378 ], [ -2.431882396365859, 56.746081789745531 ], [ -2.431874911241997, 56.746089668372164 ], [ -2.431867462400819, 56.746097559014856 ], [ -2.431860054263249, 56.746105462898093 ], [ -2.431852686564435, 56.746113379303708 ], [ -2.431845353708459, 56.746121305303475 ], [ -2.431838049810121, 56.746129237849203 ], [ -2.431830768984212, 56.746137173892734 ], [ -2.431823505345526, 56.746145110385861 ], [ -2.431816253008846, 56.746153044280433 ], [ -2.43180900608896, 56.746160972528216 ], [ -2.431801758700654, 56.746168892081087 ], [ -2.431794504958702, 56.746176799890804 ], [ -2.431787238977887, 56.746184692909218 ], [ -2.431779954872981, 56.746192568088119 ], [ -2.431772646758758, 56.746200422379331 ], [ -2.431765308749987, 56.746208252734633 ], [ -2.43175793496144, 56.746216056105865 ], [ -2.431750519507878, 56.746223829444816 ], [ -2.431743056504066, 56.746231569703291 ], [ -2.431735540064764, 56.746239273833083 ], [ -2.431727964304733, 56.746246938786001 ], [ -2.431720323338726, 56.746254561513851 ], [ -2.431712611356106, 56.746262139026946 ], [ -2.43170482623002, 56.746269671225541 ], [ -2.431696971129313, 56.746277162164361 ], [ -2.431689049633189, 56.746284616220059 ], [ -2.431681065320839, 56.746292037769301 ], [ -2.431673021771464, 56.746299431188696 ], [ -2.43166492256426, 56.74630680085491 ], [ -2.431656771278424, 56.746314151144624 ], [ -2.431648571493151, 56.746321486434432 ], [ -2.431640326787635, 56.74632881110103 ], [ -2.431632040741069, 56.746336129521055 ], [ -2.431623716932645, 56.74634344607118 ], [ -2.431615358941556, 56.746350765128035 ], [ -2.431606970346992, 56.746358091068267 ], [ -2.431598554728142, 56.746365428268568 ], [ -2.431590115664195, 56.746372781105563 ], [ -2.431581656734335, 56.74638015395594 ], [ -2.431573181517751, 56.746387551196328 ], [ -2.431564693593626, 56.74639497720343 ], [ -2.431556196541144, 56.746402436353847 ], [ -2.43154769393949, 56.746409933024296 ], [ -2.431539189369957, 56.746417471571576 ], [ -2.4315306866803, 56.74642505385583 ], [ -2.431522190241336, 56.74643267683593 ], [ -2.431513704484784, 56.746440336900264 ], [ -2.431505233842364, 56.746448030437193 ], [ -2.431496782745808, 56.746455753835079 ], [ -2.431488355626851, 56.746463503482325 ], [ -2.431479956917234, 56.746471275767291 ], [ -2.431471591048707, 56.746479067078347 ], [ -2.431463262453029, 56.746486873803875 ], [ -2.431454975561962, 56.746494692332263 ], [ -2.431446734807276, 56.746502519051894 ], [ -2.431438544620748, 56.746510350351144 ], [ -2.431430409434161, 56.746518182618381 ], [ -2.431422333679306, 56.746526012242015 ], [ -2.431414321787983, 56.746533835610421 ], [ -2.431406378191994, 56.74654164911199 ], [ -2.431398507323145, 56.746549449135095 ], [ -2.431390713613259, 56.746557232068156 ], [ -2.431383001494156, 56.74656499429954 ], [ -2.431375375397667, 56.746572732217636 ], [ -2.431367840592509, 56.746580443055691 ], [ -2.431360409211147, 56.746588130975994 ], [ -2.431353096749589, 56.746595803536373 ], [ -2.431345918726957, 56.746603468317979 ], [ -2.431338890662353, 56.746611132901982 ], [ -2.431332028074914, 56.746618804869506 ], [ -2.431325346483764, 56.746626491801734 ], [ -2.431318861408047, 56.746634201279818 ], [ -2.431312588366905, 56.746641940884913 ], [ -2.431306542879496, 56.746649718198199 ], [ -2.431300740464985, 56.746657540800861 ], [ -2.431295196642543, 56.746665416274027 ], [ -2.431289926931359, 56.74667335219889 ], [ -2.431284946850627, 56.746681356156621 ], [ -2.431280271919554, 56.746689435728399 ], [ -2.431275917657362, 56.746697598495381 ], [ -2.431271899583286, 56.746705852038765 ], [ -2.431268233216574, 56.746714203939696 ], [ -2.431264934076494, 56.746722661779373 ], [ -2.431262017682327, 56.746731233138952 ], [ -2.431259499553374, 56.746739925599591 ], [ -2.43125738117122, 56.746748743143691 ], [ -2.431255547820057, 56.746757659964594 ], [ -2.431253827399294, 56.746766635544212 ], [ -2.431252047402243, 56.746775629260391 ], [ -2.431250035322066, 56.746784600490905 ], [ -2.431247618651767, 56.746793508613578 ], [ -2.431244624884202, 56.746802313006171 ], [ -2.431240881512093, 56.746810973046443 ], [ -2.431236216028029, 56.746819448112113 ], [ -2.431230455924494, 56.746827697580841 ], [ -2.431223448841832, 56.746835685172094 ], [ -2.431215217873743, 56.746843412415231 ], [ -2.43120587649267, 56.746850900316048 ], [ -2.431195538919276, 56.746858170041541 ], [ -2.431184319374312, 56.746865242758759 ], [ -2.431172332078624, 56.746872139634718 ], [ -2.431159691253137, 56.746878881836537 ], [ -2.431146511118845, 56.746885490531326 ], [ -2.431132905896806, 56.746891986886219 ], [ -2.431118989808136, 56.74689839206841 ], [ -2.431104877158479, 56.746904727233733 ], [ -2.431090707923384, 56.74691101005962 ], [ -2.431076683733852, 56.746917249868957 ], [ -2.431063015287806, 56.7469234547561 ], [ -2.431049913283291, 56.746929632815529 ], [ -2.431037588418479, 56.746935792141777 ], [ -2.43102625139166, 56.746941940829508 ], [ -2.431016112901256, 56.746948086973333 ], [ -2.431007383645806, 56.746954238668032 ], [ -2.431000274323989, 56.746960404008313 ], [ -2.430994995634604, 56.746966591088906 ], [ -2.430991752270434, 56.746972808002567 ], [ -2.430990592983356, 56.746979062790814 ], [ -2.430991400003867, 56.746985363440587 ], [ -2.430994047437298, 56.746991717935963 ], [ -2.430998409388906, 56.746998134261069 ], [ -2.431004359963884, 56.747004620399856 ], [ -2.431011773267369, 56.747011184336323 ], [ -2.431020523404428, 56.747017834054397 ], [ -2.431030484480067, 56.747024577537992 ], [ -2.43104153059923, 56.747031422771038 ], [ -2.4310535358668, 56.747038377737496 ], [ -2.43106637438759, 56.747045450421311 ], [ -2.431079920266352, 56.747052648806459 ], [ -2.431094047607768, 56.747059980877005 ], [ -2.431108630516444, 56.74706745461701 ], [ -2.431123543096916, 56.747075078010624 ], [ -2.431138659453635, 56.747082859042024 ], [ -2.431153853690976, 56.747090805695457 ], [ -2.431168999913218, 56.747098925955228 ], [ -2.431183972224553, 56.747107227805699 ], [ -2.431198644729065, 56.747115719231296 ], [ -2.431212892006106, 56.747124404105918 ], [ -2.43122659342633, 56.747133244871165 ], [ -2.431239631134929, 56.747142179975121 ], [ -2.431251887310799, 56.747151147572779 ], [ -2.431263244132633, 56.747160085819097 ], [ -2.431273583778948, 56.747168932869108 ], [ -2.431282788428088, 56.747177626877857 ], [ -2.431290740258256, 56.747186106000377 ], [ -2.431297321447541, 56.74719430839167 ], [ -2.431302414173934, 56.747202172206777 ], [ -2.431305900615373, 56.747209635600647 ], [ -2.431307662949772, 56.74721663672824 ], [ -2.431307583355068, 56.747223113744411 ], [ -2.431305544009256, 56.747229004803962 ], [ -2.43130142709361, 56.747234248062981 ], [ -2.431295168126294, 56.747238805363438 ], [ -2.431286891554024, 56.747242722447197 ], [ -2.43127676363584, 56.747246063624125 ], [ -2.431264950630942, 56.747248893204031 ], [ -2.43125161879866, 56.747251275496765 ], [ -2.43123693439838, 56.747253274812174 ], [ -2.431221063689522, 56.747254955460129 ], [ -2.431204172931487, 56.747256381750532 ], [ -2.431186428383645, 56.747257617993377 ], [ -2.43116799630529, 56.747258728498714 ], [ -2.431149042955635, 56.747259777576659 ], [ -2.431129734593787, 56.747260829537467 ], [ -2.431110237478747, 56.747261948691452 ], [ -2.431090717869405, 56.747263199349042 ], [ -2.431071342024536, 56.747264645820763 ], [ -2.431052276202815, 56.747266352417228 ], [ -2.431033686662834, 56.74726838344916 ], [ -2.431015735056805, 56.747270801251027 ], [ -2.430998483802055, 56.747273625579318 ], [ -2.430981899671688, 56.747276835153215 ], [ -2.430965945551006, 56.747280407023709 ], [ -2.430950584325368, 56.747284318241725 ], [ -2.430935778880192, 56.747288545858233 ], [ -2.430921492100937, 56.747293066924144 ], [ -2.430907686873109, 56.747297858490299 ], [ -2.43089432608225, 56.747302897607611 ], [ -2.430881372613931, 56.747308161326906 ], [ -2.430868789353749, 56.747313626699004 ], [ -2.430856539187322, 56.747319270774696 ], [ -2.430844585000289, 56.747325070604795 ], [ -2.430832892156206, 56.747331004856164 ], [ -2.430821444194219, 56.747337064049631 ], [ -2.430810232746235, 56.747343243984098 ], [ -2.430799249481206, 56.747349540482645 ], [ -2.430788486068092, 56.747355949368291 ], [ -2.430777934175846, 56.747362466464097 ], [ -2.430767585473435, 56.747369087593107 ], [ -2.43075743162982, 56.747375808578369 ], [ -2.430747464313968, 56.747382625242878 ], [ -2.430737675194845, 56.747389533409716 ], [ -2.430728055941418, 56.747396528901881 ], [ -2.430718598222655, 56.747403607542431 ], [ -2.430709293707526, 56.747410765154321 ], [ -2.430700134064998, 56.747417997560653 ], [ -2.430691110964038, 56.747425300584382 ], [ -2.430682216073615, 56.747432670048553 ], [ -2.43067344106269, 56.747440101776156 ], [ -2.430664777600231, 56.747447591590216 ], [ -2.430656217355196, 56.747455135313736 ], [ -2.430647751996551, 56.747462728769705 ], [ -2.43063937319325, 56.747470367781119 ], [ -2.43063107261425, 56.747478048170997 ], [ -2.430622841928503, 56.747485765762335 ], [ -2.430614672804963, 56.747493516378107 ], [ -2.430606556912573, 56.747501295841303 ], [ -2.43059848592028, 56.747509099974913 ], [ -2.430590451497025, 56.747516924601946 ], [ -2.430582445311747, 56.747524765545357 ], [ -2.430574459033382, 56.747532618628156 ], [ -2.43056648433086, 56.74754047967329 ], [ -2.43055851287311, 56.747548344503748 ], [ -2.430550536329057, 56.747556208942505 ], [ -2.430542546367622, 56.747564068812558 ], [ -2.430534534657723, 56.747571919936846 ], [ -2.430526492868277, 56.747579758138343 ], [ -2.430518412668192, 56.747587579240005 ], [ -2.43051028572638, 56.747595379064833 ], [ -2.430502103711744, 56.747603153435747 ], [ -2.430493858293186, 56.747610898175736 ], [ -2.430485541139606, 56.747618609107747 ], [ -2.430477143919898, 56.747626282054739 ], [ -2.430468660143772, 56.747633913680971 ], [ -2.430460093280412, 56.747641505202516 ], [ -2.430451450151776, 56.747649059367838 ], [ -2.430442737582357, 56.747656578926481 ], [ -2.430433962396651, 56.747664066628047 ], [ -2.430425131419159, 56.747671525222124 ], [ -2.430416251474387, 56.747678957458284 ], [ -2.430407329386836, 56.747686366086143 ], [ -2.430398371981021, 56.747693753855252 ], [ -2.430389386081451, 56.74770112351522 ], [ -2.430380378512642, 56.74770847781565 ], [ -2.430371356099111, 56.747715819506148 ], [ -2.430362325665377, 56.747723151336288 ], [ -2.430353294035965, 56.747730476055686 ], [ -2.430344268035402, 56.747737796413944 ], [ -2.430335254488214, 56.747745115160662 ], [ -2.43032626021893, 56.747752435045449 ], [ -2.430317292052089, 56.747759758817907 ], [ -2.430308356812224, 56.747767089227665 ], [ -2.430299461323875, 56.747774429024311 ], [ -2.430290612411584, 56.747781780957489 ], [ -2.430281816899893, 56.7477891477768 ], [ -2.430273081613354, 56.747796532231852 ], [ -2.430264413376513, 56.747803937072263 ], [ -2.430255819013926, 56.747811365047703 ], [ -2.430247305350149, 56.747818818907739 ], [ -2.430238879209741, 56.747826301402021 ], [ -2.430230547417267, 56.747833815280174 ], [ -2.430222316797293, 56.747841363291826 ], [ -2.430214194174389, 56.747848948186615 ], [ -2.430206186373125, 56.747856572714156 ], [ -2.430198298451492, 56.747864238977364 ], [ -2.430190527576189, 56.747871946190095 ], [ -2.430182868711344, 56.747879692759852 ], [ -2.430175316820986, 56.747887477094125 ], [ -2.430167866869139, 56.747895297600387 ], [ -2.430160513819821, 56.747903152686114 ], [ -2.43015325263706, 56.747911040758773 ], [ -2.430146078284865, 56.747918960225832 ], [ -2.430138985727258, 56.74792690949478 ], [ -2.430131969928247, 56.747934886973049 ], [ -2.430125025851844, 56.747942891068128 ], [ -2.430118148462054, 56.747950920187478 ], [ -2.430111332722884, 56.747958972738559 ], [ -2.430104573598332, 56.747967047128832 ], [ -2.430097866052398, 56.74797514176575 ], [ -2.430091205049078, 56.747983255056795 ], [ -2.430084585552362, 56.747991385409406 ], [ -2.430078002526242, 56.747999531231066 ], [ -2.430071450934702, 56.748007690929192 ], [ -2.430064925741725, 56.748015862911259 ], [ -2.430058421911293, 56.748024045584721 ], [ -2.430051934407381, 56.748032237357052 ], [ -2.430045458193961, 56.748040436635662 ], [ -2.430038988235005, 56.748048641828021 ], [ -2.430032519494479, 56.748056851341588 ], [ -2.430026046936348, 56.748065063583795 ], [ -2.43001956552457, 56.748073276962103 ], [ -2.430013070223103, 56.748081489883965 ], [ -2.430006555995902, 56.748089700756793 ], [ -2.430000017806917, 56.748097907988061 ], [ -2.429993450620095, 56.748106109985194 ], [ -2.429986849399379, 56.748114305155653 ], [ -2.429980209108711, 56.748122491906862 ], [ -2.429973524712029, 56.748130668646247 ], [ -2.429966791173269, 56.748138833781297 ], [ -2.429960003456359, 56.748146985719409 ], [ -2.429953156525232, 56.74815512286802 ], [ -2.429946245343805, 56.748163243634565 ], [ -2.42993926487601, 56.748171346426489 ], [ -2.429932210085761, 56.748179429651223 ], [ -2.429925076163049, 56.74818749177922 ], [ -2.429917863208969, 56.748195532650008 ], [ -2.429910576080578, 56.748203553428922 ], [ -2.429903219829964, 56.748211555335722 ], [ -2.429895799509223, 56.748219539590117 ], [ -2.429888320170452, 56.748227507411819 ], [ -2.429880786865751, 56.748235460020588 ], [ -2.429873204647226, 56.748243398636134 ], [ -2.429865578566983, 56.748251324478197 ], [ -2.429857913677133, 56.748259238766508 ], [ -2.429850215029793, 56.748267142720792 ], [ -2.429842487677078, 56.748275037560802 ], [ -2.42983473667111, 56.74828292450627 ], [ -2.429826967064011, 56.748290804776914 ], [ -2.429819183907909, 56.748298679592494 ], [ -2.429811392254938, 56.748306550172742 ], [ -2.429803597157228, 56.748314417737404 ], [ -2.429795803666916, 56.748322283506219 ], [ -2.429788016836141, 56.74833014869894 ], [ -2.429780241717051, 56.748338014535285 ], [ -2.429772483361787, 56.748345882235036 ], [ -2.429764746822502, 56.748353753017923 ], [ -2.429757037151346, 56.748361628103702 ], [ -2.429749359400477, 56.748369508712123 ], [ -2.429741718622054, 56.748377396062921 ], [ -2.42973411986824, 56.748385291375882 ], [ -2.429726568191198, 56.748393195870719 ], [ -2.429719068643097, 56.748401110767226 ], [ -2.429711626276113, 56.748409037285157 ], [ -2.429709573461173, 56.748411245651347 ], [ -2.429712740105988, 56.748407256417018 ], [ -2.429719239345518, 56.74839906343535 ], [ -2.429725734732069, 56.748390869705197 ], [ -2.4297322261686, 56.748382675202258 ], [ -2.42973871355806, 56.74837447990226 ], [ -2.429745196803403, 56.748366283780939 ], [ -2.429751675807582, 56.748358086814008 ], [ -2.429758150473551, 56.748349888977202 ], [ -2.429764620704263, 56.748341690246235 ], [ -2.429771086402669, 56.748333490596828 ], [ -2.429777547471725, 56.748325290004715 ], [ -2.429784003814381, 56.748317088445603 ], [ -2.429790455333593, 56.748308885895241 ], [ -2.429796901932315, 56.748300682329315 ], [ -2.429803343513497, 56.748292477723588 ], [ -2.429809779980095, 56.748284272053759 ], [ -2.429816211235061, 56.748276065295563 ], [ -2.429822637181352, 56.748267857424722 ], [ -2.429829057721919, 56.748259648416941 ], [ -2.429835472759715, 56.748251438247962 ], [ -2.429841882197696, 56.748243226893514 ], [ -2.429848285938816, 56.74823501432931 ], [ -2.429854683886027, 56.748226800531064 ], [ -2.429861075942285, 56.748218585474532 ], [ -2.429867462010543, 56.748210369135414 ], [ -2.429873841993754, 56.74820215148943 ], [ -2.429880215794876, 56.748193932512308 ], [ -2.429886583316859, 56.74818571217979 ], [ -2.429892944462662, 56.748177490467576 ], [ -2.429899299265613, 56.748169267381179 ], [ -2.429905648619093, 56.748161043122536 ], [ -2.429911993764874, 56.7481528179732 ], [ -2.429918335945708, 56.748144592214913 ], [ -2.429924676404357, 56.74813636612943 ], [ -2.429931016383574, 56.748128139998506 ], [ -2.429937357126114, 56.748119914103889 ], [ -2.429943699874731, 56.748111688727327 ], [ -2.429950045872177, 56.748103464150589 ], [ -2.429956396361209, 56.748095240655424 ], [ -2.429962752584571, 56.748087018523549 ], [ -2.429969115785018, 56.748078798036772 ], [ -2.429975487205296, 56.748070579476803 ], [ -2.429981868088159, 56.748062363125428 ], [ -2.429988259676351, 56.748054149264355 ], [ -2.429994663212618, 56.748045938175366 ], [ -2.430001079939706, 56.748037730140211 ], [ -2.430007511100363, 56.7480295254406 ], [ -2.430013957937333, 56.748021324358341 ], [ -2.430020421693357, 56.748013127175149 ], [ -2.430026903611178, 56.748004934172769 ], [ -2.430033404933537, 56.747996745632982 ], [ -2.430039926903177, 56.747988561837502 ], [ -2.430046470762835, 56.747980383068104 ], [ -2.430053037755253, 56.747972209606509 ], [ -2.430059629123167, 56.747964041734477 ], [ -2.430066246109314, 56.747955879733759 ], [ -2.430072889956435, 56.747947723886121 ], [ -2.430079561907258, 56.747939574473271 ], [ -2.430086263204525, 56.747931431776983 ], [ -2.430092995090965, 56.747923296078994 ], [ -2.430099758809313, 56.747915167661041 ], [ -2.430106555602301, 56.747907046804883 ], [ -2.430113386712663, 56.747898933792278 ], [ -2.430120253383125, 56.747890828904943 ], [ -2.43012715685642, 56.747882732424621 ], [ -2.430134098375276, 56.747874644633093 ], [ -2.430141079182421, 56.747866565812068 ], [ -2.430148100520586, 56.747858496243303 ], [ -2.43015516363249, 56.747850436208552 ], [ -2.430162269760867, 56.747842385989536 ], [ -2.430169420148437, 56.747834345868 ], [ -2.430176616037925, 56.747826316125717 ], [ -2.430183858672059, 56.74781829704439 ], [ -2.430191149293556, 56.747810288905782 ], [ -2.430198489145139, 56.74780229199164 ], [ -2.430205879469533, 56.747794306583693 ], [ -2.430213321509457, 56.747786332963678 ], [ -2.430220816507626, 56.747778371413347 ], [ -2.430228365706767, 56.74777042221443 ], [ -2.430235970349593, 56.747762485648664 ], [ -2.430243631678825, 56.747754561997795 ], [ -2.430251350937175, 56.747746651543579 ], [ -2.430259129367369, 56.747738754567735 ], [ -2.430266968212113, 56.74773087135199 ], [ -2.430274868714126, 56.747723002178091 ], [ -2.43028283211612, 56.747715147327789 ], [ -2.430290859660813, 56.74770730708282 ], [ -2.430298952590916, 56.747699481724887 ], [ -2.430307112149139, 56.747691671535769 ], [ -2.430315339578197, 56.747683876797176 ], [ -2.430323636120801, 56.747676097790851 ], [ -2.43033200301966, 56.747668334798526 ], [ -2.430340441517485, 56.74766058810193 ], [ -2.430348952856983, 56.7476528579828 ], [ -2.430357538280866, 56.747645144722888 ], [ -2.430366199031843, 56.747637448603882 ], [ -2.430374936352618, 56.747629769907562 ], [ -2.430383751485901, 56.74762210891565 ], [ -2.430392645674398, 56.747614465909862 ], [ -2.430401620115369, 56.747606841170047 ], [ -2.430410671837505, 56.747599234805065 ], [ -2.430419790405407, 56.747591646617472 ], [ -2.430428964608183, 56.747584076378004 ], [ -2.430438183234951, 56.747576523857433 ], [ -2.430447435074838, 56.747568988826515 ], [ -2.430456708916976, 56.747561471055988 ], [ -2.430465993550505, 56.747553970316623 ], [ -2.430475277764579, 56.747546486379221 ], [ -2.430484550348362, 56.747539019014511 ], [ -2.430493800091018, 56.747531567993285 ], [ -2.430503015781723, 56.747524133086308 ], [ -2.430512186209666, 56.747516714064375 ], [ -2.430521300164041, 56.747509310698256 ], [ -2.430530346434048, 56.747501922758765 ], [ -2.430539313808898, 56.747494550016661 ], [ -2.430548191077809, 56.747487192242772 ], [ -2.43055696703001, 56.74747984920787 ], [ -2.430565630454737, 56.747472520682749 ], [ -2.430574170141231, 56.747465206438235 ], [ -2.430582574878745, 56.747457906245131 ], [ -2.430590839883349, 56.747450620415187 ], [ -2.430598990571889, 56.747443351802211 ], [ -2.430607061224449, 56.747436104006042 ], [ -2.430615086122261, 56.747428880626579 ], [ -2.430623099546534, 56.747421685263753 ], [ -2.430631135778455, 56.747414521517449 ], [ -2.430639229099185, 56.747407392987576 ], [ -2.430647413789865, 56.747400303273977 ], [ -2.430655724131611, 56.747393255976576 ], [ -2.430664194405525, 56.747386254695193 ], [ -2.430672858892677, 56.747379303029689 ], [ -2.430681751874129, 56.74737240457992 ], [ -2.430690907630911, 56.747365562945703 ], [ -2.430700360444045, 56.747358781726852 ], [ -2.430710144594525, 56.74735206452317 ], [ -2.43072029436334, 56.747345414934472 ], [ -2.430730844031447, 56.747338836560502 ], [ -2.430741827879799, 56.747332333001054 ], [ -2.430753280189332, 56.747325907855867 ], [ -2.430765235240967, 56.747319564724627 ], [ -2.430777723419049, 56.747313306744381 ], [ -2.430790720410569, 56.74730713055682 ], [ -2.430804161568066, 56.747301028014 ], [ -2.430817981303946, 56.747294990856368 ], [ -2.430832114030647, 56.747289010824367 ], [ -2.430846494160635, 56.74728307965848 ], [ -2.430861056106416, 56.747277189099229 ], [ -2.430875734280514, 56.747271330887138 ], [ -2.430890463095491, 56.747265496762786 ], [ -2.43090517696393, 56.747259678466804 ], [ -2.430919810298448, 56.747253867739808 ], [ -2.430934297511684, 56.747248056322462 ], [ -2.430948573016306, 56.747242235955468 ], [ -2.430962571225011, 56.747236398379556 ], [ -2.430976226550525, 56.747230535335497 ], [ -2.430989473405602, 56.747224638564042 ], [ -2.431002246203028, 56.747218699806027 ], [ -2.431014479355622, 56.747212710802266 ], [ -2.431026107276236, 56.747206663293625 ], [ -2.431037064377762, 56.747200549020953 ], [ -2.431047285073126, 56.747194359725135 ], [ -2.431056703775301, 56.747188087147073 ], [ -2.431065254897306, 56.747181723027637 ], [ -2.431072872852198, 56.747175259107763 ], [ -2.431079492053096, 56.747168687128308 ], [ -2.431085046913174, 56.747161998830201 ], [ -2.431089471845658, 56.747155185954277 ], [ -2.431092701263845, 56.747148240241401 ], [ -2.4310946695811, 56.747141153432395 ], [ -2.431095311210859, 56.74713391726808 ], [ -2.431094560566639, 56.747126523489207 ], [ -2.431092352062043, 56.747118963836463 ], [ -2.431088620110759, 56.74711123005055 ], [ -2.431083299126577, 56.747103313872039 ], [ -2.431076352535878, 56.747095210724524 ], [ -2.431067929827355, 56.74708693965151 ], [ -2.431058253949875, 56.747078529022069 ], [ -2.431047548031983, 56.747070007228125 ], [ -2.431036035202017, 56.747061402661672 ], [ -2.431023938588087, 56.747052743714676 ], [ -2.431011481318079, 56.747044058779281 ], [ -2.430998886519639, 56.747035376247666 ], [ -2.430986377320171, 56.747026724512075 ], [ -2.430974176846844, 56.747018131964857 ], [ -2.430962508226593, 56.747009626998462 ], [ -2.430951594586121, 56.747001238005375 ], [ -2.43094165905192, 56.746992993378164 ], [ -2.430932924750275, 56.746984921509473 ], [ -2.430925614807287, 56.746977050791898 ], [ -2.430919952348894, 56.746969409618139 ], [ -2.430916160500889, 56.746962026380785 ], [ -2.430914462388958, 56.74695492947243 ], [ -2.430915081113106, 56.746948147281245 ], [ -2.430918143742033, 56.7469416919892 ], [ -2.430923464506083, 56.746935522984131 ], [ -2.43093079403846, 56.746929588921198 ], [ -2.430939882972566, 56.74692383845553 ], [ -2.430950481941966, 56.746918220242257 ], [ -2.430962341580353, 56.746912682936475 ], [ -2.430975212521516, 56.746907175193407 ], [ -2.430988845399336, 56.746901645668331 ], [ -2.43100299084776, 56.746896043016591 ], [ -2.431017399500803, 56.746890315893651 ], [ -2.43103182214944, 56.746884413013994 ], [ -2.431046048568209, 56.746878297725587 ], [ -2.431059958502761, 56.746871967149339 ], [ -2.431073444350413, 56.746865423155199 ], [ -2.431086398508573, 56.746858667613246 ], [ -2.431098713374742, 56.746851702393521 ], [ -2.431110281346528, 56.746844529366186 ], [ -2.431120994821636, 56.746837150401355 ], [ -2.431130746197891, 56.746829567369225 ], [ -2.431139427873231, 56.746821782139953 ], [ -2.431146932245718, 56.746813796583766 ], [ -2.431153171426949, 56.746805614357591 ], [ -2.4311582264687, 56.746797254430724 ], [ -2.431162264302562, 56.746788743556344 ], [ -2.431165452537401, 56.746780108548961 ], [ -2.431167958781962, 56.74677137622308 ], [ -2.431169950644851, 56.746762573393156 ], [ -2.431171595734543, 56.7467537268736 ], [ -2.431173061659355, 56.746744863478838 ], [ -2.43117451602746, 56.746736010023284 ], [ -2.431176126446868, 56.746727193321306 ], [ -2.431178048973447, 56.74671843832494 ], [ -2.431180332628835, 56.746709752730453 ], [ -2.431182968446508, 56.746701134885413 ], [ -2.431185946887855, 56.746692583045196 ], [ -2.431189258414282, 56.746684095465135 ], [ -2.4311928934872, 56.746675670400592 ], [ -2.431196842568034, 56.746667306106943 ], [ -2.431201096118226, 56.7466590008395 ], [ -2.431205644599211, 56.746650752853618 ], [ -2.431210478472455, 56.746642560404659 ], [ -2.431215588199419, 56.746634421747963 ], [ -2.431220964241577, 56.746626335138885 ], [ -2.431226597060421, 56.746618298832757 ], [ -2.431232477117438, 56.746610311084943 ], [ -2.431238594874135, 56.746602370150796 ], [ -2.431244940792022, 56.746594474285637 ], [ -2.431251505332618, 56.746586621744832 ], [ -2.431258278957452, 56.74657881078376 ], [ -2.431265252128062, 56.746571039657724 ], [ -2.431272415305988, 56.746563306622114 ], [ -2.431279758952784, 56.746555609932251 ], [ -2.431287273530008, 56.746547947843531 ], [ -2.431294949499227, 56.746540318611281 ], [ -2.431302777322013, 56.746532720490876 ], [ -2.431310747459947, 56.746525151737671 ], [ -2.431318850374617, 56.746517610607043 ], [ -2.431327076527613, 56.746510095354324 ], [ -2.431335416380539, 56.746502604234912 ], [ -2.431343860394999, 56.746495135504176 ], [ -2.431352399032607, 56.746487687417485 ], [ -2.431361022754983, 56.746480258230221 ], [ -2.431369722023751, 56.746472846197747 ], [ -2.431378487300543, 56.746465449575432 ], [ -2.431387309046996, 56.7464580666187 ], [ -2.431396177724754, 56.746450695582894 ], [ -2.431405083795464, 56.746443334723423 ], [ -2.431414017720784, 56.746435982295687 ], [ -2.431422969962372, 56.746428636555059 ], [ -2.431431930981896, 56.746421295756967 ], [ -2.431440891241026, 56.746413958156779 ], [ -2.431449841201444, 56.7464066220099 ], [ -2.431458771324828, 56.746399285571783 ], [ -2.431467672584652, 56.746391947105735 ], [ -2.431476538802469, 56.746384604919605 ], [ -2.431485364784808, 56.746377257336469 ], [ -2.43149414533914, 56.746369902679533 ], [ -2.431502875272938, 56.746362539271921 ], [ -2.431511549393681, 56.746355165436782 ], [ -2.431520162508851, 56.746347779497285 ], [ -2.431528709425928, 56.746340379776569 ], [ -2.431537184952402, 56.746332964597805 ], [ -2.431545583895755, 56.74632553228416 ], [ -2.431553901063483, 56.746318081158762 ], [ -2.431562131263079, 56.7463106095448 ], [ -2.43157026930204, 56.746303115765443 ], [ -2.431578309987865, 56.746295598143838 ], [ -2.431586248128057, 56.746288055003134 ], [ -2.431594078530123, 56.746280484666535 ], [ -2.431601796001569, 56.746272885457174 ], [ -2.431609395349911, 56.746265255698248 ], [ -2.431616871382662, 56.746257593712919 ], [ -2.431624218907345, 56.746249897824335 ], [ -2.431631432731479, 56.7462421663557 ], [ -2.431638509060779, 56.74623439797147 ], [ -2.43164545436462, 56.74622659384174 ], [ -2.431652279685382, 56.746218756252901 ], [ -2.431658996086433, 56.746210887496474 ], [ -2.43166561463114, 56.746202989863967 ], [ -2.431672146382855, 56.746195065646958 ], [ -2.43167860240493, 56.746187117136927 ], [ -2.431684993760706, 56.746179146625416 ], [ -2.431691331513519, 56.746171156403946 ], [ -2.431697626726693, 56.746163148764005 ], [ -2.431703890463545, 56.746155125997106 ], [ -2.431710133787393, 56.746147090394793 ], [ -2.431716367761535, 56.746139044248544 ], [ -2.431722603449265, 56.746130989849881 ], [ -2.431728851913877, 56.746122929490305 ], [ -2.431735124218647, 56.746114865461308 ], [ -2.431741431426846, 56.746106800054385 ], [ -2.431747784601741, 56.746098735561034 ], [ -2.431754194806587, 56.746090674272757 ], [ -2.431760673104633, 56.746082618481047 ], [ -2.431767230307921, 56.746074570428988 ], [ -2.431773869317995, 56.746066530835407 ], [ -2.431780583720559, 56.74605849862418 ], [ -2.431787366566712, 56.746050472616091 ], [ -2.431794210907558, 56.746042451631972 ], [ -2.431801109794203, 56.746034434492643 ], [ -2.431808056277761, 56.746026420018929 ], [ -2.431815043409347, 56.74601840703167 ], [ -2.431822064240085, 56.746010394351678 ], [ -2.431829111821103, 56.746002380799787 ], [ -2.431836179203532, 56.745994365196829 ], [ -2.431843259438512, 56.74598634636363 ], [ -2.431850345577183, 56.74597832312103 ], [ -2.431857430670693, 56.745970294289869 ], [ -2.431864507770197, 56.745962258690973 ], [ -2.431871569926847, 56.745954215145204 ], [ -2.43187861019181, 56.745946162473373 ], [ -2.431885621616251, 56.74593809949635 ], [ -2.431892597251342, 56.745930025034951 ], [ -2.431899530148266, 56.745921937910033 ], [ -2.431906413358198, 56.745913836942456 ], [ -2.43191323993233, 56.745905720953054 ], [ -2.431920002921854, 56.745897588762688 ], [ -2.431926695377967, 56.745889439192204 ], [ -2.431933310351877, 56.745881271062451 ], [ -2.431939840894788, 56.745873083194304 ], [ -2.431946280057915, 56.745864874408582 ], [ -2.431952620892482, 56.745856643526174 ], [ -2.431958856449709, 56.745848389367936 ], [ -2.431964979780831, 56.745840110754706 ], [ -2.43197098398543, 56.74583180651674 ], [ -2.431976866496115, 56.745823476323736 ], [ -2.431982632447765, 56.745815121337642 ], [ -2.431988287768193, 56.745806742874024 ], [ -2.431993838385213, 56.74579834224847 ], [ -2.431999290226626, 56.745789920776545 ], [ -2.432004649220229, 56.745781479773811 ], [ -2.432009921293823, 56.745773020555845 ], [ -2.4320151123752, 56.745764544438195 ], [ -2.432020228392142, 56.745756052736461 ], [ -2.432025275272437, 56.745747546766168 ], [ -2.432030258943862, 56.745739027842895 ], [ -2.432035185334194, 56.74573049728221 ], [ -2.432040060371195, 56.74572195639967 ], [ -2.432044889982639, 56.745713406510831 ], [ -2.432049680096281, 56.745704848931247 ], [ -2.432054436639879, 56.745696284976482 ], [ -2.432059165541185, 56.745687715962099 ], [ -2.432063872727943, 56.745679143203638 ], [ -2.432068564127897, 56.745670568016649 ], [ -2.432073245668784, 56.745661991716716 ], [ -2.432077923278335, 56.745653415619358 ], [ -2.432082602884282, 56.745644841040146 ], [ -2.432087290414344, 56.745636269294607 ], [ -2.43209199179624, 56.745627701698346 ], [ -2.432096712957688, 56.745619139566834 ], [ -2.432101459826391, 56.745610584215676 ], [ -2.432106238330056, 56.745602036960392 ], [ -2.432111054396387, 56.745593499116545 ], [ -2.432115913953076, 56.745584971999662 ], [ -2.432120822927812, 56.745576456925306 ], [ -2.432125787248284, 56.74556795520899 ], [ -2.432130812842173, 56.745559468166284 ], [ -2.432135905637157, 56.745550997112709 ], [ -2.432141071560907, 56.74554254336384 ], [ -2.432146316541093, 56.745534108235162 ], [ -2.432151646505381, 56.745525693042246 ], [ -2.432157067381426, 56.745517299100612 ], [ -2.432162585096888, 56.745508927725794 ], [ -2.432168205579418, 56.74550058023334 ], [ -2.432173934756661, 56.745492257938757 ], [ -2.432179777291396, 56.745483961863918 ], [ -2.432185730044126, 56.745475691219028 ], [ -2.432191786903219, 56.745467444524209 ], [ -2.432197941751214, 56.745459220298244 ], [ -2.432204188470654, 56.745451017059906 ], [ -2.432210520944089, 56.745442833327964 ], [ -2.432216933054073, 56.74543466762119 ], [ -2.432223418683163, 56.745426518458373 ], [ -2.432229971713921, 56.745418384358281 ], [ -2.432236586028911, 56.745410263839688 ], [ -2.43224325551071, 56.745402155421381 ], [ -2.432249974041889, 56.745394057622157 ], [ -2.432256735505027, 56.745385968960754 ], [ -2.43226353378271, 56.745377887955996 ], [ -2.432270362757522, 56.745369813126651 ], [ -2.432277216312059, 56.745361742991513 ], [ -2.432284088328916, 56.745353676069378 ], [ -2.432290972690693, 56.745345610879028 ], [ -2.432297863279992, 56.745337545939243 ], [ -2.432304753979424, 56.745329479768813 ], [ -2.432311638671601, 56.745321410886561 ], [ -2.43231851123914, 56.745313337811268 ], [ -2.432325365564663, 56.745305259061716 ], [ -2.432332195530791, 56.745297173156708 ], [ -2.432338995020158, 56.745289078615059 ], [ -2.432345757915391, 56.745280973955559 ], [ -2.432352478099135, 56.745272857697017 ], [ -2.432359149454025, 56.745264728358222 ], [ -2.43236576586271, 56.745256584457998 ], [ -2.432372321207841, 56.745248424515125 ], [ -2.432378809481563, 56.745240247076225 ], [ -2.432385228269107, 56.745232051599722 ], [ -2.432391579472091, 56.745223838639461 ], [ -2.432397865247815, 56.745215608814121 ], [ -2.432404087753573, 56.745207362742448 ], [ -2.432410249146662, 56.745199101043156 ], [ -2.432416351584374, 56.745190824334962 ], [ -2.432422397224001, 56.74518253323658 ], [ -2.432428388222832, 56.745174228366722 ], [ -2.432434326738161, 56.745165910344106 ], [ -2.432440214927272, 56.745157579787431 ], [ -2.432446054947455, 56.745149237315438 ], [ -2.432451848955993, 56.745140883546817 ], [ -2.432457599110167, 56.745132519100281 ], [ -2.432463307567264, 56.745124144594563 ], [ -2.432468976484564, 56.745115760648353 ], [ -2.432474608019345, 56.745107367880372 ], [ -2.432480204328884, 56.745098966909332 ], [ -2.432485767570458, 56.745090558353944 ], [ -2.432491299901346, 56.745082142832899 ], [ -2.432496803478816, 56.745073720964911 ], [ -2.432502280460142, 56.745065293368718 ], [ -2.432507733002594, 56.745056860662999 ], [ -2.432513163263442, 56.745048423466464 ], [ -2.432518573399951, 56.745039982397834 ], [ -2.432523965569388, 56.745031538075828 ], [ -2.432529341929019, 56.745023091119123 ], [ -2.432534704636103, 56.74501464214643 ], [ -2.432540055847905, 56.745006191776454 ], [ -2.432545397721678, 56.744997740627923 ], [ -2.432550732414688, 56.744989289319527 ], [ -2.432556062084187, 56.744980838469964 ], [ -2.432561388887428, 56.744972388697946 ], [ -2.432566714981668, 56.744963940622185 ], [ -2.432572042524158, 56.744955494861379 ], [ -2.432577373672145, 56.744947052034213 ], [ -2.432582710582881, 56.744938612759412 ], [ -2.432588055413612, 56.744930177655675 ], [ -2.432593410321583, 56.744921747341692 ], [ -2.432598777464039, 56.744913322436183 ], [ -2.432604158998218, 56.744904903557831 ], [ -2.432609557081367, 56.744896491325349 ], [ -2.432614973870722, 56.744888086357435 ], [ -2.432620411523521, 56.7448796892728 ], [ -2.432625872196999, 56.7448713006901 ], [ -2.432631358048392, 56.744862921228091 ], [ -2.432636871234933, 56.744854551505433 ], [ -2.432642413913854, 56.744846192140841 ], [ -2.432647988242383, 56.744837843753018 ], [ -2.432653596377751, 56.744829506960635 ], [ -2.432659240477183, 56.74482118238241 ], [ -2.432664922697908, 56.744812870637048 ], [ -2.432670645197149, 56.744804572343227 ], [ -2.432676410132127, 56.744796288119652 ], [ -2.432682219660067, 56.74478801858502 ], [ -2.432688075938184, 56.744779764358015 ], [ -2.432693981123701, 56.744771526057328 ], [ -2.432699937373834, 56.744763304301671 ], [ -2.432705946845799, 56.744755099709735 ], [ -2.43271201169681, 56.74474691290019 ], [ -2.432718134084081, 56.744738744491762 ], [ -2.432724316164823, 56.744730595103121 ], [ -2.43273056009625, 56.744722465352957 ], [ -2.432736868035567, 56.744714355859969 ], [ -2.432743242139986, 56.74470626724284 ], [ -2.432749684566713, 56.744698200120261 ], [ -2.432756197472953, 56.744690155110931 ], [ -2.432762783015912, 56.744682132833532 ], [ -2.432769443352792, 56.744674133906742 ], [ -2.432776180640797, 56.744666158949265 ], [ -2.432782997037129, 56.744658208579779 ], [ -2.432789894379953, 56.744650283294838 ], [ -2.432796871194425, 56.744642382322773 ], [ -2.432803924042352, 56.744634504140315 ], [ -2.432811049459813, 56.744626647214346 ], [ -2.432818243982891, 56.744618810011772 ], [ -2.432825504147674, 56.744610990999448 ], [ -2.432832826490244, 56.744603188644305 ], [ -2.432840207546693, 56.744595401413221 ], [ -2.432847643853115, 56.744587627773079 ], [ -2.432855131945596, 56.744579866190804 ], [ -2.432862668360236, 56.744572115133245 ], [ -2.432870249633127, 56.74456437306732 ], [ -2.432877872300368, 56.74455663845994 ], [ -2.43288553289806, 56.744548909777983 ], [ -2.432893227962298, 56.744541185488352 ], [ -2.432900954029192, 56.744533464057938 ], [ -2.432908707634842, 56.744525743953673 ], [ -2.432916485315354, 56.744518023642406 ], [ -2.432924283606837, 56.744510301591077 ], [ -2.432932099045396, 56.744502576266562 ], [ -2.432939928167145, 56.744494846135787 ], [ -2.432947767508194, 56.744487109665656 ], [ -2.432955613604657, 56.744479365323059 ], [ -2.432963462992649, 56.744471611574888 ], [ -2.432971312208285, 56.744463846888081 ], [ -2.432979157787688, 56.74445606972953 ], [ -2.43298699626697, 56.744448278566146 ], [ -2.432994824182258, 56.744440471864834 ], [ -2.433002638069673, 56.744432648092513 ], [ -2.433010434465339, 56.744424805716093 ], [ -2.433018209905384, 56.744416943202481 ], [ -2.433025960925935, 56.744409059018579 ], [ -2.433033684063118, 56.74440115163133 ], [ -2.433041375853069, 56.744393219507614 ], [ -2.433049032831921, 56.744385261114381 ], [ -2.433056651535806, 56.744377274918506 ], [ -2.433064228500862, 56.744369259386943 ], [ -2.433071760263225, 56.744361212986597 ], [ -2.43307924335904, 56.744353134184387 ], [ -2.433086674324449, 56.744345021447209 ], [ -2.433094049680901, 56.744336873245764 ], [ -2.43310136238749, 56.744328688955285 ], [ -2.433108597223023, 56.744320470028349 ], [ -2.433115737822576, 56.744312218207952 ], [ -2.433122767821242, 56.744303935237149 ], [ -2.433129670854127, 56.744295622858921 ], [ -2.433136430556356, 56.744287282816281 ], [ -2.43314303056307, 56.744278916852288 ], [ -2.433149454509425, 56.744270526709947 ], [ -2.433155686030593, 56.74426211413229 ], [ -2.433161708761761, 56.744253680862364 ], [ -2.433167506338138, 56.744245228643187 ], [ -2.433173062394942, 56.74423675921782 ], [ -2.433178360567411, 56.744228274329281 ], [ -2.4331833844908, 56.744219775720616 ], [ -2.433188117800376, 56.744211265134886 ], [ -2.433192544131428, 56.74420274431511 ], [ -2.433196647119255, 56.744194215004335 ], [ -2.433200410399176, 56.744185678945627 ], [ -2.433203817606521, 56.744177137882019 ], [ -2.43320685237664, 56.744168593556523 ], [ -2.4332094983449, 56.744160047712235 ], [ -2.433211739146676, 56.744151502092144 ], [ -2.433213558417364, 56.744142958439333 ], [ -2.433214939792374, 56.744134418496792 ], [ -2.433215866907127, 56.744125884007566 ], [ -2.433216323397062, 56.744117356714703 ], [ -2.433216292897633, 56.744108838361214 ], [ -2.433215759044304, 56.744100330690095 ], [ -2.433214705472557, 56.744091835444401 ], [ -2.433213115817884, 56.744083354367078 ], [ -2.433210973715791, 56.744074889201158 ], [ -2.433208269021811, 56.744066441365909 ], [ -2.433205030262811, 56.744058010267921 ], [ -2.433201300804494, 56.74404959454148 ], [ -2.433197124043033, 56.74404119281931 ], [ -2.433192543374567, 56.744032803734129 ], [ -2.433187602195195, 56.744024425918631 ], [ -2.433182343900981, 56.744016058005549 ], [ -2.433176811887945, 56.744007698627563 ], [ -2.43317104955208, 56.743999346417425 ], [ -2.433165100289329, 56.743991000007867 ], [ -2.433159007495605, 56.743982658031619 ], [ -2.433152814566785, 56.743974319121435 ], [ -2.433146564898708, 56.74396598191003 ], [ -2.433140301887169, 56.743957645030179 ], [ -2.433134068927938, 56.743949307114676 ], [ -2.433127909416738, 56.743940966796266 ], [ -2.433121866749261, 56.743932622707732 ], [ -2.433115984321158, 56.743924273481866 ], [ -2.433110305528047, 56.743915917751465 ], [ -2.433104873765505, 56.743907554149345 ], [ -2.433099732429073, 56.743899181308286 ], [ -2.433094924914255, 56.743890797861134 ], [ -2.433090494616516, 56.74388240244069 ], [ -2.433086484931286, 56.74387399367977 ], [ -2.43308293925395, 56.743865570211199 ], [ -2.433079900979859, 56.743857130667791 ], [ -2.433077413504327, 56.743848673682351 ], [ -2.433075520222621, 56.743840197887728 ], [ -2.433074255312384, 56.743831702393123 ], [ -2.43307360590537, 56.743823188739427 ], [ -2.433073544162685, 56.743814659241288 ], [ -2.433074042239174, 56.743806116213669 ], [ -2.433075072289692, 56.743797561971554 ], [ -2.433076606469122, 56.743788998829885 ], [ -2.43307861693238, 56.743780429103616 ], [ -2.433081075834401, 56.74377185510771 ], [ -2.433083955330143, 56.743763279157086 ], [ -2.433087227574589, 56.743754703566715 ], [ -2.433090864722752, 56.743746130651537 ], [ -2.433094838929672, 56.743737562726494 ], [ -2.433099122350408, 56.743729002106534 ], [ -2.433103687140054, 56.743720451106597 ], [ -2.433108505453721, 56.743711912041647 ], [ -2.433113549446557, 56.743703387226638 ], [ -2.433118791273726, 56.743694878976527 ], [ -2.433124203090428, 56.743686389606268 ], [ -2.433129757051884, 56.743677921430837 ], [ -2.433135425313341, 56.743669476765199 ], [ -2.433141181550914, 56.743661057706511 ], [ -2.433147014076409, 56.743652664255897 ], [ -2.433152919374513, 56.743644295243932 ], [ -2.433158894019, 56.743635949488471 ], [ -2.433164934583629, 56.743627625807385 ], [ -2.433171037642171, 56.743619323018493 ], [ -2.433177199768393, 56.743611039939651 ], [ -2.433183417536074, 56.743602775388702 ], [ -2.433189687518985, 56.743594528183522 ], [ -2.433196006290903, 56.743586297141938 ], [ -2.433202370425613, 56.7435780810818 ], [ -2.433208776496892, 56.743569878820978 ], [ -2.433215221078527, 56.743561689177326 ], [ -2.433221700744306, 56.743553510968674 ], [ -2.433228212068015, 56.743545343012883 ], [ -2.433234751623448, 56.743537184127831 ], [ -2.433241315984396, 56.743529033131352 ], [ -2.433247901724654, 56.743520888841303 ], [ -2.433254505418022, 56.74351275007556 ], [ -2.4332611236383, 56.743504615651943 ], [ -2.433267752959288, 56.743496484388366 ], [ -2.433274389954791, 56.743488355102649 ], [ -2.433281031198615, 56.743480226612654 ], [ -2.433287673264569, 56.743472097736252 ], [ -2.433294312726462, 56.743463967291305 ], [ -2.433300946158105, 56.743455834095677 ], [ -2.433307570133317, 56.743447696967216 ], [ -2.433314181225909, 56.7434395547238 ], [ -2.433320776009706, 56.743431406183298 ], [ -2.433327351058525, 56.743423250163566 ], [ -2.433333902966795, 56.743415085489744 ], [ -2.433340429736926, 56.743406911483632 ], [ -2.433346931658486, 56.743398728273817 ], [ -2.433353409230572, 56.743390536062833 ], [ -2.433359862952281, 56.74338233505317 ], [ -2.433366293322708, 56.743374125447339 ], [ -2.43337270084095, 56.743365907447853 ], [ -2.433379086006101, 56.743357681257216 ], [ -2.433385449317257, 56.743349447077946 ], [ -2.433391791273512, 56.743341205112529 ], [ -2.433398112373962, 56.743332955563503 ], [ -2.4334044131177, 56.743324698633351 ], [ -2.433410694003821, 56.743316434524601 ], [ -2.43341695553142, 56.743308163439735 ], [ -2.433423198199586, 56.743299885581294 ], [ -2.433429422507417, 56.743291601151768 ], [ -2.433435628954003, 56.743283310353668 ], [ -2.433441818038441, 56.743275013389493 ], [ -2.433447990259817, 56.743266710461754 ], [ -2.433454146117228, 56.743258401772955 ], [ -2.433460286109763, 56.743250087525624 ], [ -2.433466410736516, 56.74324176792225 ], [ -2.433472520496574, 56.743233443165323 ], [ -2.433478615889034, 56.743225113457385 ], [ -2.433484697412981, 56.74321677900091 ], [ -2.433490765567509, 56.743208439998448 ], [ -2.433496820851707, 56.743200096652458 ], [ -2.433502863764664, 56.743191749165483 ], [ -2.43350889480547, 56.743183397740005 ], [ -2.433514914473215, 56.743175042578535 ], [ -2.433520923266984, 56.743166683883601 ], [ -2.433526921685872, 56.743158321857663 ], [ -2.43353291022896, 56.74314995670327 ], [ -2.433538889395343, 56.743141588622912 ], [ -2.433544859684104, 56.743133217819086 ], [ -2.43355082159433, 56.743124844494318 ], [ -2.433556775625108, 56.743116468851099 ], [ -2.43356272227553, 56.743108091091933 ], [ -2.433568662044677, 56.743099711419333 ], [ -2.433574595431636, 56.743091330035796 ], [ -2.433580522935495, 56.743082947143819 ], [ -2.433586445055336, 56.743074562945942 ], [ -2.433592362290245, 56.74306617764465 ], [ -2.433598275139309, 56.743057791442418 ], [ -2.433604184101609, 56.743049404541786 ], [ -2.433610089676235, 56.743041017145259 ], [ -2.433615992362263, 56.743032629455335 ], [ -2.433621892658782, 56.743024241674505 ], [ -2.433627791064875, 56.743015854005293 ], [ -2.433633688079623, 56.743007466650191 ], [ -2.43363958420211, 56.742999079811703 ], [ -2.433645479931418, 56.742990693692335 ], [ -2.433651375766626, 56.742982308494589 ], [ -2.43365727220682, 56.742973924420987 ], [ -2.43366316975108, 56.742965541673996 ], [ -2.433669068898487, 56.742957160456157 ], [ -2.433674970148121, 56.742948780969961 ], [ -2.433680873999064, 56.742940403417897 ], [ -2.433686780950393, 56.742932028002471 ], [ -2.433692691501189, 56.742923654926201 ], [ -2.433698606150535, 56.742915284391586 ], [ -2.433704525397506, 56.742906916601115 ], [ -2.433710449741181, 56.742898551757321 ], [ -2.433716379680642, 56.742890190062667 ], [ -2.433722315714962, 56.742881831719686 ], [ -2.433728258343224, 56.742873476930868 ], [ -2.433734208064503, 56.742865125898724 ], [ -2.433740165377877, 56.742856778825761 ], [ -2.433746130782422, 56.742848435914432 ], [ -2.433752104777215, 56.742840097367306 ], [ -2.433758087861334, 56.742831763386853 ], [ -2.433764080486381, 56.742823434156854 ], [ -2.433764951788258, 56.742822225700515 ] ] ], [ [ [ -2.429470397268359, 56.748710153719514 ], [ -2.429464389947503, 56.748718230050237 ], [ -2.429458249577153, 56.748726472854983 ], [ -2.429452097504548, 56.748734715498941 ], [ -2.429445931443785, 56.74874295756149 ], [ -2.429439749108965, 56.748751198622038 ], [ -2.429433548277325, 56.748759438270739 ], [ -2.429427328060073, 56.748767676324711 ], [ -2.429421088839781, 56.748775912817344 ], [ -2.429414831049644, 56.748784147790637 ], [ -2.429408555122851, 56.74879238128667 ], [ -2.429402261492592, 56.748800613347399 ], [ -2.42939595059206, 56.748808844014881 ], [ -2.429389622854444, 56.748817073331111 ], [ -2.429383278712941, 56.748825301338123 ], [ -2.429376918600735, 56.748833528077952 ], [ -2.429370542951028, 56.748841753592572 ], [ -2.42936415219701, 56.748849977924039 ], [ -2.42935774677187, 56.748858201114373 ], [ -2.429351327108808, 56.748866423205577 ], [ -2.429344893641014, 56.748874644239677 ], [ -2.429338446801684, 56.748882864258697 ], [ -2.429331987024012, 56.748891083304649 ], [ -2.429325514741196, 56.74889930141957 ], [ -2.429319030386428, 56.748907518645467 ], [ -2.429312534392904, 56.748915735024354 ], [ -2.429306027193823, 56.748923950598247 ], [ -2.429299509222379, 56.74893216540918 ], [ -2.429292980911771, 56.748940379499203 ], [ -2.429286442695194, 56.748948592910281 ], [ -2.429279895005848, 56.748956805684465 ], [ -2.429273338276928, 56.748965017863767 ], [ -2.429266772941637, 56.748973229490232 ], [ -2.42926019943317, 56.748981440605824 ], [ -2.429253618184724, 56.748989651252636 ], [ -2.429247029629503, 56.748997861472631 ], [ -2.429240434200704, 56.749006071307861 ], [ -2.429233832331527, 56.749014280800331 ], [ -2.429227224455173, 56.749022489992079 ], [ -2.429220611004842, 56.749030698925139 ], [ -2.429213992413738, 56.749038907641477 ], [ -2.429207369115061, 56.749047116183164 ], [ -2.429200741542007, 56.749055324592227 ], [ -2.429194110127785, 56.749063532910647 ], [ -2.429187475305597, 56.749071741180465 ], [ -2.429180837508643, 56.749079949443718 ], [ -2.429174197170126, 56.74908815774242 ], [ -2.429167554723254, 56.749096366118586 ], [ -2.429160910601224, 56.749104574614243 ], [ -2.429154265237244, 56.749112783271414 ], [ -2.429147619064519, 56.749120992132134 ], [ -2.429140972516252, 56.749129201238389 ], [ -2.42913432602565, 56.749137410632244 ], [ -2.429127680025918, 56.749145620355691 ], [ -2.429121034950262, 56.74915383045078 ], [ -2.429114391231887, 56.749162040959511 ], [ -2.429107749303997, 56.749170251923928 ], [ -2.429101109599805, 56.749178463386038 ], [ -2.429094472552514, 56.749186675387861 ], [ -2.429087838595334, 56.749194887971427 ], [ -2.429081208161471, 56.749203101178772 ], [ -2.429074581684133, 56.749211315051909 ], [ -2.429067959596532, 56.74921952963286 ], [ -2.429061342331873, 56.749227744963655 ], [ -2.429054730323366, 56.749235961086299 ], [ -2.429048124004224, 56.749244178042851 ], [ -2.429041523807653, 56.74925239587531 ], [ -2.429034930166866, 56.749260614625705 ], [ -2.429028343515069, 56.749268834336071 ], [ -2.429021764285482, 56.74927705504841 ], [ -2.429015192911307, 56.749285276804777 ], [ -2.429009247365858, 56.749292725935824 ], [ -2.429015432898052, 56.749284677258579 ], [ -2.429021783652641, 56.749276424090958 ], [ -2.4290281409387, 56.749268172772567 ], [ -2.429034504659177, 56.749259923279133 ], [ -2.429040874717017, 56.749251675586372 ], [ -2.429047251015166, 56.74924342967001 ], [ -2.429053633456569, 56.749235185505761 ], [ -2.429060021944172, 56.74922694306936 ], [ -2.42906641638092, 56.749218702336506 ], [ -2.42907281666976, 56.749210463282942 ], [ -2.429079222713638, 56.749202225884382 ], [ -2.429085634415501, 56.749193990116538 ], [ -2.429092051678291, 56.749185755955139 ], [ -2.42909847440496, 56.74917752337592 ], [ -2.429104902498448, 56.749169292354566 ], [ -2.429111335861708, 56.749161062866825 ], [ -2.42911777439768, 56.749152834888413 ], [ -2.429124218009316, 56.749144608395071 ], [ -2.429130666599561, 56.749136383362469 ], [ -2.429137120071359, 56.749128159766379 ], [ -2.429143578327658, 56.749119937582506 ], [ -2.429150041271404, 56.749111716786565 ], [ -2.429156508805547, 56.749103497354284 ], [ -2.429162980833032, 56.749095279261375 ], [ -2.429169457256806, 56.749087062483568 ], [ -2.429175937979814, 56.749078846996582 ], [ -2.429182422905006, 56.749070632776146 ], [ -2.429188911935328, 56.749062419797973 ], [ -2.429195404973727, 56.749054208037776 ], [ -2.42920190192315, 56.749045997471299 ], [ -2.429208402686545, 56.749037788074247 ], [ -2.429214907166861, 56.749029579822341 ], [ -2.429221415267043, 56.749021372691324 ], [ -2.429227926890038, 56.74901316665688 ], [ -2.429234441938796, 56.749004961694766 ], [ -2.429240960316263, 56.748996757780667 ], [ -2.42924748192539, 56.74898855489036 ], [ -2.429254006669119, 56.748980352999517 ], [ -2.429260534450404, 56.748972152083873 ], [ -2.429267065172188, 56.748963952119162 ], [ -2.429273598737423, 56.748955753081098 ], [ -2.429280135049054, 56.748947554945396 ], [ -2.429286674010031, 56.748939357687782 ], [ -2.429293215523299, 56.748931161283991 ], [ -2.429299759491812, 56.748922965709717 ], [ -2.429306305818515, 56.748914770940715 ], [ -2.429312854406357, 56.748906576952677 ], [ -2.429319405158286, 56.748898383721347 ], [ -2.429325957977249, 56.748890191222436 ], [ -2.4293325127662, 56.74888199943166 ], [ -2.429339069428082, 56.748873808324745 ], [ -2.429345627865846, 56.748865617877442 ], [ -2.429352187982443, 56.748857428065442 ], [ -2.429358749680817, 56.748849238864466 ], [ -2.42936531286392, 56.748841050250235 ], [ -2.429371877434701, 56.748832862198491 ], [ -2.42937844329611, 56.74882467468494 ], [ -2.429385010351094, 56.748816487685296 ], [ -2.429391578502602, 56.748808301175323 ], [ -2.429398147653588, 56.748800115130685 ], [ -2.429404717706996, 56.748791929527151 ], [ -2.429411288565777, 56.748783744340422 ], [ -2.429417860132882, 56.748775559546232 ], [ -2.429424432311257, 56.748767375120288 ], [ -2.429431005003857, 56.748759191038303 ], [ -2.429437578113629, 56.748751007276034 ], [ -2.42944415154352, 56.748742823809174 ], [ -2.429450725196484, 56.748734640613478 ], [ -2.429457298975468, 56.748726457664624 ], [ -2.429463872783425, 56.748718274938369 ], [ -2.429470397268359, 56.748710153719514 ] ] ], [ [ [ -2.428679473583168, 56.749736481961612 ], [ -2.428676736174575, 56.749740564400135 ], [ -2.428671153536714, 56.749748931729471 ], [ -2.428665596127823, 56.74975730352687 ], [ -2.4286600641979, 56.749765679860154 ], [ -2.428654557996931, 56.749774060797037 ], [ -2.428649077774913, 56.749782446405348 ], [ -2.428643623781836, 56.749790836752844 ], [ -2.428638196267693, 56.749799231907289 ], [ -2.428632795482476, 56.749807631936456 ], [ -2.428627421676176, 56.749816036908115 ], [ -2.428622075098788, 56.749824446890074 ], [ -2.428616756000306, 56.749832861950082 ], [ -2.428611464630723, 56.749841282155899 ], [ -2.428606201234824, 56.749849707598038 ], [ -2.428600966060221, 56.749858138354618 ], [ -2.428595759364476, 56.749866574460412 ], [ -2.428590581397586, 56.749875015983164 ], [ -2.428585432409546, 56.74988346299066 ], [ -2.428580312650351, 56.749891915550677 ], [ -2.42857522236999, 56.749900373731009 ], [ -2.428570161818465, 56.749908837599392 ], [ -2.428565131245771, 56.749917307223647 ], [ -2.428560130901898, 56.749925782671504 ], [ -2.428555161036847, 56.749934264010761 ], [ -2.428550221900609, 56.749942751309206 ], [ -2.428545313743182, 56.749951244634616 ], [ -2.428540436814567, 56.749959744054728 ], [ -2.428535591364752, 56.749968249637355 ], [ -2.428530777643742, 56.749976761450249 ], [ -2.428525995901527, 56.749985279561216 ], [ -2.428521246388108, 56.749993804038006 ], [ -2.428516529353481, 56.750002334948391 ], [ -2.42851184503632, 56.750010872357414 ], [ -2.428507190378432, 56.750019415526694 ], [ -2.428502554467511, 56.750027961803987 ], [ -2.428497925246761, 56.750036508258184 ], [ -2.428493290659357, 56.750045051958139 ], [ -2.428488638648477, 56.75005358997273 ], [ -2.42848395715729, 56.750062119370824 ], [ -2.428479234128946, 56.750070637221249 ], [ -2.428474457506598, 56.750079140592902 ], [ -2.42846961523338, 56.750087626554645 ], [ -2.428464695252423, 56.750096092175291 ], [ -2.428459685506842, 56.750104534523743 ], [ -2.428454573939755, 56.750112950668807 ], [ -2.428449348494258, 56.750121337679396 ], [ -2.428443997113445, 56.750129692624292 ], [ -2.428438507740406, 56.750138012572386 ], [ -2.428432868318211, 56.750146294592483 ], [ -2.428427066789933, 56.750154535753452 ], [ -2.428421091098632, 56.750162733124121 ], [ -2.428414929187364, 56.750170883773315 ], [ -2.428408568999172, 56.75017898476986 ], [ -2.428401998477099, 56.750187033182605 ], [ -2.428395205564176, 56.750195026080362 ], [ -2.428388178203432, 56.750202960531936 ], [ -2.428380904337884, 56.750210833606161 ], [ -2.428373371910556, 56.750218642371834 ], [ -2.428365568864451, 56.750226383897783 ], [ -2.428357483142578, 56.750234055252761 ], [ -2.428349102687941, 56.750241653505626 ], [ -2.428340415443535, 56.750249175725138 ], [ -2.428331409500952, 56.750256618999565 ], [ -2.428322121879903, 56.75026398683692 ], [ -2.42831270890049, 56.750271298398282 ], [ -2.428303344722511, 56.75027857518544 ], [ -2.428294203505878, 56.750285838700265 ], [ -2.428285459410613, 56.750293110444666 ], [ -2.428283794038181, 56.75029459826505 ], [ -2.428285067099727, 56.750292311048796 ], [ -2.42828984202742, 56.75028385449788 ], [ -2.428294684648687, 56.750275405139462 ], [ -2.428299598484402, 56.750266963250631 ], [ -2.428304587055432, 56.750258529108514 ], [ -2.428309653882023, 56.750250102990094 ], [ -2.428314801110698, 56.750241685045751 ], [ -2.428320026599108, 56.750233275030318 ], [ -2.428325327370212, 56.750224872621644 ], [ -2.428330700446988, 56.750216477497574 ], [ -2.428336142852402, 56.750208089335977 ], [ -2.428341651609434, 56.750199707814708 ], [ -2.428347223741056, 56.750191332611621 ], [ -2.428352856270252, 56.750182963404555 ], [ -2.428358546220001, 56.7501745998714 ], [ -2.428364290613291, 56.750166241689996 ], [ -2.428370086473105, 56.750157888538197 ], [ -2.428375930822434, 56.750149540093872 ], [ -2.428381820684274, 56.750141196034875 ], [ -2.428387753081615, 56.750132856039066 ], [ -2.428393725037456, 56.750124519784322 ], [ -2.428399733574795, 56.750116186948482 ], [ -2.428405775716634, 56.750107857209422 ], [ -2.428411848485978, 56.750099530244988 ], [ -2.428417948905834, 56.75009120573305 ], [ -2.428424073999213, 56.750082883351496 ], [ -2.428430220789124, 56.75007456277816 ], [ -2.428436386298578, 56.750066243690917 ], [ -2.428442567550597, 56.750057925767621 ], [ -2.428448761568199, 56.750049608686169 ], [ -2.428454965374401, 56.750041292124401 ], [ -2.428461175992229, 56.750032975760185 ], [ -2.428467390444709, 56.750024659271403 ], [ -2.428473605754867, 56.750016342335911 ], [ -2.428479818945739, 56.750008024631576 ], [ -2.42848602704333, 56.749999705836636 ], [ -2.428492227932508, 56.749991385729565 ], [ -2.428498421540619, 56.749983064327303 ], [ -2.428504608092063, 56.749974741681477 ], [ -2.428510787811235, 56.74996641784373 ], [ -2.428516960922539, 56.749958092865675 ], [ -2.428523127650368, 56.74994976679892 ], [ -2.42852928821912, 56.749941439695121 ], [ -2.428535442853199, 56.749933111605898 ], [ -2.428541591776994, 56.749924782582852 ], [ -2.428547735214908, 56.749916452677638 ], [ -2.428553873391334, 56.749908121941864 ], [ -2.428560006530673, 56.749899790427158 ], [ -2.428566134857318, 56.749891458185147 ], [ -2.428572258595674, 56.749883125267466 ], [ -2.428578377970129, 56.749874791725702 ], [ -2.428584493205082, 56.749866457611539 ], [ -2.428590604524931, 56.749858122976562 ], [ -2.428596712154069, 56.7498497878724 ], [ -2.428602816309571, 56.749841452382618 ], [ -2.428608917217839, 56.749833116550107 ], [ -2.428615015108596, 56.749824780403287 ], [ -2.42862111020624, 56.749816443993787 ], [ -2.428627202735163, 56.749808107373219 ], [ -2.428633292919761, 56.749799770593221 ], [ -2.428639380984432, 56.749791433705404 ], [ -2.428645467153568, 56.749783096761405 ], [ -2.428651551651562, 56.749774759812837 ], [ -2.428657634702814, 56.749766422911335 ], [ -2.428663716531713, 56.749758086108521 ], [ -2.428669797362656, 56.749749749456015 ], [ -2.42867587742004, 56.749741413005431 ], [ -2.428679473583168, 56.749736481961612 ] ] ], [ [ [ -2.428250282226032, 56.750357458372648 ], [ -2.428250923352989, 56.75036224708424 ], [ -2.428252913978256, 56.750370522218212 ], [ -2.428255614834197, 56.750378893231883 ], [ -2.428258838976734, 56.750387348083976 ], [ -2.428262399461635, 56.750395874733165 ], [ -2.428266109344495, 56.75040446113821 ], [ -2.428269781680738, 56.750413095257834 ], [ -2.428273229525613, 56.750421765050802 ], [ -2.428276265934199, 56.750430458475883 ], [ -2.42827870396139, 56.750439163491862 ], [ -2.428280377824682, 56.750447869114254 ], [ -2.428281268503973, 56.750456571686854 ], [ -2.428281419165844, 56.750465270658516 ], [ -2.428280873200988, 56.750473965489398 ], [ -2.42827967400014, 56.750482655639502 ], [ -2.428277864954074, 56.750491340568949 ], [ -2.428275489453606, 56.750500019737764 ], [ -2.428272590889587, 56.750508692606012 ], [ -2.428269212652916, 56.750517358633729 ], [ -2.428265398134522, 56.750526017280997 ], [ -2.428261190725388, 56.750534668007859 ], [ -2.428256633816524, 56.750543310274352 ], [ -2.428251770798987, 56.75055194354055 ], [ -2.428246645063872, 56.750560567266511 ], [ -2.428241300002317, 56.750569180912336 ], [ -2.428235779005497, 56.750577783938049 ], [ -2.428230125464627, 56.750586375803763 ], [ -2.428224382770963, 56.750594955969561 ], [ -2.428218594315803, 56.750603523895556 ], [ -2.428212803490478, 56.750612079041844 ], [ -2.428207052579912, 56.750620620921659 ], [ -2.428201363033852, 56.750629150047928 ], [ -2.428195737747072, 56.750637667823973 ], [ -2.428190178965854, 56.750646175684238 ], [ -2.428184688936478, 56.75065467506311 ], [ -2.428179269905232, 56.750663167395039 ], [ -2.428173924118396, 56.750671654114434 ], [ -2.428168653822262, 56.750680136655724 ], [ -2.428163461263112, 56.750688616453353 ], [ -2.428158348687234, 56.750697094941707 ], [ -2.428153318340922, 56.750705573555237 ], [ -2.428148372470463, 56.750714053728366 ], [ -2.428143513322151, 56.750722536895495 ], [ -2.428138743142277, 56.750731024491088 ], [ -2.428134064177141, 56.750739517949555 ], [ -2.428129478673033, 56.750748018705302 ], [ -2.428124988876254, 56.750756528192774 ], [ -2.428120597033101, 56.750765047846407 ], [ -2.42811630538988, 56.75077357910061 ], [ -2.428112116192885, 56.750782123389811 ], [ -2.428108031688424, 56.750790682148427 ], [ -2.428104054122802, 56.750799256810907 ], [ -2.428100185742326, 56.750807848811661 ], [ -2.428096428793305, 56.75081645958511 ], [ -2.428092785522049, 56.750825090565712 ], [ -2.428089258174872, 56.750833743187847 ], [ -2.428085848998082, 56.750842418885966 ], [ -2.428082560238006, 56.750851119094506 ], [ -2.428079394140952, 56.750859845247881 ], [ -2.428076352953246, 56.750868598780514 ], [ -2.428073437832718, 56.750877380663155 ], [ -2.428070597950655, 56.750886169721639 ], [ -2.428067708748206, 56.75089491337458 ], [ -2.428064640062085, 56.750903556653348 ], [ -2.428061261728907, 56.750912044589249 ], [ -2.4280574435852, 56.750920322213588 ], [ -2.428053055467405, 56.75092833455767 ], [ -2.428047967211901, 56.750936026652745 ], [ -2.428042048655032, 56.750943343530011 ], [ -2.428035169633105, 56.750950230220688 ], [ -2.428027199982446, 56.750956631755898 ], [ -2.428018044553351, 56.750962508812769 ], [ -2.428007790599624, 56.75096790357572 ], [ -2.427996584581703, 56.750972884685709 ], [ -2.427984572991163, 56.750977520797605 ], [ -2.427971902319618, 56.75098188056635 ], [ -2.427958719058687, 56.7509860326469 ], [ -2.427945169699984, 56.750990045694273 ], [ -2.427931400735089, 56.750993988363575 ], [ -2.427917558655561, 56.750997929309932 ], [ -2.427903789952911, 56.751001937188533 ], [ -2.42789024111862, 56.75100608065469 ], [ -2.427877058644135, 56.751010428363692 ], [ -2.427864389020883, 56.751015048970956 ], [ -2.427852378740293, 56.751020011131942 ], [ -2.427841163715328, 56.751025378410453 ], [ -2.427830766977523, 56.751031160038004 ], [ -2.427821143254575, 56.751037332369854 ], [ -2.427812246322803, 56.751043871303359 ], [ -2.427804029958563, 56.751050752735793 ], [ -2.427796447938226, 56.75105795256443 ], [ -2.427789454038195, 56.751065446686518 ], [ -2.427783002034874, 56.751073210999294 ], [ -2.427777045704677, 56.751081221399978 ], [ -2.427771538824007, 56.751089453785752 ], [ -2.427766435169259, 56.751097884053813 ], [ -2.427761688516818, 56.751106488101343 ], [ -2.427757252643044, 56.751115241825481 ], [ -2.427753081324281, 56.751124121123418 ], [ -2.427749128336839, 56.751133101892258 ], [ -2.427745347457001, 56.751142160029161 ], [ -2.427741692461018, 56.751151271431276 ], [ -2.427738117125109, 56.751160411995691 ], [ -2.427734575225458, 56.751169557619548 ], [ -2.427731020538209, 56.751178684199942 ], [ -2.427727410975208, 56.751187769814834 ], [ -2.427723735150554, 56.751196808731969 ], [ -2.427719995492862, 56.751205802503669 ], [ -2.427716194497051, 56.751214752717289 ], [ -2.427712334658057, 56.751223660960108 ], [ -2.427708418470811, 56.751232528819472 ], [ -2.427704448430249, 56.751241357882691 ], [ -2.427700427031307, 56.751250149737075 ], [ -2.427696356768926, 56.751258905969948 ], [ -2.427692240138043, 56.751267628168641 ], [ -2.427688079633604, 56.751276317920471 ], [ -2.427683877750553, 56.751284976812741 ], [ -2.427679636983833, 56.751293606432789 ], [ -2.427675359828396, 56.751302208367939 ], [ -2.42767104877919, 56.751310784205494 ], [ -2.42766670633117, 56.751319335532784 ], [ -2.427662334979281, 56.751327863937142 ], [ -2.427657937218485, 56.75133637100587 ], [ -2.427653515543735, 56.751344858326298 ], [ -2.42764907244999, 56.751353327485766 ], [ -2.42764461043221, 56.751361780071576 ], [ -2.427640131985355, 56.751370217671052 ], [ -2.427635639604389, 56.751378641871526 ], [ -2.427631135784271, 56.751387054260334 ], [ -2.427626623019972, 56.751395456424781 ], [ -2.427622103806458, 56.75140384995219 ], [ -2.427617580638698, 56.751412236429907 ], [ -2.427613056011658, 56.751420617445248 ], [ -2.427608532420312, 56.751428994585524 ], [ -2.427604012359633, 56.751437369438079 ], [ -2.427599498324594, 56.751445743590246 ], [ -2.427594992810174, 56.751454118629333 ], [ -2.427590498311347, 56.751462496142672 ], [ -2.427586017323091, 56.751470877717615 ], [ -2.427581552340389, 56.751479264941452 ], [ -2.427577105858218, 56.75148765940154 ], [ -2.427572680371568, 56.751496062685199 ], [ -2.427568278375417, 56.751504476379772 ], [ -2.427563902364754, 56.751512902072548 ], [ -2.427559554834567, 56.751521341350909 ], [ -2.427555238919987, 56.751529795898435 ], [ -2.427550965504625, 56.751538268564254 ], [ -2.427546750620761, 56.751546762971905 ], [ -2.427542610393481, 56.751555282758872 ], [ -2.427538560947886, 56.75156383156267 ], [ -2.427534618409085, 56.751572413020817 ], [ -2.427530798902205, 56.751581030770794 ], [ -2.427527118552391, 56.751589688450139 ], [ -2.42752359348479, 56.751598389696348 ], [ -2.427520239824575, 56.751607138146923 ], [ -2.427517073696927, 56.751615937439404 ], [ -2.427514111227045, 56.751624791211285 ], [ -2.427511368540144, 56.751633703100104 ], [ -2.427508861761453, 56.751642676743352 ], [ -2.42750660701622, 56.751651715778578 ], [ -2.427504620429707, 56.751660823843274 ], [ -2.427502918127193, 56.75167000457494 ], [ -2.427501516233984, 56.75167926161113 ], [ -2.42750043087539, 56.751688598589347 ], [ -2.427499678176752, 56.751698019147085 ], [ -2.427499274208677, 56.751707526887678 ], [ -2.427499199236531, 56.751717103042274 ], [ -2.427499335999429, 56.751726667905068 ], [ -2.427499550786623, 56.751736131491946 ], [ -2.427499709887228, 56.751745403818802 ], [ -2.427499679590224, 56.751754394901546 ], [ -2.427499326184476, 56.751763014756065 ], [ -2.427498515958742, 56.751771173398247 ], [ -2.427497115201705, 56.751778780844006 ], [ -2.427494990201993, 56.751785747109182 ], [ -2.427492007248228, 56.751791982209639 ], [ -2.42748803262906, 56.751797396161194 ], [ -2.42730977951146, 56.751763644122875 ], [ -2.427401089946407, 56.751779256483182 ], [ -2.427407342253158, 56.751775193248847 ], [ -2.427412066480121, 56.751769841863911 ], [ -2.427415458484547, 56.751763352316004 ], [ -2.427417714123874, 56.751755874592661 ], [ -2.427419029255617, 56.751747558681394 ], [ -2.427419599737275, 56.75173855456967 ], [ -2.427419621426278, 56.75172901224493 ], [ -2.427419290179904, 56.751719081694596 ], [ -2.427418801855259, 56.751708912906139 ], [ -2.427418352309245, 56.751698655866967 ], [ -2.427418136042284, 56.751688459552817 ], [ -2.427418268802047, 56.751678414195212 ], [ -2.427418745754168, 56.751668520079349 ], [ -2.42741955186324, 56.751658769881097 ], [ -2.427420672093886, 56.751649156276343 ], [ -2.427422091410746, 56.751639671940978 ], [ -2.427423794778478, 56.751630309550855 ], [ -2.427425767161763, 56.751621061781883 ], [ -2.4274279935253, 56.751611921309902 ], [ -2.427430458833804, 56.751602880810829 ], [ -2.427433148052005, 56.751593932960482 ], [ -2.427436046144652, 56.751585070434778 ], [ -2.427439138076509, 56.7515762859096 ], [ -2.427442408812349, 56.751567572060807 ], [ -2.427445843316961, 56.751558921564275 ], [ -2.42744942655515, 56.75155032709587 ], [ -2.427453143491729, 56.751541781331511 ], [ -2.427456979091524, 56.75153327694705 ], [ -2.427460918319376, 56.751524806618399 ], [ -2.427464946140129, 56.751516363021388 ], [ -2.427469047518646, 56.751507938831963 ], [ -2.427473209019885, 56.751499527516415 ], [ -2.427477425290993, 56.751491126533622 ], [ -2.427481693525091, 56.751482734600138 ], [ -2.427486010916252, 56.751474350433021 ], [ -2.427490374658549, 56.75146597274928 ], [ -2.427494781946053, 56.751457600265944 ], [ -2.427499229972846, 56.751449231700086 ], [ -2.427503715933003, 56.751440865768693 ], [ -2.427508237020608, 56.75143250118883 ], [ -2.427512790429741, 56.751424136677514 ], [ -2.427517373354491, 56.751415770951802 ], [ -2.427521982988938, 56.751407402728717 ], [ -2.427526616527172, 56.751399030725281 ], [ -2.427531271163288, 56.751390653658554 ], [ -2.427535944091372, 56.751382270245571 ], [ -2.427540632505521, 56.751373879203356 ], [ -2.427545333599828, 56.751365479248953 ], [ -2.427550044568393, 56.751357069099399 ], [ -2.427554762605313, 56.751348647471751 ], [ -2.427559484904692, 56.751340213083019 ], [ -2.42756420866063, 56.75133176465026 ], [ -2.427568931067232, 56.751323300890526 ], [ -2.427573649318608, 56.751314820520825 ], [ -2.427578360608862, 56.751306322258216 ], [ -2.427583062132107, 56.75129780481975 ], [ -2.427587751082455, 56.751289266922456 ], [ -2.427592424654021, 56.751280707283378 ], [ -2.42759708004092, 56.751272124619568 ], [ -2.427601714437268, 56.751263517648056 ], [ -2.42760632503719, 56.751254885085906 ], [ -2.427610909034804, 56.751246225650121 ], [ -2.427615463624237, 56.751237538057786 ], [ -2.427619985999614, 56.751228821025947 ], [ -2.427624473355066, 56.751220073271632 ], [ -2.42762892288472, 56.751211293511886 ], [ -2.427633331782711, 56.751202480463746 ], [ -2.427637697243172, 56.751193632844291 ], [ -2.427642016460245, 56.751184749370552 ], [ -2.427646286628061, 56.751175828759564 ], [ -2.427650504940773, 56.75116686972838 ], [ -2.427654671965314, 56.751157872655781 ], [ -2.427658816705855, 56.751148851931099 ], [ -2.427662982428219, 56.751139828970139 ], [ -2.427667212505174, 56.751130825241447 ], [ -2.427671550309455, 56.751121862213502 ], [ -2.427676039213763, 56.751112961354842 ], [ -2.427680722590773, 56.751104144133961 ], [ -2.427685643813133, 56.751095432019348 ], [ -2.427690846253462, 56.751086846479495 ], [ -2.427696373284361, 56.751078408982885 ], [ -2.427702268278409, 56.751070140997953 ], [ -2.42770857460817, 56.751062063993182 ], [ -2.427715335646197, 56.751054199437021 ], [ -2.427722594765037, 56.751046568797847 ], [ -2.427730395337231, 56.751039193544138 ], [ -2.427738780735334, 56.75103209514424 ], [ -2.427747794331907, 56.751025295066555 ], [ -2.427757479499524, 56.751018814779428 ], [ -2.427767879610788, 56.751012675751191 ], [ -2.427779038038338, 56.751006899450125 ], [ -2.427790976146226, 56.751001497606971 ], [ -2.42780358680177, 56.750996425099636 ], [ -2.427816716370806, 56.750991616231822 ], [ -2.427830211155122, 56.750987005278873 ], [ -2.427843917456513, 56.750982526516253 ], [ -2.427857681576751, 56.750978114219471 ], [ -2.427871349817592, 56.750973702664069 ], [ -2.427884768480766, 56.750969226125711 ], [ -2.427897783867986, 56.750964618880097 ], [ -2.427910242280956, 56.750959815203011 ], [ -2.427921990021388, 56.750954749370244 ], [ -2.427932873391019, 56.750949355657667 ], [ -2.427942738691636, 56.750943568341199 ], [ -2.427951436257396, 56.750937323290302 ], [ -2.427958944245915, 56.750930606889881 ], [ -2.42796539183015, 56.75092346520556 ], [ -2.427970916894182, 56.750915947745511 ], [ -2.427975657322079, 56.750908104017888 ], [ -2.42797975099786, 56.750899983530758 ], [ -2.427983335805476, 56.750891635792215 ], [ -2.427986549628808, 56.750883110310284 ], [ -2.427989530351631, 56.750874456592982 ], [ -2.427992415857623, 56.750865724148305 ], [ -2.427995344028572, 56.750856962483667 ], [ -2.42799842529215, 56.750848211645398 ], [ -2.428001673195233, 56.750839478293663 ], [ -2.42800507992526, 56.750830761727791 ], [ -2.428008637669683, 56.750822061247199 ], [ -2.42801233861595, 56.750813376151243 ], [ -2.428016174951529, 56.750804705739355 ], [ -2.428020138863887, 56.750796049310878 ], [ -2.428024222540503, 56.750787406165237 ], [ -2.428028418168859, 56.750778775601788 ], [ -2.428032717936444, 56.750770156919941 ], [ -2.42803711403076, 56.750761549419096 ], [ -2.42804159863931, 56.750752952398592 ], [ -2.428046163949605, 56.750744365157885 ], [ -2.428050802149164, 56.750735786996323 ], [ -2.42805550542551, 56.750727217213345 ], [ -2.42806026596618, 56.750718655108287 ], [ -2.428065075958709, 56.75071009998058 ], [ -2.428069927590643, 56.750701551129652 ], [ -2.428074813049534, 56.750693007854842 ], [ -2.428079724522944, 56.750684469455585 ], [ -2.428084654198437, 56.750675935231278 ], [ -2.428089594263583, 56.750667404481334 ], [ -2.428094536905963, 56.750658876505135 ], [ -2.428099474313166, 56.750650350602101 ], [ -2.428104398672777, 56.750641826071643 ], [ -2.428109302172403, 56.750633302213153 ], [ -2.428114176999641, 56.750624778326063 ], [ -2.428119015342114, 56.750616253709758 ], [ -2.428123809387431, 56.750607727663677 ], [ -2.428128551323224, 56.750599199487212 ], [ -2.428133234184066, 56.750590668552874 ], [ -2.42813785800947, 56.750582134837394 ], [ -2.428142426296026, 56.750573598615802 ], [ -2.428146942564711, 56.750565060165229 ], [ -2.428151410336499, 56.750556519762753 ], [ -2.428155833132364, 56.750547977685528 ], [ -2.428160214473273, 56.750539434210609 ], [ -2.428164557880192, 56.750530889615156 ], [ -2.428168866874086, 56.750522344176254 ], [ -2.428173144975911, 56.750513798171028 ], [ -2.428177395706627, 56.750505251876582 ], [ -2.428181622587187, 56.750496705570001 ], [ -2.428185829138539, 56.750488159528409 ], [ -2.428190018881633, 56.750479614028919 ], [ -2.428194195337414, 56.750471069348635 ], [ -2.428198362026821, 56.750462525764675 ], [ -2.428202522470797, 56.750453983554102 ], [ -2.428206680190271, 56.750445442994078 ], [ -2.42821083870618, 56.750436904361649 ], [ -2.428215001539453, 56.750428367933978 ], [ -2.428219172211015, 56.750419833988126 ], [ -2.428223354241787, 56.750411302801204 ], [ -2.428227551152693, 56.750402774650318 ], [ -2.42823176646465, 56.750394249812572 ], [ -2.42823600369857, 56.750385728565078 ], [ -2.428240266375365, 56.750377211184905 ], [ -2.428244558015944, 56.750368697949177 ], [ -2.428248882141208, 56.750360189135002 ], [ -2.428250282226032, 56.750357458372648 ] ] ] ] } },
{ "type": "Feature", "properties": { "Poly_ID": "UncertaintyLower_1", "Method": "Open", "Timeseries": "VEdge", "Scenario": 8, "Year": 2040, "UncertaintyInterval": 95, "LowerQ": 2.5, "UpperQ": 97.5 }, "geometry": { "type": "Polygon", "coordinates": [ [ [ -2.447991012994593, 56.711740266436003 ], [ -2.448067960123259, 56.711663242460432 ], [ -2.448072167772446, 56.711654221534388 ], [ -2.448076360600988, 56.711645295600938 ], [ -2.448080701853727, 56.711636536902311 ], [ -2.448085354775388, 56.711628017680759 ], [ -2.448090482610586, 56.71161981017849 ], [ -2.44809624860386, 56.711611986637656 ], [ -2.448102815999686, 56.711604619300388 ], [ -2.448110348042515, 56.711597780408788 ], [ -2.44811900797681, 56.711591542204893 ], [ -2.448128959047084, 56.711585976930614 ], [ -2.448140294309825, 56.711581126034254 ], [ -2.448152830134923, 56.711576909573488 ], [ -2.448166314722454, 56.711573217697854 ], [ -2.448180496272536, 56.711569940557048 ], [ -2.448195122985265, 56.711566968300808 ], [ -2.448209943060674, 56.711564191078999 ], [ -2.448224704698712, 56.711561499041622 ], [ -2.448239156099226, 56.711558782338798 ], [ -2.448253045461975, 56.711555931120721 ], [ -2.448266120986636, 56.711552835537731 ], [ -2.44827813087284, 56.711549385740248 ], [ -2.448288823320229, 56.711545471878772 ], [ -2.448297946528502, 56.711540984103827 ], [ -2.448305262351743, 56.71153581751539 ], [ -2.448310789842608, 56.711529960442846 ], [ -2.448314777147962, 56.711523484257654 ], [ -2.448317480424464, 56.711516463234602 ], [ -2.448319155828723, 56.711508971648378 ], [ -2.448320059517254, 56.711501083773641 ], [ -2.448320447646413, 56.711492873885021 ], [ -2.448320576372375, 56.711484416257136 ], [ -2.448320701851098, 56.711475785164602 ], [ -2.448321080238311, 56.711467054882036 ], [ -2.448321967689502, 56.711458299684054 ], [ -2.448323620359929, 56.711449593845259 ], [ -2.448326287835677, 56.711441009962492 ], [ -2.448330050698578, 56.711432577468692 ], [ -2.448334809928423, 56.711424279926121 ], [ -2.448340457814108, 56.711416098677304 ], [ -2.448346886644635, 56.711408015064819 ], [ -2.448353988709091, 56.711400010431205 ], [ -2.448361656296659, 56.711392066119039 ], [ -2.448369781696596, 56.71138416347091 ], [ -2.448378257198244, 56.711376283829445 ], [ -2.448386975091018, 56.711368408537233 ], [ -2.448395833572864, 56.711360521006519 ], [ -2.448404804165402, 56.711352630332733 ], [ -2.448413907995404, 56.711344762986478 ], [ -2.44842316712614, 56.711336945766448 ], [ -2.448432603620895, 56.71132920547128 ], [ -2.448442239542951, 56.711321568899649 ], [ -2.448452096955615, 56.711314062850185 ], [ -2.448462197922201, 56.711306714121541 ], [ -2.448472564506044, 56.711299549512319 ], [ -2.448483218770499, 56.71129259582117 ], [ -2.44849418102365, 56.711285878128784 ], [ -2.448505448089585, 56.711279398531914 ], [ -2.448517000038537, 56.711273142730249 ], [ -2.448528816579792, 56.711267096070216 ], [ -2.448540877422626, 56.711261243898214 ], [ -2.448553162276335, 56.711255571560663 ], [ -2.448565650850203, 56.711250064404034 ], [ -2.448578322853515, 56.711244707774732 ], [ -2.448591157995553, 56.711239487019213 ], [ -2.448604135985593, 56.711234387483941 ], [ -2.448617236532912, 56.711229394515364 ], [ -2.448630439346767, 56.711224493459959 ], [ -2.448643724136419, 56.71121966966421 ], [ -2.448657070611109, 56.711214908474595 ], [ -2.448670458480081, 56.711210195237619 ], [ -2.448683867452556, 56.711205515299774 ], [ -2.448697277237754, 56.711200854007579 ], [ -2.448710667544877, 56.711196196707562 ], [ -2.448724018083126, 56.711191528746234 ], [ -2.448737308561677, 56.711186835470166 ], [ -2.448750518689711, 56.711182102225877 ], [ -2.448763628176386, 56.711177314359958 ], [ -2.448776616730862, 56.711172457218929 ], [ -2.44878946406228, 56.711167516149374 ], [ -2.448802149879786, 56.711162476497904 ], [ -2.448814653892505, 56.711157323611076 ], [ -2.448826955809569, 56.711152042835494 ], [ -2.448839035340098, 56.711146619517756 ], [ -2.448850872193213, 56.711141039004488 ], [ -2.448862446078035, 56.711135286642282 ], [ -2.448873736703685, 56.711129347777792 ], [ -2.448884723779289, 56.711123207757609 ], [ -2.448895387013976, 56.711116851928381 ], [ -2.448905706799895, 56.711110266118659 ], [ -2.448915701217841, 56.711103462749527 ], [ -2.448925444947923, 56.711096494177632 ], [ -2.448935017332561, 56.711089416049241 ], [ -2.448944497714163, 56.711082284010573 ], [ -2.448953965435142, 56.711075153707881 ], [ -2.448963499837903, 56.711068080787328 ], [ -2.448973180264851, 56.711061120895074 ], [ -2.448983086058389, 56.711054329677275 ], [ -2.448993296560929, 56.711047762780062 ], [ -2.449003891114887, 56.711041475849505 ], [ -2.449014941977962, 56.711035519740918 ], [ -2.449026428942962, 56.711029882784509 ], [ -2.449038266970576, 56.711024509470732 ], [ -2.4490503696826, 56.711019343384727 ], [ -2.449062650700803, 56.711014328111666 ], [ -2.449075023646939, 56.711009407236745 ], [ -2.449087402142734, 56.711004524345192 ], [ -2.449099699809886, 56.710999623022268 ], [ -2.449111830270067, 56.710994646853294 ], [ -2.449123707144916, 56.710989539423579 ], [ -2.44913524405606, 56.710984244318503 ], [ -2.449146354625114, 56.710978705123452 ], [ -2.449156952473685, 56.710972865423855 ], [ -2.44916695465279, 56.710966671050087 ], [ -2.449176346673964, 56.710960112647946 ], [ -2.449185177178877, 56.710953222189239 ], [ -2.449193497170332, 56.710946033191398 ], [ -2.449201357651146, 56.71093857917181 ], [ -2.449208809624148, 56.710930893647841 ], [ -2.449215904092165, 56.710923010136874 ], [ -2.449222692058024, 56.710914962156238 ], [ -2.449229224524534, 56.71090678322328 ], [ -2.449235552494494, 56.710898506855301 ], [ -2.449241726970683, 56.710890166569612 ], [ -2.449247798829166, 56.710881795798954 ], [ -2.449253803205743, 56.710873417470637 ], [ -2.449259744442932, 56.710865033959792 ], [ -2.44926562331394, 56.710856645259291 ], [ -2.449271440591964, 56.710848251362009 ], [ -2.449277197050205, 56.710839852260818 ], [ -2.449282893461862, 56.710831447948578 ], [ -2.449288530600133, 56.710823038418198 ], [ -2.449294109238219, 56.710814623662515 ], [ -2.449299630149313, 56.71080620367443 ], [ -2.449305094106613, 56.710797778446803 ], [ -2.449310501883316, 56.710789347972501 ], [ -2.449315854252617, 56.710780912244417 ], [ -2.449321151987709, 56.71077247125541 ], [ -2.449326395861789, 56.710764024998362 ], [ -2.449331586648051, 56.710755573466116 ], [ -2.449336725119683, 56.710747116651589 ], [ -2.449341812049879, 56.710738654547605 ], [ -2.449346848211833, 56.710730187147071 ], [ -2.449351834378732, 56.710721714442847 ], [ -2.449356771323771, 56.710713236427807 ], [ -2.449361659820135, 56.710704753094824 ], [ -2.449366500641013, 56.710696264436748 ], [ -2.449371294559595, 56.710687770446476 ], [ -2.449376042349068, 56.710679271116881 ], [ -2.44938074478262, 56.710670766440806 ], [ -2.449385402633433, 56.710662256411155 ], [ -2.449390016674697, 56.710653741020749 ], [ -2.449394587679593, 56.710645220262514 ], [ -2.449399116421308, 56.710636694129285 ], [ -2.449403603673024, 56.710628162613936 ], [ -2.449408050207926, 56.710619625709356 ], [ -2.449412456799194, 56.710611083408388 ], [ -2.449416824220009, 56.71060253570392 ], [ -2.449421153243553, 56.710593982588811 ], [ -2.449425444643004, 56.710585424055942 ], [ -2.449429699191545, 56.710576860098165 ], [ -2.449433917662352, 56.710568290708352 ], [ -2.449438100828604, 56.710559715879384 ], [ -2.449442249463479, 56.710551135604113 ], [ -2.449446364340152, 56.710542549875406 ], [ -2.449450446231801, 56.710533958686163 ], [ -2.4494544959116, 56.710525362029223 ], [ -2.449458514152723, 56.710516759897452 ], [ -2.449462501728346, 56.710508152283737 ], [ -2.449466459411641, 56.710499539180915 ], [ -2.449470387975782, 56.710490920581897 ], [ -2.449474288193938, 56.710482296479519 ], [ -2.449478160839282, 56.710473666866648 ], [ -2.449482006684984, 56.710465031736149 ], [ -2.449485826504218, 56.710456391080918 ], [ -2.449489621070146, 56.710447744893798 ], [ -2.449493391155941, 56.710439093167658 ], [ -2.449497137534772, 56.710430435895368 ], [ -2.449500860979802, 56.710421773069797 ], [ -2.449504562264199, 56.710413104683795 ], [ -2.44950824216113, 56.71040443073025 ], [ -2.44951190144376, 56.710395751202014 ], [ -2.449515540885249, 56.710387066091982 ], [ -2.449519161258766, 56.71037837539297 ], [ -2.449522763337472, 56.710369679097894 ], [ -2.449526347894528, 56.710360977199585 ], [ -2.449529915703098, 56.710352269690915 ], [ -2.44953346753634, 56.710343556564766 ], [ -2.449537004167417, 56.710334837813974 ], [ -2.449540526369485, 56.710326113431428 ], [ -2.449544034915705, 56.710317383410001 ], [ -2.449547530548254, 56.710308647743098 ], [ -2.449551010332202, 56.710299906488927 ], [ -2.449554464229339, 56.710291159830959 ], [ -2.449557881390654, 56.71028240796695 ], [ -2.449561250967135, 56.710273651094631 ], [ -2.44956456210979, 56.710264889411768 ], [ -2.449567803969634, 56.710256123116089 ], [ -2.449570965697693, 56.710247352405354 ], [ -2.449574036445001, 56.710238577477327 ], [ -2.449577005362604, 56.710229798529731 ], [ -2.449579861601559, 56.710221015760361 ], [ -2.44958259431293, 56.710212229366938 ], [ -2.449585192647793, 56.710203439547207 ], [ -2.44958764575724, 56.710194646498962 ], [ -2.44958994279236, 56.71018585041994 ], [ -2.44959207290427, 56.710177051507891 ], [ -2.449594025244081, 56.710168249960567 ], [ -2.44959578896292, 56.710159445975748 ], [ -2.449597353211929, 56.71015063975117 ], [ -2.449598707142254, 56.710141831484577 ], [ -2.449599839905056, 56.710133021373736 ], [ -2.449600740651502, 56.71012420961641 ], [ -2.449601398532769, 56.710115396410345 ], [ -2.44960180270005, 56.710106581953291 ], [ -2.449601942304544, 56.710097766442978 ], [ -2.449601806497462, 56.710088950077193 ], [ -2.44960138443002, 56.710080133053673 ], [ -2.44960066525345, 56.710071315570133 ], [ -2.449599638118992, 56.710062497824353 ], [ -2.449598292177898, 56.710053680014042 ], [ -2.44959661658143, 56.710044862336957 ], [ -2.449594600480854, 56.710036044990829 ], [ -2.449592233027456, 56.710027228173367 ], [ -2.449589506406537, 56.710018412458105 ], [ -2.449586428913348, 56.710009600413862 ], [ -2.449583014169444, 56.71000079526916 ], [ -2.44957927579974, 56.709992000252932 ], [ -2.449575227429151, 56.709983218594118 ], [ -2.449570882682564, 56.709974453521674 ], [ -2.449566255184857, 56.709965708264505 ], [ -2.449561358560897, 56.70995698605158 ], [ -2.449556206435524, 56.709948290111825 ], [ -2.44955081243357, 56.709939623674181 ], [ -2.449545202534883, 56.709930990867932 ], [ -2.449539503271847, 56.709922403149825 ], [ -2.449533890133174, 56.709913875544224 ], [ -2.44952853893506, 56.7099054230994 ], [ -2.449523625493532, 56.709897060863639 ], [ -2.449519325624458, 56.709888803885256 ], [ -2.449515815143561, 56.709880667212595 ], [ -2.449513269866409, 56.709872665893975 ], [ -2.449511865608441, 56.709864814977742 ], [ -2.449511778184973, 56.709857129512244 ], [ -2.449513183411204, 56.709849624545704 ], [ -2.449516252892437, 56.709842314574985 ], [ -2.449520996843854, 56.709835192958053 ], [ -2.449527217131042, 56.709828225763381 ], [ -2.449534701825578, 56.709821377252631 ], [ -2.449543238999186, 56.709814611687527 ], [ -2.44955261672373, 56.709807893329746 ], [ -2.449562623071201, 56.709801186441062 ], [ -2.449573046113697, 56.709794455283287 ], [ -2.449583673923442, 56.709787664118288 ], [ -2.449594294572762, 56.70978077720801 ], [ -2.449604696134099, 56.709773758814514 ], [ -2.449614666680019, 56.70976657319985 ], [ -2.449623994593719, 56.709759184695926 ], [ -2.449632535250443, 56.709751572685299 ], [ -2.449640294070556, 56.70974375026001 ], [ -2.44964729686627, 56.709735735093403 ], [ -2.449653569449816, 56.709727544858758 ], [ -2.449659137633433, 56.709719197229354 ], [ -2.449664027229368, 56.709710709878458 ], [ -2.449668264049871, 56.709702100479312 ], [ -2.449671873907185, 56.70969338670519 ], [ -2.449674882613554, 56.709684586229251 ], [ -2.449677316645143, 56.709675716639396 ], [ -2.449679228631017, 56.709666792161428 ], [ -2.449680705373121, 56.70965782262811 ], [ -2.449681835977313, 56.709648817575989 ], [ -2.449682709549376, 56.709639786541636 ], [ -2.449683415195008, 56.709630739061602 ], [ -2.449684042019818, 56.709621684672427 ], [ -2.449684679129339, 56.709612632910691 ], [ -2.449685415629009, 56.709603593312899 ], [ -2.449686340624189, 56.709594575415622 ], [ -2.449687538075434, 56.709585588198138 ], [ -2.449689032990868, 56.709576634254226 ], [ -2.449690812746893, 56.70956771210156 ], [ -2.449692864110553, 56.709558820191759 ], [ -2.449695173848898, 56.709549956976495 ], [ -2.449697728728998, 56.70954112090741 ], [ -2.449700515517935, 56.709532310436138 ], [ -2.449703520982801, 56.70952352401433 ], [ -2.449706731890707, 56.70951476009364 ], [ -2.449710135008766, 56.709506017125712 ], [ -2.449713717104113, 56.709497293562194 ], [ -2.449717464943896, 56.709488587854715 ], [ -2.449721365295264, 56.709479898454944 ], [ -2.44972540492539, 56.709471223814532 ], [ -2.449729570601451, 56.709462562385113 ], [ -2.449733849090642, 56.709453912618336 ], [ -2.449738227160164, 56.709445272965901 ], [ -2.449742691577233, 56.709436641879407 ], [ -2.449747229109076, 56.709428017810524 ], [ -2.449751826522933, 56.709419399210923 ], [ -2.44975647058605, 56.709410784532274 ], [ -2.449761148065691, 56.709402172226213 ], [ -2.449765845729129, 56.709393560744417 ], [ -2.449770550343646, 56.709384948538542 ], [ -2.449775248676539, 56.709376334060281 ], [ -2.449779927495113, 56.709367715761296 ], [ -2.449784573566686, 56.709359092093237 ], [ -2.449789173658591, 56.709350461507789 ], [ -2.449793714538164, 56.709341822456622 ], [ -2.449798184535718, 56.709333173591773 ], [ -2.44980258179334, 56.709324514822917 ], [ -2.449806908251808, 56.709315846546687 ], [ -2.449811165860146, 56.709307169160752 ], [ -2.449815356567392, 56.70929848306276 ], [ -2.449819482322573, 56.709289788650409 ], [ -2.449823545074719, 56.709281086321361 ], [ -2.449827546772854, 56.70927237647328 ], [ -2.449831489366002, 56.70926365950384 ], [ -2.449835374803188, 56.709254935810726 ], [ -2.449839205033433, 56.70924620579158 ], [ -2.449842982005757, 56.709237469844084 ], [ -2.449846707669178, 56.709228728365908 ], [ -2.449850383972715, 56.709219981754735 ], [ -2.449854012865382, 56.709211230408194 ], [ -2.449857596296192, 56.709202474723995 ], [ -2.449861136214155, 56.709193715099801 ], [ -2.449864634568288, 56.709184951933253 ], [ -2.449868093307591, 56.70917618562202 ], [ -2.449871514381076, 56.709167416563794 ], [ -2.44987489973775, 56.709158645156236 ], [ -2.449878251326611, 56.709149871797003 ], [ -2.449881571096666, 56.709141096883748 ], [ -2.449884860996913, 56.709132320814149 ], [ -2.449888122976352, 56.709123543985889 ], [ -2.449891358983979, 56.709114766796624 ], [ -2.44989457096879, 56.709105989644002 ], [ -2.449897760879778, 56.709097212925727 ], [ -2.449900930665935, 56.709088437039412 ], [ -2.449904082276249, 56.709079662382756 ], [ -2.449907217659714, 56.709070889353413 ], [ -2.449910338765313, 56.70906211834906 ], [ -2.449913447542034, 56.709053349767345 ], [ -2.449916545938854, 56.709044584005945 ], [ -2.449919635904762, 56.709035821462507 ], [ -2.449922719388734, 56.709027062534695 ], [ -2.44992579833975, 56.709018307620198 ], [ -2.449928874706789, 56.709009557116651 ], [ -2.449931950438818, 56.709000811421745 ], [ -2.44993502748482, 56.708992070933121 ], [ -2.449938107793761, 56.708983336048448 ], [ -2.44994119331461, 56.708974607165388 ], [ -2.449944285996339, 56.708965884681604 ], [ -2.449947387787914, 56.70895716899475 ], [ -2.4499505006383, 56.708948460502491 ], [ -2.449953626496459, 56.708939759602501 ], [ -2.449956767311352, 56.708931066692443 ], [ -2.44995992503194, 56.708922382169966 ], [ -2.449963101607181, 56.708913706432718 ], [ -2.449966298869333, 56.708905039829688 ], [ -2.449969517613727, 56.708896382277103 ], [ -2.449972758092678, 56.708887733464593 ], [ -2.449976020553718, 56.708879093079801 ], [ -2.449979305244385, 56.708870460810367 ], [ -2.449982612412223, 56.708861836343928 ], [ -2.449985942304763, 56.708853219368123 ], [ -2.44998929516955, 56.708844609570598 ], [ -2.449992671254116, 56.70883600663899 ], [ -2.449996070806, 56.708827410260938 ], [ -2.449999494072741, 56.708818820124087 ], [ -2.450002941301872, 56.708810235916062 ], [ -2.450006412740933, 56.708801657324507 ], [ -2.450009908637454, 56.708793084037076 ], [ -2.450013429238977, 56.708784515741407 ], [ -2.450016974793032, 56.70877595212513 ], [ -2.450020545547159, 56.70876739287587 ], [ -2.450024141748888, 56.708758837681287 ], [ -2.450027763645755, 56.708750286229019 ], [ -2.450031411485297, 56.708741738206704 ], [ -2.450035085515041, 56.708733193301988 ], [ -2.450038785982525, 56.708724651202502 ], [ -2.450042513135283, 56.708716111595876 ], [ -2.450046267220843, 56.708707574169757 ], [ -2.450050048486741, 56.708699038611783 ], [ -2.450053857180507, 56.708690504609621 ], [ -2.450057693549673, 56.708681971850851 ], [ -2.450061557841772, 56.708673440023155 ], [ -2.450065450304335, 56.708664908814185 ], [ -2.450069371184886, 56.708656377911538 ], [ -2.450073320730964, 56.708647847002872 ], [ -2.450077299190093, 56.70863931577582 ], [ -2.450081306809804, 56.708630783918053 ], [ -2.450085343837629, 56.708622251117156 ], [ -2.450089410521093, 56.708613717060814 ], [ -2.450093507107726, 56.708605181436631 ], [ -2.450097633845054, 56.708596643932275 ], [ -2.45010179098061, 56.708588104235361 ], [ -2.450105978761914, 56.708579562033535 ], [ -2.450110197436499, 56.708571017014449 ], [ -2.450114447251889, 56.708562468865722 ], [ -2.450118728455608, 56.708553917275012 ], [ -2.450123041295186, 56.708545361929922 ], [ -2.450127386018147, 56.708536802518125 ], [ -2.450131762872015, 56.708528238727261 ], [ -2.450136172104313, 56.708519670244939 ], [ -2.450140613962569, 56.708511096758805 ], [ -2.450145088694307, 56.708502517956511 ], [ -2.450149596547043, 56.708493933525688 ], [ -2.450154137768311, 56.708485343153981 ], [ -2.450158712605624, 56.708476746529001 ], [ -2.45016332130651, 56.708468143338429 ], [ -2.450167964118489, 56.708459533269874 ], [ -2.450172641289084, 56.70845091601096 ], [ -2.450177353065813, 56.708442291249355 ], [ -2.450182099696196, 56.708433658672682 ], [ -2.450186881427759, 56.708425017968572 ], [ -2.450191698508013, 56.708416368824679 ], [ -2.450196551184484, 56.708407710928626 ], [ -2.450201439704689, 56.708399043968058 ], [ -2.450206364316145, 56.708390367630606 ], [ -2.450211325266345, 56.70838168160391 ], [ -2.450216320850839, 56.708372985792721 ], [ -2.450221342125773, 56.70836428090692 ], [ -2.450226378469317, 56.708355567843043 ], [ -2.450231419259651, 56.708346847497609 ], [ -2.450236453874965, 56.708338120767145 ], [ -2.45024147169346, 56.708329388548201 ], [ -2.450246462093348, 56.708320651737317 ], [ -2.450251414452849, 56.708311911231 ], [ -2.450256318150198, 56.70830316792582 ], [ -2.450261162563637, 56.708294422718275 ], [ -2.450265937071415, 56.708285676504936 ], [ -2.450270631051802, 56.708276930182357 ], [ -2.450275233883067, 56.708268184647046 ], [ -2.450279734943494, 56.708259440795565 ], [ -2.450284123611378, 56.708250699524463 ], [ -2.450288389265023, 56.708241961730288 ], [ -2.450292521282745, 56.708233228309574 ], [ -2.450296509042868, 56.708224500158877 ], [ -2.450300341923725, 56.708215778174747 ], [ -2.450304009303665, 56.708207063253766 ], [ -2.450307500561041, 56.708198356292421 ], [ -2.450310805074215, 56.708189658187329 ], [ -2.450313912225397, 56.708180969837983 ], [ -2.450316811394627, 56.708172292142216 ], [ -2.450319491954804, 56.70816362599232 ], [ -2.450321943284331, 56.708154972284852 ], [ -2.450324154761621, 56.70814633191636 ], [ -2.450326115765097, 56.708137705783393 ], [ -2.450327815673184, 56.708129094782514 ], [ -2.450329243864327, 56.708120499810242 ], [ -2.450330389716973, 56.708111921763141 ], [ -2.45033124260958, 56.708103361537752 ], [ -2.450331791920616, 56.708094820030638 ], [ -2.450332027028555, 56.70808629813834 ], [ -2.450331937311883, 56.708077796757358 ], [ -2.450331512149093, 56.708069316784268 ], [ -2.450330740918685, 56.708060859115598 ], [ -2.450329612999167, 56.708052424647867 ], [ -2.450328117769059, 56.708044014277597 ], [ -2.450326244606886, 56.708035628901335 ], [ -2.450247327165212, 56.707923987594256 ], [ -2.450247327165212, 56.707923987594256 ], [ -2.450464069315042, 56.708045301371001 ], [ -2.450462867728063, 56.708053681316891 ], [ -2.450461001412636, 56.708062167867055 ], [ -2.450458549803971, 56.708070747063395 ], [ -2.450455592337334, 56.70807940494781 ], [ -2.450452208448073, 56.708088127562227 ], [ -2.450448477571599, 56.708096900948533 ], [ -2.450444479143407, 56.708105711148669 ], [ -2.450440292599061, 56.708114544204541 ], [ -2.450435997374214, 56.708123386158086 ], [ -2.450431669521466, 56.708132223660137 ], [ -2.450427340984392, 56.708141051300544 ], [ -2.450423012801433, 56.708149869231534 ], [ -2.450418685373914, 56.708158677720057 ], [ -2.450414359103155, 56.708167477033015 ], [ -2.450410034390479, 56.708176267437352 ], [ -2.450405711637759, 56.708185049200409 ], [ -2.450401391254723, 56.708193822595582 ], [ -2.450397073633715, 56.708202587882894 ], [ -2.450392759176064, 56.708211345329282 ], [ -2.450388448283089, 56.708220095201675 ], [ -2.450384141356113, 56.708228837767003 ], [ -2.450379838796465, 56.708237573292195 ], [ -2.450375541005462, 56.708246302044159 ], [ -2.450371248384434, 56.708255024289841 ], [ -2.450366961334706, 56.708263740296182 ], [ -2.450362680257598, 56.708272450330078 ], [ -2.450358405554439, 56.708281154658486 ], [ -2.450354137626554, 56.708289853548301 ], [ -2.450349876875267, 56.70829854726648 ], [ -2.450345623701904, 56.708307236079953 ], [ -2.450341378507795, 56.708315920255636 ], [ -2.450337141694259, 56.70832460006045 ], [ -2.450332913662628, 56.708333275761341 ], [ -2.450328694814227, 56.708341947625236 ], [ -2.450324485550382, 56.708350615919038 ], [ -2.450320286272426, 56.708359280909704 ], [ -2.450316097381678, 56.70836794286415 ], [ -2.450311919279473, 56.708376602049334 ], [ -2.450307752367135, 56.708385258732122 ], [ -2.450303597045949, 56.708393913179485 ], [ -2.450299453557784, 56.708402565615508 ], [ -2.450295321627972, 56.70841121612564 ], [ -2.450291200877404, 56.708419864767265 ], [ -2.450287090926976, 56.708428511597752 ], [ -2.450282991397577, 56.708437156674492 ], [ -2.450278901910099, 56.708445800054875 ], [ -2.450274822085432, 56.708454441796299 ], [ -2.450270751544472, 56.708463081956133 ], [ -2.450266689908102, 56.708471720591753 ], [ -2.450262636797219, 56.708480357760564 ], [ -2.450258591832709, 56.708488993519957 ], [ -2.45025455463546, 56.708497627927301 ], [ -2.450250524826366, 56.708506261039972 ], [ -2.450246502026312, 56.708514892915382 ], [ -2.450242485856188, 56.7085235236109 ], [ -2.450238475936877, 56.708532153183924 ], [ -2.450234471889275, 56.708540781691809 ], [ -2.450230473334262, 56.708549409191981 ], [ -2.450226479892729, 56.708558035741802 ], [ -2.450222491185561, 56.708566661398656 ], [ -2.450218506833642, 56.708575286219933 ], [ -2.450214526457861, 56.708583910263009 ], [ -2.450210549679101, 56.708592533585296 ], [ -2.450206576118247, 56.70860115624415 ], [ -2.450202605396186, 56.708609778296967 ], [ -2.4501986371338, 56.708618399801125 ], [ -2.450194670951972, 56.708627020814014 ], [ -2.450190706471587, 56.708635641393023 ], [ -2.450186743313527, 56.708644261595531 ], [ -2.450182781098677, 56.708652881478919 ], [ -2.450178819447917, 56.708661501100586 ], [ -2.450174857982127, 56.708670120517887 ], [ -2.450170896322195, 56.708678739788247 ], [ -2.450166934088993, 56.708687358969016 ], [ -2.45016297090341, 56.708695978117603 ], [ -2.450159006386325, 56.708704597291373 ], [ -2.450155040158614, 56.708713216547729 ], [ -2.45015107184116, 56.708721835944026 ], [ -2.450147101054843, 56.708730455537676 ], [ -2.450143127420539, 56.708739075386056 ], [ -2.450139150559127, 56.708747695546549 ], [ -2.450135170091488, 56.708756316076531 ], [ -2.450131185638499, 56.708764937033393 ], [ -2.450127196821036, 56.708773558474512 ], [ -2.450123203259975, 56.708782180457291 ], [ -2.450119204576196, 56.708790803039101 ], [ -2.450115200390573, 56.708799426277309 ], [ -2.450111190323983, 56.708808050229329 ], [ -2.4501071739973, 56.708816674952516 ], [ -2.450103151031401, 56.708825300504287 ], [ -2.450099121047162, 56.708833926941999 ], [ -2.450095083665455, 56.708842554323041 ], [ -2.450091038507154, 56.708851182704798 ], [ -2.450086985193136, 56.708859812144645 ], [ -2.450082923344271, 56.708868442699988 ], [ -2.450078852581433, 56.708877074428194 ], [ -2.450074772525495, 56.708885707386635 ], [ -2.450070682797328, 56.708894341632728 ], [ -2.450066583017805, 56.708902977223836 ], [ -2.450062472807797, 56.708911614217328 ], [ -2.450058351788177, 56.708920252670602 ], [ -2.45005421961243, 56.708928892641822 ], [ -2.450050076949624, 56.708937534213057 ], [ -2.450045925658221, 56.708946177494418 ], [ -2.450041767664339, 56.70895482259764 ], [ -2.450037604894097, 56.708963469634448 ], [ -2.450033439273619, 56.708972118716531 ], [ -2.450029272729029, 56.708980769955609 ], [ -2.45002510718645, 56.708989423463422 ], [ -2.450020944572008, 56.708998079351638 ], [ -2.450016786811833, 56.709006737732025 ], [ -2.450012635832056, 56.709015398716268 ], [ -2.450008493558807, 56.709024062416105 ], [ -2.450004361918221, 56.709032728943242 ], [ -2.450000242836432, 56.709041398409383 ], [ -2.449996138239581, 56.709050070926267 ], [ -2.449992050053801, 56.709058746605614 ], [ -2.449987980205239, 56.70906742555912 ], [ -2.449983930620033, 56.709076107898504 ], [ -2.449979903224328, 56.709084793735521 ], [ -2.449975899944271, 56.70909348318186 ], [ -2.449971922706009, 56.709102176349234 ], [ -2.449967973435693, 56.709110873349367 ], [ -2.449964054059469, 56.709119574294 ], [ -2.449960166503494, 56.709128279294831 ], [ -2.449956312693924, 56.709136988463591 ], [ -2.449952494556912, 56.709145701911979 ], [ -2.449948714018618, 56.709154419751741 ], [ -2.449944973005202, 56.709163142094575 ], [ -2.449941273442826, 56.709171869052227 ], [ -2.449937617257651, 56.70918060073641 ], [ -2.449934006375844, 56.709189337258842 ], [ -2.449930442723574, 56.709198078731234 ], [ -2.449926928227008, 56.709206825265319 ], [ -2.449923464812316, 56.709215576972817 ], [ -2.449920054405669, 56.709224333965444 ], [ -2.449916698933245, 56.709233096354929 ], [ -2.44991340032122, 56.709241864253002 ], [ -2.449910160495768, 56.709250637771355 ], [ -2.449906981383071, 56.709259417021741 ], [ -2.44990386490931, 56.709268202115865 ], [ -2.449900813000669, 56.709276993165467 ], [ -2.449897827583333, 56.709285790282252 ], [ -2.449894910583487, 56.709294593577944 ], [ -2.449892063927323, 56.709303403164277 ], [ -2.449889289541028, 56.709312219152963 ], [ -2.449886589350799, 56.70932104165572 ], [ -2.449883965282827, 56.709329870784281 ], [ -2.449881419263309, 56.709338706650371 ], [ -2.449878953218443, 56.70934754936571 ], [ -2.449876568332375, 56.709356398971003 ], [ -2.449874258728582, 56.709365254831056 ], [ -2.449872014623029, 56.709374115936697 ], [ -2.4498698261903, 56.70938298127475 ], [ -2.44986768360498, 56.709391849832095 ], [ -2.449865577041642, 56.709400720595525 ], [ -2.44986349667485, 56.709409592551921 ], [ -2.449861432679157, 56.709418464688106 ], [ -2.44985937522911, 56.709427335990938 ], [ -2.449857314499243, 56.709436205447233 ], [ -2.449855240664088, 56.709445072043835 ], [ -2.449853143898157, 56.709453934767602 ], [ -2.449851014375965, 56.709462792605351 ], [ -2.449848842272011, 56.709471644543918 ], [ -2.449846617760783, 56.709480489570176 ], [ -2.449844331016767, 56.709489326670912 ], [ -2.449841972214436, 56.709498154832993 ], [ -2.449839531528256, 56.70950697304324 ], [ -2.449836999132679, 56.709515780288498 ], [ -2.449834365202153, 56.709524575555577 ], [ -2.449831619911118, 56.709533357831333 ], [ -2.449828753434003, 56.709542126102576 ], [ -2.449825755945229, 56.709550879356151 ], [ -2.449822617619207, 56.709559616578893 ], [ -2.449819328630341, 56.709568336757599 ], [ -2.44981587915303, 56.709577038879118 ], [ -2.449812259361659, 56.70958572193026 ], [ -2.449808459430604, 56.709594384897862 ], [ -2.449804469538877, 56.709603026769159 ], [ -2.449800286564941, 56.709611647163513 ], [ -2.449795927472886, 56.709620247595382 ], [ -2.44979141297515, 56.709628829932875 ], [ -2.449786763784184, 56.709637396044101 ], [ -2.44978200061246, 56.709645947797171 ], [ -2.44977714417247, 56.709654487060192 ], [ -2.44977221517672, 56.70966301570131 ], [ -2.44976723433774, 56.709671535588612 ], [ -2.449762222368074, 56.709680048590251 ], [ -2.449757199980281, 56.709688556574342 ], [ -2.449752187886943, 56.709697061409038 ], [ -2.449747206800658, 56.709705564962441 ], [ -2.449742277434041, 56.709714069102716 ], [ -2.449737420499724, 56.709722575697995 ], [ -2.449732656710361, 56.709731086616429 ], [ -2.44972800677862, 56.709739603726156 ], [ -2.449723491417184, 56.709748128895335 ], [ -2.449719131338763, 56.70975666399211 ], [ -2.449714947256076, 56.709765210884648 ], [ -2.44971095988187, 56.7097737714411 ], [ -2.4497071899289, 56.709782347529632 ], [ -2.449703658109947, 56.709790941018404 ], [ -2.449700385137807, 56.709799553775561 ], [ -2.449697391725299, 56.709808187669282 ], [ -2.449694698585255, 56.709816844567726 ], [ -2.449692326430533, 56.709825526339053 ], [ -2.44969029597401, 56.709834234851428 ], [ -2.449688627928577, 56.709842971973011 ], [ -2.449687343007155, 56.709851739571953 ], [ -2.449686460070227, 56.709860539355525 ], [ -2.449685968793631, 56.709869370496264 ], [ -2.449685835612297, 56.709878230148171 ], [ -2.449686026316776, 56.709887115409309 ], [ -2.4496865066976, 56.709896023377716 ], [ -2.449687242545257, 56.709904951151444 ], [ -2.449688199650213, 56.709913895828535 ], [ -2.449689343802897, 56.709922854507035 ], [ -2.449690640793703, 56.709931824284986 ], [ -2.449692056413004, 56.709940802260448 ], [ -2.449693556451122, 56.709949785531443 ], [ -2.44969510669836, 56.709958771196057 ], [ -2.449696672944987, 56.709967756352299 ], [ -2.44969822098123, 56.709976738098248 ], [ -2.449699716597292, 56.709985713531971 ], [ -2.449701125583339, 56.709994679751482 ], [ -2.449702413729501, 56.710003633854868 ], [ -2.449703546825881, 56.710012572940187 ], [ -2.449704490662548, 56.71002149410549 ], [ -2.449705211029534, 56.71003039444885 ], [ -2.449705673750032, 56.710039271071516 ], [ -2.449705856453066, 56.710048122218936 ], [ -2.449705765960742, 56.710056948965715 ], [ -2.449705413528843, 56.710065752816178 ], [ -2.449704810413158, 56.7100745352746 ], [ -2.449703967869498, 56.710083297845316 ], [ -2.449702897153679, 56.710092042032585 ], [ -2.449701609521527, 56.710100769340748 ], [ -2.449700116228879, 56.71010948127406 ], [ -2.449698428531585, 56.71011817933686 ], [ -2.449696557685506, 56.710126865033402 ], [ -2.449694514946513, 56.710135539868013 ], [ -2.449692311570484, 56.710144205344974 ], [ -2.449689958813311, 56.710152862968592 ], [ -2.449687467930895, 56.710161514243161 ], [ -2.449684850179147, 56.710170160672973 ], [ -2.449682116813989, 56.710178803762325 ], [ -2.449679279091352, 56.710187445015542 ], [ -2.449676348267176, 56.710196085936879 ], [ -2.449673335597413, 56.710204728030661 ], [ -2.449670252338025, 56.710213372801199 ], [ -2.449667109744981, 56.710222021752763 ], [ -2.449663919074262, 56.710230676389678 ], [ -2.449660691581858, 56.710239338216262 ], [ -2.449657438523772, 56.710248008736777 ], [ -2.449654171156011, 56.710256689455555 ], [ -2.449650900734599, 56.710265381876916 ], [ -2.449647638515557, 56.710274087505148 ], [ -2.449644395754936, 56.710282807844564 ], [ -2.449641183708779, 56.710291544399489 ], [ -2.449638013633147, 56.710300298674213 ], [ -2.449634896784112, 56.710309072173068 ], [ -2.449631844410324, 56.710317866399024 ], [ -2.449628862970661, 56.710326681993926 ], [ -2.449625945902343, 56.710335517258628 ], [ -2.449623084450675, 56.710344370099875 ], [ -2.449620269860961, 56.710353238424418 ], [ -2.449617493378494, 56.710362120139003 ], [ -2.449614746248561, 56.710371013150393 ], [ -2.449612019716438, 56.710379915365344 ], [ -2.449609305027397, 56.710388824690611 ], [ -2.449606593426704, 56.710397739032921 ], [ -2.449603876159611, 56.710406656299064 ], [ -2.449601144471367, 56.710415574395746 ], [ -2.44959838960721, 56.710424491229752 ], [ -2.449595602812378, 56.710433404707807 ], [ -2.449592775332089, 56.710442312736653 ], [ -2.449589898411564, 56.710451213223081 ], [ -2.449586963296012, 56.710460104073768 ], [ -2.449583961230634, 56.710468983195518 ], [ -2.449580883460624, 56.710477848495053 ], [ -2.44957772123117, 56.710486697879105 ], [ -2.449574465787451, 56.71049552925443 ], [ -2.449571108374639, 56.71050434052777 ], [ -2.4495676402379, 56.710513129605857 ], [ -2.449564052622392, 56.710521894395427 ], [ -2.449560336773265, 56.710530632803227 ], [ -2.449556483935665, 56.710539342735977 ], [ -2.449552485354728, 56.710548022100433 ], [ -2.449548332275586, 56.710556668803314 ], [ -2.449544015943363, 56.710565280751354 ], [ -2.449539527603178, 56.71057385585128 ], [ -2.449534858500145, 56.710582392009812 ], [ -2.449529999879369, 56.710590887133698 ], [ -2.449524942985952, 56.710599339129644 ], [ -2.449519679064988, 56.710607745904355 ], [ -2.449514199473968, 56.710616105390635 ], [ -2.449508505655994, 56.710624417857744 ], [ -2.449502616989205, 56.710632687730019 ], [ -2.449496554699035, 56.710640919859763 ], [ -2.449490340010938, 56.710649119099266 ], [ -2.449483994150384, 56.710657290300809 ], [ -2.449477538342856, 56.710665438316731 ], [ -2.449470993813859, 56.710673567999315 ], [ -2.449464381788903, 56.710681684200864 ], [ -2.449457723493524, 56.710689791773724 ], [ -2.449451040153264, 56.710697895570192 ], [ -2.449444352993687, 56.710706000442585 ], [ -2.44943768324037, 56.710714111243256 ], [ -2.4494310521189, 56.710722232824516 ], [ -2.449424480854884, 56.710730370038732 ], [ -2.449417990673945, 56.710738527738208 ], [ -2.449411602801717, 56.710746710775304 ], [ -2.449405338463853, 56.710754924002387 ], [ -2.449399218886021, 56.710763172271797 ], [ -2.449393265293905, 56.710771460435915 ], [ -2.449387498913205, 56.710779793347051 ], [ -2.44938194096964, 56.710788175857623 ], [ -2.449376612688942, 56.710796612819962 ], [ -2.449371535296869, 56.710805109086458 ], [ -2.449366730019193, 56.71081366950947 ], [ -2.449362218081702, 56.71082229894138 ], [ -2.449358020710213, 56.710831002234549 ], [ -2.449354159130559, 56.710839784241386 ], [ -2.449350654568589, 56.71084864981421 ], [ -2.44934752825019, 56.710857603805444 ], [ -2.449344801401257, 56.710866651067427 ], [ -2.449342495247719, 56.710875796452569 ], [ -2.44934063101553, 56.710885044813189 ], [ -2.449339229930664, 56.710894401001696 ], [ -2.449338313219136, 56.710903869870421 ], [ -2.449337881505266, 56.710913447269597 ], [ -2.449337818529988, 56.710923077976076 ], [ -2.449337966864436, 56.710932688777177 ], [ -2.449338169033555, 56.710942206440109 ], [ -2.449338267562134, 56.710951557732123 ], [ -2.449338104974798, 56.710960669420423 ], [ -2.449337523796038, 56.710969468272225 ], [ -2.449336366550208, 56.71097788105476 ], [ -2.449334475761569, 56.710985834535208 ], [ -2.449331693954306, 56.710993255480773 ], [ -2.449327863652572, 56.711000070658599 ], [ -2.449322827380526, 56.711006206835798 ], [ -2.449316427662384, 56.711011590779414 ], [ -2.449308507518126, 56.711016149526614 ], [ -2.449299002287044, 56.711019860441489 ], [ -2.449288047346258, 56.711022809936779 ], [ -2.449275804242333, 56.711025098691245 ], [ -2.449262434521897, 56.711026827383684 ], [ -2.449248099731571, 56.711028096692822 ], [ -2.449232961417928, 56.711029007297583 ], [ -2.449217181127453, 56.711029659876857 ], [ -2.449200920406504, 56.711030155109626 ], [ -2.449184340801284, 56.711030593674934 ], [ -2.449167603857844, 56.711031076251935 ], [ -2.449150871122056, 56.711031703519865 ], [ -2.449134304139629, 56.711032576158054 ], [ -2.449118064456111, 56.711033794845861 ], [ -2.449102313616915, 56.711035460262806 ], [ -2.449087213167342, 56.711037673088427 ], [ -2.449072924652614, 56.711040534002372 ], [ -2.449059609617936, 56.711044143684319 ], [ -2.44904742960853, 56.711048602814017 ], [ -2.449036508319072, 56.711053986836191 ], [ -2.44902674392758, 56.711060220843372 ], [ -2.449017951434048, 56.711067174473058 ], [ -2.449009945707177, 56.711074717275096 ], [ -2.449002541615713, 56.711082718799197 ], [ -2.448995554028402, 56.711091048595073 ], [ -2.448988797813951, 56.711099576212384 ], [ -2.448982087841006, 56.711108171200713 ], [ -2.448975238978138, 56.711116703109653 ], [ -2.448968066093842, 56.711125041488728 ], [ -2.448960384056558, 56.711133055887423 ], [ -2.448952032478124, 56.711140633190205 ], [ -2.448942996677129, 56.711147762362351 ], [ -2.448933315127693, 56.711154469609433 ], [ -2.448923026381638, 56.711160781191396 ], [ -2.448912168990821, 56.71116672336823 ], [ -2.448900781507138, 56.711172322399854 ], [ -2.448888902482495, 56.711177604546265 ], [ -2.448876570468819, 56.711182596067459 ], [ -2.448863824018049, 56.711187323223406 ], [ -2.448850701682115, 56.711191812274109 ], [ -2.448837242012955, 56.711196089479614 ], [ -2.448823483562496, 56.711200181099912 ], [ -2.448809464882654, 56.71120411339507 ], [ -2.448795224525326, 56.711207912625134 ], [ -2.448780801042396, 56.711211605050174 ], [ -2.448766232985718, 56.711215216930313 ], [ -2.448751558907133, 56.711218774525634 ], [ -2.448736817358452, 56.71122230409626 ], [ -2.448722046891458, 56.711225831902375 ], [ -2.448707286057908, 56.711229384204103 ], [ -2.448692573409538, 56.711232987261639 ], [ -2.448677947498052, 56.711236667335186 ], [ -2.448663446875131, 56.711240450684961 ], [ -2.448649110092433, 56.71124436357119 ], [ -2.448634975701595, 56.711248432254145 ], [ -2.448621082254237, 56.711252682994079 ], [ -2.448607468301963, 56.711257142051281 ], [ -2.448594172396363, 56.711261835686059 ], [ -2.448581233089028, 56.711266790158724 ], [ -2.448568688931541, 56.711272031729592 ], [ -2.44855657847549, 56.711277586659016 ], [ -2.448544940272474, 56.711283481207346 ], [ -2.448533812874103, 56.711289741634936 ], [ -2.448523234832019, 56.711296394202165 ], [ -2.448513241314261, 56.711303463137902 ], [ -2.448503786645775, 56.711310924133784 ], [ -2.448494742594283, 56.711318703315023 ], [ -2.448485977201011, 56.711326724569446 ], [ -2.448477358507148, 56.711334911784853 ], [ -2.448468754553853, 56.711343188849014 ], [ -2.448460033382233, 56.711351479649622 ], [ -2.448451063033351, 56.711359708074383 ], [ -2.448441711548225, 56.71136779801094 ], [ -2.448431846967847, 56.711375673346886 ], [ -2.448421347032787, 56.711383261276488 ], [ -2.448410314758537, 56.711390565793039 ], [ -2.448399079655768, 56.71139766810488 ], [ -2.448387981178952, 56.71140465281033 ], [ -2.448377358782707, 56.711411604507916 ], [ -2.448367551921808, 56.711418607796226 ], [ -2.448358900051199, 56.711425747273935 ], [ -2.448351742626023, 56.711433107539797 ], [ -2.448346419101668, 56.711440773192606 ], [ -2.448343268933832, 56.711448828831131 ], [ -2.448342588268845, 56.711457347570288 ], [ -2.448344240057948, 56.711466287661359 ], [ -2.448347837885882, 56.71147554123489 ], [ -2.448352992346175, 56.711484999628397 ], [ -2.44835931403198, 56.711494554179318 ], [ -2.448366413536001, 56.711504096225184 ], [ -2.448373901450478, 56.711513517103576 ], [ -2.448381388367158, 56.71152270815216 ], [ -2.448388484877327, 56.711531560708686 ], [ -2.448394801571833, 56.711539966111026 ], [ -2.448399949041147, 56.711547815697116 ], [ -2.448403537875444, 56.711555000804879 ], [ -2.4484051786647, 56.711561412772276 ], [ -2.448404481998831, 56.711566942937218 ], [ -2.448401058467818, 56.711571482637474 ], [ -2.448394638316796, 56.71157496438105 ], [ -2.448385438239684, 56.711577488051375 ], [ -2.448373798531998, 56.711579196059994 ], [ -2.448360059489507, 56.711580230818477 ], [ -2.448344561408078, 56.711580734738398 ], [ -2.448327644583524, 56.711580850231435 ], [ -2.448309649311522, 56.711580719709389 ], [ -2.44829091588753, 56.711580485584193 ], [ -2.448271784606732, 56.71158029026801 ], [ -2.448252595764026, 56.711580276173173 ], [ -2.448233689654011, 56.711580585712248 ], [ -2.448215406571026, 56.711581361298002 ], [ -2.448198086809193, 56.711582745343392 ], [ -2.448182070662507, 56.711584880261533 ], [ -2.448167698424928, 56.711587908465695 ], [ -2.448155310390523, 56.711591972369241 ], [ -2.448145169737098, 56.711597180735119 ], [ -2.448137116068589, 56.711603457495897 ], [ -2.448130844321932, 56.711610663457108 ], [ -2.448126049309546, 56.711618659369741 ], [ -2.448122425843876, 56.711627305984699 ], [ -2.448119668737274, 56.711636464052773 ], [ -2.448117472801935, 56.711645994324726 ], [ -2.448115532849812, 56.711655757551299 ], [ -2.448113543692586, 56.711665614483209 ], [ -2.448111200141661, 56.711675425871142 ], [ -2.447991012994593, 56.711740266436003 ] ] ] } },
{ "type": "Feature", "properties": { "Poly_ID": "UncertaintyLower_2", "Method": "Open", "Timeseries": "VEdge", "Scenario": 8, "Year": 2040, "UncertaintyInterval": 95, "LowerQ": 2.5, "UpperQ": 97.5 }, "geometry": { "type": "MultiPolygon", "coordinates": [ [ [ [ -2.452224000422161, 56.704838783086011 ], [ -2.452225428073625, 56.704836409023294 ], [ -2.45223058406784, 56.704827944735449 ], [ -2.452235800764494, 56.704819492562059 ], [ -2.452241079980369, 56.70481105284977 ], [ -2.452246423532249, 56.704802625945206 ], [ -2.452251833236915, 56.704794212194997 ], [ -2.452257310911148, 56.704785811945783 ], [ -2.452262858371727, 56.704777425544201 ], [ -2.452268477435432, 56.704769053336882 ], [ -2.452274169919039, 56.704760695670466 ], [ -2.452279937639323, 56.704752352891575 ], [ -2.452285782413058, 56.704744025346827 ], [ -2.452291706057018, 56.704735713382895 ], [ -2.452297710387975, 56.704727417346369 ], [ -2.4523037972227, 56.704719137583908 ], [ -2.452309968377961, 56.704710874442107 ], [ -2.452316225670529, 56.704702628267626 ], [ -2.452322570917169, 56.704694399407089 ], [ -2.452329005934649, 56.704686188207106 ], [ -2.452335532539736, 56.704677995014308 ], [ -2.452342152549191, 56.70466982017534 ], [ -2.452348867779776, 56.70466166403682 ], [ -2.452355680048257, 56.704653526945364 ], [ -2.452362591171394, 56.704645409247611 ], [ -2.452369602965943, 56.704637311290178 ], [ -2.452376717248667, 56.704629233419695 ], [ -2.452383935836325, 56.704621175982766 ], [ -2.452391260545669, 56.704613139326035 ], [ -2.452398693193461, 56.704605123796107 ], [ -2.452488153726993, 56.704519686770432 ], [ -2.452403190927843, 56.704605482435284 ], [ -2.45239626294326, 56.704613549676544 ], [ -2.452389373130957, 56.704621630724255 ], [ -2.452382522108655, 56.704629725491287 ], [ -2.452375710494076, 56.704637833890551 ], [ -2.452368938904943, 56.704645955834962 ], [ -2.452362207958977, 56.704654091237416 ], [ -2.452355518273907, 56.704662240010784 ], [ -2.452348870467454, 56.70467040206799 ], [ -2.452342265157345, 56.704678577321936 ], [ -2.452335702961308, 56.704686765685508 ], [ -2.452329184497066, 56.704694967071603 ], [ -2.45232271038235, 56.704703181393143 ], [ -2.452316281234888, 56.704711408563014 ], [ -2.452309897672409, 56.704719648494113 ], [ -2.452303560312642, 56.704727901099353 ], [ -2.452297269773316, 56.704736166291603 ], [ -2.452291026672164, 56.704744443983799 ], [ -2.452284831626919, 56.704752734088821 ], [ -2.452278685255313, 56.704761036519571 ], [ -2.452272588175075, 56.704769351188951 ], [ -2.452266541003945, 56.70477767800989 ], [ -2.452260544359654, 56.70478601689522 ], [ -2.452254598859938, 56.70479436775792 ], [ -2.452248705122532, 56.704802730510828 ], [ -2.452242863765175, 56.704811105066881 ], [ -2.452237075405601, 56.704819491338966 ], [ -2.452231340661552, 56.704827889239979 ], [ -2.452225660150765, 56.704836298682842 ], [ -2.452224000422161, 56.704838783086011 ] ] ], [ [ [ -2.452054875228977, 56.705167015552746 ], [ -2.452053007347838, 56.705172341111293 ], [ -2.452050002721358, 56.705181140806417 ], [ -2.452047077656033, 56.705189948472309 ], [ -2.452044232769633, 56.705198764021873 ], [ -2.452041468679924, 56.705207587367987 ], [ -2.452038786004678, 56.70521641842361 ], [ -2.452036185361663, 56.705225257101581 ], [ -2.452033667368657, 56.705234103314822 ], [ -2.452031232643422, 56.70524295697625 ], [ -2.452028881803738, 56.705251817998729 ], [ -2.452026615467373, 56.705260686295176 ], [ -2.452024434252105, 56.705269561778493 ], [ -2.452022338775708, 56.705278444361589 ], [ -2.452020329655952, 56.705287333957337 ], [ -2.45201840751062, 56.705296230478659 ], [ -2.452016572957485, 56.705305133838444 ], [ -2.452014826614322, 56.705314043949585 ], [ -2.452013169098917, 56.705322960724978 ], [ -2.45201160102904, 56.705331884077538 ], [ -2.452010123022475, 56.705340813920152 ], [ -2.452008734222268, 56.70534974981301 ], [ -2.452007412375158, 56.705358686199297 ], [ -2.452006119093091, 56.705367613663348 ], [ -2.452004815591894, 56.705376522694905 ], [ -2.452003463087353, 56.705385403783581 ], [ -2.452002022795223, 56.705394247419072 ], [ -2.452000455931226, 56.705403044091049 ], [ -2.451998723711051, 56.705411784289169 ], [ -2.451996787350343, 56.705420458503092 ], [ -2.451994608064734, 56.705429057222467 ], [ -2.451992147069811, 56.705437570936958 ], [ -2.451989365581137, 56.705445990136219 ], [ -2.451986224814251, 56.705454305309914 ], [ -2.451982685984658, 56.705462506947626 ], [ -2.451978710307849, 56.705470585539032 ], [ -2.45197425899929, 56.705478531573718 ], [ -2.451969293274425, 56.705486335541323 ], [ -2.45196377434869, 56.705493987931419 ], [ -2.451957663437499, 56.705501479233597 ], [ -2.451950921756263, 56.705508799937427 ], [ -2.451943521157133, 56.705515942565171 ], [ -2.451935563965917, 56.705522924572875 ], [ -2.451927240041582, 56.705529780144403 ], [ -2.451918740860594, 56.705536543772745 ], [ -2.451910257899525, 56.705543249950928 ], [ -2.451901982635057, 56.705549933172051 ], [ -2.451894106543971, 56.705556627929248 ], [ -2.451886821103161, 56.705563368715701 ], [ -2.451880317789629, 56.705570190024645 ], [ -2.451874788080502, 56.705577126349333 ], [ -2.451870423453043, 56.705584212183041 ], [ -2.451867414917241, 56.705591481928799 ], [ -2.451865820621446, 56.705598944354698 ], [ -2.451865383679232, 56.705606547444347 ], [ -2.451865801537121, 56.705614230370138 ], [ -2.4518667716414, 56.705621932304446 ], [ -2.45186799143811, 56.705629592419669 ], [ -2.451869158373037, 56.705637149888155 ], [ -2.451869969891718, 56.705644543882315 ], [ -2.45187012343946, 56.705651713574561 ], [ -2.451869316461351, 56.705658598137262 ], [ -2.451867246402311, 56.705665136742823 ], [ -2.451863610707117, 56.705671268563499 ], [ -2.451858112639127, 56.705676934160216 ], [ -2.451850669914949, 56.705682125274535 ], [ -2.451841472222045, 56.705686898555662 ], [ -2.451830726774167, 56.705691314835548 ], [ -2.451818640785193, 56.705695434946115 ], [ -2.451805421469083, 56.705699319719379 ], [ -2.451791276039849, 56.705703029987326 ], [ -2.451776411711524, 56.705706626582078 ], [ -2.45176103569814, 56.70571017033582 ], [ -2.451745355213717, 56.705713722080809 ], [ -2.451729577472253, 56.705717342649443 ], [ -2.451716641047859, 56.705720439098833 ], [ -2.45171921641703, 56.705719315144144 ], [ -2.451731170740036, 56.705714096935111 ], [ -2.451742909314188, 56.705708902675084 ], [ -2.451754355738604, 56.705703696546628 ], [ -2.451765433612389, 56.705698442732292 ], [ -2.451776066534662, 56.705693105414689 ], [ -2.451786178104538, 56.705687648776397 ], [ -2.451795691921158, 56.705682037000066 ], [ -2.451804531583677, 56.705676234268353 ], [ -2.451812620691287, 56.705670204763891 ], [ -2.451819884257412, 56.705663913136604 ], [ -2.451826309526512, 56.705657344597654 ], [ -2.451831969049905, 56.705650512543748 ], [ -2.451836941552672, 56.705643432411392 ], [ -2.451841305759863, 56.705636119637049 ], [ -2.451845140396502, 56.705628589657145 ], [ -2.451848524187572, 56.705620857908173 ], [ -2.451851535858023, 56.705612939826516 ], [ -2.451854254132746, 56.705604850848587 ], [ -2.451856757736582, 56.705596606410793 ], [ -2.451859125394311, 56.705588221949533 ], [ -2.451861430179036, 56.705579713056856 ], [ -2.451863711855021, 56.705571096242387 ], [ -2.451865998025466, 56.705562388350721 ], [ -2.451868316275687, 56.70555360622695 ], [ -2.451870694190969, 56.705544766716145 ], [ -2.451873159356583, 56.705535886663434 ], [ -2.451875739357775, 56.70552698291386 ], [ -2.451878461779768, 56.705518072312522 ], [ -2.451881354207766, 56.705509171704499 ], [ -2.451884444130668, 56.705500297889962 ], [ -2.451887746206749, 56.705491461685966 ], [ -2.451891249513887, 56.705482661980938 ], [ -2.451894940096469, 56.705473896248769 ], [ -2.451898803998902, 56.70546516196336 ], [ -2.451902827265601, 56.705456456598554 ], [ -2.451906995940997, 56.705447777628265 ], [ -2.451911296069533, 56.705439122526364 ], [ -2.451915713695661, 56.70543048876673 ], [ -2.45192023486385, 56.705421873823269 ], [ -2.451924845618574, 56.705413275169839 ], [ -2.451929532004325, 56.705404690280339 ], [ -2.451934280065604, 56.705396116628712 ], [ -2.451939075846923, 56.705387551688773 ], [ -2.451943905392806, 56.705378992934484 ], [ -2.451948754747793, 56.705370437839697 ], [ -2.451953609956425, 56.705361883878339 ], [ -2.45195845706326, 56.705353328524325 ], [ -2.451963282112871, 56.705344769251532 ], [ -2.451968071178014, 56.705336203539019 ], [ -2.451972814997863, 56.70532762971574 ], [ -2.451977514144183, 56.705319047901583 ], [ -2.451982170433841, 56.705310458443186 ], [ -2.451986785683708, 56.705301861687218 ], [ -2.451991361710649, 56.70529325798033 ], [ -2.451995900331525, 56.705284647669146 ], [ -2.452000403363205, 56.70527603110034 ], [ -2.452004872622549, 56.705267408620557 ], [ -2.452009309926419, 56.70525878057645 ], [ -2.452013717091669, 56.705250147314651 ], [ -2.452018095935161, 56.705241509181825 ], [ -2.452022448273748, 56.705232866524625 ], [ -2.452026775924288, 56.705224219689697 ], [ -2.452031080703633, 56.705215569023679 ], [ -2.452035364428633, 56.705206914873237 ], [ -2.45203962891614, 56.705198257584982 ], [ -2.452043875983002, 56.705189597505601 ], [ -2.452048107446064, 56.70518093498174 ], [ -2.452052325122175, 56.705172270360016 ], [ -2.452054875228977, 56.705167015552746 ] ] ], [ [ [ -2.451585467305984, 56.705789647076408 ], [ -2.451584652356567, 56.705790609389112 ], [ -2.451578794041456, 56.705798368050139 ], [ -2.451573387999959, 56.705806323339878 ], [ -2.451568361886152, 56.705814450356577 ], [ -2.451563643354063, 56.705822724198491 ], [ -2.451559160056018, 56.705831119966618 ], [ -2.451554839645955, 56.705839612759156 ], [ -2.451550609779499, 56.705848177671442 ], [ -2.451546398110427, 56.705856789801722 ], [ -2.451542132292469, 56.705865424248287 ], [ -2.451537739979301, 56.705874056109394 ], [ -2.451533148824541, 56.705882660483311 ], [ -2.451528286481753, 56.705891212468259 ], [ -2.451523080895963, 56.705899687250472 ], [ -2.451517493828707, 56.705908070222996 ], [ -2.451511551949146, 56.705916366369998 ], [ -2.451505289277705, 56.705924582894454 ], [ -2.451498739834844, 56.705932726999322 ], [ -2.451491937641045, 56.7059408058876 ], [ -2.45148491671682, 56.705948826762274 ], [ -2.451477711082707, 56.705956796826364 ], [ -2.451470354759267, 56.705964723282833 ], [ -2.451462881767089, 56.705972613334723 ], [ -2.451455326126779, 56.705980474185047 ], [ -2.45144772185897, 56.705988313036812 ], [ -2.451440102984321, 56.705996137093067 ], [ -2.451432503523511, 56.706003953556873 ], [ -2.451424957497235, 56.706011769631246 ], [ -2.451417498926223, 56.706019592519262 ], [ -2.451410161831215, 56.706027429424005 ], [ -2.451402980232984, 56.706035287548509 ], [ -2.451395988152317, 56.706043174095889 ], [ -2.451392465336724, 56.706047297341001 ], [ -2.451394759450887, 56.706040119212737 ], [ -2.451397655326926, 56.706031335774476 ], [ -2.451400652118491, 56.706022565128286 ], [ -2.451403765397996, 56.706013809537183 ], [ -2.451407010737845, 56.706005071264123 ], [ -2.451410403710422, 56.705996352572093 ], [ -2.451413959888105, 56.705987655724066 ], [ -2.451417694843258, 56.705978982983019 ], [ -2.451421624148229, 56.705970336611941 ], [ -2.451425763375358, 56.705961718873787 ], [ -2.451430128096965, 56.705953132031517 ], [ -2.451434733885366, 56.705944578348102 ], [ -2.451439596312861, 56.705936060086508 ], [ -2.451444730951742, 56.70592757950967 ], [ -2.451450153374284, 56.705919138880581 ], [ -2.451455879152756, 56.705910740462137 ], [ -2.451461923859414, 56.705902386517323 ], [ -2.451468303066507, 56.705894079309047 ], [ -2.45147503212592, 56.705885821140953 ], [ -2.451482116181108, 56.705877616201846 ], [ -2.451489546077232, 56.705869471321051 ], [ -2.451497311591942, 56.705861393525041 ], [ -2.451505402502898, 56.705853389840264 ], [ -2.451513808587791, 56.705845467293159 ], [ -2.451522519624317, 56.70583763291021 ], [ -2.451531525390203, 56.705829893717869 ], [ -2.451540815663187, 56.705822256742586 ], [ -2.451550380221032, 56.705814729010825 ], [ -2.451560208841519, 56.705807317549045 ], [ -2.451570291295575, 56.705800029395256 ], [ -2.451580617366871, 56.705792871566125 ], [ -2.451585467305984, 56.705789647076408 ] ] ], [ [ [ -2.451339636969425, 56.706204496244837 ], [ -2.451339987329326, 56.706207104613725 ], [ -2.451341436608683, 56.706216566316009 ], [ -2.451342991958019, 56.706226045800605 ], [ -2.451344576637314, 56.706235527795293 ], [ -2.451346113906466, 56.706244997027866 ], [ -2.451347527025298, 56.706254438226132 ], [ -2.451348739253555, 56.706263836117884 ], [ -2.451349673850899, 56.70627317543093 ], [ -2.451350254076922, 56.706282440893084 ], [ -2.451350403191143, 56.706291617232147 ], [ -2.451350044453005, 56.706300689175919 ], [ -2.451349101121897, 56.706309641452187 ], [ -2.451347496457135, 56.706318458788751 ], [ -2.451345153717988, 56.706327125913376 ], [ -2.451341996163668, 56.706335627553813 ], [ -2.45133794705397, 56.706343948437933 ], [ -2.451332966955949, 56.706352081258274 ], [ -2.45132715439243, 56.706360048159375 ], [ -2.451320639766854, 56.706367878091982 ], [ -2.451313553482773, 56.706375600006787 ], [ -2.451306025943833, 56.706383242854521 ], [ -2.451298187553768, 56.706390835585964 ], [ -2.451290168716396, 56.706398407151895 ], [ -2.451282099835622, 56.706405986503157 ], [ -2.451274111315425, 56.706413602590587 ], [ -2.451266333559868, 56.706421284365078 ], [ -2.451258881597832, 56.706429057241827 ], [ -2.451251769857922, 56.706436923501563 ], [ -2.451244972317731, 56.706444876122731 ], [ -2.451238462844737, 56.706452908058509 ], [ -2.45123221530642, 56.706461012262011 ], [ -2.45122620357023, 56.706469181686344 ], [ -2.451220401503604, 56.706477409284687 ], [ -2.451214782973969, 56.706485688010112 ], [ -2.451209321848733, 56.706494010815739 ], [ -2.451203991995282, 56.706502370654668 ], [ -2.451198767280989, 56.706510760480008 ], [ -2.451193621573204, 56.706519173244835 ], [ -2.451188528739259, 56.706527601902273 ], [ -2.451183462646469, 56.706536039405385 ], [ -2.451178397162126, 56.706544478707265 ], [ -2.451173306153507, 56.706552912760976 ], [ -2.45116816348786, 56.706561334519606 ], [ -2.451162943032428, 56.706569736936224 ], [ -2.451157618654421, 56.706578112963896 ], [ -2.451152164221037, 56.706586455555673 ], [ -2.451146553599455, 56.706594757664604 ], [ -2.451140763251387, 56.706603012942537 ], [ -2.451134789057102, 56.706611220271164 ], [ -2.451128635696442, 56.70661938090214 ], [ -2.451122307892854, 56.706627496098861 ], [ -2.451115810369792, 56.706635567124714 ], [ -2.451109147850719, 56.706643595243072 ], [ -2.451102325059091, 56.706651581717352 ], [ -2.451095346718384, 56.706659527810942 ], [ -2.451088217552065, 56.706667434787214 ], [ -2.451080942283612, 56.70667530390957 ], [ -2.451073525636501, 56.706683136441406 ], [ -2.451065972334221, 56.706690933646129 ], [ -2.451058287100252, 56.7066986967871 ], [ -2.451050474658091, 56.706706427127735 ], [ -2.451042539731229, 56.706714125931448 ], [ -2.451034487043161, 56.706721794461593 ], [ -2.451026321317393, 56.706729433981607 ], [ -2.451018047277425, 56.706737045754849 ], [ -2.451009669646768, 56.706744631044756 ], [ -2.451001193148931, 56.70675219111471 ], [ -2.450992622507424, 56.706759727228125 ], [ -2.450983962445767, 56.706767240648375 ], [ -2.450975217687483, 56.706774732638884 ], [ -2.450966392956087, 56.70678220446306 ], [ -2.450957492975107, 56.70678965738432 ], [ -2.450948522468073, 56.706797092666029 ], [ -2.450939486158514, 56.70680451157164 ], [ -2.450930388769962, 56.706811915364526 ], [ -2.450921235025959, 56.706819305308116 ], [ -2.450912029650037, 56.70682668266582 ], [ -2.450902777365739, 56.706834048701069 ], [ -2.450893482896609, 56.706841404677242 ], [ -2.450884150966195, 56.706848751857777 ], [ -2.450874786298043, 56.70685609150609 ], [ -2.45086539361571, 56.706863424885604 ], [ -2.450855977642742, 56.706870753259722 ], [ -2.4508465431027, 56.706878077891901 ], [ -2.450837094719139, 56.7068854000455 ], [ -2.450827637215625, 56.706892720984001 ], [ -2.450818175315717, 56.706900041970826 ], [ -2.450808713742985, 56.706907364269362 ], [ -2.450799257220992, 56.706914689143083 ], [ -2.450789810473314, 56.706922017855391 ], [ -2.450780378223521, 56.706929351669736 ], [ -2.450770965195189, 56.706936691849521 ], [ -2.450761576111898, 56.706944039658218 ], [ -2.450752215697226, 56.706951396359244 ], [ -2.450742888674755, 56.706958763216029 ], [ -2.45073359976807, 56.706966141492025 ], [ -2.450724353700763, 56.706973532450661 ], [ -2.450715155196423, 56.706980937355389 ], [ -2.450706009045108, 56.706988357475723 ], [ -2.450696946810803, 56.706995796531729 ], [ -2.450688067713003, 56.707003264435734 ], [ -2.450679481493809, 56.707010772063178 ], [ -2.450671297895399, 56.707018330289564 ], [ -2.450663626660037, 56.707025949990417 ], [ -2.450656577530061, 56.707033642041225 ], [ -2.450650260247909, 56.707041417317562 ], [ -2.450644784556103, 56.707049286694975 ], [ -2.450640260197261, 56.707057261049037 ], [ -2.450636796914108, 56.707065351255281 ], [ -2.450634472333741, 56.707073564412951 ], [ -2.450633147485401, 56.707081882152593 ], [ -2.450632593884844, 56.707090275579354 ], [ -2.450632582764374, 56.707098715765063 ], [ -2.450632885356096, 56.70710717378148 ], [ -2.450633272891913, 56.707115620700421 ], [ -2.450633516603522, 56.707124027593693 ], [ -2.450633387722416, 56.707132365533056 ], [ -2.450632657479892, 56.707140605590347 ], [ -2.450631097107047, 56.707148718837331 ], [ -2.450628477834814, 56.707156676345768 ], [ -2.450624580668374, 56.707164450626891 ], [ -2.450619384088311, 56.707172043274895 ], [ -2.450613049961538, 56.70717948289191 ], [ -2.450605747106823, 56.707186799103916 ], [ -2.450597644343069, 56.707194021536893 ], [ -2.450588910489296, 56.707201179816813 ], [ -2.450579714364631, 56.70720830356975 ], [ -2.450570224788307, 56.707215422421761 ], [ -2.45056061057965, 56.707222565999004 ], [ -2.450551040558092, 56.707229763927629 ], [ -2.450541683543027, 56.707237045833857 ], [ -2.450532675755988, 56.707244435235893 ], [ -2.45052402923011, 56.707251932382263 ], [ -2.450515726429126, 56.707259531980867 ], [ -2.450507749816773, 56.707267228739632 ], [ -2.450500081856781, 56.707275017366484 ], [ -2.450492705012875, 56.707282892569346 ], [ -2.450485601748774, 56.707290849056079 ], [ -2.450478754528191, 56.707298881534605 ], [ -2.450472145814828, 56.707306984712829 ], [ -2.450465758072379, 56.707315153298609 ], [ -2.450459573764532, 56.707323381999849 ], [ -2.450453575354964, 56.707331665524414 ], [ -2.450447745307339, 56.707339998580174 ], [ -2.45044206608531, 56.707348375875014 ], [ -2.450436520152524, 56.707356792116776 ], [ -2.450431089972612, 56.707365242013346 ], [ -2.450425758009191, 56.707373720272571 ], [ -2.450420506725873, 56.707382221602302 ], [ -2.450415318586252, 56.707390740710395 ], [ -2.450410176053909, 56.707399272304691 ], [ -2.450405064660736, 56.707407811891429 ], [ -2.450399983350742, 56.70741635846656 ], [ -2.450394934731607, 56.707424911979416 ], [ -2.450389921411106, 56.707433472379243 ], [ -2.450384945997007, 56.707442039615373 ], [ -2.450380011097092, 56.70745061363705 ], [ -2.450375119319134, 56.707459194393635 ], [ -2.450370273270919, 56.707467781834382 ], [ -2.450365475560228, 56.707476375908612 ], [ -2.450360728794844, 56.707484976565588 ], [ -2.450356035582559, 56.707493583754648 ], [ -2.450351398531164, 56.707502197425079 ], [ -2.45034682024845, 56.70751081752617 ], [ -2.450342303342213, 56.707519444007218 ], [ -2.450337850420251, 56.707528076817546 ], [ -2.450333464090366, 56.707536715906407 ], [ -2.45032914696036, 56.707545361223154 ], [ -2.45032490163804, 56.707554012717054 ], [ -2.450320730731212, 56.70756267033741 ], [ -2.450316636847686, 56.707571334033545 ], [ -2.450312622595277, 56.707580003754721 ], [ -2.450308690581801, 56.707588679450282 ], [ -2.450304843415074, 56.707597361069496 ], [ -2.450301083702918, 56.707606048561679 ], [ -2.450297414053153, 56.707614741876128 ], [ -2.450293837073607, 56.707623440962145 ], [ -2.450290355372108, 56.707632145769033 ], [ -2.450286971556487, 56.707640856246094 ], [ -2.450283688234577, 56.707649572342618 ], [ -2.45028050801421, 56.707658294007921 ], [ -2.450277433503228, 56.707667021191305 ], [ -2.45027446730947, 56.707675753842061 ], [ -2.45027161204078, 56.707684491909504 ], [ -2.450268870305001, 56.707693235342916 ], [ -2.450266244709986, 56.707701984091621 ], [ -2.45026373786358, 56.7077107381049 ], [ -2.450261352373641, 56.707719497332072 ], [ -2.450259090848021, 56.70772826172243 ], [ -2.450256955894578, 56.707737031225257 ], [ -2.450254950121177, 56.707745805789884 ], [ -2.450253076135678, 56.707754585365606 ], [ -2.450251336545948, 56.707763369901706 ], [ -2.450249733959854, 56.707772159347492 ], [ -2.450248270985268, 56.707780953652268 ], [ -2.450246950230065, 56.707789752765322 ], [ -2.450245774302118, 56.707798556635979 ], [ -2.450244745809308, 56.707807365213505 ], [ -2.450243867359514, 56.707816178447217 ], [ -2.450243141560619, 56.707824996286405 ], [ -2.450242571020512, 56.707833818680363 ], [ -2.450247327165212, 56.707923987594256 ], [ -2.450202706506882, 56.707826063282319 ], [ -2.450200941224749, 56.707817324923234 ], [ -2.450199424500213, 56.707808577843451 ], [ -2.45019815223282, 56.707799822711678 ], [ -2.450197120322118, 56.707791060196534 ], [ -2.450196324667666, 56.707782290966719 ], [ -2.450195761169015, 56.707773515690867 ], [ -2.450195425725729, 56.707764735037671 ], [ -2.450195314237375, 56.707755949675757 ], [ -2.450195422603517, 56.707747160273783 ], [ -2.450195746723731, 56.707738367500447 ], [ -2.450196282497588, 56.70772957202437 ], [ -2.450197025824669, 56.7077207745142 ], [ -2.450197972604558, 56.70771197563861 ], [ -2.450199118736844, 56.707703176066246 ], [ -2.450200460121113, 56.70769437646576 ], [ -2.450201992656961, 56.707685577505785 ], [ -2.45020371224399, 56.707676779854999 ], [ -2.450205614781798, 56.707667984182038 ], [ -2.450207696169996, 56.707659191155557 ], [ -2.450209952308191, 56.707650401444205 ], [ -2.450212379095996, 56.707641615716625 ], [ -2.450214972433035, 56.707632834641458 ], [ -2.450217728218928, 56.707624058887355 ], [ -2.450220642353303, 56.70761528912297 ], [ -2.45022371073579, 56.70760652601696 ], [ -2.450226929266024, 56.707597770237946 ], [ -2.450230293843646, 56.707589022454584 ], [ -2.4502338003683, 56.707580283335524 ], [ -2.450237444739631, 56.707571553549414 ], [ -2.450241222857295, 56.707562833764889 ], [ -2.450245130620943, 56.707554124650613 ], [ -2.450249163930241, 56.707545426875221 ], [ -2.450253318684855, 56.707536741107354 ], [ -2.450257590784449, 56.707528068015677 ], [ -2.450261976128699, 56.707519408268823 ], [ -2.450266470617283, 56.707510762535442 ], [ -2.450271070149884, 56.707502131484183 ], [ -2.450275770626188, 56.707493515783703 ], [ -2.450280567945884, 56.707484916102622 ], [ -2.450285458008669, 56.707476333109618 ], [ -2.450290436714243, 56.707467767473325 ], [ -2.450295499962307, 56.707459219862407 ], [ -2.450300643652574, 56.707450690945493 ], [ -2.450305863684751, 56.707442181391251 ], [ -2.45031115595856, 56.707433691868317 ], [ -2.450316516373715, 56.707425223045355 ], [ -2.450321940829949, 56.707416775591021 ], [ -2.450327425226986, 56.707408350173942 ], [ -2.450332965464562, 56.707399947462797 ], [ -2.450338557442416, 56.707391568126233 ], [ -2.450344197190591, 56.707383212793538 ], [ -2.450349882766294, 56.707374881481535 ], [ -2.450355613827804, 56.707366573723327 ], [ -2.450361390077001, 56.707358289038829 ], [ -2.450367211215771, 56.707350026947971 ], [ -2.450373076945996, 56.707341786970666 ], [ -2.450378986969554, 56.707333568626844 ], [ -2.450384940988328, 56.707325371436461 ], [ -2.450390938704203, 56.707317194919383 ], [ -2.45039697981906, 56.707309038595568 ], [ -2.45040306403478, 56.707300901984944 ], [ -2.450409191053246, 56.707292784607425 ], [ -2.450415360576339, 56.707284685982934 ], [ -2.450421572305945, 56.707276605631392 ], [ -2.450427825943944, 56.707268543072722 ], [ -2.45043412119222, 56.707260497826866 ], [ -2.450440457752656, 56.707252469413731 ], [ -2.450446835327132, 56.707244457353241 ], [ -2.450453253617533, 56.707236461165337 ], [ -2.450459712325743, 56.70722848036992 ], [ -2.450466211153645, 56.707220514486927 ], [ -2.450472749803116, 56.707212563036279 ], [ -2.450479327976048, 56.707204625537912 ], [ -2.450485945374316, 56.707196701511727 ], [ -2.450492601699807, 56.707188790477673 ], [ -2.450499296654403, 56.707180891955645 ], [ -2.450506029939988, 56.707173005465599 ], [ -2.450512801258444, 56.707165130527443 ], [ -2.450519610311651, 56.707157266661099 ], [ -2.450526456801498, 56.707149413386503 ], [ -2.450533340429862, 56.707141570223556 ], [ -2.450540260898631, 56.707133736692214 ], [ -2.450547217909683, 56.707125912312385 ], [ -2.450554211164902, 56.707118096603992 ], [ -2.450561240366171, 56.707110289086955 ], [ -2.450568305215373, 56.707102489281219 ], [ -2.450575405414393, 56.70709469670669 ], [ -2.450582540665107, 56.707086910883291 ], [ -2.450589710669402, 56.707079131330943 ], [ -2.450596915129159, 56.707071357569596 ], [ -2.450604153746262, 56.707063589119159 ], [ -2.450611426222589, 56.707055825499559 ], [ -2.450618732260028, 56.707048066230726 ], [ -2.450626071560456, 56.707040310832554 ], [ -2.450633443825755, 56.707032558825006 ], [ -2.450640848757807, 56.70702480972799 ], [ -2.450648286058496, 56.707017063061443 ], [ -2.450655755429701, 56.707009318345257 ], [ -2.450663256573306, 56.707001575099412 ], [ -2.450670789191189, 56.706993832843786 ], [ -2.450678352985231, 56.706986091098315 ], [ -2.450685947620198, 56.706978349392351 ], [ -2.450693572149764, 56.706970607409922 ], [ -2.450701225126963, 56.706962864961952 ], [ -2.450708905090074, 56.706955121863018 ], [ -2.450716610577383, 56.706947377927733 ], [ -2.450724340127171, 56.706939632970709 ], [ -2.450732092277722, 56.706931886806537 ], [ -2.450739865567322, 56.706924139249836 ], [ -2.450747658534262, 56.706916390115204 ], [ -2.450755469716825, 56.706908639217275 ], [ -2.450763297653302, 56.706900886370619 ], [ -2.450771140881983, 56.706893131389876 ], [ -2.450778997941158, 56.70688537408963 ], [ -2.450786867369122, 56.706877614284508 ], [ -2.450794747704164, 56.706869851789115 ], [ -2.450802637484579, 56.706862086418049 ], [ -2.450810535248665, 56.706854317985936 ], [ -2.450818439534716, 56.706846546307396 ], [ -2.450826348881029, 56.70683877119702 ], [ -2.450834261825902, 56.706830992469413 ], [ -2.450842176907635, 56.706823209939209 ], [ -2.45085009266453, 56.706815423420998 ], [ -2.450858007634886, 56.706807632729415 ], [ -2.450865920357007, 56.70679983767905 ], [ -2.450873829369195, 56.706792038084551 ], [ -2.450881733209757, 56.706784233760494 ], [ -2.450889630416998, 56.7067764245215 ], [ -2.450897519529222, 56.706768610182202 ], [ -2.450905399084741, 56.706760790557205 ], [ -2.450913267621861, 56.706752965461121 ], [ -2.450921123678891, 56.706745134708562 ], [ -2.450928965794147, 56.706737298114163 ], [ -2.450936792505936, 56.706729455492493 ], [ -2.450944602352574, 56.706721606658228 ], [ -2.450952393872373, 56.706713751425966 ], [ -2.450960165603649, 56.706705889610291 ], [ -2.450967916084718, 56.706698021025872 ], [ -2.450975643853902, 56.706690145487272 ], [ -2.450983347449514, 56.70668226280916 ], [ -2.450991025409876, 56.706674372806134 ], [ -2.450998676273309, 56.706666475292792 ], [ -2.451006298578133, 56.706658570083789 ], [ -2.451013890862672, 56.706650656993723 ], [ -2.451021451665251, 56.706642735837221 ], [ -2.451028979524196, 56.706634806428909 ], [ -2.45103647297783, 56.706626868583392 ], [ -2.451043930564483, 56.706618922115304 ], [ -2.451051350822485, 56.70661096683925 ], [ -2.451058732290163, 56.706603002569878 ], [ -2.451066073505849, 56.706595029121793 ], [ -2.451073373007874, 56.706587046309608 ], [ -2.451080629334572, 56.706579053947969 ], [ -2.451087841024277, 56.706571051851476 ], [ -2.451095006615326, 56.706563039834776 ], [ -2.451102124646055, 56.706555017712468 ], [ -2.451109193654801, 56.706546985299191 ], [ -2.451116212179905, 56.706538942409544 ], [ -2.451123178759705, 56.706530888858204 ], [ -2.451130091932545, 56.706522824459746 ], [ -2.451136950236761, 56.70651474902882 ], [ -2.451143752210707, 56.706506662380029 ], [ -2.451150496392723, 56.706498564328015 ], [ -2.451157181321153, 56.706490454687405 ], [ -2.451163805534348, 56.70648233327281 ], [ -2.451170367570657, 56.706474199898871 ], [ -2.451176865968427, 56.706466054380201 ], [ -2.451183299266011, 56.706457896531454 ], [ -2.451189666001763, 56.706449726167214 ], [ -2.451195964714036, 56.70644154310213 ], [ -2.451202193941182, 56.706433347150849 ], [ -2.451208352221562, 56.706425138127955 ], [ -2.45121443809353, 56.706416915848109 ], [ -2.451220450095449, 56.706408680125918 ], [ -2.451226386765676, 56.706400430776014 ], [ -2.451232246642574, 56.706392167613053 ], [ -2.451238028264506, 56.706383890451619 ], [ -2.451243730169835, 56.706375599106359 ], [ -2.451249350896929, 56.706367293391921 ], [ -2.451254888984153, 56.706358973122889 ], [ -2.451260342969876, 56.706350638113925 ], [ -2.451265711392469, 56.706342288179648 ], [ -2.4512709927903, 56.706333923134672 ], [ -2.451276185701745, 56.70632554279365 ], [ -2.451281288665178, 56.706317146971202 ], [ -2.451286300218971, 56.706308735481954 ], [ -2.451291218901503, 56.706300308140541 ], [ -2.451296043251152, 56.706291864761582 ], [ -2.451300771806299, 56.706283405159695 ], [ -2.451305403105323, 56.706274929149536 ], [ -2.451309935686607, 56.706266436545711 ], [ -2.451314368088537, 56.706257927162859 ], [ -2.451318698849497, 56.706249400815615 ], [ -2.451322926507875, 56.706240857318591 ], [ -2.451327049602057, 56.706232296486426 ], [ -2.451331066670436, 56.706223718133735 ], [ -2.451334976251406, 56.706215122075172 ], [ -2.451338776883355, 56.706206508125341 ], [ -2.451339636969425, 56.706204496244837 ] ] ] ] } },
{ "type": "Feature", "properties": { "Poly_ID": "UncertaintyLower_0", "Method": "Open", "Timeseries": "VEdge", "Scenario": 8, "Year": 2040, "UncertaintyInterval": 68, "LowerQ": 16.0, "UpperQ": 84.0 }, "geometry": { "type": "MultiPolygon", "coordinates": [ [ [ [ -2.448235819845282, 56.715500366771799 ], [ -2.448245345767712, 56.715502606705904 ], [ -2.448262376721195, 56.715506549072792 ], [ -2.448279234654804, 56.715510432647271 ], [ -2.448295825386146, 56.715514279482612 ], [ -2.448312054732825, 56.715518111632171 ], [ -2.448327828512452, 56.715521951149384 ], [ -2.448343052542632, 56.715525820087677 ], [ -2.448357632640966, 56.715529740500536 ], [ -2.44837147462505, 56.715533734441486 ], [ -2.448384484312462, 56.715537823964063 ], [ -2.448396567520756, 56.715542031121856 ], [ -2.44840763006746, 56.715546377968451 ], [ -2.448417577770066, 56.715550886557459 ], [ -2.448426316446008, 56.715555578942457 ], [ -2.44843375191267, 56.715560477177071 ], [ -2.44843978998736, 56.715565603314865 ], [ -2.448444343858736, 56.715570978074766 ], [ -2.448447423807199, 56.715576604596777 ], [ -2.448449108628148, 56.71558247361591 ], [ -2.448449478554423, 56.715588575606894 ], [ -2.448448613818865, 56.715594901044362 ], [ -2.448446594654329, 56.71560144040297 ], [ -2.448443501293678, 56.715608184157311 ], [ -2.448439413969809, 56.715615122781948 ], [ -2.448434412915643, 56.715622246751458 ], [ -2.448428578364142, 56.715629546540391 ], [ -2.448421990548309, 56.715637012623304 ], [ -2.4484147297012, 56.715644635474753 ], [ -2.448406876055918, 56.715652405569301 ], [ -2.448398509845636, 56.715660313381498 ], [ -2.448389711303585, 56.715668349385957 ], [ -2.448380560663062, 56.715676504057271 ], [ -2.448371138157438, 56.715684767870059 ], [ -2.448361524020159, 56.715693131298984 ], [ -2.448351798484751, 56.715701584818696 ], [ -2.448342041784813, 56.7157101189039 ], [ -2.448332334154034, 56.715718724029315 ], [ -2.448322755826179, 56.715727390669684 ], [ -2.448313387035106, 56.715736109299748 ], [ -2.448304308014751, 56.715744870394346 ], [ -2.448295598999142, 56.715753664428256 ], [ -2.448287340222387, 56.715762481876325 ], [ -2.448279611918684, 56.715771313213381 ], [ -2.448272480990864, 56.715780150087511 ], [ -2.448265944746137, 56.715788990271214 ], [ -2.448259977855588, 56.715797833529081 ], [ -2.448254554978142, 56.715806679626645 ], [ -2.448249650772698, 56.715815528329529 ], [ -2.448245239898131, 56.71582437940328 ], [ -2.448241297013293, 56.71583323261347 ], [ -2.448237796777013, 56.715842087725669 ], [ -2.448234713848096, 56.715850944505405 ], [ -2.448232022885321, 56.715859802718214 ], [ -2.448229698547447, 56.715868662129623 ], [ -2.44822771549321, 56.715877522505181 ], [ -2.448226048381314, 56.715886383610382 ], [ -2.448224671870451, 56.715895245210767 ], [ -2.448223560619278, 56.715904107071864 ], [ -2.448222689286434, 56.715912968959145 ], [ -2.448222032530538, 56.715921830638159 ], [ -2.448221565010177, 56.715930691874391 ], [ -2.448221261383916, 56.715939552433348 ], [ -2.4482210963103, 56.71594841208055 ], [ -2.448221044447847, 56.715957270581498 ], [ -2.448221080455052, 56.715966127701712 ], [ -2.448221178990386, 56.715974983206671 ], [ -2.448221314712296, 56.715983836861909 ], [ -2.448221462279205, 56.715992688432912 ], [ -2.448221596349512, 56.71600153768518 ], [ -2.448221691581594, 56.716010384384241 ], [ -2.448221722633801, 56.716019228295579 ], [ -2.448221664164461, 56.716028069184723 ], [ -2.448221490831877, 56.716036906817159 ], [ -2.448221177294331, 56.716045740958414 ], [ -2.448220698210078, 56.716054571373967 ], [ -2.448220028237353, 56.716063397829352 ], [ -2.448219142034362, 56.716072220090048 ], [ -2.448218014404648, 56.716081037905973 ], [ -2.448216628983052, 56.716089850079918 ], [ -2.448214983156635, 56.716098653939817 ], [ -2.448213075502919, 56.716107446685932 ], [ -2.448210904599425, 56.716116225518505 ], [ -2.448208469023667, 56.716124987637784 ], [ -2.448205767353174, 56.716133730244046 ], [ -2.448202798165459, 56.716142450537504 ], [ -2.448199560038046, 56.716151145718428 ], [ -2.448196051548456, 56.716159812987051 ], [ -2.448192271274211, 56.716168449543638 ], [ -2.448188217792834, 56.716177052588392 ], [ -2.448183889681849, 56.7161856193216 ], [ -2.448179285518785, 56.716194146943458 ], [ -2.448174403881166, 56.716202632654202 ], [ -2.448169243346525, 56.716211073654101 ], [ -2.448163802492392, 56.716219467143361 ], [ -2.448158079896302, 56.716227810322216 ], [ -2.448152074135791, 56.716236100390873 ], [ -2.448145783788403, 56.716244334549586 ], [ -2.448139207431676, 56.716252509998561 ], [ -2.448132343643159, 56.716260623938027 ], [ -2.448125191000401, 56.716268673568194 ], [ -2.448117748080957, 56.716276656089292 ], [ -2.448110013462383, 56.716284568701511 ], [ -2.448101985722241, 56.716292408605071 ], [ -2.448093663438101, 56.716300173000192 ], [ -2.448085045187531, 56.716307859087053 ], [ -2.448076129548108, 56.716315464065886 ], [ -2.448066915097415, 56.716322985136891 ], [ -2.448057400413037, 56.716330419500231 ], [ -2.44804758407257, 56.71633776435614 ], [ -2.44803746465361, 56.716345016904796 ], [ -2.448027040733764, 56.716352174346376 ], [ -2.448016310890644, 56.7163592338811 ], [ -2.448005273701867, 56.716366192709117 ], [ -2.447993927745063, 56.71637304803064 ], [ -2.447982271597862, 56.716379797045832 ], [ -2.447970303837903, 56.716386436954863 ], [ -2.447958023042841, 56.716392964957926 ], [ -2.447945427790327, 56.716399378255161 ], [ -2.447932516658029, 56.716405674046776 ], [ -2.447919288223622, 56.716411849532911 ], [ -2.447905741064786, 56.716417901913715 ], [ -2.447891875676407, 56.716423828796721 ], [ -2.447877763801307, 56.716429642927579 ], [ -2.447863567880403, 56.716435376322771 ], [ -2.447849456233042, 56.71644106224781 ], [ -2.447835597178633, 56.716446733968276 ], [ -2.447822159036628, 56.716452424749896 ], [ -2.447809310126544, 56.716458167858377 ], [ -2.447797218767952, 56.71646399655954 ], [ -2.447786053280496, 56.716469944119254 ], [ -2.447775981983905, 56.716476043803404 ], [ -2.447767172700035, 56.71648232878627 ], [ -2.447759721759663, 56.71648881908127 ], [ -2.447753580151143, 56.716495507945659 ], [ -2.447748681220102, 56.716502385388807 ], [ -2.44774495831216, 56.716509441420023 ], [ -2.447742344772924, 56.716516666048513 ], [ -2.447740773923855, 56.716524049297938 ], [ -2.447740179133557, 56.716531581163721 ], [ -2.447740493748201, 56.716539251654659 ], [ -2.447741651113314, 56.716547050779894 ], [ -2.447743584574398, 56.716554968548536 ], [ -2.447746227476897, 56.716562994969678 ], [ -2.447749513166226, 56.716571120052414 ], [ -2.447753374987739, 56.716579333805846 ], [ -2.447757746286736, 56.716587626239061 ], [ -2.447762560408471, 56.716595987361138 ], [ -2.447767750698133, 56.716604407181194 ], [ -2.447773250500849, 56.716612875708329 ], [ -2.447778993161689, 56.716621382951629 ], [ -2.447784912025654, 56.716629918920241 ], [ -2.447790940437685, 56.716638473623291 ], [ -2.447797011742653, 56.71664703706994 ], [ -2.447803059285448, 56.716655599269728 ], [ -2.447809016653835, 56.71666415144022 ], [ -2.447814818214295, 56.716672688671295 ], [ -2.447820398488963, 56.716681206827083 ], [ -2.447825691999923, 56.716689701771777 ], [ -2.447830633269186, 56.716698169369522 ], [ -2.447835156818718, 56.716706605484525 ], [ -2.447839197170417, 56.716715005980959 ], [ -2.447842688846126, 56.716723366723031 ], [ -2.447845566367638, 56.716731683574942 ], [ -2.447847764256687, 56.716739952400843 ], [ -2.447849217034953, 56.716748169064957 ], [ -2.447849859224062, 56.716756329431441 ], [ -2.447849625345603, 56.716764429364446 ], [ -2.447848449921098, 56.716772464728137 ], [ -2.447846267472043, 56.716780431386617 ], [ -2.447843012519875, 56.716788325203957 ], [ -2.447838619586, 56.716796142044245 ], [ -2.447833023191781, 56.716803877771461 ], [ -2.447826179925017, 56.716811529003387 ], [ -2.44781819224198, 56.716819097340419 ], [ -2.447809221800333, 56.716826586405247 ], [ -2.447799430427632, 56.716833999826392 ], [ -2.447788979951568, 56.716841341232353 ], [ -2.447778032199958, 56.716848614251759 ], [ -2.447766749000748, 56.716855822513217 ], [ -2.447755292182006, 56.716862969645405 ], [ -2.447743823571917, 56.716870059277106 ], [ -2.447732504998789, 56.716877095037077 ], [ -2.447721498291037, 56.716884080554216 ], [ -2.447710965277194, 56.716891019457442 ], [ -2.447701067785903, 56.716897915375718 ], [ -2.447691967645915, 56.716904771938069 ], [ -2.447683826686092, 56.716911592773542 ], [ -2.4476768067354, 56.716918381511242 ], [ -2.447671069622917, 56.71692514178018 ], [ -2.447666777177823, 56.716931877209518 ], [ -2.44766409122941, 56.716938591428274 ], [ -2.447663173607072, 56.716945288065453 ], [ -2.447664186140317, 56.716951970750017 ], [ -2.447667290658757, 56.716958643110814 ], [ -2.447672636085791, 56.716965309071846 ], [ -2.447680140682285, 56.71697197783363 ], [ -2.447689523740447, 56.716978663148275 ], [ -2.447700498028226, 56.716985378917101 ], [ -2.447712776313396, 56.716992139041494 ], [ -2.447726071363552, 56.716998957422867 ], [ -2.447740095946114, 56.717005847962731 ], [ -2.447754562828321, 56.71701282456273 ], [ -2.447769184777234, 56.717019901124623 ], [ -2.447783674559722, 56.717027091550271 ], [ -2.447797744942463, 56.717034409741707 ], [ -2.447811108691926, 56.717041869601083 ], [ -2.447823478574362, 56.717049485030628 ], [ -2.447834567355792, 56.717057269932717 ], [ -2.447844090095824, 56.71706523802527 ], [ -2.447851929279644, 56.717073389562856 ], [ -2.447858245660536, 56.717081702423236 ], [ -2.447863226264065, 56.717090152371398 ], [ -2.447867058115911, 56.717098715172256 ], [ -2.447869928241892, 56.717107366590696 ], [ -2.447872023667967, 56.717116082391513 ], [ -2.447873531420256, 56.717124838339522 ], [ -2.447874638525041, 56.717133610199497 ], [ -2.447875532008769, 56.717142373736195 ], [ -2.447876396782921, 56.717151105050036 ], [ -2.447877332956002, 56.717159793698869 ], [ -2.447878328959794, 56.717168446962589 ], [ -2.447879365608192, 56.717177073329943 ], [ -2.447880423715081, 56.71718568128972 ], [ -2.447881484094324, 56.717194279330677 ], [ -2.447882527559773, 56.717202875941595 ], [ -2.447883534925258, 56.717211479611215 ], [ -2.447884487004594, 56.717220098828335 ], [ -2.447885364611581, 56.717228742081716 ], [ -2.447886148560002, 56.717237417860126 ], [ -2.447886819663625, 56.717246134652342 ], [ -2.447887358736195, 56.717254900947118 ], [ -2.447887746591442, 56.717263725233259 ], [ -2.447887964043078, 56.717272615999505 ], [ -2.447887991904796, 56.717281581734632 ], [ -2.447887810990264, 56.717290630927394 ], [ -2.447887402113138, 56.717299772066589 ], [ -2.447886746087044, 56.717309013640971 ], [ -2.447885823725587, 56.717318364139281 ], [ -2.447884615842349, 56.717327832050302 ], [ -2.447883118196871, 56.717337420138506 ], [ -2.447881385909713, 56.717347108433174 ], [ -2.44787948883679, 56.717356871319986 ], [ -2.447877496834082, 56.717366683184679 ], [ -2.447875479757651, 56.717376518412934 ], [ -2.447873507463638, 56.717386351390481 ], [ -2.447871649808253, 56.717396156503042 ], [ -2.44786997664779, 56.717405908136328 ], [ -2.447868557838617, 56.717415580676054 ], [ -2.447867463237169, 56.717425148507971 ], [ -2.447866762699954, 56.717434586017816 ], [ -2.447866566223653, 56.717442293045778 ], [ -2.447866476878465, 56.717439720111912 ], [ -2.447866631305104, 56.717430397711617 ], [ -2.447867184612909, 56.717420932716124 ], [ -2.44786806338851, 56.717411351073167 ], [ -2.447869194218592, 56.717401678730475 ], [ -2.447870503689925, 56.717391941635761 ], [ -2.447871918389344, 56.71738216573673 ], [ -2.447873364903776, 56.717372376981118 ], [ -2.447874769820211, 56.717362601316673 ], [ -2.447876059725732, 56.71735286469108 ], [ -2.447877161207494, 56.717343193052123 ], [ -2.447878000852725, 56.71733361234751 ], [ -2.447878506800662, 56.717324147991611 ], [ -2.447878652846539, 56.717314809707119 ], [ -2.447878464774995, 56.717305589348349 ], [ -2.447877971195958, 56.717296477798548 ], [ -2.447877200719326, 56.717287465940977 ], [ -2.447876181954967, 56.717278544658861 ], [ -2.44787494351272, 56.717269704835466 ], [ -2.447873514002393, 56.717260937354013 ], [ -2.447871922033769, 56.717252233097781 ], [ -2.447870196216603, 56.71724358294999 ], [ -2.447868365160624, 56.717234977793922 ], [ -2.447866457475541, 56.717226408512779 ], [ -2.44786450177103, 56.717217865989838 ], [ -2.44786252665675, 56.717209341108351 ], [ -2.447860560742335, 56.717200824751558 ], [ -2.447858632637393, 56.717192307802733 ], [ -2.447856770951511, 56.717183781145117 ], [ -2.447855004294249, 56.717175235661969 ], [ -2.447853361275146, 56.717166662236551 ], [ -2.447851870503711, 56.717158051752129 ], [ -2.447850560589438, 56.717149395091944 ], [ -2.447849443614997, 56.717140685792884 ], [ -2.447848393085772, 56.71713193964225 ], [ -2.447847213327364, 56.717123183535165 ], [ -2.447845708155567, 56.717114444448612 ], [ -2.447843681386353, 56.71710574935954 ], [ -2.447840936835865, 56.717097125244933 ], [ -2.447837278320406, 56.717088599081706 ], [ -2.447832509656434, 56.717080197846748 ], [ -2.447826434660551, 56.717071948516903 ], [ -2.447818857149475, 56.717063878068942 ], [ -2.447809630262355, 56.717056008810111 ], [ -2.447798907980097, 56.717048334566812 ], [ -2.447786957696006, 56.717040838428588 ], [ -2.447774047011146, 56.717033503465359 ], [ -2.447760443526364, 56.717026312747123 ], [ -2.447746414842315, 56.717019249343977 ], [ -2.447732228559469, 56.717012296326139 ], [ -2.447718152278121, 56.717005436763941 ], [ -2.4477044535984, 56.716998653727828 ], [ -2.447691400120273, 56.716991930288366 ], [ -2.447679259443545, 56.716985249516213 ], [ -2.447668299167868, 56.716978594482129 ], [ -2.447658786892725, 56.716971948256941 ], [ -2.447650990217439, 56.716965293911485 ], [ -2.447645171632558, 56.71695861470478 ], [ -2.447641416264291, 56.716951900428164 ], [ -2.447639590418311, 56.716945148932155 ], [ -2.447639546885676, 56.716938358564903 ], [ -2.447641138457532, 56.716931527674461 ], [ -2.447644217925128, 56.716924654608839 ], [ -2.447648638079799, 56.716917737716045 ], [ -2.447654251712985, 56.716910775344004 ], [ -2.447660911616221, 56.71690376584062 ], [ -2.447668470581137, 56.716896707553872 ], [ -2.44767678139947, 56.716889598831699 ], [ -2.447685696863056, 56.716882438022054 ], [ -2.447695069763836, 56.716875223472982 ], [ -2.447704752893852, 56.716867953532528 ], [ -2.447714599045264, 56.716860626548758 ], [ -2.447724461010333, 56.71685324086981 ], [ -2.447734191581435, 56.716845794843898 ], [ -2.447743643551062, 56.71683828681924 ], [ -2.44775266971182, 56.71683071514412 ], [ -2.447761122856436, 56.716823078166833 ], [ -2.447768855777758, 56.716815374235743 ], [ -2.447775721268764, 56.71680760169923 ], [ -2.447781575966669, 56.716799758975583 ], [ -2.447786371422236, 56.716791846208906 ], [ -2.44779015785689, 56.716783865337412 ], [ -2.447792990087942, 56.716775818382864 ], [ -2.447794922932669, 56.716767707366962 ], [ -2.447796011208314, 56.71675953431145 ], [ -2.447796309732075, 56.716751301237949 ], [ -2.447795873321118, 56.716743010168166 ], [ -2.447794756792559, 56.716734663123724 ], [ -2.447793014963481, 56.716726262126279 ], [ -2.447790702650917, 56.716717809197455 ], [ -2.447787874671862, 56.716709306358879 ], [ -2.447784585843257, 56.716700755632161 ], [ -2.447780890982007, 56.716692159038985 ], [ -2.447776844904962, 56.716683518600874 ], [ -2.447772502428927, 56.716674836339564 ], [ -2.447767918370659, 56.71666611427662 ], [ -2.447763147546862, 56.716657354433721 ], [ -2.447758244816161, 56.71664855887343 ], [ -2.447753268752254, 56.7166397332822 ], [ -2.447748284507332, 56.716630889763493 ], [ -2.447743357907478, 56.716622041078111 ], [ -2.447738554778696, 56.716613199986945 ], [ -2.447733940946935, 56.716604379250811 ], [ -2.447729582238065, 56.716595591630579 ], [ -2.447725544477899, 56.716586849887157 ], [ -2.447721893492182, 56.716578166781389 ], [ -2.447718695106599, 56.716569555074166 ], [ -2.447716015146773, 56.716561027526375 ], [ -2.447713919438276, 56.716552596898907 ], [ -2.447712473806622, 56.716544275952657 ], [ -2.447711744077279, 56.716536077448453 ], [ -2.447711796075665, 56.716528014147187 ], [ -2.447712695627167, 56.71652009880971 ], [ -2.447714508542091, 56.716512344205796 ], [ -2.447717300650492, 56.716504763093461 ], [ -2.447721137788569, 56.716497368226975 ], [ -2.447726085781631, 56.71649017236706 ], [ -2.447732210454981, 56.71648318827441 ], [ -2.447739577633894, 56.716476428709633 ], [ -2.447748214486399, 56.716469898157591 ], [ -2.447757997667513, 56.716463568881075 ], [ -2.447768767205805, 56.716457405301888 ], [ -2.447780363129949, 56.716451371841842 ], [ -2.447792625468692, 56.716445432922804 ], [ -2.447805394250848, 56.716439552966705 ], [ -2.447818509505293, 56.716433696395512 ], [ -2.447831811260954, 56.716427827631236 ], [ -2.447845139546808, 56.716421911096006 ], [ -2.447858334411744, 56.716415911216693 ], [ -2.447871270579066, 56.716409800613704 ], [ -2.44788392871533, 56.716403576941815 ], [ -2.447896309650209, 56.716397242620289 ], [ -2.447908414213376, 56.716390800068432 ], [ -2.447920243234524, 56.716384251705456 ], [ -2.447931797543342, 56.716377599950668 ], [ -2.44794307796953, 56.716370847223324 ], [ -2.447954085342797, 56.716363995942693 ], [ -2.447964820492855, 56.716357048528018 ], [ -2.447975284249424, 56.716350007398589 ], [ -2.44798547744223, 56.716342874973627 ], [ -2.447995400901003, 56.716335653672424 ], [ -2.448005055455484, 56.716328345914185 ], [ -2.448014441935416, 56.716320954118217 ], [ -2.448023561170545, 56.716313480703739 ], [ -2.448032413990627, 56.71630592808998 ], [ -2.448041001225421, 56.716298298696216 ], [ -2.448049323704688, 56.71629059494169 ], [ -2.448057382258198, 56.71628281924562 ], [ -2.448065177715725, 56.716274974027257 ], [ -2.448072710907043, 56.71626706170585 ], [ -2.448079982661933, 56.716259084700617 ], [ -2.448086993810183, 56.716251045430809 ], [ -2.448093745181583, 56.716242946315624 ], [ -2.448100237605919, 56.71623478977434 ], [ -2.44810647191299, 56.716226578226163 ], [ -2.448112448932594, 56.716218314090305 ], [ -2.448118169494532, 56.716209999785995 ], [ -2.44812363442861, 56.716201637732475 ], [ -2.448128844564635, 56.716193230348942 ], [ -2.448133800732415, 56.716184780054647 ], [ -2.448138503761764, 56.716176289268795 ], [ -2.448142954482492, 56.716167760410585 ], [ -2.448147153724419, 56.716159195899252 ], [ -2.44815110231736, 56.716150598154002 ], [ -2.448154801091134, 56.716141969594027 ], [ -2.448158250875563, 56.716133312638583 ], [ -2.448161452500471, 56.71612462970684 ], [ -2.448164406795676, 56.716115923217991 ], [ -2.448167114591005, 56.716107195591306 ], [ -2.448169576716283, 56.716098449245926 ], [ -2.448171794001334, 56.716089686601073 ], [ -2.448173767275985, 56.716080910075966 ], [ -2.448175497377006, 56.716072122089194 ], [ -2.448176990521325, 56.716063324605237 ], [ -2.448178267921446, 56.716054518322778 ], [ -2.448179353381887, 56.716045703721726 ], [ -2.448180270707148, 56.716036881281958 ], [ -2.44818104370171, 56.716028051483391 ], [ -2.448181696170025, 56.716019214805897 ], [ -2.448182251916525, 56.716010371729368 ], [ -2.448182734745617, 56.716001522733684 ], [ -2.448183168461699, 56.715992668298753 ], [ -2.448183576869126, 56.715983808904454 ], [ -2.448183983772249, 56.715974945030659 ], [ -2.448184412975387, 56.71596607715729 ], [ -2.448184888282835, 56.715957205764205 ], [ -2.448185433498875, 56.715948331331298 ], [ -2.448186072427753, 56.715939454338468 ], [ -2.448186828873705, 56.715930575265581 ], [ -2.448187726640942, 56.715921694592545 ], [ -2.448188789533645, 56.715912812799218 ], [ -2.448190041355981, 56.715903930365499 ], [ -2.448191505912088, 56.715895047771276 ], [ -2.448193207006087, 56.715886165496414 ], [ -2.448195168442074, 56.715877284020785 ], [ -2.448197414024121, 56.715868403824267 ], [ -2.448199967556282, 56.715859525386747 ], [ -2.448202852842585, 56.715850649188056 ], [ -2.448206093687038, 56.7158417757081 ], [ -2.448209713893623, 56.715832905426701 ], [ -2.448213737266306, 56.715824038823712 ], [ -2.448218187609029, 56.715815176378982 ], [ -2.448223088725703, 56.715806318572362 ], [ -2.448228464420234, 56.715797465883668 ], [ -2.448234338496489, 56.715788618792686 ], [ -2.448240734758329, 56.715779777779268 ], [ -2.448247677009578, 56.715770943323193 ], [ -2.448255178840075, 56.71576211669953 ], [ -2.448263187741437, 56.715753304330001 ], [ -2.448271624892622, 56.715744514685106 ], [ -2.448280411405056, 56.715735756240647 ], [ -2.448289468390238, 56.715727037472455 ], [ -2.448298716959762, 56.715718366856329 ], [ -2.448308078225297, 56.71570975286815 ], [ -2.448317473298597, 56.715701203983805 ], [ -2.448326823291497, 56.715692728679166 ], [ -2.448336049315913, 56.715684335430197 ], [ -2.448345072483834, 56.715676032712828 ], [ -2.448353813907327, 56.715667829003038 ], [ -2.448362194698533, 56.715659732776807 ], [ -2.448370135969662, 56.715651752510162 ], [ -2.448377558832991, 56.715643896679133 ], [ -2.448384384400856, 56.715636173759741 ], [ -2.44839053378566, 56.715628592228036 ], [ -2.448395928099855, 56.715621160560076 ], [ -2.448400488455943, 56.715613887231925 ], [ -2.448404135966475, 56.715606780719639 ], [ -2.448406791744036, 56.715599849499242 ], [ -2.448408376901253, 56.715593102046768 ], [ -2.44840881255077, 56.715586546838189 ], [ -2.448408019805262, 56.715580192349556 ], [ -2.448405919777414, 56.715574047056712 ], [ -2.44840243357992, 56.71556811943563 ], [ -2.448397490636673, 56.715562416611881 ], [ -2.448391119144695, 56.715556929664764 ], [ -2.448383412064159, 56.715551639152302 ], [ -2.448374463482183, 56.715546525449426 ], [ -2.448364367485811, 56.715541568931023 ], [ -2.448353218162032, 56.715536749972038 ], [ -2.448341109597783, 56.715532048947352 ], [ -2.448328135879957, 56.715527446231896 ], [ -2.448314391095423, 56.715522922200641 ], [ -2.448299969331009, 56.715518457228548 ], [ -2.448284964673531, 56.715514031690596 ], [ -2.448269471209783, 56.715509625961857 ], [ -2.448253583026547, 56.715505220417377 ], [ -2.448237394210597, 56.715500795432312 ], [ -2.448235819845282, 56.715500366771799 ] ] ], [ [ [ -2.44806675213608, 56.715445389284582 ], [ -2.448066384074438, 56.715445224897991 ], [ -2.44805388785472, 56.715439044842867 ], [ -2.448042155605855, 56.71543262696806 ], [ -2.448031150570367, 56.71542598197432 ], [ -2.448020835990766, 56.71541912056238 ], [ -2.448011175109559, 56.715412053432907 ], [ -2.448002131169236, 56.715404791286623 ], [ -2.447993667412295, 56.715397344824147 ], [ -2.44798574708123, 56.715389724746125 ], [ -2.447978333418542, 56.715381941753179 ], [ -2.447971389666741, 56.7153740065459 ], [ -2.447964879068344, 56.715365929824898 ], [ -2.447958764865889, 56.715357722290747 ], [ -2.44795301029879, 56.715349394645123 ], [ -2.447947565300765, 56.715340962261642 ], [ -2.447942336075628, 56.71533245586879 ], [ -2.447937219856911, 56.715323909344683 ], [ -2.447932113878212, 56.715315356567437 ], [ -2.4479269153732, 56.715306831415191 ], [ -2.447921521575626, 56.715298367766017 ], [ -2.447915829719307, 56.715289999498033 ], [ -2.447909737038128, 56.715281760489269 ], [ -2.447903140766037, 56.715273684617756 ], [ -2.447895938137031, 56.71526580576149 ], [ -2.447888026439744, 56.715258157783055 ], [ -2.447879361111159, 56.715250758108297 ], [ -2.447870066181866, 56.715243576507291 ], [ -2.447860296063154, 56.715236574162432 ], [ -2.447850205166222, 56.715229712256146 ], [ -2.447839947902185, 56.715222951970972 ], [ -2.447829678682089, 56.715216254489448 ], [ -2.447819551916909, 56.715209580994156 ], [ -2.447809722017558, 56.715202892667762 ], [ -2.447800343394871, 56.715196150692968 ], [ -2.447791570459619, 56.715189316252484 ], [ -2.447783557622481, 56.715182350529133 ], [ -2.447776459294048, 56.715175214705667 ], [ -2.447770429884797, 56.715167869964951 ], [ -2.447765608265823, 56.715160280262914 ], [ -2.447761920679525, 56.715152447501112 ], [ -2.447759139295346, 56.715144401076905 ], [ -2.447757032836984, 56.715136171002548 ], [ -2.447755370028316, 56.715127787290228 ], [ -2.447753919593401, 56.715119279952191 ], [ -2.447752450256497, 56.715110679000574 ], [ -2.44775073074207, 56.715102014447552 ], [ -2.44774852977479, 56.715093316305335 ], [ -2.447745616079544, 56.715084614586011 ], [ -2.447741759664544, 56.715075939175804 ], [ -2.447736850230618, 56.715067308216391 ], [ -2.44773099291089, 56.715058718710736 ], [ -2.447724315368395, 56.715050165451075 ], [ -2.447716945266045, 56.715041643229725 ], [ -2.447709010266635, 56.715033146838962 ], [ -2.447700638032851, 56.715024671071092 ], [ -2.447691956227262, 56.715016210718467 ], [ -2.447683092512329, 56.715007760573464 ], [ -2.447674174550404, 56.714999315428507 ], [ -2.447665330003725, 56.714990870076029 ], [ -2.447656686534427, 56.714982419308527 ], [ -2.447648371804529, 56.714973957918509 ], [ -2.447640513475943, 56.714965480698552 ], [ -2.447633239210464, 56.714956982441208 ], [ -2.447626676669784, 56.714948457939101 ], [ -2.447620953515472, 56.714939901984835 ], [ -2.447616197408981, 56.714931309371053 ], [ -2.44761253601165, 56.714922674890367 ], [ -2.447610096984691, 56.714913993335422 ], [ -2.44760900798919, 56.714905259498778 ], [ -2.447609389203517, 56.714896468810807 ], [ -2.447611225171773, 56.714887628262986 ], [ -2.447614382417682, 56.714878754906508 ], [ -2.447618723526625, 56.714869866128289 ], [ -2.447624111084123, 56.714860979315219 ], [ -2.447630407675834, 56.714852111854142 ], [ -2.447637475887563, 56.714843281131955 ], [ -2.447645178305253, 56.714834504535588 ], [ -2.447653377515003, 56.714825799451916 ], [ -2.447661936103055, 56.714817183267883 ], [ -2.447670716655798, 56.714808673370506 ], [ -2.447679581759774, 56.714800287146772 ], [ -2.447688394001653, 56.714792041983756 ], [ -2.447697015968251, 56.714783955268516 ], [ -2.447705310246515, 56.714776044388223 ], [ -2.447713139423511, 56.714768326730038 ], [ -2.447720366086421, 56.714760819681132 ], [ -2.447726852822534, 56.714753540628742 ], [ -2.447732462219233, 56.714746506960111 ], [ -2.447737056863978, 56.714739736062462 ], [ -2.447740499344297, 56.714733245323067 ], [ -2.447742652247779, 56.714727052129113 ], [ -2.447743378162038, 56.714721173867844 ], [ -2.447742539674714, 56.714715627926395 ], [ -2.447739999456908, 56.71471043167174 ], [ -2.447735686123044, 56.714705586578773 ], [ -2.447729712565549, 56.714701049712183 ], [ -2.447722223618129, 56.71469677043887 ], [ -2.447713364114396, 56.714692698125738 ], [ -2.447703278887894, 56.714688782139689 ], [ -2.447692112772134, 56.714684971847589 ], [ -2.447680010600594, 56.71468121661637 ], [ -2.447667117206756, 56.714677465812976 ], [ -2.44765357742411, 56.714673668804416 ], [ -2.44763953608616, 56.714669774957692 ], [ -2.447625138026441, 56.714665733639947 ], [ -2.447610528078502, 56.714661494218312 ], [ -2.447595851075917, 56.714657006060015 ], [ -2.447581251852282, 56.714652218532379 ], [ -2.447566875241179, 56.714647081002745 ], [ -2.447552866076199, 56.714641542838542 ], [ -2.447539368567081, 56.714635553931792 ], [ -2.447526486598111, 56.714629098080721 ], [ -2.447514259824059, 56.714622213088667 ], [ -2.447502722167794, 56.714614941578304 ], [ -2.447491907552073, 56.714607326172334 ], [ -2.447491892446952, 56.714607314282652 ], [ -2.447500983099338, 56.714611499775579 ], [ -2.447514712230347, 56.71461700095125 ], [ -2.447529291210622, 56.714622156464372 ], [ -2.447544600268018, 56.714626994175269 ], [ -2.447560519630327, 56.71463154194425 ], [ -2.44757692952531, 56.714635827631724 ], [ -2.447593710180687, 56.714639879098144 ], [ -2.447610741824168, 56.714643724203995 ], [ -2.447627904683451, 56.714647390809873 ], [ -2.447645078986237, 56.714650906776406 ], [ -2.44766214496023, 56.714654299964288 ], [ -2.44767898283314, 56.714657598234311 ], [ -2.447695472832694, 56.714660829447261 ], [ -2.447711495186628, 56.714664021464074 ], [ -2.447726930122687, 56.714667202145684 ], [ -2.447741657868627, 56.714670399353103 ], [ -2.447755558652201, 56.714673640947346 ], [ -2.447768512701161, 56.714676954789532 ], [ -2.447780400243248, 56.714680368740758 ], [ -2.447791101506175, 56.714683910662167 ], [ -2.447800496717625, 56.714687608414906 ], [ -2.447808466105227, 56.714691489860101 ], [ -2.447814889896546, 56.714695582858916 ], [ -2.447819648319073, 56.714699915272405 ], [ -2.447822621600189, 56.714704514961639 ], [ -2.447823714625635, 56.714709405917908 ], [ -2.447823000164493, 56.714714585786233 ], [ -2.447820620958933, 56.714720041230564 ], [ -2.447816719982742, 56.714725758878394 ], [ -2.447811440209723, 56.714731725357268 ], [ -2.447804924613726, 56.714737927294607 ], [ -2.447797316168652, 56.714744351317911 ], [ -2.44778875784847, 56.714750984054618 ], [ -2.447779392627231, 56.714757812132213 ], [ -2.44776936347907, 56.714764822178203 ], [ -2.447758813378228, 56.714772000820126 ], [ -2.447747885299051, 56.714779334685552 ], [ -2.447736722216003, 56.714786810402096 ], [ -2.447725467103667, 56.714794414597442 ], [ -2.44771426293676, 56.714802133899319 ], [ -2.447703252690133, 56.71480995493549 ], [ -2.44769257933877, 56.714817864333774 ], [ -2.447682385857795, 56.714825848722036 ], [ -2.447672815222478, 56.714833894728216 ], [ -2.447664010408229, 56.714841988980233 ], [ -2.447656114390597, 56.714850118106064 ], [ -2.447649270145274, 56.714858268733721 ], [ -2.447643620648087, 56.714866427491195 ], [ -2.447639308875004, 56.714874581006455 ], [ -2.447636477802116, 56.714882715907528 ], [ -2.44763527040564, 56.714890818822298 ], [ -2.447635827486235, 56.714898876529638 ], [ -2.447638173876338, 56.714906883855406 ], [ -2.447642162570312, 56.714914847549217 ], [ -2.447647632668279, 56.714922775324801 ], [ -2.447654423270215, 56.714930674895825 ], [ -2.447662373475965, 56.714938553975976 ], [ -2.447671322385239, 56.714946420278913 ], [ -2.447681109097614, 56.714954281518338 ], [ -2.447691572712543, 56.714962145408002 ], [ -2.447702552329354, 56.714970019661642 ], [ -2.447713887047249, 56.714977911993088 ], [ -2.447725415965305, 56.71498583011622 ], [ -2.447736978182471, 56.71499378174493 ], [ -2.447748412797578, 56.715001774593283 ], [ -2.447759558909322, 56.71500981637525 ], [ -2.447770255616273, 56.715017914804989 ], [ -2.447780342016865, 56.715026077596619 ], [ -2.447789657209399, 56.715034312464383 ], [ -2.44779804029203, 56.715042627122486 ], [ -2.447805330362775, 56.715051029285206 ], [ -2.44781136651949, 56.715059526666813 ], [ -2.447815987859881, 56.715068126981571 ], [ -2.447819046494055, 56.715076836543993 ], [ -2.4478206437423, 56.715085634861211 ], [ -2.4478211051306, 56.715094477322751 ], [ -2.447820764179328, 56.715103318458148 ], [ -2.44781995440917, 56.71511211279693 ], [ -2.447819009341125, 56.715120814868627 ], [ -2.447818262496515, 56.715129379202772 ], [ -2.447818047396962, 56.715137760328936 ], [ -2.447818697564377, 56.715145912776642 ], [ -2.447820546520928, 56.715153791075409 ], [ -2.447823927789009, 56.715161349754702 ], [ -2.447829083045471, 56.715168558998037 ], [ -2.447835874207136, 56.715175453714807 ], [ -2.447844065052812, 56.715182085540931 ], [ -2.447853419360992, 56.715188506112327 ], [ -2.447863700910003, 56.715194767065 ], [ -2.447874673478053, 56.715200920034945 ], [ -2.447886100843239, 56.715207016658312 ], [ -2.447897746783558, 56.715213108571213 ], [ -2.447909375076917, 56.715219247409955 ], [ -2.447920749501137, 56.715225484810858 ], [ -2.447931633833941, 56.715231872410371 ], [ -2.447941791852942, 56.715238461845011 ], [ -2.44795098733562, 56.715245304751377 ], [ -2.44795898405931, 56.715252452766059 ], [ -2.447965572091099, 56.715259951763791 ], [ -2.447970797204316, 56.715267791576295 ], [ -2.447974849171345, 56.715275930475052 ], [ -2.447977919376776, 56.715284326378175 ], [ -2.447980199205301, 56.715292937203721 ], [ -2.447981880041754, 56.715301720869711 ], [ -2.447983153271116, 56.71531063529418 ], [ -2.447984210278531, 56.71531963839508 ], [ -2.447985242449321, 56.715328688090409 ], [ -2.447986441168982, 56.715337742298168 ], [ -2.447987997823192, 56.715346758936292 ], [ -2.447990094802818, 56.715355697187462 ], [ -2.447992820676124, 56.715364529425905 ], [ -2.447996208220154, 56.715373235870139 ], [ -2.448000289473596, 56.715381796842529 ], [ -2.448005096475142, 56.715390192665346 ], [ -2.448010661263482, 56.715398403660927 ], [ -2.448017015877309, 56.715406410151537 ], [ -2.448024192355294, 56.715414192459455 ], [ -2.4480322227361, 56.715421730906868 ], [ -2.448041139058363, 56.715429005816034 ], [ -2.44805097336069, 56.715435997509125 ], [ -2.448061757681648, 56.7154426863083 ], [ -2.44806675213608, 56.715445389284582 ] ] ], [ [ [ -2.447434992982246, 56.714537854533894 ], [ -2.447432455279334, 56.714530223303377 ], [ -2.447430422204297, 56.714521362959658 ], [ -2.447429296435085, 56.714512537373764 ], [ -2.447429067480694, 56.714503767959599 ], [ -2.447429724850132, 56.714495076131115 ], [ -2.447431258052435, 56.714486483302188 ], [ -2.447433656596658, 56.714478010886715 ], [ -2.447436909929144, 56.714469680284424 ], [ -2.447440963799079, 56.714461503056434 ], [ -2.447445643890449, 56.714453463730635 ], [ -2.447450755446583, 56.714445542232632 ], [ -2.447456103710987, 56.714437718488021 ], [ -2.447461493927309, 56.714429972422423 ], [ -2.44746673133936, 56.714422283961554 ], [ -2.447471621191088, 56.714414633031083 ], [ -2.447475968726597, 56.714406999556751 ], [ -2.447479579190133, 56.714399363464295 ], [ -2.447482257826092, 56.714391704679507 ], [ -2.447483809879029, 56.714384003128139 ], [ -2.447484042183486, 56.714376238827917 ], [ -2.447482904723524, 56.714368400080822 ], [ -2.447480602319372, 56.714360489936468 ], [ -2.447477366074942, 56.714352512965519 ], [ -2.447473427093954, 56.714344473738649 ], [ -2.447469016479935, 56.714336376826537 ], [ -2.447464365336223, 56.714328226799942 ], [ -2.447459704765955, 56.714320028229558 ], [ -2.447455265872057, 56.714311785686192 ], [ -2.447451279757257, 56.714303503740638 ], [ -2.447447977524071, 56.714295186963774 ], [ -2.447445578869363, 56.714286839730519 ], [ -2.447444139125666, 56.714278463593068 ], [ -2.447443590241975, 56.714270057984415 ], [ -2.44744386116992, 56.714261622286152 ], [ -2.447444880861176, 56.714253155879824 ], [ -2.447446578267491, 56.714244658146967 ], [ -2.447448882340666, 56.714236128469118 ], [ -2.447451722032568, 56.714227566227777 ], [ -2.447455026295122, 56.714218970804467 ], [ -2.447458724080318, 56.714210341580731 ], [ -2.447462744340204, 56.714201677938071 ], [ -2.447467016026899, 56.71419297925803 ], [ -2.44747146809258, 56.714184244922137 ], [ -2.447476029489489, 56.714175474311972 ], [ -2.447480629169935, 56.714166666809056 ], [ -2.447485196086294, 56.714157821794998 ], [ -2.447489659191004, 56.714148938651334 ], [ -2.44749394743658, 56.714140016759686 ], [ -2.447497989775592, 56.714131055501625 ], [ -2.447501715160689, 56.714122054258787 ], [ -2.447505068484789, 56.714113013607829 ], [ -2.44750806873441, 56.714103939680385 ], [ -2.447510756407995, 56.71409484022081 ], [ -2.447513172006277, 56.714085722973714 ], [ -2.447515356029951, 56.714076595683622 ], [ -2.447517348979678, 56.714067466095123 ], [ -2.447519191356077, 56.714058341952736 ], [ -2.44752092365973, 56.714049231001027 ], [ -2.447522586391183, 56.714040140984544 ], [ -2.447524220050947, 56.714031079647825 ], [ -2.447525865139484, 56.714022054735409 ], [ -2.447527562157232, 56.71401307399185 ], [ -2.44752935160458, 56.714004145161667 ], [ -2.447531273981889, 56.713995275989411 ], [ -2.447533369789483, 56.71398647421961 ], [ -2.447535679527647, 56.713977747596793 ], [ -2.447538243696636, 56.713969103865495 ], [ -2.44754110279667, 56.713960550770217 ], [ -2.447544297327947, 56.713952096055486 ], [ -2.447547867790626, 56.713943747465812 ], [ -2.44755185468484, 56.713935512745714 ], [ -2.447556298510706, 56.71392739963963 ], [ -2.447561239768305, 56.713919415892114 ], [ -2.44756671895771, 56.713911569247585 ], [ -2.447572776578967, 56.713903867450497 ], [ -2.44757945313211, 56.713896318245318 ], [ -2.447586789117159, 56.713888929376466 ], [ -2.447594825034126, 56.713881708588346 ], [ -2.447603601383017, 56.713874663625326 ], [ -2.447613155134815, 56.71386780167488 ], [ -2.447623451297433, 56.713861118568545 ], [ -2.447634387685752, 56.713854599534677 ], [ -2.447645859541108, 56.713848229395552 ], [ -2.447657762104912, 56.7138419929734 ], [ -2.44766999061863, 56.713835875090567 ], [ -2.447682440323784, 56.713829860569412 ], [ -2.44769500646195, 56.713823934232337 ], [ -2.447707584274752, 56.713818080901738 ], [ -2.447720069003855, 56.713812285400124 ], [ -2.44773235589098, 56.713806532550009 ], [ -2.447744340177876, 56.713800807173946 ], [ -2.447755917106346, 56.713795094094564 ], [ -2.447766981918233, 56.71378937813445 ], [ -2.44777742985543, 56.713783644116319 ], [ -2.447787156159873, 56.713777876862821 ], [ -2.447796056073554, 56.713772061196693 ], [ -2.447804024838518, 56.713766181940656 ], [ -2.447810957696875, 56.713760223917454 ], [ -2.447816749890797, 56.713754171949802 ], [ -2.447821296662533, 56.713748010860435 ], [ -2.447824493254414, 56.713741725472055 ], [ -2.447826234908861, 56.71373530060734 ], [ -2.447826416868392, 56.713728721088913 ], [ -2.447824934375633, 56.713721971739368 ], [ -2.447821682856043, 56.713715037396788 ], [ -2.447816640916145, 56.713707910005539 ], [ -2.447810001669692, 56.713700599835668 ], [ -2.447801992340559, 56.713693120071362 ], [ -2.447792840152471, 56.713685483896739 ], [ -2.447782772328982, 56.713677704496 ], [ -2.447772016093472, 56.713669795053399 ], [ -2.447760798669136, 56.713661768753219 ], [ -2.447749347278958, 56.713653638779874 ], [ -2.447737889145726, 56.713645418317803 ], [ -2.447726651492011, 56.713637120551532 ], [ -2.447715861540164, 56.71362875866572 ], [ -2.447705746512318, 56.713620345845051 ], [ -2.447696533630382, 56.713611895274312 ], [ -2.447688450116045, 56.713603420138305 ], [ -2.447681722842174, 56.71359493360584 ], [ -2.447676480769223, 56.713586444344038 ], [ -2.44767262123602, 56.71357795037067 ], [ -2.447670008093906, 56.713569448163774 ], [ -2.447668505194334, 56.713560934201304 ], [ -2.447667976388886, 56.713552404961248 ], [ -2.447668285529261, 56.713543856921476 ], [ -2.447669296467284, 56.713535286559924 ], [ -2.447670873054896, 56.713526690354449 ], [ -2.447672879144161, 56.713518064782967 ], [ -2.447675178611266, 56.713509406324413 ], [ -2.44767766329934, 56.713500712687626 ], [ -2.447680306976524, 56.713491985184184 ], [ -2.447683098334016, 56.713483225781957 ], [ -2.447686026063029, 56.713474436448813 ], [ -2.44768907885478, 56.713465619152615 ], [ -2.447692245400503, 56.713456775861204 ], [ -2.447695514391441, 56.713447908542477 ], [ -2.447698874518843, 56.713439019164277 ], [ -2.447702314473976, 56.71343010969445 ], [ -2.447705822948115, 56.713421182100923 ], [ -2.447709388632548, 56.713412238351502 ], [ -2.447713000218571, 56.713403280414084 ], [ -2.447716646397493, 56.713394310256518 ], [ -2.447720315860636, 56.713385329846716 ], [ -2.447723997299335, 56.713376341152511 ], [ -2.447727679404927, 56.713367346141801 ], [ -2.447731350868775, 56.713358346782442 ], [ -2.447735000382238, 56.713349345042317 ], [ -2.447738616636701, 56.71334034288931 ], [ -2.447742188323552, 56.713331342291291 ], [ -2.447745704134194, 56.713322345216149 ], [ -2.44774915276004, 56.713313353631769 ], [ -2.447752522892512, 56.713304369506019 ], [ -2.44775580322305, 56.713295394806778 ], [ -2.447758982443099, 56.713286431501963 ], [ -2.44776204924412, 56.71327748155943 ], [ -2.447764992317582, 56.713268546947063 ], [ -2.447767800354966, 56.713259629632773 ], [ -2.447770462047765, 56.713250731584417 ], [ -2.447772966087478, 56.713241854769933 ], [ -2.447775301841464, 56.713233001016114 ], [ -2.447777468861251, 56.713224170024716 ], [ -2.447779474574958, 56.713215359853798 ], [ -2.447781326615439, 56.713206568518714 ], [ -2.447783032615546, 56.713197794034798 ], [ -2.447784600208122, 56.713189034417418 ], [ -2.447786037025998, 56.713180287681922 ], [ -2.447787350702004, 56.713171551843644 ], [ -2.447788548868954, 56.713162824917951 ], [ -2.447789639159666, 56.713154104920164 ], [ -2.447790629206938, 56.713145389865645 ], [ -2.447791526643569, 56.713136677769725 ], [ -2.447792339102348, 56.713127966647768 ], [ -2.447793074216057, 56.713119254515114 ], [ -2.447793739617468, 56.713110539387081 ], [ -2.447794342939354, 56.713101819279046 ], [ -2.44779489181447, 56.713093092206321 ], [ -2.447795393875571, 56.713084356184282 ], [ -2.447795856755404, 56.713075609228248 ], [ -2.447796288086708, 56.713066849353574 ], [ -2.447796695502214, 56.713058074575585 ], [ -2.447797086634646, 56.713049282909658 ], [ -2.447797469116724, 56.713040472371084 ], [ -2.447797850581154, 56.713031640975252 ], [ -2.447798238660643, 56.71302278673749 ], [ -2.447798640987888, 56.713013907673123 ], [ -2.447799065195571, 56.713005001797512 ], [ -2.447799518916379, 56.712996067125992 ], [ -2.447800009782985, 56.712987101673903 ], [ -2.447800545428052, 56.712978103456585 ], [ -2.447801133484241, 56.712969070489386 ], [ -2.447801781584204, 56.712960000787653 ], [ -2.447802497360579, 56.712950892366713 ], [ -2.447803288446006, 56.712941743241906 ], [ -2.447804162473109, 56.71293255142858 ], [ -2.447805127074509, 56.712923314942081 ], [ -2.447806189882814, 56.712914031797723 ], [ -2.44780735853063, 56.712904700010881 ], [ -2.447808640650545, 56.712895317596868 ], [ -2.447810043875146, 56.712885882571022 ], [ -2.447811575837009, 56.712876392948694 ], [ -2.447813243108946, 56.712866847169735 ], [ -2.447815021509038, 56.712857255993711 ], [ -2.447816852073279, 56.712847644113367 ], [ -2.447818673968661, 56.712838036969998 ], [ -2.447820426362248, 56.712828460005021 ], [ -2.447822048421171, 56.712818938659808 ], [ -2.447823479312622, 56.712809498375734 ], [ -2.447824658203858, 56.712800164594192 ], [ -2.447825524262197, 56.712790962756571 ], [ -2.44782601665501, 56.712781918304245 ], [ -2.447826074549721, 56.712773056678614 ], [ -2.447825637113799, 56.71276440332106 ], [ -2.447824643514757, 56.712755983672942 ], [ -2.44782303292013, 56.712747823175626 ], [ -2.44782074449749, 56.712739947270478 ], [ -2.447817717414413, 56.712732381398837 ], [ -2.447813890838491, 56.712725151001997 ], [ -2.447809203937304, 56.712718281521298 ], [ -2.447803595878419, 56.712711798397976 ], [ -2.44779700582938, 56.712705727073299 ], [ -2.447743232760688, 56.712689436065773 ], [ -2.44782869529702, 56.712706641195709 ], [ -2.447835333905783, 56.712712214635602 ], [ -2.447840881126381, 56.7127182951739 ], [ -2.447845406690807, 56.712724850898923 ], [ -2.447848980331016, 56.712731849898979 ], [ -2.447851671778922, 56.712739260262332 ], [ -2.44785355076643, 56.712747050077233 ], [ -2.447854687025441, 56.712755187431881 ], [ -2.447855150287871, 56.712763640414515 ], [ -2.447855010285656, 56.712772377113275 ], [ -2.447854336750773, 56.712781365616394 ], [ -2.447853199415244, 56.712790574012033 ], [ -2.44785166801114, 56.712799970388339 ], [ -2.4478498122706, 56.71280952283351 ], [ -2.447847701925821, 56.712819199435728 ], [ -2.447845406709086, 56.712828968283155 ], [ -2.447842996352743, 56.712838797463974 ], [ -2.447840540589228, 56.712848655066381 ], [ -2.447838109151052, 56.712858509178531 ], [ -2.447835771770806, 56.712868327888664 ], [ -2.447833593995756, 56.712878081117807 ], [ -2.447831595465739, 56.71288775889056 ], [ -2.447829767457568, 56.712897363652068 ], [ -2.447828100828625, 56.712906898031122 ], [ -2.447826586436285, 56.712916364656564 ], [ -2.447825215137906, 56.712925766157205 ], [ -2.447823977790834, 56.71293510516184 ], [ -2.447822865252415, 56.712944384299291 ], [ -2.447821868379973, 56.71295360619839 ], [ -2.447820978030826, 56.712962773487916 ], [ -2.447820185062281, 56.712971888796687 ], [ -2.447819480331637, 56.712980954753519 ], [ -2.447818854696183, 56.71298997398722 ], [ -2.447818299013194, 56.7129989491266 ], [ -2.447817804139943, 56.713007882800454 ], [ -2.447817360933688, 56.713016777637598 ], [ -2.447816960251678, 56.713025636266856 ], [ -2.447816592951157, 56.713034461317015 ], [ -2.447816249889358, 56.713043255416892 ], [ -2.447815921923504, 56.713052021195288 ], [ -2.447815599910809, 56.713060761281021 ], [ -2.447815274708482, 56.713069478302891 ], [ -2.447814937173721, 56.713078174889702 ], [ -2.447814578163715, 56.713086853670269 ], [ -2.447814188535646, 56.713095517273395 ], [ -2.447813759146686, 56.713104168327888 ], [ -2.447813280854, 56.713112809462551 ], [ -2.447812744514739, 56.713121443306193 ], [ -2.44781214098606, 56.713130072487623 ], [ -2.447811461125093, 56.713138699635635 ], [ -2.447810695788974, 56.713147327379055 ], [ -2.447809835834822, 56.713155958346675 ], [ -2.44780887211975, 56.713164595167299 ], [ -2.447807795500863, 56.71317324046975 ], [ -2.447806596835259, 56.713181896882794 ], [ -2.447805266980021, 56.713190567035291 ], [ -2.447803796792226, 56.71319925355597 ], [ -2.447802177128945, 56.713207959073692 ], [ -2.447800398847237, 56.713216686217237 ], [ -2.44779845280415, 56.713225437615407 ], [ -2.447796329856725, 56.713234215896989 ], [ -2.447794021170197, 56.713243023624564 ], [ -2.44779152738014, 56.713251861325851 ], [ -2.447788860141729, 56.713260727160815 ], [ -2.447786031730426, 56.713269619156151 ], [ -2.447783054421708, 56.71327853533856 ], [ -2.447779940491062, 56.713287473734738 ], [ -2.447776702213987, 56.713296432371372 ], [ -2.447773351865997, 56.713305409275158 ], [ -2.447769901722614, 56.713314402472818 ], [ -2.447766364059374, 56.713323409991013 ], [ -2.447762751151826, 56.713332429856472 ], [ -2.447759075275529, 56.713341460095883 ], [ -2.447755348706056, 56.713350498735977 ], [ -2.447751583718993, 56.713359543803413 ], [ -2.447747792589938, 56.713368593324937 ], [ -2.447743987594502, 56.713377645327242 ], [ -2.447740181008306, 56.713386697837031 ], [ -2.447736385106988, 56.713395748881005 ], [ -2.447732612166194, 56.713404796485896 ], [ -2.447728874461588, 56.713413838678427 ], [ -2.44772518426884, 56.713422873485278 ], [ -2.447721553863638, 56.713431898933202 ], [ -2.447717995521682, 56.713440913048885 ], [ -2.447714521518679, 56.713449913859051 ], [ -2.447711144130358, 56.713458899390446 ], [ -2.447707875632446, 56.71346786766977 ], [ -2.447704728300699, 56.713476816723748 ], [ -2.447701714410872, 56.713485744579089 ], [ -2.447698846238736, 56.71349464926255 ], [ -2.447696136060077, 56.713503528800821 ], [ -2.447693596150688, 56.713512381220646 ], [ -2.447691253097237, 56.713521202959122 ], [ -2.447689214492839, 56.713529981455252 ], [ -2.447687616401549, 56.713538700985573 ], [ -2.44768659491882, 56.713547345823109 ], [ -2.447686286140224, 56.713555900240941 ], [ -2.44768682616146, 56.713564348512072 ], [ -2.447688351078318, 56.713572674909543 ], [ -2.447690996986703, 56.713580863706341 ], [ -2.447694899982603, 56.713588899175413 ], [ -2.447700196162089, 56.713596765589678 ], [ -2.447706995394493, 56.713604450137865 ], [ -2.447715196856446, 56.713611963433785 ], [ -2.447724598265245, 56.713619327371546 ], [ -2.447734996688018, 56.713626563917593 ], [ -2.447746189191738, 56.713633695038382 ], [ -2.447757972843238, 56.713640742700427 ], [ -2.447770144709214, 56.713647728870328 ], [ -2.447782501856236, 56.713654675514718 ], [ -2.447794841350751, 56.713661604600382 ], [ -2.447806960259086, 56.713668538094097 ], [ -2.447818655647446, 56.713675497962782 ], [ -2.447829724581915, 56.713682506173399 ], [ -2.447839964128443, 56.713689584692986 ], [ -2.447849171352851, 56.71369675548862 ], [ -2.447857143320805, 56.713704040527446 ], [ -2.447863677097818, 56.713711461776597 ], [ -2.447868576336419, 56.713719039179388 ], [ -2.447871774818636, 56.713726752698363 ], [ -2.44787332558409, 56.713734545655591 ], [ -2.447873286079998, 56.713742360018891 ], [ -2.447871713753622, 56.71375013775598 ], [ -2.447868666052278, 56.713757820834608 ], [ -2.44786420042337, 56.713765351222392 ], [ -2.447858374314399, 56.713772670886925 ], [ -2.447851245172993, 56.713779721795802 ], [ -2.447842870446922, 56.713786445916554 ], [ -2.447833313952791, 56.713792793918572 ], [ -2.447822686270761, 56.713798780366318 ], [ -2.44781111882179, 56.713804448299989 ], [ -2.447798743122696, 56.713809840890633 ], [ -2.447785690690357, 56.713815001309371 ], [ -2.447772093041692, 56.713819972727343 ], [ -2.447758081693646, 56.713824798315734 ], [ -2.447743788163181, 56.713829521245799 ], [ -2.447729343967264, 56.713834184688828 ], [ -2.447714880622869, 56.713838831816211 ], [ -2.447700529646962, 56.71384350579936 ], [ -2.447686422556515, 56.713848249809757 ], [ -2.447672690868499, 56.713853107018942 ], [ -2.447659466099902, 56.713858120598537 ], [ -2.447646879767727, 56.713863333720163 ], [ -2.447635063389014, 56.713868789555541 ], [ -2.447624148352549, 56.713874531236669 ], [ -2.447614218256747, 56.713880587102295 ], [ -2.447605237560054, 56.713886948611943 ], [ -2.447597152463829, 56.713893601573666 ], [ -2.447589909169445, 56.713900531795552 ], [ -2.44758345387829, 56.713907725085598 ], [ -2.447577732791753, 56.713915167251791 ], [ -2.447572692111215, 56.713922844102107 ], [ -2.447568278038057, 56.713930741444486 ], [ -2.447564436773636, 56.713938845086865 ], [ -2.44756111451929, 56.713947140837142 ], [ -2.447558257476333, 56.713955614503242 ], [ -2.44755581184605, 56.713964251893024 ], [ -2.447553723829685, 56.71397303881438 ], [ -2.447551939628454, 56.713981961075227 ], [ -2.447550405443524, 56.713991004483375 ], [ -2.44754906747602, 56.714000154846708 ], [ -2.447547871927024, 56.714009397973136 ], [ -2.447546764997562, 56.714018719670435 ], [ -2.447545692888619, 56.714028105746536 ], [ -2.447544601801117, 56.714037542009251 ], [ -2.447543437935938, 56.714047014266455 ], [ -2.447542147493901, 56.714056508325989 ], [ -2.447540676675779, 56.714066009995705 ], [ -2.447538971682288, 56.714075505083471 ], [ -2.447536978714095, 56.714084979397093 ], [ -2.447534643971814, 56.714094418744438 ], [ -2.447531913656013, 56.714103808933338 ], [ -2.447528733967208, 56.714113135771605 ], [ -2.447525051105877, 56.714122385067064 ], [ -2.447520822951033, 56.714131543894112 ], [ -2.447516105489441, 56.714140609967778 ], [ -2.447511003761107, 56.714149586323138 ], [ -2.447505623169891, 56.714158476034882 ], [ -2.447500069119747, 56.714167282177598 ], [ -2.447494447014734, 56.714176007825984 ], [ -2.447488862259001, 56.714184656054663 ], [ -2.447483420256803, 56.714193229938331 ], [ -2.447478226412477, 56.714201732551736 ], [ -2.447473386130463, 56.714210166969565 ], [ -2.447469004815281, 56.714218536266564 ], [ -2.447465187871544, 56.71422684351748 ], [ -2.447462040703948, 56.714235091797072 ], [ -2.447459668717277, 56.714243284180093 ], [ -2.447458177316402, 56.714251423741288 ], [ -2.44745767190627, 56.714259513555405 ], [ -2.447458257891918, 56.714267556697138 ], [ -2.44746004067846, 56.714275556241184 ], [ -2.447463125671096, 56.714283515262203 ], [ -2.447467617468765, 56.714291436814825 ], [ -2.447473494588604, 56.714299320832836 ], [ -2.447480473609632, 56.714307160766424 ], [ -2.447488238488189, 56.714314949258402 ], [ -2.447496473180338, 56.714322678951568 ], [ -2.447504861641872, 56.71433034248885 ], [ -2.447513087828319, 56.714337932513217 ], [ -2.447520835694944, 56.71434544166776 ], [ -2.447527789196761, 56.714352862595632 ], [ -2.447533632288535, 56.714360187940017 ], [ -2.447538048924802, 56.714367410344174 ], [ -2.447540723059869, 56.714374522451358 ], [ -2.447541383098483, 56.714381521328839 ], [ -2.447540097750626, 56.714388437913854 ], [ -2.447537092989908, 56.714395318795631 ], [ -2.447532595639299, 56.714402210647897 ], [ -2.447526832521908, 56.714409160144356 ], [ -2.44752003046098, 56.714416213958692 ], [ -2.447512416279875, 56.714423418764611 ], [ -2.447504216802079, 56.714430821235851 ], [ -2.447495658851192, 56.714438468046232 ], [ -2.447486969250938, 56.714446405869587 ], [ -2.447478374825187, 56.714454681379841 ], [ -2.447470102397967, 56.714463341250955 ], [ -2.447462378036496, 56.714472431208392 ], [ -2.447455383205151, 56.714481941085687 ], [ -2.447449230699241, 56.714491774667124 ], [ -2.447444027461334, 56.714501828402646 ], [ -2.447439880434195, 56.714511998742196 ], [ -2.447436896560782, 56.714522182135724 ], [ -2.447435182784208, 56.714532275033129 ], [ -2.447434992982246, 56.714537854533894 ] ] ], [ [ [ -2.448231497276814, 56.717585763957061 ], [ -2.448237821887813, 56.717586256539533 ], [ -2.448258205467171, 56.717587813593852 ], [ -2.448278502249086, 56.71758935751339 ], [ -2.44829865176615, 56.717590907704199 ], [ -2.448318593550988, 56.717592483572425 ], [ -2.448338267136254, 56.717594104524274 ], [ -2.448357612054628, 56.717595789965905 ], [ -2.448376567838821, 56.717597559303606 ], [ -2.448395074021562, 56.717599431943626 ], [ -2.448413070135606, 56.717601427292273 ], [ -2.448430495713715, 56.717603564755905 ], [ -2.448447290288668, 56.717605863740879 ], [ -2.448463393393244, 56.717608343653559 ], [ -2.448478744560227, 56.717611023900389 ], [ -2.448493283322385, 56.717613923887797 ], [ -2.448506949212475, 56.717617063022203 ], [ -2.448519681763235, 56.717620460710066 ], [ -2.448531420507362, 56.717624136357806 ], [ -2.448542104977515, 56.717628109371908 ], [ -2.448551674706311, 56.717632399158802 ], [ -2.448560069226291, 56.717637025124944 ], [ -2.448567228069935, 56.717642006676741 ], [ -2.448573090769635, 56.717647363220564 ], [ -2.448577596857686, 56.717653114162815 ], [ -2.448580685866274, 56.717659278909807 ], [ -2.448582317445677, 56.717665870768258 ], [ -2.448582573712542, 56.71767286591453 ], [ -2.448581582865926, 56.717680226553334 ], [ -2.448579473188388, 56.717687914864072 ], [ -2.448576372962537, 56.717695893026068 ], [ -2.448572410471054, 56.717704123218667 ], [ -2.448567713996703, 56.717712567621213 ], [ -2.448562411822356, 56.717721188413051 ], [ -2.448556632231001, 56.717729947773527 ], [ -2.448550503505759, 56.717738807882014 ], [ -2.448544153929879, 56.717747730917907 ], [ -2.448537711786762, 56.717756679060642 ], [ -2.448531302784414, 56.717765615230768 ], [ -2.448524989793482, 56.717774520430851 ], [ -2.44851877077939, 56.717783394340429 ], [ -2.448512640718338, 56.717792237499154 ], [ -2.448506594586525, 56.717801050446759 ], [ -2.448500627360142, 56.717809833722875 ], [ -2.448494734015375, 56.717818587867214 ], [ -2.448488909528407, 56.717827313419448 ], [ -2.448483148875412, 56.717836010919285 ], [ -2.448477447032563, 56.717844680906367 ], [ -2.448471798976023, 56.717853323920409 ], [ -2.448466199681955, 56.717861940501052 ], [ -2.448460644126511, 56.717870531188005 ], [ -2.448455127285846, 56.717879096520917 ], [ -2.448449644136101, 56.717887637039503 ], [ -2.448444189653419, 56.717896153283398 ], [ -2.448438758813934, 56.717904645792302 ], [ -2.448433346593776, 56.71791311510588 ], [ -2.448427947969075, 56.717921561763781 ], [ -2.448422557915948, 56.717929986305698 ], [ -2.448417171410509, 56.717938389271318 ], [ -2.448411783428874, 56.717946771200261 ], [ -2.448406388947149, 56.717955132632234 ], [ -2.448400982941435, 56.717963474106895 ], [ -2.448395560387827, 56.717971796163908 ], [ -2.448390116262424, 56.717980099342938 ], [ -2.448384645541306, 56.717988384183634 ], [ -2.44837914320056, 56.717996651225697 ], [ -2.448373604216268, 56.718004901008761 ], [ -2.448368023564499, 56.7180131340725 ], [ -2.448362396221325, 56.718021350956548 ], [ -2.448356717162811, 56.718029552200598 ], [ -2.448350981365016, 56.718037738344286 ], [ -2.448345183803999, 56.718045909927277 ], [ -2.448339319455809, 56.718054067489241 ], [ -2.448333383296497, 56.718062211569809 ], [ -2.4483273703021, 56.718070342708636 ], [ -2.44832127544866, 56.718078461445415 ], [ -2.448315094277397, 56.718086568336155 ], [ -2.448308828222241, 56.718094664108122 ], [ -2.448302482220043, 56.71810274959023 ], [ -2.448296061253969, 56.718110825612783 ], [ -2.448289570307193, 56.7181188930061 ], [ -2.44828301436289, 56.718126952600464 ], [ -2.448276398404235, 56.718135005226159 ], [ -2.448269727414413, 56.718143051713511 ], [ -2.448263006376614, 56.718151092892832 ], [ -2.448256240274023, 56.718159129594397 ], [ -2.448249434089838, 56.718167162648513 ], [ -2.448242592807253, 56.718175192885511 ], [ -2.448235721409472, 56.718183221135661 ], [ -2.448228824879699, 56.71819124822931 ], [ -2.448221908201138, 56.718199274996728 ], [ -2.448214976357006, 56.718207302268262 ], [ -2.448208034330519, 56.718215330874202 ], [ -2.448201087104892, 56.718223361644853 ], [ -2.44819413966335, 56.718231395410555 ], [ -2.44818719698912, 56.7182394330016 ], [ -2.448180264065431, 56.718247475248297 ], [ -2.448173345875517, 56.718255522980982 ], [ -2.448166447402614, 56.718263577029965 ], [ -2.448159573629964, 56.718271638225573 ], [ -2.448152729540813, 56.718279707398111 ], [ -2.448145920118407, 56.71828778537791 ], [ -2.448139150345999, 56.718295872995284 ], [ -2.448132425206842, 56.718303971080566 ], [ -2.448125749684197, 56.718312080464059 ], [ -2.448119128761331, 56.718320201976134 ], [ -2.448112567421504, 56.718328336447073 ], [ -2.448106070647989, 56.71833648470723 ], [ -2.448099643424063, 56.71834464758691 ], [ -2.448093290733001, 56.718352825916455 ], [ -2.448087017558086, 56.718361020526203 ], [ -2.448080828882607, 56.718369232246467 ], [ -2.448074729689852, 56.718377461907593 ], [ -2.448068724963116, 56.718385710339916 ], [ -2.448062819685696, 56.718393978373754 ], [ -2.448057018840891, 56.718402266839469 ], [ -2.448051327412016, 56.718410576567358 ], [ -2.448045750382376, 56.718418908387783 ], [ -2.448040292735286, 56.718427263131069 ], [ -2.448034959454067, 56.718435641627558 ], [ -2.448029755522045, 56.718444044707596 ], [ -2.448024685922543, 56.718452473201488 ], [ -2.448019754056408, 56.718460927656956 ], [ -2.448014953533242, 56.718469406872799 ], [ -2.448010274222356, 56.71847790897975 ], [ -2.448005705985571, 56.718486432107213 ], [ -2.448001238684695, 56.718494974384591 ], [ -2.447996862181534, 56.718503533941281 ], [ -2.447992566337882, 56.71851210890668 ], [ -2.447988341015531, 56.71852069741017 ], [ -2.447984176076259, 56.718529297581178 ], [ -2.447980061381835, 56.718537907549056 ], [ -2.447975986794032, 56.718546525443223 ], [ -2.447971942174597, 56.718555149393048 ], [ -2.447967917385277, 56.718563777527926 ], [ -2.447963902287813, 56.718572407977241 ], [ -2.447959886743934, 56.71858103887039 ], [ -2.447955860615366, 56.71858966833674 ], [ -2.447951813763812, 56.718598294505668 ], [ -2.447947736050988, 56.718606915506584 ], [ -2.447943617338585, 56.718615529468828 ], [ -2.447939447488289, 56.718624134521818 ], [ -2.447935216361784, 56.718632728794894 ], [ -2.447930913820739, 56.718641310417453 ], [ -2.44792652972682, 56.71864987751885 ], [ -2.447922053941681, 56.718658428228494 ], [ -2.44791747632697, 56.718666960675719 ], [ -2.447912786744322, 56.718675472989879 ], [ -2.447907975055375, 56.718683963300393 ], [ -2.447903031121748, 56.718692429736571 ], [ -2.447897944805061, 56.718700870427817 ], [ -2.447892705966922, 56.718709283503472 ], [ -2.447887304770811, 56.718717667145334 ], [ -2.447881740408826, 56.71872602110399 ], [ -2.44787602243911, 56.718734346931114 ], [ -2.447870160990783, 56.718742646277633 ], [ -2.447864166192969, 56.718750920794434 ], [ -2.447858048174807, 56.718759172132451 ], [ -2.447851817065443, 56.718767401942557 ], [ -2.447845482994025, 56.718775611875678 ], [ -2.447839056089715, 56.718783803582753 ], [ -2.447832546481679, 56.718791978714663 ], [ -2.447825964299095, 56.718800138922347 ], [ -2.447819319671146, 56.718808285856696 ], [ -2.447812622727021, 56.718816421168668 ], [ -2.447805883595923, 56.718824546509168 ], [ -2.447799112407055, 56.71883266352912 ], [ -2.447792319289631, 56.718840773879442 ], [ -2.447785514372872, 56.718848879211095 ], [ -2.447778707786012, 56.718856981175001 ], [ -2.447771909658282, 56.718865081422067 ], [ -2.447765130118927, 56.718873181603264 ], [ -2.447758379297197, 56.71888128336952 ], [ -2.447751667322354, 56.718889388371757 ], [ -2.44774500432366, 56.718897498260965 ], [ -2.447738400430391, 56.718905614688033 ], [ -2.44773186577183, 56.718913739303957 ], [ -2.447725410477265, 56.718921873759655 ], [ -2.447719044675992, 56.718930019706086 ], [ -2.447712778497311, 56.718938178794225 ], [ -2.447706622070541, 56.71894635267499 ], [ -2.447700585524997, 56.718954542999391 ], [ -2.44769467899001, 56.718962751418339 ], [ -2.447688912594916, 56.718970979582821 ], [ -2.447683296469056, 56.718979229143777 ], [ -2.447677840741787, 56.718987501752189 ], [ -2.447672555542464, 56.718995799059037 ], [ -2.447667451000461, 56.719004122715248 ], [ -2.447662537245157, 56.719012474371816 ], [ -2.447657824405935, 56.719020855679695 ], [ -2.447653322612192, 56.719029268289866 ], [ -2.447649041993338, 56.719037713853304 ], [ -2.447644992048887, 56.719046193931398 ], [ -2.447641170859733, 56.719054708461996 ], [ -2.447637566570539, 56.719063255970191 ], [ -2.447634166994353, 56.719071834933885 ], [ -2.447630959944206, 56.719080443831004 ], [ -2.447627933233127, 56.71908908113943 ], [ -2.447625074674129, 56.719097745337109 ], [ -2.447622372080224, 56.719106434901946 ], [ -2.447619813264404, 56.719115148311808 ], [ -2.447617386039656, 56.719123884044649 ], [ -2.447615078218956, 56.719132640578351 ], [ -2.447612877615271, 56.719141416390812 ], [ -2.447610772041552, 56.719150209959935 ], [ -2.447608749310747, 56.719159019763623 ], [ -2.447606797235788, 56.719167844279788 ], [ -2.447604903629597, 56.719176681986319 ], [ -2.447603056305086, 56.719185531361092 ], [ -2.447601243075158, 56.719194390882024 ], [ -2.4475994517527, 56.71920325902699 ], [ -2.447597670150594, 56.719212134273931 ], [ -2.447595886081703, 56.719221015100686 ], [ -2.447594087358889, 56.71922989998518 ], [ -2.447592261794991, 56.719238787405295 ], [ -2.44759039720285, 56.719247675838922 ], [ -2.447588481395285, 56.719256563763956 ], [ -2.44758650218511, 56.71926544965828 ], [ -2.447584447385128, 56.719274331999799 ], [ -2.447582304808128, 56.719283209266372 ], [ -2.447580062266885, 56.719292079935911 ], [ -2.447577707574173, 56.719300942486278 ], [ -2.447575229120781, 56.719309795442413 ], [ -2.44757262651463, 56.719318638242029 ], [ -2.447569909535218, 56.71932747115055 ], [ -2.447567088330342, 56.719336294463389 ], [ -2.447564173047812, 56.719345108475913 ], [ -2.447561173835441, 56.719353913483559 ], [ -2.447558100841055, 56.719362709781713 ], [ -2.447554964212489, 56.719371497665762 ], [ -2.447551774097592, 56.719380277431142 ], [ -2.447548540644213, 56.719389049373227 ], [ -2.447545274000217, 56.719397813787424 ], [ -2.447541984313475, 56.719406570969163 ], [ -2.447538681731871, 56.71941532121383 ], [ -2.447535376403295, 56.719424064816849 ], [ -2.447532078475648, 56.719432802073612 ], [ -2.44752879809684, 56.719441533279529 ], [ -2.447525545414788, 56.719450258730042 ], [ -2.447522330577422, 56.719458978720546 ], [ -2.447519163732677, 56.719467693546434 ], [ -2.447516055028501, 56.719476403503144 ], [ -2.447513014612845, 56.719485108886097 ], [ -2.447510052633681, 56.719493809990695 ], [ -2.447507179238976, 56.719502507112367 ], [ -2.447504404576715, 56.719511200546535 ], [ -2.447501738794893, 56.719519890588593 ], [ -2.447499192041505, 56.719528577533993 ], [ -2.447496774464566, 56.719537261678148 ], [ -2.447494496212094, 56.719545943316447 ], [ -2.447492367432116, 56.719554622744369 ], [ -2.447490398272672, 56.719563300257292 ], [ -2.447488598881806, 56.719571976150654 ], [ -2.447486979407576, 56.71958065071987 ], [ -2.447485549998043, 56.719589324260376 ], [ -2.447484320801287, 56.719597997067567 ], [ -2.447483301965386, 56.719606669436907 ], [ -2.447482503638437, 56.719615341663776 ], [ -2.44748193596854, 56.719624014043617 ], [ -2.447481609103803, 56.719632686871833 ], [ -2.447481533192351, 56.719641360443852 ], [ -2.447481718382309, 56.719650035055096 ], [ -2.447482173599363, 56.719658710998019 ], [ -2.44748289472617, 56.719667388533665 ], [ -2.447483869753887, 56.719676067904096 ], [ -2.447485086563765, 56.719684749351067 ], [ -2.447486533037038, 56.719693433116355 ], [ -2.447488197054938, 56.719702119441706 ], [ -2.447490066498681, 56.719710808568919 ], [ -2.447492129249473, 56.719719500739728 ], [ -2.44749437318851, 56.719728196195923 ], [ -2.447496786196975, 56.71973689517926 ], [ -2.447499356156046, 56.719745597931528 ], [ -2.44750207094688, 56.719754304694455 ], [ -2.447504918450629, 56.719763015709844 ], [ -2.447507886548438, 56.719771731219438 ], [ -2.447510963121435, 56.719780451465034 ], [ -2.447514136050739, 56.719789176688373 ], [ -2.447517393217456, 56.719797907131245 ], [ -2.447520722502684, 56.719806643035412 ], [ -2.44752411178751, 56.719815384642651 ], [ -2.44752754895301, 56.719824132194745 ], [ -2.447531021880243, 56.71983288593345 ], [ -2.44753451845027, 56.719841646100541 ], [ -2.447538026544128, 56.719850412937816 ], [ -2.447541534042848, 56.719859186687039 ], [ -2.44754502882745, 56.719867967589991 ], [ -2.447548498778945, 56.719876755888478 ], [ -2.447551931778326, 56.719885551824241 ], [ -2.447555315706587, 56.719894355639084 ], [ -2.4475586384447, 56.719903167574806 ], [ -2.447561887873626, 56.719911987873182 ], [ -2.447565051874324, 56.719920816775968 ], [ -2.447568118327731, 56.719929654524996 ], [ -2.447571074829893, 56.719938501209967 ], [ -2.447573906307068, 56.719947355495329 ], [ -2.447576596225817, 56.719956215266265 ], [ -2.447579128037841, 56.719965078400122 ], [ -2.447581485194818, 56.719973942774175 ], [ -2.447583651148419, 56.719982806265683 ], [ -2.447585609350295, 56.719991666751987 ], [ -2.447587343252082, 56.720000522110361 ], [ -2.447588836305401, 56.720009370218079 ], [ -2.447590071961855, 56.720018208952446 ], [ -2.447591033673033, 56.720027036190771 ], [ -2.447591704890508, 56.72003584981033 ], [ -2.447592069065844, 56.72004464768839 ], [ -2.447592109650579, 56.720053427702275 ], [ -2.447591810096249, 56.720062187729233 ], [ -2.447591153854366, 56.720070925646581 ], [ -2.447590124376435, 56.720079639331566 ], [ -2.447588705113943, 56.720088326661454 ], [ -2.447586879518364, 56.720096985513536 ], [ -2.447584631041161, 56.720105613765085 ], [ -2.447581943134467, 56.720114209293243 ], [ -2.447578804513563, 56.720122769295408 ], [ -2.447575221847195, 56.720131288650144 ], [ -2.447571205628924, 56.720139761742004 ], [ -2.447566766352322, 56.720148182955548 ], [ -2.447561914510978, 56.720156546675312 ], [ -2.447556660598499, 56.720164847285858 ], [ -2.4475510151085, 56.720173079171737 ], [ -2.447544988534625, 56.720181236717472 ], [ -2.447538591370523, 56.720189314307632 ], [ -2.44753183410987, 56.720197306326718 ], [ -2.44752472724635, 56.72020520715931 ], [ -2.447517281273674, 56.720213011189941 ], [ -2.447509506685565, 56.720220712803147 ], [ -2.447501413975763, 56.720228306383468 ], [ -2.447493013638038, 56.720235786315435 ], [ -2.447484316166161, 56.720243146983606 ], [ -2.447475332053935, 56.720250382772527 ], [ -2.447466071795182, 56.720257488066707 ], [ -2.447456545883773, 56.720264457251233 ], [ -2.447446765007375, 56.720271287211361 ], [ -2.447436740496719, 56.720277983129542 ], [ -2.447426483815763, 56.720284551907191 ], [ -2.447416006428467, 56.720291000445734 ], [ -2.447405319798803, 56.720297335646556 ], [ -2.447394435390741, 56.720303564411097 ], [ -2.447383364668258, 56.720309693640793 ], [ -2.447372119095328, 56.720315730237061 ], [ -2.447360710135933, 56.720321681101304 ], [ -2.44734914925405, 56.720327553134979 ], [ -2.447337447913664, 56.720333353239532 ], [ -2.447325617578757, 56.720339088316358 ], [ -2.447313669713305, 56.72034476526693 ], [ -2.447301615781292, 56.720350390992714 ], [ -2.447289467246698, 56.720355972395133 ], [ -2.447277235573501, 56.72036151637564 ], [ -2.447264932225678, 56.720367029835721 ], [ -2.447252568667202, 56.720372519676822 ], [ -2.447240156362046, 56.720377992800408 ], [ -2.447227706774183, 56.720383456107989 ], [ -2.447215231367577, 56.72038891650098 ], [ -2.447202741606198, 56.720394380880911 ], [ -2.44719024895401, 56.720399856149257 ], [ -2.447177764874969, 56.720405349207503 ], [ -2.447165300833037, 56.720410866957145 ], [ -2.447152868292171, 56.720416416299692 ], [ -2.447140478716324, 56.720422004136651 ], [ -2.447128143569447, 56.720427637369518 ], [ -2.447115874315493, 56.720433322899808 ], [ -2.447103682418408, 56.720439067629044 ], [ -2.447091579342143, 56.720444878458764 ], [ -2.447079576550642, 56.720450762290476 ], [ -2.447067685507853, 56.720456726025702 ], [ -2.447055917677723, 56.720462776565995 ], [ -2.447044284524194, 56.720468920812905 ], [ -2.447032797511221, 56.720475165667935 ], [ -2.447021468102746, 56.720481518032678 ], [ -2.447010307757672, 56.720487984804244 ], [ -2.446999325014944, 56.720494570337323 ], [ -2.446988520600214, 56.720501272183327 ], [ -2.446977893946132, 56.720508086767744 ], [ -2.446967444485347, 56.720515010516159 ], [ -2.446957171650518, 56.720522039854089 ], [ -2.446947074874304, 56.720529171207041 ], [ -2.446937153589382, 56.720536401000579 ], [ -2.446927407228425, 56.720543725660207 ], [ -2.446917835224114, 56.72055114161148 ], [ -2.446908437009141, 56.720558645279901 ], [ -2.446899212016195, 56.720566233091006 ], [ -2.446890159677979, 56.720573901470338 ], [ -2.446881279427193, 56.720581646843407 ], [ -2.446872570696548, 56.720589465635733 ], [ -2.446864032918756, 56.72059735427284 ], [ -2.446855665526539, 56.720605309180272 ], [ -2.446847467952615, 56.720613326783528 ], [ -2.446839439629715, 56.72062140350814 ], [ -2.446831579990565, 56.720629535779644 ], [ -2.446823888467907, 56.720637720023518 ], [ -2.446816364494475, 56.720645952665336 ], [ -2.446809007503012, 56.720654230130577 ], [ -2.446801816926267, 56.72066254884475 ], [ -2.446794792196987, 56.720670905233412 ], [ -2.446787932747923, 56.720679295722057 ], [ -2.446781238011832, 56.720687716736187 ], [ -2.446774707421474, 56.720696164701351 ], [ -2.446768340409609, 56.720704636043045 ], [ -2.446762136408996, 56.720713127186769 ], [ -2.446756094852408, 56.720721634558053 ], [ -2.446750215172607, 56.720730154582405 ], [ -2.446744496802366, 56.72073868368534 ], [ -2.446738939174456, 56.72074721829236 ], [ -2.446733541721649, 56.720755754828993 ], [ -2.446728303876725, 56.720764289720719 ], [ -2.446723225072454, 56.720772819393048 ], [ -2.44671830474162, 56.720781340271522 ], [ -2.446713542316996, 56.720789848781621 ], [ -2.446708937231367, 56.720798341348853 ], [ -2.446704488917512, 56.720806814398742 ], [ -2.446700196808211, 56.720815264356787 ], [ -2.446696060336249, 56.720823687648455 ], [ -2.446692077856121, 56.720832080920822 ], [ -2.446688227792026, 56.720840444915297 ], [ -2.446684471018213, 56.720848783978745 ], [ -2.446680767809102, 56.720857102581185 ], [ -2.446677078439076, 56.720865405192683 ], [ -2.446673363182484, 56.720873696283292 ], [ -2.446669582313631, 56.720881980323028 ], [ -2.446665696106798, 56.720890261781932 ], [ -2.446661664836222, 56.720898545130026 ], [ -2.4466574487761, 56.720906834837358 ], [ -2.446653008507531, 56.720915135356798 ], [ -2.446648332233555, 56.720923449601834 ], [ -2.446643457322331, 56.720931777745882 ], [ -2.446638426211922, 56.720940119679774 ], [ -2.446633281340437, 56.720948475294357 ], [ -2.446628065146015, 56.720956844480497 ], [ -2.446622820066835, 56.720965227129085 ], [ -2.446617588541109, 56.720973623130959 ], [ -2.446612413007094, 56.720982032377051 ], [ -2.446607335903078, 56.720990454758223 ], [ -2.446602399667389, 56.720998890165383 ], [ -2.446597646738394, 56.72100733848945 ], [ -2.446593119554499, 56.721015799621306 ], [ -2.446588860554144, 56.721024273451881 ], [ -2.446584912175807, 56.721032759872102 ], [ -2.446581316858015, 56.7210412587729 ], [ -2.446578117039323, 56.721049770045191 ], [ -2.446575355158324, 56.721058293579901 ], [ -2.446573073653655, 56.721066829267983 ], [ -2.446571314963995, 56.721075377000332 ], [ -2.446570121528052, 56.721083936667881 ], [ -2.446569535784582, 56.721092508161561 ], [ -2.44656958690043, 56.721101091016671 ], [ -2.446570225023271, 56.721109682651417 ], [ -2.446571371175085, 56.721118279703639 ], [ -2.446572946331986, 56.721126878809926 ], [ -2.446574871470013, 56.721135476606868 ], [ -2.446577067565132, 56.721144069731089 ], [ -2.446579455593241, 56.72115265481915 ], [ -2.446581956530163, 56.721161228507711 ], [ -2.44658449135165, 56.721169787433354 ], [ -2.446586981033377, 56.721178328232696 ], [ -2.446589346550955, 56.72118684754237 ], [ -2.446591508879921, 56.721195341999 ], [ -2.446593388995736, 56.721203808239224 ], [ -2.446594907873802, 56.721212242899675 ], [ -2.446595986489442, 56.721220642616991 ], [ -2.446596545817914, 56.721229004027798 ], [ -2.446596506834411, 56.721237323768747 ], [ -2.446595790514062, 56.721245598476422 ], [ -2.446594317831929, 56.72125382478746 ], [ -2.446592009763012, 56.721261999338452 ], [ -2.44658878728225, 56.72127011876595 ], [ -2.446584571364523, 56.721278179706538 ], [ -2.44657928298997, 56.72128617879693 ], [ -2.44657288266006, 56.72129411470565 ], [ -2.446565465394043, 56.721301993016425 ], [ -2.446557154805176, 56.721309820782992 ], [ -2.446548074506821, 56.721317605059099 ], [ -2.446538348112438, 56.721325352898475 ], [ -2.446528099235588, 56.721333071354927 ], [ -2.446517451489929, 56.721340767482296 ], [ -2.446506528489206, 56.721348448334396 ], [ -2.446495453847265, 56.721356120965154 ], [ -2.446484351178039, 56.721363792428498 ], [ -2.446473344095549, 56.721371469778418 ], [ -2.446462556213919, 56.72137916006897 ], [ -2.446452111147355, 56.721386870354209 ], [ -2.446442132510162, 56.721394607688225 ], [ -2.446432743916736, 56.721402379125216 ], [ -2.446424068981577, 56.721410191719336 ], [ -2.446416231319275, 56.72141805252479 ], [ -2.446409354544528, 56.72142596859581 ], [ -2.446403562272138, 56.721433946986629 ], [ -2.446398978117019, 56.721441994751437 ], [ -2.446395725694189, 56.721450118944496 ], [ -2.446393928618796, 56.72145832661996 ], [ -2.446393686800337, 56.721466623251963 ], [ -2.446394866496672, 56.721474998741236 ], [ -2.446397201004505, 56.721483434126348 ], [ -2.446400422081767, 56.721491910343339 ], [ -2.446404261486153, 56.721500408328225 ], [ -2.446408450975118, 56.721508909017082 ], [ -2.446412722305866, 56.721517393345962 ], [ -2.446416807235352, 56.721525842250983 ], [ -2.446420437520294, 56.721534236668276 ], [ -2.446423344917158, 56.721542557534008 ], [ -2.446425261182184, 56.721550785784366 ], [ -2.446425918071388, 56.721558902355532 ], [ -2.446425054565968, 56.721566888726336 ], [ -2.446422595874314, 56.721574740363117 ], [ -2.446418665298708, 56.721582467610979 ], [ -2.446413395743109, 56.721590081536178 ], [ -2.446406920111601, 56.721597593204891 ], [ -2.446399371308384, 56.721605013683373 ], [ -2.44639088223777, 56.721612354037788 ], [ -2.446381585804182, 56.721619625334398 ], [ -2.446371614912135, 56.72162683863943 ], [ -2.446361102466243, 56.721634005019148 ], [ -2.446350181371219, 56.72164113553989 ], [ -2.446338984417361, 56.721648241286211 ], [ -2.446327633689967, 56.721655335040609 ], [ -2.446316231992806, 56.72166243264423 ], [ -2.446304880111427, 56.721669550258277 ], [ -2.446293678831436, 56.721676704044036 ], [ -2.446282728938489, 56.721683910162803 ], [ -2.446272131218314, 56.721691184775935 ], [ -2.446261986456692, 56.72169854404482 ], [ -2.446252395439473, 56.721706004130823 ], [ -2.446243458952575, 56.721713581195438 ], [ -2.446235277782001, 56.721721291400073 ], [ -2.446227952699272, 56.72172915090372 ], [ -2.446221551711472, 56.721737170272895 ], [ -2.446216040351087, 56.721745342583084 ], [ -2.446211364171155, 56.721753657499477 ], [ -2.446207468724698, 56.721762104687258 ], [ -2.446204299564707, 56.721770673811591 ], [ -2.446201802244141, 56.721779354537638 ], [ -2.446199922315926, 56.721788136530527 ], [ -2.446198605332953, 56.721797009455337 ], [ -2.446197796848063, 56.721805962977214 ], [ -2.446197442414064, 56.721814986761238 ], [ -2.446197487583715, 56.721824070472501 ], [ -2.446197877909725, 56.721833203776079 ], [ -2.446198558944751, 56.721842376337072 ], [ -2.446199476241408, 56.721851577820544 ], [ -2.44620057535225, 56.721860797891587 ], [ -2.446201801829783, 56.721870026215278 ], [ -2.446203101226454, 56.721879252456702 ], [ -2.446204419094661, 56.721888466280944 ], [ -2.446205700986744, 56.72189765735309 ], [ -2.446206892454994, 56.72190681533823 ], [ -2.446207939269396, 56.72191592995172 ], [ -2.446208805548671, 56.721924995146196 ], [ -2.446209487395924, 56.721934012260348 ], [ -2.446209984126002, 56.721942983374539 ], [ -2.446210295053752, 56.72195191056916 ], [ -2.446210419494022, 56.721960795924588 ], [ -2.44621035676166, 56.721969641521156 ], [ -2.446210106171516, 56.721978449439277 ], [ -2.446209667038439, 56.721987221759306 ], [ -2.446209038677276, 56.721995960561614 ], [ -2.44620822040288, 56.722004667926555 ], [ -2.446207211530101, 56.722013345934499 ], [ -2.446206011373788, 56.722021996665823 ], [ -2.446204619248794, 56.72203062220089 ], [ -2.446203034469964, 56.722039224620069 ], [ -2.44620125635215, 56.722047806003715 ], [ -2.446199284210204, 56.722056368432185 ], [ -2.446197117358973, 56.722064913985847 ], [ -2.446194755113305, 56.722073444745071 ], [ -2.446192196788052, 56.722081962790192 ], [ -2.446189441698052, 56.722090470201607 ], [ -2.446186489158161, 56.722098969059644 ], [ -2.446183338892018, 56.722107461381157 ], [ -2.446179996002422, 56.722115948347557 ], [ -2.446176469385439, 56.722124430551034 ], [ -2.446172768016604, 56.722132908571467 ], [ -2.446168900871449, 56.722141382988724 ], [ -2.446164876925523, 56.722149854382671 ], [ -2.446160705154376, 56.722158323333218 ], [ -2.44615639453357, 56.722166790420196 ], [ -2.446151954038676, 56.722175256223522 ], [ -2.446147392645265, 56.722183721323042 ], [ -2.446142719328926, 56.722192186298649 ], [ -2.446137943065247, 56.722200651730212 ], [ -2.44613307282983, 56.722209118197611 ], [ -2.446128117598279, 56.722217586280742 ], [ -2.44612308634621, 56.722226056559471 ], [ -2.446117988049249, 56.722234529613679 ], [ -2.446112831683019, 56.722243006023291 ], [ -2.446107626223164, 56.722251486368144 ], [ -2.446102380645326, 56.722259971228141 ], [ -2.446097103925159, 56.722268461183184 ], [ -2.446091805038322, 56.722276956813147 ], [ -2.446086492960488, 56.722285458697947 ], [ -2.446081176667326, 56.722293967417464 ], [ -2.446075865134526, 56.722302483551587 ], [ -2.446070567337775, 56.722311007680247 ], [ -2.446065292252775, 56.722319540383275 ], [ -2.446060048855232, 56.722328082240637 ], [ -2.446054846120861, 56.722336633832207 ], [ -2.446049693025384, 56.722345195737887 ], [ -2.446044598544529, 56.722353768537609 ], [ -2.44603957165404, 56.72236235281126 ], [ -2.446034621329658, 56.722370949138742 ], [ -2.446029756547141, 56.722379558099973 ], [ -2.446024986282247, 56.722388180274862 ], [ -2.446020319510748, 56.722396816243318 ], [ -2.446015765208423, 56.722405466585258 ], [ -2.446011332351057, 56.722414131880605 ], [ -2.446007029914447, 56.722422812709254 ], [ -2.446002866874393, 56.722431509651138 ], [ -2.445998852206707, 56.722440223286164 ], [ -2.445994994279824, 56.722448954134158 ], [ -2.445991291355166, 56.722457701714809 ], [ -2.445987733357386, 56.722466464722835 ], [ -2.445984309961919, 56.722475241828327 ], [ -2.445981010844189, 56.722484031701349 ], [ -2.445977825679611, 56.722492833011977 ], [ -2.445974744143594, 56.72250164443026 ], [ -2.445971755911532, 56.722510464626268 ], [ -2.445968850658818, 56.7225192922701 ], [ -2.44596601806083, 56.722528126031783 ], [ -2.44596324779294, 56.722536964581401 ], [ -2.445960529530508, 56.722545806588997 ], [ -2.44595785294889, 56.722554650724661 ], [ -2.445955207723422, 56.72256349565842 ], [ -2.445952583529445, 56.72257234006036 ], [ -2.445949970042282, 56.722581182600521 ], [ -2.445947356937248, 56.722590021948967 ], [ -2.445944733889648, 56.722598856775747 ], [ -2.445942090574781, 56.72260768575093 ], [ -2.445939416667932, 56.722616507544565 ], [ -2.445936701844383, 56.722625320826708 ], [ -2.445933935779405, 56.722634124267394 ], [ -2.445931108148254, 56.722642916536699 ], [ -2.445928208626183, 56.722651696304673 ], [ -2.445925226888438, 56.722660462241322 ], [ -2.445922152610247, 56.722669213016758 ], [ -2.445918975466838, 56.722677947300973 ], [ -2.445915685133425, 56.722686663764037 ], [ -2.445912271285216, 56.722695361075999 ], [ -2.445908723597412, 56.722704037906887 ], [ -2.445905031745197, 56.722712692926756 ], [ -2.445901185403757, 56.72272132480564 ], [ -2.445897174248265, 56.722729932213568 ], [ -2.445892987953888, 56.722738513820588 ], [ -2.445888616195778, 56.722747068296705 ], [ -2.445884048649089, 56.722755594311984 ], [ -2.445879274988959, 56.722764090536437 ], [ -2.445874284890523, 56.722772555640084 ], [ -2.445869068028909, 56.722780988292968 ], [ -2.445863614079232, 56.722789387165101 ], [ -2.445857915035841, 56.722797751134941 ], [ -2.445852022097372, 56.722806084402549 ], [ -2.445846049119002, 56.722814396799826 ], [ -2.445840112966377, 56.722822698429347 ], [ -2.445834330505238, 56.722830999393615 ], [ -2.445828818601423, 56.722839309795212 ], [ -2.445823694120865, 56.722847639736727 ], [ -2.445819073929592, 56.722855999320778 ], [ -2.445815074893742, 56.722864398649968 ], [ -2.445811813879543, 56.722872847826956 ], [ -2.445809407083368, 56.722881356896998 ], [ -2.445807876975831, 56.722889927881148 ], [ -2.445807056757153, 56.722898546596376 ], [ -2.445806756835615, 56.722907196908295 ], [ -2.445806787619327, 56.722915862682576 ], [ -2.445806959516232, 56.722924527784834 ], [ -2.445807082934099, 56.722933176080673 ], [ -2.445806968280523, 56.722941791435751 ], [ -2.445806425962931, 56.722950357715654 ], [ -2.445805266388579, 56.722958858786029 ], [ -2.445803299964565, 56.722967278512456 ], [ -2.445800338347901, 56.722975600879863 ], [ -2.44579630303616, 56.722983820358905 ], [ -2.445791309569293, 56.722991949944259 ], [ -2.445785493306863, 56.723000004522675 ], [ -2.445778989608534, 56.723007998980869 ], [ -2.445771933834095, 56.723015948205557 ], [ -2.445764461343433, 56.72302386708354 ], [ -2.445756707496541, 56.723031770501578 ], [ -2.445748807653518, 56.723039673346548 ], [ -2.445740897174554, 56.723047590505253 ], [ -2.44573311141995, 56.723055536864607 ], [ -2.445725569692875, 56.723063525501459 ], [ -2.445718297790445, 56.723071558951979 ], [ -2.445711287753661, 56.723079635947087 ], [ -2.445704531577867, 56.723087755212589 ], [ -2.445698021258401, 56.723095915474239 ], [ -2.445691748790596, 56.723104115457822 ], [ -2.445685706169782, 56.723112353889142 ], [ -2.445679885391287, 56.723120629493913 ], [ -2.445674278450426, 56.723128940997938 ], [ -2.445668877342519, 56.723137287126981 ], [ -2.445663674062874, 56.723145666606811 ], [ -2.445658660606795, 56.723154078163162 ], [ -2.445653828969581, 56.723162520521811 ], [ -2.445649171146528, 56.723170992408505 ], [ -2.44564467913292, 56.723179492549029 ], [ -2.445640344924044, 56.723188019669081 ], [ -2.445636160515174, 56.723196572494452 ], [ -2.445632117901577, 56.723205149750882 ], [ -2.445628209078523, 56.723213750164113 ], [ -2.445624426041265, 56.723222372459908 ], [ -2.445620760785058, 56.723231015363986 ], [ -2.445617205305144, 56.723239677602102 ], [ -2.445613751596765, 56.723248357900005 ], [ -2.445610391655152, 56.723257054983421 ], [ -2.44560711747553, 56.723265767578098 ], [ -2.445603921053117, 56.723274494409765 ], [ -2.44560079438313, 56.723283234204182 ], [ -2.445597729460768, 56.723291985687055 ], [ -2.445594718281233, 56.723300747584148 ], [ -2.445591752839717, 56.723309518621186 ], [ -2.445588825131403, 56.723318297523889 ], [ -2.445585927151468, 56.723327083018006 ], [ -2.445583050895087, 56.723335873829257 ], [ -2.44558018835742, 56.723344668683382 ], [ -2.445577331533625, 56.723353466306108 ], [ -2.445574472418853, 56.723362265423177 ], [ -2.445571603008247, 56.723371064760293 ], [ -2.445568715296941, 56.723379863043192 ], [ -2.445565801280064, 56.723388658997614 ], [ -2.445562852952738, 56.723397451349278 ], [ -2.44555986231008, 56.723406238823912 ], [ -2.445556821481005, 56.72341502016797 ], [ -2.445553726680514, 56.723423794760684 ], [ -2.445550578863522, 56.723432562715416 ], [ -2.445547379250429, 56.723441324186595 ], [ -2.445544129061636, 56.723450079328671 ], [ -2.445540829517546, 56.723458828296081 ], [ -2.445537481838559, 56.723467571243297 ], [ -2.445534087245082, 56.723476308324713 ], [ -2.445530646957518, 56.723485039694843 ], [ -2.445527162196276, 56.72349376550806 ], [ -2.445523634181762, 56.723502485918878 ], [ -2.445520064134381, 56.723511201081685 ], [ -2.445516453274549, 56.723519911150973 ], [ -2.445512802822672, 56.723528616281172 ], [ -2.445509113999163, 56.723537316626711 ], [ -2.445505388024436, 56.723546012342048 ], [ -2.445501626118904, 56.723554703581655 ], [ -2.445497829502985, 56.723563390499926 ], [ -2.445493999397088, 56.723572073251361 ], [ -2.445490137021637, 56.723580751990376 ], [ -2.445486243597047, 56.723589426871428 ], [ -2.445482320343739, 56.723598098048946 ], [ -2.44547836848213, 56.723606765677417 ], [ -2.445474389232647, 56.723615429911241 ], [ -2.445470383815709, 56.723624090904906 ], [ -2.445466353451738, 56.723632748812832 ], [ -2.445462299361164, 56.723641403789479 ], [ -2.445458222764408, 56.723650055989296 ], [ -2.445454124881897, 56.723658705566734 ], [ -2.445450006934061, 56.723667352676223 ], [ -2.445445870141329, 56.723675997472228 ], [ -2.445441715724129, 56.723684640109205 ], [ -2.44543754490289, 56.7236932807416 ], [ -2.44543335889805, 56.723701919523833 ], [ -2.445429158930038, 56.723710556610385 ], [ -2.445424946219289, 56.723719192155698 ], [ -2.445420721986238, 56.723727826314203 ], [ -2.445416487451321, 56.723736459240378 ], [ -2.445412243834975, 56.723745091088659 ], [ -2.445407992357639, 56.723753722013505 ], [ -2.445403734239755, 56.723762352169338 ], [ -2.445399470701756, 56.723770981710643 ], [ -2.44539520296409, 56.723779610791844 ], [ -2.445390932247194, 56.723788239567405 ], [ -2.445386659771517, 56.723796868191798 ], [ -2.445382386757502, 56.723805496819431 ], [ -2.445378114425593, 56.723814125604775 ], [ -2.445373843996237, 56.723822754702297 ], [ -2.445369576689881, 56.723831384266418 ], [ -2.445365313726976, 56.723840014451604 ], [ -2.445361056327969, 56.723848645412318 ], [ -2.445356805713312, 56.723857277303004 ], [ -2.445352563103456, 56.723865910278121 ], [ -2.445348329718856, 56.723874544492098 ], [ -2.445344106779964, 56.723883180099413 ], [ -2.445339895507235, 56.723891817254504 ], [ -2.445335697121124, 56.723900456111821 ], [ -2.44533151284209, 56.723909096825835 ], [ -2.445327343890591, 56.723917739550998 ], [ -2.445323191487085, 56.723926384441747 ], [ -2.445319056852031, 56.72393503165253 ], [ -2.445314941205893, 56.723943681337843 ], [ -2.44531084576913, 56.723952333652086 ], [ -2.445306771762207, 56.723960988749745 ], [ -2.445302720405591, 56.723969646785264 ], [ -2.445298692919742, 56.723978307913107 ], [ -2.44529469052513, 56.723986972287726 ], [ -2.44529071444222, 56.723995640063578 ], [ -2.445286765891487, 56.724004311395099 ], [ -2.44528284609339, 56.72401298643674 ], [ -2.445278956268409, 56.724021665343002 ], [ -2.445275097637011, 56.724030348268307 ], [ -2.445271272610961, 56.724039035090357 ], [ -2.445267488323439, 56.724047724589894 ], [ -2.44526375307714, 56.724056415276046 ], [ -2.445260075174778, 56.724065105657864 ], [ -2.445256462919057, 56.724073794244426 ], [ -2.445252924612708, 56.724082479544833 ], [ -2.44524946855846, 56.724091160068134 ], [ -2.445246103059048, 56.724099834323425 ], [ -2.445242836417227, 56.724108500819774 ], [ -2.445239676934477, 56.72411715806637 ], [ -2.445236628478725, 56.724125804892687 ], [ -2.445233680551116, 56.724134441166129 ], [ -2.445230819747918, 56.724143066963947 ], [ -2.445228032665382, 56.724151682363427 ], [ -2.445225305899753, 56.724160287441805 ], [ -2.44522262604726, 56.724168882276366 ], [ -2.44521997970412, 56.724177466944354 ], [ -2.445217353466536, 56.724186041523026 ], [ -2.445214733930704, 56.724194606089647 ], [ -2.445212107692805, 56.724203160721466 ], [ -2.445209461349009, 56.724211705495748 ], [ -2.445206781495468, 56.724220240489728 ], [ -2.445204054728331, 56.724228765780666 ], [ -2.445201267643731, 56.724237281445802 ], [ -2.445198406837789, 56.724245787562396 ], [ -2.445195458906611, 56.72425428420771 ], [ -2.445192410446297, 56.72426277145896 ], [ -2.445189248052933, 56.724271249393404 ], [ -2.44518595832259, 56.724279718088297 ], [ -2.445182527851332, 56.724288177620849 ], [ -2.445178943704614, 56.724296628085384 ], [ -2.445175203862366, 56.724305069972957 ], [ -2.445171317285098, 56.72431350417375 ], [ -2.44516729341594, 56.724321931595533 ], [ -2.445163141698035, 56.724330353146044 ], [ -2.445158871574532, 56.724338769733038 ], [ -2.445154492488588, 56.724347182264275 ], [ -2.445150013883368, 56.724355591647502 ], [ -2.445145445202046, 56.724363998790466 ], [ -2.445140795887804, 56.724372404600928 ], [ -2.445136075383833, 56.724380809986634 ], [ -2.445131293133328, 56.724389215855354 ], [ -2.445126458579493, 56.724397623114854 ], [ -2.445121581165542, 56.724406032672881 ], [ -2.445116670334697, 56.724414445437198 ], [ -2.445111735530185, 56.724422862315585 ], [ -2.445106786195243, 56.72443128421579 ], [ -2.445101831773117, 56.724439712045573 ], [ -2.445096881707057, 56.724448146712731 ], [ -2.445091945440326, 56.724456589125012 ], [ -2.445087032416192, 56.724465040190182 ], [ -2.445082152077926, 56.724473500816032 ], [ -2.445077313868818, 56.724481971910329 ], [ -2.445072527232158, 56.724490454380842 ], [ -2.445067801611247, 56.724498949135359 ], [ -2.445063146449394, 56.724507457081664 ], [ -2.44505857118991, 56.724515979127517 ], [ -2.445054085276127, 56.724524516180715 ], [ -2.445049698151374, 56.724533069149054 ], [ -2.445045419258991, 56.724541638940281 ], [ -2.445041258042332, 56.724550226462213 ], [ -2.44503722394475, 56.72455883262262 ], [ -2.445033326409613, 56.724567458329282 ], [ -2.445029574880301, 56.724576104490012 ], [ -2.445025978800192, 56.724584772012577 ], [ -2.445022547612678, 56.724593461804773 ], [ -2.445019290761167, 56.724602174774397 ], [ -2.445016217689062, 56.724610911829224 ], [ -2.445013337839786, 56.724619673877065 ], [ -2.445010660539531, 56.724628461812095 ], [ -2.445008186790957, 56.724637275563893 ], [ -2.445005903893577, 56.724646113473831 ], [ -2.445003797869183, 56.724654973735284 ], [ -2.445001854739553, 56.724663854541568 ], [ -2.44500006052646, 56.724672754086029 ], [ -2.444998401251654, 56.724681670561978 ], [ -2.444996862936881, 56.724690602162745 ], [ -2.444995431603871, 56.724699547081663 ], [ -2.444994093274343, 56.724708503512055 ], [ -2.444992833970002, 56.724717469647253 ], [ -2.444991639712541, 56.724726443680574 ], [ -2.444990496523637, 56.724735423805335 ], [ -2.44498939042496, 56.724744408214875 ], [ -2.444988307438164, 56.72475339510251 ], [ -2.444987233584889, 56.724762382661559 ], [ -2.444986154886761, 56.724771369085353 ], [ -2.444985057365395, 56.724780352567194 ], [ -2.444983927042399, 56.724789331300421 ], [ -2.444982749939353, 56.724798303478345 ], [ -2.444981512077839, 56.724807267294274 ], [ -2.444980199479418, 56.724816220941548 ], [ -2.44497879816564, 56.724825162613456 ], [ -2.444977294158044, 56.724834090503343 ], [ -2.444975673478155, 56.724843002804519 ], [ -2.444973922136862, 56.724851897720853 ], [ -2.444972026142396, 56.724860773458872 ], [ -2.444969971540222, 56.724869628188024 ], [ -2.444967744351825, 56.724878460101628 ], [ -2.44496533099289, 56.724887267444515 ], [ -2.44496272706247, 56.72489604966308 ], [ -2.444959937408106, 56.724904807413665 ], [ -2.444956967284586, 56.72491354140589 ], [ -2.444953821946712, 56.724922252349394 ], [ -2.444950506649277, 56.724930940953818 ], [ -2.444947026647093, 56.724939607928775 ], [ -2.444943387194965, 56.724948253983904 ], [ -2.444939593547712, 56.724956879828824 ], [ -2.444935650960153, 56.724965486173204 ], [ -2.444931564687117, 56.724974073726635 ], [ -2.444927339983429, 56.724982643198771 ], [ -2.444922982103929, 56.724991195299246 ], [ -2.444918496303456, 56.724999730737679 ], [ -2.444913887836855, 56.725008250223695 ], [ -2.444909161958972, 56.725016754466957 ], [ -2.444904323924665, 56.725025244177075 ], [ -2.444899378988791, 56.725033720063699 ], [ -2.444894332406212, 56.72504218283644 ], [ -2.444889189431797, 56.725050633204958 ], [ -2.444883955320419, 56.725059071878889 ], [ -2.444878635326954, 56.725067499567857 ], [ -2.44487323470628, 56.72507591698151 ], [ -2.444867758713284, 56.725084324829481 ], [ -2.444862212602861, 56.725092723821419 ], [ -2.444856601629897, 56.725101114666941 ], [ -2.444850931049293, 56.72510949807571 ], [ -2.444845206115952, 56.725117874757366 ], [ -2.444839432084783, 56.725126245421549 ], [ -2.444833614210693, 56.725134610777907 ], [ -2.444827757748597, 56.725142971536066 ], [ -2.444821867953418, 56.725151328405701 ], [ -2.444815950080079, 56.725159682096447 ], [ -2.444810009383501, 56.725168033317928 ], [ -2.444804051118627, 56.72517638277985 ], [ -2.444798080540384, 56.725184731191803 ], [ -2.444792102903718, 56.725193079263491 ], [ -2.444786123463569, 56.725201427704526 ], [ -2.44478014747489, 56.725209777224585 ], [ -2.444774179892179, 56.725218128492514 ], [ -2.444768222580331, 56.725226481757836 ], [ -2.444762275587046, 56.725234837023322 ], [ -2.444756338936734, 56.725243194288659 ], [ -2.444750412653822, 56.72525155355347 ], [ -2.444744496762727, 56.725259914817421 ], [ -2.444738591287867, 56.725268278080172 ], [ -2.444732696253663, 56.725276643341374 ], [ -2.444726811684535, 56.725285010600658 ], [ -2.444720937604899, 56.72529337985771 ], [ -2.444715074039177, 56.72530175111217 ], [ -2.44470922101179, 56.725310124363681 ], [ -2.444703378547155, 56.725318499611923 ], [ -2.444697546669693, 56.725326876856521 ], [ -2.444691725403819, 56.725335256097146 ], [ -2.444685914773963, 56.725343637333424 ], [ -2.444680114804534, 56.72535202056504 ], [ -2.444674325519956, 56.725360405791633 ], [ -2.444668546944647, 56.725368793012855 ], [ -2.444662779103032, 56.725377182228364 ], [ -2.444657022019525, 56.725385573437805 ], [ -2.444651275718547, 56.725393966640844 ], [ -2.44464554022452, 56.725402361837119 ], [ -2.444639815561862, 56.725410759026303 ], [ -2.44463410175499, 56.725419158208034 ], [ -2.444628398828329, 56.725427559381963 ], [ -2.444622706806299, 56.725435962547763 ], [ -2.444617025713315, 56.725444367705066 ], [ -2.4446113555738, 56.72545277485353 ], [ -2.444605696412172, 56.725461183992813 ], [ -2.444600048252857, 56.725469595122547 ], [ -2.444594411120266, 56.725478008242426 ], [ -2.444588785038824, 56.725486423352066 ], [ -2.444583170032952, 56.725494840451148 ], [ -2.444577566127069, 56.725503259539302 ], [ -2.444571973345594, 56.725511680616194 ], [ -2.444566391712947, 56.725520103681482 ], [ -2.44456082125355, 56.725528528734806 ], [ -2.444555261991821, 56.725536955775823 ], [ -2.444549713952182, 56.725545384804185 ], [ -2.444544177159052, 56.725553815819552 ], [ -2.444538651636855, 56.725562248821575 ], [ -2.444533137410005, 56.725570683809906 ], [ -2.444527634502927, 56.72557912078419 ], [ -2.444522142940039, 56.725587559744099 ], [ -2.444516662745761, 56.725596000689251 ], [ -2.444511193944516, 56.725604443619353 ], [ -2.444505736560722, 56.725612888534016 ], [ -2.4445002906188, 56.725621335432912 ], [ -2.444494856143173, 56.725629784315664 ], [ -2.444489433158258, 56.725638235181968 ], [ -2.444484021688476, 56.725646688031453 ], [ -2.444478621758248, 56.725655142863793 ], [ -2.444473233391998, 56.725663599678604 ], [ -2.444467856614138, 56.725672058475574 ], [ -2.444462491449098, 56.725680519254347 ], [ -2.444457137921294, 56.725688982014567 ], [ -2.444451796055148, 56.725697446755888 ], [ -2.444446465875078, 56.72570591347796 ], [ -2.444441147405509, 56.725714382180442 ], [ -2.444435840670856, 56.725722852863008 ], [ -2.444430545695546, 56.725731325525281 ], [ -2.444425262503996, 56.725739800166942 ], [ -2.444419991120628, 56.725748276787598 ], [ -2.444414731569862, 56.725756755386954 ], [ -2.444409483876121, 56.72576523596463 ], [ -2.444404248063823, 56.725773718520301 ], [ -2.444399024157391, 56.725782203053591 ], [ -2.444393812181244, 56.725790689564171 ], [ -2.444388612159806, 56.725799178051716 ], [ -2.444383424117495, 56.725807668515849 ], [ -2.444378248078733, 56.725816160956242 ], [ -2.444373084067942, 56.725824655372527 ], [ -2.444367932109541, 56.725833151764363 ], [ -2.444362792227952, 56.725841650131414 ], [ -2.444357664447598, 56.725850150473335 ], [ -2.444352548792899, 56.725858652789761 ], [ -2.444347445288275, 56.725867157080366 ], [ -2.444342353958148, 56.72587566334478 ], [ -2.444337274826938, 56.725884171582685 ], [ -2.444332207919069, 56.725892681793724 ], [ -2.444327153258961, 56.725901193977528 ], [ -2.444322110871033, 56.725909708133777 ], [ -2.44431708077971, 56.725918224262109 ], [ -2.444312063009412, 56.725926742362191 ], [ -2.444307057584558, 56.725935262433673 ], [ -2.444302064529571, 56.725943784476172 ], [ -2.444297083868875, 56.725952308489411 ], [ -2.444292115626889, 56.725960834472993 ], [ -2.444287159828035, 56.725969362426582 ], [ -2.444282216496733, 56.725977892349825 ], [ -2.444277285657409, 56.725986424242379 ], [ -2.444272367334476, 56.725994958103911 ], [ -2.444267461552366, 56.726003493934066 ], [ -2.444262568335493, 56.726012031732495 ], [ -2.444257687708282, 56.726020571498857 ], [ -2.444252819695153, 56.726029113232777 ], [ -2.444247964320529, 56.726037656933954 ], [ -2.44424312160883, 56.726046202602006 ], [ -2.444238291584482, 56.726054750236592 ], [ -2.444233474271902, 56.726063299837399 ], [ -2.444228669695513, 56.726071851404029 ], [ -2.444223877879736, 56.726080404936177 ], [ -2.444219098848996, 56.726088960433472 ], [ -2.444214332627714, 56.72609751789556 ], [ -2.44420957924031, 56.726106077322122 ], [ -2.444204838711205, 56.726114638712794 ], [ -2.444200111064826, 56.726123202067228 ], [ -2.444195396325589, 56.726131767385091 ], [ -2.444190694517919, 56.72614033466602 ], [ -2.444186005666239, 56.726148903909674 ], [ -2.444181329794971, 56.726157475115706 ], [ -2.444176666928534, 56.72616604828378 ], [ -2.444172017091352, 56.726174623413534 ], [ -2.444167380307845, 56.726183200504636 ], [ -2.444162756602441, 56.726191779556721 ], [ -2.444158145999557, 56.72620036056945 ], [ -2.444153548523614, 56.726208943542481 ], [ -2.444148964199042, 56.726217528475459 ], [ -2.444144393050255, 56.726226115368043 ], [ -2.444139835101677, 56.726234704219891 ], [ -2.444135290377734, 56.726243295030649 ], [ -2.444130758902846, 56.726251887799968 ], [ -2.444126240701437, 56.726260482527515 ], [ -2.444121735797923, 56.726269079212933 ], [ -2.444117244216733, 56.726277677855862 ], [ -2.44411276598229, 56.726286278455973 ], [ -2.444108301119013, 56.726294881012919 ], [ -2.444103849651325, 56.726303485526358 ], [ -2.444099411603648, 56.726312091995915 ], [ -2.444094987000408, 56.726320700421283 ], [ -2.444090575866023, 56.726329310802093 ], [ -2.444086178224918, 56.726337923137983 ], [ -2.444081794101518, 56.726346537428633 ], [ -2.44407742352024, 56.726355153673694 ], [ -2.444073066505512, 56.726363771872812 ], [ -2.444068723081753, 56.726372392025631 ], [ -2.444064393273389, 56.72638101413181 ], [ -2.444060077104838, 56.726389638191016 ], [ -2.444055774600527, 56.726398264202878 ], [ -2.444051485784878, 56.726406892167084 ], [ -2.444047210663025, 56.726415522080664 ], [ -2.44404294903855, 56.726424153913662 ], [ -2.444038700595007, 56.726432787619949 ], [ -2.444034465014355, 56.726441423153254 ], [ -2.44403024197856, 56.726450060467265 ], [ -2.444026031169576, 56.726458699515653 ], [ -2.444021832269368, 56.72646734025215 ], [ -2.444017644959893, 56.726475982630411 ], [ -2.44401346892311, 56.726484626604147 ], [ -2.444009303840978, 56.726493272127044 ], [ -2.444005149395457, 56.726501919152824 ], [ -2.444001005268505, 56.726510567635145 ], [ -2.443996871142081, 56.726519217527716 ], [ -2.443992746698143, 56.726527868784231 ], [ -2.443988631618646, 56.726536521358391 ], [ -2.44398452558555, 56.726545175203867 ], [ -2.443980428280812, 56.726553830274376 ], [ -2.443976339386388, 56.726562486523584 ], [ -2.443972258584235, 56.726571143905204 ], [ -2.443968185556311, 56.726579802372939 ], [ -2.443964119984569, 56.726588461880461 ], [ -2.443960061550968, 56.72659712238147 ], [ -2.443956009937462, 56.726605783829676 ], [ -2.443951964826006, 56.726614446178736 ], [ -2.443947925898556, 56.726623109382359 ], [ -2.443943892837066, 56.72663177339426 ], [ -2.443939865323491, 56.726640438168111 ], [ -2.443935843039784, 56.726649103657607 ], [ -2.443931825667903, 56.72665776981642 ], [ -2.443927812889797, 56.726666436598279 ], [ -2.443923804387422, 56.726675103956865 ], [ -2.44391979984273, 56.72668377184587 ], [ -2.443915798937675, 56.726692440218969 ], [ -2.443911801354208, 56.726701109029882 ], [ -2.443907806774282, 56.726709778232284 ], [ -2.44390381487985, 56.726718447779881 ], [ -2.443899825352863, 56.726727117626346 ], [ -2.443895837875273, 56.726735787725389 ], [ -2.443891852129032, 56.72674445803068 ], [ -2.44388786779609, 56.726753128495943 ], [ -2.443883884558397, 56.726761799074843 ], [ -2.443879902097906, 56.726770469721089 ], [ -2.443875920096565, 56.726779140388359 ], [ -2.443871938236325, 56.726787811030363 ], [ -2.443867956199134, 56.726796481600779 ], [ -2.443863973666942, 56.726805152053309 ], [ -2.443859990321701, 56.726813822341626 ], [ -2.443856005845357, 56.726822492419444 ], [ -2.44385201991986, 56.726831162240444 ], [ -2.443848032227156, 56.726839831758312 ], [ -2.443844042449196, 56.726848500926749 ], [ -2.443840050267924, 56.726857169699457 ], [ -2.443836055365292, 56.726865838030108 ], [ -2.443832057423247, 56.726874505872402 ], [ -2.44382805612373, 56.726883173180028 ], [ -2.443824051148695, 56.726891839906671 ], [ -2.443820042180084, 56.726900506006046 ], [ -2.443816028899844, 56.726909171431814 ], [ -2.443812010989924, 56.726917836137709 ], [ -2.443807988132265, 56.726926500077361 ], [ -2.443803960008816, 56.726935163204523 ], [ -2.443799926301517, 56.726943825472844 ], [ -2.44379588669232, 56.726952486836041 ], [ -2.443791840863165, 56.726961147247785 ], [ -2.443787788495997, 56.726969806661771 ], [ -2.443783729272759, 56.726978465031699 ], [ -2.443779662875397, 56.72698712231125 ], [ -2.443775588985854, 56.726995778454125 ], [ -2.443771507286074, 56.727004433414024 ], [ -2.443767417457996, 56.727013087144613 ], [ -2.443763319183568, 56.727021739599593 ], [ -2.443759212160229, 56.727030390733169 ], [ -2.443755096176822, 56.72703904050254 ], [ -2.443750971055569, 56.727047688865959 ], [ -2.443746836618744, 56.727056335781754 ], [ -2.443742692688621, 56.727064981208201 ], [ -2.44373853908747, 56.727073625103571 ], [ -2.443734375637562, 56.727082267426184 ], [ -2.443730202161173, 56.727090908134308 ], [ -2.443726018480572, 56.727099547186242 ], [ -2.443721824418029, 56.727108184540256 ], [ -2.44371761979582, 56.727116820154663 ], [ -2.443713404436214, 56.727125453987732 ], [ -2.443709178161483, 56.727134085997768 ], [ -2.443704940793897, 56.727142716143035 ], [ -2.44370069215573, 56.727151344381859 ], [ -2.443696432069251, 56.727159970672503 ], [ -2.443692160356728, 56.727168594973243 ], [ -2.443687876840437, 56.727177217242406 ], [ -2.443683581342646, 56.727185837438242 ], [ -2.443679273685624, 56.727194455519069 ], [ -2.443674953691641, 56.727203071443142 ], [ -2.443670621182971, 56.727211685168783 ], [ -2.443666275981881, 56.727220296654274 ], [ -2.443661917910642, 56.727228905857892 ], [ -2.443657546791521, 56.727237512737915 ], [ -2.443653162446792, 56.727246117252648 ], [ -2.443648764698721, 56.727254719360388 ], [ -2.443644353369578, 56.727263319019393 ], [ -2.443639928281633, 56.727271916187988 ], [ -2.443635489257154, 56.727280510824428 ], [ -2.443631036118409, 56.727289102887028 ], [ -2.443626568687669, 56.727297692334062 ], [ -2.443622086787202, 56.727306279123802 ], [ -2.443617590239276, 56.727314863214559 ], [ -2.44361307886616, 56.727323444564632 ], [ -2.44360855249012, 56.727332023132291 ], [ -2.443604010933427, 56.727340598875813 ], [ -2.443599454018349, 56.727349171753495 ], [ -2.443594881567149, 56.72735774172363 ], [ -2.443590293402099, 56.727366308744493 ], [ -2.443585689345467, 56.727374872774391 ], [ -2.443581069219517, 56.727383433771614 ], [ -2.44357643284652, 56.727391991694425 ], [ -2.44357178004874, 56.727400546501116 ], [ -2.443567110648443, 56.727409098149998 ], [ -2.443562424467903, 56.727417646599335 ], [ -2.44355772132938, 56.727426191807417 ], [ -2.443553001055143, 56.727434733732551 ], [ -2.443548263467458, 56.727443272333012 ], [ -2.443543508388591, 56.727451807567064 ], [ -2.443538735640808, 56.727460339393026 ], [ -2.443533945046376, 56.72746886776919 ], [ -2.443529136427563, 56.72747739265381 ], [ -2.44352430960663, 56.7274859140052 ], [ -2.443519464405845, 56.727494431781629 ], [ -2.443514600647474, 56.72750294594141 ], [ -2.443509718153784, 56.727511456442812 ], [ -2.443504816747037, 56.727519963244113 ], [ -2.443499896249501, 56.727528466303617 ], [ -2.443494956483439, 56.72753696557961 ], [ -2.443489997271116, 56.727545461030374 ], [ -2.443485018434798, 56.72755395261418 ], [ -2.443480019796752, 56.727562440289347 ], [ -2.443475001179237, 56.727570924014131 ], [ -2.443469962404523, 56.727579403746851 ], [ -2.443464903294867, 56.727587879445764 ], [ -2.443459823672543, 56.727596351069174 ], [ -2.443454723359807, 56.727604818575372 ], [ -2.44344960217893, 56.727613281922615 ], [ -2.443444459952168, 56.727621741069221 ], [ -2.443439296501789, 56.727630195973468 ], [ -2.443434111650056, 56.727638646593633 ], [ -2.443428905219232, 56.727647092888006 ], [ -2.443423677031582, 56.727655534814879 ], [ -2.443418426909371, 56.72766397233255 ], [ -2.443413154674856, 56.727672405399275 ], [ -2.443407860150304, 56.727680833973373 ], [ -2.443402543157976, 56.727689258013086 ], [ -2.443397203520138, 56.727697677476755 ], [ -2.44339184105905, 56.727706092322627 ], [ -2.443386455596974, 56.727714502509002 ], [ -2.443381046957073, 56.727722907994348 ], [ -2.44337561526791, 56.727731308801836 ], [ -2.44337016140706, 56.727739705113216 ], [ -2.443364686364831, 56.727748097134146 ], [ -2.443359191131529, 56.727756485070252 ], [ -2.443353676697466, 56.727764869127199 ], [ -2.443348144052951, 56.727773249510641 ], [ -2.443342594188294, 56.727781626426193 ], [ -2.443337028093804, 56.727790000079523 ], [ -2.443331446759795, 56.727798370676268 ], [ -2.443325851176578, 56.727806738422082 ], [ -2.443320242334467, 56.727815103522587 ], [ -2.443314621223777, 56.727823466183466 ], [ -2.44330898883482, 56.727831826610348 ], [ -2.443303346157915, 56.727840185008866 ], [ -2.443297694183375, 56.727848541584677 ], [ -2.443292033901519, 56.727856896543436 ], [ -2.443286366302665, 56.72786525009078 ], [ -2.44328069237713, 56.727873602432361 ], [ -2.443275013115236, 56.727881953773824 ], [ -2.443269329507299, 56.727890304320823 ], [ -2.443263642543642, 56.727898654278995 ], [ -2.443257953214586, 56.727907003854 ], [ -2.443252262510454, 56.727915353251483 ], [ -2.443246571421568, 56.727923702677074 ], [ -2.443240880938255, 56.727932052336449 ], [ -2.443235192050833, 56.72794040243523 ], [ -2.443229505749636, 56.727948753179106 ], [ -2.44322382302498, 56.727957104773694 ], [ -2.443218144867199, 56.727965457424652 ], [ -2.443212472266618, 56.727973811337627 ], [ -2.443206806213565, 56.727982166718277 ], [ -2.44320114769837, 56.72799052377222 ], [ -2.443195497711361, 56.727998882705172 ], [ -2.443189857242869, 56.728007243722708 ], [ -2.443184227283228, 56.728015607030535 ], [ -2.443178608822765, 56.728023972834286 ], [ -2.443173002851817, 56.728032341339592 ], [ -2.443167410360715, 56.728040712752119 ], [ -2.443161832339793, 56.728049087277533 ], [ -2.443156269779387, 56.728057465121474 ], [ -2.443150723669833, 56.728065846489585 ], [ -2.443145195001469, 56.72807423158752 ], [ -2.443139684764627, 56.728082620620945 ], [ -2.443134193949649, 56.728091013795499 ], [ -2.443128723546874, 56.72809941131684 ], [ -2.443123274546641, 56.728107813390615 ], [ -2.443117847939288, 56.728116220222489 ], [ -2.44311244471516, 56.728124632018108 ], [ -2.443107065864597, 56.728133048983125 ], [ -2.443101712377938, 56.728141471323184 ], [ -2.443096385245533, 56.728149899243952 ], [ -2.443091085457722, 56.728158332951075 ], [ -2.443085814004852, 56.728166772650205 ], [ -2.443080571877266, 56.728175218547008 ], [ -2.443075360065312, 56.728183670847116 ], [ -2.443070179559339, 56.728192129756216 ], [ -2.443065031349695, 56.728200595479933 ], [ -2.443059916426727, 56.728209068223933 ], [ -2.443054835780783, 56.728217548193875 ], [ -2.44304979040222, 56.728226035595405 ], [ -2.443044781281381, 56.728234530634182 ], [ -2.443039809408624, 56.728243033515867 ], [ -2.443034875774303, 56.728251544446096 ], [ -2.443029981368767, 56.728260063630536 ], [ -2.443025127182372, 56.728268591274848 ], [ -2.443020314205479, 56.728277127584697 ], [ -2.443015543428437, 56.728285672765708 ], [ -2.443010815841607, 56.728294227023568 ], [ -2.443006132435345, 56.728302790563902 ], [ -2.443001494200013, 56.72831136359239 ], [ -2.442996902088403, 56.728319946306165 ], [ -2.442992356018867, 56.728328538668109 ], [ -2.442987854770683, 56.728337140383069 ], [ -2.442983397064576, 56.728345751142655 ], [ -2.442978981621275, 56.728354370638456 ], [ -2.442974607161498, 56.728362998562091 ], [ -2.442970272405973, 56.728371634605168 ], [ -2.442965976075423, 56.728380278459284 ], [ -2.442961716890567, 56.728388929816049 ], [ -2.442957493572127, 56.728397588367052 ], [ -2.442953304840822, 56.728406253803925 ], [ -2.44294914941737, 56.728414925818242 ], [ -2.442945026022489, 56.728423604101614 ], [ -2.442940933376895, 56.728432288345658 ], [ -2.442936870201306, 56.72844097824197 ], [ -2.442932835216434, 56.728449673482153 ], [ -2.44292882714299, 56.728458373757796 ], [ -2.442924844701693, 56.728467078760517 ], [ -2.442920886613251, 56.72847578818191 ], [ -2.442916951598374, 56.728484501713581 ], [ -2.442913038377772, 56.728493219047117 ], [ -2.442909145672153, 56.728501939874143 ], [ -2.442905272202225, 56.728510663886247 ], [ -2.442901416688694, 56.728519390775041 ], [ -2.442897577852266, 56.728528120232113 ], [ -2.442893754413645, 56.728536851949066 ], [ -2.442889945093533, 56.728545585617489 ], [ -2.442886148612633, 56.728554320929014 ], [ -2.442882363691647, 56.728563057575208 ], [ -2.442878589051272, 56.728571795247703 ], [ -2.442874823412211, 56.72858053363808 ], [ -2.442871065495161, 56.728589272437922 ], [ -2.442867314020818, 56.72859801133886 ], [ -2.442863567709877, 56.728606750032498 ], [ -2.442859825283035, 56.72861548821038 ], [ -2.442856085460984, 56.728624225564175 ], [ -2.442852346964418, 56.728632961785408 ], [ -2.442848608514028, 56.728641696565752 ], [ -2.442844868830504, 56.728650429596762 ], [ -2.442841126634537, 56.728659160570047 ], [ -2.442837380646813, 56.72866788917721 ], [ -2.442833629588025, 56.72867661510984 ], [ -2.442829872178855, 56.728685338059542 ], [ -2.442826107139989, 56.728694057717888 ], [ -2.44282233319211, 56.728702773776526 ], [ -2.442818549055904, 56.728711485927008 ], [ -2.442814753452052, 56.728720193860951 ], [ -2.442810945101237, 56.728728897269946 ], [ -2.442807122724134, 56.728737595845594 ], [ -2.442803285041428, 56.728746289279492 ], [ -2.442799430773793, 56.728754977263222 ], [ -2.44279555864191, 56.728763659488415 ], [ -2.442791667366453, 56.728772335646624 ], [ -2.442787755668098, 56.728781005429475 ], [ -2.442783822267515, 56.728789668528549 ], [ -2.442779865885384, 56.728798324635449 ], [ -2.442775885242371, 56.72880697344177 ], [ -2.442771879059148, 56.728815614639096 ], [ -2.442767846056389, 56.728824247919043 ], [ -2.442763784954759, 56.728832872973186 ], [ -2.442759694474927, 56.728841489493121 ], [ -2.442755573337561, 56.728850097170465 ], [ -2.442751420263326, 56.728858695696779 ], [ -2.442747233972889, 56.72886728476368 ], [ -2.44274301318691, 56.728875864062744 ], [ -2.442738756626057, 56.728884433285586 ], [ -2.442734463010989, 56.728892992123789 ], [ -2.442730131062369, 56.728901540268943 ], [ -2.442725759500855, 56.728910077412642 ], [ -2.44272134704711, 56.728918603246491 ], [ -2.442716892514492, 56.7289271174864 ], [ -2.442712396568896, 56.728935620334781 ], [ -2.442707861585567, 56.728944112442839 ], [ -2.442703290003756, 56.728952594478642 ], [ -2.442698684262714, 56.728961067110234 ], [ -2.442694046801699, 56.728969531005653 ], [ -2.442689380059972, 56.728977986832952 ], [ -2.442684686476788, 56.728986435260154 ], [ -2.442679968491408, 56.72899487695534 ], [ -2.442675228543097, 56.729003312586521 ], [ -2.442670469071119, 56.729011742821775 ], [ -2.44266569251474, 56.729020168329129 ], [ -2.442660901313232, 56.729028589776625 ], [ -2.442656097905862, 56.729037007832339 ], [ -2.442651284731904, 56.729045423164266 ], [ -2.442646464230632, 56.729053836440521 ], [ -2.44264163884132, 56.729062248329122 ], [ -2.442636811003249, 56.729070659498113 ], [ -2.442631983155698, 56.729079070615555 ], [ -2.442627157737943, 56.729087482349478 ], [ -2.442622337189277, 56.729095895367962 ], [ -2.442617523948975, 56.729104310339018 ], [ -2.442612720456329, 56.729112727930747 ], [ -2.442607929150628, 56.729121148811174 ], [ -2.44260315247116, 56.729129573648343 ], [ -2.442598392857221, 56.729138003110329 ], [ -2.442593652748099, 56.729146437865168 ], [ -2.442588934583094, 56.729154878580921 ], [ -2.442584240801508, 56.729163325925633 ], [ -2.442579573842634, 56.729171780567377 ], [ -2.442574936145774, 56.729180243174184 ], [ -2.442570330026016, 56.729188714380065 ], [ -2.442565756006946, 56.72919719432786 ], [ -2.442561213266633, 56.729205682791509 ], [ -2.442556700950407, 56.729214179535965 ], [ -2.442552218203605, 56.729222684326203 ], [ -2.44254776417156, 56.729231196927223 ], [ -2.442543337999609, 56.729239717103972 ], [ -2.442538938833081, 56.729248244621409 ], [ -2.442534565817313, 56.729256779244508 ], [ -2.442530218097634, 56.729265320738243 ], [ -2.442525894819375, 56.729273868867573 ], [ -2.442521595127867, 56.729282423397493 ], [ -2.442517318168441, 56.729290984092955 ], [ -2.442513063086425, 56.729299550718906 ], [ -2.442508829027149, 56.729308123040347 ], [ -2.44250461513594, 56.729316700822224 ], [ -2.442500420558126, 56.72932528382951 ], [ -2.442496244439033, 56.729333871827173 ], [ -2.442492085923987, 56.729342464580171 ], [ -2.442487944158315, 56.729351061853507 ], [ -2.44248381828734, 56.72935966341209 ], [ -2.442479707456389, 56.729368269020945 ], [ -2.442475610810781, 56.729376878445024 ], [ -2.442471527495844, 56.729385491449264 ], [ -2.442467456656894, 56.729394107798655 ], [ -2.442463397439257, 56.72940272725814 ], [ -2.442459348988253, 56.729411349592738 ], [ -2.442455310449203, 56.729419974567364 ], [ -2.442451280967423, 56.729428601946999 ], [ -2.442447259688235, 56.729437231496625 ], [ -2.442443245756956, 56.729445862981173 ], [ -2.442439238318906, 56.729454496165644 ], [ -2.442435236519394, 56.729463130814999 ], [ -2.442431239503746, 56.729471766694175 ], [ -2.442427246417272, 56.729480403568168 ], [ -2.442423256405286, 56.729489041201937 ], [ -2.442419268613106, 56.729497679360428 ], [ -2.442415282186043, 56.729506317808635 ], [ -2.442411296269409, 56.729514956311498 ], [ -2.442407310008517, 56.729523594633996 ], [ -2.442403322548819, 56.729532232541125 ], [ -2.442399333179854, 56.729540869845096 ], [ -2.442395341607274, 56.729549506494322 ], [ -2.442391347611409, 56.729558142461713 ], [ -2.442387350972577, 56.729566777720144 ], [ -2.442383351471108, 56.729575412242482 ], [ -2.442379348887321, 56.729584046001648 ], [ -2.442375343001549, 56.729592678970505 ], [ -2.442371333594108, 56.729601311121925 ], [ -2.442367320445326, 56.72960994242883 ], [ -2.442363303335526, 56.729618572864084 ], [ -2.442359282045033, 56.729627202400572 ], [ -2.442355256354169, 56.729635831011173 ], [ -2.442351226043258, 56.729644458668801 ], [ -2.442347190892622, 56.729653085346321 ], [ -2.442343150682585, 56.729661711016611 ], [ -2.44233910519347, 56.729670335652578 ], [ -2.442335054205598, 56.729678959227073 ], [ -2.442330997499293, 56.729687581713016 ], [ -2.442326934854877, 56.729696203083286 ], [ -2.442322866052671, 56.729704823310755 ], [ -2.442318790872998, 56.729713442368322 ], [ -2.442314709096178, 56.729722060228859 ], [ -2.442310620502535, 56.729730676865252 ], [ -2.442306524872388, 56.7297392922504 ], [ -2.44230242198606, 56.729747906357176 ], [ -2.442298311623869, 56.729756519158471 ], [ -2.442294193566137, 56.729765130627158 ], [ -2.442290067593186, 56.729773740736135 ], [ -2.442285933485336, 56.729782349458304 ], [ -2.442281791022906, 56.729790956766507 ], [ -2.442277639986216, 56.729799562633666 ], [ -2.442273480155587, 56.729808167032637 ], [ -2.442269311311337, 56.729816769936335 ], [ -2.442265133233784, 56.729825371317617 ], [ -2.442260945703253, 56.729833971149382 ], [ -2.442256748500057, 56.729842569404504 ], [ -2.442252541404519, 56.729851166055887 ], [ -2.442248324196956, 56.729859761076412 ], [ -2.442244096657685, 56.729868354438963 ], [ -2.442239858567027, 56.729876946116399 ], [ -2.442235609705298, 56.729885536081625 ], [ -2.442231349852818, 56.729894124307521 ], [ -2.442227078789902, 56.729902710766979 ], [ -2.44222279629687, 56.729911295432892 ], [ -2.442218502154037, 56.729919878278118 ], [ -2.442214196141724, 56.729928459275555 ], [ -2.442209878040246, 56.729937038398091 ], [ -2.44220554762992, 56.729945615618597 ], [ -2.442201204691059, 56.729954190909986 ], [ -2.442196849003985, 56.729962764245116 ], [ -2.442192480349013, 56.729971335596886 ], [ -2.442188098506458, 56.729979904938155 ], [ -2.442183703256635, 56.729988472241821 ], [ -2.442179294379863, 56.729997037480778 ], [ -2.442174871656453, 56.730005600627919 ], [ -2.442170434866724, 56.730014161656094 ], [ -2.442165983790991, 56.730022720538209 ], [ -2.442161518209568, 56.73003127724715 ], [ -2.442157037902769, 56.730039831755789 ], [ -2.442152542650911, 56.730048384037026 ], [ -2.442148032234308, 56.730056934063718 ], [ -2.44214350643327, 56.730065481808779 ], [ -2.442138965028118, 56.730074027245074 ], [ -2.44213440779916, 56.730082570345502 ], [ -2.442129834526716, 56.730091111082928 ], [ -2.442125244991095, 56.730099649430244 ], [ -2.442120638972611, 56.730108185360343 ], [ -2.442116016251578, 56.730116718846098 ], [ -2.442111376608309, 56.730125249860386 ], [ -2.442106719823118, 56.7301337783761 ], [ -2.442102045676314, 56.730142304366119 ], [ -2.442097353975099, 56.730150827806924 ], [ -2.442092644887552, 56.73015934872317 ], [ -2.442087918839842, 56.730167867173975 ], [ -2.442083176263722, 56.730176383219202 ], [ -2.442078417590948, 56.730184896918743 ], [ -2.442073643253275, 56.730193408332447 ], [ -2.44206885368246, 56.730201917520148 ], [ -2.442064049310262, 56.730210424541774 ], [ -2.442059230568437, 56.730218929457173 ], [ -2.442054397888738, 56.730227432326181 ], [ -2.442049551702929, 56.730235933208689 ], [ -2.442044692442767, 56.730244432164575 ], [ -2.442039820540009, 56.730252929253687 ], [ -2.442034936426413, 56.730261424535911 ], [ -2.442030040533742, 56.730269918071095 ], [ -2.442025133293751, 56.730278409919102 ], [ -2.442020215138204, 56.730286900139838 ], [ -2.442015286498859, 56.730295388793131 ], [ -2.442010347807478, 56.730303875938873 ], [ -2.442005399495822, 56.730312361636912 ], [ -2.44200044199565, 56.730320845947134 ], [ -2.441995475738727, 56.730329328929407 ], [ -2.441990501156815, 56.730337810643597 ], [ -2.441985518681675, 56.730346291149559 ], [ -2.441980528745068, 56.730354770507176 ], [ -2.441975531778762, 56.7303632487763 ], [ -2.441970528214517, 56.73037172601682 ], [ -2.441965518484098, 56.730380202288579 ], [ -2.441960503019269, 56.730388677651483 ], [ -2.441955482251795, 56.730397152165366 ], [ -2.441950456613441, 56.730405625890114 ], [ -2.441945426535973, 56.730414098885589 ], [ -2.441940392451153, 56.730422571211676 ], [ -2.441935354790751, 56.730431042928224 ], [ -2.441930313986536, 56.730439514095103 ], [ -2.441925270470266, 56.730447984772191 ], [ -2.441920224673713, 56.730456455019358 ], [ -2.441915177028645, 56.730464924896467 ], [ -2.441910127966831, 56.730473394463395 ], [ -2.441905077920036, 56.73048186378 ], [ -2.44190002732003, 56.730490332906157 ], [ -2.441894976598581, 56.730498801901753 ], [ -2.44188992618746, 56.730507270826642 ], [ -2.441884876518435, 56.730515739740682 ], [ -2.441879828023276, 56.730524208703756 ], [ -2.441874781133752, 56.730532677775734 ], [ -2.441869736281637, 56.73054114701646 ], [ -2.4418646938987, 56.730549616485852 ], [ -2.441859654416712, 56.730558086243768 ], [ -2.441854618267444, 56.730566556350063 ], [ -2.44184958588267, 56.730575026864592 ], [ -2.441844557694161, 56.73058349784727 ], [ -2.44183953413369, 56.730591969357917 ], [ -2.44183451563303, 56.730600441456431 ], [ -2.441829502623953, 56.730608914202698 ], [ -2.441824495538237, 56.730617387656565 ], [ -2.441819494807652, 56.730625861877883 ], [ -2.441814500863975, 56.730634336926585 ], [ -2.441809514138978, 56.730642812862492 ], [ -2.441804535064438, 56.730651289745481 ], [ -2.44179956407213, 56.730659767635444 ], [ -2.441794601593831, 56.730668246592224 ], [ -2.441789648061317, 56.730676726675711 ], [ -2.441784703906364, 56.730685207945776 ], [ -2.441779769560749, 56.730693690462282 ], [ -2.441774845456247, 56.730702174285113 ], [ -2.44176993202464, 56.730710659474134 ], [ -2.441765029697703, 56.730719146089214 ], [ -2.441760138907215, 56.73072763419021 ], [ -2.441755260084955, 56.730736123837019 ], [ -2.441750393662704, 56.730744615089506 ], [ -2.441745540070821, 56.730753108007335 ], [ -2.441740699519508, 56.730761602619658 ], [ -2.441735871762104, 56.730770098892279 ], [ -2.441731056495147, 56.730778596783068 ], [ -2.441726253415168, 56.730787096249976 ], [ -2.4417214622187, 56.730795597250896 ], [ -2.441716682602276, 56.73080409974375 ], [ -2.441711914262426, 56.730812603686438 ], [ -2.441707156895685, 56.730821109036874 ], [ -2.441702410198582, 56.730829615752967 ], [ -2.441697673867649, 56.73083812379263 ], [ -2.441692947599418, 56.730846633113764 ], [ -2.441688231090418, 56.730855143674297 ], [ -2.441683524037183, 56.730863655432124 ], [ -2.441678826136239, 56.730872168345165 ], [ -2.441674137084119, 56.730880682371314 ], [ -2.441669456577352, 56.730889197468507 ], [ -2.441664784312467, 56.730897713594629 ], [ -2.441660119985994, 56.730906230707603 ], [ -2.441655463294463, 56.730914748765336 ], [ -2.441650813934403, 56.73092326772575 ], [ -2.441646171602341, 56.730931787546751 ], [ -2.441641535994804, 56.730940308186213 ], [ -2.441636906808322, 56.730948829602099 ], [ -2.441632283739425, 56.730957351752288 ], [ -2.441627666484638, 56.730965874594688 ], [ -2.441623054740487, 56.73097439808722 ], [ -2.441618448203502, 56.730982922187799 ], [ -2.441613846570211, 56.730991446854318 ], [ -2.441609249537136, 56.730999972044707 ], [ -2.441604656800806, 56.73100849771685 ], [ -2.441600068057748, 56.731017023828677 ], [ -2.441595483004486, 56.731025550338074 ], [ -2.441590901337546, 56.731034077202978 ], [ -2.441586322753454, 56.731042604381287 ], [ -2.441581746948736, 56.731051131830895 ], [ -2.441577173619913, 56.731059659509739 ], [ -2.441572602463514, 56.731068187375719 ], [ -2.441568033176063, 56.731076715386735 ], [ -2.441563465454078, 56.731085243500694 ], [ -2.441558898994094, 56.731093771675518 ], [ -2.441554333492623, 56.731102299869107 ], [ -2.441549768646195, 56.73111082803937 ], [ -2.441545204151334, 56.73111935614422 ], [ -2.441540639704558, 56.731127884141571 ], [ -2.441536075002392, 56.731136411989333 ], [ -2.441531509741361, 56.731144939645375 ], [ -2.441526943617983, 56.731153467067671 ], [ -2.44152237632878, 56.731161994214077 ], [ -2.441517807570277, 56.731170521042507 ], [ -2.44151323703899, 56.731179047510906 ], [ -2.441508664431447, 56.731187573577174 ], [ -2.441504089444162, 56.731196099199174 ], [ -2.441499511773662, 56.73120462433485 ], [ -2.441494931116462, 56.731213148942118 ], [ -2.441490347169084, 56.731221672978862 ], [ -2.441485759628049, 56.731230196402997 ], [ -2.441481168189877, 56.731238719172445 ], [ -2.441476572551083, 56.7312472412451 ], [ -2.441471972408192, 56.731255762578876 ], [ -2.441467367457718, 56.731264283131686 ], [ -2.441462757396181, 56.731272802861426 ], [ -2.441458141920101, 56.731281321726016 ], [ -2.441453520725994, 56.731289839683349 ], [ -2.441448893510379, 56.731298356691354 ], [ -2.441444259969775, 56.731306872707918 ], [ -2.441439619800696, 56.731315387690941 ], [ -2.441434972699662, 56.731323901598373 ], [ -2.441430318363186, 56.731332414388085 ], [ -2.441425656487789, 56.731340926017999 ], [ -2.441420986769986, 56.731349436446003 ], [ -2.441416308969569, 56.731357945639914 ], [ -2.441411623403437, 56.731366453654502 ], [ -2.441406930678046, 56.731374960589825 ], [ -2.441402231402328, 56.731383466546241 ], [ -2.441397526185217, 56.731391971624198 ], [ -2.441392815635651, 56.731400475924069 ], [ -2.44138810036256, 56.731408979546259 ], [ -2.441383380974882, 56.731417482591191 ], [ -2.44137865808155, 56.731425985159284 ], [ -2.441373932291503, 56.731434487350917 ], [ -2.441369204213674, 56.731442989266498 ], [ -2.441364474457004, 56.731451491006446 ], [ -2.441359743630428, 56.731459992671134 ], [ -2.441355012342886, 56.731468494361032 ], [ -2.441350281203315, 56.731476996176504 ], [ -2.441345550820656, 56.731485498217936 ], [ -2.441340821803847, 56.731494000585762 ], [ -2.441336094761829, 56.731502503380405 ], [ -2.441331370303541, 56.731511006702235 ], [ -2.441326649037925, 56.731519510651694 ], [ -2.441321931573924, 56.731528015329154 ], [ -2.441317218520477, 56.73153652083505 ], [ -2.441312510486529, 56.731545027269775 ], [ -2.441307808081024, 56.731553534733749 ], [ -2.441303111912901, 56.731562043327365 ], [ -2.441298422591108, 56.731570553151023 ], [ -2.441293740724589, 56.731579064305144 ], [ -2.441289066922288, 56.731587576890149 ], [ -2.441284401793151, 56.731596091006431 ], [ -2.441279745946124, 56.731604606754395 ], [ -2.441275099990153, 56.731613124234435 ], [ -2.441270464534187, 56.731621643546987 ], [ -2.44126584018717, 56.73163016479247 ], [ -2.441261227558054, 56.731638688071236 ], [ -2.441256627255785, 56.731647213483747 ], [ -2.441252039889311, 56.731655741130368 ], [ -2.441247466067584, 56.731664271111562 ], [ -2.441242906399552, 56.731672803527687 ], [ -2.441238361494168, 56.731681338479163 ], [ -2.441233831960381, 56.731689876066426 ], [ -2.441229318407143, 56.731698416389854 ], [ -2.441224821443406, 56.731706959549875 ], [ -2.441220341678123, 56.731715505646875 ], [ -2.441215879720247, 56.731724054781296 ], [ -2.44121143617873, 56.731732607053523 ], [ -2.441207011662529, 56.731741162563964 ], [ -2.441202606780595, 56.73174972141306 ], [ -2.441198222141884, 56.731758283701161 ], [ -2.441193858355354, 56.731766849528739 ], [ -2.441189516029959, 56.731775418996172 ], [ -2.441185195774657, 56.731783992203873 ], [ -2.441180898198403, 56.731792569252242 ], [ -2.441176623910156, 56.731801150241708 ], [ -2.441172373518874, 56.731809735272677 ], [ -2.441168147633513, 56.731818324445534 ], [ -2.44116394686304, 56.731826917860737 ], [ -2.441159771816406, 56.731835515618641 ], [ -2.441155623102576, 56.731844117819705 ], [ -2.441151501330508, 56.731852724564312 ], [ -2.441147407109165, 56.731861335952885 ], [ -2.44114334104751, 56.731869952085823 ], [ -2.441139303754503, 56.73187857306354 ], [ -2.441135295839108, 56.731887198986435 ], [ -2.441131317910286, 56.731895829954944 ], [ -2.441127370577003, 56.731904466069459 ], [ -2.441123454448228, 56.731913107430408 ], [ -2.441119570132918, 56.731921754138185 ], [ -2.441115718240041, 56.731930406293216 ], [ -2.441111899378565, 56.731939063995881 ], [ -2.441108114157457, 56.731947727346622 ], [ -2.441104363082409, 56.731956396427343 ], [ -2.441100645554064, 56.731965071122055 ], [ -2.44109696030299, 56.731973751194715 ], [ -2.441093306050356, 56.731982436407634 ], [ -2.441089681517342, 56.731991126523148 ], [ -2.441086085425118, 56.731999821303525 ], [ -2.441082516494854, 56.73200852051108 ], [ -2.441078973447723, 56.732017223908116 ], [ -2.441075455004892, 56.732025931256942 ], [ -2.441071959887531, 56.732034642319839 ], [ -2.441068486816808, 56.732043356859123 ], [ -2.441065034513886, 56.732052074637103 ], [ -2.441061601699933, 56.732060795416068 ], [ -2.44105818709611, 56.732069518958333 ], [ -2.441054789423585, 56.732078245026194 ], [ -2.441051407403516, 56.732086973381961 ], [ -2.441048039757064, 56.732095703787905 ], [ -2.441044685205389, 56.732104436006367 ], [ -2.441041342469652, 56.732113169799625 ], [ -2.441038010271007, 56.732121904929969 ], [ -2.441034687330612, 56.732130641159721 ], [ -2.441031372369621, 56.732139378251176 ], [ -2.441028064109192, 56.732148115966652 ], [ -2.441024761270477, 56.732156854068407 ], [ -2.441021462574625, 56.732165592318765 ], [ -2.441018166742787, 56.732174330480049 ], [ -2.441014872496118, 56.732183068314505 ], [ -2.441011578555763, 56.732191805584492 ], [ -2.44100828364287, 56.732200542052254 ], [ -2.441004986478588, 56.732209277480145 ], [ -2.44100168578406, 56.732218011630408 ], [ -2.440998380280432, 56.73222674426539 ], [ -2.440995068688843, 56.73223547514737 ], [ -2.440991749730443, 56.732244204038629 ], [ -2.440988422126368, 56.732252930701499 ], [ -2.44098508459776, 56.732261654898252 ], [ -2.440981735865756, 56.732270376391206 ], [ -2.440978374651497, 56.732279094942641 ], [ -2.440974999676117, 56.73228781031488 ], [ -2.440971609660754, 56.73229652227019 ], [ -2.440968203326541, 56.732305230570887 ], [ -2.440964779394613, 56.732313934979274 ], [ -2.440961336586105, 56.732322635257631 ], [ -2.440957873622143, 56.732331331168268 ], [ -2.440954389223863, 56.732340022473458 ], [ -2.44095088211239, 56.732348708935547 ], [ -2.440947351008854, 56.732357390316785 ], [ -2.440943794634383, 56.732366066379491 ], [ -2.440940211710101, 56.732374736885959 ], [ -2.440936600957137, 56.732383401598462 ], [ -2.44093296109661, 56.732392060279331 ], [ -2.44092929084965, 56.732400712690847 ], [ -2.440925588937372, 56.732409358595305 ], [ -2.440921854080902, 56.732417997755 ], [ -2.440918085001359, 56.732426629932228 ], [ -2.44091428041986, 56.732435254889282 ], [ -2.440910439057524, 56.732443872388458 ], [ -2.440906559635469, 56.732452482192052 ], [ -2.44090264087481, 56.732461084062358 ], [ -2.440898681496661, 56.732469677761664 ], [ -2.440894680222137, 56.732478263052272 ], [ -2.440890635772351, 56.732486839696492 ], [ -2.440886546868416, 56.732495407456568 ], [ -2.44088241223144, 56.732503966094846 ], [ -2.440878230582534, 56.732512515373578 ], [ -2.440874000642807, 56.732521055055088 ], [ -2.440869721133371, 56.732529584901663 ], [ -2.440865390775327, 56.732538104675569 ], [ -2.440861008289786, 56.732546614139132 ], [ -2.440856572397848, 56.73255511305463 ], [ -2.440852081820625, 56.732563601184346 ], [ -2.440847535279211, 56.73257207829058 ], [ -2.440842931494714, 56.732580544135629 ], [ -2.440838269188233, 56.732588998481781 ], [ -2.440833547080871, 56.732597441091315 ], [ -2.440828763893728, 56.73260587172652 ], [ -2.440823918347899, 56.732614290149705 ], [ -2.440819009164485, 56.732622696123144 ], [ -2.440814035064581, 56.732631089409146 ], [ -2.440808994769283, 56.732639469769978 ], [ -2.44080388699969, 56.732647836967928 ], [ -2.440798710476889, 56.732656190765297 ], [ -2.440793463921309, 56.732664530923643 ], [ -2.440788145203153, 56.732672856303893 ], [ -2.440782749679727, 56.7326811631049 ], [ -2.440777272246313, 56.732689447036073 ], [ -2.440771707798186, 56.732697703806835 ], [ -2.440766051230618, 56.732705929126567 ], [ -2.44076029743888, 56.73271411870472 ], [ -2.440754441318246, 56.732722268250683 ], [ -2.440748477763988, 56.732730373473856 ], [ -2.440742401671374, 56.732738430083657 ], [ -2.440736207935671, 56.732746433789494 ], [ -2.440729891862039, 56.732754380501035 ], [ -2.440723458425096, 56.732762270852497 ], [ -2.440716922405299, 56.732770110269243 ], [ -2.440710299020285, 56.732777904390268 ], [ -2.440703603487697, 56.732785658854553 ], [ -2.440696851025183, 56.732793379301093 ], [ -2.440690056850411, 56.732801071368854 ], [ -2.440683236181044, 56.732808740696875 ], [ -2.440676404234766, 56.732816392924121 ], [ -2.440669576229259, 56.732824033689589 ], [ -2.440662767382219, 56.732831668632294 ], [ -2.440655992911348, 56.732839303391259 ], [ -2.440649268034356, 56.732846943605459 ], [ -2.440642607968964, 56.73285459491396 ], [ -2.4406360279329, 56.732862262955734 ], [ -2.440629543143896, 56.732869953369807 ], [ -2.440623168819702, 56.732877671795237 ], [ -2.440616920178067, 56.732885423871039 ], [ -2.440610812436757, 56.73289321523621 ], [ -2.440604860813542, 56.732901051529829 ], [ -2.440599080526208, 56.732908938390899 ], [ -2.440593486788083, 56.732916881457022 ], [ -2.440588089225795, 56.732924884558109 ], [ -2.440582880970852, 56.732932946186686 ], [ -2.440577852125188, 56.732941063855037 ], [ -2.44057299279073, 56.732949235075431 ], [ -2.440568293069406, 56.732957457360115 ], [ -2.440563743063132, 56.732965728221366 ], [ -2.44055933287382, 56.732974045171446 ], [ -2.440555052603376, 56.732982405722602 ], [ -2.440550892353698, 56.732990807387097 ], [ -2.44054684222668, 56.732999247677171 ], [ -2.440542892324204, 56.733007724105079 ], [ -2.440539032748146, 56.733016234183083 ], [ -2.44053525360038, 56.733024775423431 ], [ -2.440531544982769, 56.733033345338356 ], [ -2.440527896997165, 56.733041941440113 ], [ -2.44052429974542, 56.733050561240951 ], [ -2.44052074332937, 56.733059202253102 ], [ -2.440517217850851, 56.733067861988808 ], [ -2.440513713411684, 56.733076537960336 ], [ -2.440510220113684, 56.733085227679894 ], [ -2.440506728058662, 56.73309392865972 ], [ -2.440503227348417, 56.733102638412078 ], [ -2.440499708084737, 56.733111354449186 ], [ -2.440496160369412, 56.733120074283271 ], [ -2.44049257430421, 56.733128795426573 ], [ -2.440488939990905, 56.733137515391348 ], [ -2.440485247531254, 56.733146231689787 ], [ -2.440481487027006, 56.733154941834137 ], [ -2.440477648579907, 56.733163643336624 ], [ -2.440473722291688, 56.733172333709497 ], [ -2.440469698264082, 56.733181010464932 ], [ -2.44046556656602, 56.733189671157042 ], [ -2.440461317330019, 56.733198313258683 ], [ -2.440456940659836, 56.733206934279494 ], [ -2.440452426657183, 56.733215531731638 ], [ -2.440447765423756, 56.733224103127341 ], [ -2.440442947061249, 56.733232645978809 ], [ -2.440437961671348, 56.733241157798226 ], [ -2.440432799355727, 56.733249636097788 ], [ -2.440427450216065, 56.733258078389717 ], [ -2.440421904651086, 56.733266482248013 ], [ -2.440416163127232, 56.733274847342564 ], [ -2.440410238391794, 56.733283175899842 ], [ -2.440404143937256, 56.733291470301417 ], [ -2.440397893256118, 56.733299732928884 ], [ -2.440391499840888, 56.733307966163842 ], [ -2.440384977184076, 56.733316172387845 ], [ -2.44037833877822, 56.733324353982525 ], [ -2.440371598115851, 56.733332513329472 ], [ -2.440364768689525, 56.73334065281027 ], [ -2.440357863991799, 56.733348774806529 ], [ -2.440350897515243, 56.733356881699869 ], [ -2.440343882752435, 56.733364975871893 ], [ -2.440336833195965, 56.733373059704206 ], [ -2.440329762338437, 56.733381135578398 ], [ -2.440322683672453, 56.733389205876151 ], [ -2.440315610690636, 56.733397272979033 ], [ -2.440308556885613, 56.733405339268671 ], [ -2.440301535750022, 56.733413407126726 ], [ -2.440294560776509, 56.733421478934801 ], [ -2.440287645457737, 56.733429557074523 ], [ -2.440280803286368, 56.733437643927566 ], [ -2.44027404775508, 56.733445741875535 ], [ -2.440267392356563, 56.733453853300105 ], [ -2.440260850583511, 56.733461980582874 ], [ -2.440254435928636, 56.733470126105537 ], [ -2.440248161884649, 56.733478292249721 ], [ -2.440242041944284, 56.733486481397101 ], [ -2.440236089600277, 56.733494695929295 ], [ -2.440230318345378, 56.733502938227986 ], [ -2.440224741368243, 56.733511210628684 ], [ -2.440219362977979, 56.733519514119251 ], [ -2.44021417741034, 56.733527848158786 ], [ -2.440209178357005, 56.733536212123752 ], [ -2.440204359509657, 56.733544605390655 ], [ -2.440199714559975, 56.733553027335972 ], [ -2.440195237199625, 56.733561477336217 ], [ -2.440190921120279, 56.733569954767873 ], [ -2.4401867600136, 56.73357845900739 ], [ -2.440182747571243, 56.733586989431309 ], [ -2.440178877484863, 56.73359554541608 ], [ -2.44017514344611, 56.7336041263382 ], [ -2.440171539146625, 56.733612731574134 ], [ -2.440168058278046, 56.733621360500358 ], [ -2.440164694532008, 56.733630012493379 ], [ -2.44016144160014, 56.733638686929652 ], [ -2.440158293174065, 56.733647383185655 ], [ -2.440155242945401, 56.733656100637859 ], [ -2.440152284605759, 56.733664838662769 ], [ -2.44014941184675, 56.733673596636827 ], [ -2.440146618359972, 56.733682373936496 ], [ -2.440143897837027, 56.73369116993829 ], [ -2.440141243969501, 56.733699984018635 ], [ -2.440138650448983, 56.733708815554039 ], [ -2.440136110967052, 56.733717663920949 ], [ -2.440133619215285, 56.733726528495851 ], [ -2.440131168885249, 56.733735408655185 ], [ -2.440128753668507, 56.733744303775445 ], [ -2.440126367256621, 56.733753213233079 ], [ -2.440124003341139, 56.733762136404572 ], [ -2.44012165561361, 56.733771072666386 ], [ -2.440119317765574, 56.733780021394978 ], [ -2.440116983488566, 56.733788981966825 ], [ -2.440114646474115, 56.733797953758376 ], [ -2.440112300413746, 56.733806936146095 ], [ -2.440109938998974, 56.733815928506452 ], [ -2.440107555921313, 56.733824930215917 ], [ -2.440105144872269, 56.733833940650946 ], [ -2.440102699543341, 56.733842959188003 ], [ -2.440100213626023, 56.733851985203543 ], [ -2.440097681373189, 56.733861018061233 ], [ -2.440095148161341, 56.733870055962072 ], [ -2.440092750700644, 56.733879095029671 ], [ -2.440090635163817, 56.733888131172506 ], [ -2.440088947723715, 56.733897160299058 ], [ -2.440087834553331, 56.733906178317781 ], [ -2.440087441825802, 56.733915181137171 ], [ -2.440087915714396, 56.733924164665702 ], [ -2.440089402392517, 56.73393312481182 ], [ -2.440092048033705, 56.733942057483972 ], [ -2.44009599657772, 56.733950958443245 ], [ -2.440101240645834, 56.733959813476282 ], [ -2.44010752779728, 56.733968592215838 ], [ -2.440114583231279, 56.733977262820851 ], [ -2.440122132146774, 56.733985793450266 ], [ -2.440129899742415, 56.733994152263094 ], [ -2.440137611216588, 56.734002307418407 ], [ -2.440144991767408, 56.734010227075345 ], [ -2.440151766592749, 56.734017879393107 ], [ -2.440157660890265, 56.734025232530918 ], [ -2.440162399857407, 56.734032254648078 ], [ -2.440165708691471, 56.734038913903866 ], [ -2.440167312589617, 56.734045178457563 ], [ -2.44016693674892, 56.734051016468392 ], [ -2.440164306711699, 56.734056396159026 ], [ -2.440159278444128, 56.734061309754004 ], [ -2.440152033850543, 56.734065809460375 ], [ -2.44014280491679, 56.734069956701624 ], [ -2.440131823628881, 56.734073812901165 ], [ -2.440119321972941, 56.734077439482448 ], [ -2.440105531935169, 56.734080897868949 ], [ -2.440090685501796, 56.734084249484177 ], [ -2.440075014659064, 56.734087555751785 ], [ -2.440058751393211, 56.734090878095444 ], [ -2.440042127690445, 56.734094277938965 ], [ -2.440025375536948, 56.734097816706317 ], [ -2.440008726918878, 56.734101555821525 ], [ -2.439992413822386, 56.734105556708784 ], [ -2.439976668233613, 56.734109880792388 ], [ -2.43996172213874, 56.734114589496755 ], [ -2.439947798492172, 56.734119741550344 ], [ -2.439934961042396, 56.734125348157967 ], [ -2.439923137375402, 56.734131379879194 ], [ -2.439912250689444, 56.734137805963819 ], [ -2.439902224182824, 56.734144595661562 ], [ -2.439892981053873, 56.734151718222094 ], [ -2.439884444500934, 56.734159142895059 ], [ -2.439876537722359, 56.734166838930072 ], [ -2.439869183916487, 56.734174775576712 ], [ -2.439862306281646, 56.734182922084514 ], [ -2.439855828016131, 56.734191247703016 ], [ -2.439849672318206, 56.734199721681762 ], [ -2.439843762386096, 56.734208313270166 ], [ -2.439838021417978, 56.734216991717751 ], [ -2.439832372611987, 56.734225726273962 ], [ -2.439826739166202, 56.734234486188235 ], [ -2.439821044278647, 56.734243240710015 ], [ -2.439815211147299, 56.734251959088695 ], [ -2.43980916297008, 56.734260610573678 ], [ -2.439802822944867, 56.734269164414329 ], [ -2.439796114269678, 56.73427758986012 ], [ -2.439788980146405, 56.73428586367384 ], [ -2.439781438780078, 56.73429399078919 ], [ -2.439773525950976, 56.734301982741115 ], [ -2.439765277439407, 56.734309851064502 ], [ -2.43975672902571, 56.73431760729428 ], [ -2.439747916490247, 56.734325262965406 ], [ -2.439738875613402, 56.734332829612782 ], [ -2.439729642175577, 56.734340318771373 ], [ -2.4397202519572, 56.734347741976144 ], [ -2.439710740738714, 56.73435511076206 ], [ -2.439701144300578, 56.734362436664107 ], [ -2.439691498423275, 56.734369731217257 ], [ -2.439681838887291, 56.734377005956553 ], [ -2.439672201473143, 56.734384272416975 ], [ -2.439662621961353, 56.734391542133551 ], [ -2.43965313613246, 56.734398826641311 ], [ -2.439643779767027, 56.734406137475325 ], [ -2.439634588645625, 56.734413486170638 ], [ -2.439625598548845, 56.734420884262299 ], [ -2.439616845257297, 56.734428343285416 ], [ -2.43960836454518, 56.734435874773069 ], [ -2.439600181417718, 56.734443486914586 ], [ -2.439592288110538, 56.734451177724374 ], [ -2.439584670648812, 56.734458943288494 ], [ -2.439577315057712, 56.734466779693001 ], [ -2.439570207362399, 56.734474683023961 ], [ -2.439563333588033, 56.734482649367408 ], [ -2.439556679759764, 56.734490674809372 ], [ -2.439550231902734, 56.734498755435901 ], [ -2.439543976042085, 56.734506887333033 ], [ -2.439537898202942, 56.734515066586809 ], [ -2.439531984410426, 56.734523289283224 ], [ -2.439526220689653, 56.734531551508319 ], [ -2.439520593065723, 56.734539849348117 ], [ -2.439515087563731, 56.734548178888623 ], [ -2.439509690208765, 56.734556536215855 ], [ -2.439504387025895, 56.734564917415824 ], [ -2.439499164040192, 56.73457331857454 ], [ -2.439494007276712, 56.734581735777979 ], [ -2.439488902760499, 56.734590165112195 ], [ -2.439483836516587, 56.734598602663148 ], [ -2.439478794570005, 56.734607044516849 ], [ -2.439473762945767, 56.734615486759289 ], [ -2.439468727668876, 56.734623925476455 ], [ -2.439463674764328, 56.734632356754368 ], [ -2.439458590257108, 56.73464077667898 ], [ -2.439453460172187, 56.734649181336295 ], [ -2.43944827053453, 56.734657566812288 ], [ -2.439443007369092, 56.734665929192943 ], [ -2.439437656700816, 56.734674264564227 ], [ -2.439432204554635, 56.734682569012122 ], [ -2.439426636955473, 56.734690838622583 ], [ -2.439420943677306, 56.734699070354722 ], [ -2.439415140984427, 56.73470726733666 ], [ -2.43940925655395, 56.73471543535441 ], [ -2.439403318107687, 56.734723580204395 ], [ -2.439397353367461, 56.734731707683054 ], [ -2.439391390055126, 56.734739823586807 ], [ -2.439385455892547, 56.734747933712079 ], [ -2.439379578601617, 56.734756043855313 ], [ -2.439373785904244, 56.73476415981294 ], [ -2.439368105522355, 56.73477228738146 ], [ -2.439362565177906, 56.734780432357269 ], [ -2.439357192592862, 56.734788600536859 ], [ -2.439352015489214, 56.73479679771669 ], [ -2.439347061588982, 56.734805029693248 ], [ -2.439342358614196, 56.734813302262985 ], [ -2.439337934286919, 56.734821621222366 ], [ -2.439333816329226, 56.734829992367885 ], [ -2.439330032463229, 56.734838421496036 ], [ -2.439326610411056, 56.734846914403285 ], [ -2.439323577894865, 56.734855476886104 ], [ -2.439320962636843, 56.734864114740979 ], [ -2.439318781644912, 56.734872831796771 ], [ -2.439317003350823, 56.734881622961559 ], [ -2.4393155824267, 56.734890480616457 ], [ -2.439314473543747, 56.734899397142513 ], [ -2.439313631373124, 56.734908364920678 ], [ -2.43931301058596, 56.734917376331971 ], [ -2.439312565853335, 56.734926423757358 ], [ -2.439312251846294, 56.734935499577844 ], [ -2.439312023235836, 56.734944596174401 ], [ -2.439311834692915, 56.734953705928028 ], [ -2.43931164088845, 56.734962821219675 ], [ -2.439311396493308, 56.734971934430341 ], [ -2.439311056178317, 56.734981037940983 ], [ -2.439310574614261, 56.734990124132629 ], [ -2.439309906471886, 56.734999185386201 ], [ -2.439309006421886, 56.73500821408269 ], [ -2.439307829134923, 56.735017202603096 ], [ -2.439306329281611, 56.735026143328334 ], [ -2.439304461532531, 56.735035028639409 ], [ -2.439302180558226, 56.735043850917251 ], [ -2.439299441029197, 56.735052602542815 ], [ -2.439296204359688, 56.735061277006182 ], [ -2.439292477701589, 56.735069875319745 ], [ -2.439288287204346, 56.735078401620434 ], [ -2.439283659079182, 56.735086860055269 ], [ -2.439278619537343, 56.735095254771302 ], [ -2.439273194790095, 56.735103589915582 ], [ -2.439267411048741, 56.73511186963519 ], [ -2.439261294524597, 56.735120098077125 ], [ -2.439254871429006, 56.735128279388469 ], [ -2.439248167973334, 56.735136417716276 ], [ -2.439241210368966, 56.735144517207608 ], [ -2.439234024827309, 56.735152582009526 ], [ -2.439226637559793, 56.735160616269106 ], [ -2.439219074777863, 56.735168624133415 ], [ -2.439211362692989, 56.735176609749544 ], [ -2.439203527516654, 56.735184577264576 ], [ -2.439195595460369, 56.735192530825614 ], [ -2.439187592735653, 56.735200474579742 ], [ -2.439179545554053, 56.735208412674069 ], [ -2.439171480127126, 56.73521634925573 ], [ -2.43916342266646, 56.735224288471827 ], [ -2.439155399383646, 56.7352322344695 ], [ -2.4391474364903, 56.735240191395889 ], [ -2.439139560198065, 56.735248163398111 ], [ -2.439131796718586, 56.735256154623336 ], [ -2.439124172263543, 56.735264169218709 ], [ -2.439116713044624, 56.73527221133142 ], [ -2.439109445273544, 56.735280285108615 ], [ -2.439102395162033, 56.735288394697463 ], [ -2.439095588921846, 56.735296544245145 ], [ -2.439089050745606, 56.735304737551651 ], [ -2.439082780774167, 56.735312974281335 ], [ -2.439076763351567, 56.735321251382246 ], [ -2.439070982545701, 56.735329565754995 ], [ -2.439065422424454, 56.735337914300182 ], [ -2.439060067055703, 56.735346293918376 ], [ -2.439054900507312, 56.735354701510175 ], [ -2.439049906847131, 56.735363133976179 ], [ -2.439045070143001, 56.735371588216907 ], [ -2.43904037446275, 56.735380061133007 ], [ -2.439035803874196, 56.735388549625 ], [ -2.439031342445139, 56.73539705059347 ], [ -2.439026974243376, 56.735405560938979 ], [ -2.439022683336679, 56.735414077562098 ], [ -2.439018453792818, 56.735422597363382 ], [ -2.439014269679545, 56.73543111724338 ], [ -2.439010115064599, 56.735439634102661 ], [ -2.439005974015707, 56.735448144841776 ], [ -2.439001830600583, 56.735456646361285 ], [ -2.438997668886929, 56.735465135561697 ], [ -2.438993472942432, 56.735473609343586 ], [ -2.438989226834769, 56.735482064607524 ], [ -2.438984914631603, 56.735490498253995 ], [ -2.438980520400581, 56.73549890718359 ], [ -2.438976028209343, 56.735507288296802 ], [ -2.438971422125517, 56.735515638494213 ], [ -2.438966686216713, 56.735523954676296 ], [ -2.438961804550533, 56.735532233743626 ], [ -2.43895676119457, 56.735540472596711 ], [ -2.438951540216399, 56.735548668136055 ], [ -2.438946125683592, 56.735556817262207 ], [ -2.438940501663708, 56.735564916875674 ], [ -2.438934652224293, 56.73557296387694 ], [ -2.438928561432883, 56.735580955166562 ], [ -2.438922213357004, 56.735588887644987 ], [ -2.438915592064181, 56.735596758212736 ], [ -2.438908681621923, 56.735604563770302 ], [ -2.438901466097732, 56.735612301218183 ], [ -2.438893929559104, 56.73561996745682 ], [ -2.438886056073527, 56.735627559386714 ], [ -2.438877829708483, 56.735635073908327 ], [ -2.438869252413584, 56.735642511440247 ], [ -2.438860432327246, 56.73564989329256 ], [ -2.43885151663214, 56.735657248456967 ], [ -2.438842652571374, 56.735664605937025 ], [ -2.43883398738814, 56.735671994736364 ], [ -2.438825668325721, 56.735679443858658 ], [ -2.43881784262749, 56.73568698230762 ], [ -2.438810657536922, 56.735694639086965 ], [ -2.438804260297596, 56.735702443200502 ], [ -2.438798798153213, 56.735710423651994 ], [ -2.438794375411534, 56.735718601222317 ], [ -2.438790877534573, 56.735726954780105 ], [ -2.438788120435946, 56.735735449874348 ], [ -2.438785920000348, 56.735744052048524 ], [ -2.438784092112313, 56.735752726846059 ], [ -2.43878245265623, 56.735761439810396 ], [ -2.438780817516325, 56.735770156484925 ], [ -2.438779002576659, 56.73577884241304 ], [ -2.438776823721136, 56.735787463138145 ], [ -2.438774096833502, 56.735795984203612 ], [ -2.438770640783343, 56.73580437178655 ], [ -2.4387663961162, 56.735812617890971 ], [ -2.438761464754645, 56.735820748774607 ], [ -2.43875595974654, 56.735828793056641 ], [ -2.438749994139832, 56.735836779356234 ], [ -2.438743680982554, 56.735844736292613 ], [ -2.438737133322815, 56.735852692484961 ], [ -2.438730464208799, 56.735860676552583 ], [ -2.438723786688767, 56.735868717114677 ], [ -2.438717213811057, 56.735876842790582 ], [ -2.438710858549148, 56.735885082176004 ], [ -2.438704794016756, 56.735893451316251 ], [ -2.438698987989893, 56.735901933089558 ], [ -2.438693391044321, 56.735910504958454 ], [ -2.438687953755775, 56.735919144385363 ], [ -2.438682626699958, 56.735927828832786 ], [ -2.438677360452544, 56.73593653576318 ], [ -2.438672105589174, 56.735945242638984 ], [ -2.438666812685454, 56.735953926922662 ], [ -2.438661432316958, 56.735962566076651 ], [ -2.438655915059231, 56.735971137563368 ], [ -2.438650211487786, 56.735979618845221 ], [ -2.438644272178107, 56.735987987384632 ], [ -2.438638047705652, 56.735996220643983 ], [ -2.438631488645856, 56.736004296085653 ], [ -2.438624545574137, 56.736012191172037 ], [ -2.438617169065894, 56.736019883365479 ], [ -2.438609309696524, 56.736027350128332 ], [ -2.438600918041411, 56.736034568922904 ], [ -2.438591944675946, 56.736041517211483 ], [ -2.438582340529314, 56.736048172609692 ], [ -2.43857210913933, 56.736054535531672 ], [ -2.438561361965863, 56.736060653160827 ], [ -2.438550223710163, 56.736066578418921 ], [ -2.438538819073504, 56.736072364227745 ], [ -2.438527272757191, 56.736078063509105 ], [ -2.438515709462534, 56.736083729184891 ], [ -2.438504253890859, 56.736089414177037 ], [ -2.438493030743504, 56.736095171407484 ], [ -2.438482164721818, 56.736101053798258 ], [ -2.438471780527174, 56.736107114271412 ], [ -2.438462002860986, 56.736113405749045 ], [ -2.438452956424704, 56.736119981153237 ], [ -2.438444745757946, 56.73612688517013 ], [ -2.438437342064148, 56.736134108018419 ], [ -2.438430662410461, 56.736141617802353 ], [ -2.438424623708455, 56.736149382562573 ], [ -2.438419142869688, 56.736157370339697 ], [ -2.438414136805675, 56.736165549174352 ], [ -2.438409522427903, 56.7361738871071 ], [ -2.438405216647811, 56.736182352178488 ], [ -2.43840113637678, 56.736190912429095 ], [ -2.438397198526144, 56.736199535899438 ], [ -2.438393321789132, 56.73620819132379 ], [ -2.438389463040395, 56.736216862301134 ], [ -2.43838561584044, 56.736225546712923 ], [ -2.438381775232459, 56.736234243017812 ], [ -2.438377936259647, 56.736242949674519 ], [ -2.438374093965195, 56.736251665141694 ], [ -2.438370243392285, 56.736260387878019 ], [ -2.4383663795841, 56.736269116342172 ], [ -2.438362497583817, 56.736277848992813 ], [ -2.438358592434611, 56.736286584288671 ], [ -2.438354659179648, 56.736295320688356 ], [ -2.438350692862095, 56.736304056650596 ], [ -2.438346688525117, 56.736312790634017 ], [ -2.438342641211865, 56.736321521097324 ], [ -2.438338545965499, 56.736330246499179 ], [ -2.438334397829167, 56.736338965298252 ], [ -2.438330191846015, 56.736347675953219 ], [ -2.438325923059185, 56.736356376922743 ], [ -2.438321586511815, 56.736365066665492 ], [ -2.438317177247041, 56.736373743640137 ], [ -2.438312690307994, 56.736382406305353 ], [ -2.4383081207378, 56.73639105311981 ], [ -2.438303463579586, 56.736399682542157 ], [ -2.438298713876469, 56.736408293031054 ], [ -2.43829386667157, 56.736416883045187 ], [ -2.438288917007998, 56.736425451043218 ], [ -2.438283859928867, 56.736433995483772 ], [ -2.438278690477284, 56.736442514825562 ], [ -2.438273403696348, 56.736451007527201 ], [ -2.438267994629165, 56.736459472047358 ], [ -2.438262458353804, 56.736467906850599 ], [ -2.438256796096828, 56.736476311434835 ], [ -2.438251022227928, 56.736484687507044 ], [ -2.438245152809345, 56.736493037058644 ], [ -2.438239203903318, 56.736501362081086 ], [ -2.438233191572109, 56.736509664565844 ], [ -2.43822713187799, 56.736517946504357 ], [ -2.438221040883247, 56.736526209888055 ], [ -2.438214934650179, 56.736534456708405 ], [ -2.438208829241094, 56.736542688956881 ], [ -2.438202740718316, 56.73655090862492 ], [ -2.438196685144184, 56.736559117704012 ], [ -2.438190678581046, 56.736567318185621 ], [ -2.438184737091257, 56.736575512061215 ], [ -2.438178876737197, 56.73658370132226 ], [ -2.438173113581251, 56.736591887960238 ], [ -2.438167463685818, 56.736600073966656 ], [ -2.438161943113308, 56.736608261332968 ], [ -2.438156567926146, 56.736616452050669 ], [ -2.43815135418677, 56.736624648111274 ], [ -2.43814631795763, 56.736632851506236 ], [ -2.438141474843599, 56.73664106422963 ], [ -2.438136829991932, 56.736649288333943 ], [ -2.438132378129235, 56.736657525929949 ], [ -2.438128113531926, 56.736665779130867 ], [ -2.438124030476419, 56.736674050049999 ], [ -2.438120123239119, 56.736682340800591 ], [ -2.438116386096432, 56.736690653495899 ], [ -2.43811281332475, 56.736698990249167 ], [ -2.438109399200464, 56.736707353173657 ], [ -2.438106137999963, 56.736715744382629 ], [ -2.438103023999628, 56.73672416598933 ], [ -2.438100051475832, 56.736732620106999 ], [ -2.43809721470495, 56.736741108848889 ], [ -2.438094507963346, 56.736749634328255 ], [ -2.438091925527381, 56.73675819865835 ], [ -2.438089461673411, 56.736766803952399 ], [ -2.438087110677785, 56.736775452323663 ], [ -2.438084866816852, 56.736784145885395 ], [ -2.438082724366954, 56.736792886750806 ], [ -2.438080677604425, 56.736801677033156 ], [ -2.438078720805595, 56.736810518845708 ], [ -2.438076848207025, 56.736819414262079 ], [ -2.438075050722793, 56.736828362048485 ], [ -2.438073313491438, 56.736837355221731 ], [ -2.438071621073582, 56.736846386223256 ], [ -2.438069958029831, 56.736855447494584 ], [ -2.438068308920782, 56.73686453147721 ], [ -2.438066658307015, 56.736873630612614 ], [ -2.438064990749096, 56.736882737342249 ], [ -2.438063290807582, 56.736891844107632 ], [ -2.438061543043011, 56.736900943350243 ], [ -2.438059732015913, 56.736910027511556 ], [ -2.438057842286799, 56.736919089033044 ], [ -2.438055858416171, 56.736928120356211 ], [ -2.438053764964519, 56.736937113922522 ], [ -2.438051546492317, 56.736946062173445 ], [ -2.43804918756003, 56.736954957550459 ], [ -2.438046672728109, 56.736963792495054 ], [ -2.438043986556997, 56.736972559448688 ], [ -2.438041113607126, 56.736981250852828 ], [ -2.438038038438914, 56.736989859148942 ], [ -2.438034745612871, 56.736998376778551 ], [ -2.438031223970775, 56.737006798594379 ], [ -2.43802747805115, 56.737015128289592 ], [ -2.438023515988961, 56.737023371582808 ], [ -2.438019345919184, 56.737031534192688 ], [ -2.438014975976798, 56.73703962183788 ], [ -2.438010414296789, 56.737047640237023 ], [ -2.438005669014152, 56.737055595108785 ], [ -2.438000748263885, 56.737063492171792 ], [ -2.437995660180995, 56.73707133714472 ], [ -2.437990412900488, 56.737079135746214 ], [ -2.43798501455738, 56.737086893694915 ], [ -2.437979473286693, 56.737094616709477 ], [ -2.437973797223448, 56.737102310508561 ], [ -2.437967994502673, 56.7371099808108 ], [ -2.437962073259397, 56.737117633334876 ], [ -2.437956041628653, 56.737125273799442 ], [ -2.437949907745484, 56.737132907923154 ], [ -2.437943679744925, 56.737140541424665 ], [ -2.437937365762021, 56.737148180022629 ], [ -2.437930973931818, 56.737155829435721 ], [ -2.437924512389365, 56.73716349538261 ], [ -2.437917989181471, 56.737171183533953 ], [ -2.43791139895632, 56.737178892272794 ], [ -2.437904708730133, 56.737186604952846 ], [ -2.437897882107531, 56.737194303072251 ], [ -2.437890882693127, 56.737201968129149 ], [ -2.437883674091516, 56.737209581621649 ], [ -2.437876219907274, 56.737217125047863 ], [ -2.43786848374497, 56.737224579905885 ], [ -2.437860429209165, 56.737231927693806 ], [ -2.437852019904407, 56.737239149909691 ], [ -2.437843219446149, 56.737246228055625 ], [ -2.437834020075258, 56.737253154174198 ], [ -2.437824504738821, 56.737259953708005 ], [ -2.437814774308158, 56.737266658699731 ], [ -2.437804929654627, 56.73727330119214 ], [ -2.437795071649629, 56.737279913228008 ], [ -2.437785301164606, 56.737286526850085 ], [ -2.437775719071033, 56.737293174101268 ], [ -2.437766426240427, 56.737299887024378 ], [ -2.437757523544339, 56.737306697662312 ], [ -2.437749111854379, 56.737313638058005 ], [ -2.437741292042207, 56.73732074025439 ], [ -2.437734161141256, 56.737328035165994 ], [ -2.437727736598047, 56.737335530309196 ], [ -2.437721960821766, 56.737343211139738 ], [ -2.43771677329421, 56.737351062252756 ], [ -2.437712113497156, 56.737359068243315 ], [ -2.437707920912341, 56.737367213706513 ], [ -2.437704135021478, 56.737375483237386 ], [ -2.437700695306238, 56.737383861430978 ], [ -2.437697541248249, 56.737392332882372 ], [ -2.437694612329099, 56.737400882186542 ], [ -2.437691848030328, 56.737409493938529 ], [ -2.437689187833423, 56.737418152733319 ], [ -2.437686571219829, 56.73742684316597 ], [ -2.437683937670934, 56.737435549831446 ], [ -2.437681226668079, 56.737444257324753 ], [ -2.437678377692552, 56.737452950240872 ], [ -2.43767533022559, 56.73746161317478 ], [ -2.437672023748382, 56.73747023072147 ], [ -2.437668397742067, 56.737478787475908 ], [ -2.437664391687739, 56.737487268033043 ], [ -2.437659945366471, 56.737495657062972 ], [ -2.43765502908274, 56.737503946883479 ], [ -2.437649669542956, 56.737512143943789 ], [ -2.437643899549252, 56.737520256220442 ], [ -2.437637751903801, 56.737528291689976 ], [ -2.437631259408799, 56.737536258328923 ], [ -2.437624454866464, 56.7375441641138 ], [ -2.437617371079041, 56.737552017021166 ], [ -2.437610040848802, 56.737559825027589 ], [ -2.437602496978041, 56.737567596109621 ], [ -2.437594772269069, 56.737575338243786 ], [ -2.437586899524225, 56.737583059406688 ], [ -2.437578911545865, 56.7375907675749 ], [ -2.437570841136364, 56.737598470725004 ], [ -2.43756272109812, 56.737606176833609 ], [ -2.43755458423355, 56.737613893877295 ], [ -2.437546463345091, 56.737621629832688 ], [ -2.437538391235195, 56.737629392676403 ], [ -2.437530400706346, 56.737637190385087 ], [ -2.437522524561033, 56.737645030935361 ], [ -2.43751479560178, 56.73765292230388 ], [ -2.43750724663113, 56.737660872467309 ], [ -2.437499910451635, 56.737668889402279 ], [ -2.437492819865894, 56.737676981085507 ], [ -2.43748600767651, 56.737685155493622 ], [ -2.437479506686124, 56.737693420603343 ], [ -2.437473349697398, 56.737701784391319 ], [ -2.437467569513025, 56.737710254834276 ], [ -2.437462198935732, 56.737718839908901 ], [ -2.437457270768272, 56.737727547591881 ], [ -2.437452817813435, 56.737736385859911 ], [ -2.437448832160582, 56.737745347271172 ], [ -2.437445136145898, 56.737754360096908 ], [ -2.437441507869877, 56.737763335855952 ], [ -2.437437725432717, 56.737772186067104 ], [ -2.437433566934452, 56.7377808222491 ], [ -2.437428810474958, 56.73778915592063 ], [ -2.437423234153987, 56.737797098600403 ], [ -2.437416616071197, 56.73780456180701 ], [ -2.437408734326202, 56.737811457059017 ], [ -2.437399367312326, 56.737817695996071 ], [ -2.437388398706986, 56.737823233710962 ], [ -2.437375972885857, 56.737828132892759 ], [ -2.437362273877667, 56.737832472596196 ], [ -2.437347485711245, 56.737836331876103 ], [ -2.437331792415457, 56.737839789787316 ], [ -2.437315378019177, 56.737842925384783 ], [ -2.437298426551244, 56.737845817723517 ], [ -2.43728112204044, 56.737848545858583 ], [ -2.437263648515472, 56.737851188845219 ], [ -2.437246190004953, 56.737853825738711 ], [ -2.43722893053741, 56.737856535594446 ], [ -2.437212054141273, 56.737859397467915 ], [ -2.437195744844901, 56.737862490414742 ], [ -2.43718018667659, 56.737865893490593 ], [ -2.437165563664612, 56.737869685751221 ], [ -2.437152053879673, 56.737873943835382 ], [ -2.437139704272883, 56.737878691184179 ], [ -2.437128433874375, 56.737883899338833 ], [ -2.437118156396638, 56.737889537682904 ], [ -2.437108785552212, 56.737895575599993 ], [ -2.437100235053668, 56.737901982473609 ], [ -2.437092418613603, 56.73790872768722 ], [ -2.437085249944616, 56.737915780624306 ], [ -2.437078642759306, 56.737923110668227 ], [ -2.437072510770244, 56.737930687202407 ], [ -2.437066767689977, 56.737938479610186 ], [ -2.437061327231014, 56.737946457274923 ], [ -2.43705610310582, 56.737954589579914 ], [ -2.437051009026808, 56.737962845908484 ], [ -2.437045958706337, 56.737971195643937 ], [ -2.437040865856704, 56.73797960816951 ], [ -2.437035644190153, 56.737988052868495 ], [ -2.437030207418859, 56.737996499124129 ], [ -2.437024469254947, 56.738004916319625 ], [ -2.437018343410474, 56.73801327383822 ], [ -2.437011743597453, 56.738021541063091 ], [ -2.437004583603007, 56.738029687392419 ], [ -2.436996842506432, 56.738037695278294 ], [ -2.436988684075969, 56.738045584097641 ], [ -2.436980304506933, 56.738053379710621 ], [ -2.43697189999479, 56.738061107977423 ], [ -2.436963666735147, 56.738068794758284 ], [ -2.436955800923737, 56.738076465913501 ], [ -2.436948498756436, 56.738084147303425 ], [ -2.436941956429256, 56.738091864788444 ], [ -2.436936370138355, 56.738099644228974 ], [ -2.436931936080044, 56.738107511485481 ], [ -2.436928844019286, 56.738115491670115 ], [ -2.436927136125852, 56.738123592724023 ], [ -2.436926707156986, 56.738131805438492 ], [ -2.436927445474907, 56.738140119860752 ], [ -2.436929239441763, 56.738148526038003 ], [ -2.43693197741961, 56.738157014017446 ], [ -2.436935547770421, 56.738165573846274 ], [ -2.436939838856071, 56.738174195571631 ], [ -2.43694473903834, 56.738182869240674 ], [ -2.436950136678901, 56.738191584900612 ], [ -2.436955920139331, 56.738200332598616 ], [ -2.436961977781096, 56.738209102381866 ], [ -2.436968197965554, 56.738217884297597 ], [ -2.436974469053958, 56.73822666839304 ], [ -2.436980679407443, 56.738235444715464 ], [ -2.436986717387045, 56.738244203312135 ], [ -2.436992471353682, 56.738252934230339 ], [ -2.436997829668174, 56.738261627517403 ], [ -2.437002680691227, 56.738270273220685 ], [ -2.437006912783449, 56.738278861387464 ], [ -2.437010414305347, 56.738287382065138 ], [ -2.437013073617327, 56.738295825301023 ], [ -2.437014779079707, 56.738304181142453 ], [ -2.437015419052718, 56.738312439636793 ], [ -2.437014891787278, 56.738320591826998 ], [ -2.437013206614411, 56.738328639938779 ], [ -2.437010442720327, 56.738336593230215 ], [ -2.437006680376915, 56.738344461068671 ], [ -2.437001999856136, 56.738352252821485 ], [ -2.436996481430024, 56.738359977856007 ], [ -2.436990205370692, 56.73836764553954 ], [ -2.436983251950305, 56.738375265239462 ], [ -2.436975701441101, 56.738382846323113 ], [ -2.436967634115375, 56.738390398157833 ], [ -2.436959130245482, 56.738397930111006 ], [ -2.436950270103831, 56.738405451550001 ], [ -2.436941133962891, 56.738412971842237 ], [ -2.436931802095184, 56.73842050035514 ], [ -2.436922354773286, 56.738428046456185 ], [ -2.436912872269827, 56.738435619512813 ], [ -2.43690343485749, 56.738443228892564 ], [ -2.436894122809018, 56.738450883962948 ], [ -2.436885016397207, 56.738458594091504 ], [ -2.436876195894911, 56.738466368645852 ], [ -2.436867741575041, 56.738474216993545 ], [ -2.43685972233899, 56.738482147017294 ], [ -2.436852148928397, 56.738490159005167 ], [ -2.436845013540412, 56.73849825082366 ], [ -2.436838308364219, 56.738506420338219 ], [ -2.436832025588991, 56.738514665414279 ], [ -2.436826157403909, 56.738522983917264 ], [ -2.436820695998148, 56.738531373712611 ], [ -2.43681563356088, 56.738539832665715 ], [ -2.43681096228128, 56.738548358642028 ], [ -2.436806674348525, 56.738556949506929 ], [ -2.43680276195178, 56.738565603125828 ], [ -2.436799217280214, 56.738574317364133 ], [ -2.436796032522991, 56.738583090087232 ], [ -2.436793199869274, 56.73859191916052 ], [ -2.43679071150822, 56.738600802449398 ], [ -2.436788559628983, 56.738609737819225 ], [ -2.436786736420714, 56.73861872313541 ], [ -2.436785234072559, 56.738627756263305 ], [ -2.43678404477366, 56.738636835068306 ], [ -2.436783160713152, 56.738645957415777 ], [ -2.436782573892388, 56.738655120622127 ], [ -2.436782274797806, 56.738664317575058 ], [ -2.436782253183702, 56.738673539021853 ], [ -2.436782498799611, 56.738682775695978 ], [ -2.436783001395052, 56.738692018330831 ], [ -2.43678375071954, 56.738701257659862 ], [ -2.436784736522575, 56.738710484416487 ], [ -2.436785948553648, 56.738719689334111 ], [ -2.436787376562236, 56.738728863146164 ], [ -2.436789010297806, 56.738737996586067 ], [ -2.43679083866258, 56.738747080323705 ], [ -2.436792802477441, 56.738756101423974 ], [ -2.436794769578257, 56.738765041479539 ], [ -2.436796601699212, 56.738773881625598 ], [ -2.436798160574362, 56.738782602997375 ], [ -2.436799307937637, 56.738791186730069 ], [ -2.436799905522847, 56.738799613958889 ], [ -2.43679981506369, 56.738807865819055 ], [ -2.436798898293764, 56.738815923445749 ], [ -2.436797016946573, 56.738823767974132 ], [ -2.436794032755536, 56.738831380539381 ], [ -2.436789807454016, 56.738838742276585 ], [ -2.436784235394248, 56.738845839725528 ], [ -2.436777456168224, 56.73885270006032 ], [ -2.436769720936616, 56.738859368941242 ], [ -2.436761281422904, 56.738865892121815 ], [ -2.436752389350728, 56.7388723153556 ], [ -2.436743296443866, 56.738878684396255 ], [ -2.436734254426217, 56.73888504499746 ], [ -2.436725515021815, 56.738891442913008 ], [ -2.436717329954817, 56.738897923896751 ], [ -2.436709950949519, 56.738904533702637 ], [ -2.436703629730374, 56.738911318084597 ], [ -2.436698617988281, 56.738918322791612 ], [ -2.436695071364797, 56.738925579248523 ], [ -2.436692839113559, 56.738933073187617 ], [ -2.436691709528421, 56.738940781250022 ], [ -2.436691470903097, 56.738948680076838 ], [ -2.436691911531164, 56.73895674630915 ], [ -2.436692819706045, 56.738964956587999 ], [ -2.436693983720979, 56.738973287554458 ], [ -2.436695191869029, 56.738981715849548 ], [ -2.436696232443072, 56.738990218114346 ], [ -2.436696893735786, 56.738998770989944 ], [ -2.436696964039662, 56.739007351117358 ], [ -2.436696231664647, 56.739015935139072 ], [ -2.436694555058787, 56.739024505218097 ], [ -2.436692022092753, 56.739033061575348 ], [ -2.43668876747191, 56.739041608118114 ], [ -2.436684925901744, 56.739050148753655 ], [ -2.436680632087865, 56.739058687389281 ], [ -2.43667602073599, 56.739067227932274 ], [ -2.436671226551974, 56.739075774289944 ], [ -2.436666384241777, 56.739084330369664 ], [ -2.436661628511479, 56.739092900078774 ], [ -2.436657094067288, 56.73910148732466 ], [ -2.436652900343668, 56.739110095512942 ], [ -2.436649061284713, 56.73911872458315 ], [ -2.436645546293633, 56.739127373011335 ], [ -2.436642324615989, 56.739136039268359 ], [ -2.436639365497309, 56.739144721825056 ], [ -2.436636638183094, 56.739153419152288 ], [ -2.436634111918824, 56.73916212972091 ], [ -2.436631755949942, 56.73917085200177 ], [ -2.436629539521873, 56.739179584465674 ], [ -2.436627431880004, 56.739188325583477 ], [ -2.436625402269708, 56.739197073825999 ], [ -2.43662341993632, 56.739205827664094 ], [ -2.436621454125148, 56.739214585568561 ], [ -2.436619474081474, 56.739223346010235 ], [ -2.436617449050552, 56.739232107459934 ], [ -2.436615348277606, 56.739240868388485 ], [ -2.436613141007837, 56.739249627266695 ], [ -2.436610796486411, 56.739258382565389 ], [ -2.436608283958472, 56.739267132755351 ], [ -2.436605572669137, 56.739275876307431 ], [ -2.436602631863484, 56.739284611692391 ], [ -2.436599438200741, 56.739293337620971 ], [ -2.436595999392738, 56.739302053808707 ], [ -2.43659233127973, 56.739310760234162 ], [ -2.436588449702016, 56.739319456875904 ], [ -2.436584370499908, 56.739328143712505 ], [ -2.436580109513738, 56.739336820722549 ], [ -2.436575682583847, 56.739345487884599 ], [ -2.436571105550593, 56.739354145177245 ], [ -2.436566394254351, 56.739362792579037 ], [ -2.436561564535505, 56.73937143006858 ], [ -2.436556632234458, 56.739380057624452 ], [ -2.436551613191627, 56.739388675225221 ], [ -2.436546523247444, 56.739397282849502 ], [ -2.436541378242354, 56.739405880475864 ], [ -2.436536194016815, 56.739414468082892 ], [ -2.436530986411302, 56.739423045649211 ], [ -2.436525771266308, 56.739431613153407 ], [ -2.436520564422329, 56.739440170574063 ], [ -2.436515381719887, 56.739448717889807 ], [ -2.43651023899951, 56.73945725507923 ], [ -2.436505152101748, 56.739465782120959 ], [ -2.436500136867159, 56.739474298993585 ], [ -2.436495209136316, 56.739482805675742 ], [ -2.436490384749806, 56.739491302146028 ], [ -2.436485679548235, 56.739499788383078 ], [ -2.436481109372215, 56.739508264365512 ], [ -2.436476690062375, 56.739516730071969 ], [ -2.436472437459363, 56.739525185481035 ], [ -2.436468367403834, 56.739533630571373 ], [ -2.43646449573646, 56.739542065321608 ], [ -2.436460838038911, 56.739550489721736 ], [ -2.436457397534073, 56.739558904304573 ], [ -2.436454159923808, 56.739567310372443 ], [ -2.436451109578903, 56.739575709286129 ], [ -2.436448230870136, 56.739584102406425 ], [ -2.436445508168263, 56.739592491094115 ], [ -2.436442925844031, 56.739600876709964 ], [ -2.436440468268177, 56.73960926061477 ], [ -2.436438119811413, 56.739617644169293 ], [ -2.436435864844447, 56.739626028734314 ], [ -2.436433687737966, 56.739634415670579 ], [ -2.436431572862646, 56.739642806338892 ], [ -2.436429504589148, 56.739651202100028 ], [ -2.436427467288121, 56.739659604314724 ], [ -2.436425445330199, 56.739668014343756 ], [ -2.436423423086, 56.739676433547906 ], [ -2.436421384926126, 56.739684863287927 ], [ -2.436419315221174, 56.739693304924579 ], [ -2.436417198341717, 56.739701759818622 ], [ -2.436415018658319, 56.739710229330839 ], [ -2.436412760541527, 56.739718714821954 ], [ -2.436410408361876, 56.739727217652771 ], [ -2.436407946647105, 56.739735739022414 ], [ -2.436405363293608, 56.73974427666824 ], [ -2.436402649434498, 56.73975282500124 ], [ -2.436399796333703, 56.739761378298006 ], [ -2.436396795255132, 56.739769930835109 ], [ -2.436393637462695, 56.739778476889121 ], [ -2.4363903142203, 56.739787010736634 ], [ -2.436386816791841, 56.739795526654198 ], [ -2.436383136441215, 56.739804018918427 ], [ -2.436379264432307, 56.739812481805842 ], [ -2.436375192029001, 56.739820909593043 ], [ -2.436370910495178, 56.7398292965566 ], [ -2.436366411094708, 56.739837636973057 ], [ -2.436361685091466, 56.739845925118992 ], [ -2.436356723749321, 56.739854155270976 ], [ -2.436351518332137, 56.739862321705523 ], [ -2.43634606010378, 56.739870418699226 ], [ -2.436340340328112, 56.739878440528614 ], [ -2.436334350268992, 56.739886381470257 ], [ -2.436328081190284, 56.739894235800662 ], [ -2.43632152448634, 56.739901997853423 ], [ -2.436314684232774, 56.739909667501784 ], [ -2.436307587617608, 56.739917254715614 ], [ -2.43630026428427, 56.739924770537357 ], [ -2.436292743876206, 56.7399322260095 ], [ -2.436285056036878, 56.73993963217449 ], [ -2.436277230409766, 56.739947000074814 ], [ -2.436269296638363, 56.739954340752988 ], [ -2.436261284366175, 56.739961665251464 ], [ -2.436253223236726, 56.739968984612794 ], [ -2.436245142893549, 56.739976309879445 ], [ -2.436237072967232, 56.739983652089172 ], [ -2.436229036164939, 56.739991019720129 ], [ -2.436221036886654, 56.739998414482422 ], [ -2.436213076541172, 56.740005836980288 ], [ -2.436205156537283, 56.740013287818016 ], [ -2.436197278283789, 56.740020767599823 ], [ -2.436189443189478, 56.740028276929991 ], [ -2.436181652663151, 56.740035816412771 ], [ -2.436173908113607, 56.740043386652445 ], [ -2.436166210949641, 56.740050988253252 ], [ -2.436158562580053, 56.740058621819436 ], [ -2.436150964413644, 56.74006628795528 ], [ -2.436143417859213, 56.740073987265042 ], [ -2.436135924325561, 56.74008172035299 ], [ -2.436128485221497, 56.740089487823361 ], [ -2.436121101955819, 56.740097290280431 ], [ -2.436113775937333, 56.740105128328473 ], [ -2.436106508574846, 56.740113002571732 ], [ -2.436099301277165, 56.740120913614462 ], [ -2.436092155453095, 56.740128862060963 ], [ -2.436085072511448, 56.740136848515448 ], [ -2.436078053429672, 56.740144873348896 ], [ -2.436071095322909, 56.740152934843181 ], [ -2.436064193270945, 56.740161030179308 ], [ -2.436057342335299, 56.740169156528395 ], [ -2.43605053757749, 56.740177311061551 ], [ -2.43604377405904, 56.740185490949905 ], [ -2.436037046841455, 56.740193693364546 ], [ -2.436030350986254, 56.740201915476625 ], [ -2.436023681554946, 56.740210154457209 ], [ -2.436017033609037, 56.740218407477442 ], [ -2.436010402210032, 56.74022667170842 ], [ -2.436003782419439, 56.740234944321259 ], [ -2.435997169298756, 56.740243222487067 ], [ -2.435990557909481, 56.740251503376925 ], [ -2.435983943313114, 56.740259784161971 ], [ -2.435977320571145, 56.740268062013293 ], [ -2.43597068474507, 56.740276334102006 ], [ -2.435964030896375, 56.740284597599199 ], [ -2.435957354086548, 56.740292849675974 ], [ -2.435950649377077, 56.740301087503454 ], [ -2.435943911829439, 56.740309308252691 ], [ -2.435937136505117, 56.74031750909483 ], [ -2.435930318465592, 56.740325687200944 ], [ -2.435923452772335, 56.740333839742135 ], [ -2.435916534486826, 56.740341963889499 ], [ -2.435909558670531, 56.740350056814115 ], [ -2.435902520384926, 56.740358115687087 ], [ -2.435895414691474, 56.740366137679509 ], [ -2.435888236651648, 56.74037411996246 ], [ -2.435880981326907, 56.740382059707045 ], [ -2.43587364377872, 56.740389954084321 ], [ -2.435866219068546, 56.740397800265406 ], [ -2.435858702257848, 56.740405595421365 ], [ -2.435851088408084, 56.740413336723293 ], [ -2.435843372580716, 56.740421021342264 ], [ -2.435835549837198, 56.740428646449359 ], [ -2.435827615238994, 56.740436209215652 ], [ -2.435819563847553, 56.740443706812222 ], [ -2.435811390724338, 56.740451136410172 ], [ -2.435803090930804, 56.740458495180519 ], [ -2.435794660545023, 56.740465780674889 ], [ -2.435786125780426, 56.740473001724212 ], [ -2.435777547296595, 56.740480180052302 ], [ -2.435768987636755, 56.740487338087995 ], [ -2.435760509344153, 56.740494498260155 ], [ -2.435752174962068, 56.740501682997646 ], [ -2.435744047033803, 56.740508914729368 ], [ -2.435736188102695, 56.740516215884242 ], [ -2.43572866071211, 56.740523608891152 ], [ -2.43572152740545, 56.740531116179071 ], [ -2.435714850726157, 56.740538760176946 ], [ -2.435708693097424, 56.740546563272559 ], [ -2.435703088480377, 56.740554538120406 ], [ -2.435698005814571, 56.740562675139074 ], [ -2.435693405001377, 56.74057096165626 ], [ -2.435689245942152, 56.740579384999727 ], [ -2.435685488538232, 56.740587932497164 ], [ -2.435682092690927, 56.740596591476312 ], [ -2.435679018301529, 56.740605349264833 ], [ -2.435676225271296, 56.740614193190446 ], [ -2.43567367350146, 56.740623110580806 ], [ -2.435671322893217, 56.740632088763626 ], [ -2.435669133347742, 56.740641115066552 ], [ -2.43566706476616, 56.740650176817248 ], [ -2.435665077049578, 56.74065926134341 ], [ -2.435663130099052, 56.740668355972701 ], [ -2.435661183815615, 56.740677448032748 ], [ -2.435659198100257, 56.740686524851242 ], [ -2.435657132853934, 56.740695573755829 ], [ -2.435654947977572, 56.740704582074144 ], [ -2.435652603372049, 56.740713537133836 ], [ -2.435650058938226, 56.740722426262579 ], [ -2.43564727565595, 56.740731237152474 ], [ -2.435644238549677, 56.740739965617557 ], [ -2.435640956266719, 56.740748615451295 ], [ -2.435637438449069, 56.740757190783178 ], [ -2.435633694738721, 56.740765695742667 ], [ -2.43562973477769, 56.740774134459222 ], [ -2.435625568207987, 56.740782511062321 ], [ -2.435621204671641, 56.74079082968143 ], [ -2.435616653810692, 56.740799094446018 ], [ -2.435611925267176, 56.740807309485554 ], [ -2.435607028683149, 56.740815478929491 ], [ -2.435601973700667, 56.740823606907327 ], [ -2.435596769961796, 56.740831697548515 ], [ -2.435591427108607, 56.740839754982531 ], [ -2.435585954783183, 56.740847783338857 ], [ -2.435580362627606, 56.740855786746955 ], [ -2.435574660283967, 56.740863769336315 ], [ -2.435568857394369, 56.740871735236404 ], [ -2.435562963600909, 56.740879688576712 ], [ -2.4355569885457, 56.740887633486722 ], [ -2.435550941870857, 56.740895574095902 ], [ -2.435544833218502, 56.740903514533748 ], [ -2.435538672230756, 56.740911458929759 ], [ -2.435532468549754, 56.740919411413401 ], [ -2.435526231817632, 56.740927376114172 ], [ -2.435519971676534, 56.740935357161575 ], [ -2.435513697768603, 56.740943358685094 ], [ -2.435507419735992, 56.740951384814231 ], [ -2.435501147220867, 56.740959439678484 ], [ -2.43549488986538, 56.740967527407342 ], [ -2.43548865731171, 56.740975652130324 ], [ -2.435482459202025, 56.740983817976939 ], [ -2.43547630517851, 56.740992029076679 ], [ -2.43547020488335, 56.741000289559047 ], [ -2.435464167958737, 56.741008603553581 ], [ -2.435458204046871, 56.741016975189766 ], [ -2.435452322789958, 56.741025408597125 ], [ -2.43544653383021, 56.741033907905184 ], [ -2.435440846809845, 56.741042477243454 ], [ -2.435435271371094, 56.741051120741439 ], [ -2.435429817156185, 56.741059842528692 ], [ -2.435424493807366, 56.741068646734696 ], [ -2.435419305334227, 56.741077534960979 ], [ -2.435414194537119, 56.741086481337412 ], [ -2.43540906666404, 56.74109544313982 ], [ -2.435403826418614, 56.741104377399701 ], [ -2.435398378504392, 56.741113241148554 ], [ -2.435392627624867, 56.741121991417842 ], [ -2.435386478483475, 56.741130585239027 ], [ -2.4353798357836, 56.741138979643544 ], [ -2.435372604228581, 56.741147131662814 ], [ -2.435364688521735, 56.741154998328177 ], [ -2.435355994879224, 56.74116253729747 ], [ -2.435346501210757, 56.741169735916237 ], [ -2.435336286782157, 56.741176623500898 ], [ -2.435325438528506, 56.741183232543605 ], [ -2.435314043384947, 56.741189595536561 ], [ -2.435302188286662, 56.741195744971975 ], [ -2.43528996016887, 56.741201713342107 ], [ -2.435277445966811, 56.741207533139189 ], [ -2.435264732615745, 56.741213236855593 ], [ -2.43525190705095, 56.7412188569836 ], [ -2.435239056207707, 56.741224426015627 ], [ -2.435226267021311, 56.741229976444068 ], [ -2.435213626427059, 56.741235540761366 ], [ -2.435201221360261, 56.741241151460009 ], [ -2.435189138756237, 56.741246841032527 ], [ -2.435177465550314, 56.741252641971464 ], [ -2.435166288677848, 56.741258586769383 ], [ -2.435155695074216, 56.741264707918894 ], [ -2.435145771674832, 56.741271037912632 ], [ -2.435136605415153, 56.741277609243234 ], [ -2.435128283230688, 56.741284454403363 ], [ -2.435120892057022, 56.741291605885664 ], [ -2.435114518829815, 56.741299096182836 ], [ -2.435109240819444, 56.741306954178242 ], [ -2.435105020821757, 56.741315166007674 ], [ -2.435101746761439, 56.741323689848265 ], [ -2.435099305268807, 56.741332483393684 ], [ -2.435097582974122, 56.741341504337647 ], [ -2.435096466507577, 56.741350710373837 ], [ -2.435095842499269, 56.741360059195905 ], [ -2.435095597579219, 56.741369508497463 ], [ -2.435095618377324, 56.7413790159722 ], [ -2.435095791523386, 56.741388539313732 ], [ -2.435096003647085, 56.741398036215671 ], [ -2.435096141377986, 56.74140746437169 ], [ -2.435096091345551, 56.741416781475365 ], [ -2.435095740179121, 56.741425945220385 ], [ -2.435094974507942, 56.741434913300353 ], [ -2.435093680961172, 56.741443643408864 ], [ -2.435091746167876, 56.741452093239545 ], [ -2.435089056757058, 56.74146022048599 ], [ -2.435085499357676, 56.741467982841762 ], [ -2.435080960598655, 56.741475338000399 ], [ -2.4350753271089, 56.741482243655383 ], [ -2.435068485519789, 56.741488657501144 ], [ -2.435060359939611, 56.741494551905731 ], [ -2.435051006715124, 56.74149995101385 ], [ -2.435040511345401, 56.741504890384476 ], [ -2.435028959329602, 56.741509405576551 ], [ -2.435016436166967, 56.741513532149021 ], [ -2.435003027347425, 56.741517305671074 ], [ -2.434988818379558, 56.741520761691625 ], [ -2.434973894763592, 56.741523935768704 ], [ -2.434958341998784, 56.741526863461488 ], [ -2.434942245584392, 56.741529580329107 ], [ -2.434925691019653, 56.741532121930817 ], [ -2.434908763803781, 56.741534523825806 ], [ -2.434891549407231, 56.741536821616727 ], [ -2.434874133317488, 56.741539050880434 ], [ -2.43485660107359, 56.74154124711616 ], [ -2.434839038174935, 56.741543445882797 ], [ -2.43482153012088, 56.741545682739329 ], [ -2.434804162410726, 56.741547993244765 ], [ -2.434787020543748, 56.741550412958162 ], [ -2.434770190019163, 56.741552977438623 ], [ -2.434753756336174, 56.741555722245302 ], [ -2.434737804993942, 56.741558682937381 ], [ -2.434722421491618, 56.741561895074078 ], [ -2.434707691328347, 56.741565394214675 ], [ -2.434701914196856, 56.74156697222741 ], [ -2.434708517708328, 56.741564026079907 ], [ -2.43472132900964, 56.741558605349191 ], [ -2.434734466004369, 56.74155333331921 ], [ -2.434747925794977, 56.741548210278111 ], [ -2.434761705483936, 56.741543236514104 ], [ -2.434775802173732, 56.741538412315329 ], [ -2.434790212966855, 56.741533737969959 ], [ -2.434804934965805, 56.741529213766178 ], [ -2.434819964827461, 56.741524839829573 ], [ -2.434835247777331, 56.741520597524634 ], [ -2.434850630465834, 56.741516432257562 ], [ -2.434865948394347, 56.741512285374192 ], [ -2.434881037065935, 56.741508098218539 ], [ -2.434895731993136, 56.741503812124307 ], [ -2.434909868637471, 56.741499368499198 ], [ -2.434923282539259, 56.741494708632302 ], [ -2.434935809216864, 56.741489773845892 ], [ -2.434947284176559, 56.741484505480571 ], [ -2.434957542924692, 56.74147884487698 ], [ -2.434966420967707, 56.74147273337573 ], [ -2.434973753812512, 56.741466112317617 ], [ -2.434979437040216, 56.741458943554235 ], [ -2.434983594092629, 56.741451266734742 ], [ -2.434986402427132, 56.74144313995054 ], [ -2.434988039501078, 56.74143462129296 ], [ -2.434988682771755, 56.741425768853311 ], [ -2.434988509696345, 56.741416640722854 ], [ -2.434987697731896, 56.741407294992825 ], [ -2.434986424335313, 56.741397789754437 ], [ -2.434984866963319, 56.741388183098977 ], [ -2.434983203072465, 56.741378533117619 ], [ -2.434981610119107, 56.741368897901644 ], [ -2.43498025622117, 56.741359333232715 ], [ -2.434979268958481, 56.741349884866452 ], [ -2.434978764913262, 56.741340595838558 ], [ -2.434978860667436, 56.741331509184647 ], [ -2.434979672802822, 56.741322667940359 ], [ -2.434981317901168, 56.7413141151413 ], [ -2.43498391254415, 56.741305893823068 ], [ -2.434987573313408, 56.741298047021182 ], [ -2.434992416790552, 56.741290617771192 ], [ -2.434998559557206, 56.741283649108553 ], [ -2.435006117397974, 56.741277183761582 ], [ -2.435015109561781, 56.74127122726572 ], [ -2.435025367760371, 56.741265712902859 ], [ -2.43503670215173, 56.741260565650769 ], [ -2.435048922893925, 56.741255710487202 ], [ -2.435061840145076, 56.741251072390057 ], [ -2.435075264063321, 56.741246576337204 ], [ -2.435089004806799, 56.741242147306629 ], [ -2.435102872533633, 56.74123771027638 ], [ -2.435116677401933, 56.741233190224619 ], [ -2.435130229569784, 56.741228512129574 ], [ -2.435143339195269, 56.741223600969541 ], [ -2.435155816436473, 56.741218381722895 ], [ -2.435167471451519, 56.741212779368112 ], [ -2.435178132736083, 56.741206726181638 ], [ -2.435187815340499, 56.741200228684775 ], [ -2.435196643131498, 56.741193336705479 ], [ -2.435204741334922, 56.741186100612509 ], [ -2.435212235176603, 56.741178570774586 ], [ -2.435219249882344, 56.7411707975604 ], [ -2.435225910677903, 56.741162831338578 ], [ -2.435232342788984, 56.741154722477745 ], [ -2.43523867144122, 56.741146521346494 ], [ -2.43524502186018, 56.741138278313379 ], [ -2.435251516583846, 56.741130042782281 ], [ -2.435258206832629, 56.741121838558804 ], [ -2.435265066791651, 56.741113661797897 ], [ -2.435272066812859, 56.741105507278718 ], [ -2.435279177248221, 56.741097369780377 ], [ -2.435286368449723, 56.74108924408204 ], [ -2.435293610769377, 56.741081124962818 ], [ -2.435300874559214, 56.741073007201855 ], [ -2.435308130171292, 56.741064885578332 ], [ -2.435315347957677, 56.741056754871408 ], [ -2.435322498342023, 56.741048609873637 ], [ -2.43532956137137, 56.741040447176815 ], [ -2.435336536326083, 56.741032266968737 ], [ -2.435343424774082, 56.741024069864956 ], [ -2.435350228283277, 56.741015856480942 ], [ -2.435356948421588, 56.741007627432211 ], [ -2.435363586756926, 56.74099938333427 ], [ -2.435370144857205, 56.740991124802605 ], [ -2.435376624290336, 56.740982852452753 ], [ -2.435383026624231, 56.740974566900192 ], [ -2.435389353426801, 56.740966268760445 ], [ -2.435395606265956, 56.740957958648984 ], [ -2.435401786709603, 56.74094963718133 ], [ -2.435407896325655, 56.740941304972999 ], [ -2.435413936682014, 56.740932962639462 ], [ -2.43541990934659, 56.740924610796228 ], [ -2.435425815887287, 56.74091625005881 ], [ -2.435431657872011, 56.740907881042709 ], [ -2.435437436868664, 56.740899504363398 ], [ -2.43544315444515, 56.740891120636398 ], [ -2.435448812169372, 56.740882730477217 ], [ -2.43545441160923, 56.740874334501328 ], [ -2.435459954332622, 56.74086593332423 ], [ -2.435465441907448, 56.740857527561438 ], [ -2.435470875901608, 56.740849117828454 ], [ -2.435476257882998, 56.740840704740755 ], [ -2.435481589419513, 56.740832288913829 ], [ -2.435486872079047, 56.740823870963204 ], [ -2.4354921074295, 56.740815451504353 ], [ -2.435497297038754, 56.740807031152769 ], [ -2.435502442474712, 56.740798610523967 ], [ -2.435507545305257, 56.740790190233412 ], [ -2.435512607098285, 56.740781770896632 ], [ -2.435517629421679, 56.740773353129107 ], [ -2.435522613843328, 56.740764937546331 ], [ -2.435527561931123, 56.740756524763782 ], [ -2.435532475252942, 56.740748115396968 ], [ -2.435537355376678, 56.740739710061384 ], [ -2.435542203870204, 56.740731309372507 ], [ -2.43554702230141, 56.740722913945859 ], [ -2.435551812238175, 56.740714524396914 ], [ -2.435556575248434, 56.740706141341128 ], [ -2.435561313296503, 56.74069776526202 ], [ -2.435566029692284, 56.740689396195087 ], [ -2.435570728030934, 56.740681034080801 ], [ -2.435575411907607, 56.74067267885971 ], [ -2.435580084917456, 56.740664330472299 ], [ -2.435584750655626, 56.740655988859061 ], [ -2.435589412717265, 56.740647653960522 ], [ -2.435594074697512, 56.740639325717211 ], [ -2.435598740191506, 56.740631004069577 ], [ -2.435603412794381, 56.740622688958176 ], [ -2.43560809610127, 56.740614380323471 ], [ -2.435612793707306, 56.740606078105991 ], [ -2.435617509207608, 56.740597782246248 ], [ -2.435622246197302, 56.74058949268472 ], [ -2.435627008271508, 56.740581209361906 ], [ -2.435631799025336, 56.740572932218313 ], [ -2.435636622053911, 56.740564661194448 ], [ -2.435641480952332, 56.740556396230815 ], [ -2.435646379315712, 56.740548137267908 ], [ -2.43565132073915, 56.740539884246218 ], [ -2.435656308817752, 56.740531637106244 ], [ -2.435661347146611, 56.740523395788472 ], [ -2.435666439320826, 56.740515160233443 ], [ -2.435671588935484, 56.740506930381606 ], [ -2.435676799585675, 56.740498706173462 ], [ -2.435682074866484, 56.740490487549522 ], [ -2.435687418372994, 56.740482274450272 ], [ -2.435692833700281, 56.740474066816205 ], [ -2.435698324443424, 56.740465864587811 ], [ -2.435703894197494, 56.740457667705584 ], [ -2.435709546557563, 56.740449476110008 ], [ -2.435715284872777, 56.740441289748723 ], [ -2.435721109275761, 56.740433108662906 ], [ -2.435727017640457, 56.740424932959364 ], [ -2.435733007793977, 56.740416762746264 ], [ -2.435739077563437, 56.74040859813185 ], [ -2.43574522477596, 56.740400439224288 ], [ -2.435751447258666, 56.740392286131751 ], [ -2.435757742838676, 56.740384138962447 ], [ -2.435764109343122, 56.740375997824579 ], [ -2.435770544599124, 56.740367862826311 ], [ -2.43577704643382, 56.740359734075859 ], [ -2.435783612674333, 56.74035161168139 ], [ -2.435790241147803, 56.740343495751134 ], [ -2.435796929681362, 56.740335386393234 ], [ -2.435803676102148, 56.740327283715921 ], [ -2.435810478237304, 56.740319187827396 ], [ -2.435817333913967, 56.740311098835811 ], [ -2.435824240959282, 56.740303016849396 ], [ -2.435831197200397, 56.740294941976337 ], [ -2.435838200464456, 56.740286874324823 ], [ -2.435845248578612, 56.740278814003055 ], [ -2.435852339370012, 56.740270761119248 ], [ -2.435859470665815, 56.740262715781562 ], [ -2.43586664029317, 56.740254678098232 ], [ -2.435873846079239, 56.740246648177425 ], [ -2.435881085851181, 56.740238626127365 ], [ -2.435888357436155, 56.740230612056216 ], [ -2.435895658661328, 56.74022260607223 ], [ -2.43590298735386, 56.740214608283551 ], [ -2.435910341340925, 56.740206618798425 ], [ -2.435917718449684, 56.740198637725022 ], [ -2.435925116507314, 56.740190665171568 ], [ -2.435932533340987, 56.740182701246233 ], [ -2.435939966777875, 56.740174746057264 ], [ -2.435947414645159, 56.740166799712817 ], [ -2.435954874770014, 56.740158862321138 ], [ -2.435962344979624, 56.740150933990421 ], [ -2.435969823101169, 56.740143014828838 ], [ -2.435977306961835, 56.740135104944628 ], [ -2.435984794388806, 56.74012720444599 ], [ -2.435992283197674, 56.740119313431698 ], [ -2.435999770632729, 56.740111431536377 ], [ -2.436007253117897, 56.740103557728133 ], [ -2.436014727013641, 56.740095690923475 ], [ -2.436022188680423, 56.740087830038938 ], [ -2.436029634478705, 56.740079973991051 ], [ -2.436037060768955, 56.740072121696357 ], [ -2.436044463911641, 56.740064272071379 ], [ -2.436051840267234, 56.740056424032637 ], [ -2.436059186196208, 56.74004857649669 ], [ -2.436066498059034, 56.740040728380052 ], [ -2.436073772216194, 56.740032878599266 ], [ -2.436081005028166, 56.740025026070875 ], [ -2.436088192855429, 56.740017169711386 ], [ -2.43609533205847, 56.740009308437394 ], [ -2.436102418997772, 56.740001441165383 ], [ -2.436109450033828, 56.739993566811911 ], [ -2.436116421527124, 56.739985684293522 ], [ -2.436123329838156, 56.739977792526751 ], [ -2.436130171327417, 56.739969890428149 ], [ -2.436136942355405, 56.739961976914266 ], [ -2.436143639282622, 56.739954050901616 ], [ -2.436150258469567, 56.739946111306757 ], [ -2.436156796276749, 56.73993815704624 ], [ -2.436163249064673, 56.739930187036613 ], [ -2.436169613193845, 56.739922200194393 ], [ -2.436175885024785, 56.739914195436171 ], [ -2.436182060918003, 56.739906171678456 ], [ -2.436188137234018, 56.739898127837805 ], [ -2.436194110333349, 56.739890062830789 ], [ -2.436199976576522, 56.739881975573915 ], [ -2.436205732407499, 56.739873865004327 ], [ -2.43621137703477, 56.739865730740192 ], [ -2.436216913003064, 56.739857573221649 ], [ -2.436222343056178, 56.739849392937863 ], [ -2.436227669937899, 56.739841190378016 ], [ -2.436232896392015, 56.739832966031251 ], [ -2.436238025162308, 56.739824720386757 ], [ -2.436243058992563, 56.739816453933706 ], [ -2.436248000626563, 56.739808167161229 ], [ -2.436252852808083, 56.739799860558534 ], [ -2.436257618280908, 56.73979153461476 ], [ -2.436262299788805, 56.739783189819072 ], [ -2.436266900075555, 56.739774826660636 ], [ -2.436271421884925, 56.739766445628625 ], [ -2.436275867960692, 56.739758047212185 ], [ -2.436280241046618, 56.739749631900494 ], [ -2.436284543886469, 56.739741200182699 ], [ -2.436288779224012, 56.739732752547958 ], [ -2.436292949803008, 56.739724289485459 ], [ -2.436297058367217, 56.739715811484331 ], [ -2.436301107660396, 56.739707319033748 ], [ -2.4363051004263, 56.739698812622862 ], [ -2.436309039408684, 56.739690292740832 ], [ -2.4363129273513, 56.739681759876817 ], [ -2.436316766997899, 56.739673214519975 ], [ -2.436320561092223, 56.739664657159473 ], [ -2.436324312378017, 56.739656088284441 ], [ -2.436328023599029, 56.73964750838406 ], [ -2.436331697498996, 56.739638917947481 ], [ -2.436335336821658, 56.739630317463842 ], [ -2.43633894431075, 56.739621707422316 ], [ -2.436342522710004, 56.739613088312048 ], [ -2.436346074763156, 56.739604460622218 ], [ -2.436349603213929, 56.739595824841935 ], [ -2.436353110806056, 56.739587181460386 ], [ -2.43635660028326, 56.739578530966718 ], [ -2.43636007438926, 56.739569873850051 ], [ -2.436363535867782, 56.739561210599597 ], [ -2.436366987462538, 56.739552541704469 ], [ -2.436370431917247, 56.739543867653808 ], [ -2.436373871975622, 56.739535188936806 ], [ -2.436377310381372, 56.73952650604258 ], [ -2.436380749878204, 56.739517819460303 ], [ -2.43638419320983, 56.739509129679092 ], [ -2.436387643119947, 56.739500437188127 ], [ -2.436391102352262, 56.739491742476567 ], [ -2.436394573650473, 56.739483046033534 ], [ -2.436398059758274, 56.739474348348182 ], [ -2.436401563419361, 56.739465649909661 ], [ -2.436405087377427, 56.739456951207124 ], [ -2.436408634376161, 56.739448252729737 ], [ -2.436412207159251, 56.739439554966602 ], [ -2.436415808470382, 56.739430858406919 ], [ -2.436419441053235, 56.739422163539793 ], [ -2.436423107651494, 56.73941347085438 ], [ -2.436426811008833, 56.739404780839834 ], [ -2.436430553868931, 56.739396093985306 ], [ -2.436434338975462, 56.739387410779919 ], [ -2.436438169072096, 56.739378731712868 ], [ -2.436442046902499, 56.739370057273227 ], [ -2.436445975210344, 56.739361387950183 ], [ -2.436449956739291, 56.73935272423288 ], [ -2.436453994233005, 56.739344066610442 ], [ -2.436458090435142, 56.739335415572029 ], [ -2.436462248089363, 56.739326771606777 ], [ -2.436466469939323, 56.739318135203831 ], [ -2.436470758728676, 56.739309506852308 ], [ -2.436475117201071, 56.739300887041409 ], [ -2.436479548100159, 56.739292276260187 ], [ -2.436484054169585, 56.739283674997864 ], [ -2.436488638152995, 56.739275083743522 ], [ -2.436493302794033, 56.739266502986339 ], [ -2.436498049146901, 56.739257932975185 ], [ -2.436502868712926, 56.739249372600483 ], [ -2.436507749639321, 56.73924082027569 ], [ -2.436512680069654, 56.739232274413773 ], [ -2.436517648147503, 56.739223733427615 ], [ -2.436522642016457, 56.739215195730203 ], [ -2.436527649820114, 56.739206659734457 ], [ -2.436532659702082, 56.739198123853328 ], [ -2.436537659805978, 56.739189586499776 ], [ -2.436542638275429, 56.739181046086728 ], [ -2.436547583254075, 56.739172501027134 ], [ -2.436552482885561, 56.739163949733985 ], [ -2.436557325313544, 56.739155390620169 ], [ -2.436562098681693, 56.739146822098711 ], [ -2.436566791133686, 56.739138242582527 ], [ -2.436571390813205, 56.739129650484593 ], [ -2.43657588586395, 56.73912104421786 ], [ -2.436580264429632, 56.739112422195312 ], [ -2.436584514653964, 56.739103782829886 ], [ -2.436588624680676, 56.739095124534593 ], [ -2.436592582405073, 56.739086445797504 ], [ -2.436596367623959, 56.739077747556586 ], [ -2.436599950436404, 56.739069033683379 ], [ -2.436603300369953, 56.739060308222349 ], [ -2.436606386952195, 56.7390515752179 ], [ -2.436609179710733, 56.739042838714504 ], [ -2.436611648173212, 56.739034102756634 ], [ -2.436613761867297, 56.739025371388692 ], [ -2.43661549032069, 56.739016648655159 ], [ -2.436616803061114, 56.739007938600473 ], [ -2.436617670067859, 56.73899924529676 ], [ -2.436618114409261, 56.738990576069305 ], [ -2.436618261438515, 56.73898194451121 ], [ -2.436618248146696, 56.738973364928768 ], [ -2.436618211524757, 56.738964851628204 ], [ -2.436618288563519, 56.738956418915798 ], [ -2.436618616253691, 56.738948081097753 ], [ -2.436619331585859, 56.738939852480371 ], [ -2.436620571550502, 56.738931747369861 ], [ -2.436622473137989, 56.738923780072447 ], [ -2.436625173338594, 56.738915964894353 ], [ -2.436628809142496, 56.738908316141746 ], [ -2.436633502219364, 56.738900845864606 ], [ -2.436639188065191, 56.738893538695933 ], [ -2.43664567811581, 56.738886360998954 ], [ -2.436652781554676, 56.738879278805172 ], [ -2.436660307565371, 56.738872258146159 ], [ -2.4366680653316, 56.738865265053519 ], [ -2.43667586403718, 56.738858265558875 ], [ -2.436683512866044, 56.738851225693971 ], [ -2.436690821002238, 56.738844111490486 ], [ -2.436697597629928, 56.738836888980238 ], [ -2.436703651933411, 56.738829524195054 ], [ -2.436708798210186, 56.738821984022998 ], [ -2.436712973971006, 56.738814255984806 ], [ -2.436716243140911, 56.73880634876992 ], [ -2.436718675398352, 56.738798272031175 ], [ -2.436720340421742, 56.738790035421417 ], [ -2.436721307889458, 56.738781648593459 ], [ -2.436721647479839, 56.738773121200097 ], [ -2.436721428871168, 56.738764462894089 ], [ -2.43672072174168, 56.738755683328208 ], [ -2.436719595769558, 56.738746792155261 ], [ -2.436718120632923, 56.738737799027952 ], [ -2.43671636609391, 56.738728713623011 ], [ -2.436714410596586, 56.738719548085662 ], [ -2.436712348698815, 56.738710319142875 ], [ -2.436710276709482, 56.738701044019514 ], [ -2.436708290937373, 56.738691739940492 ], [ -2.436706487691174, 56.738682424130673 ], [ -2.436704963279476, 56.738673113814947 ], [ -2.436703814010773, 56.738663826218236 ], [ -2.436703136193459, 56.738654578565381 ], [ -2.43670302613584, 56.738645388081302 ], [ -2.436703580146136, 56.738636271990863 ], [ -2.43670488005161, 56.73862724529306 ], [ -2.436706919505712, 56.738618309433512 ], [ -2.436709658975033, 56.738609460756599 ], [ -2.436713058865993, 56.738600695597469 ], [ -2.436717079585057, 56.738592010291214 ], [ -2.436721681538744, 56.738583401172974 ], [ -2.436726825133598, 56.738574864577863 ], [ -2.436732470776212, 56.738566396840973 ], [ -2.436738578873217, 56.738557994297459 ], [ -2.436745109831281, 56.738549653282419 ], [ -2.436752024057104, 56.738541370130953 ], [ -2.436759281957432, 56.738533141178259 ], [ -2.436766843939036, 56.738524962759399 ], [ -2.436774670408724, 56.738516831209559 ], [ -2.436782721773336, 56.738508742863871 ], [ -2.436790958439751, 56.738500694057514 ], [ -2.436799340814867, 56.738492681125642 ], [ -2.436807829305625, 56.738484700403454 ], [ -2.436816384318991, 56.738476748226134 ], [ -2.436824966261961, 56.73846882092888 ], [ -2.436833535541562, 56.738460914846918 ], [ -2.436842052564852, 56.738453026315469 ], [ -2.436850477738915, 56.738445151669765 ], [ -2.436858771470871, 56.738437287245084 ], [ -2.43686689416786, 56.73842942937663 ], [ -2.43687480623706, 56.738421574399723 ], [ -2.436882468085674, 56.738413718649625 ], [ -2.436889840120936, 56.738405858461633 ], [ -2.436896882750108, 56.738397990171016 ], [ -2.436903556380485, 56.738390110113087 ], [ -2.436909821419396, 56.738382214623179 ], [ -2.436915638274192, 56.738374300036575 ], [ -2.436920967352266, 56.738366362688616 ], [ -2.436925769061038, 56.738358398914606 ], [ -2.43693000380796, 56.738350405049857 ], [ -2.436933632000525, 56.73834237742971 ], [ -2.436936614046251, 56.738334312389448 ], [ -2.436938910352703, 56.738326206264411 ], [ -2.436940481327476, 56.738318055389882 ], [ -2.436941287378203, 56.738309856101154 ], [ -2.436941288999493, 56.738301604740322 ], [ -2.436940478216468, 56.738293300121626 ], [ -2.436938925290655, 56.738284947193428 ], [ -2.436936712410776, 56.738276551839277 ], [ -2.436933921765487, 56.738268119942653 ], [ -2.436930635543376, 56.73825965738709 ], [ -2.436926935932949, 56.738251170056088 ], [ -2.436922905122648, 56.738242663833176 ], [ -2.436918625300832, 56.738234144601876 ], [ -2.436914178655795, 56.738225618245707 ], [ -2.436909647375742, 56.738217090648227 ], [ -2.436905113648811, 56.738208567692972 ], [ -2.436900659663062, 56.738200055263505 ], [ -2.436896367606476, 56.738191559243411 ], [ -2.436892319666959, 56.738183085516262 ], [ -2.436888598032346, 56.738174639965671 ], [ -2.436885284890393, 56.738166228475201 ], [ -2.436882462428785, 56.738157856928481 ], [ -2.436880212835138, 56.738149531209103 ], [ -2.436878618296994, 56.73814125720066 ], [ -2.436877761001831, 56.738133040786749 ], [ -2.436877723137057, 56.738124887850972 ], [ -2.436878586890027, 56.738116804276885 ], [ -2.436880434448026, 56.73810879594803 ], [ -2.436883346708139, 56.738100868584972 ], [ -2.436887315003554, 56.738093016596153 ], [ -2.436892184362968, 56.738085215911411 ], [ -2.436897786313037, 56.738077440755262 ], [ -2.436903952380549, 56.738069665352185 ], [ -2.436910514092407, 56.738061863926767 ], [ -2.436917302975639, 56.738054010703522 ], [ -2.436924150557387, 56.738046079907093 ], [ -2.436930888364921, 56.738038045762103 ], [ -2.43693734792563, 56.738029882493279 ], [ -2.436943360767038, 56.738021564325301 ], [ -2.436948777243008, 56.738013069911915 ], [ -2.436953607667327, 56.738004415538484 ], [ -2.436957943092537, 56.737995636484683 ], [ -2.436961875191421, 56.737986768176093 ], [ -2.436965495636705, 56.737977846038291 ], [ -2.436968896101039, 56.737968905496849 ], [ -2.436972168257006, 56.737959981977276 ], [ -2.436975403777112, 56.737951110905122 ], [ -2.436978694333792, 56.737942327705916 ], [ -2.436982131599401, 56.737933667805152 ], [ -2.436985807246238, 56.73792516662833 ], [ -2.436989812946529, 56.737916859600951 ], [ -2.436994240372443, 56.737908782148466 ], [ -2.436999181196108, 56.737900969696341 ], [ -2.437004727089606, 56.737893457670012 ], [ -2.437010969725004, 56.737886281494895 ], [ -2.437018000774342, 56.737879476596341 ], [ -2.437025911909678, 56.737873078399716 ], [ -2.437034794803083, 56.737867122330336 ], [ -2.437044741126669, 56.737861643813453 ], [ -2.437055842552608, 56.737856678274248 ], [ -2.437068168010621, 56.73785225135709 ], [ -2.437081626592036, 56.737848319965181 ], [ -2.437096058851154, 56.737844811526287 ], [ -2.437111305080198, 56.73784165335546 ], [ -2.437127205571396, 56.737838772767866 ], [ -2.437143600616923, 56.737836097078713 ], [ -2.4371603305089, 56.737833553603267 ], [ -2.437177235539376, 56.737831069656892 ], [ -2.437194156000311, 56.737828572555067 ], [ -2.437210932183583, 56.73782598961332 ], [ -2.437227404380983, 56.737823248147272 ], [ -2.43724341288423, 56.737820275472608 ], [ -2.437258797984991, 56.737816998905117 ], [ -2.437273399974887, 56.737813345760635 ], [ -2.437287059145535, 56.737809243355095 ], [ -2.437299615788575, 56.737804619004436 ], [ -2.437310910195716, 56.737799400024656 ], [ -2.437320828558382, 56.737793533922734 ], [ -2.43732948224368, 56.737787067258765 ], [ -2.437337051558503, 56.737780076918959 ], [ -2.437343716827479, 56.737772639797129 ], [ -2.437349658375222, 56.737764832787157 ], [ -2.437355056526298, 56.737756732782792 ], [ -2.437360091605188, 56.737748416677725 ], [ -2.437364943936279, 56.737739961365719 ], [ -2.437369793843837, 56.737731443740365 ], [ -2.437374821647582, 56.737722940693558 ], [ -2.437380168172136, 56.73771451312912 ], [ -2.437385838477833, 56.737706166992183 ], [ -2.43739180847551, 56.737697896427875 ], [ -2.437398054076027, 56.737689695581338 ], [ -2.437404551190264, 56.737681558597679 ], [ -2.437411275729119, 56.737673479622067 ], [ -2.437418203603505, 56.73766545279959 ], [ -2.437425310724362, 56.737657472275423 ], [ -2.437432573002638, 56.73764953219473 ], [ -2.437439966349305, 56.737641626702619 ], [ -2.437447466675346, 56.737633749944287 ], [ -2.437455049891763, 56.737625896064877 ], [ -2.437462691909573, 56.737618059209545 ], [ -2.437470368639807, 56.737610233523512 ], [ -2.437478055993514, 56.737602413151912 ], [ -2.437485729881757, 56.737594592239965 ], [ -2.437493366215611, 56.737586764932836 ], [ -2.43750094090617, 56.737578925375757 ], [ -2.437508429864542, 56.737571067713915 ], [ -2.437515809001853, 56.737563186092522 ], [ -2.437523054229242, 56.737555274656799 ], [ -2.437530141457861, 56.737547327551972 ], [ -2.437537046598886, 56.737539338923277 ], [ -2.437543745563506, 56.737531302915919 ], [ -2.437550214262927, 56.737523213675139 ], [ -2.437556428608375, 56.737515065346216 ], [ -2.437562364511098, 56.737506852074361 ], [ -2.437567997882354, 56.737498568004831 ], [ -2.437573304633432, 56.737490207282875 ], [ -2.437578260675639, 56.737481764053747 ], [ -2.437582844487666, 56.737473233196745 ], [ -2.437587075262091, 56.737464621231524 ], [ -2.437591004751889, 56.737455943987051 ], [ -2.437594685621106, 56.737447217552749 ], [ -2.437598170533736, 56.737438458018062 ], [ -2.437601512153739, 56.737429681472385 ], [ -2.437604763145037, 56.737420904005127 ], [ -2.4376079761715, 56.737412141705711 ], [ -2.437611203896962, 56.737403410663504 ], [ -2.437614498985208, 56.737394726967899 ], [ -2.437617914099986, 56.737386106708307 ], [ -2.437621501904997, 56.737377565974079 ], [ -2.437625315063913, 56.737369120854588 ], [ -2.437629406240355, 56.737360787439201 ], [ -2.43763382809792, 56.737352581817291 ], [ -2.437638633300166, 56.73734452007816 ], [ -2.437643874510628, 56.737336618311154 ], [ -2.43764960439281, 56.737328892605618 ], [ -2.437655875610203, 56.737321359050817 ], [ -2.437662740826275, 56.737314033736055 ], [ -2.437670249997633, 56.737306931749437 ], [ -2.437678392554108, 56.7373000457928 ], [ -2.437687098345137, 56.737293346531686 ], [ -2.437696294702608, 56.737286803700542 ], [ -2.437705908958437, 56.737280387033792 ], [ -2.437715868444588, 56.737274066265883 ], [ -2.437726100493028, 56.737267811131325 ], [ -2.437736532435755, 56.737261591364586 ], [ -2.437747091604775, 56.737255376700219 ], [ -2.437757705332119, 56.737249136872769 ], [ -2.437768300949824, 56.737242841616791 ], [ -2.437778805789943, 56.737236460666892 ], [ -2.437789148278521, 56.737229964434881 ], [ -2.43779928383938, 56.737223340045361 ], [ -2.437809195955478, 56.737216591992578 ], [ -2.437818869416148, 56.737209725579483 ], [ -2.437828289010745, 56.73720274610907 ], [ -2.437837439528646, 56.73719565888431 ], [ -2.437846305759245, 56.737188469208164 ], [ -2.437854872491955, 56.737181182383615 ], [ -2.437863124516219, 56.737173803713652 ], [ -2.437871046621494, 56.73716633850124 ], [ -2.437878623854743, 56.73715879202129 ], [ -2.437885852123127, 56.737151168364505 ], [ -2.437892741954292, 56.737143470027249 ], [ -2.437899304906331, 56.737135699393583 ], [ -2.437905552537338, 56.737127858847508 ], [ -2.437911496405391, 56.737119950773042 ], [ -2.437917148068573, 56.737111977554235 ], [ -2.43792251908496, 56.737103941575072 ], [ -2.43792762101262, 56.737095845219571 ], [ -2.437932465409616, 56.737087690871739 ], [ -2.437937063834004, 56.737079480915561 ], [ -2.437941427843838, 56.737071217735057 ], [ -2.437945568997158, 56.737062903714211 ], [ -2.437949498852001, 56.737054541237015 ], [ -2.437953228966395, 56.73704613268746 ], [ -2.437956770898361, 56.737037680449525 ], [ -2.437960136205914, 56.737029186907208 ], [ -2.437963336447056, 56.7370206544445 ], [ -2.437966383179783, 56.737012085445343 ], [ -2.437969287962085, 56.737003482293744 ], [ -2.437972062351935, 56.73699484737368 ], [ -2.437974717907306, 56.736986183069121 ], [ -2.437977266186159, 56.736977491764037 ], [ -2.43797971874644, 56.736968775842392 ], [ -2.437982087146096, 56.736960037688185 ], [ -2.43798438294305, 56.736951279685364 ], [ -2.437986617695232, 56.7369425042179 ], [ -2.437988802960546, 56.736933713669778 ], [ -2.437990950296897, 56.736924910424946 ], [ -2.437993071262178, 56.736916096867347 ], [ -2.437995177414264, 56.736907275381 ], [ -2.437997280311031, 56.736898448349841 ], [ -2.437999391510339, 56.736889618157825 ], [ -2.438001522570039, 56.73688078718893 ], [ -2.438003685047969, 56.736871957827105 ], [ -2.438005890501959, 56.736863132456314 ], [ -2.438008150489833, 56.736854313460512 ], [ -2.438010476569395, 56.73684550322367 ], [ -2.438012880298453, 56.736836704129715 ], [ -2.438015373234788, 56.736827918562646 ], [ -2.438017966936184, 56.736819148906385 ], [ -2.438020672960411, 56.736810397544907 ], [ -2.43802350225756, 56.736801666738721 ], [ -2.438026457567157, 56.736792957080588 ], [ -2.438029535730976, 56.736784267965334 ], [ -2.438032733461606, 56.736775598761518 ], [ -2.438036047471649, 56.736766948837719 ], [ -2.438039474473705, 56.736758317562511 ], [ -2.438043011180376, 56.736749704304451 ], [ -2.438046654304269, 56.736741108432092 ], [ -2.438050400557997, 56.736732529314025 ], [ -2.438054246654171, 56.736723966318834 ], [ -2.438058189305404, 56.736715418815074 ], [ -2.438062225224319, 56.736706886171291 ], [ -2.438066351123537, 56.736698367756098 ], [ -2.438070563715681, 56.736689862938029 ], [ -2.438074859713379, 56.736681371085673 ], [ -2.438079235829261, 56.736672891567608 ], [ -2.43808368877596, 56.736664423752394 ], [ -2.438088215266113, 56.736655967008609 ], [ -2.438092812012356, 56.736647520704814 ], [ -2.438097475727333, 56.736639084209592 ], [ -2.438102203123688, 56.736630656891521 ], [ -2.438106990914068, 56.736622238119168 ], [ -2.438111835811119, 56.73661382726111 ], [ -2.438116734527497, 56.73660542368588 ], [ -2.438121683775856, 56.736597026762126 ], [ -2.43812668026885, 56.736588635858396 ], [ -2.438131720719144, 56.736580250343238 ], [ -2.438136801839399, 56.736571869585262 ], [ -2.43814192034228, 56.736563492953032 ], [ -2.438147072940452, 56.736555119815115 ], [ -2.438152256346589, 56.736546749540096 ], [ -2.438157467273361, 56.736538381496572 ], [ -2.438162702433446, 56.736530015053106 ], [ -2.438167958539522, 56.736521649578272 ], [ -2.438173232304268, 56.736513284440669 ], [ -2.438178520440371, 56.736504919008858 ], [ -2.43818381966051, 56.736496552651431 ], [ -2.438189126677377, 56.736488184736963 ], [ -2.438194438203665, 56.736479814634059 ], [ -2.438199750952065, 56.736471441711288 ], [ -2.438205061635271, 56.736463065337205 ], [ -2.438210366965984, 56.736454684880435 ], [ -2.438215663656904, 56.736446299709556 ], [ -2.438220948420736, 56.73643790919315 ], [ -2.438226217970184, 56.736429512699786 ], [ -2.438231469017957, 56.736421109598076 ], [ -2.43823669827677, 56.736412699256611 ], [ -2.438241902459331, 56.736404281043946 ], [ -2.43824707827836, 56.736395854328691 ], [ -2.438252222446575, 56.736387418479424 ], [ -2.438257331676698, 56.736378972864749 ], [ -2.438262402681455, 56.73637051685327 ], [ -2.438267432173568, 56.73636204981355 ], [ -2.438272416865771, 56.736353571114172 ], [ -2.438277353470795, 56.736345080123769 ], [ -2.438282238701373, 56.736336576210896 ], [ -2.438287069270248, 56.736328058744178 ], [ -2.438291841890156, 56.736319527092164 ], [ -2.438296553273843, 56.736310980623486 ], [ -2.438301200134051, 56.736302418706728 ], [ -2.43830577918353, 56.736293840710474 ], [ -2.438310287135036, 56.736285246003327 ], [ -2.438314720701319, 56.736276633953892 ], [ -2.438319076595137, 56.736268003930761 ], [ -2.438323351529252, 56.736259355302515 ], [ -2.438327542216427, 56.736250687437767 ], [ -2.438331645369424, 56.736241999705115 ], [ -2.438335657701018, 56.736233291473134 ], [ -2.43833957592398, 56.736224562110444 ], [ -2.438343396751082, 56.736215810985641 ], [ -2.438347116895106, 56.736207037467317 ], [ -2.438350733068831, 56.736198240924061 ], [ -2.438354250972079, 56.736189423801328 ], [ -2.438357739878717, 56.736180610310093 ], [ -2.438361296479958, 56.736171834048058 ], [ -2.438365017574805, 56.736163128649828 ], [ -2.438368999962178, 56.736154527750067 ], [ -2.438373340440931, 56.736146064983309 ], [ -2.438378135809859, 56.736137773984218 ], [ -2.438383482867695, 56.736129688387287 ], [ -2.438389478413119, 56.736121841827092 ], [ -2.438396219244785, 56.736114267938142 ], [ -2.438403798105486, 56.736106998816467 ], [ -2.438412209875516, 56.736100029437196 ], [ -2.438421348959532, 56.736093316663315 ], [ -2.438431105183682, 56.736086815621164 ], [ -2.438441368374156, 56.736080481437043 ], [ -2.438452028357191, 56.736074269237314 ], [ -2.438462974959054, 56.736068134148361 ], [ -2.438474098006038, 56.736062031296612 ], [ -2.438485287324456, 56.736055915808514 ], [ -2.438496432740635, 56.736049742810586 ], [ -2.438507424080929, 56.736043467429361 ], [ -2.438518151171708, 56.736037044791409 ], [ -2.438528511070973, 56.736030433278287 ], [ -2.438538474216422, 56.736023624299605 ], [ -2.438548053761846, 56.736016628491356 ], [ -2.438557263391313, 56.736009456728269 ], [ -2.438566116788898, 56.736002119884994 ], [ -2.438574627638689, 56.735994628836217 ], [ -2.438582809624777, 56.735986994456574 ], [ -2.438590676431264, 56.735979227620774 ], [ -2.438598241742251, 56.735971339203438 ], [ -2.438605519241844, 56.735963340079202 ], [ -2.438612522614156, 56.735955241122731 ], [ -2.438619265543297, 56.735947053208655 ], [ -2.438625761713372, 56.735938787211616 ], [ -2.438632024808492, 56.735930454006215 ], [ -2.438638068512764, 56.735922064467118 ], [ -2.43864390651029, 56.735913629468897 ], [ -2.438649552485169, 56.735905159886229 ], [ -2.4386550201215, 56.735896666593682 ], [ -2.438660323103367, 56.735888160465876 ], [ -2.438665475114853, 56.735879652377413 ], [ -2.438670489712374, 56.735871152774067 ], [ -2.438675378751441, 56.735862666388016 ], [ -2.438680152877632, 56.73585419388715 ], [ -2.438684822710639, 56.735845735852379 ], [ -2.438689398870138, 56.73583729286463 ], [ -2.438693891975799, 56.735828865504843 ], [ -2.438698312647284, 56.735820454353899 ], [ -2.438702671504238, 56.735812059992796 ], [ -2.438706979166311, 56.735803683002359 ], [ -2.438711246253126, 56.735795323963551 ], [ -2.438715483384312, 56.735786983457295 ], [ -2.438719701179481, 56.735778662064462 ], [ -2.438723910258235, 56.735770360365997 ], [ -2.438728121240173, 56.735762078942805 ], [ -2.438732344744884, 56.735753818375784 ], [ -2.438736591391937, 56.735745579245837 ], [ -2.438740871800907, 56.735737362133904 ], [ -2.438745196591356, 56.735729167620825 ], [ -2.43874957638283, 56.735720996287554 ], [ -2.438754021794872, 56.735712848714975 ], [ -2.438758543447017, 56.735704725483963 ], [ -2.438763151958793, 56.735696627175443 ], [ -2.438767857949713, 56.735688554370292 ], [ -2.43877267203929, 56.735680507649406 ], [ -2.438777604847017, 56.735672487593696 ], [ -2.438782666992393, 56.735664494784018 ], [ -2.438787869094901, 56.735656529801282 ], [ -2.438793221774013, 56.735648593226344 ], [ -2.438798735649201, 56.735640685640128 ], [ -2.438804421339924, 56.735632807623453 ], [ -2.438810289465634, 56.735624959757253 ], [ -2.438816347512595, 56.735617142113931 ], [ -2.438822582079843, 56.735609351376432 ], [ -2.438828971224266, 56.735601582841575 ], [ -2.438835492977232, 56.735593831801957 ], [ -2.438842125370118, 56.735586093550197 ], [ -2.438848846434313, 56.735578363378998 ], [ -2.438855634201227, 56.735570636580967 ], [ -2.438862466702282, 56.73556290844877 ], [ -2.43886932196891, 56.735555174275063 ], [ -2.438876178032567, 56.735547429352501 ], [ -2.438883012924714, 56.735539668973757 ], [ -2.438889804676832, 56.73553188843151 ], [ -2.438896531320417, 56.73552408301844 ], [ -2.438903170886978, 56.73551624802721 ], [ -2.438909701408038, 56.735508378750524 ], [ -2.438916100915138, 56.735500470481078 ], [ -2.438922347439833, 56.735492518511556 ], [ -2.438928419013701, 56.735484518134662 ], [ -2.438934293668324, 56.735476464643092 ], [ -2.438939949435311, 56.735468353329573 ], [ -2.438945364346287, 56.735460179486822 ], [ -2.438950519975711, 56.735451939128524 ], [ -2.438955430046241, 56.735443634811148 ], [ -2.438960125406773, 56.735435272576552 ], [ -2.43896463706575, 56.735426858499082 ], [ -2.438968996031595, 56.735418398653074 ], [ -2.438973233312705, 56.735409899112902 ], [ -2.438977379917453, 56.735401365952839 ], [ -2.438981466854193, 56.735392805247265 ], [ -2.438985525131247, 56.735384223070483 ], [ -2.438989585756917, 56.7353756254968 ], [ -2.438993679739471, 56.735367018600542 ], [ -2.438997838087163, 56.73535840845603 ], [ -2.439002091808213, 56.735349801137538 ], [ -2.439006471910823, 56.735341202719418 ], [ -2.43901100940316, 56.735332619275923 ], [ -2.439015735293373, 56.735324056881346 ], [ -2.439020680589588, 56.735315521609998 ], [ -2.4390258762999, 56.735307019536123 ], [ -2.43903135343239, 56.735298556734023 ], [ -2.439037142995106, 56.735290139277929 ], [ -2.439043270834198, 56.735281772390785 ], [ -2.439049724410227, 56.735273454964563 ], [ -2.439056473886473, 56.735265183038415 ], [ -2.439063489342637, 56.73525695263772 ], [ -2.439070740858443, 56.735248759787858 ], [ -2.439078198513645, 56.735240600514203 ], [ -2.439085832388017, 56.735232470842178 ], [ -2.439093612561359, 56.735224366797127 ], [ -2.439101509113494, 56.735216284404494 ], [ -2.439109492124259, 56.735208219689675 ], [ -2.43911753167353, 56.735200168678091 ], [ -2.439125597841187, 56.735192127395187 ], [ -2.439133660707147, 56.735184091866365 ], [ -2.439141690351339, 56.735176058117112 ], [ -2.43914965685372, 56.735168022172836 ], [ -2.439157530294264, 56.735159980059024 ], [ -2.439165280752973, 56.735151927801141 ], [ -2.439172878309865, 56.735143861424646 ], [ -2.439180293044984, 56.735135776955012 ], [ -2.439187495038399, 56.735127670417768 ], [ -2.439194454370195, 56.735119537838386 ], [ -2.439201141120489, 56.735111375242376 ], [ -2.439207525369417, 56.735103178655216 ], [ -2.43921357719714, 56.735094944102443 ], [ -2.439219266683849, 56.735086667609572 ], [ -2.439224563909753, 56.735078345202098 ], [ -2.439229438955093, 56.735069972905556 ], [ -2.439233861900136, 56.735061546745456 ], [ -2.439237802825178, 56.735053062747333 ], [ -2.439241231810546, 56.735044516936696 ], [ -2.439244124899396, 56.735035906075836 ], [ -2.439246504643544, 56.735027232673829 ], [ -2.43924841543459, 56.735018501938349 ], [ -2.439249901790321, 56.735009719092631 ], [ -2.439251008228495, 56.735000889359931 ], [ -2.439251779266821, 56.734992017963485 ], [ -2.439252259422973, 56.734983110126528 ], [ -2.439252493214585, 56.734974171072288 ], [ -2.439252525159257, 56.734965206023972 ], [ -2.439252399774535, 56.73495622020485 ], [ -2.439252161577937, 56.734947218838101 ], [ -2.43925185508693, 56.734938207146975 ], [ -2.439251524818943, 56.73492919035467 ], [ -2.439251215291362, 56.734920173684458 ], [ -2.439250971021528, 56.734911162359531 ], [ -2.439250836526745, 56.734902161603088 ], [ -2.43925085632427, 56.734893176638394 ], [ -2.43925107493132, 56.734884212688655 ], [ -2.439251536865073, 56.734875274977078 ], [ -2.439252286642664, 56.734866368726891 ], [ -2.439253368781185, 56.734857499161301 ], [ -2.439254827654984, 56.734848671490354 ], [ -2.439256688797415, 56.734839889184308 ], [ -2.439258940271674, 56.734831152253477 ], [ -2.439261565710742, 56.734822460299078 ], [ -2.43926454874762, 56.734813812922347 ], [ -2.439267873015322, 56.734805209724513 ], [ -2.439271522146888, 56.734796650306784 ], [ -2.439275479775361, 56.734788134270403 ], [ -2.439279729533815, 56.734779661216564 ], [ -2.439284255055328, 56.73477123074651 ], [ -2.439289039973004, 56.734762842461457 ], [ -2.439294067919958, 56.73475449596264 ], [ -2.439299322529322, 56.734746190851254 ], [ -2.439304787434241, 56.734737926728556 ], [ -2.43931044626788, 56.734729703195768 ], [ -2.439316282663419, 56.734721519854112 ], [ -2.439322280254047, 56.734713376304832 ], [ -2.439328422672974, 56.734705272149164 ], [ -2.439334693553422, 56.734697206988344 ], [ -2.439341076528627, 56.734689180423615 ], [ -2.439347555231842, 56.734681192056222 ], [ -2.439354113512514, 56.734673241444298 ], [ -2.439360740867325, 56.734665327019655 ], [ -2.439367432842791, 56.734657446007482 ], [ -2.43937418528224, 56.734649595573771 ], [ -2.439380994029016, 56.734641772884473 ], [ -2.439387854926452, 56.734633975105631 ], [ -2.439394763817894, 56.734626199403195 ], [ -2.439401716546681, 56.734618442943166 ], [ -2.439408708956153, 56.734610702891537 ], [ -2.439415736889662, 56.734602976414308 ], [ -2.439422796190548, 56.734595260677459 ], [ -2.43942988270216, 56.73458755284701 ], [ -2.439436992267847, 56.734579850088899 ], [ -2.43944412073096, 56.734572149569189 ], [ -2.439451263934848, 56.734564448453845 ], [ -2.439458417722869, 56.734556743908854 ], [ -2.43946557793837, 56.734549033100251 ], [ -2.43947274042471, 56.734541313193986 ], [ -2.439479901025244, 56.734533581356104 ], [ -2.43948705558333, 56.734525834752588 ], [ -2.439494199942328, 56.734518070549456 ], [ -2.439501329945597, 56.734510285912663 ], [ -2.439508441436497, 56.734502478008267 ], [ -2.439515530258393, 56.734494644002275 ], [ -2.439522592254648, 56.734486781060646 ], [ -2.439529623268629, 56.734478886349429 ], [ -2.439536619143704, 56.734470957034596 ], [ -2.439543575723238, 56.734462990282204 ], [ -2.439550488850607, 56.734454983258225 ], [ -2.439557354369179, 56.734446933128709 ], [ -2.439564168122329, 56.734438837059606 ], [ -2.439570925953492, 56.734430692217039 ], [ -2.439577626302693, 56.734422497274672 ], [ -2.439584277122205, 56.734414256429538 ], [ -2.439590888541967, 56.734405975143034 ], [ -2.439597470691895, 56.734397658876595 ], [ -2.439604033701915, 56.73438931309164 ], [ -2.43961058770194, 56.734380943249541 ], [ -2.439617142821879, 56.734372554811763 ], [ -2.439623709191641, 56.734364153239689 ], [ -2.439630296941119, 56.734355743994733 ], [ -2.43963691620021, 56.734347332538306 ], [ -2.439643577098806, 56.734338924331801 ], [ -2.439650289766787, 56.734330524836608 ], [ -2.439657064334033, 56.734322139514148 ], [ -2.439663910930418, 56.734313773825825 ], [ -2.439670839685811, 56.734305433232997 ], [ -2.439677860730074, 56.734297123197074 ], [ -2.439684984193073, 56.734288849179457 ], [ -2.43969222020466, 56.734280616641534 ], [ -2.439699578894683, 56.734272431044673 ], [ -2.439707070392998, 56.734264297850245 ], [ -2.439714704829443, 56.734256222519655 ], [ -2.439722492333864, 56.734248210514266 ], [ -2.439730443036095, 56.734240267295448 ], [ -2.43973856706598, 56.734232398324565 ], [ -2.439746874553349, 56.734224609062991 ], [ -2.439755375628035, 56.734216904972094 ], [ -2.439764080419874, 56.734209291513217 ], [ -2.439772999058697, 56.734201774147714 ], [ -2.439782141674335, 56.734194358336957 ], [ -2.439791518396626, 56.734187049542271 ], [ -2.439801139355401, 56.734179853225015 ], [ -2.439811014680497, 56.734172774846535 ], [ -2.439821154501754, 56.734165819868117 ], [ -2.439831568949016, 56.734158993751144 ], [ -2.439842268152129, 56.734152301956904 ], [ -2.439853262240946, 56.73414574994672 ], [ -2.439864561345322, 56.734139343181916 ], [ -2.439876175595125, 56.734133087123787 ], [ -2.439888115120223, 56.734126987233665 ], [ -2.439900390050498, 56.734121048972803 ], [ -2.439913010515834, 56.734115277802509 ], [ -2.439925978024514, 56.734109677258999 ], [ -2.439939201196351, 56.734104230138243 ], [ -2.439952532032891, 56.734098906594397 ], [ -2.439965821730245, 56.734093676601816 ], [ -2.43997892148455, 56.734088510134981 ], [ -2.439991682491994, 56.734083377168346 ], [ -2.440003955948798, 56.7340782476765 ], [ -2.440015593051223, 56.734073091634066 ], [ -2.440026444995579, 56.734067879015697 ], [ -2.440036362978228, 56.734062579796081 ], [ -2.440045198195591, 56.734057163949977 ], [ -2.440052801844171, 56.734051601452123 ], [ -2.440059025120553, 56.734045862277277 ], [ -2.440063719221429, 56.734039916400185 ], [ -2.440066743406715, 56.734033734720391 ], [ -2.44006812865093, 56.734027307833394 ], [ -2.440068070341453, 56.73402064519302 ], [ -2.440066770467491, 56.73401375701031 ], [ -2.440064431018146, 56.734006653496266 ], [ -2.440061253982406, 56.7339993448619 ], [ -2.440057441349133, 56.733991841318172 ], [ -2.440053195107045, 56.733984153076101 ], [ -2.440048717244707, 56.733976290346696 ], [ -2.440044209750522, 56.733968263341005 ], [ -2.440039874612721, 56.733960082270087 ], [ -2.440035913819352, 56.733951757345046 ], [ -2.440032529358275, 56.733943298776978 ], [ -2.440029922443323, 56.733934716785058 ], [ -2.440028201157001, 56.73392602255511 ], [ -2.440027292977469, 56.733917229147664 ], [ -2.440027104670328, 56.73390834983816 ], [ -2.440027543001253, 56.733899397902036 ], [ -2.440028514736007, 56.733890386614775 ], [ -2.440029926640425, 56.733881329251787 ], [ -2.44003168548044, 56.733872239088527 ], [ -2.440033698022066, 56.733863129400433 ], [ -2.440035871031412, 56.73385401346296 ], [ -2.440038111659544, 56.733844904500238 ], [ -2.440040360156746, 56.733835811322585 ], [ -2.44004261484823, 56.733826734995958 ], [ -2.440044879939746, 56.733817675802086 ], [ -2.440047159637041, 56.733808634022736 ], [ -2.440049458145849, 56.733799609939695 ], [ -2.440051779671912, 56.733790603834677 ], [ -2.440054128420962, 56.733781615989479 ], [ -2.440056508598723, 56.733772646685843 ], [ -2.440058924410924, 56.733763696205521 ], [ -2.440061380063286, 56.733754764830273 ], [ -2.440063879761523, 56.733745852841849 ], [ -2.440066427711353, 56.73373696052203 ], [ -2.440069028118482, 56.733728088152553 ], [ -2.44007168518862, 56.733719236015169 ], [ -2.440074403127464, 56.733710404391637 ], [ -2.440077186140717, 56.733701593563701 ], [ -2.440080038434076, 56.733692803813135 ], [ -2.440082964213227, 56.733684035421689 ], [ -2.440085967683861, 56.733675288671087 ], [ -2.440089053051664, 56.733666563843116 ], [ -2.440092224522317, 56.733657861219513 ], [ -2.440095486301493, 56.733649181082022 ], [ -2.440098842594871, 56.73364052371241 ], [ -2.440102297608122, 56.733631889392413 ], [ -2.440105855546911, 56.733623278403776 ], [ -2.440109520616903, 56.733614691028251 ], [ -2.44011329702376, 56.733606127547588 ], [ -2.440117188973139, 56.733597588243526 ], [ -2.440121200670691, 56.733589073397823 ], [ -2.44012533632207, 56.733580583292209 ], [ -2.440129600132924, 56.733572118208457 ], [ -2.440133996308899, 56.733563678428247 ], [ -2.440138529055635, 56.733555264233381 ], [ -2.440143202578772, 56.733546875905553 ], [ -2.440148021083944, 56.73353851372655 ], [ -2.440152988776784, 56.733530177978075 ], [ -2.440158109862923, 56.733521868941864 ], [ -2.440163388547986, 56.733513586899676 ], [ -2.4401688290376, 56.733505332133234 ], [ -2.440174435536744, 56.733497104924155 ], [ -2.440180209153148, 56.733488905091406 ], [ -2.440186140724895, 56.733480730919808 ], [ -2.440192218964387, 56.733472580376606 ], [ -2.44019843258404, 56.7334644514291 ], [ -2.440204770296274, 56.733456342044519 ], [ -2.440211220813523, 56.733448250190165 ], [ -2.440217772848224, 56.733440173833294 ], [ -2.440224415112827, 56.733432110941195 ], [ -2.440231136319785, 56.733424059481123 ], [ -2.440237925181567, 56.733416017420403 ], [ -2.440244770410642, 56.73340798272627 ], [ -2.440251660719492, 56.733399953366039 ], [ -2.44025858482061, 56.73339192730699 ], [ -2.440265531426488, 56.733383902516401 ], [ -2.440272489249635, 56.733375876961581 ], [ -2.440279447002561, 56.733367848609831 ], [ -2.440286393397793, 56.733359815428443 ], [ -2.440293317147855, 56.733351775384712 ], [ -2.440300206965284, 56.733343726445945 ], [ -2.440307051562633, 56.73333566657945 ], [ -2.440313839652448, 56.733327593752541 ], [ -2.440320559947295, 56.733319505932521 ], [ -2.440327201159744, 56.733311401086702 ], [ -2.440333752002374, 56.733303277182422 ], [ -2.440340201187774, 56.733295132186967 ], [ -2.440346537428537, 56.73328696406768 ], [ -2.440352749437269, 56.73327877079187 ], [ -2.440358825926584, 56.733270550326893 ], [ -2.440364755609105, 56.733262300640028 ], [ -2.440370527197464, 56.733254019698634 ], [ -2.440376131378949, 56.733245705855417 ], [ -2.440381571044032, 56.733237359844686 ], [ -2.440386853739765, 56.733228983309523 ], [ -2.440391987022438, 56.733220577894841 ], [ -2.440396978448335, 56.733212145245517 ], [ -2.440401835573736, 56.733203687006466 ], [ -2.440406565954909, 56.733195204822579 ], [ -2.440411177148132, 56.733186700338734 ], [ -2.440415676696187, 56.73317817521697 ], [ -2.440420072147873, 56.733169631111743 ], [ -2.440424371080316, 56.733161069641298 ], [ -2.440428581049766, 56.733152492450536 ], [ -2.440432709612471, 56.73314390118432 ], [ -2.440436764324671, 56.7331352974875 ], [ -2.4404407527426, 56.733126683005004 ], [ -2.440444682422489, 56.733118059381674 ], [ -2.440448560920555, 56.733109428262374 ], [ -2.440452395793018, 56.733100791291982 ], [ -2.440456194596091, 56.733092150115368 ], [ -2.440459964885971, 56.73308350637739 ], [ -2.440463714218862, 56.733074861722919 ], [ -2.440467450150952, 56.733066217796825 ], [ -2.440471180238429, 56.733057576243958 ], [ -2.440474912037471, 56.733048938709189 ], [ -2.440478653104253, 56.733040306837381 ], [ -2.440482410994937, 56.733031682273399 ], [ -2.440486193265687, 56.733023066662099 ], [ -2.440490007472658, 56.733014461648338 ], [ -2.440493861171999, 56.733005868876972 ], [ -2.440497761919849, 56.732997289992895 ], [ -2.440501717272349, 56.73298872664089 ], [ -2.440505734785624, 56.732980180465866 ], [ -2.440509822015802, 56.732971653112664 ], [ -2.440513986519003, 56.732963146226126 ], [ -2.440518235851336, 56.732954661451117 ], [ -2.440522577568909, 56.73294620043248 ], [ -2.440527019227826, 56.732937764815055 ], [ -2.44053156838418, 56.732929356243709 ], [ -2.440536232594063, 56.732920976363282 ], [ -2.440541019413561, 56.732912626818603 ], [ -2.440545936346541, 56.732904309242471 ], [ -2.440550985918091, 56.732896024118546 ], [ -2.440556161631257, 56.732887769848041 ], [ -2.440561456037512, 56.73287954461258 ], [ -2.440566861688334, 56.732871346593761 ], [ -2.440572371135206, 56.732863173973229 ], [ -2.440577976929617, 56.732855024932562 ], [ -2.440583671623061, 56.732846897653417 ], [ -2.44058944776704, 56.732838790317388 ], [ -2.44059529791306, 56.732830701106096 ], [ -2.440601214612633, 56.732822628201163 ], [ -2.44060719041727, 56.732814569784189 ], [ -2.4406132178785, 56.732806524036853 ], [ -2.440619289547848, 56.732798489140713 ], [ -2.440625397976844, 56.732790463277432 ], [ -2.44063153571703, 56.732782444628654 ], [ -2.440637695319945, 56.732774431375965 ], [ -2.440643869337139, 56.732766421701022 ], [ -2.440650050320166, 56.732758413785447 ], [ -2.440656230820581, 56.732750405810876 ], [ -2.44066240338995, 56.732742395958944 ], [ -2.440668560579838, 56.732734382411294 ], [ -2.440674694941821, 56.732726363349549 ], [ -2.440680799027477, 56.732718336955365 ], [ -2.440686865388388, 56.732710301410386 ], [ -2.440692886576144, 56.732702254896225 ], [ -2.440698855142341, 56.732694195594554 ], [ -2.440704763638577, 56.732686121687017 ], [ -2.440710604616453, 56.732678031355242 ], [ -2.44071637062758, 56.732669922780893 ], [ -2.440722054223579, 56.732661794145628 ], [ -2.440727647956064, 56.732653643631082 ], [ -2.440733145719052, 56.732645469738834 ], [ -2.440738547979067, 56.73263727253682 ], [ -2.440743857210986, 56.732629052571667 ], [ -2.440749075890189, 56.732620810390067 ], [ -2.440754206492053, 56.732612546538718 ], [ -2.44075925149195, 56.73260426156434 ], [ -2.440764213365251, 56.732595956013633 ], [ -2.440769094587333, 56.732587630433308 ], [ -2.440773897633563, 56.732579285370079 ], [ -2.440778624979306, 56.732570921370652 ], [ -2.440783279099934, 56.732562538981725 ], [ -2.44078786247081, 56.73255413874999 ], [ -2.440792377567292, 56.732545721222195 ], [ -2.440796826864748, 56.732537286944989 ], [ -2.440801212838535, 56.7325288364651 ], [ -2.440805537964009, 56.73252037032924 ], [ -2.44080980471653, 56.732511889084101 ], [ -2.440814015571447, 56.732503393276382 ], [ -2.440818173004117, 56.732494883452787 ], [ -2.440822279489888, 56.732486360160031 ], [ -2.440826337504111, 56.732477823944777 ], [ -2.440830349522125, 56.732469275353779 ], [ -2.440834318019285, 56.732460714933694 ], [ -2.44083824547093, 56.732452143231242 ], [ -2.440842134352397, 56.732443560793115 ], [ -2.44084598713903, 56.732434968166011 ], [ -2.440849806306164, 56.732426365896615 ], [ -2.440853594329136, 56.732417754531674 ], [ -2.440857353683278, 56.732409134617832 ], [ -2.440861086843919, 56.732400506701822 ], [ -2.440864796286391, 56.732391871330307 ], [ -2.44086848448602, 56.732383229050001 ], [ -2.440872153918133, 56.732374580407601 ], [ -2.440875807058049, 56.732365925949807 ], [ -2.440879446381095, 56.732357266223332 ], [ -2.440883074362584, 56.732348601774824 ], [ -2.440886693477836, 56.732339933151003 ], [ -2.440890306202169, 56.732331260898583 ], [ -2.44089391501089, 56.732322585564226 ], [ -2.440897522379316, 56.732313907694653 ], [ -2.440901130782749, 56.732305227836534 ], [ -2.440904742696503, 56.732296546536567 ], [ -2.440908360274685, 56.732287864278383 ], [ -2.440911984168942, 56.732279181250441 ], [ -2.440915614591971, 56.732270497555049 ], [ -2.44091925175642, 56.732261813294464 ], [ -2.44092289587493, 56.732253128570939 ], [ -2.440926547160149, 56.732244443486771 ], [ -2.440930205824714, 56.732235758144213 ], [ -2.440933872081276, 56.732227072645529 ], [ -2.440937546142474, 56.732218387092992 ], [ -2.440941228220953, 56.732209701588872 ], [ -2.440944918529356, 56.732201016235436 ], [ -2.440948617280327, 56.732192331134961 ], [ -2.440952324686506, 56.732183646389707 ], [ -2.440956040960539, 56.732174962101929 ], [ -2.440959766315068, 56.732166278373917 ], [ -2.440963500962733, 56.732157595307932 ], [ -2.440967245116181, 56.732148913006242 ], [ -2.440970998988048, 56.732140231571108 ], [ -2.440974762790982, 56.7321315511048 ], [ -2.440978536737622, 56.732122871709585 ], [ -2.440982321040607, 56.732114193487753 ], [ -2.440986115912584, 56.732105516541544 ], [ -2.440989921566191, 56.732096840973227 ], [ -2.440993738214071, 56.732088166885084 ], [ -2.440997566068864, 56.732079494379377 ], [ -2.441001405343211, 56.732070823558367 ], [ -2.441005256249753, 56.732062154524343 ], [ -2.441009119001129, 56.732053487379545 ], [ -2.441012993809985, 56.732044822226264 ], [ -2.441016880888954, 56.732036159166746 ], [ -2.441020780450681, 56.732027498303282 ], [ -2.441024692707806, 56.732018839738117 ], [ -2.441028617872964, 56.732010183573543 ], [ -2.441032556158803, 56.732001529911805 ], [ -2.441036507777956, 56.731992878855166 ], [ -2.441040472943063, 56.73198423050593 ], [ -2.441044451866769, 56.731975584966321 ], [ -2.441048444761705, 56.73196694233863 ], [ -2.441052451840515, 56.731958302725126 ], [ -2.441056473315839, 56.731949666228076 ], [ -2.44106050939984, 56.731941032949521 ], [ -2.441064560211337, 56.731932402950768 ], [ -2.441068625663811, 56.731923776203352 ], [ -2.441072705643414, 56.731915152666886 ], [ -2.441076800036305, 56.731906532301004 ], [ -2.441080908728636, 56.731897915065325 ], [ -2.441085031606568, 56.73188930091947 ], [ -2.441089168556255, 56.731880689823043 ], [ -2.441093319463852, 56.731872081735666 ], [ -2.441097484215513, 56.731863476616994 ], [ -2.441101662697397, 56.731854874426602 ], [ -2.441105854795659, 56.731846275124127 ], [ -2.441110060396457, 56.731837678669187 ], [ -2.441114279385947, 56.731829085021403 ], [ -2.441118511650283, 56.731820494140393 ], [ -2.441122757075624, 56.731811905985779 ], [ -2.441127015548124, 56.731803320517166 ], [ -2.441131286953944, 56.731794737694202 ], [ -2.441135571179237, 56.731786157476478 ], [ -2.441139868110161, 56.731777579823621 ], [ -2.441144177632875, 56.731769004695252 ], [ -2.441148499633534, 56.731760432051011 ], [ -2.441152833998295, 56.731751861850483 ], [ -2.441157180613316, 56.731743294053324 ], [ -2.441161539364756, 56.731734728619109 ], [ -2.441165910138767, 56.731726165507489 ], [ -2.441170292821514, 56.731717604678082 ], [ -2.441174687299149, 56.731709046090494 ], [ -2.441179093457833, 56.731700489704359 ], [ -2.441183511183722, 56.73169193547929 ], [ -2.441187940362975, 56.731683383374907 ], [ -2.441192380881747, 56.731674833350823 ], [ -2.441196832626201, 56.731666285366657 ], [ -2.441201295482491, 56.731657739382051 ], [ -2.441205769336777, 56.731649195356596 ], [ -2.441210254075216, 56.731640653249947 ], [ -2.441214749583973, 56.731632113021675 ], [ -2.441219255749196, 56.731623574631449 ], [ -2.441223772457049, 56.731615038038846 ], [ -2.441228299593693, 56.731606503203501 ], [ -2.441232837045283, 56.731597970085062 ], [ -2.441237384697977, 56.731589438643105 ], [ -2.441241942437938, 56.731580908837294 ], [ -2.441246510151323, 56.731572380627199 ], [ -2.441251087724292, 56.73156385397246 ], [ -2.441255675043, 56.731555328832727 ], [ -2.441260271993611, 56.731546805167575 ], [ -2.441264878462285, 56.731538282936647 ], [ -2.441269494335177, 56.731529762099576 ], [ -2.441274119498449, 56.731521242615948 ], [ -2.441278753838259, 56.731512724445402 ], [ -2.441283397240772, 56.731504207547573 ], [ -2.441288049592142, 56.731495691882046 ], [ -2.44129271077853, 56.731487177408454 ], [ -2.441297380686097, 56.731478664086445 ], [ -2.441302059201004, 56.731470151875605 ], [ -2.441306746209407, 56.731461640735553 ], [ -2.441311441597473, 56.731453130625916 ], [ -2.441316145251354, 56.731444621506341 ], [ -2.441320857057219, 56.731436113336429 ], [ -2.441325576901223, 56.731427606075769 ], [ -2.441330304669526, 56.731419099684025 ], [ -2.441335040248291, 56.73141059412081 ], [ -2.441339783523678, 56.731402089345721 ], [ -2.441344534381849, 56.731393585318393 ], [ -2.441349292708961, 56.731385081998454 ], [ -2.441354058391179, 56.731376579345508 ], [ -2.441358831314663, 56.731368077319189 ], [ -2.441363611365575, 56.73135957587909 ], [ -2.441368398430072, 56.731351074984893 ], [ -2.441373192394327, 56.731342574596162 ], [ -2.441377993147885, 56.731334074681001 ], [ -2.441382800589009, 56.731325575229185 ], [ -2.441387614617348, 56.731317076233992 ], [ -2.441392435132552, 56.73130857768863 ], [ -2.441397262034271, 56.73130007958639 ], [ -2.441402095222153, 56.73129158192048 ], [ -2.441406934595851, 56.731283084684186 ], [ -2.441411780055013, 56.731274587870743 ], [ -2.441416631499293, 56.731266091473415 ], [ -2.441421488828335, 56.731257595485431 ], [ -2.441426351941792, 56.731249099900047 ], [ -2.441431220739318, 56.731240604710528 ], [ -2.441436095120558, 56.73123210991011 ], [ -2.441440974985165, 56.731223615492048 ], [ -2.44144586023279, 56.731215121449601 ], [ -2.441450750763084, 56.731206627775997 ], [ -2.441455646475695, 56.731198134464506 ], [ -2.441460547270279, 56.731189641508379 ], [ -2.441465453046483, 56.731181148900859 ], [ -2.441470363703959, 56.731172656635195 ], [ -2.441475279142359, 56.731164164704637 ], [ -2.441480199261334, 56.731155673102428 ], [ -2.441485123960533, 56.731147181821846 ], [ -2.441490053139613, 56.731138690856127 ], [ -2.441494986698219, 56.731130200198514 ], [ -2.441499924536007, 56.73112170984227 ], [ -2.441504866552627, 56.731113219780617 ], [ -2.441509812647731, 56.731104730006841 ], [ -2.441514762720972, 56.731096240514191 ], [ -2.441519716671998, 56.731087751295895 ], [ -2.441524674400469, 56.731079262345212 ], [ -2.441529635806028, 56.731070773655397 ], [ -2.441534600788333, 56.7310622852197 ], [ -2.441539569247035, 56.731053797031358 ], [ -2.441544541081786, 56.731045309083662 ], [ -2.441549516192238, 56.731036821369806 ], [ -2.441554494478043, 56.731028333883103 ], [ -2.441559475838857, 56.731019846616746 ], [ -2.441564460174328, 56.731011359564008 ], [ -2.441569447384114, 56.73100287271815 ], [ -2.441574437367863, 56.73099438607241 ], [ -2.441579430025233, 56.730985899620045 ], [ -2.441584425255872, 56.73097741335431 ], [ -2.441589422959435, 56.730968927268457 ], [ -2.441594423035577, 56.730960441355712 ], [ -2.44159942538395, 56.73095195560937 ], [ -2.441604429904208, 56.730943470022638 ], [ -2.441609436496001, 56.730934984588792 ], [ -2.44161444505899, 56.730926499301077 ], [ -2.441619455492821, 56.730918014152749 ], [ -2.441624467697151, 56.730909529137037 ], [ -2.441629481571634, 56.730901044247211 ], [ -2.441634497015926, 56.730892559476516 ], [ -2.441639513929676, 56.730884074818235 ], [ -2.441644532212543, 56.730875590265562 ], [ -2.441649551764177, 56.730867105811804 ], [ -2.441654572484236, 56.730858621450167 ], [ -2.44165959427237, 56.730850137173924 ], [ -2.441664617028241, 56.730841652976316 ], [ -2.441669640651494, 56.730833168850609 ], [ -2.441674665041791, 56.730824684790043 ], [ -2.441679690098783, 56.730816200787871 ], [ -2.441684715722126, 56.730807716837347 ], [ -2.441689741811473, 56.730799232931723 ], [ -2.441694768266484, 56.730790749064241 ], [ -2.441699794986809, 56.730782265228164 ], [ -2.441704821872103, 56.730773781416737 ], [ -2.441709848822024, 56.730765297623215 ], [ -2.441714875736228, 56.730756813840848 ], [ -2.441719902514367, 56.730748330062873 ], [ -2.441724929056099, 56.730739846282582 ], [ -2.441729955261077, 56.730731362493181 ], [ -2.44173498102896, 56.730722878687935 ], [ -2.441740006259404, 56.730714394860122 ], [ -2.44174503085206, 56.73070591100295 ], [ -2.441750054706588, 56.730697427109703 ], [ -2.44175507772264, 56.730688943173604 ], [ -2.441760099799877, 56.730680459187937 ], [ -2.441765120837953, 56.730671975145945 ], [ -2.441770140736527, 56.730663491040858 ], [ -2.441775159395249, 56.730655006865952 ], [ -2.441780176713781, 56.730646522614471 ], [ -2.441785192591775, 56.730638038279658 ], [ -2.441790206928893, 56.73062955385479 ], [ -2.441795219624789, 56.730621069333068 ], [ -2.441800230579117, 56.730612584707785 ], [ -2.441805239691538, 56.73060409997219 ], [ -2.441810246861706, 56.73059561511954 ], [ -2.441815251989279, 56.730587130143043 ], [ -2.441820254973916, 56.730578645036012 ], [ -2.441825255715273, 56.730570159791675 ], [ -2.441830254113005, 56.730561674403248 ], [ -2.441835250066772, 56.730553188864036 ], [ -2.441840243476231, 56.730544703167254 ], [ -2.441845234241038, 56.730536217306174 ], [ -2.441850222260855, 56.73052773127403 ], [ -2.441855207435333, 56.730519245064094 ], [ -2.441860189664136, 56.730510758669595 ], [ -2.441865168846918, 56.730502272083825 ], [ -2.441870144883337, 56.730493785299998 ], [ -2.441875117673054, 56.730485298311372 ], [ -2.441880087115724, 56.73047681111121 ], [ -2.441885053111009, 56.730468323692762 ], [ -2.441890015558561, 56.73045983604927 ], [ -2.441894974358045, 56.730451348173979 ], [ -2.441899929409116, 56.730442860060165 ], [ -2.441904880611433, 56.730434371701079 ], [ -2.441909827864655, 56.730425883089957 ], [ -2.441914771068443, 56.730417394220041 ], [ -2.441919710122449, 56.730408905084609 ], [ -2.441924644926338, 56.730400415676911 ], [ -2.441929575379768, 56.73039192599019 ], [ -2.441934501382396, 56.730383436017696 ], [ -2.441939422833883, 56.730374945752686 ], [ -2.44194433963389, 56.730366455188403 ], [ -2.441949251682072, 56.730357964318117 ], [ -2.441954158878091, 56.730349473135064 ], [ -2.441959061121607, 56.730340981632509 ], [ -2.441963958312276, 56.730332489803679 ], [ -2.441968850349764, 56.730323997641861 ], [ -2.441973737133724, 56.730315505140304 ], [ -2.441978618563819, 56.730307012292208 ], [ -2.441983494539712, 56.730298519090901 ], [ -2.441988364961057, 56.73029002552957 ], [ -2.441993229727518, 56.730281531601513 ], [ -2.441998088738755, 56.730273037299966 ], [ -2.442002941894426, 56.730264542618166 ], [ -2.442007789094194, 56.730256047549396 ], [ -2.442012630237717, 56.730247552086887 ], [ -2.442017465224657, 56.730239056223901 ], [ -2.442022293954675, 56.730230559953668 ], [ -2.442027116327431, 56.730222063269494 ], [ -2.442031932242584, 56.730213566164565 ], [ -2.442036741599799, 56.730205068632166 ], [ -2.442041544298735, 56.730196570665555 ], [ -2.442046340239052, 56.730188072257974 ], [ -2.442051129320412, 56.730179573402687 ], [ -2.442055911442477, 56.730171074092937 ], [ -2.442060686504907, 56.730162574321966 ], [ -2.442065454407364, 56.730154074083046 ], [ -2.442070215049508, 56.730145573369406 ], [ -2.442074968328352, 56.730137072172383 ], [ -2.442079714091996, 56.730128570447199 ], [ -2.44208445214554, 56.730120068117408 ], [ -2.442089182292621, 56.730111565105503 ], [ -2.442093904336871, 56.730103061333942 ], [ -2.442098618081927, 56.73009455672522 ], [ -2.442103323331418, 56.730086051201788 ], [ -2.442108019888984, 56.730077544686139 ], [ -2.442112707558259, 56.730069037100755 ], [ -2.442117386142878, 56.730060528368114 ], [ -2.442122055446474, 56.730052018410653 ], [ -2.442126715272685, 56.730043507150889 ], [ -2.442131365425145, 56.730034994511279 ], [ -2.442136005707489, 56.730026480414288 ], [ -2.442140635923356, 56.730017964782427 ], [ -2.442145255876375, 56.730009447538151 ], [ -2.442149865370189, 56.730000928603943 ], [ -2.442154464208433, 56.729992407902259 ], [ -2.442159052194741, 56.729983885355601 ], [ -2.442163629132751, 56.729975360886435 ], [ -2.442168194826096, 56.729966834417233 ], [ -2.442172749078418, 56.729958305870468 ], [ -2.442177291693353, 56.729949775168635 ], [ -2.442181822474534, 56.729941242234176 ], [ -2.442186341225603, 56.729932706989608 ], [ -2.442190847750193, 56.729924169357382 ], [ -2.442195341851944, 56.729915629259978 ], [ -2.442199823334493, 56.729907086619875 ], [ -2.442204292001479, 56.729898541359546 ], [ -2.442208747656538, 56.729889993401478 ], [ -2.442213190103308, 56.729881442668137 ], [ -2.442217619145428, 56.729872889082003 ], [ -2.442222034586537, 56.729864332565555 ], [ -2.44222643623027, 56.729855773041265 ], [ -2.442230823880271, 56.729847210431608 ], [ -2.442235197340174, 56.729838644659061 ], [ -2.442239556413622, 56.729830075646099 ], [ -2.44224390090425, 56.729821503315208 ], [ -2.442248230615699, 56.72981292758886 ], [ -2.442252545351611, 56.729804348389521 ], [ -2.44225684491562, 56.7297957656397 ], [ -2.44226112911137, 56.729787179261834 ], [ -2.442265397742498, 56.729778589178416 ], [ -2.442269650612647, 56.729769995311926 ], [ -2.442273887525456, 56.729761397584838 ], [ -2.442278108284562, 56.729752795919609 ], [ -2.442282312693609, 56.729744190238748 ], [ -2.442286500556236, 56.729735580464741 ], [ -2.442290671676086, 56.729726966520019 ], [ -2.442294825856797, 56.729718348327083 ], [ -2.442298962902012, 56.729709725808434 ], [ -2.44230308261537, 56.729701098886494 ], [ -2.442307184800515, 56.729692467483787 ], [ -2.442311269261087, 56.72968383152277 ], [ -2.442315335800727, 56.729675190925924 ], [ -2.442319384223078, 56.729666545615721 ], [ -2.442323414331782, 56.729657895514649 ], [ -2.442327425930481, 56.729649240545179 ], [ -2.442331418822815, 56.729640580629784 ], [ -2.442335392812431, 56.729631915690931 ], [ -2.442339347702967, 56.729623245651126 ], [ -2.442343283298069, 56.729614570432837 ], [ -2.442347199401378, 56.72960588995852 ], [ -2.442351095816538, 56.729597204150672 ], [ -2.442354972347193, 56.729588512931763 ], [ -2.442358828796984, 56.729579816224266 ], [ -2.442362664969555, 56.729571113950669 ], [ -2.442366480668554, 56.729562406033459 ], [ -2.442370275697618, 56.729553692395072 ], [ -2.442374049860397, 56.729544972958038 ], [ -2.442377802960533, 56.729536247644795 ], [ -2.442381534801669, 56.729527516377836 ], [ -2.442385245696508, 56.729518779247982 ], [ -2.442388938056699, 56.729510037040207 ], [ -2.442392614834796, 56.729501290718375 ], [ -2.44239627898335, 56.729492541246302 ], [ -2.442399933454914, 56.729483789587889 ], [ -2.442403581202031, 56.729475036706965 ], [ -2.442407225177249, 56.72946628356739 ], [ -2.442410868333107, 56.729457531133001 ], [ -2.442414513622144, 56.729448780367669 ], [ -2.442418163996904, 56.729440032235232 ], [ -2.442421822409917, 56.729431287699533 ], [ -2.442425491813715, 56.729422547724432 ], [ -2.442429175160832, 56.72941381327378 ], [ -2.442432875403795, 56.729405085311448 ], [ -2.44243659549513, 56.729396364801232 ], [ -2.442440338387362, 56.729387652707025 ], [ -2.442444107033008, 56.729378949992672 ], [ -2.442447904384592, 56.72937025762198 ], [ -2.44245173339463, 56.729361576558851 ], [ -2.442455597015634, 56.729352907767101 ], [ -2.442459498200118, 56.729344252210588 ], [ -2.442463439900591, 56.729335610853148 ], [ -2.442467425069564, 56.729326984658627 ], [ -2.44247145665954, 56.729318374590882 ], [ -2.442475537623023, 56.729309781613757 ], [ -2.442479670912516, 56.729301206691083 ], [ -2.442483859480516, 56.729292650786718 ], [ -2.442488106279522, 56.729284114864491 ], [ -2.442492414262028, 56.729275599888254 ], [ -2.442496786380531, 56.729267106821844 ], [ -2.44250122558752, 56.729258636629112 ], [ -2.442505734835481, 56.729250190273895 ], [ -2.442510317076904, 56.729241768720037 ], [ -2.442514975264277, 56.729233372931361 ], [ -2.442519712350082, 56.72922500387174 ], [ -2.4425245312868, 56.729216662504975 ], [ -2.442529435026913, 56.729208349794924 ], [ -2.442534426522901, 56.729200066705417 ], [ -2.442539508727235, 56.729191814200313 ], [ -2.442544684592394, 56.72918359324342 ], [ -2.442549956711566, 56.72917540467126 ], [ -2.442555319991443, 56.729167246596305 ], [ -2.442560761959776, 56.72915911451598 ], [ -2.442566269846586, 56.729151003822231 ], [ -2.442571830881903, 56.729142909906955 ], [ -2.442577432295768, 56.729134828162088 ], [ -2.44258306131822, 56.729126753979571 ], [ -2.442588705179315, 56.729118682751327 ], [ -2.442594351109116, 56.729110609869295 ], [ -2.442599986337695, 56.729102530725385 ], [ -2.442605598095125, 56.729094440711556 ], [ -2.442611173611493, 56.729086335219748 ], [ -2.4426167001169, 56.729078209641905 ], [ -2.442622164841439, 56.72907005936996 ], [ -2.44262755501523, 56.729061879795864 ], [ -2.442632857868386, 56.729053666311565 ], [ -2.442638060631039, 56.729045414309034 ], [ -2.442643150533328, 56.729037119180212 ], [ -2.442648114805399, 56.729028776317044 ], [ -2.442652940677407, 56.729020381111503 ], [ -2.442657615379523, 56.729011928955543 ], [ -2.442662126992558, 56.729003415564101 ], [ -2.442666478858534, 56.728994842446717 ], [ -2.442670687515014, 56.728986216123211 ], [ -2.4426747699343, 56.728977543278432 ], [ -2.442678743088685, 56.728968830597296 ], [ -2.44268262395045, 56.728960084764644 ], [ -2.442686429491865, 56.728951312465362 ], [ -2.442690176685185, 56.728942520384329 ], [ -2.442693882502652, 56.728933715206416 ], [ -2.442697563916498, 56.728924903616452 ], [ -2.442701237468026, 56.728916092125623 ], [ -2.442704911379187, 56.72890728389131 ], [ -2.442708586351135, 56.728898479039088 ], [ -2.442712262814338, 56.728889677585386 ], [ -2.44271594119926, 56.728880879546665 ], [ -2.442719621936363, 56.728872084939354 ], [ -2.442723305456116, 56.728863293779895 ], [ -2.44272699218898, 56.728854506084765 ], [ -2.442730682565418, 56.728845721870343 ], [ -2.442734377015892, 56.728836941153126 ], [ -2.442738075970869, 56.728828163949544 ], [ -2.442741779860806, 56.72881939027603 ], [ -2.442745489116168, 56.728810620149034 ], [ -2.442749204167416, 56.728801853584983 ], [ -2.442752925445011, 56.728793090600334 ], [ -2.442756653379412, 56.728784331211521 ], [ -2.442760388401084, 56.728775575435016 ], [ -2.442764130940482, 56.728766823287231 ], [ -2.442767881428065, 56.728758074784601 ], [ -2.442771640294297, 56.728749329943597 ], [ -2.442775407969631, 56.728740588780624 ], [ -2.44277918488453, 56.728731851312169 ], [ -2.442782971469451, 56.728723117554644 ], [ -2.442786768154851, 56.728714387524498 ], [ -2.442790575371188, 56.728705661238187 ], [ -2.442794393548917, 56.728696938712105 ], [ -2.442798223118495, 56.728688219962741 ], [ -2.442802064510379, 56.728679505006539 ], [ -2.442805918155025, 56.728670793859919 ], [ -2.442809784482885, 56.728662086539337 ], [ -2.44281366392442, 56.7286533830612 ], [ -2.442817556910079, 56.728644683441985 ], [ -2.442821463870319, 56.728635987698127 ], [ -2.442825385235595, 56.72862729584606 ], [ -2.442829321436354, 56.728618607902241 ], [ -2.442833272903057, 56.728609923883084 ], [ -2.442837240066154, 56.728601243805066 ], [ -2.442841223356096, 56.728592567684579 ], [ -2.442845223203334, 56.728583895538115 ], [ -2.442849240038322, 56.728575227382088 ], [ -2.442853274291511, 56.728566563232945 ], [ -2.442857326393352, 56.728557903107117 ], [ -2.442861396774294, 56.72854924702105 ], [ -2.442865485864788, 56.728540594991195 ], [ -2.442869594095281, 56.728531947033979 ], [ -2.442873721896228, 56.728523303165865 ], [ -2.442877869698073, 56.72851466340326 ], [ -2.442882037931266, 56.728506027762627 ], [ -2.442886227026258, 56.728497396260394 ], [ -2.442890437413494, 56.728488768913024 ], [ -2.44289466952342, 56.728480145736924 ], [ -2.442898923786484, 56.72847152674855 ], [ -2.442903200633138, 56.728462911964343 ], [ -2.442907500493821, 56.728454301400767 ], [ -2.442911823798984, 56.728445695074207 ], [ -2.442916170979069, 56.728437093001141 ], [ -2.442920542464524, 56.728428495198017 ], [ -2.442924938685795, 56.728419901681235 ], [ -2.442929360073324, 56.728411312467259 ], [ -2.442933807057555, 56.728402727572544 ], [ -2.442938280068933, 56.72839414701351 ], [ -2.4429427795379, 56.728385570806601 ], [ -2.442947305894902, 56.728376998968244 ], [ -2.442951859570379, 56.728368431514895 ], [ -2.442956440994776, 56.728359868462981 ], [ -2.442961050598533, 56.728351309828945 ], [ -2.442965688812092, 56.728342755629228 ], [ -2.442970356065894, 56.728334205880266 ], [ -2.442975052790383, 56.728325660598514 ], [ -2.442979779415996, 56.72831711980038 ], [ -2.442984536335869, 56.728308583498325 ], [ -2.442989323355685, 56.728300051641931 ], [ -2.442994139813456, 56.728291524130711 ], [ -2.442998985034224, 56.728283000862795 ], [ -2.443003858343044, 56.728274481736328 ], [ -2.443008759064966, 56.728265966649438 ], [ -2.443013686525039, 56.728257455500255 ], [ -2.443018640048317, 56.728248948186923 ], [ -2.443023618959852, 56.728240444607572 ], [ -2.443028622584696, 56.728231944660337 ], [ -2.443033650247904, 56.728223448243348 ], [ -2.443038701274529, 56.728214955254749 ], [ -2.443043774989624, 56.728206465592685 ], [ -2.443048870718247, 56.728197979155269 ], [ -2.443053987785453, 56.728189495840638 ], [ -2.443059125516299, 56.728181015546937 ], [ -2.443064283235841, 56.728172538172295 ], [ -2.443069460269133, 56.728164063614862 ], [ -2.443074655941238, 56.728155591772769 ], [ -2.443079869577213, 56.728147122544129 ], [ -2.443085100502116, 56.728138655827109 ], [ -2.443090348041009, 56.728130191519817 ], [ -2.44309561151895, 56.72812172952041 ], [ -2.443100890260999, 56.728113269727011 ], [ -2.443106183592219, 56.728104812037792 ], [ -2.443111490837672, 56.728096356350846 ], [ -2.443116811322419, 56.728087902564319 ], [ -2.443122144371525, 56.728079450576352 ], [ -2.443127489310048, 56.728071000285091 ], [ -2.443132845463058, 56.728062551588657 ], [ -2.443138212155619, 56.728054104385208 ], [ -2.443143588712795, 56.728045658572867 ], [ -2.443148974459648, 56.72803721404977 ], [ -2.443154368721248, 56.728028770714047 ], [ -2.443159770822663, 56.728020328463856 ], [ -2.443165180088955, 56.728011887197347 ], [ -2.443170595845197, 56.728003446812608 ], [ -2.443176017416457, 56.727995007207817 ], [ -2.443181444127799, 56.727986568281104 ], [ -2.443186875304296, 56.727978129930591 ], [ -2.443192310271017, 56.727969692054451 ], [ -2.443197748353034, 56.727961254550785 ], [ -2.443203188875415, 56.727952817317757 ], [ -2.443208631163236, 56.727944380253483 ], [ -2.443214074541564, 56.727935943256128 ], [ -2.443219518335476, 56.727927506223814 ], [ -2.443224961870043, 56.727919069054693 ], [ -2.443230404470338, 56.727910631646893 ], [ -2.443235845461437, 56.727902193898551 ], [ -2.443241284168414, 56.727893755707804 ], [ -2.443246719916345, 56.727885316972809 ], [ -2.443252152030304, 56.727876877591704 ], [ -2.443257579835366, 56.727868437462611 ], [ -2.443263002656613, 56.72785999648368 ], [ -2.443268419819121, 56.727851554553069 ], [ -2.443273830647966, 56.727843111568895 ], [ -2.443279234468228, 56.727834667429299 ], [ -2.443284630604985, 56.727826222032419 ], [ -2.443290018383317, 56.727817775276414 ], [ -2.443295397128306, 56.727809327059411 ], [ -2.443300766165029, 56.727800877279556 ], [ -2.44330612481857, 56.727792425834991 ], [ -2.44331147241401, 56.727783972623847 ], [ -2.443316808276433, 56.727775517544273 ], [ -2.443322131730918, 56.727767060494422 ], [ -2.443327442102552, 56.727758601372415 ], [ -2.443332738716419, 56.727750140076395 ], [ -2.443338020897601, 56.727741676504522 ], [ -2.443343287971183, 56.727733210554931 ], [ -2.443348539262256, 56.727724742125751 ], [ -2.443353774095916, 56.727716271115135 ], [ -2.443358991952621, 56.727707797444303 ], [ -2.443364192848391, 56.727699321113988 ], [ -2.443369376914561, 56.727690842142032 ], [ -2.443374544282479, 56.727682360546325 ], [ -2.443379695083479, 56.727673876344703 ], [ -2.443384829448904, 56.72766538955505 ], [ -2.443389947510096, 56.727656900195214 ], [ -2.443395049398392, 56.727648408283052 ], [ -2.443400135245137, 56.727639913836434 ], [ -2.443405205181667, 56.727631416873194 ], [ -2.443410259339325, 56.727622917411232 ], [ -2.443415297849448, 56.727614415468381 ], [ -2.443420320843378, 56.727605911062525 ], [ -2.443425328452452, 56.727597404211501 ], [ -2.443430320808013, 56.727588894933184 ], [ -2.4434352980414, 56.727580383245424 ], [ -2.443440260283951, 56.727571869166098 ], [ -2.443445207667005, 56.727563352713041 ], [ -2.443450140321902, 56.727554833904129 ], [ -2.443455058379984, 56.727546312757227 ], [ -2.443459961972585, 56.727537789290203 ], [ -2.443464851231046, 56.727529263520864 ], [ -2.443469726286706, 56.727520735467145 ], [ -2.443474587270903, 56.727512205146873 ], [ -2.443479434314979, 56.727503672577875 ], [ -2.443484267550266, 56.72749513777805 ], [ -2.443489087108108, 56.727486600765268 ], [ -2.443493893119843, 56.727478061557349 ], [ -2.443498685716806, 56.727469520172178 ], [ -2.443503465030337, 56.72746097662764 ], [ -2.443508231191773, 56.727452430941547 ], [ -2.443512984332452, 56.727443883131784 ], [ -2.443517724583715, 56.727435333216206 ], [ -2.443522452076895, 56.727426781212664 ], [ -2.443527166943333, 56.727418227139033 ], [ -2.443531869314364, 56.727409671013156 ], [ -2.443536559321327, 56.727401112852917 ], [ -2.443541237095558, 56.727392552676164 ], [ -2.443545902768394, 56.727383990500762 ], [ -2.443550556471173, 56.727375426344544 ], [ -2.443555198335233, 56.727366860225402 ], [ -2.443559828491911, 56.727358292161171 ], [ -2.443564447072538, 56.727349722169741 ], [ -2.44356905420846, 56.727341150268941 ], [ -2.443573650031005, 56.727332576476648 ], [ -2.443578234671513, 56.727324000810732 ], [ -2.443582808261321, 56.727315423289014 ], [ -2.443587370931764, 56.727306843929391 ], [ -2.44359192281418, 56.727298262749699 ], [ -2.443596464039901, 56.727289679767829 ], [ -2.443600994740265, 56.727281095001594 ], [ -2.443605515046609, 56.727272508468893 ], [ -2.443610025090267, 56.727263920187568 ], [ -2.443614525002577, 56.727255330175488 ], [ -2.443619014914872, 56.727246738450489 ], [ -2.443623494958488, 56.727238145030455 ], [ -2.443627965264759, 56.727229549933249 ], [ -2.443632425965022, 56.727220953176712 ], [ -2.443636877190612, 56.727212354778707 ], [ -2.443641319072863, 56.727203754757092 ], [ -2.443645751743109, 56.727195153129742 ], [ -2.443650175332688, 56.727186549914492 ], [ -2.44365458997293, 56.727177945129235 ], [ -2.443658995795174, 56.727169338791796 ], [ -2.443663392930751, 56.727160730920048 ], [ -2.443667781510997, 56.727152121531851 ], [ -2.443672161667245, 56.727143510645085 ], [ -2.443676533530829, 56.727134898277555 ], [ -2.443680897233083, 56.727126284447159 ], [ -2.443685252905344, 56.727117669171754 ], [ -2.443689600678943, 56.727109052469203 ], [ -2.443693940685212, 56.727100434357354 ], [ -2.443698273055486, 56.727091814854063 ], [ -2.443702597921102, 56.727083193977187 ], [ -2.443706915413386, 56.727074571744609 ], [ -2.443711225663677, 56.727065948174172 ], [ -2.443715528803305, 56.727057323283724 ], [ -2.443719824963605, 56.727048697091142 ], [ -2.443724114275909, 56.727040069614269 ], [ -2.44372839687155, 56.727031440870981 ], [ -2.443732672881859, 56.727022810879141 ], [ -2.443736942438162, 56.727014179656656 ], [ -2.443741205671638, 56.727005547223193 ], [ -2.443745462713335, 56.726996913599784 ], [ -2.443749713694304, 56.726988278807546 ], [ -2.443753958745586, 56.726979642867569 ], [ -2.443758197998232, 56.726971005800976 ], [ -2.443762431583284, 56.726962367628843 ], [ -2.443766659631793, 56.726953728372287 ], [ -2.443770882274802, 56.726945088052432 ], [ -2.443775099643361, 56.726936446690345 ], [ -2.443779311868511, 56.726927804307167 ], [ -2.443783519081298, 56.726919160923977 ], [ -2.443787721412773, 56.726910516561887 ], [ -2.443791918993977, 56.726901871242006 ], [ -2.443796111955956, 56.726893224985417 ], [ -2.443800300429757, 56.726884577813244 ], [ -2.443804484546423, 56.726875929746598 ], [ -2.443808664437003, 56.726867280806573 ], [ -2.443812840232539, 56.726858631014252 ], [ -2.443817012064075, 56.726849980390774 ], [ -2.44382118006266, 56.726841328957221 ], [ -2.443825344359335, 56.726832676734695 ], [ -2.443829505085145, 56.7268240237443 ], [ -2.443833662371136, 56.726815370007166 ], [ -2.443837816348354, 56.72680671554437 ], [ -2.443841967147839, 56.726798060377007 ], [ -2.443846114900638, 56.72678940452623 ], [ -2.443850259737794, 56.726780748013084 ], [ -2.443854401790352, 56.726772090858709 ], [ -2.443858541189354, 56.72676343308418 ], [ -2.443862678065846, 56.726754774710642 ], [ -2.443866812550872, 56.726746115759163 ], [ -2.443870944775472, 56.726737456250852 ], [ -2.443875074870693, 56.726728796206828 ], [ -2.443879202967577, 56.726720135648186 ], [ -2.443883329197166, 56.726711474596016 ], [ -2.443887453690506, 56.726702813071441 ], [ -2.443891576578637, 56.72669415109555 ], [ -2.443895697992603, 56.726685488689462 ], [ -2.443899818063449, 56.726676825874286 ], [ -2.443903936922214, 56.726668162671096 ], [ -2.443908054699942, 56.726659499101004 ], [ -2.443912171527676, 56.726650835185133 ], [ -2.443916287536459, 56.726642170944572 ], [ -2.443920402857331, 56.726633506400425 ], [ -2.443924517621336, 56.726624841573795 ], [ -2.443928631959513, 56.726616176485784 ], [ -2.443932746002909, 56.726607511157503 ], [ -2.443936859882563, 56.726598845610035 ], [ -2.443940973729514, 56.726590179864516 ], [ -2.443945087674809, 56.726581513942037 ], [ -2.443949201849486, 56.726572847863679 ], [ -2.443953316384587, 56.726564181650573 ], [ -2.443957431411154, 56.726555515323803 ], [ -2.443961547060227, 56.726546848904469 ], [ -2.443965663462845, 56.726538182413705 ], [ -2.443969780750053, 56.726529515872592 ], [ -2.443973899052893, 56.726520849302219 ], [ -2.443978018502399, 56.726512182723731 ], [ -2.443982139229616, 56.726503516158189 ], [ -2.443986261365584, 56.726494849626704 ], [ -2.443990385041346, 56.726486183150406 ], [ -2.443994510387937, 56.726477516750371 ], [ -2.4439986375364, 56.726468850447716 ], [ -2.444002766617774, 56.726460184263523 ], [ -2.444006897763101, 56.72645151821893 ], [ -2.444011031103418, 56.726442852335012 ], [ -2.444015166769767, 56.726434186632865 ], [ -2.444019304893187, 56.726425521133628 ], [ -2.444023445604717, 56.726416855858389 ], [ -2.444027589035395, 56.726408190828217 ], [ -2.444031735343211, 56.726399526069635 ], [ -2.444035884830981, 56.726390861638059 ], [ -2.444040037849965, 56.726382197598575 ], [ -2.444044194751461, 56.72637353401629 ], [ -2.444048355886764, 56.726364870956289 ], [ -2.444052521607164, 56.726356208483701 ], [ -2.444056692263965, 56.726347546663604 ], [ -2.444060868208453, 56.726338885561105 ], [ -2.444065049791924, 56.72633022524132 ], [ -2.444069237365676, 56.726321565769339 ], [ -2.444073431280998, 56.726312907210264 ], [ -2.444077631889183, 56.726304249629187 ], [ -2.444081839541528, 56.726295593091223 ], [ -2.444086054589323, 56.72628693766147 ], [ -2.444090277383859, 56.726278283405051 ], [ -2.44409450827643, 56.726269630387023 ], [ -2.444098747618326, 56.726260978672528 ], [ -2.444102995760842, 56.726252328326645 ], [ -2.444107253055264, 56.726243679414488 ], [ -2.444111519852887, 56.726235032001121 ], [ -2.444115796505002, 56.726226386151708 ], [ -2.444120083362896, 56.726217741931286 ], [ -2.444124380777859, 56.72620909940499 ], [ -2.444128689101186, 56.726200458637926 ], [ -2.444133008684161, 56.726191819695195 ], [ -2.444137339878074, 56.726183182641869 ], [ -2.444141683034218, 56.726174547543081 ], [ -2.444146038503876, 56.726165914463905 ], [ -2.444150406638343, 56.726157283469469 ], [ -2.444154787788897, 56.726148654624851 ], [ -2.444159182306837, 56.726140027995172 ], [ -2.444163590543441, 56.726131403645503 ], [ -2.444168012850004, 56.726122781640974 ], [ -2.444172449577808, 56.72611416204667 ], [ -2.44417690107814, 56.726105544927677 ], [ -2.444181367702289, 56.726096930349136 ], [ -2.444185849801537, 56.726088318376107 ], [ -2.444190347727173, 56.726079709073723 ], [ -2.444194861830483, 56.726071102507049 ], [ -2.444199392462751, 56.726062498741221 ], [ -2.444203939975259, 56.726053897841311 ], [ -2.444208504719296, 56.726045299872439 ], [ -2.444213087046147, 56.726036704899691 ], [ -2.44421768730709, 56.726028112988168 ], [ -2.444222305853417, 56.726019524202968 ], [ -2.444226943036404, 56.726010938609207 ], [ -2.44423159920734, 56.726002356271955 ], [ -2.444236274717504, 56.725993777256342 ], [ -2.444240969918181, 56.725985201627438 ], [ -2.444245685160654, 56.725976629450365 ], [ -2.444250420796201, 56.72596806079023 ], [ -2.444255177176109, 56.725959495712111 ], [ -2.444259954651659, 56.725950934281101 ], [ -2.44426475357413, 56.72594237656233 ], [ -2.444269574294804, 56.725933822620867 ], [ -2.444274417164962, 56.725925272521835 ], [ -2.444279282535886, 56.725916726330297 ], [ -2.444284170758853, 56.72590818411139 ], [ -2.444289082185143, 56.725899645930205 ], [ -2.444294017166042, 56.725891111851823 ], [ -2.444298976052822, 56.725882581941356 ], [ -2.444303959196766, 56.725874056263905 ], [ -2.444308966949154, 56.725865534884555 ], [ -2.444313999661263, 56.725857017868407 ], [ -2.444319057684369, 56.725848505280581 ], [ -2.444324141369756, 56.725839997186142 ], [ -2.444329251068695, 56.725831493650205 ], [ -2.444334387132471, 56.725822994737875 ], [ -2.444339549912356, 56.72581450051424 ], [ -2.44434473975963, 56.725806011044405 ], [ -2.44434995702543, 56.725797526393436 ], [ -2.444355201873774, 56.725789046591949 ], [ -2.444360473911038, 56.725780571567874 ], [ -2.444365772640184, 56.725772101230099 ], [ -2.444371097564177, 56.725763635487496 ], [ -2.444376448185984, 56.72575517424896 ], [ -2.444381824008568, 56.725746717423384 ], [ -2.444387224534895, 56.725738264919649 ], [ -2.444392649267932, 56.725729816646634 ], [ -2.444398097710644, 56.725721372513213 ], [ -2.444403569365997, 56.725712932428323 ], [ -2.444409063736961, 56.725704496300793 ], [ -2.444414580326498, 56.725696064039546 ], [ -2.444420118637583, 56.725687635553442 ], [ -2.444425678173182, 56.725679210751387 ], [ -2.444431258436262, 56.725670789542257 ], [ -2.444436858929793, 56.725662371834929 ], [ -2.444442479156746, 56.72565395753832 ], [ -2.444448118620089, 56.725645546561296 ], [ -2.444453776822793, 56.72563713881275 ], [ -2.444459453267826, 56.725628734201564 ], [ -2.444465147458164, 56.725620332636616 ], [ -2.444470858896779, 56.725611934026816 ], [ -2.444476587086638, 56.725603538281035 ], [ -2.444482331530716, 56.725595145308155 ], [ -2.444488091731985, 56.725586755017083 ], [ -2.444493867193419, 56.725578367316693 ], [ -2.44449965741799, 56.725569982115879 ], [ -2.444505461908674, 56.72556159932352 ], [ -2.444511280168445, 56.725553218848518 ], [ -2.444517111700274, 56.725544840599738 ], [ -2.44452295600714, 56.725536464486076 ], [ -2.444528812592017, 56.725528090416439 ], [ -2.444534680957881, 56.725519718299708 ], [ -2.44454056060771, 56.725511348044748 ], [ -2.444546451044475, 56.725502979560467 ], [ -2.44455235177116, 56.725494612755746 ], [ -2.444558262290736, 56.725486247539479 ], [ -2.444564182106185, 56.725477883820567 ], [ -2.444570110720484, 56.725469521507875 ], [ -2.44457604763661, 56.725461160510292 ], [ -2.444581992357546, 56.725452800736726 ], [ -2.444587944386266, 56.725444442096055 ], [ -2.444593903225752, 56.725436084497183 ], [ -2.444599868378984, 56.725427727848967 ], [ -2.444605839348942, 56.725419372060315 ], [ -2.444611815638608, 56.725411017040123 ], [ -2.444617796750963, 56.72540266269727 ], [ -2.444623782188984, 56.725394308940643 ], [ -2.444629771455659, 56.725385955679151 ], [ -2.444635764053967, 56.725377602821652 ], [ -2.444641759486891, 56.725369250277069 ], [ -2.444647757257415, 56.725360897954268 ], [ -2.444653756868524, 56.725352545762156 ], [ -2.444659757823196, 56.725344193609601 ], [ -2.44466575962442, 56.725335841405531 ], [ -2.444671761775181, 56.725327489058785 ], [ -2.44467776377846, 56.725319136478305 ], [ -2.444683765137246, 56.725310783572944 ], [ -2.444689765354522, 56.725302430251602 ], [ -2.444695763933274, 56.725294076423197 ], [ -2.444701760376493, 56.72528572199657 ], [ -2.44470775418716, 56.725277366880647 ], [ -2.444713744868264, 56.725269010984313 ], [ -2.444719731922795, 56.725260654216463 ], [ -2.444725714853738, 56.725252296485976 ], [ -2.444731693164083, 56.725243937701741 ], [ -2.444737666356818, 56.725235577772672 ], [ -2.444743633934932, 56.725227216607642 ], [ -2.444749595401414, 56.725218854115546 ], [ -2.444755550259255, 56.725210490205271 ], [ -2.444761497595951, 56.725202124744136 ], [ -2.444767434008669, 56.725193757350098 ], [ -2.444773355170946, 56.725185387548684 ], [ -2.444779256754791, 56.725177014865281 ], [ -2.444785134432232, 56.725168638825238 ], [ -2.444790983875289, 56.725160258953942 ], [ -2.444796800755995, 56.725151874776763 ], [ -2.44480258074638, 56.725143485819082 ], [ -2.444808319518477, 56.725135091606234 ], [ -2.444814012744327, 56.725126691663625 ], [ -2.444819656095973, 56.725118285516643 ], [ -2.44482524524546, 56.725109872690616 ], [ -2.444830775864838, 56.725101452710987 ], [ -2.44483624362616, 56.725093025103085 ], [ -2.444841644201483, 56.725084589392296 ], [ -2.444846973262868, 56.725076145104005 ], [ -2.444852226482376, 56.725067691763591 ], [ -2.444857399532078, 56.725059228896455 ], [ -2.444862488084047, 56.725050756027947 ], [ -2.444867487810355, 56.725042272683446 ], [ -2.444872394383081, 56.725033778388351 ], [ -2.44487720347431, 56.725025272668049 ], [ -2.444881910756125, 56.725016755047911 ], [ -2.444886511900621, 56.725008225053337 ], [ -2.444891002579889, 56.72499968220967 ], [ -2.444895378466029, 56.724991126042347 ], [ -2.444899635231139, 56.724982556076718 ], [ -2.44490376854733, 56.724973971838189 ], [ -2.444907774086707, 56.724965372852125 ], [ -2.444911647521388, 56.724956758643927 ], [ -2.444915384523488, 56.72494812873898 ], [ -2.444918980765129, 56.72493948266267 ], [ -2.444922431918438, 56.724930819940369 ], [ -2.444925733655545, 56.724922140097469 ], [ -2.444928881648583, 56.724913442659378 ], [ -2.444931871569693, 56.72490472715144 ], [ -2.444934699091015, 56.724895993099082 ], [ -2.444937359884695, 56.724887240027677 ], [ -2.444939849624102, 56.724878467462737 ], [ -2.444942167314138, 56.724869675317386 ], [ -2.444944322555267, 56.724860864737359 ], [ -2.444946327049613, 56.724852037112917 ], [ -2.444948192476076, 56.724843193857396 ], [ -2.444949930548757, 56.724834336349097 ], [ -2.444951552980904, 56.724825465967193 ], [ -2.444953071474607, 56.724816584101916 ], [ -2.44495449773194, 56.724807692143479 ], [ -2.444955843454967, 56.724798791482129 ], [ -2.444957120345749, 56.72478988350813 ], [ -2.444958340106325, 56.724780969611686 ], [ -2.444959514438732, 56.724772051183045 ], [ -2.444960655044988, 56.724763129612441 ], [ -2.444961773627112, 56.724754206290115 ], [ -2.444962881887098, 56.724745282606271 ], [ -2.444963991526945, 56.724736359951187 ], [ -2.444965114248626, 56.72472743971506 ], [ -2.44496626175411, 56.724718523288132 ], [ -2.444967445745359, 56.724709612060657 ], [ -2.444968677924317, 56.724700707422834 ], [ -2.444969969992922, 56.724691810764895 ], [ -2.444971333653101, 56.724682923477097 ], [ -2.444972780606768, 56.724674046949652 ], [ -2.444974322555827, 56.724665182572785 ], [ -2.444975971202175, 56.724656331736718 ], [ -2.444977738247692, 56.724647495831704 ], [ -2.444979635394254, 56.724638676247956 ], [ -2.444981674343723, 56.72462987437568 ], [ -2.444983866797954, 56.724621091605123 ], [ -2.444986222039532, 56.724612329033633 ], [ -2.444988737490667, 56.724603586322864 ], [ -2.444991406944819, 56.724594862695206 ], [ -2.444994224194524, 56.724586157372926 ], [ -2.444997183032325, 56.724577469578271 ], [ -2.445000277250776, 56.724568798533518 ], [ -2.445003500642434, 56.724560143460941 ], [ -2.445006846999859, 56.724551503582802 ], [ -2.445010310115621, 56.724542878121369 ], [ -2.445013883782289, 56.724534266298917 ], [ -2.445017561792447, 56.724525667337716 ], [ -2.445021337938677, 56.724517080460032 ], [ -2.445025206013573, 56.724508504888128 ], [ -2.445029159809726, 56.724499939844286 ], [ -2.445033193119737, 56.724491384550781 ], [ -2.445037299736217, 56.724482838229861 ], [ -2.445041473451772, 56.724474300103829 ], [ -2.445045708059024, 56.724465769394932 ], [ -2.445049997350593, 56.724457245325461 ], [ -2.445054335119106, 56.724448727117682 ], [ -2.445058715157197, 56.724440213993894 ], [ -2.445063131257504, 56.724431705176357 ], [ -2.445067577212672, 56.724423199887326 ], [ -2.445072046815346, 56.724414697349118 ], [ -2.445076533858184, 56.724406196783988 ], [ -2.44508103213384, 56.724397697414233 ], [ -2.445085535434983, 56.724389198462134 ], [ -2.445090037554278, 56.724380699149947 ], [ -2.445094532284403, 56.724372198699989 ], [ -2.445099013418035, 56.724363696334528 ], [ -2.445103474747861, 56.724355191275848 ], [ -2.445107910066569, 56.724346682746244 ], [ -2.445112313166858, 56.724338169967993 ], [ -2.445116677841424, 56.724329652163398 ], [ -2.445120997882976, 56.724321128554728 ], [ -2.445125267084223, 56.724312598364278 ], [ -2.445129479237882, 56.724304060814347 ], [ -2.445133628136674, 56.724295515127238 ], [ -2.445137707573327, 56.724286960525198 ], [ -2.445141712428317, 56.72427839635224 ], [ -2.445145644514375, 56.724269822727798 ], [ -2.445149508365508, 56.724261240075734 ], [ -2.445153308522159, 56.724252648820602 ], [ -2.445157049524763, 56.724244049387003 ], [ -2.445160735913758, 56.724235442199486 ], [ -2.445164372229574, 56.724226827682685 ], [ -2.445167963012636, 56.724218206261078 ], [ -2.445171512803368, 56.724209578359307 ], [ -2.445175026142191, 56.724200944401936 ], [ -2.445178507569518, 56.724192304813521 ], [ -2.445181961625758, 56.724183660018639 ], [ -2.445185392851321, 56.724175010441861 ], [ -2.445188805786613, 56.724166356507759 ], [ -2.445192204972028, 56.724157698640902 ], [ -2.445195594947961, 56.724149037265853 ], [ -2.445198980254807, 56.724140372807184 ], [ -2.44520236543295, 56.724131705689487 ], [ -2.445205755022776, 56.724123036337289 ], [ -2.445209153564663, 56.724114365175176 ], [ -2.445212565598988, 56.724105692627717 ], [ -2.445215995666118, 56.724097019119476 ], [ -2.445219448306425, 56.72408834507501 ], [ -2.445222928060269, 56.724079670918897 ], [ -2.445226439468012, 56.7240709970757 ], [ -2.445229987070009, 56.724062323969981 ], [ -2.445233575406609, 56.724053652026299 ], [ -2.445237209018162, 56.724044981669216 ], [ -2.44524089244501, 56.724036313323296 ], [ -2.445244630227493, 56.724027647413088 ], [ -2.445248426350943, 56.724018984317986 ], [ -2.445252280523424, 56.724010324068878 ], [ -2.445256190465073, 56.724001666534804 ], [ -2.445260153885032, 56.723993011583872 ], [ -2.44526416849244, 56.723984359084206 ], [ -2.445268231996443, 56.723975708903907 ], [ -2.445272342106179, 56.723967060911107 ], [ -2.4452764965308, 56.723958414973914 ], [ -2.445280692979454, 56.723949770960424 ], [ -2.445284929161291, 56.723941128738801 ], [ -2.445289202785465, 56.723932488177127 ], [ -2.445293511561129, 56.723923849143532 ], [ -2.445297853197443, 56.723915211506117 ], [ -2.445302225403565, 56.723906575133029 ], [ -2.445306625888655, 56.723897939892346 ], [ -2.445311052361876, 56.723889305652229 ], [ -2.445315502532393, 56.723880672280778 ], [ -2.445319974109377, 56.723872039646089 ], [ -2.445324464801991, 56.723863407616321 ], [ -2.445328972319412, 56.723854776059582 ], [ -2.445333494370811, 56.723846144843996 ], [ -2.445338028665359, 56.723837513837665 ], [ -2.44534257291224, 56.723828882908727 ], [ -2.445347124820628, 56.723820251925282 ], [ -2.44535168209971, 56.723811620755477 ], [ -2.445356242458662, 56.723802989267412 ], [ -2.445360803606675, 56.723794357329226 ], [ -2.445365363252935, 56.723785724809041 ], [ -2.44536991910663, 56.723777091574973 ], [ -2.445374468876953, 56.723768457495154 ], [ -2.445379010273093, 56.723759822437692 ], [ -2.445383541004253, 56.723751186270718 ], [ -2.445388058779625, 56.723742548862383 ], [ -2.445392561308408, 56.723733910080753 ], [ -2.445397046299808, 56.723725269794002 ], [ -2.445401511463025, 56.723716627870246 ], [ -2.445405954507261, 56.723707984177608 ], [ -2.445410373141732, 56.723699338584204 ], [ -2.445414765075642, 56.723690690958179 ], [ -2.445419128018204, 56.723682041167635 ], [ -2.445423459678631, 56.723673389080709 ], [ -2.445427757766138, 56.723664734565546 ], [ -2.445432019989944, 56.723656077490261 ], [ -2.445436244059269, 56.723647417722972 ], [ -2.445440427683333, 56.723638755131823 ], [ -2.445444568571362, 56.72363008958493 ], [ -2.445448664432581, 56.723621420950437 ], [ -2.445452712976218, 56.723612749096468 ], [ -2.445456711911501, 56.723604073891146 ], [ -2.445460658947664, 56.723595395202587 ], [ -2.445464551793941, 56.72358671289895 ], [ -2.445468388159568, 56.723578026848351 ], [ -2.445472165753783, 56.723569336918914 ], [ -2.445475882285827, 56.723560642978782 ], [ -2.445479535464943, 56.72355194489608 ], [ -2.445483123000372, 56.723543242538945 ], [ -2.445486642601363, 56.723534535775507 ], [ -2.445490091977164, 56.723525824473874 ], [ -2.445493468837028, 56.7235171085022 ], [ -2.445496770890206, 56.723508387728636 ], [ -2.44549999584595, 56.723499662021261 ], [ -2.445503141413524, 56.72349093124825 ], [ -2.44550620530218, 56.723482195277718 ], [ -2.445509185221185, 56.723473453977796 ], [ -2.445512078879801, 56.723464707216628 ], [ -2.445514883987289, 56.723455954862338 ], [ -2.445517598252921, 56.723447196783063 ], [ -2.445520219385967, 56.723438432846912 ], [ -2.445522745095698, 56.723429662922044 ], [ -2.44552517309139, 56.723420886876603 ], [ -2.445527501082315, 56.723412104578678 ], [ -2.445529727078831, 56.723403315933645 ], [ -2.44553185866156, 56.723394522029658 ], [ -2.44553391473286, 56.723385725354198 ], [ -2.445535914849531, 56.723376928475602 ], [ -2.445537878568364, 56.723368133962225 ], [ -2.445539825446129, 56.723359344382445 ], [ -2.445541775039581, 56.723350562304589 ], [ -2.445543746905454, 56.723341790296992 ], [ -2.445545760600467, 56.723333030928018 ], [ -2.445547835681321, 56.723324286766022 ], [ -2.445549991704698, 56.723315560379334 ], [ -2.445552248227266, 56.723306854336286 ], [ -2.445554624805673, 56.723298171205258 ], [ -2.445557140996554, 56.723289513554533 ], [ -2.445559816356521, 56.723280883952491 ], [ -2.445562670442176, 56.72327228496745 ], [ -2.445565722810104, 56.723263719167747 ], [ -2.445568993016871, 56.723255189121701 ], [ -2.445572500619027, 56.723246697397641 ], [ -2.445576265173114, 56.723238246563895 ], [ -2.445580306235648, 56.723229839188775 ], [ -2.445584643363143, 56.723221477840596 ], [ -2.445589289790942, 56.723213164176009 ], [ -2.445594229173247, 56.723204895585276 ], [ -2.445599436518363, 56.723196668211727 ], [ -2.445604886833561, 56.72318847819853 ], [ -2.445610555126119, 56.723180321688851 ], [ -2.445616416403353, 56.723172194825899 ], [ -2.44562244567259, 56.723164093752821 ], [ -2.445628617941175, 56.723156014612833 ], [ -2.44563490821648, 56.723147953549095 ], [ -2.445641291505888, 56.723139906704809 ], [ -2.445647742816806, 56.723131870223206 ], [ -2.445654237156657, 56.72312384024746 ], [ -2.445660749532883, 56.723115812920788 ], [ -2.445667254952944, 56.7231077843864 ], [ -2.445673728424321, 56.72309975078754 ], [ -2.445680144954512, 56.723091708267418 ], [ -2.445686479551031, 56.723083652969265 ], [ -2.445692707221419, 56.723075581036319 ], [ -2.445698802973223, 56.723067488611846 ], [ -2.445704741814023, 56.723059371839028 ], [ -2.445710498817736, 56.723051226870801 ], [ -2.445716058988517, 56.72304305129876 ], [ -2.445721427736389, 56.723034845671144 ], [ -2.445726612980129, 56.723026610899645 ], [ -2.445731622638503, 56.723018347895959 ], [ -2.445736464630277, 56.72301005757182 ], [ -2.445741146874207, 56.723001740838882 ], [ -2.445745677289046, 56.722993398608864 ], [ -2.445750063793541, 56.722985031793478 ], [ -2.44575431430643, 56.722976641304399 ], [ -2.445758436746451, 56.722968228053304 ], [ -2.445762439032329, 56.722959792951912 ], [ -2.445766329082788, 56.722951336911891 ], [ -2.44577011481654, 56.722942860844945 ], [ -2.4457738041523, 56.722934365662745 ], [ -2.445777405008768, 56.72292585227698 ], [ -2.445780925304637, 56.722917321599347 ], [ -2.4457843729586, 56.722908774541509 ], [ -2.445787755889342, 56.722900212015155 ], [ -2.445791082015538, 56.722891634931983 ], [ -2.445794359255857, 56.722883044203641 ], [ -2.445797595528962, 56.722874440741826 ], [ -2.445800798753508, 56.722865825458229 ], [ -2.445803976848151, 56.722857199264503 ], [ -2.445807137731527, 56.722848563072333 ], [ -2.445810289322275, 56.722839917793387 ], [ -2.445813439539024, 56.722831264339348 ], [ -2.445816596300397, 56.7228226036219 ], [ -2.445819767525007, 56.722813936552697 ], [ -2.445822961131462, 56.72280526404343 ], [ -2.445826185038364, 56.722796587005746 ], [ -2.445829447161532, 56.72278790635108 ], [ -2.445832753306032, 56.722779222807212 ], [ -2.445836103409069, 56.722770536591341 ], [ -2.44583949639635, 56.722761847832651 ], [ -2.445842931193581, 56.722753156660325 ], [ -2.445846406726471, 56.72274446320354 ], [ -2.445849921920726, 56.722735767591516 ], [ -2.44585347570206, 56.722727069953415 ], [ -2.445857066996181, 56.722718370418427 ], [ -2.4458606947288, 56.72270966911578 ], [ -2.445864357825634, 56.722700966174578 ], [ -2.445868055212392, 56.722692261724077 ], [ -2.445871785814794, 56.722683555893468 ], [ -2.445875548558552, 56.722674848811906 ], [ -2.445879342369384, 56.722666140608595 ], [ -2.445883166173011, 56.722657431412713 ], [ -2.445887018895148, 56.72264872135348 ], [ -2.445890899461517, 56.722640010560042 ], [ -2.445894806797839, 56.72263129916162 ], [ -2.445898739829836, 56.722622587287397 ], [ -2.445902697483232, 56.72261387506655 ], [ -2.445906678683749, 56.722605162628291 ], [ -2.445910682357116, 56.72259645010179 ], [ -2.445914707429055, 56.722587737616223 ], [ -2.445918752825298, 56.72257902530081 ], [ -2.445922817471569, 56.722570313284741 ], [ -2.445926900293602, 56.722561601697201 ], [ -2.445931000217123, 56.722552890667359 ], [ -2.445935116167867, 56.722544180324419 ], [ -2.445939247071562, 56.722535470797609 ], [ -2.445943391853946, 56.722526762216049 ], [ -2.445947549440753, 56.722518054708985 ], [ -2.445951718757718, 56.72250934840558 ], [ -2.445955898730579, 56.722500643435026 ], [ -2.44596008828507, 56.722491939926549 ], [ -2.445964286346934, 56.722483238009296 ], [ -2.445968491841906, 56.722474537812495 ], [ -2.445972703695734, 56.722465839465286 ], [ -2.445976920834154, 56.722457143096932 ], [ -2.44598114218291, 56.722448448836566 ], [ -2.445985366667749, 56.722439756813429 ], [ -2.445989593214414, 56.722431067156663 ], [ -2.44599382074865, 56.722422379995507 ], [ -2.445998048196205, 56.72241369545911 ], [ -2.446002274482827, 56.722405013676699 ], [ -2.446006498534268, 56.722396334777443 ], [ -2.446010719276272, 56.722387658890568 ], [ -2.446014935634597, 56.72237898614523 ], [ -2.446019146534991, 56.722370316670649 ], [ -2.446023350903211, 56.722361650596 ], [ -2.446027547665006, 56.722352988050496 ], [ -2.446031735746136, 56.72234432916332 ], [ -2.446035914072354, 56.722335674063665 ], [ -2.446040081569422, 56.722327022880741 ], [ -2.446044237163095, 56.722318375743718 ], [ -2.446048379779132, 56.722309732781795 ], [ -2.446052508343297, 56.722301094124191 ], [ -2.44605662178135, 56.722292459900061 ], [ -2.44606071901905, 56.722283830238638 ], [ -2.446064798982165, 56.722275205269099 ], [ -2.446068860596459, 56.722266585120643 ], [ -2.446072902787696, 56.722257969922467 ], [ -2.446076924481645, 56.722249359803762 ], [ -2.446080924604069, 56.722240754893733 ], [ -2.446084902080742, 56.722232155321564 ], [ -2.446088855837431, 56.72222356121646 ], [ -2.446092784799907, 56.722214972707597 ], [ -2.446096687893944, 56.722206389924203 ], [ -2.446100564045309, 56.722197812995454 ], [ -2.446104412179778, 56.722189242050547 ], [ -2.446108231223131, 56.722180677218702 ], [ -2.446112020101136, 56.722172118629089 ], [ -2.446115777739574, 56.722163566410899 ], [ -2.446119503064223, 56.722155020693364 ], [ -2.446123195000859, 56.722146481605655 ], [ -2.446126852475262, 56.722137949276977 ], [ -2.446130474413215, 56.72212942383652 ], [ -2.446134059740496, 56.722120905413476 ], [ -2.44613760738289, 56.722112394137078 ], [ -2.44614111626618, 56.722103890136488 ], [ -2.446144585312392, 56.722095393539981 ], [ -2.446148010425691, 56.722086903729647 ], [ -2.446151379058994, 56.722078417997928 ], [ -2.446154677197059, 56.722069933274234 ], [ -2.44615789082466, 56.722061446488048 ], [ -2.446161005926577, 56.722052954568767 ], [ -2.446164008487604, 56.722044454445836 ], [ -2.446166884492548, 56.722035943048702 ], [ -2.446169619926225, 56.722027417306769 ], [ -2.446172200773465, 56.722018874149526 ], [ -2.446174613019112, 56.722010310506391 ], [ -2.446176842648017, 56.722001723306782 ], [ -2.446178875645048, 56.721993109480188 ], [ -2.446180697995084, 56.721984465955991 ], [ -2.446182295683018, 56.721975789663688 ], [ -2.446183654693755, 56.721967077532689 ], [ -2.446184761012216, 56.721958326492434 ], [ -2.446185600623334, 56.721949533472383 ], [ -2.446186159512056, 56.721940695401933 ], [ -2.446186423663346, 56.721931809210552 ], [ -2.446186379062178, 56.721922871827687 ], [ -2.446186011693552, 56.72191388018274 ], [ -2.44618530912363, 56.721904831465721 ], [ -2.446184297421869, 56.721895729211667 ], [ -2.44618304238679, 56.72188658350268 ], [ -2.446181611643241, 56.721877404721823 ], [ -2.446180072816009, 56.7218682032522 ], [ -2.446178493529814, 56.721858989476864 ], [ -2.446176941409309, 56.721849773778928 ], [ -2.44617548407908, 56.721840566541459 ], [ -2.446174189163646, 56.721831378147556 ], [ -2.446173124287459, 56.721822218980307 ], [ -2.446172357074905, 56.721813099422796 ], [ -2.446171955150308, 56.721804029858127 ], [ -2.446171986137928, 56.721795020669397 ], [ -2.446172517661964, 56.721786082239667 ], [ -2.446173617346564, 56.721777224952035 ], [ -2.446175352815807, 56.721768459189541 ], [ -2.446177791693736, 56.721759795335267 ], [ -2.446181001604329, 56.721751243772239 ], [ -2.446185050171537, 56.721742814883477 ], [ -2.446190005019258, 56.721734519051971 ], [ -2.44619593377136, 56.721726366660675 ], [ -2.446202891756838, 56.721718366506991 ], [ -2.446210822386027, 56.721710512955269 ], [ -2.44621960929437, 56.721702792661247 ], [ -2.446229135555536, 56.721695192208301 ], [ -2.446239284243296, 56.72168769817975 ], [ -2.44624993843151, 56.721680297158983 ], [ -2.446260981194119, 56.721672975729426 ], [ -2.446272295605149, 56.721665720474512 ], [ -2.4462837647387, 56.721658517977758 ], [ -2.446295271668945, 56.721651354822662 ], [ -2.446306699470133, 56.721644217592825 ], [ -2.446317931216584, 56.721637092871873 ], [ -2.446328849982691, 56.721629967243459 ], [ -2.446339338842912, 56.721622827291291 ], [ -2.446349280871784, 56.721615659599095 ], [ -2.446358559143924, 56.721608450750672 ], [ -2.446367056734022, 56.721601187329782 ], [ -2.446374656716854, 56.721593855920261 ], [ -2.446381242167282, 56.72158644310592 ], [ -2.446386696160268, 56.721578935470603 ], [ -2.446390901770862, 56.721571319598148 ], [ -2.446393742074234, 56.721563582072314 ], [ -2.446395105267911, 56.72155570989851 ], [ -2.446395039030065, 56.72154770320838 ], [ -2.446393777811007, 56.721539577506221 ], [ -2.446391566684179, 56.72153134917059 ], [ -2.446388650722818, 56.721523034580123 ], [ -2.446385274999958, 56.721514650113406 ], [ -2.446381684588416, 56.721506212149045 ], [ -2.446378124560787, 56.72149773706569 ], [ -2.446374839989446, 56.721489241242033 ], [ -2.446372075946543, 56.721480741056716 ], [ -2.446370077503999, 56.721472252888503 ], [ -2.446369089733519, 56.721463793116058 ], [ -2.446369355924165, 56.721455378015278 ], [ -2.446370993368948, 56.721447016593963 ], [ -2.446373912246091, 56.721438705912554 ], [ -2.446378003460543, 56.721430441919658 ], [ -2.446383157917358, 56.721422220563873 ], [ -2.44638926652169, 56.721414037793807 ], [ -2.446396220178792, 56.721405889558021 ], [ -2.446403909794006, 56.721397771805123 ], [ -2.446412226272773, 56.721389680483718 ], [ -2.446421060520627, 56.721381611542434 ], [ -2.446430303443189, 56.721373560929933 ], [ -2.446439845946173, 56.721365524594859 ], [ -2.44644957893538, 56.721357498485958 ], [ -2.446459393316698, 56.721349478551936 ], [ -2.446469179996112, 56.721341460741606 ], [ -2.446478829879681, 56.721333441003765 ], [ -2.446488233873563, 56.721325415287254 ], [ -2.446497282883997, 56.721317379540963 ], [ -2.446505867817319, 56.721309329713804 ], [ -2.446513879579947, 56.721301261754711 ], [ -2.446521209078391, 56.721293171612615 ], [ -2.446527747219258, 56.721285055236521 ], [ -2.446533389324005, 56.721276908715801 ], [ -2.446538117886399, 56.721268730911895 ], [ -2.446541995267002, 56.721260523225979 ], [ -2.446545086776501, 56.721252287153078 ], [ -2.446547457725525, 56.721244024188131 ], [ -2.446549173424653, 56.721235735826092 ], [ -2.44655029918441, 56.721227423561871 ], [ -2.446550900315263, 56.7212190888904 ], [ -2.446551042127629, 56.721210733306592 ], [ -2.446550789931864, 56.721202358305327 ], [ -2.446550209038273, 56.721193965381531 ], [ -2.446549364757099, 56.721185556030079 ], [ -2.446548322398532, 56.721177131745861 ], [ -2.446547147272705, 56.721168694023781 ], [ -2.446545904689689, 56.721160244358735 ], [ -2.446544659959504, 56.721151784245635 ], [ -2.446543478392101, 56.721143315179347 ], [ -2.446542425297385, 56.721134838654812 ], [ -2.446541565985193, 56.721126356166906 ], [ -2.446540965765309, 56.721117869210524 ], [ -2.446540689947454, 56.72110937928062 ], [ -2.446540803841299, 56.721100887872055 ], [ -2.446541372756446, 56.721092396479726 ], [ -2.446542454050658, 56.721083906498485 ], [ -2.446544042434766, 56.72107541853498 ], [ -2.446546102948337, 56.721066932822481 ], [ -2.446548600453283, 56.721058449592107 ], [ -2.446551499811543, 56.721049969074897 ], [ -2.44655476588509, 56.721041491501914 ], [ -2.446558363535926, 56.72103301710424 ], [ -2.446562257626086, 56.721024546112965 ], [ -2.446566413017635, 56.721016078759121 ], [ -2.446570794572676, 56.721007615273805 ], [ -2.446575367153334, 56.720999155888094 ], [ -2.446580095621772, 56.720990700833063 ], [ -2.446584944840179, 56.72098225033983 ], [ -2.446589879670782, 56.720973804639449 ], [ -2.446594864975837, 56.72096536396306 ], [ -2.446599865617627, 56.720956928541725 ], [ -2.446604846458476, 56.720948498606589 ], [ -2.446609772360727, 56.720940074388771 ], [ -2.446614608186762, 56.720931656119383 ], [ -2.446619318798991, 56.720923244029528 ], [ -2.44662386905986, 56.720914838350375 ], [ -2.446628224985323, 56.720906439274671 ], [ -2.446632385056156, 56.720898045914666 ], [ -2.44663638390334, 56.720889656179445 ], [ -2.446640258051066, 56.720881267915132 ], [ -2.446644044023492, 56.720872878967768 ], [ -2.446647778344734, 56.720864487183462 ], [ -2.446651497538887, 56.720856090408283 ], [ -2.446655238130008, 56.720847686488256 ], [ -2.446659036642119, 56.720839273269497 ], [ -2.446662929599212, 56.720830848598013 ], [ -2.446666953478132, 56.720822410326114 ], [ -2.446671134464549, 56.72081395766125 ], [ -2.446675475632517, 56.720805492854403 ], [ -2.446679976905441, 56.720797018571488 ], [ -2.446684638206726, 56.720788537478413 ], [ -2.446689459459781, 56.720780052241061 ], [ -2.446694440588015, 56.720771565525361 ], [ -2.446699581514837, 56.720763079997191 ], [ -2.446704882163662, 56.720754598322458 ], [ -2.446710342457901, 56.720746123167054 ], [ -2.446715962320968, 56.720737657196871 ], [ -2.446721741676284, 56.720729203077816 ], [ -2.446727680447264, 56.720720763475789 ], [ -2.446733778557332, 56.720712341056682 ], [ -2.44674003592991, 56.72070393848638 ], [ -2.446746452488422, 56.720695558430791 ], [ -2.4467530281563, 56.720687203555805 ], [ -2.446759762856971, 56.720678876527323 ], [ -2.44676665651387, 56.72067058001123 ], [ -2.446773709050432, 56.720662316673405 ], [ -2.446780920390094, 56.720654089179767 ], [ -2.446788290456299, 56.720645900196203 ], [ -2.446795819172493, 56.720637752388598 ], [ -2.446803506462122, 56.720629648422829 ], [ -2.446811352248639, 56.720621590964797 ], [ -2.446819356455493, 56.720613582680393 ], [ -2.446827519006149, 56.72060562623551 ], [ -2.446835839824063, 56.720597724296034 ], [ -2.446844318832703, 56.72058987952785 ], [ -2.446852955955539, 56.720582094596843 ], [ -2.446861751116041, 56.720574372168905 ], [ -2.446870704237689, 56.720566714909914 ], [ -2.44687981524396, 56.720559125485735 ], [ -2.446889084058347, 56.720551606562331 ], [ -2.446898510604331, 56.720544160805481 ], [ -2.446908094805414, 56.720536790881162 ], [ -2.446917836585088, 56.720529499455203 ], [ -2.446927735866863, 56.720522289193497 ], [ -2.446937792574244, 56.720515162761941 ], [ -2.446948006630743, 56.720508122826402 ], [ -2.446958377959881, 56.720501172052764 ], [ -2.446968906485182, 56.720494313106904 ], [ -2.446979592130173, 56.720487548654724 ], [ -2.446990434047696, 56.720480880757094 ], [ -2.44700142460316, 56.720474306146855 ], [ -2.447012552633163, 56.720467818786744 ], [ -2.447023806944108, 56.720461412615805 ], [ -2.447035176342396, 56.720455081573114 ], [ -2.447046649634436, 56.720448819597706 ], [ -2.447058215626638, 56.720442620628624 ], [ -2.447069863125408, 56.720436478604981 ], [ -2.447081580937155, 56.720430387465797 ], [ -2.447093357868294, 56.720424341150157 ], [ -2.447105182725231, 56.720418333597131 ], [ -2.447117044314377, 56.720412358745797 ], [ -2.447128931442142, 56.720406410535269 ], [ -2.447140832914933, 56.720400482904594 ], [ -2.447152737539163, 56.720394569792887 ], [ -2.447164634121237, 56.720388665139211 ], [ -2.447176511467564, 56.720382762882707 ], [ -2.447188358384553, 56.72037685696246 ], [ -2.447200163678606, 56.720370941317583 ], [ -2.447211916156134, 56.720365009887175 ], [ -2.44722360462354, 56.720359056610377 ], [ -2.447235217887232, 56.720353075426289 ], [ -2.447246744753611, 56.720347060274058 ], [ -2.447258174029087, 56.72034100509277 ], [ -2.447269494520062, 56.720334903821609 ], [ -2.447280695032946, 56.720328750399673 ], [ -2.44729176437415, 56.720322538766126 ], [ -2.447302691350078, 56.720316262860102 ], [ -2.447313464767141, 56.720309916620735 ], [ -2.447324073431755, 56.720303493987203 ], [ -2.447334506150336, 56.720296988898639 ], [ -2.447344751729304, 56.720290395294214 ], [ -2.447354798975078, 56.720283707113083 ], [ -2.447364636694092, 56.720276918294388 ], [ -2.447374253692775, 56.720270022777328 ], [ -2.447383638777564, 56.720263014501029 ], [ -2.447392780766458, 56.72025588742234 ], [ -2.447401670813715, 56.720248639066142 ], [ -2.447410305231777, 56.720241274835182 ], [ -2.447418681022685, 56.720233801185394 ], [ -2.447426795188491, 56.720226224572741 ], [ -2.447434644731267, 56.720218551453144 ], [ -2.447442226653087, 56.720210788282564 ], [ -2.447449537956043, 56.720202941516909 ], [ -2.447456575642237, 56.720195017612149 ], [ -2.447463336713781, 56.720187023024195 ], [ -2.447469818172794, 56.720178964209005 ], [ -2.447476017021413, 56.72017084762247 ], [ -2.447481930261773, 56.720162679720588 ], [ -2.447487554896031, 56.720154466959237 ], [ -2.447492887926341, 56.720146215794365 ], [ -2.44749792635487, 56.720137932681908 ], [ -2.447502667183794, 56.720129624077778 ], [ -2.447507107415296, 56.720121296437917 ], [ -2.447511244051558, 56.720112956218237 ], [ -2.447515074122891, 56.7201046098454 ], [ -2.447518597088466, 56.720096261217485 ], [ -2.447521816675304, 56.720087909789534 ], [ -2.447524737043391, 56.720079554565814 ], [ -2.447527362352709, 56.72007119455062 ], [ -2.447529696763231, 56.720062828748226 ], [ -2.447531744434928, 56.720054456162934 ], [ -2.447533509527768, 56.720046075798976 ], [ -2.447534996201718, 56.720037686660667 ], [ -2.44753620861674, 56.720029287752268 ], [ -2.447537150932789, 56.720020878078053 ], [ -2.44753782730982, 56.720012456642273 ], [ -2.447538241907787, 56.720004022449203 ], [ -2.447538398886637, 56.719995574503116 ], [ -2.447538302406311, 56.719987111808258 ], [ -2.447537956626756, 56.71997863336891 ], [ -2.447537365707911, 56.719970138189332 ], [ -2.447536533809708, 56.719961625273768 ], [ -2.447535465092083, 56.719953093626494 ], [ -2.447534163714964, 56.719944542251731 ], [ -2.447532633838278, 56.719935970153777 ], [ -2.447530879622275, 56.719927376336919 ], [ -2.447528907638102, 56.719918760215485 ], [ -2.44752673266375, 56.719910122599529 ], [ -2.447524371221891, 56.719901464595814 ], [ -2.447521839835178, 56.719892787311082 ], [ -2.447519155026255, 56.719884091852144 ], [ -2.447516333317747, 56.719875379325757 ], [ -2.44751339123227, 56.719866650838654 ], [ -2.447510345292414, 56.719857907497634 ], [ -2.447507212020763, 56.719849150409473 ], [ -2.447504007939883, 56.719840380680914 ], [ -2.447500749572325, 56.719831599418754 ], [ -2.447497453440622, 56.719822807729763 ], [ -2.447494136067293, 56.719814006720718 ], [ -2.447490813974843, 56.719805197498403 ], [ -2.447487503685761, 56.71979638116958 ], [ -2.447484221722517, 56.719787558841041 ], [ -2.447480984607568, 56.71977873161957 ], [ -2.447477808863356, 56.719769900611951 ], [ -2.447474711012306, 56.71976106692496 ], [ -2.447471707576825, 56.719752231665403 ], [ -2.447468815079311, 56.71974339594005 ], [ -2.447466050042138, 56.719734560855706 ], [ -2.447463428987672, 56.71972572751914 ], [ -2.447460968438254, 56.719716897037181 ], [ -2.447458684916222, 56.719708070516582 ], [ -2.447456594943888, 56.719699249064163 ], [ -2.447454715043555, 56.719690433786695 ], [ -2.447453061737505, 56.719681625790983 ], [ -2.447451651548009, 56.719672826183825 ], [ -2.44745050099732, 56.719664036071997 ], [ -2.447449626607682, 56.719655256562312 ], [ -2.447449044777589, 56.719646488753455 ], [ -2.447448762259191, 56.719637733113778 ], [ -2.447448769411755, 56.719628989040523 ], [ -2.447449055001398, 56.71962025582674 ], [ -2.447449607794243, 56.719611532765533 ], [ -2.447450416556438, 56.719602819149962 ], [ -2.44745147005413, 56.719594114273129 ], [ -2.447452757053482, 56.719585417428092 ], [ -2.447454266320666, 56.719576727907977 ], [ -2.44745598662186, 56.719568045005808 ], [ -2.447457906723262, 56.719559368014686 ], [ -2.447460015391075, 56.719550696227714 ], [ -2.447462301391511, 56.719542028937937 ], [ -2.447464753490793, 56.719533365438437 ], [ -2.447467360455153, 56.719524705022323 ], [ -2.44747011105084, 56.71951604698264 ], [ -2.447472994044102, 56.71950739061247 ], [ -2.447475998201205, 56.719498735204922 ], [ -2.447479112288423, 56.71949008005307 ], [ -2.447482325072042, 56.719481424449967 ], [ -2.447485625318351, 56.719472767688714 ], [ -2.447489001793658, 56.719464109062415 ], [ -2.447492443264275, 56.719455447864135 ], [ -2.447495938496526, 56.71944678338695 ], [ -2.447499476256743, 56.719438114923967 ], [ -2.447503045311272, 56.719429441768277 ], [ -2.447506634426468, 56.719420763212952 ], [ -2.447510232368689, 56.719412078551102 ], [ -2.447513827904313, 56.719403387075808 ], [ -2.447517409799722, 56.719394688080186 ], [ -2.447520966821309, 56.719385980857304 ], [ -2.447524487735477, 56.71937726470027 ], [ -2.447527961308642, 56.719368538902181 ], [ -2.447531376307226, 56.719359802756152 ], [ -2.447534721497663, 56.719351055555251 ], [ -2.447537985646396, 56.719342296592622 ], [ -2.447541157519883, 56.719333525161346 ], [ -2.447544225884584, 56.719324740554526 ], [ -2.447547179506978, 56.719315942065279 ], [ -2.447550007153546, 56.719307128986678 ], [ -2.447552697861877, 56.71929830064046 ], [ -2.447555250711004, 56.719289457406525 ], [ -2.447557677543604, 56.719280601010006 ], [ -2.447559991027707, 56.719271733262993 ], [ -2.447562203831337, 56.719262855977576 ], [ -2.447564328622499, 56.719253970965852 ], [ -2.447566378069196, 56.719245080039947 ], [ -2.447568364839414, 56.719236185011908 ], [ -2.447570301601132, 56.719227287693847 ], [ -2.447572201022309, 56.719218389897854 ], [ -2.447574075770901, 56.719209493436018 ], [ -2.447575938514852, 56.719200600120423 ], [ -2.44757780192209, 56.719191711763166 ], [ -2.44757967866053, 56.719182830176315 ], [ -2.447581581398083, 56.719173957171982 ], [ -2.447583522802645, 56.719165094562257 ], [ -2.447585515542099, 56.71915624415918 ], [ -2.447587572284318, 56.719147407774869 ], [ -2.447589705697164, 56.719138587221408 ], [ -2.447591928448487, 56.719129784310866 ], [ -2.447594253206128, 56.719121000855331 ], [ -2.447596692637914, 56.719112238666881 ], [ -2.447599259411663, 56.719103499557583 ], [ -2.447601966195183, 56.719094785339536 ], [ -2.447604825656271, 56.719086097824785 ], [ -2.44760785046271, 56.719077438825416 ], [ -2.447611053282278, 56.719068810153523 ], [ -2.44761444678274, 56.719060213621148 ], [ -2.447618043631853, 56.719051651040353 ], [ -2.44762185649736, 56.719043124223219 ], [ -2.447625897711879, 56.719034634928569 ], [ -2.447630169479245, 56.719026183306795 ], [ -2.447634662313267, 56.719017767651778 ], [ -2.447639366078382, 56.71900938615434 ], [ -2.447644270639028, 56.719001037005292 ], [ -2.44764936585966, 56.718992718395434 ], [ -2.447654641604737, 56.718984428515562 ], [ -2.447660087738724, 56.718976165556512 ], [ -2.447665694126102, 56.718967927709073 ], [ -2.447671450631357, 56.718959713164054 ], [ -2.447677347118981, 56.718951520112263 ], [ -2.447683373453477, 56.718943346744503 ], [ -2.447689519499354, 56.718935191251617 ], [ -2.447695775121129, 56.71892705182438 ], [ -2.44770213018333, 56.71891892665365 ], [ -2.447708574550489, 56.718910813930222 ], [ -2.447715098087145, 56.718902711844926 ], [ -2.447721690657852, 56.718894618588571 ], [ -2.447728342127163, 56.718886532351995 ], [ -2.44773504235964, 56.718878451326027 ], [ -2.447741781219855, 56.718870373701492 ], [ -2.447748548572387, 56.718862297669226 ], [ -2.44775533428182, 56.718854221420031 ], [ -2.447762128212746, 56.718846143144781 ], [ -2.447768920229769, 56.718838061034312 ], [ -2.447775700197495, 56.718829973279448 ], [ -2.447782457980535, 56.718821878071047 ], [ -2.447789183443519, 56.718813773599919 ], [ -2.447795866451068, 56.718805658056965 ], [ -2.447802496867823, 56.718797529632994 ], [ -2.447809064558429, 56.718789386518864 ], [ -2.447815559387539, 56.718781226905435 ], [ -2.447821971219812, 56.718773048983564 ], [ -2.447828289919915, 56.718764850944105 ], [ -2.447834505352523, 56.718756630977921 ], [ -2.447840607382318, 56.718748387275852 ], [ -2.447846585873994, 56.718740118028798 ], [ -2.44785243069225, 56.718731821427603 ], [ -2.447858131701793, 56.718723495663134 ], [ -2.44786367876734, 56.718715138926264 ], [ -2.447869062177519, 56.718706749488419 ], [ -2.447874281979224, 56.71869832747587 ], [ -2.447879347982316, 56.718689874870556 ], [ -2.447884270421491, 56.718681393735167 ], [ -2.447889059531442, 56.718672886132389 ], [ -2.44789372554685, 56.718664354124932 ], [ -2.447898278702393, 56.718655799775476 ], [ -2.447902729232737, 56.718647225146711 ], [ -2.447907087372543, 56.718638632301314 ], [ -2.447911363356462, 56.718630023301998 ], [ -2.447915567419138, 56.718621400211404 ], [ -2.447919709795207, 56.718612765092239 ], [ -2.447923800719295, 56.7186041200072 ], [ -2.44792785042602, 56.718595467018922 ], [ -2.447931869149994, 56.718586808190111 ], [ -2.44793586712582, 56.718578145583464 ], [ -2.44793985458809, 56.718569481261589 ], [ -2.447943841771391, 56.718560817287212 ], [ -2.447947838910298, 56.718552155722989 ], [ -2.447951856239379, 56.718543498631604 ], [ -2.447955903993194, 56.718534848075699 ], [ -2.447959992406297, 56.718526206117943 ], [ -2.447964131713228, 56.718517574821036 ], [ -2.447968332148521, 56.718508956247604 ], [ -2.447972603946706, 56.718500352460332 ], [ -2.447976957342299, 56.718491765521875 ], [ -2.447981402569813, 56.718483197494884 ], [ -2.447985949863743, 56.71847465044204 ], [ -2.447990609458591, 56.718466126425966 ], [ -2.447995391588841, 56.718457627509345 ], [ -2.44800030648484, 56.718449155754016 ], [ -2.448005360819644, 56.718440712527567 ], [ -2.448010551215196, 56.718432297235985 ], [ -2.448015872530784, 56.71842390894124 ], [ -2.448021319625703, 56.718415546705337 ], [ -2.448026887359253, 56.718407209590218 ], [ -2.448032570590735, 56.718398896657931 ], [ -2.448038364179457, 56.718390606970395 ], [ -2.448044262984731, 56.718382339589624 ], [ -2.448050261865872, 56.718374093577587 ], [ -2.4480563556822, 56.718365867996276 ], [ -2.448062539293039, 56.718357661907682 ], [ -2.44806880755772, 56.718349474373781 ], [ -2.448075155335572, 56.718341304456565 ], [ -2.448081577485933, 56.718333151218026 ], [ -2.448088068868143, 56.718325013720161 ], [ -2.448094624341547, 56.718316891024926 ], [ -2.448101238765493, 56.718308782194349 ], [ -2.448107906999333, 56.718300686290398 ], [ -2.448114623902421, 56.718292602375087 ], [ -2.448121384334121, 56.718284529510392 ], [ -2.448128183153794, 56.718276466758319 ], [ -2.448135015220808, 56.718268413180859 ], [ -2.448141875394533, 56.718260367840024 ], [ -2.448148758534345, 56.718252329797785 ], [ -2.448155659499622, 56.718244298116154 ], [ -2.448162573149746, 56.718236271857144 ], [ -2.448169494344103, 56.718228250082738 ], [ -2.448176417942083, 56.718220231854971 ], [ -2.448183338803079, 56.718212216235806 ], [ -2.448190251786487, 56.718204202287275 ], [ -2.448197151751707, 56.718196189071378 ], [ -2.448204033558143, 56.718188175650113 ], [ -2.448210892065206, 56.71818016108552 ], [ -2.448217722132307, 56.718172144439578 ], [ -2.448224518618858, 56.718164124774326 ], [ -2.448231276384278, 56.718156101151735 ], [ -2.448237990287992, 56.718148072633845 ], [ -2.448244655189424, 56.718140038282669 ], [ -2.448251265948007, 56.718131997160242 ], [ -2.44825781742317, 56.71812394832854 ], [ -2.448264304474354, 56.718115890849624 ], [ -2.448270721960999, 56.718107823785473 ], [ -2.448277064742552, 56.718099746198128 ], [ -2.448283327678458, 56.718091657149614 ], [ -2.448289505628176, 56.718083555701952 ], [ -2.448295593524219, 56.718075440920366 ], [ -2.448301590210405, 56.71806731204277 ], [ -2.448307500335871, 56.718059168563272 ], [ -2.448313329020242, 56.718051009996756 ], [ -2.448319081383138, 56.718042835858121 ], [ -2.448324762544179, 56.718034645662215 ], [ -2.448330377622973, 56.718026438923957 ], [ -2.44833593173913, 56.71801821515821 ], [ -2.44834143001225, 56.718009973879866 ], [ -2.448346877561934, 56.718001714603815 ], [ -2.448352279507775, 56.717993436844893 ], [ -2.448357640969364, 56.71798514011801 ], [ -2.448362967066282, 56.717976823938038 ], [ -2.448368262918112, 56.717968487819846 ], [ -2.448373533644427, 56.717960131278325 ], [ -2.448378784364798, 56.717951753828324 ], [ -2.448384020198791, 56.71794335498474 ], [ -2.448389246265966, 56.717934934262416 ], [ -2.448394467685884, 56.717926491176257 ], [ -2.448399689578092, 56.717918025241111 ], [ -2.448404917062137, 56.717909535971849 ], [ -2.448410155257564, 56.717901022883346 ], [ -2.448415409283908, 56.717892485490466 ], [ -2.448420684260701, 56.717883923308065 ], [ -2.448425985307471, 56.717875335851033 ], [ -2.44843131754374, 56.717866722634206 ], [ -2.448436686089024, 56.717858083172466 ], [ -2.448442096062837, 56.71784941698067 ], [ -2.448447552584685, 56.717840723573687 ], [ -2.448453060774074, 56.717832002466366 ], [ -2.448458625750491, 56.71782325317357 ], [ -2.448464252633435, 56.717814475210162 ], [ -2.448469946542393, 56.717805668091003 ], [ -2.448475712596843, 56.717796831330936 ], [ -2.448481555916258, 56.717787964444824 ], [ -2.448487481620114, 56.717779066947536 ], [ -2.44849349482787, 56.717770138353892 ], [ -2.448499600658988, 56.717761178178783 ], [ -2.448505791816855, 56.717752189518798 ], [ -2.448511975098063, 56.717743200252905 ], [ -2.448518020973292, 56.717734248739383 ], [ -2.448523799783841, 56.717725373373916 ], [ -2.44852918187114, 56.717716612552167 ], [ -2.44853403757676, 56.71770800466988 ], [ -2.448538237242397, 56.717699588122784 ], [ -2.448541651209856, 56.717691401306602 ], [ -2.44854414982105, 56.717683482617105 ], [ -2.448545603417968, 56.717675870450002 ], [ -2.448545882342666, 56.717668603201027 ], [ -2.448544856937238, 56.717661719265877 ], [ -2.448542401507068, 56.717655255833634 ], [ -2.448538482758005, 56.717649221964123 ], [ -2.448533160493312, 56.717643598375609 ], [ -2.448526498618827, 56.717638364537351 ], [ -2.448518561040279, 56.717633499918584 ], [ -2.448509411663311, 56.717628983988511 ], [ -2.44849911439348, 56.71762479621632 ], [ -2.448487733136279, 56.717620916071212 ], [ -2.448475331797144, 56.717617323022303 ], [ -2.448461974281463, 56.717613996538809 ], [ -2.448447724494592, 56.71761091608986 ], [ -2.448432646341856, 56.717608061144688 ], [ -2.448416803728569, 56.717605411172435 ], [ -2.448400260560032, 56.717602945642341 ], [ -2.448383080741539, 56.717600644023605 ], [ -2.448365328178395, 56.71759848578553 ], [ -2.448347066775913, 56.717596450397394 ], [ -2.448328360439421, 56.717594517328479 ], [ -2.44830927307426, 56.717592666048162 ], [ -2.448289868585804, 56.717590876025824 ], [ -2.448270210879449, 56.717589126730864 ], [ -2.44825036386062, 56.717587397632762 ], [ -2.448231497276814, 56.717585763957061 ] ] ], [ [ [ -2.434619291715042, 56.741611878194327 ], [ -2.43461668664513, 56.741614922635911 ], [ -2.434611168960569, 56.741622469535294 ], [ -2.434606177654102, 56.741630284124945 ], [ -2.434601572089233, 56.741638315008387 ], [ -2.434597211629383, 56.741646510789117 ], [ -2.434592955637894, 56.741654820070686 ], [ -2.434588663478004, 56.741663191456503 ], [ -2.434584196979626, 56.741671574346768 ], [ -2.434579488630944, 56.741679940962776 ], [ -2.434574550305842, 56.741688289165829 ], [ -2.434569398097887, 56.741696618180043 ], [ -2.434564048100664, 56.741704927229534 ], [ -2.434558516407773, 56.741713215538454 ], [ -2.434552819112828, 56.741721482330931 ], [ -2.43454697230946, 56.74172972683111 ], [ -2.43454099209131, 56.741737948263136 ], [ -2.434534894552042, 56.741746145851131 ], [ -2.434528695783255, 56.741754318820696 ], [ -2.434522410543945, 56.74176246732091 ], [ -2.434516049970872, 56.741770594011165 ], [ -2.434509624591208, 56.741778701973189 ], [ -2.43450314493213, 56.741786794288807 ], [ -2.434496621520823, 56.741794874039819 ], [ -2.434490064884479, 56.741802944308034 ], [ -2.434483485550297, 56.741811008175233 ], [ -2.434476894045484, 56.741819068723245 ], [ -2.434470300897253, 56.741827129033851 ], [ -2.434463716632821, 56.74183519218888 ], [ -2.434457151779415, 56.741843261270148 ], [ -2.434450616864268, 56.741851339359449 ], [ -2.434444122414621, 56.741859429538614 ], [ -2.43443767895772, 56.741867534889479 ], [ -2.434431297020815, 56.741875658493811 ], [ -2.434424987131173, 56.741883803433495 ], [ -2.434418759816059, 56.741891972790334 ], [ -2.434412625602747, 56.741900169646129 ], [ -2.434406595018522, 56.741908397082746 ], [ -2.434400678590673, 56.741916658181992 ], [ -2.43439488466234, 56.741924955398503 ], [ -2.434389210387946, 56.741933287973701 ], [ -2.434383649348781, 56.741941654122947 ], [ -2.434378195124577, 56.741950052061185 ], [ -2.434372841295056, 56.741958480003262 ], [ -2.434367581439933, 56.741966936164133 ], [ -2.434362409138928, 56.741975418758649 ], [ -2.434357317971745, 56.741983926001737 ], [ -2.434352301518098, 56.741992456108285 ], [ -2.434347353357678, 56.742001007293183 ], [ -2.434342467070187, 56.742009577771348 ], [ -2.434337636235315, 56.742018165757649 ], [ -2.434332854432752, 56.742026769466982 ], [ -2.434328115242175, 56.742035387114228 ], [ -2.434323412243267, 56.742044016914306 ], [ -2.434318739015696, 56.742052657082098 ], [ -2.434314089139132, 56.742061305832472 ], [ -2.43430945619324, 56.742069961380317 ], [ -2.434304833757672, 56.742078621940536 ], [ -2.434300215412084, 56.742087285728005 ], [ -2.434295594736125, 56.742095950957591 ], [ -2.434290965309438, 56.742104615844191 ], [ -2.434286320711659, 56.742113278602702 ], [ -2.434281654522421, 56.74212193744799 ], [ -2.434276960321355, 56.742130590594904 ], [ -2.434272231688081, 56.742139236258375 ], [ -2.434267462202218, 56.742147872653256 ], [ -2.434262645443379, 56.742156497994422 ], [ -2.434257774991174, 56.742165110496735 ], [ -2.434252844425206, 56.742173708375113 ], [ -2.434247847325073, 56.742182289844365 ], [ -2.434242777270371, 56.742190853119411 ], [ -2.434237627840689, 56.742199396415103 ], [ -2.43423239261561, 56.742207917946317 ], [ -2.434227065174718, 56.742216415927921 ], [ -2.434221639097588, 56.742224888574761 ], [ -2.434216107963791, 56.742233334101726 ], [ -2.434210465352896, 56.742241750723657 ], [ -2.434204704844463, 56.74225013665545 ], [ -2.434198820233635, 56.742258490168545 ], [ -2.434192811328909, 56.742266811113815 ], [ -2.4341866846042, 56.742275101092758 ], [ -2.434180446879842, 56.742283361797824 ], [ -2.434174104976181, 56.742291594921468 ], [ -2.434167665713566, 56.742299802156175 ], [ -2.43416113591235, 56.742307985194444 ], [ -2.434154522392895, 56.742316145728701 ], [ -2.434147831975563, 56.742324285451446 ], [ -2.434141071480723, 56.742332406055155 ], [ -2.43413424772875, 56.742340509232285 ], [ -2.434127367540022, 56.742348596675342 ], [ -2.434120437734923, 56.742356670076788 ], [ -2.434113465133838, 56.742364731129143 ], [ -2.434106456557165, 56.742372781524828 ], [ -2.434099418825299, 56.742380822956385 ], [ -2.434092358758642, 56.742388857116254 ], [ -2.434085283177597, 56.742396885696941 ], [ -2.43407819890258, 56.742404910390952 ], [ -2.434071112754001, 56.742412932890751 ], [ -2.434064031552287, 56.74242095488885 ], [ -2.434056962117856, 56.742428978077761 ], [ -2.434049911271141, 56.74243700414992 ], [ -2.434042885832572, 56.742445034797889 ], [ -2.43403589262259, 56.742453071714138 ], [ -2.434028938461636, 56.742461116591159 ], [ -2.434022030170154, 56.742469171121478 ], [ -2.434015174568601, 56.74247723699758 ], [ -2.434008378477431, 56.742485315911999 ], [ -2.434001648717105, 56.742493409557184 ], [ -2.433994991650938, 56.742501519519649 ], [ -2.433988408281041, 56.742509646142089 ], [ -2.433981896128295, 56.74251778895961 ], [ -2.433975452654554, 56.74252594749364 ], [ -2.433974772577218, 56.742526819142995 ], [ -2.433979007266923, 56.742520669560214 ], [ -2.433984774854076, 56.742512291058418 ], [ -2.43399054022534, 56.742503913074167 ], [ -2.433996303457613, 56.742495535653489 ], [ -2.434002064627787, 56.742487158842408 ], [ -2.434007823812754, 56.742478782686931 ], [ -2.434013581089411, 56.742470407233085 ], [ -2.43401933653465, 56.742462032526873 ], [ -2.434025090225366, 56.742453658614345 ], [ -2.43403084223845, 56.742445285541507 ], [ -2.434036592650796, 56.742436913354375 ], [ -2.4340423415393, 56.742428542098978 ], [ -2.434048088980853, 56.742420171821337 ], [ -2.434053835052351, 56.742411802567453 ], [ -2.434059579830687, 56.742403434383363 ], [ -2.434065323392753, 56.742395067315094 ], [ -2.434071065815443, 56.742386701408641 ], [ -2.43407680717565, 56.74237833671004 ], [ -2.434082547550267, 56.742369973265312 ], [ -2.43408828701619, 56.742361611120486 ], [ -2.434094025650309, 56.742353250321557 ], [ -2.434099763529519, 56.742344890914573 ], [ -2.434105500730712, 56.742336532945536 ], [ -2.434111237330783, 56.742328176460468 ], [ -2.434116973406622, 56.742319821505397 ], [ -2.434122709035124, 56.742311468126339 ], [ -2.434128444293183, 56.742303116369293 ], [ -2.43413417925769, 56.742294766280317 ], [ -2.434139914005537, 56.742286417905412 ], [ -2.434145648613621, 56.742278071290592 ], [ -2.434151383158831, 56.742269726481886 ], [ -2.434157117718061, 56.74226138352531 ], [ -2.434162852368204, 56.742253042466885 ], [ -2.434168587180512, 56.742244703349321 ], [ -2.434174321834783, 56.742236365985775 ], [ -2.43418005537142, 56.74222802981437 ], [ -2.434185786771822, 56.74221969423872 ], [ -2.434191515017396, 56.742211358662345 ], [ -2.434197239089543, 56.742203022488837 ], [ -2.434202957969668, 56.742194685121731 ], [ -2.434208670639173, 56.742186345964626 ], [ -2.434214376079464, 56.742178004421064 ], [ -2.434220073271946, 56.742169659894593 ], [ -2.434225761198025, 56.742161311788799 ], [ -2.434231438839107, 56.742152959507244 ], [ -2.434237105176596, 56.742144602453472 ], [ -2.434242759191906, 56.74213624003108 ], [ -2.434248399866441, 56.742127871643603 ], [ -2.434254026181608, 56.742119496694635 ], [ -2.43425963711882, 56.742111114587701 ], [ -2.434265231659484, 56.742102724726401 ], [ -2.434270808785012, 56.742094326514298 ], [ -2.434276367476811, 56.742085919354921 ], [ -2.434281906716297, 56.742077502651888 ], [ -2.434287425484881, 56.742069075808708 ], [ -2.434292922763974, 56.742060638228992 ], [ -2.434298397534988, 56.74205218931629 ], [ -2.434303848779339, 56.742043728474172 ], [ -2.434309275478442, 56.742035255106188 ], [ -2.43431467661371, 56.742026768615929 ], [ -2.43432005116656, 56.742018268406937 ], [ -2.434325398118407, 56.742009753882805 ], [ -2.43433071645067, 56.742001224447073 ], [ -2.434336005144764, 56.741992679503326 ], [ -2.434341263182107, 56.741984118455129 ], [ -2.434346489544118, 56.741975540706058 ], [ -2.43435168321222, 56.741966945659655 ], [ -2.43435684316783, 56.741958332719506 ], [ -2.434361968392368, 56.74194970128918 ], [ -2.434367057867261, 56.741941050772226 ], [ -2.434372110573923, 56.741932380572244 ], [ -2.434377125493783, 56.741923690092776 ], [ -2.434382101608264, 56.741914978737398 ], [ -2.43438703894737, 56.741906246386009 ], [ -2.434391944364636, 56.741897496017934 ], [ -2.434396827443703, 56.741888731852711 ], [ -2.434401697775439, 56.741879958113095 ], [ -2.434406564950695, 56.741871179021906 ], [ -2.434411438560323, 56.741862398801864 ], [ -2.434416328195164, 56.741853621675766 ], [ -2.434421243446056, 56.741844851866404 ], [ -2.434426193903826, 56.741836093596518 ], [ -2.434431189159298, 56.741827351088901 ], [ -2.43443623880329, 56.741818628566293 ], [ -2.434441352426604, 56.741809930251485 ], [ -2.434446539620056, 56.741801260367211 ], [ -2.434451809974432, 56.741792623136277 ], [ -2.43445717308053, 56.741784022781403 ], [ -2.434462638529135, 56.741775463525371 ], [ -2.434468215911024, 56.741766949590918 ], [ -2.434473914816974, 56.741758485200812 ], [ -2.434479744837753, 56.741750074577801 ], [ -2.434485715564127, 56.741741721944635 ], [ -2.434491836586857, 56.741733431524068 ], [ -2.434498117496696, 56.741725207538828 ], [ -2.434504567884401, 56.741717054211676 ], [ -2.434511197340714, 56.741708975765341 ], [ -2.434518015456385, 56.741700976422557 ], [ -2.434525031822154, 56.741693060406064 ], [ -2.434532256028763, 56.74168523193859 ], [ -2.43453969766695, 56.741677495242861 ], [ -2.43454736632745, 56.741669854541612 ], [ -2.434555271601001, 56.741662314057535 ], [ -2.434563423078337, 56.741654878013392 ], [ -2.434571830350195, 56.741647550631853 ], [ -2.434580503007307, 56.74164033613566 ], [ -2.434589450640414, 56.741633238747475 ], [ -2.434598682840254, 56.741626262690055 ], [ -2.434608209197567, 56.74161941218604 ], [ -2.434618039303097, 56.741612691458158 ], [ -2.434619291715042, 56.741611878194327 ] ] ], [ [ [ -2.433792139722398, 56.742789739159534 ], [ -2.4337903356101, 56.742792454988539 ], [ -2.43378473462812, 56.742800863675157 ], [ -2.433779116026873, 56.742809271805939 ], [ -2.433773477268138, 56.74281767890227 ], [ -2.433767815813697, 56.74282608448555 ], [ -2.433762129215989, 56.742834488090992 ], [ -2.43375641666933, 56.742842889503819 ], [ -2.43375067879595, 56.742851288726705 ], [ -2.433744916265673, 56.742859685769595 ], [ -2.433739129748323, 56.74286808064241 ], [ -2.433733319913728, 56.742876473355082 ], [ -2.433727487431713, 56.74288486391756 ], [ -2.433721632972107, 56.742893252339769 ], [ -2.433715757204738, 56.742901638631636 ], [ -2.433709860799434, 56.742910022803088 ], [ -2.433703944426024, 56.742918404864064 ], [ -2.433698008754335, 56.742926784824505 ], [ -2.433692054454202, 56.742935162694323 ], [ -2.433686082195454, 56.74294353848348 ], [ -2.433680092647921, 56.742951912201889 ], [ -2.433674086481436, 56.742960283859468 ], [ -2.433668064365833, 56.742968653466178 ], [ -2.433662026970944, 56.742977021031962 ], [ -2.433655974966602, 56.742985386566716 ], [ -2.433649909022642, 56.742993750080402 ], [ -2.433643829808898, 56.743002111582946 ], [ -2.433637737995208, 56.743010471084268 ], [ -2.433631634251408, 56.74301882859433 ], [ -2.433625519247333, 56.743027184123036 ], [ -2.433619393652821, 56.743035537680335 ], [ -2.433613258137708, 56.743043889276173 ], [ -2.433607113371835, 56.743052238920455 ], [ -2.433600960025041, 56.743060586623152 ], [ -2.433594798767165, 56.743068932394173 ], [ -2.433588630268047, 56.743077276243461 ], [ -2.433582455197525, 56.743085618180963 ], [ -2.433576274225446, 56.743093958216598 ], [ -2.433570088021649, 56.743102296360298 ], [ -2.433563897255977, 56.743110632622013 ], [ -2.433557702598272, 56.743118967011675 ], [ -2.433551504718379, 56.743127299539204 ], [ -2.433545304286141, 56.74313563021456 ], [ -2.433539101971405, 56.743143959047657 ], [ -2.433532898444016, 56.743152286048471 ], [ -2.433526694373817, 56.743160611226898 ], [ -2.433520490430658, 56.743168934592873 ], [ -2.433514287284384, 56.743177256156351 ], [ -2.433508085604843, 56.743185575927264 ], [ -2.433501886061886, 56.743193893915567 ], [ -2.433495689325358, 56.74320221013118 ], [ -2.433489496065111, 56.743210524584029 ], [ -2.433483306950995, 56.743218837284054 ], [ -2.433477122652862, 56.743227148241211 ], [ -2.433470943840559, 56.743235457465438 ], [ -2.43346477118394, 56.74324376496665 ], [ -2.433458605352858, 56.743252070754814 ], [ -2.433452447017165, 56.743260374839835 ], [ -2.433446296846716, 56.743268677231676 ], [ -2.433440155511361, 56.743276977940276 ], [ -2.43343402368096, 56.743285276975556 ], [ -2.433427902025364, 56.743293574347469 ], [ -2.433421791214433, 56.743301870065956 ], [ -2.433415691918021, 56.743310164140937 ], [ -2.433409604805982, 56.743318456582372 ], [ -2.433403530548179, 56.743326747400197 ], [ -2.433397469814468, 56.743335036604336 ], [ -2.433391423274704, 56.743343324204751 ], [ -2.433385391598752, 56.74335161021137 ], [ -2.433379375456469, 56.743359894634125 ], [ -2.433373375517714, 56.743368177482971 ], [ -2.433367392452352, 56.743376458767848 ], [ -2.433361426930242, 56.743384738498676 ], [ -2.433355479621245, 56.743393016685417 ], [ -2.433349551195225, 56.743401293337996 ], [ -2.433343642322045, 56.743409568466369 ], [ -2.43333775367157, 56.743417842080468 ], [ -2.433331885783241, 56.743426114192935 ], [ -2.433326038675161, 56.743434384827118 ], [ -2.433320212235185, 56.743442654009115 ], [ -2.433314406351161, 56.743450921764982 ], [ -2.43330862091094, 56.743459188120781 ], [ -2.433302855802377, 56.743467453102575 ], [ -2.433297110913322, 56.743475716736427 ], [ -2.433291386131627, 56.743483979048428 ], [ -2.433285681345144, 56.743492240064597 ], [ -2.433279996441722, 56.743500499811034 ], [ -2.433274331309212, 56.743508758313808 ], [ -2.433268685835469, 56.743517015598968 ], [ -2.433263059908339, 56.743525271692576 ], [ -2.433257453415676, 56.743533526620702 ], [ -2.433251866245331, 56.743541780409423 ], [ -2.433246298285153, 56.743550033084787 ], [ -2.43324074942299, 56.743558284672858 ], [ -2.433235219546695, 56.743566535199719 ], [ -2.433229708544119, 56.74357478469144 ], [ -2.433224216303112, 56.743583033174041 ], [ -2.433218742711521, 56.74359128067362 ], [ -2.433213287657199, 56.743599527216261 ], [ -2.433207851027996, 56.743607772827986 ], [ -2.433202432711758, 56.743616017534876 ], [ -2.433197032596338, 56.74362426136301 ], [ -2.433191650569584, 56.743632504338443 ], [ -2.433186286519346, 56.743640746487245 ], [ -2.43318094033347, 56.743648987835456 ], [ -2.43317561189981, 56.743657228409162 ], [ -2.433170301106211, 56.74366546823444 ], [ -2.43316500784052, 56.743673707337315 ], [ -2.433159736320258, 56.743681945697773 ], [ -2.433154514643801, 56.743690183041444 ], [ -2.433149379098428, 56.74369841900667 ], [ -2.433144365978742, 56.743706653231825 ], [ -2.433139511579383, 56.743714885355246 ], [ -2.433134852195025, 56.743723115015264 ], [ -2.433130424120372, 56.743731341850236 ], [ -2.433126263650154, 56.743739565498544 ], [ -2.433122407079139, 56.743747785598487 ], [ -2.433118890702124, 56.743756001788462 ], [ -2.433115750813939, 56.743764213706832 ], [ -2.433113023709442, 56.743772420991966 ], [ -2.433110745683522, 56.743780623282191 ], [ -2.433108953031101, 56.743788820215926 ], [ -2.43310768204713, 56.743797011431489 ], [ -2.433106969026594, 56.743805196567244 ], [ -2.433106850264505, 56.74381337526156 ], [ -2.433107362055907, 56.743821547152756 ], [ -2.433108540695871, 56.743829711879165 ], [ -2.433110422479504, 56.743837869079123 ], [ -2.433113043637284, 56.74384601839202 ], [ -2.433116418130508, 56.743854159831756 ], [ -2.433120505173803, 56.743862294332985 ], [ -2.433125255720424, 56.743870422969259 ], [ -2.433130620723592, 56.743878546814159 ], [ -2.433136551136475, 56.743886666941215 ], [ -2.433142997912211, 56.743894784424029 ], [ -2.433149912003892, 56.74390290033616 ], [ -2.433157244364565, 56.743911015751159 ], [ -2.433164945947244, 56.743919131742608 ], [ -2.433172967704893, 56.743927249384093 ], [ -2.433181260590445, 56.743935369749217 ], [ -2.433189775556786, 56.743943493911573 ], [ -2.433198463556764, 56.74395162294477 ], [ -2.433207275543185, 56.743959757922468 ], [ -2.433216162468816, 56.743967899918275 ], [ -2.43322507528638, 56.743976050005827 ], [ -2.433233964948565, 56.743984209258848 ], [ -2.433242782408016, 56.74399237875096 ], [ -2.43325147861733, 56.744000559555879 ], [ -2.433260004529075, 56.744008752747334 ], [ -2.433268311095767, 56.744016959398984 ], [ -2.43327634926989, 56.744025180584622 ], [ -2.433284070003878, 56.744033417377935 ], [ -2.433291424250126, 56.74404167085271 ], [ -2.433298362960989, 56.744049942082668 ], [ -2.433304837088771, 56.744058232141597 ], [ -2.433310797585746, 56.744066542103248 ], [ -2.433316195404133, 56.744074873041399 ], [ -2.433320981496114, 56.744083226029801 ], [ -2.433325106813823, 56.744091602142248 ], [ -2.433328524208935, 56.744100002371589 ], [ -2.433331223114004, 56.744108426152231 ], [ -2.43333322598092, 56.744116871511999 ], [ -2.433334556446515, 56.744125336428169 ], [ -2.433335238147646, 56.744133818878012 ], [ -2.433335294721181, 56.744142316838825 ], [ -2.433334749804016, 56.744150828287836 ], [ -2.433333627033058, 56.74415935120232 ], [ -2.43333195004524, 56.744167883559527 ], [ -2.433329742477516, 56.744176423336675 ], [ -2.433327027966856, 56.744184968511028 ], [ -2.433323830150257, 56.744193517059806 ], [ -2.433320172664733, 56.744202066960234 ], [ -2.43331607914732, 56.744210616189527 ], [ -2.433311573235081, 56.744219162724924 ], [ -2.433306678565094, 56.744227704543647 ], [ -2.433301418774465, 56.744236239622914 ], [ -2.43329581750032, 56.74424476593996 ], [ -2.433289898379808, 56.744253281472012 ], [ -2.433283685050101, 56.744261784196297 ], [ -2.433277201148395, 56.744270272090048 ], [ -2.433270470311907, 56.744278743130494 ], [ -2.433263516177881, 56.744287195294881 ], [ -2.433256362383577, 56.744295626560465 ], [ -2.433249032566282, 56.744304034904481 ], [ -2.43324155036331, 56.744312418304197 ], [ -2.433233939411994, 56.744320774736849 ], [ -2.433226223349685, 56.744329102179726 ], [ -2.433218425813768, 56.744337398610085 ], [ -2.43321057044164, 56.744345662005216 ], [ -2.433202680870727, 56.744353890342403 ], [ -2.433194780734952, 56.744362081599469 ], [ -2.433186888520565, 56.744370234551887 ], [ -2.433179007263162, 56.744378350369118 ], [ -2.433171137111573, 56.744386430667959 ], [ -2.433163278214632, 56.744394477065164 ], [ -2.433155430721172, 56.744402491177496 ], [ -2.433147594780021, 56.744410474621752 ], [ -2.433139770540012, 56.744418429014686 ], [ -2.433131958149973, 56.74442635597309 ], [ -2.433124157758729, 56.744434257113703 ], [ -2.433116369515109, 56.744442134053315 ], [ -2.433108593567935, 56.744449988408711 ], [ -2.433100830066034, 56.744457821796637 ], [ -2.433093079158222, 56.74446563583389 ], [ -2.433085340993327, 56.74447343213722 ], [ -2.433077615720164, 56.744481212323407 ], [ -2.433069903487554, 56.74448897800923 ], [ -2.433062204444314, 56.744496730811449 ], [ -2.43305451873926, 56.744504472346847 ], [ -2.433046846521206, 56.74451220423218 ], [ -2.433039187938969, 56.744519928084244 ], [ -2.433031543141358, 56.744527645519788 ], [ -2.433023912277185, 56.744535358155588 ], [ -2.433016295495261, 56.744543067608419 ], [ -2.433008692944398, 56.744550775495071 ], [ -2.433001104773398, 56.744558483432279 ], [ -2.432993531131071, 56.744566193036867 ], [ -2.432985972166225, 56.744573905925542 ], [ -2.432978428027661, 56.744581623715121 ], [ -2.43297089886418, 56.744589348022359 ], [ -2.432963384824592, 56.74459708046404 ], [ -2.432955886057692, 56.744604822656918 ], [ -2.43294840271228, 56.744612576217797 ], [ -2.432940934937158, 56.744620342763405 ], [ -2.432933482881121, 56.744628123910537 ], [ -2.432926046692967, 56.744635921275972 ], [ -2.432918626521491, 56.744643736476469 ], [ -2.432911222515488, 56.744651571128799 ], [ -2.432903834823752, 56.744659426849751 ], [ -2.432896463595074, 56.744667305256087 ], [ -2.432889108978244, 56.744675207964555 ], [ -2.43288177133805, 56.744683136416825 ], [ -2.432874452975193, 56.744691090484679 ], [ -2.432867157211408, 56.744699069212032 ], [ -2.432859887377612, 56.744707071635311 ], [ -2.432852646804738, 56.744715096790955 ], [ -2.432845438823709, 56.744723143715419 ], [ -2.432838266765461, 56.744731211445135 ], [ -2.432831133960928, 56.744739299016537 ], [ -2.432824043741057, 56.744747405466093 ], [ -2.432816999436786, 56.744755529830222 ], [ -2.432810004379065, 56.744763671145385 ], [ -2.432803061898845, 56.744771828448037 ], [ -2.432796175327084, 56.744780000774597 ], [ -2.432789347994737, 56.744788187161539 ], [ -2.432782583232771, 56.744796386645312 ], [ -2.432775884372148, 56.744804598262334 ], [ -2.43276925474384, 56.744812821049074 ], [ -2.432762697678822, 56.744821054041999 ], [ -2.432756216508069, 56.744829296277551 ], [ -2.432749814562561, 56.744837546792162 ], [ -2.432743495173287, 56.744845804622287 ], [ -2.432737261671229, 56.744854068804422 ], [ -2.432731117387384, 56.744862338374965 ], [ -2.432725065652746, 56.744870612370399 ], [ -2.432719109798311, 56.744878889827177 ], [ -2.432713253155085, 56.744887169781755 ], [ -2.432707499054073, 56.74489545127058 ], [ -2.432701850826282, 56.744903733330105 ], [ -2.432696311802728, 56.7449120149968 ], [ -2.432690885314425, 56.744920295307118 ], [ -2.432685574455616, 56.744928573303554 ], [ -2.432680374757734, 56.744936848221592 ], [ -2.432675272784479, 56.744945119525532 ], [ -2.432670254579217, 56.744953386692949 ], [ -2.432665306185301, 56.744961649201429 ], [ -2.432660413646075, 56.744969906528553 ], [ -2.432655563004858, 56.744978158151888 ], [ -2.432650740304978, 56.744986403548999 ], [ -2.432645931589736, 56.744994642197447 ], [ -2.432641122902426, 56.745002873574812 ], [ -2.432636300286329, 56.745011097158653 ], [ -2.432631449784717, 56.745019312426507 ], [ -2.432626557440846, 56.74502751885597 ], [ -2.432621609297966, 56.745035715924573 ], [ -2.432616591399309, 56.745043903109888 ], [ -2.432611489788099, 56.745052079889433 ], [ -2.432606290507549, 56.745060245740788 ], [ -2.432600979600858, 56.745068400141498 ], [ -2.432595543111216, 56.745076542569073 ], [ -2.4325899670818, 56.745084672501086 ], [ -2.432584237555775, 56.745092789415047 ], [ -2.432578341652866, 56.74510089287471 ], [ -2.432572281510654, 56.745108983646553 ], [ -2.432566070293865, 56.745117063380086 ], [ -2.4325597214217, 56.745125133745233 ], [ -2.432553248313382, 56.745133196411921 ], [ -2.432546664388134, 56.745141253050107 ], [ -2.432539983065196, 56.74514930532969 ], [ -2.432533217763813, 56.745157354920643 ], [ -2.432526381903246, 56.745165403492884 ], [ -2.43251948890276, 56.745173452716358 ], [ -2.432512552181635, 56.745181504261005 ], [ -2.43250558515916, 56.745189559796785 ], [ -2.432498601254633, 56.745197620993636 ], [ -2.432491613887362, 56.745205689521526 ], [ -2.432484636476666, 56.745213767050409 ], [ -2.432477682441873, 56.745221855250236 ], [ -2.432470765202325, 56.745229955790975 ], [ -2.432463898177367, 56.745238070342609 ], [ -2.432457094786362, 56.745246200575096 ], [ -2.432450368448679, 56.745254348158404 ], [ -2.43244373229024, 56.745262514721929 ], [ -2.432437191940064, 56.745270700857958 ], [ -2.432430745089931, 56.745278906060776 ], [ -2.432424389049999, 56.745287129771889 ], [ -2.432418121130436, 56.745295371432782 ], [ -2.432411938641391, 56.745303630484976 ], [ -2.432405838893031, 56.745311906369942 ], [ -2.432399819195501, 56.745320198529214 ], [ -2.432393876858961, 56.745328506404249 ], [ -2.432388009193563, 56.74533682943656 ], [ -2.432382213509455, 56.745345167067633 ], [ -2.432376487116783, 56.745353518738966 ], [ -2.432370827325696, 56.745361883892059 ], [ -2.432365231446337, 56.745370261968411 ], [ -2.432359696788848, 56.745378652409492 ], [ -2.432354220663372, 56.745387054656788 ], [ -2.432348800380042, 56.745395468151827 ], [ -2.432343433249002, 56.745403892336078 ], [ -2.43233811658038, 56.745412326651 ], [ -2.432332847684311, 56.745420770538132 ], [ -2.432327623870924, 56.74542922343894 ], [ -2.432322442450352, 56.745437684794929 ], [ -2.432317300732715, 56.745446154047542 ], [ -2.432312196028145, 56.745454630638299 ], [ -2.432307125646757, 56.745463114008686 ], [ -2.432302086898676, 56.745471603600187 ], [ -2.432297077094017, 56.745480098854294 ], [ -2.4322920935429, 56.745488599212464 ], [ -2.432287133555437, 56.745497104116211 ], [ -2.432282194441741, 56.745505613007005 ], [ -2.432277273511919, 56.745514125326324 ], [ -2.432272368076082, 56.745522640515681 ], [ -2.432267475444337, 56.745531158016519 ], [ -2.432262592926782, 56.74553967727033 ], [ -2.432257717833523, 56.74554819771862 ], [ -2.432252847474661, 56.745556718802845 ], [ -2.432247979160287, 56.745565239964499 ], [ -2.4322431102005, 56.745573760645051 ], [ -2.432238237905393, 56.745582280285987 ], [ -2.432233359585056, 56.745590798328784 ], [ -2.432228472549579, 56.745599314214921 ], [ -2.432223574109049, 56.745607827385882 ], [ -2.43221866157355, 56.745616337283153 ], [ -2.432213732253162, 56.745624843348175 ], [ -2.432208783457968, 56.745633345022476 ], [ -2.432203812498046, 56.745641841747478 ], [ -2.432198816683471, 56.745650332964701 ], [ -2.432193793324318, 56.745658818115587 ], [ -2.432188739730661, 56.745667296641642 ], [ -2.432183653212566, 56.745675767984331 ], [ -2.432178531080103, 56.745684231585123 ], [ -2.432173370643336, 56.745692686885477 ], [ -2.432168169212332, 56.745701133326897 ], [ -2.43216292409715, 56.74570957035084 ], [ -2.432157632607851, 56.745717997398764 ], [ -2.432152292054495, 56.745726413912159 ], [ -2.432146899747132, 56.745734819332498 ], [ -2.432141452995822, 56.745743213101242 ], [ -2.432135949110613, 56.745751594659858 ], [ -2.432130385401555, 56.745759963449821 ], [ -2.432124759178698, 56.745768318912596 ], [ -2.432119067752086, 56.745776660489675 ], [ -2.432113308431764, 56.745784987622471 ], [ -2.432107478527775, 56.745793299752506 ], [ -2.432101575350162, 56.745801596321222 ], [ -2.432095596208959, 56.745809876770096 ], [ -2.432089538414205, 56.745818140540557 ], [ -2.432083399275933, 56.745826387074118 ], [ -2.43207717610418, 56.7458346158122 ], [ -2.432070866208975, 56.745842826196302 ], [ -2.432064466900347, 56.745851017667853 ], [ -2.432057975808787, 56.745859189726453 ], [ -2.432051394591, 56.745867342601734 ], [ -2.432044727651644, 56.745875477021649 ], [ -2.432037979448433, 56.745883593723754 ], [ -2.432031154439088, 56.745891693445628 ], [ -2.432024257081337, 56.745899776924794 ], [ -2.432017291832904, 56.745907844898873 ], [ -2.43201026315152, 56.745915898105395 ], [ -2.432003175494917, 56.745923937281951 ], [ -2.431996033320837, 56.745931963166086 ], [ -2.431988841087016, 56.745939976495407 ], [ -2.431981603251202, 56.745947978007457 ], [ -2.431974324271142, 56.745955968439802 ], [ -2.431967008604586, 56.745963948530054 ], [ -2.431959660709286, 56.74597191901573 ], [ -2.431952285043, 56.745979880634437 ], [ -2.43194488606349, 56.745987834123774 ], [ -2.431937468228517, 56.745995780221293 ], [ -2.431930035995848, 56.746003719664564 ], [ -2.431922593823254, 56.746011653191182 ], [ -2.431915146168511, 56.746019581538718 ], [ -2.431907697489387, 56.746027505444779 ], [ -2.431900252243665, 56.746035425646923 ], [ -2.43189281488913, 56.746043342882729 ], [ -2.431885389883564, 56.746051257889818 ], [ -2.431877981684758, 56.746059171405726 ], [ -2.431870594750499, 56.746067084168068 ], [ -2.431863233538592, 56.746074996914459 ], [ -2.43185590250682, 56.746082910382441 ], [ -2.431848606112998, 56.746090825309629 ], [ -2.43184134879995, 56.746098742430277 ], [ -2.431834131978181, 56.746106661798592 ], [ -2.431826950361044, 56.746114581967127 ], [ -2.43181979776622, 56.74612250128753 ], [ -2.43181266801139, 56.746130418111427 ], [ -2.431805554914229, 56.746138330790508 ], [ -2.431798452292406, 56.746146237676371 ], [ -2.43179135396359, 56.746154137120705 ], [ -2.431784253745443, 56.746162027475137 ], [ -2.431777145455628, 56.746169907091321 ], [ -2.431770022911796, 56.746177774320898 ], [ -2.431762879931602, 56.746185627515494 ], [ -2.431755710332692, 56.746193465026792 ], [ -2.431748507932712, 56.746201285206382 ], [ -2.431741266549301, 56.746209086405926 ], [ -2.431733980000097, 56.746216866977058 ], [ -2.431726642102733, 56.74622462527141 ], [ -2.431719246674836, 56.746232359640601 ], [ -2.431711787534033, 56.7462400684363 ], [ -2.431704258497947, 56.746247750010113 ], [ -2.431696653384968, 56.746255402713963 ], [ -2.431688967832621, 56.746263025624899 ], [ -2.431681203193142, 56.746270620097782 ], [ -2.431673361938025, 56.746278187933648 ], [ -2.431665446538768, 56.746285730933494 ], [ -2.431657459466869, 56.746293250898319 ], [ -2.431649403193826, 56.74630074962915 ], [ -2.431641280191139, 56.746308228926992 ], [ -2.431633092930303, 56.746315690592859 ], [ -2.431624843882824, 56.746323136427762 ], [ -2.431616535520195, 56.746330568232736 ], [ -2.431608170313925, 56.746337987808758 ], [ -2.431599750735512, 56.746345396956841 ], [ -2.431591279256457, 56.746352797478039 ], [ -2.431582758348263, 56.746360191173338 ], [ -2.431574190482434, 56.746367579843763 ], [ -2.431565578130471, 56.746374965290336 ], [ -2.431556923763881, 56.746382349314075 ], [ -2.431548229854164, 56.746389733715986 ], [ -2.431539498872827, 56.746397120297082 ], [ -2.431530733291371, 56.746404510858412 ], [ -2.431521935581303, 56.746411907200965 ], [ -2.431513109208019, 56.746419311035254 ], [ -2.431504262213481, 56.746426723654814 ], [ -2.431495403956088, 56.746434146233348 ], [ -2.431486543794354, 56.746441579944474 ], [ -2.431477691086808, 56.746449025961859 ], [ -2.431468855191984, 56.746456485459163 ], [ -2.431460045468416, 56.74646395961004 ], [ -2.431451271274651, 56.746471449588142 ], [ -2.431442541969237, 56.746478956567159 ], [ -2.431433866910738, 56.746486481720737 ], [ -2.43142525545771, 56.74649402622255 ], [ -2.431416716968729, 56.746501591246272 ], [ -2.43140826080237, 56.746509177965592 ], [ -2.431399896317218, 56.74651678755415 ], [ -2.431391632871861, 56.746524421185683 ], [ -2.431383479824896, 56.746532080033809 ], [ -2.431375446534931, 56.746539765272253 ], [ -2.431367542360573, 56.746547478074689 ], [ -2.431359776660443, 56.746555219614827 ], [ -2.431352158793164, 56.746562991066327 ], [ -2.431344698117376, 56.746570793602892 ], [ -2.431337403991711, 56.746578628398225 ], [ -2.431330285774821, 56.74658649662603 ], [ -2.43132335282536, 56.74659439945998 ], [ -2.431316614501994, 56.746602338073778 ], [ -2.431310080163395, 56.746610313641149 ], [ -2.431303759168238, 56.746618327335767 ], [ -2.43129766087522, 56.74662638033135 ], [ -2.431291794643029, 56.746634473801606 ], [ -2.431286169830374, 56.746642608920226 ], [ -2.43128079579597, 56.746650786860918 ], [ -2.431275681898539, 56.746659008797387 ], [ -2.431270837496813, 56.746667275903341 ], [ -2.431266271949536, 56.746675589352499 ], [ -2.431261994615458, 56.746683950318534 ], [ -2.43125801485334, 56.746692359975171 ], [ -2.431254342021952, 56.746700819496112 ], [ -2.431250985480078, 56.746709330055054 ], [ -2.431247954586507, 56.746717892825686 ], [ -2.431245258700045, 56.746726508981752 ], [ -2.431242907179501, 56.746735179696898 ], [ -2.431240905949892, 56.746743905569211 ], [ -2.431239177810988, 56.746752673261881 ], [ -2.431237560065548, 56.746761455105599 ], [ -2.431235886107914, 56.746770222775893 ], [ -2.431233989332281, 56.7467789479483 ], [ -2.4312317031327, 56.746787602298298 ], [ -2.431228860903086, 56.7467961575014 ], [ -2.431225296037208, 56.746804585233029 ], [ -2.431220841928722, 56.746812857168649 ], [ -2.431215331971166, 56.746820944983639 ], [ -2.431208603881322, 56.746828821033063 ], [ -2.431200622128888, 56.746836477600723 ], [ -2.431191495272659, 56.746843929624823 ], [ -2.431181339679951, 56.746851193271254 ], [ -2.431170271718185, 56.746858284705944 ], [ -2.431158407754883, 56.746865220094826 ], [ -2.431145864157641, 56.746872015603827 ], [ -2.431132757294143, 56.74687868739899 ], [ -2.431119203532143, 56.746885251646297 ], [ -2.431105319239459, 56.746891724511876 ], [ -2.431091220783971, 56.746898122161845 ], [ -2.431077034429496, 56.74690446042684 ], [ -2.431062953381181, 56.746910752868047 ], [ -2.431049198583853, 56.746917012106131 ], [ -2.431035991071514, 56.746923250758904 ], [ -2.431023551878291, 56.746929481444262 ], [ -2.43101210203844, 56.746935716780158 ], [ -2.431001862586352, 56.746941969384636 ], [ -2.430993054556538, 56.74694825187575 ], [ -2.430985898983663, 56.746954576871623 ], [ -2.430980616902531, 56.746960956990286 ], [ -2.430977429090816, 56.746967404842387 ], [ -2.430976458981794, 56.746973930207986 ], [ -2.430977586666953, 56.746980535791877 ], [ -2.430980654835522, 56.746987223211178 ], [ -2.430985506176647, 56.746993994082935 ], [ -2.430991983379391, 56.747000850024165 ], [ -2.430999929132725, 56.747007792651779 ], [ -2.431009186125526, 56.747014823582788 ], [ -2.431019597046578, 56.747021944434074 ], [ -2.431031004584562, 56.747029156822649 ], [ -2.431043251428062, 56.747036462365458 ], [ -2.431056180265558, 56.747043862679554 ], [ -2.431069633785416, 56.747051359382006 ], [ -2.431083454675893, 56.747058954089937 ], [ -2.431097485625129, 56.747066648420557 ], [ -2.43111156932115, 56.747074443991131 ], [ -2.431125548451845, 56.747082342419006 ], [ -2.431139265704987, 56.747090345321574 ], [ -2.431152563768213, 56.747098454316308 ], [ -2.431165285329019, 56.747106671020724 ], [ -2.431177274181998, 56.747114996589161 ], [ -2.431188416958967, 56.747123414252741 ], [ -2.431198655819754, 56.747131884009661 ], [ -2.431207936623166, 56.747140364310326 ], [ -2.431216205227916, 56.747148813605222 ], [ -2.431223407492643, 56.747157190344765 ], [ -2.431229489275904, 56.747165452979345 ], [ -2.431234396436212, 56.747173559959386 ], [ -2.431238074832033, 56.747181469735253 ], [ -2.431240470321807, 56.747189140757293 ], [ -2.431241528763962, 56.747196531475808 ], [ -2.431241196016943, 56.747203600341074 ], [ -2.431239417939212, 56.747210305803314 ], [ -2.431236140389285, 56.747216606312691 ], [ -2.431231316696007, 56.747222464095131 ], [ -2.431224982878987, 56.74722788317203 ], [ -2.431217226399613, 56.747232893565652 ], [ -2.431208135494999, 56.747237525690252 ], [ -2.431197798402348, 56.747241809960059 ], [ -2.431186303358954, 56.747245776789327 ], [ -2.431173738602165, 56.747249456592279 ], [ -2.431160192369374, 56.74725287978314 ], [ -2.43114575289801, 56.747256076776161 ], [ -2.431130508425514, 56.747259077985632 ], [ -2.431114547189337, 56.747261913825852 ], [ -2.43109795742693, 56.747264614711135 ], [ -2.431080827375721, 56.747267211055849 ], [ -2.431063245273129, 56.747269733274408 ], [ -2.431045299356537, 56.747272211781279 ], [ -2.431027077863309, 56.747274676990926 ], [ -2.431008669030766, 56.747277159317917 ], [ -2.430990161096195, 56.74727968917685 ], [ -2.430971642296852, 56.747282296982355 ], [ -2.430953200869952, 56.747285013149167 ], [ -2.430934925052679, 56.747287868091981 ], [ -2.430916903082192, 56.747290892225649 ], [ -2.43089922319562, 56.747294115964991 ], [ -2.430881973630086, 56.747297569724907 ], [ -2.430865242622691, 56.747301283920365 ], [ -2.430849118410547, 56.747305288966317 ], [ -2.430833689230769, 56.7473096152778 ], [ -2.430819043320504, 56.747314293269874 ], [ -2.430805268336719, 56.74731935314027 ], [ -2.430792401392744, 56.747324806154033 ], [ -2.430780390556472, 56.747330630221384 ], [ -2.430769174832294, 56.747336799857493 ], [ -2.430758693224644, 56.747343289577444 ], [ -2.430748884737983, 56.747350073896342 ], [ -2.430739688376781, 56.747357127329217 ], [ -2.430731043145521, 56.747364424391087 ], [ -2.430722888048682, 56.747371939596974 ], [ -2.430715162090733, 56.747379647461841 ], [ -2.430707804276137, 56.747387522500645 ], [ -2.430700753609326, 56.747395539228329 ], [ -2.430693949094712, 56.747403672159784 ], [ -2.43068732973668, 56.747411895809947 ], [ -2.430680834539582, 56.747420184693695 ], [ -2.430674402507734, 56.747428513325914 ], [ -2.430667972645419, 56.747436856221448 ], [ -2.430661483956882, 56.747445187895153 ], [ -2.430654875446334, 56.747453482861886 ], [ -2.430648086117948, 56.747461715636454 ], [ -2.430641054975869, 56.747469860733645 ], [ -2.430633727449021, 56.747477895278813 ], [ -2.430626099144756, 56.747485816785478 ], [ -2.430618189260184, 56.747493632352146 ], [ -2.430610017129422, 56.747501349132925 ], [ -2.430601602086595, 56.747508974281942 ], [ -2.430592963465833, 56.747516514953354 ], [ -2.430584120601293, 56.747523978301274 ], [ -2.430575092827131, 56.747531371479873 ], [ -2.430565899477519, 56.747538701643286 ], [ -2.43055655988664, 56.74754597594567 ], [ -2.430547093388682, 56.747553201541166 ], [ -2.430537519317839, 56.747560385583974 ], [ -2.430527857008326, 56.747567535228228 ], [ -2.430518125794352, 56.747574657628142 ], [ -2.43050834501014, 56.747581759937887 ], [ -2.43049853398992, 56.747588849311626 ], [ -2.430488712067927, 56.747595932903586 ], [ -2.430478898578408, 56.747603017867945 ], [ -2.430469112855613, 56.747610111358917 ], [ -2.430459374233796, 56.747617220530735 ], [ -2.430449701878578, 56.747624352475285 ], [ -2.430440106942082, 56.747631511323853 ], [ -2.430430589235022, 56.747638697017635 ], [ -2.430421147708611, 56.747645909180214 ], [ -2.430411781314058, 56.747653147435159 ], [ -2.430402489002573, 56.74766041140613 ], [ -2.430393269725369, 56.747667700716704 ], [ -2.430384122433653, 56.747675014990506 ], [ -2.430375046078637, 56.747682353851111 ], [ -2.430366039611532, 56.747689716922132 ], [ -2.430357101983545, 56.747697103827178 ], [ -2.430348232145886, 56.747704514189856 ], [ -2.430339429049768, 56.747711947633761 ], [ -2.430330691646394, 56.747719403782504 ], [ -2.430322018886978, 56.747726882259656 ], [ -2.430313409722727, 56.747734382688861 ], [ -2.430304863104848, 56.747741904693669 ], [ -2.430296377984551, 56.747749447897746 ], [ -2.430287953313043, 56.747757011924627 ], [ -2.430279588041531, 56.74776459639795 ], [ -2.430271281121223, 56.747772200941306 ], [ -2.430263031503324, 56.747779825178284 ], [ -2.430254838139045, 56.74778746873249 ], [ -2.430246699979587, 56.74779513122752 ], [ -2.430238615976158, 56.747802812286977 ], [ -2.430230585079963, 56.74781051153446 ], [ -2.430222606242209, 56.747818228593538 ], [ -2.430214678414098, 56.747825963087841 ], [ -2.430206800546835, 56.747833714640961 ], [ -2.430198971591626, 56.747841482876481 ], [ -2.43019119049967, 56.747849267418012 ], [ -2.430183456222173, 56.747857067889115 ], [ -2.430175767710339, 56.747864883913422 ], [ -2.430168123915367, 56.747872715114518 ], [ -2.43016052378846, 56.747880561115977 ], [ -2.430152966280821, 56.747888421541425 ], [ -2.430145450343648, 56.747896296014439 ], [ -2.430137974928142, 56.747904184158607 ], [ -2.430130538985503, 56.747912085597541 ], [ -2.43012314146693, 56.74791999995481 ], [ -2.430115781323623, 56.747927926854025 ], [ -2.430108457506779, 56.747935865918748 ], [ -2.430101168967596, 56.747943816772619 ], [ -2.430093914657272, 56.747951779039198 ], [ -2.430086693527002, 56.747959752342091 ], [ -2.430079504527984, 56.747967736304858 ], [ -2.430072346611412, 56.747975730551133 ], [ -2.430065218728485, 56.747983734704476 ], [ -2.430058119830392, 56.747991748388486 ], [ -2.43005104886833, 56.747999771226766 ], [ -2.430044004793494, 56.748007802842885 ], [ -2.430036986557071, 56.748015842860433 ], [ -2.43002999311026, 56.748023890903021 ], [ -2.43002302340425, 56.748031946594217 ], [ -2.430016076390228, 56.748040009557613 ], [ -2.430009151019393, 56.748048079416805 ], [ -2.430002246242929, 56.748056155795382 ], [ -2.429995361012026, 56.748064238316921 ], [ -2.429988494277874, 56.748072326605019 ], [ -2.429981644991662, 56.748080420283259 ], [ -2.429974812104573, 56.748088518975244 ], [ -2.429967994567799, 56.748096622304523 ], [ -2.429961191332525, 56.748104729894706 ], [ -2.429954401349936, 56.748112841369398 ], [ -2.429947623571216, 56.74812095635216 ], [ -2.42994085694755, 56.748129074466583 ], [ -2.429934100430125, 56.748137195336248 ], [ -2.42992735297012, 56.748145318584754 ], [ -2.429920613518719, 56.748153443835669 ], [ -2.429913881027105, 56.748161570712597 ], [ -2.429907154446458, 56.748169698839106 ], [ -2.429900432727965, 56.748177827838788 ], [ -2.429893715011409, 56.748185957406463 ], [ -2.429887001119286, 56.74819408749476 ], [ -2.429880291028537, 56.748202218114649 ], [ -2.429873584716101, 56.748210349277095 ], [ -2.429866882158917, 56.748218480993032 ], [ -2.429860183333925, 56.748226613273459 ], [ -2.42985348821806, 56.748234746129341 ], [ -2.429846796788268, 56.748242879571613 ], [ -2.429840109021482, 56.748251013611259 ], [ -2.42983342489464, 56.748259148259237 ], [ -2.429826744384686, 56.748267283526509 ], [ -2.429820067468555, 56.74827541942404 ], [ -2.429813394123187, 56.748283555962786 ], [ -2.42980672432552, 56.748291693153718 ], [ -2.429800058052496, 56.748299831007799 ], [ -2.429793395281048, 56.748307969536015 ], [ -2.429786735988116, 56.748316108749286 ], [ -2.429780080150644, 56.748324248658591 ], [ -2.429773427745566, 56.748332389274921 ], [ -2.429766778749821, 56.748340530609198 ], [ -2.429760133140346, 56.748348672672414 ], [ -2.429753490894083, 56.748356815475518 ], [ -2.429746851987969, 56.748364959029487 ], [ -2.429740216398942, 56.748373103345273 ], [ -2.42973358410394, 56.74838124843383 ], [ -2.429726955079904, 56.748389394306145 ], [ -2.429720329303771, 56.748397540973173 ], [ -2.429718835971462, 56.748399378163384 ], [ -2.42972308194179, 56.748394005802027 ], [ -2.429729550492941, 56.748385815601999 ], [ -2.429736015687803, 56.748377623895415 ], [ -2.429742477480052, 56.748369430629424 ], [ -2.42974893582337, 56.748361235751197 ], [ -2.42975539067143, 56.748353039207906 ], [ -2.429761841977915, 56.748344840946721 ], [ -2.429768289696498, 56.748336640914786 ], [ -2.429774733780862, 56.748328439059279 ], [ -2.42978117418468, 56.748320235327398 ], [ -2.429787610861633, 56.748312029666273 ], [ -2.429794043765398, 56.74830382202309 ], [ -2.429800472849656, 56.748295612344997 ], [ -2.429806898068078, 56.748287400579173 ], [ -2.429813319374349, 56.748279186672796 ], [ -2.429819736722142, 56.748270970573017 ], [ -2.429826150065139, 56.748262752227014 ], [ -2.429832559357013, 56.748254531581949 ], [ -2.429838964551448, 56.748246308584989 ], [ -2.429845365602118, 56.748238083183296 ], [ -2.429851762462699, 56.748229855324048 ], [ -2.429858155086876, 56.748221624954418 ], [ -2.429864543428321, 56.74821339202154 ], [ -2.429870927440716, 56.748205156472615 ], [ -2.429877307077737, 56.748196918254813 ], [ -2.42988368229306, 56.748188677315284 ], [ -2.429890053040366, 56.748180433601185 ], [ -2.429896419300478, 56.748172187069819 ], [ -2.429902781706825, 56.748163937921952 ], [ -2.429909141561587, 56.748155686607838 ], [ -2.429915500197308, 56.748147433589033 ], [ -2.429921858946537, 56.748139179327111 ], [ -2.429928219141816, 56.748130924283643 ], [ -2.429934582115691, 56.74812266892021 ], [ -2.429940949200704, 56.748114413698367 ], [ -2.429947321729395, 56.748106159079697 ], [ -2.429953701034306, 56.748097905525775 ], [ -2.429960088447982, 56.74808965349817 ], [ -2.429966485302957, 56.748081403458421 ], [ -2.429972892931771, 56.748073155868155 ], [ -2.429979312666964, 56.748064911188905 ], [ -2.429985745841072, 56.748056669882246 ], [ -2.42999219378663, 56.748048432409739 ], [ -2.429998657836175, 56.748040199232975 ], [ -2.430005139322239, 56.748031970813514 ], [ -2.430011639577359, 56.748023747612905 ], [ -2.430018159934066, 56.748015530092736 ], [ -2.430024701724893, 56.748007318714571 ], [ -2.430031266282373, 56.747999113939976 ], [ -2.430037854939031, 56.74799091623052 ], [ -2.430044469027403, 56.74798272604778 ], [ -2.430051109880011, 56.747974543853289 ], [ -2.430057778829389, 56.747966370108649 ], [ -2.430064477208064, 56.74795820527541 ], [ -2.430071206348559, 56.747950049815131 ], [ -2.430077967583403, 56.747941904189396 ], [ -2.430084762245117, 56.747933768859767 ], [ -2.430091591666229, 56.74792564428779 ], [ -2.430098457179264, 56.747917530935041 ], [ -2.430105360116738, 56.747909429263082 ], [ -2.430112301811177, 56.747901339733481 ], [ -2.430119283595103, 56.747893262807793 ], [ -2.430126306801037, 56.7478851989476 ], [ -2.430133372761496, 56.747877148614435 ], [ -2.430140482809001, 56.747869112269889 ], [ -2.430147638276071, 56.747861090375501 ], [ -2.43015484049522, 56.74785308339284 ], [ -2.430162090798973, 56.747845091783475 ], [ -2.430169390519839, 56.747837116008967 ], [ -2.430176740990336, 56.747829156530862 ], [ -2.430184143542981, 56.747821213810731 ], [ -2.430191599510286, 56.747813288310127 ], [ -2.430199110224767, 56.747805380490611 ], [ -2.430206677018937, 56.747797490813745 ], [ -2.430214301225308, 56.747789619741091 ], [ -2.430221984176389, 56.747781767734196 ], [ -2.430229727204698, 56.747773935254642 ], [ -2.430237531642745, 56.747766122763942 ], [ -2.430245398823038, 56.747758330723677 ], [ -2.430253330078087, 56.747750559595431 ], [ -2.430261326740404, 56.747742809840709 ], [ -2.430269390142495, 56.7477350819211 ], [ -2.430277521616873, 56.747727376298144 ], [ -2.430285722496043, 56.74771969343341 ], [ -2.430293994112511, 56.747712033788446 ], [ -2.430302337798786, 56.747704397824798 ], [ -2.43031075488738, 56.74769678600402 ], [ -2.430319246710793, 56.747689198787675 ], [ -2.430327814601534, 56.747681636637289 ], [ -2.430336459892108, 56.747674100014436 ], [ -2.43034518391502, 56.747666589380685 ], [ -2.430353988002776, 56.747659105197542 ], [ -2.430362873487883, 56.747651647926595 ], [ -2.430371841702841, 56.747644218029365 ], [ -2.430380893980158, 56.747636815967418 ], [ -2.430390031652335, 56.747629442202303 ], [ -2.430399256051882, 56.74762209719556 ], [ -2.430408568511295, 56.747614781408743 ], [ -2.430417969542931, 56.747607495024297 ], [ -2.430427450021871, 56.747600234945168 ], [ -2.430436994556365, 56.747592995941758 ], [ -2.430446587647989, 56.747585772748117 ], [ -2.430456213798318, 56.74757856009834 ], [ -2.430465857508937, 56.747571352726524 ], [ -2.43047550328144, 56.747564145366795 ], [ -2.430485135617424, 56.747556932753206 ], [ -2.430494739018497, 56.747549709619875 ], [ -2.430504297986267, 56.747542470700921 ], [ -2.430513797022352, 56.747535210730454 ], [ -2.430523220628378, 56.747527924442608 ], [ -2.430532553305976, 56.747520606571477 ], [ -2.430541779556787, 56.747513251851224 ], [ -2.430550883882454, 56.747505855015959 ], [ -2.430559850784632, 56.747498410799835 ], [ -2.430568664764983, 56.747490913936993 ], [ -2.43057731032518, 56.747483359161563 ], [ -2.4305857719669, 56.747475741207708 ], [ -2.430594034191834, 56.747468054809588 ], [ -2.430602081812064, 56.74746029481966 ], [ -2.43060992160754, 56.747452464464232 ], [ -2.43061759648501, 56.747444580740549 ], [ -2.430625152714939, 56.747436661928099 ], [ -2.430632636567774, 56.747428726306339 ], [ -2.430640094313934, 56.747420792154706 ], [ -2.430647572223817, 56.747412877752652 ], [ -2.430655116567793, 56.747405001379597 ], [ -2.430662773616213, 56.747397181314938 ], [ -2.430670589639397, 56.747389435838066 ], [ -2.430678610907658, 56.747381783228406 ], [ -2.430686883691278, 56.747374241765293 ], [ -2.430695454260526, 56.747366829728129 ], [ -2.430704368885656, 56.747359565396224 ], [ -2.430713673836911, 56.747352467048913 ], [ -2.43072341538453, 56.747345552965527 ], [ -2.430733639798747, 56.747338841425346 ], [ -2.430744393349791, 56.747332350707644 ], [ -2.430755722307907, 56.747326099091666 ], [ -2.430767672943349, 56.747320104856655 ], [ -2.430780291526383, 56.747314386281786 ], [ -2.430793608689994, 56.747308955685426 ], [ -2.430807570724664, 56.747303793235027 ], [ -2.430822095611844, 56.747298868306849 ], [ -2.430837101312205, 56.747294150269283 ], [ -2.430852505786426, 56.747289608490703 ], [ -2.430868226995188, 56.747285212339555 ], [ -2.430884182899173, 56.747280931184314 ], [ -2.430900291459045, 56.747276734393516 ], [ -2.430916470635462, 56.747272591335665 ], [ -2.430932638389067, 56.747268471379392 ], [ -2.430948712680487, 56.74726434389332 ], [ -2.430964611470326, 56.747260178246158 ], [ -2.430980252719184, 56.747255943806607 ], [ -2.430995554387644, 56.747251609943419 ], [ -2.431010434436286, 56.747247146025416 ], [ -2.431024810825678, 56.747242521421427 ], [ -2.43103860151641, 56.747237705500304 ], [ -2.431051724469072, 56.747232667630954 ], [ -2.431064097644278, 56.747227377182284 ], [ -2.431075639002682, 56.747221803523267 ], [ -2.431086266504978, 56.747215916022817 ], [ -2.431095898111923, 56.747209684049949 ], [ -2.431104451784345, 56.747203076973591 ], [ -2.431111845483161, 56.747196064162736 ], [ -2.431117999714297, 56.74718861801157 ], [ -2.431122874116292, 56.747180757432908 ], [ -2.431126459000013, 56.747172537801077 ], [ -2.431128745497749, 56.747164015466673 ], [ -2.431129724741868, 56.747155246780238 ], [ -2.43112938786481, 56.747146288092296 ], [ -2.431127725999058, 56.747137195753332 ], [ -2.431124730277133, 56.747128026113771 ], [ -2.431120391831561, 56.747118835524013 ], [ -2.431114701794861, 56.747109680334397 ], [ -2.431107651299519, 56.747100616895246 ], [ -2.431099241378327, 56.747091698893989 ], [ -2.431089594648849, 56.747082947316315 ], [ -2.43107891536785, 56.74707436119003 ], [ -2.431067409303699, 56.747065939136405 ], [ -2.431055282224556, 56.747057679776688 ], [ -2.431042739898396, 56.747049581732263 ], [ -2.431029988093001, 56.74704164362452 ], [ -2.43101723257598, 56.747033864074986 ], [ -2.43100467911478, 56.747026241705235 ], [ -2.430992533476681, 56.747018775136915 ], [ -2.430981001428814, 56.7470114629918 ], [ -2.430970288738176, 56.747004303891671 ], [ -2.430960601171622, 56.746997296458368 ], [ -2.430952144495881, 56.746990439313826 ], [ -2.430945124477567, 56.746983731079943 ], [ -2.430939746883177, 56.746977170378642 ], [ -2.430936217479109, 56.746970755831818 ], [ -2.430934742031664, 56.746964486061309 ], [ -2.430935526307047, 56.746958359688847 ], [ -2.430938762615195, 56.746952374494541 ], [ -2.430944384388192, 56.746946512068625 ], [ -2.430952091521298, 56.746940739396273 ], [ -2.430961575538808, 56.746935022939098 ], [ -2.430972527965181, 56.746929329158704 ], [ -2.430984640325038, 56.746923624516775 ], [ -2.430997604143142, 56.746917875475077 ], [ -2.431011110944386, 56.746912048495467 ], [ -2.431024852253807, 56.746906110039959 ], [ -2.431038519596573, 56.746900026570657 ], [ -2.431051804498003, 56.746893764549853 ], [ -2.431064422817452, 56.746887293681539 ], [ -2.431076299940642, 56.746880611581929 ], [ -2.431087468182959, 56.746873730111815 ], [ -2.43109796071544, 56.746866661245946 ], [ -2.431107810709139, 56.74685941695909 ], [ -2.431117051335105, 56.746852009225933 ], [ -2.431125715764398, 56.746844450021221 ], [ -2.431133837168066, 56.746836751319599 ], [ -2.431141448717165, 56.74682892509577 ], [ -2.431148583582733, 56.746820983324362 ], [ -2.431155274935806, 56.746812937980046 ], [ -2.431161555947408, 56.746804801037406 ], [ -2.431167459788544, 56.746796584471092 ], [ -2.431173019630205, 56.746788300255723 ], [ -2.431178268643365, 56.746779960365856 ], [ -2.431183239998977, 56.746771576776105 ], [ -2.431187966867976, 56.746763161461068 ], [ -2.431192482421272, 56.746754726395274 ], [ -2.431196819829754, 56.746746283553357 ], [ -2.431201012264287, 56.746737844909823 ], [ -2.431205092895683, 56.746729422439223 ], [ -2.431209092444977, 56.746721025974942 ], [ -2.431213032495669, 56.746712657363936 ], [ -2.431216932501215, 56.746704316591483 ], [ -2.431220811915056, 56.746696003642832 ], [ -2.43122469019061, 56.746687718503232 ], [ -2.431228586781283, 56.746679461157925 ], [ -2.431232521140462, 56.746671231592181 ], [ -2.431236512721521, 56.746663029791264 ], [ -2.431240580977811, 56.746654855740374 ], [ -2.431244745362668, 56.746646709424773 ], [ -2.431249025329422, 56.746638590829704 ], [ -2.43125344033137, 56.746630499940395 ], [ -2.431258009821809, 56.746622436742093 ], [ -2.431262753254011, 56.74661440122 ], [ -2.431267690081232, 56.746606393359357 ], [ -2.431272839756718, 56.746598413145399 ], [ -2.431278221733694, 56.74659046056329 ], [ -2.431283855465374, 56.746582535598307 ], [ -2.431289760404955, 56.7465746382356 ], [ -2.43129595600562, 56.746566768460411 ], [ -2.431302461720534, 56.746558926257897 ], [ -2.431309290785073, 56.746551111509049 ], [ -2.431316430605534, 56.746543323661989 ], [ -2.431323861882319, 56.746535562052401 ], [ -2.43133156531583, 56.74652782601602 ], [ -2.431339521606497, 56.74652011488854 ], [ -2.431347711454749, 56.746512428005694 ], [ -2.431356115561049, 56.746504764703218 ], [ -2.431364714625858, 56.746497124316846 ], [ -2.431373489349665, 56.746489506182286 ], [ -2.431382420432975, 56.746481909635307 ], [ -2.431391488576297, 56.746474334011616 ], [ -2.431400674480167, 56.746466778646997 ], [ -2.431409958845129, 56.746459242877201 ], [ -2.431419322371744, 56.746451726037968 ], [ -2.43142874576059, 56.746444227465076 ], [ -2.431438209712256, 56.746436746494318 ], [ -2.431447694927347, 56.746429282461456 ], [ -2.431457182106486, 56.746421834702261 ], [ -2.431466651950304, 56.746414402552546 ], [ -2.431476085159453, 56.746406985348102 ], [ -2.431485462562645, 56.746399582403683 ], [ -2.431494770835037, 56.746392192072747 ], [ -2.431504004790916, 56.746384811370447 ], [ -2.43151315984696, 56.746377437212956 ], [ -2.431522231419856, 56.746370066516398 ], [ -2.43153121492628, 56.746362696196918 ], [ -2.431540105782914, 56.746355323170633 ], [ -2.431548899406437, 56.746347944353701 ], [ -2.431557591213535, 56.746340556662268 ], [ -2.431566176620892, 56.746333157012479 ], [ -2.431574651045191, 56.746325742320472 ], [ -2.431583009903119, 56.746318309502378 ], [ -2.43159124861136, 56.746310855474356 ], [ -2.431599362586604, 56.746303377152557 ], [ -2.43160734724554, 56.746295871453128 ], [ -2.43161519800486, 56.746288335292213 ], [ -2.431622910281257, 56.746280765585965 ], [ -2.431630479491425, 56.746273159250521 ], [ -2.43163790105206, 56.746265513202047 ], [ -2.43164517037986, 56.746257824356697 ], [ -2.431652282891531, 56.746250089630607 ], [ -2.431659234488923, 56.746242306109444 ], [ -2.431666030522209, 56.746234474180341 ], [ -2.431672684927438, 56.746226597230432 ], [ -2.4316792119528, 56.746218678755987 ], [ -2.431685625846486, 56.746210722253217 ], [ -2.431691940856674, 56.746202731218361 ], [ -2.431698171231536, 56.746194709147638 ], [ -2.431704331219235, 56.746186659537294 ], [ -2.431710435067917, 56.746178585883548 ], [ -2.431716497025727, 56.746170491682619 ], [ -2.431722531340799, 56.746162380430711 ], [ -2.431728552261252, 56.746154255624042 ], [ -2.431734574035202, 56.746146120758837 ], [ -2.43174061091075, 56.746137979331309 ], [ -2.431746677135986, 56.746129834837625 ], [ -2.431752786958999, 56.746121690774025 ], [ -2.431758954627856, 56.746113550636686 ], [ -2.431765194390621, 56.746105417921832 ], [ -2.431771520495349, 56.746097296125626 ], [ -2.431777947190082, 56.746089188744271 ], [ -2.431784488703635, 56.746081099269688 ], [ -2.431791153133153, 56.746073029832786 ], [ -2.431797933712534, 56.746064979265441 ], [ -2.431804821467517, 56.746056945909345 ], [ -2.431811807423849, 56.746048928106205 ], [ -2.431818882607279, 56.746040924197771 ], [ -2.431826038043567, 56.746032932525758 ], [ -2.431833264758474, 56.74602495143187 ], [ -2.431840553777775, 56.746016979257867 ], [ -2.431847896127248, 56.746009014345439 ], [ -2.431855282832672, 56.746001055036352 ], [ -2.43186270491984, 56.745993099672326 ], [ -2.431870153414546, 56.745985146595082 ], [ -2.431877619342595, 56.745977194146391 ], [ -2.431885093729793, 56.745969240667947 ], [ -2.431892567601954, 56.745961284501533 ], [ -2.431900031984905, 56.745953323988864 ], [ -2.431907477904466, 56.745945357471697 ], [ -2.431914896386471, 56.745937383291803 ], [ -2.431922278456764, 56.745929399790903 ], [ -2.431929615141186, 56.745921405310753 ], [ -2.431936897465591, 56.745913398193132 ], [ -2.431944116455838, 56.745905376779753 ], [ -2.431951263137794, 56.745897339412423 ], [ -2.431958328537327, 56.745889284432884 ], [ -2.431965303680313, 56.745881210182894 ], [ -2.431972179592643, 56.74587311500423 ], [ -2.431978947300204, 56.745864997238648 ], [ -2.431985597828895, 56.745856855227913 ], [ -2.431992122204621, 56.745848687313817 ], [ -2.431998511453294, 56.745840491838123 ], [ -2.432004759171129, 56.745832267625858 ], [ -2.432010869140822, 56.745824015417334 ], [ -2.432016847668243, 56.745815736427247 ], [ -2.432022701059253, 56.74580743187029 ], [ -2.432028435619707, 56.745799102961165 ], [ -2.432034057655461, 56.745790750914566 ], [ -2.432039573472363, 56.745782376945179 ], [ -2.432044989376259, 56.745773982267707 ], [ -2.432050311672988, 56.745765568096843 ], [ -2.432055546668385, 56.745757135647267 ], [ -2.432060700668279, 56.745748686133673 ], [ -2.432065779978499, 56.745740220770713 ], [ -2.432070790904866, 56.745731740773131 ], [ -2.432075739753196, 56.745723247355592 ], [ -2.432080632829298, 56.745714741732755 ], [ -2.432085476438984, 56.745706225119321 ], [ -2.432090276888052, 56.745697698729963 ], [ -2.432095040482298, 56.745689163779367 ], [ -2.432099773527518, 56.745680621482215 ], [ -2.432104482329493, 56.745672073053171 ], [ -2.43210917319401, 56.745663519706923 ], [ -2.432113852426843, 56.745654962658151 ], [ -2.432118526333767, 56.745646403121519 ], [ -2.432123201220544, 56.745637842311687 ], [ -2.432127883392939, 56.745629281443357 ], [ -2.432132579156705, 56.745620721731179 ], [ -2.432137294817601, 56.74561216438984 ], [ -2.432142036681364, 56.745603610633978 ], [ -2.432146811053742, 56.745595061678308 ], [ -2.432151624240469, 56.745586518737447 ], [ -2.432156482547275, 56.745577983026102 ], [ -2.432161392279888, 56.745569455758904 ], [ -2.43216635974403, 56.745560938150554 ], [ -2.432171391245415, 56.745552431415689 ], [ -2.432176493089758, 56.745543936768968 ], [ -2.432181671582764, 56.745535455425056 ], [ -2.432186933030136, 56.745526988598627 ], [ -2.432192283737568, 56.745518537504324 ], [ -2.432197730010755, 56.7455101033568 ], [ -2.432203278155385, 56.745501687370705 ], [ -2.432208934125127, 56.74549329070031 ], [ -2.43221469772139, 56.745484913444102 ], [ -2.432220563511684, 56.745476554802416 ], [ -2.432226525896691, 56.745468213946985 ], [ -2.432232579277092, 56.745459890049503 ], [ -2.432238718053574, 56.745451582281717 ], [ -2.432244936626834, 56.745443289815327 ], [ -2.432251229397566, 56.745435011822046 ], [ -2.432257590766473, 56.745426747473616 ], [ -2.432264015134263, 56.745418495941763 ], [ -2.432270496901644, 56.745410256398181 ], [ -2.432277030469332, 56.745402028014624 ], [ -2.432283610238049, 56.745393809962806 ], [ -2.432290230608515, 56.745385601414441 ], [ -2.432296885981461, 56.745377401541283 ], [ -2.432303570757616, 56.74536920951504 ], [ -2.432310279337722, 56.745361024507467 ], [ -2.432317006122516, 56.74535284569027 ], [ -2.432323745512742, 56.745344672235191 ], [ -2.432330491909153, 56.745336503313965 ], [ -2.432337239712503, 56.745328338098339 ], [ -2.432343983323547, 56.745320175760043 ], [ -2.432350717143047, 56.745312015470795 ], [ -2.432357435571771, 56.745303856402373 ], [ -2.43236413301049, 56.745295697726498 ], [ -2.432370803859977, 56.745287538614889 ], [ -2.432377442521012, 56.745279378239324 ], [ -2.432384043394377, 56.745271215771545 ], [ -2.432390600880861, 56.745263050383279 ], [ -2.432397109381256, 56.745254881246289 ], [ -2.432403563310317, 56.745246707534001 ], [ -2.432409959303387, 56.745238528687153 ], [ -2.432416298628528, 56.745230344704169 ], [ -2.432422583133641, 56.745222155653302 ], [ -2.432428814666618, 56.745213961602765 ], [ -2.432434995075359, 56.745205762620778 ], [ -2.432441126207761, 56.745197558775594 ], [ -2.432447209911708, 56.745189350135419 ], [ -2.432453248035098, 56.745181136768494 ], [ -2.43245924242582, 56.745172918743052 ], [ -2.432465194931761, 56.745164696127304 ], [ -2.432471107400806, 56.745156468989485 ], [ -2.432476981680841, 56.745148237397828 ], [ -2.432482819619751, 56.745140001420523 ], [ -2.432488623065417, 56.745131761125855 ], [ -2.43249439386572, 56.745123516582012 ], [ -2.432500133868537, 56.745115267857216 ], [ -2.432505844921749, 56.745107015019698 ], [ -2.432511528873228, 56.745098758137686 ], [ -2.432517187570851, 56.745090497279406 ], [ -2.432522822862488, 56.74508223251307 ], [ -2.432528436596013, 56.745073963906904 ], [ -2.432534030619297, 56.745065691529135 ], [ -2.432539606780204, 56.745057415447988 ], [ -2.432545166926602, 56.745049135731669 ], [ -2.432550712906357, 56.745040852448405 ], [ -2.432556246567334, 56.745032565666428 ], [ -2.432561769757392, 56.745024275453964 ], [ -2.432567284324391, 56.745015981879199 ], [ -2.432572792116191, 56.745007685010378 ], [ -2.43257829498065, 56.744999384915729 ], [ -2.432583794765623, 56.744991081663443 ], [ -2.432589293318966, 56.744982775321752 ], [ -2.432594792488527, 56.744974465958897 ], [ -2.432600294122161, 56.74496615364307 ], [ -2.432605800067715, 56.744957838442481 ], [ -2.43261131217304, 56.744949520425365 ], [ -2.432616832285978, 56.744941199659948 ], [ -2.432622362254376, 56.744932876214421 ], [ -2.432627903926079, 56.744924550157002 ], [ -2.432633459148924, 56.74491622155594 ], [ -2.432639029760894, 56.74490789051594 ], [ -2.432644617472382, 56.74489955761431 ], [ -2.432650223904902, 56.744891223757591 ], [ -2.43265585067815, 56.744882889859007 ], [ -2.43266149941183, 56.744874556831789 ], [ -2.432667171725641, 56.744866225589163 ], [ -2.432672869239276, 56.744857897044348 ], [ -2.432678593572436, 56.744849572110589 ], [ -2.432684346344813, 56.744841251701125 ], [ -2.432690129176106, 56.744832936729146 ], [ -2.432695943686009, 56.744824628107899 ], [ -2.432701791494214, 56.744816326750637 ], [ -2.432707674220417, 56.744808033570557 ], [ -2.432713593484304, 56.744799749480883 ], [ -2.43271955090557, 56.744791475394862 ], [ -2.432725548103907, 56.744783212225713 ], [ -2.432731586699001, 56.744774960886652 ], [ -2.432737668310542, 56.744766722290919 ], [ -2.432743794558218, 56.744758497351711 ], [ -2.43274996706172, 56.744750286982288 ], [ -2.432756187440729, 56.744742092095862 ], [ -2.432762457314934, 56.744733913605629 ], [ -2.432768778304019, 56.744725752424863 ], [ -2.43277515202767, 56.744717609466761 ], [ -2.43278158010557, 56.744709485644535 ], [ -2.432788064157404, 56.744701381871423 ], [ -2.432794605802853, 56.744693299060643 ], [ -2.432801206661599, 56.744685238125406 ], [ -2.432807868353327, 56.744677199978952 ], [ -2.432814592497716, 56.744669185534477 ], [ -2.432821380712906, 56.744661195704239 ], [ -2.432828233698464, 56.744653230812382 ], [ -2.432835149684262, 56.744645289601856 ], [ -2.432842126489363, 56.744637370552681 ], [ -2.432849161932835, 56.744629472144794 ], [ -2.432856253833746, 56.744621592858238 ], [ -2.432863400011168, 56.744613731172926 ], [ -2.432870598284168, 56.744605885568859 ], [ -2.432877846471817, 56.74459805452603 ], [ -2.432885142393187, 56.744590236524431 ], [ -2.43289248386735, 56.744582430044005 ], [ -2.432899868713378, 56.744574633564774 ], [ -2.432907294750346, 56.744566845566709 ], [ -2.432914759797326, 56.744559064529781 ], [ -2.432922261673397, 56.74455128893397 ], [ -2.432929798197629, 56.744543517259267 ], [ -2.432937367189102, 56.74453574798568 ], [ -2.43294496646689, 56.744527979593165 ], [ -2.432952593850072, 56.744520210561717 ], [ -2.432960247157726, 56.744512439371313 ], [ -2.43296792420893, 56.74450466450196 ], [ -2.432975622822763, 56.744496884433637 ], [ -2.432983340818303, 56.74448909764633 ], [ -2.432991076014633, 56.744481302620017 ], [ -2.432998826230829, 56.744473497834697 ], [ -2.433006589285976, 56.744465681770357 ], [ -2.433014362999156, 56.744457852907004 ], [ -2.433022145189447, 56.744450009724595 ], [ -2.433029933675937, 56.744442150703165 ], [ -2.433037726277704, 56.744434274322664 ], [ -2.433045520813835, 56.7444263790631 ], [ -2.433053315103413, 56.744418463404457 ], [ -2.433061106965525, 56.744410525826744 ], [ -2.433068894219254, 56.744402564809945 ], [ -2.433076674683687, 56.744394578834061 ], [ -2.433084446177912, 56.744386566379077 ], [ -2.433092206521014, 56.744378525925001 ], [ -2.433099953532083, 56.744370455951824 ], [ -2.433107685030207, 56.744362354939526 ], [ -2.433115398834473, 56.744354221368134 ], [ -2.433123092763975, 56.744346053717621 ], [ -2.433130762394586, 56.744337850881038 ], [ -2.433138391283718, 56.744329613964382 ], [ -2.433145958980726, 56.744321344811638 ], [ -2.433153445032216, 56.74431304526734 ], [ -2.433160828984806, 56.744304717176028 ], [ -2.433168090385145, 56.744296362382187 ], [ -2.433175208779891, 56.744287982730384 ], [ -2.433182163715729, 56.744279580065154 ], [ -2.433188934739359, 56.744271156231029 ], [ -2.433195501397506, 56.744262713072551 ], [ -2.433201843236912, 56.744254252434274 ], [ -2.433207939804338, 56.744245776160774 ], [ -2.433213770646567, 56.74423728609657 ], [ -2.433219315310401, 56.74422878408626 ], [ -2.433224553342662, 56.744220271974363 ], [ -2.433229464290191, 56.744211751605476 ], [ -2.433234027699853, 56.74420322482414 ], [ -2.433238223118525, 56.744194693474938 ], [ -2.433242030093107, 56.74418615940241 ], [ -2.433245428170521, 56.744177624451162 ], [ -2.433248396897705, 56.744169090465704 ], [ -2.433250915821613, 56.744160559290634 ], [ -2.433252964489224, 56.744152032770486 ], [ -2.433254522447533, 56.744143512749851 ], [ -2.433255569243547, 56.744135001073225 ], [ -2.433256084424302, 56.744126499585199 ], [ -2.433256047536844, 56.7441180101303 ], [ -2.433255438128235, 56.744109534553026 ], [ -2.433254235745557, 56.744101074697966 ], [ -2.43325241993591, 56.744092632409576 ], [ -2.433249970246406, 56.744084209532375 ], [ -2.433246868346932, 56.744075807811569 ], [ -2.433243131538805, 56.744067427325298 ], [ -2.433238806676379, 56.744059066769104 ], [ -2.433233941507693, 56.744050724796686 ], [ -2.433228583780753, 56.744042400061765 ], [ -2.433222781243512, 56.744034091218012 ], [ -2.43321658164389, 56.744025796919196 ], [ -2.433210032729758, 56.744017515819003 ], [ -2.433203182248955, 56.744009246571153 ], [ -2.433196077949269, 56.744000987829381 ], [ -2.433188767578456, 56.743992738247421 ], [ -2.433181298884223, 56.743984496479044 ], [ -2.433173719614242, 56.743976261177984 ], [ -2.433166077516149, 56.743968030998012 ], [ -2.433158420337528, 56.743959804592919 ], [ -2.433150795825938, 56.743951580616489 ], [ -2.43314325172888, 56.743943357722515 ], [ -2.433135835793833, 56.743935134564822 ], [ -2.433128595768225, 56.743926909797239 ], [ -2.43312157939945, 56.743918682073577 ], [ -2.433114834434855, 56.743910450047693 ], [ -2.43310840862175, 56.743902212373442 ], [ -2.43310234970741, 56.743893967704643 ], [ -2.43309670543906, 56.74388571469521 ], [ -2.433091523563889, 56.743877451998962 ], [ -2.433086851829046, 56.74386917826979 ], [ -2.433082737981636, 56.743860892161578 ], [ -2.433079229768723, 56.743852592328153 ], [ -2.433076374937327, 56.743844277423399 ], [ -2.433074221081962, 56.743835946106501 ], [ -2.433072791322639, 56.743827597890828 ], [ -2.433072057601202, 56.743819234075808 ], [ -2.433071985436627, 56.743810856185164 ], [ -2.433072540347918, 56.743802465742498 ], [ -2.433073687854116, 56.743794064271448 ], [ -2.433075393474281, 56.743785653295639 ], [ -2.43307762272751, 56.743777234338708 ], [ -2.433080341132929, 56.74376880892423 ], [ -2.433083514209688, 56.743760378575836 ], [ -2.433087107476977, 56.743751944817134 ], [ -2.43309108645401, 56.74374350917175 ], [ -2.433095416660034, 56.743735073163293 ], [ -2.433100063614327, 56.743726638315358 ], [ -2.433104992836199, 56.743718206151577 ], [ -2.433110169844991, 56.743709778195559 ], [ -2.433115560160073, 56.743701355970941 ], [ -2.433121129300852, 56.743692941001349 ], [ -2.433126842786758, 56.743684534810434 ], [ -2.433132666137263, 56.743676138921835 ], [ -2.43313856487194, 56.743667754859175 ], [ -2.433144510387875, 56.743659383777647 ], [ -2.433150495929918, 56.743651025462746 ], [ -2.433156519818327, 56.743642679381779 ], [ -2.433162580373358, 56.743634345002064 ], [ -2.433168675915267, 56.743626021790888 ], [ -2.433174804764317, 56.74361770921557 ], [ -2.433180965240764, 56.743609406743417 ], [ -2.433187155664873, 56.743601113841727 ], [ -2.433193374356904, 56.743592829977828 ], [ -2.433199619637121, 56.743584554619019 ], [ -2.43320588982579, 56.743576287232599 ], [ -2.433212183243178, 56.743568027285882 ], [ -2.433218498209548, 56.743559774246194 ], [ -2.43322483304517, 56.74355152758082 ], [ -2.433231186070315, 56.743543286757102 ], [ -2.433237555605253, 56.743535051242318 ], [ -2.433243939970253, 56.743526820503796 ], [ -2.433250337485592, 56.743518594008847 ], [ -2.43325674647154, 56.743510371224787 ], [ -2.433263165248373, 56.743502151618912 ], [ -2.433269592136369, 56.743493934658545 ], [ -2.433276025455803, 56.743485719811005 ], [ -2.433282463526953, 56.743477506543599 ], [ -2.433288904670097, 56.743469294323639 ], [ -2.433295347205519, 56.743461082618445 ], [ -2.433301789453497, 56.743452870895325 ], [ -2.433308229734316, 56.743444658621584 ], [ -2.433314666368259, 56.743436445264564 ], [ -2.43332109767561, 56.743428230291563 ], [ -2.433327521976656, 56.743420013169903 ], [ -2.433333937660754, 56.743411793388972 ], [ -2.433340344073188, 56.74340357074388 ], [ -2.433346741257349, 56.743395345252964 ], [ -2.433353129272532, 56.743387116939608 ], [ -2.433359508178032, 56.743378885827255 ], [ -2.433365878033142, 56.743370651939337 ], [ -2.433372238897158, 56.743362415299245 ], [ -2.433378590829378, 56.743354175930392 ], [ -2.433384933889095, 56.743345933856205 ], [ -2.433391268135602, 56.743337689100095 ], [ -2.433397593628196, 56.743329441685496 ], [ -2.433403910426172, 56.743321191635815 ], [ -2.433410218588823, 56.743312938974462 ], [ -2.433416518175448, 56.743304683724865 ], [ -2.433422809245339, 56.743296425910422 ], [ -2.433429091857789, 56.743288165554588 ], [ -2.433435366072094, 56.743279902680754 ], [ -2.433441631947549, 56.743271637312333 ], [ -2.433447889543452, 56.74326336947275 ], [ -2.433454138919093, 56.743255099185411 ], [ -2.433460380133768, 56.743246826473758 ], [ -2.433466613246772, 56.743238551361181 ], [ -2.433472838317396, 56.74323027387112 ], [ -2.433479055404941, 56.743221994026968 ], [ -2.433485264568697, 56.743213711852164 ], [ -2.43349146586796, 56.743205427370114 ], [ -2.433497659362025, 56.743197140604231 ], [ -2.433503845110183, 56.743188851577933 ], [ -2.433510023171732, 56.743180560314663 ], [ -2.433516193605965, 56.743172266837796 ], [ -2.433522356472176, 56.74316397117078 ], [ -2.43352851182966, 56.743155673337007 ], [ -2.43353465973771, 56.743147373359911 ], [ -2.433540800255622, 56.74313907126291 ], [ -2.433546933442687, 56.743130767069424 ], [ -2.4335530593582, 56.743122460802837 ], [ -2.43355917806146, 56.743114152486612 ], [ -2.433565289611754, 56.743105842144139 ], [ -2.43357139406838, 56.743097529798838 ], [ -2.43357749149063, 56.743089215474122 ], [ -2.433583581937801, 56.743080899193416 ], [ -2.433589665469183, 56.743072580980133 ], [ -2.433595742144074, 56.743064260857707 ], [ -2.433601812021763, 56.74305593884953 ], [ -2.433607875161545, 56.743047614979012 ], [ -2.43361393162272, 56.743039289269589 ], [ -2.433619981464572, 56.743030961744687 ], [ -2.433626024746402, 56.743022632427682 ], [ -2.4336320615275, 56.743014301342036 ], [ -2.433638091867162, 56.743005968511156 ], [ -2.433644115824678, 56.742997633958431 ], [ -2.433650133459346, 56.742989297707304 ], [ -2.433656144830454, 56.742980959781178 ], [ -2.433662149997301, 56.742972620203481 ], [ -2.433668149019178, 56.742964278997633 ], [ -2.433674141955379, 56.742955936187037 ], [ -2.433680128865196, 56.742947591795101 ], [ -2.433686109807923, 56.742939245845257 ], [ -2.433692084842853, 56.742930898360925 ], [ -2.433698054029282, 56.742922549365495 ], [ -2.433704017426498, 56.742914198882424 ], [ -2.433709975093799, 56.742905846935109 ], [ -2.433715927090475, 56.742897493546955 ], [ -2.433721873475822, 56.74288913874139 ], [ -2.433727814309131, 56.742880782541825 ], [ -2.433733749649693, 56.742872424971686 ], [ -2.433739679556805, 56.742864066054388 ], [ -2.433745604089758, 56.742855705813341 ], [ -2.433751523307846, 56.742847344271951 ], [ -2.433757437270363, 56.742838981453666 ], [ -2.433763346036597, 56.742830617381863 ], [ -2.433769249668353, 56.742822252083208 ], [ -2.433775148239118, 56.74281388559934 ], [ -2.43378104182579, 56.742805517976272 ], [ -2.433786930505264, 56.742797149260035 ], [ -2.433792139722398, 56.742789739159534 ] ] ], [ [ [ -2.429331869952329, 56.748883104054698 ], [ -2.429327858613965, 56.748888193277224 ], [ -2.429321388218981, 56.748896405875676 ], [ -2.429314919749155, 56.748904619544867 ], [ -2.429308453187644, 56.748912834272296 ], [ -2.429301988517607, 56.748921050045482 ], [ -2.429295525722203, 56.748929266851945 ], [ -2.429289064784596, 56.748937484679196 ], [ -2.429282605687935, 56.748945703514742 ], [ -2.429276148415388, 56.7489539233461 ], [ -2.429269692950109, 56.748962144160807 ], [ -2.429263239275258, 56.748970365946349 ], [ -2.429256787373997, 56.748978588690257 ], [ -2.42925033722948, 56.74898681238006 ], [ -2.429243888824868, 56.74899503700324 ], [ -2.429237442143318, 56.749003262547348 ], [ -2.429230997167994, 56.749011488999862 ], [ -2.42922455388205, 56.749019716348343 ], [ -2.429218112268647, 56.749027944580277 ], [ -2.429211672310944, 56.749036173683166 ], [ -2.429205233992098, 56.749044403644547 ], [ -2.42919879729527, 56.749052634451935 ], [ -2.42919236220362, 56.749060866092833 ], [ -2.429185928700302, 56.749069098554784 ], [ -2.429179496768479, 56.749077331825276 ], [ -2.429173066391308, 56.749085565891825 ], [ -2.429166637551949, 56.74909380074196 ], [ -2.429160210233559, 56.749102036363183 ], [ -2.4291537844193, 56.749110272743032 ], [ -2.42914736009233, 56.749118509869007 ], [ -2.429140937235803, 56.749126747728624 ], [ -2.429134515832885, 56.749134986309379 ], [ -2.429128095866729, 56.749143225598822 ], [ -2.429121677320498, 56.749151465584447 ], [ -2.429115260177347, 56.749159706253771 ], [ -2.429108844420437, 56.749167947594309 ], [ -2.429102430032926, 56.749176189593605 ], [ -2.429096016997975, 56.749184432239133 ], [ -2.429089605298739, 56.749192675518429 ], [ -2.429083194918382, 56.749200919419003 ], [ -2.429076785840056, 56.74920916392837 ], [ -2.429070378046925, 56.749217409034038 ], [ -2.429063971522145, 56.749225654723553 ], [ -2.429057566248876, 56.749233900984393 ], [ -2.429051162210274, 56.749242147804097 ], [ -2.429044759389503, 56.749250395170179 ], [ -2.429038357769721, 56.749258643070121 ], [ -2.429031957334082, 56.749266891491487 ], [ -2.429025558065745, 56.749275140421773 ], [ -2.429019159947874, 56.749283389848486 ], [ -2.429012762963624, 56.749291639759143 ], [ -2.429006367096154, 56.749299890141273 ], [ -2.428999972328624, 56.749308140982372 ], [ -2.42899357864419, 56.749316392269961 ], [ -2.428987186026012, 56.749324643991571 ], [ -2.428980794457252, 56.749332896134703 ], [ -2.428974403921063, 56.749341148686867 ], [ -2.428968014400607, 56.749349401635584 ], [ -2.428961625879041, 56.749357654968385 ], [ -2.428955238339526, 56.749365908672765 ], [ -2.428948851765219, 56.749374162736238 ], [ -2.428942466139277, 56.749382417146336 ], [ -2.428936081444861, 56.749390671890559 ], [ -2.42892969766513, 56.749398926956445 ], [ -2.428923314783242, 56.749407182331467 ], [ -2.428916932782354, 56.749415438003197 ], [ -2.428910551672227, 56.74942369396507 ], [ -2.428904171729297, 56.749431950270619 ], [ -2.428897793383802, 56.74944020700795 ], [ -2.428891417067834, 56.749448464265512 ], [ -2.428885043213488, 56.749456722131868 ], [ -2.428879247499356, 56.749464235013789 ], [ -2.428881308391734, 56.749461453643455 ], [ -2.42888746593542, 56.749453156680204 ], [ -2.428893632387835, 56.749444861432337 ], [ -2.428899808098286, 56.749436567940528 ], [ -2.428905993416074, 56.74942827624551 ], [ -2.428912188690502, 56.749419986387963 ], [ -2.428918394240243, 56.749411698405289 ], [ -2.428924610088013, 56.749403412303032 ], [ -2.428930836090729, 56.749395128068848 ], [ -2.42893707210348, 56.749386845690253 ], [ -2.42894331798136, 56.749378565154721 ], [ -2.428949573579458, 56.749370286449739 ], [ -2.428955838752864, 56.749362009562773 ], [ -2.428962113356673, 56.749353734481318 ], [ -2.428968397245973, 56.749345461192867 ], [ -2.428974690275857, 56.749337189684887 ], [ -2.428980992301414, 56.74932891994488 ], [ -2.42898730317774, 56.749320651960304 ], [ -2.428993622759924, 56.749312385718667 ], [ -2.428999950903058, 56.749304121207452 ], [ -2.429006287462235, 56.749295858414122 ], [ -2.429012632292547, 56.74928759732618 ], [ -2.429018985249087, 56.749279337931107 ], [ -2.429025346186945, 56.749271080216374 ], [ -2.429031714961218, 56.749262824169506 ], [ -2.429038091426991, 56.749254569777918 ], [ -2.429044475439366, 56.749246317029154 ], [ -2.429050866853428, 56.749238065910681 ], [ -2.429057265524277, 56.749229816409965 ], [ -2.429063671307, 56.749221568514521 ], [ -2.429070084056693, 56.749213322211808 ], [ -2.429076503628452, 56.749205077489314 ], [ -2.429082929877366, 56.749196834334541 ], [ -2.429089362658531, 56.74918859273496 ], [ -2.429095801827039, 56.749180352678053 ], [ -2.429102247237985, 56.749172114151321 ], [ -2.429108698746464, 56.749163877142237 ], [ -2.429115156207569, 56.749155641638261 ], [ -2.429121619476393, 56.749147407626921 ], [ -2.429128088408031, 56.749139175095685 ], [ -2.429134562857579, 56.749130944032011 ], [ -2.429141042680132, 56.749122714423443 ], [ -2.429147527730783, 56.74911448625739 ], [ -2.429154017864626, 56.749106259521398 ], [ -2.429160512936758, 56.749098034202937 ], [ -2.429167012802272, 56.749089810289483 ], [ -2.429173517316265, 56.749081587768515 ], [ -2.429180026333832, 56.74907336662752 ], [ -2.429186539710066, 56.749065146854001 ], [ -2.429193057300064, 56.749056928435429 ], [ -2.429199578958924, 56.749048711359286 ], [ -2.42920610454174, 56.749040495613073 ], [ -2.429212633903606, 56.749032281184256 ], [ -2.42921916689962, 56.749024068060322 ], [ -2.429225703384877, 56.749015856228766 ], [ -2.429232243214474, 56.749007645677082 ], [ -2.429238786243509, 56.748999436392729 ], [ -2.429245332327075, 56.748991228363224 ], [ -2.429251881320269, 56.748983021576002 ], [ -2.429258433078191, 56.748974816018595 ], [ -2.429264987455935, 56.748966611678476 ], [ -2.429271544308597, 56.748958408543139 ], [ -2.429278103491276, 56.748950206600028 ], [ -2.429284664859071, 56.748942005836668 ], [ -2.429291228267076, 56.748933806240558 ], [ -2.429297793570387, 56.748925607799144 ], [ -2.429304360624106, 56.748917410499928 ], [ -2.429310929283327, 56.748909214330396 ], [ -2.429317499403149, 56.748901019278044 ], [ -2.42932407083867, 56.748892825330323 ], [ -2.42933064344499, 56.748884632474748 ], [ -2.429331869952329, 56.748883104054698 ] ] ], [ [ [ -2.428560666406057, 56.74989972013794 ], [ -2.428556488230174, 56.749906004804579 ], [ -2.428550915184225, 56.749914432513577 ], [ -2.428545368797586, 56.749922865787966 ], [ -2.428539849502366, 56.749931304716256 ], [ -2.428534357730679, 56.749939749386954 ], [ -2.428528893914635, 56.749948199888564 ], [ -2.42852345848635, 56.749956656309621 ], [ -2.428518051877932, 56.749965118738615 ], [ -2.428512674521498, 56.749973587264058 ], [ -2.42850732684916, 56.749982061974499 ], [ -2.428502009293033, 56.749990542958422 ], [ -2.42849672228523, 56.749999030304352 ], [ -2.428491466078344, 56.750007524059804 ], [ -2.428486236811056, 56.750016023333671 ], [ -2.42848102651649, 56.75002452629797 ], [ -2.428475827049921, 56.750033031084165 ], [ -2.428470630266616, 56.750041535823691 ], [ -2.428465428021837, 56.750050038648013 ], [ -2.428460212170837, 56.750058537688602 ], [ -2.428454974568864, 56.750067031076895 ], [ -2.428449707071163, 56.750075516944328 ], [ -2.428444401532964, 56.750083993422379 ], [ -2.428439049809503, 56.750092458642477 ], [ -2.428433643755999, 56.750100910736052 ], [ -2.42842817522767, 56.750109347834581 ], [ -2.42842263607973, 56.750117768069494 ], [ -2.428417018167381, 56.750126169572219 ], [ -2.428411313345825, 56.750134550474215 ], [ -2.428405513470252, 56.750142908906895 ], [ -2.428399610395855, 56.750151243001717 ], [ -2.428393595977814, 56.750159550890096 ], [ -2.428387462071304, 56.750167830703482 ], [ -2.428381200531498, 56.750176080573311 ], [ -2.428374803213564, 56.750184298630984 ], [ -2.428368261972659, 56.750192483007922 ], [ -2.428361568663941, 56.750200631835582 ], [ -2.42835471514256, 56.750208743245359 ], [ -2.428347693263667, 56.750216815368695 ], [ -2.428340494882399, 56.750224846336977 ], [ -2.428333111853894, 56.750232834281647 ], [ -2.428325536033287, 56.750240777334078 ], [ -2.428317759275706, 56.750248673625713 ], [ -2.428309777264792, 56.750256521760882 ], [ -2.428301663873495, 56.750264330002679 ], [ -2.428298628388303, 56.7502672484637 ], [ -2.42830177613748, 56.750261541600963 ], [ -2.428306541541933, 56.75025310363381 ], [ -2.428311418213088, 56.750244673938212 ], [ -2.428316404940694, 56.750236252383004 ], [ -2.428321497495564, 56.750227838657615 ], [ -2.428326691620508, 56.750219432449832 ], [ -2.428331983058333, 56.750211033447449 ], [ -2.42833736755185, 56.750202641338277 ], [ -2.428342840843875, 56.750194255810079 ], [ -2.42834839867723, 56.750185876550646 ], [ -2.428354036794734, 56.750177503247798 ], [ -2.428359750939215, 56.750169135589303 ], [ -2.428365536853502, 56.750160773262962 ], [ -2.428371390280433, 56.750152415956549 ], [ -2.428377306962844, 56.750144063357908 ], [ -2.428383282643574, 56.750135715154769 ], [ -2.428389313065466, 56.750127371034985 ], [ -2.428395393971373, 56.750119030686328 ], [ -2.428401521104144, 56.7501106937966 ], [ -2.428407690206637, 56.750102360053589 ], [ -2.428413897021709, 56.750094029145117 ], [ -2.428420137292222, 56.750085700758966 ], [ -2.428426406761041, 56.750077374582936 ], [ -2.428432701171037, 56.750069050304838 ], [ -2.428439016265085, 56.750060727612478 ], [ -2.428445347786059, 56.750052406193653 ], [ -2.428451691476841, 56.750044085736164 ], [ -2.428458043080313, 56.750035765927841 ], [ -2.428464398339362, 56.75002744645645 ], [ -2.428470752996883, 56.750019127009828 ], [ -2.428477102795764, 56.750010807275778 ], [ -2.428483443478906, 56.750002486942108 ], [ -2.428489771231667, 56.749994165730527 ], [ -2.42849608519151, 56.749985843588888 ], [ -2.428502385704129, 56.749977520557628 ], [ -2.42850867311884, 56.749969196677476 ], [ -2.428514947784968, 56.749960871989096 ], [ -2.428521210051828, 56.749952546533223 ], [ -2.428527460268743, 56.74994422035055 ], [ -2.428533698785034, 56.749935893481769 ], [ -2.428539925950015, 56.749927565967631 ], [ -2.42854614211301, 56.749919237848772 ], [ -2.428552347623332, 56.749910909165962 ], [ -2.428558542830304, 56.749902579959894 ], [ -2.428560666406057, 56.74989972013794 ] ] ], [ [ [ -2.428248079649722, 56.750371006437113 ], [ -2.428249790235727, 56.75037850584043 ], [ -2.428252187896645, 56.750387292358063 ], [ -2.428254821393573, 56.750396121989503 ], [ -2.428257520090168, 56.750404980928842 ], [ -2.428260113349932, 56.750413855370084 ], [ -2.428262430536198, 56.750422731507342 ], [ -2.428264301012137, 56.750431595534664 ], [ -2.428265556725315, 56.750440433836339 ], [ -2.428266118628876, 56.750449239347176 ], [ -2.428266017068274, 56.75045801305285 ], [ -2.428265289105339, 56.750466756433312 ], [ -2.428263971801922, 56.750475470968546 ], [ -2.428262102219927, 56.750484158138477 ], [ -2.428259717421283, 56.750492819423052 ], [ -2.428256854467959, 56.750501456302217 ], [ -2.42825355042196, 56.750510070255928 ], [ -2.428249842345322, 56.750518662764115 ], [ -2.428245767300118, 56.750527235306699 ], [ -2.428241362348452, 56.750535789363639 ], [ -2.428236664552471, 56.750544326414875 ], [ -2.428231710974344, 56.750552847940362 ], [ -2.428226538676275, 56.750561355420047 ], [ -2.428221184720506, 56.750569850333896 ], [ -2.428215686169312, 56.750578334161858 ], [ -2.428210080084998, 56.750586808383922 ], [ -2.428204403529896, 56.750595274480048 ], [ -2.428198693566379, 56.750603733930241 ], [ -2.428192987256737, 56.750612188214475 ], [ -2.428187315584093, 56.750620638713052 ], [ -2.428181687128034, 56.750629086438828 ], [ -2.428176105308462, 56.750637532320042 ], [ -2.428170573545284, 56.750645977284947 ], [ -2.428165095258416, 56.750654422261782 ], [ -2.428159673867765, 56.750662868178772 ], [ -2.428154312793243, 56.750671315964176 ], [ -2.428149015454775, 56.75067976654622 ], [ -2.428143785272275, 56.750688220853178 ], [ -2.42813862566567, 56.750696679813267 ], [ -2.428133540054885, 56.75070514435474 ], [ -2.428128531859845, 56.750713615405836 ], [ -2.428123604500481, 56.750722093894808 ], [ -2.428118761396728, 56.750730580749909 ], [ -2.428114005968522, 56.750739076899357 ], [ -2.428109341635799, 56.750747583271433 ], [ -2.428104771818503, 56.750756100794376 ], [ -2.428100299936576, 56.750764630396404 ], [ -2.428095929409966, 56.750773173005797 ], [ -2.42809166365862, 56.750781729550788 ], [ -2.428087506102499, 56.750790300959643 ], [ -2.42808346016155, 56.750798888160574 ], [ -2.428079529255736, 56.750807492081869 ], [ -2.428075716805014, 56.750816113651751 ], [ -2.428072026229353, 56.750824753798462 ], [ -2.428068460948721, 56.75083341345028 ], [ -2.428065024383089, 56.750842093535447 ], [ -2.428061719952426, 56.750850794982199 ], [ -2.428058551076713, 56.750859518718784 ], [ -2.428055521175933, 56.750868265673461 ], [ -2.42805262241564, 56.750877032360549 ], [ -2.428049760083427, 56.750885781221207 ], [ -2.428046799031055, 56.750894458837898 ], [ -2.428043603885093, 56.750903011704779 ], [ -2.428040039272001, 56.750911386315998 ], [ -2.428035969818146, 56.750919529165678 ], [ -2.428031260149826, 56.750927386747925 ], [ -2.428025774893272, 56.750934905556775 ], [ -2.428019378674677, 56.7509420320863 ], [ -2.428011936120225, 56.750948712830464 ], [ -2.428003314298369, 56.7509548953227 ], [ -2.427993493339816, 56.750960575219246 ], [ -2.427982611684427, 56.750965815557613 ], [ -2.427970819586425, 56.75097068440391 ], [ -2.427958267300096, 56.750975249824243 ], [ -2.427945105079739, 56.750979579884792 ], [ -2.427931483179666, 56.750983742651769 ], [ -2.427917551854168, 56.750987806191461 ], [ -2.42790346135751, 56.750991838570229 ], [ -2.427889361943919, 56.750995907854431 ], [ -2.42787540386759, 56.7510000821106 ], [ -2.427861737382683, 56.751004429405249 ], [ -2.427848512743338, 56.751009017804989 ], [ -2.427835880203687, 56.75101391537649 ], [ -2.427823988238862, 56.751019189345186 ], [ -2.427812907717611, 56.751024870236641 ], [ -2.4278026035163, 56.751030938452928 ], [ -2.427793032881635, 56.751037370787955 ], [ -2.427784153060376, 56.751044144035625 ], [ -2.427775921299296, 56.751051234989845 ], [ -2.427768294845203, 56.751058620444461 ], [ -2.427761230944911, 56.751066277193353 ], [ -2.427754686845249, 56.751074182030308 ], [ -2.42774861979304, 56.751082311749158 ], [ -2.427742987035113, 56.751090643143691 ], [ -2.427737745818279, 56.751099153007715 ], [ -2.427732853389343, 56.751107818134976 ], [ -2.427728266995085, 56.751116615319276 ], [ -2.427723943882266, 56.751125521354339 ], [ -2.42771984129763, 56.751134513033918 ], [ -2.427715916487882, 56.751143567151757 ], [ -2.427712126699702, 56.751152660501603 ], [ -2.427708429179745, 56.75116176987715 ], [ -2.427704781174628, 56.751170872072159 ], [ -2.427701141082019, 56.75117994454682 ], [ -2.427697488768644, 56.751188977192463 ], [ -2.427693823110253, 56.751197970907072 ], [ -2.427690143639389, 56.751206926968933 ], [ -2.42768644988859, 56.751215846656336 ], [ -2.427682741390399, 56.751224731247554 ], [ -2.427679017677354, 56.75123358202088 ], [ -2.427675278281993, 56.751242400254611 ], [ -2.427671522736857, 56.75125118722702 ], [ -2.427667750574478, 56.751259944216379 ], [ -2.427663961327395, 56.751268672500984 ], [ -2.42766015452814, 56.751277373359144 ], [ -2.427656329709251, 56.751286048069112 ], [ -2.427652486403257, 56.751294697909188 ], [ -2.427648624142694, 56.751303324157654 ], [ -2.427644742460089, 56.75131192809279 ], [ -2.427640840887979, 56.751320510992883 ], [ -2.42763691895889, 56.751329074136223 ], [ -2.427632976205351, 56.751337618801088 ], [ -2.427629012159891, 56.751346146265746 ], [ -2.427625026355035, 56.751354657808513 ], [ -2.427621018323311, 56.751363154707668 ], [ -2.427616987597245, 56.751371638241487 ], [ -2.427612933709359, 56.751380109688228 ], [ -2.427608856192179, 56.751388570326235 ], [ -2.427604754578225, 56.751397021433739 ], [ -2.427600628400022, 56.751405464289043 ], [ -2.427596477190089, 56.751413900170427 ], [ -2.427592300480943, 56.751422330356171 ], [ -2.427588097805109, 56.75143075612457 ], [ -2.4275838686951, 56.751439178753913 ], [ -2.427579612683434, 56.751447599522457 ], [ -2.427575329302627, 56.751456019708499 ], [ -2.427571018085195, 56.751464440590333 ], [ -2.427566678563652, 56.751472863446224 ], [ -2.42756231027051, 56.751481289554448 ], [ -2.427557912738282, 56.751489720193319 ], [ -2.427553485499478, 56.751498156641098 ], [ -2.427549028086609, 56.751506600176079 ], [ -2.427544540032183, 56.75151505207652 ], [ -2.427540020936291, 56.751523513631177 ], [ -2.427535477992592, 56.75153198730203 ], [ -2.427530932838184, 56.751540477782868 ], [ -2.427526408727954, 56.751548990017326 ], [ -2.427521928916804, 56.751557528949135 ], [ -2.427517516659648, 56.751566099521973 ], [ -2.427513195211431, 56.751574706679513 ], [ -2.427508987827105, 56.751583355365504 ], [ -2.427504917761653, 56.751592050523634 ], [ -2.427501008270068, 56.751600797097616 ], [ -2.427497282607369, 56.751609600031166 ], [ -2.427493764028603, 56.75161846426797 ], [ -2.427490475788819, 56.751627394751793 ], [ -2.42748744114311, 56.751636396426306 ], [ -2.427484683346578, 56.751645474235268 ], [ -2.427482225654355, 56.751654633122371 ], [ -2.427480091321598, 56.751663878031344 ], [ -2.427478303603486, 56.751673213905917 ], [ -2.427476885755229, 56.75168264568979 ], [ -2.427475861032061, 56.751692178326699 ], [ -2.427475252689248, 56.751701816760338 ], [ -2.427475057214465, 56.75171154967704 ], [ -2.427475151264958, 56.751721292983746 ], [ -2.427475377979012, 56.751730942229642 ], [ -2.427475580493169, 56.751740392962922 ], [ -2.42747560194381, 56.751749540731829 ], [ -2.427475285467177, 56.751758281084591 ], [ -2.42747447419938, 56.7517665095694 ], [ -2.427473011276442, 56.751774121734456 ], [ -2.427470739834325, 56.751781013127982 ], [ -2.427467503008991, 56.751787079298104 ], [ -2.427463143936451, 56.751792215792953 ], [ -2.42730977951146, 56.751763644122875 ], [ -2.427416104830068, 56.751781959543344 ], [ -2.427421592346115, 56.751777618171054 ], [ -2.427425692219878, 56.751772128227962 ], [ -2.42742859194112, 56.751765620282598 ], [ -2.427430478999723, 56.751758224903334 ], [ -2.427431540885613, 56.751750072658567 ], [ -2.42743196508868, 56.751741294116634 ], [ -2.427431939098715, 56.751732019845868 ], [ -2.427431650405385, 56.751722380414606 ], [ -2.427431286498166, 56.751712506391144 ], [ -2.427431034866356, 56.751702528343834 ], [ -2.427431082778316, 56.751692576698105 ], [ -2.427431559963408, 56.751682744630649 ], [ -2.427432462046826, 56.751673038503725 ], [ -2.427433765586444, 56.751663452335954 ], [ -2.427435447140183, 56.751653980146003 ], [ -2.42743748326598, 56.751644615952529 ], [ -2.427439850521803, 56.751635353774184 ], [ -2.427442525465651, 56.75162618762959 ], [ -2.427445484655546, 56.751617111537442 ], [ -2.42744870464953, 56.751608119516355 ], [ -2.427452162005682, 56.751599205584995 ], [ -2.42745583328209, 56.751590363761999 ], [ -2.42745969503687, 56.751581588066045 ], [ -2.427463723828161, 56.751572872515766 ], [ -2.42746789621412, 56.751564211129846 ], [ -2.427472188752925, 56.751555597926924 ], [ -2.427476578002775, 56.751547026925699 ], [ -2.427481040521884, 56.751538492144782 ], [ -2.42748555286849, 56.751529987602908 ], [ -2.427490091600843, 56.751521507318714 ], [ -2.427494633277223, 56.751513045310894 ], [ -2.427499157358385, 56.751504596172602 ], [ -2.42750365866697, 56.751496157537495 ], [ -2.427508137088831, 56.751487728041418 ], [ -2.427512592512949, 56.751479306320753 ], [ -2.4275170248283, 56.751470891011977 ], [ -2.427521433923855, 56.751462480751499 ], [ -2.427525819688597, 56.751454074175747 ], [ -2.42753018201149, 56.751445669921168 ], [ -2.427534520781514, 56.751437266624151 ], [ -2.427538835887639, 56.751428862921159 ], [ -2.427543127218842, 56.751420457448624 ], [ -2.42754739466409, 56.751412048842965 ], [ -2.427551638112353, 56.751403635740608 ], [ -2.427555857452608, 56.751395216777986 ], [ -2.427560052573821, 56.751386790591539 ], [ -2.427564223364965, 56.751378355817678 ], [ -2.42756836971501, 56.751369911092837 ], [ -2.427572491512922, 56.751361455053463 ], [ -2.427576588647669, 56.751352986335981 ], [ -2.427580661008223, 56.751344503576803 ], [ -2.427584708483551, 56.751336005412362 ], [ -2.427588730962618, 56.751327490479106 ], [ -2.427592728334393, 56.751318957413446 ], [ -2.427596700487841, 56.751310404851829 ], [ -2.427600647311931, 56.751301831430666 ], [ -2.427604568695627, 56.751293235786399 ], [ -2.427608464527895, 56.751284616555459 ], [ -2.427612334697697, 56.751275972374245 ], [ -2.427616179094003, 56.751267301879231 ], [ -2.427619997605774, 56.75125860370683 ], [ -2.427623790121975, 56.751249876493461 ], [ -2.42762755653157, 56.751241118875555 ], [ -2.427631296723523, 56.751232329489532 ], [ -2.427635010586795, 56.751223506971861 ], [ -2.427638698010349, 56.751214649958939 ], [ -2.427642358883151, 56.751205757087206 ], [ -2.42764599309416, 56.751196826993095 ], [ -2.42764960053234, 56.751187858313003 ], [ -2.427653181086653, 56.751178849683406 ], [ -2.427656734646058, 56.751169799740708 ], [ -2.427660262208004, 56.751160707744482 ], [ -2.4276637869095, 56.751151585400358 ], [ -2.427667352309242, 56.751142455894225 ], [ -2.427671002730116, 56.751133342841619 ], [ -2.427674782494966, 56.751124269858082 ], [ -2.427678735926607, 56.751115260559096 ], [ -2.427682907347823, 56.751106338560199 ], [ -2.427687341081368, 56.751097527476865 ], [ -2.427692081449976, 56.751088850924589 ], [ -2.427697172776346, 56.751080332518875 ], [ -2.427702659383172, 56.751071995875186 ], [ -2.427708585593122, 56.75106386460898 ], [ -2.427714995728858, 56.751055962335712 ], [ -2.427721934113041, 56.751048312670804 ], [ -2.427729445068323, 56.751040939229689 ], [ -2.427737572917377, 56.751033865627761 ], [ -2.427746361982879, 56.751027115480412 ], [ -2.427755856587538, 56.751020712402983 ], [ -2.427766101054082, 56.751014680010819 ], [ -2.42777713970529, 56.751009041919225 ], [ -2.427789007543061, 56.751003817397383 ], [ -2.427801628835563, 56.7509989740823 ], [ -2.42781485526416, 56.750994445765791 ], [ -2.427828537247932, 56.750990165651061 ], [ -2.42784252520594, 56.750986066941451 ], [ -2.427856669557237, 56.750982082840324 ], [ -2.427870820720835, 56.750978146551113 ], [ -2.427884829115711, 56.750974191277336 ], [ -2.427898545160809, 56.750970150222564 ], [ -2.427911819275046, 56.750965956590427 ], [ -2.427924501877311, 56.75096154358463 ], [ -2.427936443386502, 56.750956844408911 ], [ -2.427947494221529, 56.750951792267074 ], [ -2.427957504801352, 56.750946320362956 ], [ -2.427966328507853, 56.750940363106302 ], [ -2.427973937956157, 56.750933903435964 ], [ -2.42798046303571, 56.750926988302822 ], [ -2.427986044390399, 56.750919669034943 ], [ -2.427990822664086, 56.750911996960255 ], [ -2.427994938500607, 56.75090402340674 ], [ -2.427998532543729, 56.75089579970227 ], [ -2.428001745437143, 56.750887377174735 ], [ -2.428004717824449, 56.750878807151977 ], [ -2.428007590349144, 56.750870140961851 ], [ -2.428010503654613, 56.750861429932158 ], [ -2.428013579636134, 56.75085271893353 ], [ -2.428016841228899, 56.75084401875263 ], [ -2.428020278835791, 56.750835328971299 ], [ -2.428023882840202, 56.750826649164715 ], [ -2.428027643625529, 56.750817978907961 ], [ -2.428031551575185, 56.750809317776209 ], [ -2.428035597072587, 56.750800665344599 ], [ -2.428039770501162, 56.750792021188282 ], [ -2.428044062244347, 56.750783384882396 ], [ -2.428048462685585, 56.75077475600208 ], [ -2.428052962208331, 56.750766134122486 ], [ -2.428057551196045, 56.750757518818759 ], [ -2.4280622200322, 56.750748909666022 ], [ -2.428066959100272, 56.750740306239479 ], [ -2.428071758783753, 56.750731708114238 ], [ -2.428076609466132, 56.750723114865451 ], [ -2.428081501530921, 56.750714526068307 ], [ -2.428086425361631, 56.75070594129793 ], [ -2.42809137134178, 56.7506973601295 ], [ -2.428096329854904, 56.750688782138155 ], [ -2.428101291284538, 56.750680206899077 ], [ -2.42810624601423, 56.750671633987395 ], [ -2.428111184427538, 56.750663062978333 ], [ -2.42811609690802, 56.75065449344698 ], [ -2.428120973839255, 56.750645924968559 ], [ -2.42812580560482, 56.750637357118222 ], [ -2.428130582588307, 56.750628789471143 ], [ -2.42813529517331, 56.750620221602496 ], [ -2.428139933743442, 56.750611653087439 ], [ -2.42814448868231, 56.750603083501161 ], [ -2.428148951453187, 56.750594512467863 ], [ -2.428153322582801, 56.750585940023406 ], [ -2.428157607126912, 56.750577366409289 ], [ -2.428161810174795, 56.750568791868581 ], [ -2.428165936815716, 56.750560216644331 ], [ -2.42816999213894, 56.75055164097958 ], [ -2.428173981233723, 56.75054306511737 ], [ -2.428177909189321, 56.750534489300783 ], [ -2.428181781094982, 56.750525913772819 ], [ -2.428185602039948, 56.75051733877654 ], [ -2.428189377113465, 56.750508764555015 ], [ -2.428193111404765, 56.750500191351243 ], [ -2.42819681000308, 56.750491619408322 ], [ -2.428200477997635, 56.750483048969244 ], [ -2.428204120477658, 56.750474480277077 ], [ -2.42820774253236, 56.750465913574864 ], [ -2.428211349250962, 56.750457349105631 ], [ -2.428214945722664, 56.750448787112418 ], [ -2.428218537036676, 56.750440227838283 ], [ -2.428222128282196, 56.75043167152625 ], [ -2.42822572454842, 56.750423118419356 ], [ -2.428229330924537, 56.750414568760661 ], [ -2.428232952499739, 56.750406022793157 ], [ -2.428236594363199, 56.750397480759915 ], [ -2.428240261604103, 56.750388942903975 ], [ -2.428243959311617, 56.750380409468342 ], [ -2.428247692574914, 56.750371880696058 ], [ -2.428248079649722, 56.750371006437113 ] ] ] ] } },
{ "type": "Feature", "properties": { "Poly_ID": "UncertaintyLower_1", "Method": "Open", "Timeseries": "VEdge", "Scenario": 8, "Year": 2040, "UncertaintyInterval": 68, "LowerQ": 16.0, "UpperQ": 84.0 }, "geometry": { "type": "Polygon", "coordinates": [ [ [ -2.447991012994593, 56.711740266436003 ], [ -2.448076071361559, 56.711665326221272 ], [ -2.448080193864436, 56.711656228001203 ], [ -2.448084244441952, 56.7116472089347 ], [ -2.448088408218684, 56.711638353226853 ], [ -2.44809287031908, 56.711629745082803 ], [ -2.448097815867448, 56.711621468707605 ], [ -2.44810342998802, 56.711613608306266 ], [ -2.448109897804942, 56.711606248083825 ], [ -2.448117404442345, 56.71159947224519 ], [ -2.448126135024373, 56.711593364995267 ], [ -2.448136274675009, 56.711588010538705 ], [ -2.448147930346079, 56.711583458390166 ], [ -2.448160909930535, 56.711579625352982 ], [ -2.448174949816918, 56.711576396499495 ], [ -2.448189786393811, 56.711573656902182 ], [ -2.448205156049764, 56.711571291633568 ], [ -2.448220795173253, 56.711569185766351 ], [ -2.44823644015264, 56.711567224373312 ], [ -2.448251827376151, 56.711565292527375 ], [ -2.448266693231884, 56.711563275301643 ], [ -2.448280774107814, 56.711561057769238 ], [ -2.448293806391825, 56.71155852500349 ], [ -2.448305526471761, 56.711555562077763 ], [ -2.448315670735478, 56.711552054065521 ], [ -2.44832397557093, 56.711547886040194 ], [ -2.448330215545909, 56.711542956650902 ], [ -2.448334496833122, 56.711537282456128 ], [ -2.448337096050464, 56.711530940619816 ], [ -2.448338291215674, 56.711524008803529 ], [ -2.44833836034645, 56.711516564668749 ], [ -2.448337581460374, 56.711508685876971 ], [ -2.448336232574856, 56.711500450089623 ], [ -2.448334591707094, 56.711491934968187 ], [ -2.448332936874041, 56.711483218174088 ], [ -2.448331546092379, 56.711474377368845 ], [ -2.44833069737852, 56.711465490213939 ], [ -2.448330668748595, 56.711456634370847 ], [ -2.448331738218477, 56.711447887501095 ], [ -2.448334128445533, 56.711439313742204 ], [ -2.448337789833033, 56.711430910720743 ], [ -2.448342589228016, 56.711422655650686 ], [ -2.448348393455454, 56.711414525740487 ], [ -2.448355069340447, 56.71140649819867 ], [ -2.448362483708198, 56.711398550233731 ], [ -2.448370503384026, 56.711390659054167 ], [ -2.448378995193342, 56.711382801868552 ], [ -2.448387825961655, 56.711374955885454 ], [ -2.448396862546262, 56.711367098324146 ], [ -2.44840600728522, 56.711359218377844 ], [ -2.448415265977446, 56.711351340155296 ], [ -2.448424663177628, 56.711343494094734 ], [ -2.448434223440464, 56.711335710634536 ], [ -2.448443971320672, 56.711328020212925 ], [ -2.448453931372975, 56.711320453268236 ], [ -2.448464128152113, 56.71131304023875 ], [ -2.448474586212849, 56.711305811562717 ], [ -2.448485330109967, 56.711298797678396 ], [ -2.448496384385709, 56.711292029011453 ], [ -2.448507762666976, 56.711285525038519 ], [ -2.448519447703546, 56.711279274264093 ], [ -2.448531416823679, 56.711273259754414 ], [ -2.44854364735564, 56.711267464575734 ], [ -2.448556116627694, 56.711261871794356 ], [ -2.448568801968102, 56.711256464476534 ], [ -2.448581680705132, 56.711251225688557 ], [ -2.448594730167035, 56.711246138496705 ], [ -2.448607927682067, 56.711241185967324 ], [ -2.448621250578463, 56.711236351166683 ], [ -2.448634676184461, 56.711231617161118 ], [ -2.448648181828279, 56.711226967016941 ], [ -2.44866174483813, 56.711222383800532 ], [ -2.44867534254221, 56.711217850578208 ], [ -2.448688952268704, 56.711213350416322 ], [ -2.448702551345779, 56.711208866381277 ], [ -2.448716117101595, 56.711204381539424 ], [ -2.448729626864298, 56.711199878957146 ], [ -2.448743057962014, 56.711195341700879 ], [ -2.448756387722862, 56.711190752836998 ], [ -2.44876959347495, 56.711186095431927 ], [ -2.448782652546369, 56.711181352552089 ], [ -2.448795542265206, 56.711176507263936 ], [ -2.448808239959532, 56.711171542633899 ], [ -2.448820722957417, 56.711166441728437 ], [ -2.448832968586922, 56.71116118761401 ], [ -2.448844954176107, 56.711155763357084 ], [ -2.448856657053027, 56.711150152024132 ], [ -2.448868054545737, 56.711144336681642 ], [ -2.448879123982297, 56.711138300396108 ], [ -2.448889842690775, 56.711132026233983 ], [ -2.448900187999243, 56.71112549726184 ], [ -2.448910137235787, 56.711118696546123 ], [ -2.448919676920949, 56.711111613600266 ], [ -2.448928882676611, 56.711104300426939 ], [ -2.448937880164822, 56.71109684412329 ], [ -2.448946795602982, 56.711089332175973 ], [ -2.448955755208478, 56.711081852071608 ], [ -2.448964885198679, 56.711074491296728 ], [ -2.448974311790941, 56.71106733733783 ], [ -2.448984161202623, 56.711060477681478 ], [ -2.448994559651095, 56.711053999814062 ], [ -2.449005633353766, 56.711047991221996 ], [ -2.44901750852811, 56.71104253939162 ], [ -2.449030268458387, 56.711037705059603 ], [ -2.449043809030203, 56.711033432203934 ], [ -2.449057975012382, 56.711029632954329 ], [ -2.449072611172569, 56.711026219439802 ], [ -2.449087562278375, 56.711023103789479 ], [ -2.449102673097334, 56.711020198132537 ], [ -2.449117788396903, 56.711017414598217 ], [ -2.449132752944436, 56.711014665315858 ], [ -2.449147411507204, 56.711011862414843 ], [ -2.449161608852386, 56.711008918024675 ], [ -2.449175189747079, 56.711005744274857 ], [ -2.449187998958331, 56.711002253295021 ], [ -2.449199881253159, 56.710998357214791 ], [ -2.449210681398589, 56.710993968163905 ], [ -2.449220244161693, 56.710988998271993 ], [ -2.449228433429908, 56.71098336910751 ], [ -2.449235297691226, 56.710977093365891 ], [ -2.449240988783852, 56.710970234760843 ], [ -2.449245659681652, 56.710962857566635 ], [ -2.449249463358484, 56.710955026057455 ], [ -2.449252552788187, 56.710946804507422 ], [ -2.449255080944532, 56.710938257190719 ], [ -2.449257200801197, 56.710929448381407 ], [ -2.449259065331764, 56.710920442353583 ], [ -2.44926082750968, 56.710911303381337 ], [ -2.449262640308269, 56.710902095738696 ], [ -2.44926465670071, 56.710892883699778 ], [ -2.449267025594867, 56.710883729941813 ], [ -2.449269810451885, 56.710874663578714 ], [ -2.449272993534046, 56.710865681829645 ], [ -2.44927655388872, 56.7108567806509 ], [ -2.449280470563295, 56.710847955998794 ], [ -2.449284722605192, 56.710839203829629 ], [ -2.44928928906184, 56.710830520099748 ], [ -2.449294148980705, 56.71082190076541 ], [ -2.449299281409257, 56.710813341782981 ], [ -2.449304665394997, 56.710804839108732 ], [ -2.449310279985443, 56.710796388699002 ], [ -2.449316104228126, 56.710787986510098 ], [ -2.449322117170602, 56.710779628498344 ], [ -2.449328297860437, 56.710771310620053 ], [ -2.449334625345224, 56.710763028831565 ], [ -2.449341078672566, 56.710754779089207 ], [ -2.449347636890079, 56.71074655734931 ], [ -2.449354279045406, 56.710738359568204 ], [ -2.449360984186194, 56.710730181702225 ], [ -2.449367731360116, 56.71072201970776 ], [ -2.449374499614851, 56.710713869541131 ], [ -2.4493812679981, 56.710705727158683 ], [ -2.449388015557577, 56.710697588516801 ], [ -2.449394721341009, 56.710689449571838 ], [ -2.449401364396146, 56.710681306280151 ], [ -2.449407923770743, 56.710673154598126 ], [ -2.449414378512578, 56.710664990482137 ], [ -2.449420707669442, 56.710656809888576 ], [ -2.449426890289141, 56.710648608773823 ], [ -2.449432905419498, 56.710640383094251 ], [ -2.449438732108354, 56.710632128806267 ], [ -2.449444349403564, 56.710623841866258 ], [ -2.449449736353002, 56.710615518230647 ], [ -2.449454872004558, 56.710607153855797 ], [ -2.449459736250954, 56.710598744841313 ], [ -2.449464326549625, 56.710590290263447 ], [ -2.449468656944634, 56.7105817920094 ], [ -2.449472742129029, 56.710573252076372 ], [ -2.449476596795846, 56.710564672461544 ], [ -2.449480235638112, 56.710556055162108 ], [ -2.449483673348843, 56.710547402175223 ], [ -2.44948692462104, 56.710538715498075 ], [ -2.449490004147695, 56.710529997127857 ], [ -2.449492926621786, 56.710521249061706 ], [ -2.449495706736279, 56.710512473296816 ], [ -2.449498359184133, 56.710503671830331 ], [ -2.449500898658284, 56.710494846659451 ], [ -2.449503339851664, 56.710485999781326 ], [ -2.449505697457189, 56.710477133193109 ], [ -2.449507986167758, 56.710468248891978 ], [ -2.449510220676265, 56.710459348875077 ], [ -2.449512415675586, 56.710450435139585 ], [ -2.449514585858584, 56.710441509682653 ], [ -2.449516745918105, 56.710432574501432 ], [ -2.449518910546989, 56.710423631593102 ], [ -2.449521094438055, 56.710414682954777 ], [ -2.449523312284116, 56.710405730583652 ], [ -2.449525578777964, 56.710396776476863 ], [ -2.449527908612381, 56.710387822631574 ], [ -2.449530316480138, 56.710378871044909 ], [ -2.449532817073989, 56.710369923714062 ], [ -2.449535425086672, 56.710360982636139 ], [ -2.449538155210917, 56.710352049808336 ], [ -2.449541022139444, 56.710343127227738 ], [ -2.449544040564947, 56.710334216891539 ], [ -2.449547225180117, 56.710325320796855 ], [ -2.449550590677634, 56.710316440940851 ], [ -2.449554151466324, 56.710307579298771 ], [ -2.449557906339598, 56.710298736643296 ], [ -2.44956183066713, 56.710289911943065 ], [ -2.449565897892164, 56.710281104018378 ], [ -2.44957008145797, 56.710272311689529 ], [ -2.449574354807847, 56.710263533776811 ], [ -2.449578691385112, 56.710254769100558 ], [ -2.449583064633108, 56.710246016481037 ], [ -2.449587447995206, 56.710237274738574 ], [ -2.449591814914798, 56.710228542693478 ], [ -2.449596138835303, 56.710219819166078 ], [ -2.449600393200158, 56.710211102976686 ], [ -2.449604551452831, 56.710202392945625 ], [ -2.449608587036812, 56.710193687893216 ], [ -2.449612473395608, 56.710184986639824 ], [ -2.449616183972765, 56.710176288005727 ], [ -2.449619692211837, 56.710167590811309 ], [ -2.449622971556413, 56.71015889387688 ], [ -2.449625995450101, 56.710150196022802 ], [ -2.449628737336535, 56.710141496069397 ], [ -2.449631170659373, 56.710132792836994 ], [ -2.449633268862296, 56.710124085145978 ], [ -2.449635005389014, 56.710115371816663 ], [ -2.449636353683255, 56.710106651669385 ], [ -2.449637287188777, 56.710097923524472 ], [ -2.449637779349362, 56.710089186202268 ], [ -2.449637803608817, 56.710080438523114 ], [ -2.449637333410972, 56.710071679307291 ], [ -2.449636342199685, 56.710062907375182 ], [ -2.44963480341884, 56.710054121547032 ], [ -2.449632690512349, 56.710045320643196 ], [ -2.449629976924146, 56.710036503483927 ], [ -2.449626637234665, 56.710027668972025 ], [ -2.449622691289471, 56.710018819295506 ], [ -2.449618218370439, 56.710009960956256 ], [ -2.449613301796153, 56.71000110074911 ], [ -2.449608024885126, 56.709992245468968 ], [ -2.449602470955776, 56.709983401910698 ], [ -2.44959672332645, 56.7099745768692 ], [ -2.449590865315406, 56.709965777139352 ], [ -2.449584980240816, 56.709957009516103 ], [ -2.44957915142078, 56.709948280794372 ], [ -2.449573462173306, 56.709939597769115 ], [ -2.449567995816329, 56.709930967235316 ], [ -2.449562835667698, 56.709922395987931 ], [ -2.449558065045197, 56.709913890821973 ], [ -2.449553767266525, 56.709905458532425 ], [ -2.449550025649307, 56.70989710591433 ], [ -2.449546923511106, 56.709888839762669 ], [ -2.44954454416941, 56.709880666872479 ], [ -2.449542970941647, 56.709872594038735 ], [ -2.449542287145185, 56.709864628056479 ], [ -2.449542576097331, 56.709856775720681 ], [ -2.449543921115345, 56.70984904382626 ], [ -2.449546399947141, 56.709841438487189 ], [ -2.449549994890865, 56.70983395414607 ], [ -2.449554608031101, 56.709826575437226 ], [ -2.449560138959367, 56.709819286690113 ], [ -2.449566487267268, 56.709812072234151 ], [ -2.449573552546479, 56.709804916398795 ], [ -2.449581234388754, 56.709797803513524 ], [ -2.449589432385911, 56.709790717907808 ], [ -2.449598046129834, 56.709783643911102 ], [ -2.449606975212472, 56.70977656585297 ], [ -2.449616119225834, 56.709769468062923 ], [ -2.449625377761988, 56.709762334870533 ], [ -2.449634650413062, 56.709755150605396 ], [ -2.449643836771248, 56.709747899597154 ], [ -2.449652836428797, 56.709740566175427 ], [ -2.449661548978029, 56.709733134669911 ], [ -2.449669874011334, 56.70972558941034 ], [ -2.449677711121166, 56.70971791472644 ], [ -2.449684959900069, 56.709710094947937 ], [ -2.449691519940663, 56.709702114404621 ], [ -2.449697290835664, 56.709693957426289 ], [ -2.449702172177882, 56.709685608342667 ], [ -2.449706076338113, 56.709677053830205 ], [ -2.449709053792838, 56.709668305927714 ], [ -2.449711239400904, 56.709659392170479 ], [ -2.449712769229891, 56.709650340315747 ], [ -2.449713779347258, 56.709641178120755 ], [ -2.449714405820357, 56.709631933342706 ], [ -2.449714784716412, 56.709622633738825 ], [ -2.449715052102511, 56.709613307066292 ], [ -2.449715344045615, 56.709603981082346 ], [ -2.449715796612546, 56.709594683544168 ], [ -2.449716521280771, 56.709585437195834 ], [ -2.449717531004413, 56.709576244694837 ], [ -2.449718814065132, 56.709567103668583 ], [ -2.449720358744589, 56.709558011744491 ], [ -2.44972215332447, 56.709548966549939 ], [ -2.449724186086471, 56.709539965712317 ], [ -2.449726445312295, 56.709531006859031 ], [ -2.44972891928366, 56.709522087617479 ], [ -2.4497315962823, 56.709513205615039 ], [ -2.449734464589955, 56.709504358479116 ], [ -2.449737512488379, 56.709495543837093 ], [ -2.449740728259339, 56.709486759316391 ], [ -2.449744100184609, 56.709478002544365 ], [ -2.449747616545977, 56.70946927114845 ], [ -2.449751265625237, 56.709460562756014 ], [ -2.449755035704199, 56.709451874994471 ], [ -2.449758915064684, 56.709443205491205 ], [ -2.449762891988516, 56.709434551873613 ], [ -2.449766954757535, 56.709425911769117 ], [ -2.44977109165359, 56.709417282805092 ], [ -2.449775290958539, 56.709408662608958 ], [ -2.449779540954248, 56.709400048808106 ], [ -2.4497838299226, 56.709391439029964 ], [ -2.449788146145479, 56.70938283090193 ], [ -2.449792477904781, 56.709374222051395 ], [ -2.449796813482414, 56.709365610105785 ], [ -2.449801141160295, 56.709356992692527 ], [ -2.449805449220351, 56.709348367438999 ], [ -2.449809725998793, 56.709339731984961 ], [ -2.449813964184766, 56.709331084958961 ], [ -2.449818163934026, 56.709322426685581 ], [ -2.449822326136773, 56.709313757656304 ], [ -2.449826451683211, 56.70930507836254 ], [ -2.449830541463537, 56.70929638929573 ], [ -2.449834596367952, 56.709287690947328 ], [ -2.449838617286652, 56.70927898380878 ], [ -2.449842605109837, 56.709270268371512 ], [ -2.449846560727709, 56.709261545126978 ], [ -2.449850485030455, 56.709252814566618 ], [ -2.44985437890828, 56.709244077181857 ], [ -2.449858243251374, 56.709235333464164 ], [ -2.449862078949938, 56.70922658390495 ], [ -2.449865886894159, 56.709217828995676 ], [ -2.449869667974238, 56.709209069227782 ], [ -2.449873423080366, 56.709200305092693 ], [ -2.449877153102735, 56.709191537081871 ], [ -2.449880858931536, 56.709182765686741 ], [ -2.449884541456963, 56.709173991398742 ], [ -2.449888201569207, 56.709165214709337 ], [ -2.449891840158454, 56.709156436109929 ], [ -2.449895458114899, 56.709147656091986 ], [ -2.449899056328728, 56.709138875146927 ], [ -2.449902635690127, 56.709130093766213 ], [ -2.44990619708929, 56.709121312441269 ], [ -2.449909741416399, 56.70911253166355 ], [ -2.449913269561641, 56.709103751924481 ], [ -2.449916782415204, 56.709094973715501 ], [ -2.449920280867269, 56.709086197528045 ], [ -2.449923765808028, 56.709077423853579 ], [ -2.449927238127654, 56.709068653183515 ], [ -2.449930698716338, 56.7090598860093 ], [ -2.44993414846426, 56.709051122822352 ], [ -2.449937588261603, 56.709042364114147 ], [ -2.449941018998545, 56.70903361037611 ], [ -2.44994444156527, 56.709024862099675 ], [ -2.449947856851956, 56.709016119776287 ], [ -2.449951265748781, 56.709007383897358 ], [ -2.449954669145926, 56.70899865495435 ], [ -2.449958067933568, 56.708989933438708 ], [ -2.449961463001883, 56.70898121984186 ], [ -2.449964855241049, 56.708972514655237 ], [ -2.44996824554124, 56.708963818370293 ], [ -2.449971634792633, 56.70895513147844 ], [ -2.449975023885403, 56.708946454471132 ], [ -2.44997841370972, 56.708937787839808 ], [ -2.449981805155762, 56.708929132075923 ], [ -2.449985199113699, 56.708920487670866 ], [ -2.449988596472904, 56.708911855110834 ], [ -2.44999199807028, 56.708903234537324 ], [ -2.449995404658828, 56.708894625540452 ], [ -2.449998816984016, 56.708886027660931 ], [ -2.450002235791314, 56.708877440439437 ], [ -2.450005661826182, 56.708868863416633 ], [ -2.450009095834085, 56.708860296133224 ], [ -2.450012538560491, 56.708851738129873 ], [ -2.450015990750862, 56.708843188947277 ], [ -2.450019453150658, 56.7088346481261 ], [ -2.450022926505341, 56.708826115207025 ], [ -2.450026411560374, 56.708817589730749 ], [ -2.450029909061215, 56.708809071237937 ], [ -2.450033419753325, 56.708800559269264 ], [ -2.450036944382162, 56.708792053365443 ], [ -2.450040483693179, 56.708783553067114 ], [ -2.450044038431837, 56.708775057914977 ], [ -2.45004760934359, 56.7087665674497 ], [ -2.450051197173896, 56.70875808121199 ], [ -2.450054802668204, 56.7087495987425 ], [ -2.45005842657197, 56.708741119581916 ], [ -2.450062069630648, 56.70873264327092 ], [ -2.450065732589685, 56.708724169350198 ], [ -2.450069416194535, 56.708715697360425 ], [ -2.450073121190649, 56.708707226842279 ], [ -2.450076848323472, 56.708698757336435 ], [ -2.450080598338455, 56.708690288383572 ], [ -2.450084371981045, 56.708681819524379 ], [ -2.450088169996688, 56.708673350299534 ], [ -2.450091993130828, 56.708664880249707 ], [ -2.450095842128913, 56.708656408915573 ], [ -2.450099717736387, 56.708647935837838 ], [ -2.450103620698687, 56.708639460557151 ], [ -2.450107551761263, 56.708630982614196 ], [ -2.450111511669552, 56.708622501549648 ], [ -2.450115501168994, 56.708614016904207 ], [ -2.450119521005031, 56.708605528218555 ], [ -2.450123571923099, 56.708597035033314 ], [ -2.450127654668638, 56.708588536889216 ], [ -2.450131769987084, 56.708580033326939 ], [ -2.450135918623869, 56.70857152388713 ], [ -2.450140101324435, 56.708563008110467 ], [ -2.450144318834212, 56.708554485537668 ], [ -2.450148571898636, 56.708545955709369 ], [ -2.450152861263135, 56.708537418166259 ], [ -2.450157187673144, 56.708528872449016 ], [ -2.45016155187409, 56.708520318098337 ], [ -2.450165954611407, 56.708511754654864 ], [ -2.45017039663052, 56.708503181659289 ], [ -2.450174878676858, 56.708494598652294 ], [ -2.450179401495845, 56.708486005174528 ], [ -2.450183965832913, 56.708477400766725 ], [ -2.45018857243348, 56.70846878496949 ], [ -2.450193222042971, 56.708460157323564 ], [ -2.450197915406813, 56.708451517369568 ], [ -2.450202653270422, 56.708442864648227 ], [ -2.450207436379223, 56.708434198700175 ], [ -2.450212265478632, 56.708425519066111 ], [ -2.450217141314071, 56.708416825286676 ], [ -2.450222064630958, 56.708408116902611 ], [ -2.450227036174705, 56.708399393454535 ], [ -2.450232056690732, 56.708390654483125 ], [ -2.450237126816401, 56.708381899545891 ], [ -2.450242242126298, 56.708373128988711 ], [ -2.450247391070747, 56.708364344266748 ], [ -2.450252561564585, 56.708355546918611 ], [ -2.450257741522668, 56.708346738482895 ], [ -2.45026291885986, 56.708337920498174 ], [ -2.450268081491043, 56.708329094503085 ], [ -2.450273217331107, 56.708320262036189 ], [ -2.450278314294954, 56.708311424636101 ], [ -2.450283360297501, 56.70830258384143 ], [ -2.450288343253674, 56.708293741190772 ], [ -2.450293251078413, 56.708284898222743 ], [ -2.450298071686669, 56.708276056475931 ], [ -2.450302792993408, 56.708267217488974 ], [ -2.450307402913606, 56.708258382800473 ], [ -2.450311889362248, 56.708249553949024 ], [ -2.450316240254339, 56.708240732473257 ], [ -2.450320443504887, 56.708231919911789 ], [ -2.450324487028917, 56.708223117803243 ], [ -2.450328358741466, 56.708214327686221 ], [ -2.450332046557579, 56.708205551099347 ], [ -2.450335538392318, 56.708196789581237 ], [ -2.45033882216075, 56.708188044670521 ], [ -2.450341885783578, 56.708179317910165 ], [ -2.450344717174033, 56.708170610837335 ], [ -2.45034730424344, 56.708161924987749 ], [ -2.450349634906913, 56.708153261899994 ], [ -2.450351697079574, 56.708144623112723 ], [ -2.450353478676556, 56.708136010164523 ], [ -2.450354967613001, 56.708127424594025 ], [ -2.450356151804061, 56.708118867939845 ], [ -2.4503570191649, 56.708110341740586 ], [ -2.450357557610691, 56.708101847534863 ], [ -2.450357755056613, 56.708093386861265 ], [ -2.450357599417855, 56.70808496125845 ], [ -2.450357078609624, 56.708076572264964 ], [ -2.45035618054712, 56.708068221419431 ], [ -2.450354893145561, 56.708059910260431 ], [ -2.450353204320172, 56.70805164032658 ], [ -2.450351101986184, 56.70804341315646 ], [ -2.450348574058839, 56.708035230288623 ], [ -2.450247327165212, 56.707923987594256 ], [ -2.450247327165212, 56.707923987594256 ], [ -2.450402768011938, 56.708044544955889 ], [ -2.450405830197242, 56.708052376670658 ], [ -2.450408387263513, 56.708060273204907 ], [ -2.450410454453877, 56.708068232536 ], [ -2.450412047011471, 56.708076252641284 ], [ -2.450413180179433, 56.708084331498135 ], [ -2.450413869200916, 56.708092467083873 ], [ -2.450414129319083, 56.708100657375837 ], [ -2.450413975777098, 56.708108900351355 ], [ -2.450413423818143, 56.708117193987796 ], [ -2.450412488685405, 56.708125536262436 ], [ -2.450411185622087, 56.70813392515263 ], [ -2.450409529871395, 56.708142358635683 ], [ -2.450407536676553, 56.708150834688915 ], [ -2.450405221280795, 56.708159351289645 ], [ -2.450402598927366, 56.708167906415177 ], [ -2.450399684859524, 56.70817649804286 ], [ -2.450396494321176, 56.708185124150461 ], [ -2.450393042563709, 56.70819378272153 ], [ -2.450389344821709, 56.708202471726693 ], [ -2.450385416338479, 56.708211189143256 ], [ -2.450381272357343, 56.708219932948531 ], [ -2.450376928121636, 56.708228701119829 ], [ -2.45037239887471, 56.708237491634456 ], [ -2.450367699859925, 56.708246302469746 ], [ -2.450362846320667, 56.708255131603003 ], [ -2.450357853500325, 56.708263977011548 ], [ -2.450352736642309, 56.708272836672691 ], [ -2.450347510990046, 56.708281708563753 ], [ -2.450342191786973, 56.708290590662081 ], [ -2.450336794276546, 56.708299480944987 ], [ -2.450331333702236, 56.708308377389791 ], [ -2.450325825307528, 56.708317277973848 ], [ -2.450320284335923, 56.708326180674469 ], [ -2.450314726030939, 56.708335083469002 ], [ -2.45030916563611, 56.708343984334782 ], [ -2.450303618394981, 56.708352881249169 ], [ -2.45029809955112, 56.708361772189477 ], [ -2.450292624348105, 56.708370655133066 ], [ -2.45028720802953, 56.708379528057293 ], [ -2.450281865839008, 56.708388388939525 ], [ -2.450276611747523, 56.708397235928452 ], [ -2.4502714489317, 56.70840606862636 ], [ -2.450266375127634, 56.708414887368072 ], [ -2.450261388029855, 56.708423692494065 ], [ -2.450256485332879, 56.708432484344776 ], [ -2.450251664731223, 56.708441263260667 ], [ -2.450246923919406, 56.70845002958216 ], [ -2.450242260591941, 56.708458783649718 ], [ -2.450237672443335, 56.708467525803805 ], [ -2.450233157168099, 56.708476256384863 ], [ -2.450228712460736, 56.708484975733334 ], [ -2.450224336015752, 56.708493684189662 ], [ -2.450220025527648, 56.708502382094295 ], [ -2.45021577869092, 56.708511069787683 ], [ -2.450211593200067, 56.708519747610275 ], [ -2.450207466749581, 56.708528415902499 ], [ -2.450203397033951, 56.708537075004827 ], [ -2.450199381747669, 56.708545725257679 ], [ -2.450195418585224, 56.708554367001511 ], [ -2.450191505241094, 56.708563000576781 ], [ -2.450187639409765, 56.708571626323895 ], [ -2.450183818785716, 56.708580244583331 ], [ -2.450180041063424, 56.708588855695517 ], [ -2.450176303937363, 56.708597460000881 ], [ -2.450172605102008, 56.708606057839908 ], [ -2.450168942251829, 56.708614649552999 ], [ -2.450165313081292, 56.708623235480623 ], [ -2.450161715284863, 56.708631815963187 ], [ -2.450158146557011, 56.708640391341177 ], [ -2.450154604592189, 56.708648961954999 ], [ -2.450151087084862, 56.70865752814511 ], [ -2.450147591729487, 56.708666090251945 ], [ -2.450144116220514, 56.708674648615947 ], [ -2.450140658252401, 56.708683203577543 ], [ -2.450137215519594, 56.708691755477204 ], [ -2.450133785716543, 56.708700304655324 ], [ -2.450130366537691, 56.708708851452378 ], [ -2.450126955677487, 56.708717396208797 ], [ -2.450123550830368, 56.708725939265008 ], [ -2.450120149690774, 56.708734480961461 ], [ -2.450116749953141, 56.70874302163859 ], [ -2.450113349311904, 56.708751561636817 ], [ -2.450109945461497, 56.708760101296619 ], [ -2.450106536096349, 56.708768640958382 ], [ -2.450103118910887, 56.708777180962578 ], [ -2.450099691599539, 56.708785721649647 ], [ -2.450096251856723, 56.708794263360012 ], [ -2.45009279737687, 56.7088028064341 ], [ -2.45008932585439, 56.708811351212368 ], [ -2.450085834983706, 56.70881989803523 ], [ -2.450082322459229, 56.70882844724315 ], [ -2.450078785975371, 56.708836999176519 ], [ -2.450075223226546, 56.708845554175824 ], [ -2.450071631907158, 56.708854112581463 ], [ -2.450068009711615, 56.708862674733886 ], [ -2.450064354334319, 56.708871240973522 ], [ -2.450060663469675, 56.708879811640813 ], [ -2.450056934812074, 56.708888387076172 ], [ -2.450053166055918, 56.708896967620049 ], [ -2.450049354895604, 56.708905553612858 ], [ -2.450045499025518, 56.708914145395077 ], [ -2.450041596141722, 56.70892274330695 ], [ -2.450037645177498, 56.708931347593072 ], [ -2.450033648495004, 56.708939958232577 ], [ -2.450029609045536, 56.708948575159049 ], [ -2.450025529780385, 56.708957198306059 ], [ -2.450021413650852, 56.708965827607187 ], [ -2.450017263608235, 56.708974462995975 ], [ -2.450013082603839, 56.708983104406045 ], [ -2.450008873588967, 56.708991751770903 ], [ -2.450004639514928, 56.709000405024192 ], [ -2.450000383333037, 56.709009064099433 ], [ -2.449996107994598, 56.70901772893022 ], [ -2.449991816450938, 56.709026399450124 ], [ -2.44998751165337, 56.709035075592745 ], [ -2.449983196553216, 56.709043757291603 ], [ -2.449978874101806, 56.709052444480314 ], [ -2.449974547250461, 56.709061137092441 ], [ -2.449970218950515, 56.709069835061563 ], [ -2.449965892153299, 56.709078538321258 ], [ -2.449961569810151, 56.709087246805105 ], [ -2.449957254872408, 56.70909596044666 ], [ -2.449952950291411, 56.709104679179532 ], [ -2.449948659018505, 56.709113402937291 ], [ -2.449944384005033, 56.709122131653494 ], [ -2.449940128202351, 56.709130865261727 ], [ -2.449935894561805, 56.70913960369559 ], [ -2.449931686034756, 56.709148346888632 ], [ -2.449927505572557, 56.709157094774476 ], [ -2.449923356126575, 56.709165847286663 ], [ -2.449919240648164, 56.709174604358793 ], [ -2.449915162088699, 56.709183365924432 ], [ -2.449911123399549, 56.709192131917177 ], [ -2.449907127532079, 56.709200902270602 ], [ -2.449903177437669, 56.709209676918277 ], [ -2.449899276067694, 56.70921845579381 ], [ -2.449895426373538, 56.709227238830778 ], [ -2.449891631306582, 56.709236025962753 ], [ -2.449887893818211, 56.709244817123327 ], [ -2.449884216859817, 56.709253612246059 ], [ -2.449880603382791, 56.709262411264568 ], [ -2.449877056338522, 56.70927121411242 ], [ -2.449873578678416, 56.709280020723206 ], [ -2.449870173353866, 56.709288831030506 ], [ -2.44986684331628, 56.709297644967897 ], [ -2.449863591517061, 56.70930646246898 ], [ -2.44986042090762, 56.709315283467326 ], [ -2.449857334439362, 56.709324107896542 ], [ -2.449854335063713, 56.709332935690178 ], [ -2.449851425732079, 56.709341766781847 ], [ -2.449848609326295, 56.709350601102301 ], [ -2.449845884777067, 56.709359438421451 ], [ -2.44984324501662, 56.709368278265146 ], [ -2.449840682475595, 56.709377120138697 ], [ -2.449838189584622, 56.709385963547525 ], [ -2.449835758774319, 56.709394807997008 ], [ -2.449833382475311, 56.709403652992499 ], [ -2.449831053118206, 56.709412498039399 ], [ -2.449828763133604, 56.709421342643061 ], [ -2.449826504952104, 56.709430186308886 ], [ -2.449824271004296, 56.709439028542228 ], [ -2.44982205372076, 56.709447868848443 ], [ -2.44981984553207, 56.709456706732958 ], [ -2.449817638868796, 56.709465541701078 ], [ -2.449815426161499, 56.709474373258239 ], [ -2.449813199840732, 56.70948320090978 ], [ -2.449810952337041, 56.709492024161072 ], [ -2.449808676080972, 56.709500842517485 ], [ -2.44980636350305, 56.709509655484403 ], [ -2.449804007033809, 56.709518462567175 ], [ -2.449801599103761, 56.709527263271184 ], [ -2.449799132143423, 56.709536057101793 ], [ -2.449796598583299, 56.709544843564387 ], [ -2.449793990853887, 56.7095536221643 ], [ -2.449791301385678, 56.70956239240693 ], [ -2.449788522609159, 56.709571153797604 ], [ -2.44978564695481, 56.709579905841714 ], [ -2.449782666853096, 56.709588648044637 ], [ -2.44977957473449, 56.709597379911699 ], [ -2.449776364023172, 56.709606100933925 ], [ -2.449773036163205, 56.709614810486343 ], [ -2.449769596475658, 56.709623507887962 ], [ -2.449766050306852, 56.709632192457413 ], [ -2.449762403003101, 56.709640863513307 ], [ -2.449758659910727, 56.709649520374306 ], [ -2.449754826376058, 56.709658162359027 ], [ -2.449750907745429, 56.709666788786102 ], [ -2.449746909365176, 56.709675398974163 ], [ -2.449742836581646, 56.709683992241864 ], [ -2.449738694741188, 56.709692567907815 ], [ -2.449734489190158, 56.709701125290671 ], [ -2.44973022527491, 56.709709663709049 ], [ -2.449725908341821, 56.709718182481588 ], [ -2.449721543737251, 56.709726680926934 ], [ -2.449717136807584, 56.709735158363735 ], [ -2.449712692899199, 56.709743614110607 ], [ -2.449708217358481, 56.709752047486198 ], [ -2.449703715531824, 56.709760457809161 ], [ -2.449699192765627, 56.70976884439812 ], [ -2.44969465440629, 56.709777206571708 ], [ -2.449690105800221, 56.709785543648607 ], [ -2.449685552293833, 56.709793854947407 ], [ -2.449680999233545, 56.709802139786795 ], [ -2.449676451965778, 56.709810397485406 ], [ -2.449671915836963, 56.709818627361862 ], [ -2.449667396193528, 56.70982682873484 ], [ -2.449662898381917, 56.709835000922965 ], [ -2.449658427748569, 56.709843143244889 ], [ -2.449653989639931, 56.709851255019267 ], [ -2.449649592504715, 56.709859336160612 ], [ -2.449645297839365, 56.709867396772353 ], [ -2.44964121165687, 56.709875455508303 ], [ -2.449637441349852, 56.709883531287261 ], [ -2.449634094311015, 56.709891643028008 ], [ -2.449631277933153, 56.709899809649364 ], [ -2.449629099609153, 56.709908050070148 ], [ -2.449627666731994, 56.709916383209134 ], [ -2.449627086694761, 56.709924827985155 ], [ -2.449627466890644, 56.709933403316981 ], [ -2.449628914126525, 56.709942128038691 ], [ -2.449631448621579, 56.709951008480353 ], [ -2.449634913288291, 56.70996002536743 ], [ -2.449639129331172, 56.709969156290661 ], [ -2.449643917954568, 56.709978378840724 ], [ -2.449649100362651, 56.709987670608371 ], [ -2.449654497759404, 56.709997009184328 ], [ -2.449659931348628, 56.710006372159391 ], [ -2.449665222333927, 56.710015737124351 ], [ -2.449670191918723, 56.710025081670089 ], [ -2.44967466130624, 56.710034383387459 ], [ -2.44967848177227, 56.710043623589911 ], [ -2.449681641847967, 56.710052800581117 ], [ -2.449684169201046, 56.710061917509286 ], [ -2.449686091502174, 56.710070977522967 ], [ -2.449687436422045, 56.710079983770676 ], [ -2.449688231631399, 56.710088939400954 ], [ -2.449688504800995, 56.710097847562309 ], [ -2.449688283601628, 56.710106711403256 ], [ -2.449687595704119, 56.710115534072287 ], [ -2.449686468779323, 56.710124318717909 ], [ -2.449684930498118, 56.710133068488638 ], [ -2.449683008531415, 56.710141786532922 ], [ -2.449680730550144, 56.710150475999271 ], [ -2.449678124225272, 56.710159140036183 ], [ -2.449675217227785, 56.710167781792158 ], [ -2.449672037228696, 56.710176404415648 ], [ -2.449668611899042, 56.710185011055145 ], [ -2.449664968909889, 56.71019360485915 ], [ -2.449661135932325, 56.71020218897619 ], [ -2.449657140637461, 56.710210766554702 ], [ -2.449653010696437, 56.710219340743208 ], [ -2.449648773780408, 56.710227914690222 ], [ -2.449644457560562, 56.710236491544215 ], [ -2.449640089708109, 56.710245074453724 ], [ -2.449635697894276, 56.710253666567255 ], [ -2.449631309790325, 56.710262271033301 ], [ -2.449626953067531, 56.710270891000398 ], [ -2.449622655397198, 56.710279529617075 ], [ -2.449618444450658, 56.710288190031861 ], [ -2.449614347899259, 56.710296875393254 ], [ -2.44961039341438, 56.710305588849828 ], [ -2.449606608667422, 56.710314333550095 ], [ -2.449603015074149, 56.710323111770663 ], [ -2.449599605767767, 56.710331921846127 ], [ -2.449596365892408, 56.710340760997497 ], [ -2.449593280591709, 56.710349626445762 ], [ -2.449590335009292, 56.710358515411876 ], [ -2.449587514288776, 56.710367425116814 ], [ -2.449584803573755, 56.710376352781537 ], [ -2.449582188007817, 56.710385295627006 ], [ -2.449579652734538, 56.710394250874181 ], [ -2.449577182897471, 56.710403215744023 ], [ -2.449574763640172, 56.710412187457479 ], [ -2.449572380106166, 56.710421163235516 ], [ -2.449570017438979, 56.710430140299096 ], [ -2.449567660782114, 56.710439115869157 ], [ -2.449565295279064, 56.710448087166661 ], [ -2.44956290607331, 56.710457051412575 ], [ -2.449560478308318, 56.710466005827826 ], [ -2.449557997127538, 56.710474947633372 ], [ -2.449555447674411, 56.710483874050176 ], [ -2.449552815092365, 56.71049278229917 ], [ -2.44955008452481, 56.710501669601292 ], [ -2.449547241115149, 56.710510533177519 ], [ -2.449544270006762, 56.710519370248754 ], [ -2.449541156343032, 56.710528178035972 ], [ -2.449537885267318, 56.710536953760084 ], [ -2.449534441922968, 56.710545694642072 ], [ -2.449530811453323, 56.710554397902818 ], [ -2.449526979001708, 56.71056306076327 ], [ -2.449522929711438, 56.710571680444396 ], [ -2.449518648725816, 56.71058025416707 ], [ -2.449514121188138, 56.710588779152246 ], [ -2.449509332241686, 56.710597252620843 ], [ -2.449504267029733, 56.710605671793758 ], [ -2.44949891104622, 56.710614033963054 ], [ -2.44949326599844, 56.71062233970936 ], [ -2.449487356283397, 56.71063059421553 ], [ -2.449481207990109, 56.710638803007619 ], [ -2.44947484720761, 56.710646971611645 ], [ -2.449468300024953, 56.710655105553705 ], [ -2.449461592531218, 56.710663210359833 ], [ -2.449454750815498, 56.710671291556096 ], [ -2.449447800966905, 56.710679354668564 ], [ -2.449440769074575, 56.710687405223318 ], [ -2.449433681227655, 56.710695448746407 ], [ -2.449426563515322, 56.710703490763969 ], [ -2.449419442026755, 56.710711536802066 ], [ -2.449412342851165, 56.710719592386788 ], [ -2.449405292077774, 56.710727663044224 ], [ -2.449398315795827, 56.710735754300536 ], [ -2.449391440094586, 56.710743871681785 ], [ -2.449384691063327, 56.710752020714111 ], [ -2.449378094791349, 56.710760206923652 ], [ -2.449371677367974, 56.710768435836528 ], [ -2.449365464882542, 56.710776712978863 ], [ -2.449359483424413, 56.710785043876804 ], [ -2.449353759082965, 56.710793434056505 ], [ -2.449348317947604, 56.710801889044099 ], [ -2.449343186107758, 56.710810414365746 ], [ -2.449338389652877, 56.710819015547571 ], [ -2.449333954672437, 56.710827698115757 ], [ -2.449329907255937, 56.71083646759643 ], [ -2.44932627349291, 56.71084532951577 ], [ -2.449323079472912, 56.710854289399911 ], [ -2.449320351285528, 56.710863352775007 ], [ -2.449318115020378, 56.710872525167197 ], [ -2.449316396767113, 56.710881812102642 ], [ -2.449315222615416, 56.710891219107459 ], [ -2.44931461861656, 56.710900751692144 ], [ -2.449314566078248, 56.710910397173784 ], [ -2.449314915258731, 56.710920089582643 ], [ -2.449315492548735, 56.710929753244237 ], [ -2.449316124338803, 56.71093931248403 ], [ -2.449316637019296, 56.7109486916275 ], [ -2.449316856980396, 56.71095781500015 ], [ -2.449316610612126, 56.710966606927457 ], [ -2.449315724304372, 56.710974991734901 ], [ -2.449314024446901, 56.710982893747946 ], [ -2.449311337429407, 56.710990237292044 ], [ -2.449307489641548, 56.710996946692603 ], [ -2.449302307472999, 56.711002946274988 ], [ -2.449295617313499, 56.711008160364479 ], [ -2.449287266209752, 56.711012524001724 ], [ -2.44927730520103, 56.711016078045283 ], [ -2.449265901585444, 56.711018923661221 ], [ -2.449253224012854, 56.711021162716747 ], [ -2.449239441133173, 56.711022897079069 ], [ -2.44922472159629, 56.711024228615464 ], [ -2.449209234052027, 56.711025259193242 ], [ -2.449193147150109, 56.711026090679802 ], [ -2.449176629540118, 56.7110268249426 ], [ -2.449159849871488, 56.7110275638492 ], [ -2.449142976793487, 56.711028409267243 ], [ -2.449126178955207, 56.711029463064428 ], [ -2.449109625005589, 56.711030827108608 ], [ -2.449093483593425, 56.711032603267668 ], [ -2.449077923367383, 56.711034893409632 ], [ -2.449063112976046, 56.711037799402554 ], [ -2.449049221067955, 56.711041423114558 ], [ -2.449036416291666, 56.711045866413869 ], [ -2.44902482486609, 56.711051202976421 ], [ -2.449014348148397, 56.711057357069507 ], [ -2.449004813288185, 56.711064203653216 ], [ -2.448996047388923, 56.711071617656849 ], [ -2.448987877554137, 56.711079474009658 ], [ -2.448980130887372, 56.711087647640809 ], [ -2.448972634492154, 56.711096013479434 ], [ -2.448965215471956, 56.711104446454634 ], [ -2.448957700930212, 56.711112821495426 ], [ -2.448949917970291, 56.71112101353085 ], [ -2.448941693703872, 56.711128897495925 ], [ -2.448932896095931, 56.711136377991977 ], [ -2.448923528659363, 56.711143458050863 ], [ -2.448913622982628, 56.711150161091972 ], [ -2.448903210654222, 56.711156510534664 ], [ -2.448892323262659, 56.711162529798337 ], [ -2.44888099239648, 56.711168242302421 ], [ -2.448869249644233, 56.711173671466263 ], [ -2.448857126594485, 56.711178840709316 ], [ -2.448844654835793, 56.71118377345099 ], [ -2.448831865956726, 56.711188493110683 ], [ -2.448818791545842, 56.711193023107874 ], [ -2.448805463191694, 56.711197386862004 ], [ -2.448791912482822, 56.711201607792503 ], [ -2.448778171007758, 56.711205709318889 ], [ -2.448764270355005, 56.711209714860615 ], [ -2.448750242113059, 56.711213647837177 ], [ -2.448736117870395, 56.711217531668119 ], [ -2.448721929215462, 56.711221389772952 ], [ -2.448707707736693, 56.711225245571207 ], [ -2.448693485022493, 56.711229122482457 ], [ -2.44867929266125, 56.711233043926242 ], [ -2.448665162241324, 56.711237033322192 ], [ -2.448651125351063, 56.711241114089887 ], [ -2.448637213578784, 56.71124530964893 ], [ -2.448623458512792, 56.711249643418945 ], [ -2.448609891741379, 56.711254138819591 ], [ -2.448596544852816, 56.711258819270498 ], [ -2.448583449435361, 56.71126370819136 ], [ -2.448570637077272, 56.711268829001838 ], [ -2.448558139366797, 56.711274205121597 ], [ -2.448545987892185, 56.711279859970382 ], [ -2.448534214241682, 56.71128581696788 ], [ -2.448522850003553, 56.711292099533793 ], [ -2.448511926760672, 56.711298731084028 ], [ -2.448501453474972, 56.711305718916023 ], [ -2.448491364835316, 56.711313017404471 ], [ -2.44848158030989, 56.711320570078627 ], [ -2.448472019366892, 56.711328320467707 ], [ -2.448462601474511, 56.711336212100875 ], [ -2.448453246100942, 56.711344188507312 ], [ -2.448443872714353, 56.711352193216158 ], [ -2.448434400782916, 56.711360169756539 ], [ -2.448424749774778, 56.711368061657538 ], [ -2.448414839174601, 56.711375812453937 ], [ -2.448404655840171, 56.711383388998236 ], [ -2.448394407421326, 56.711390834558777 ], [ -2.4483843467272, 56.711398208033479 ], [ -2.448374726567063, 56.711405568320345 ], [ -2.448365799750322, 56.711412974317454 ], [ -2.448357819086531, 56.711420484922947 ], [ -2.448351037385402, 56.711428159035009 ], [ -2.448345707456849, 56.711436055551857 ], [ -2.448342082111, 56.711444233371715 ], [ -2.448340412291076, 56.711452750904485 ], [ -2.448340751105263, 56.711461614828856 ], [ -2.448342781689328, 56.711470735080738 ], [ -2.448346146595195, 56.711480010983912 ], [ -2.448350488374452, 56.711489341862219 ], [ -2.448355449578288, 56.711498627039433 ], [ -2.448360672757497, 56.71150776583945 ], [ -2.448365800462458, 56.711516657586188 ], [ -2.448370475243158, 56.711525201603614 ], [ -2.448374339649227, 56.711533297215787 ], [ -2.448377036229996, 56.711540843746747 ], [ -2.448378207534562, 56.711547740520579 ], [ -2.448377496111891, 56.711553886861303 ], [ -2.448374544510923, 56.711559182092891 ], [ -2.448369003235327, 56.711563528306826 ], [ -2.448360810320079, 56.711566927636554 ], [ -2.448350265220613, 56.711569507966026 ], [ -2.448337690367823, 56.711571405173068 ], [ -2.448323408192724, 56.711572755135521 ], [ -2.448307741126357, 56.711573693731282 ], [ -2.448291011599675, 56.711574356838334 ], [ -2.448273542043468, 56.711574880334865 ], [ -2.448255654888329, 56.71157540009915 ], [ -2.448237672564611, 56.711576052009697 ], [ -2.448219917502431, 56.711576971945163 ], [ -2.448202712131687, 56.711578295784427 ], [ -2.448186378882104, 56.711580159406488 ], [ -2.448171240183291, 56.711582698690563 ], [ -2.448157618464846, 56.711586049515937 ], [ -2.448145836156448, 56.711590347762041 ], [ -2.448136115122075, 56.711595685886579 ], [ -2.448128279062743, 56.711601984430871 ], [ -2.448122053153584, 56.711609121395085 ], [ -2.448117162569837, 56.711616974779282 ], [ -2.448113332486756, 56.71162542258341 ], [ -2.448110288079508, 56.711634342807386 ], [ -2.448107754523111, 56.711643613451045 ], [ -2.448105456992384, 56.711653112514199 ], [ -2.448103120661916, 56.711662717996646 ], [ -2.448100470706043, 56.711672307898191 ], [ -2.447991012994593, 56.711740266436003 ] ] ] } },
{ "type": "Feature", "properties": { "Poly_ID": "UncertaintyLower_2", "Method": "Open", "Timeseries": "VEdge", "Scenario": 8, "Year": 2040, "UncertaintyInterval": 68, "LowerQ": 16.0, "UpperQ": 84.0 }, "geometry": { "type": "MultiPolygon", "coordinates": [ [ [ [ -2.452210847481763, 56.704860951386252 ], [ -2.452215176558234, 56.704853565724108 ], [ -2.452220210898092, 56.704845082137943 ], [ -2.452225302344397, 56.704836609882079 ], [ -2.452230452731397, 56.704828149287394 ], [ -2.452235663893337, 56.704819700684816 ], [ -2.452240937664462, 56.704811264405222 ], [ -2.452246275879014, 56.70480284077955 ], [ -2.452251680371236, 56.704794430138662 ], [ -2.452257152975371, 56.704786032813487 ], [ -2.452262695525654, 56.704777649134911 ], [ -2.452268309856327, 56.704769279433854 ], [ -2.452273997801627, 56.704760924041196 ], [ -2.452279761195787, 56.704752583287842 ], [ -2.452285601873043, 56.7047442575047 ], [ -2.452291521667627, 56.70473594702267 ], [ -2.452297522413772, 56.704727652172643 ], [ -2.452303605945708, 56.704719373285499 ], [ -2.452309774097668, 56.70471111069218 ], [ -2.452316028703876, 56.704702864723551 ], [ -2.452322371598561, 56.70469463571051 ], [ -2.452328804615948, 56.704686423983965 ], [ -2.452335329590267, 56.704678229874801 ], [ -2.452341948355733, 56.704670053713926 ], [ -2.452348662746577, 56.704661895832203 ], [ -2.452355474597016, 56.70465375656056 ], [ -2.452362385741274, 56.704645636229863 ], [ -2.452369398013568, 56.704637535171038 ], [ -2.452376513248117, 56.704629453714951 ], [ -2.452383733279139, 56.704621392192472 ], [ -2.45239105994085, 56.704613350934544 ], [ -2.452398495067467, 56.704605330272038 ], [ -2.452488153726993, 56.704519686770432 ], [ -2.452406284885686, 56.704598841104605 ], [ -2.452399025913309, 56.704606859984082 ], [ -2.452391847475897, 56.704614897746467 ], [ -2.452384748634612, 56.704622954126989 ], [ -2.452377728450608, 56.704631028860881 ], [ -2.452370785985048, 56.704639121683392 ], [ -2.452363920299089, 56.704647232329734 ], [ -2.452357130453888, 56.704655360535178 ], [ -2.452350415510605, 56.704663506034926 ], [ -2.452343774530395, 56.704671668564217 ], [ -2.452337206574416, 56.70467984785828 ], [ -2.452330710703823, 56.704688043652354 ], [ -2.452324285979774, 56.704696255681668 ], [ -2.452317931463421, 56.704704483681468 ], [ -2.452311646215921, 56.704712727386976 ], [ -2.452305429298428, 56.704720986533424 ], [ -2.452299279772097, 56.704729260856041 ], [ -2.452293196698081, 56.704737550090059 ], [ -2.452287179137532, 56.704745853970707 ], [ -2.452281226151605, 56.704754172233208 ], [ -2.452275336801447, 56.704762504612823 ], [ -2.452269510148215, 56.704770850844739 ], [ -2.452263745253059, 56.704779210664221 ], [ -2.452258041177124, 56.704787583806485 ], [ -2.452252396981568, 56.704795970006735 ], [ -2.452246811727536, 56.70480436900025 ], [ -2.452241284476174, 56.704812780522225 ], [ -2.452235814288635, 56.704821204307883 ], [ -2.452230400226065, 56.70482964009247 ], [ -2.452225041349611, 56.704838087611208 ], [ -2.452219736720418, 56.704846546599327 ], [ -2.452214485399637, 56.704855016792024 ], [ -2.452210847481763, 56.704860951386252 ] ] ], [ [ [ -2.452025354263956, 56.705227056773722 ], [ -2.452021950688538, 56.705234778544352 ], [ -2.452018126521461, 56.705243478901366 ], [ -2.452014312474775, 56.705252178283239 ], [ -2.452010507609593, 56.705260876425207 ], [ -2.452006710987026, 56.705269573062452 ], [ -2.452002921668189, 56.705278267930233 ], [ -2.45199913871419, 56.705286960763758 ], [ -2.451995361186138, 56.705295651298236 ], [ -2.451991588145145, 56.705304339268892 ], [ -2.451987818652316, 56.705313024410948 ], [ -2.451984051768761, 56.705321706459607 ], [ -2.451980286555586, 56.705330385150134 ], [ -2.451976522073898, 56.705339060217682 ], [ -2.45197275755567, 56.705347731121307 ], [ -2.451968992966794, 56.705356396133631 ], [ -2.45196522847017, 56.705365053208837 ], [ -2.451961464228705, 56.705373700301074 ], [ -2.451957700405306, 56.705382335364526 ], [ -2.451953937162881, 56.705390956353341 ], [ -2.451950174664336, 56.705399561221704 ], [ -2.451946413072583, 56.705408147923777 ], [ -2.451942652550532, 56.705416714413715 ], [ -2.451938893261091, 56.705425258645711 ], [ -2.451935135367175, 56.705433778573912 ], [ -2.451931379031698, 56.705442272152482 ], [ -2.451927624417571, 56.705450737335617 ], [ -2.45192387168771, 56.705459172077447 ], [ -2.451920121005033, 56.705467574332182 ], [ -2.451916372532455, 56.705475942053958 ], [ -2.451912626432897, 56.705484273196937 ], [ -2.451908882869272, 56.705492565715318 ], [ -2.451905142004501, 56.705500817563241 ], [ -2.451901404176303, 56.705509026723028 ], [ -2.451897683580776, 56.705517193407793 ], [ -2.451894018096155, 56.705525321642931 ], [ -2.451890447918868, 56.705533415826878 ], [ -2.451887013245379, 56.705541480358171 ], [ -2.451883754272178, 56.705549519635362 ], [ -2.451880711195791, 56.705557538056929 ], [ -2.451877924212778, 56.705565540021382 ], [ -2.451875433519723, 56.705573529927307 ], [ -2.45187327931325, 56.705581512173161 ], [ -2.45187150179001, 56.705589491157504 ], [ -2.451870113466399, 56.705597465788415 ], [ -2.451868991293535, 56.705605408084324 ], [ -2.451867970786484, 56.705613281844755 ], [ -2.45186688744977, 56.705621050867194 ], [ -2.451865576787797, 56.705628678949061 ], [ -2.451863874304837, 56.705636129887836 ], [ -2.451861615505056, 56.705643367480917 ], [ -2.451858635892506, 56.705650355525734 ], [ -2.451854770971169, 56.705657057819664 ], [ -2.451849856244954, 56.705663438160073 ], [ -2.451843727217725, 56.705669460344261 ], [ -2.451836239794817, 56.705675093964167 ], [ -2.451827437987541, 56.70568036204034 ], [ -2.451817467317677, 56.705685316425701 ], [ -2.451806474295402, 56.705690009253956 ], [ -2.451794605430937, 56.705694492658807 ], [ -2.451782007234549, 56.705698818773975 ], [ -2.451768826216528, 56.705703039733251 ], [ -2.45175520888716, 56.705707207670486 ], [ -2.451741301756735, 56.705711374719556 ], [ -2.45172725133553, 56.705715593014446 ], [ -2.451723716001466, 56.705716680673561 ], [ -2.45172628677558, 56.705715535130928 ], [ -2.451738430364276, 56.705710070828822 ], [ -2.451750343853623, 56.705704585724376 ], [ -2.451761934478297, 56.705699050912173 ], [ -2.45177310947299, 56.705693437486815 ], [ -2.451783776072423, 56.705687716542897 ], [ -2.451793841511344, 56.705681859175108 ], [ -2.451803213024546, 56.705675836478093 ], [ -2.451811797846862, 56.705669619546562 ], [ -2.451819504552573, 56.705663179784054 ], [ -2.451826309528501, 56.705656504231179 ], [ -2.451832287626786, 56.705649602633834 ], [ -2.451837521438094, 56.705642486522322 ], [ -2.45184209355305, 56.705635167426941 ], [ -2.451846086562253, 56.705627656877958 ], [ -2.451849583056251, 56.705619966405635 ], [ -2.451852665625549, 56.705612107540155 ], [ -2.451855416860602, 56.705604091811786 ], [ -2.451857919351806, 56.705595930750704 ], [ -2.45186025568949, 56.705587635887113 ], [ -2.451862503228658, 56.705579219181971 ], [ -2.451864706317938, 56.705570695311984 ], [ -2.451866896476957, 56.705562080009436 ], [ -2.451869105196722, 56.705553389008998 ], [ -2.451871363968225, 56.705544638045268 ], [ -2.451873704282427, 56.705535842852896 ], [ -2.451876157630264, 56.705527019166524 ], [ -2.451878755502641, 56.70551818272078 ], [ -2.451881529390446, 56.705509349250278 ], [ -2.451884510703938, 56.705500534458658 ], [ -2.451887717234563, 56.705491748813998 ], [ -2.451891137937431, 56.705482991698659 ], [ -2.451894758095206, 56.705474261083182 ], [ -2.451898562990572, 56.705465554938087 ], [ -2.451902537906231, 56.70545687123392 ], [ -2.451906668124889, 56.70544820794121 ], [ -2.451910938929272, 56.705439563030481 ], [ -2.451915335602119, 56.705430934472304 ], [ -2.451919843426172, 56.705422320237197 ], [ -2.4519244476842, 56.705413718295702 ], [ -2.451929133658975, 56.705405126618373 ], [ -2.451933886633285, 56.705396543175745 ], [ -2.451938691889926, 56.705387965938385 ], [ -2.451943534711716, 56.705379392876843 ], [ -2.451948400381475, 56.705370821961644 ], [ -2.45195327418204, 56.705362251163365 ], [ -2.45195814139626, 56.70535367845256 ], [ -2.451962987306998, 56.7053451017998 ], [ -2.451967797218782, 56.705336519178708 ], [ -2.451972561101485, 56.705327929228268 ], [ -2.45197727937043, 56.705319332077046 ], [ -2.451981953859943, 56.705310728055935 ], [ -2.45198658640436, 56.705302117495883 ], [ -2.451991178838004, 56.705293500727791 ], [ -2.451995732995203, 56.705284878082566 ], [ -2.45200025071028, 56.70527624989117 ], [ -2.452004733817561, 56.70526761648447 ], [ -2.452009184151366, 56.705258978193427 ], [ -2.452013603546018, 56.705250335348936 ], [ -2.452017993835834, 56.705241688281923 ], [ -2.452022356855131, 56.705233037323296 ], [ -2.452025354263956, 56.705227056773722 ] ] ], [ [ [ -2.451570505026614, 56.705802314664645 ], [ -2.451565476198859, 56.705807582744164 ], [ -2.451558295550574, 56.705815565284979 ], [ -2.451551370677358, 56.70582367966243 ], [ -2.451544662369987, 56.705831906464219 ], [ -2.45153813141604, 56.705840226283321 ], [ -2.451531738603073, 56.705848619712746 ], [ -2.451525444718622, 56.705857067345477 ], [ -2.451519210550205, 56.705865549774472 ], [ -2.45151299688532, 56.705874047592715 ], [ -2.451506764511433, 56.705882541393166 ], [ -2.451500474215999, 56.705891011768777 ], [ -2.451494090223612, 56.705899440732914 ], [ -2.451487610750044, 56.705907824346149 ], [ -2.451481053404718, 56.705916166683643 ], [ -2.451474436023332, 56.705924471913995 ], [ -2.451467776441603, 56.705932744205931 ], [ -2.451461092495252, 56.705940987728084 ], [ -2.451454402020021, 56.705949206649116 ], [ -2.451447722851659, 56.70595740513771 ], [ -2.451441072825931, 56.705965587362535 ], [ -2.451434469778615, 56.705973757492288 ], [ -2.451427931545496, 56.705981919695617 ], [ -2.451421475962379, 56.705990078141234 ], [ -2.451415120865075, 56.705998236997829 ], [ -2.451408884089414, 56.706006400434099 ], [ -2.451402783471233, 56.706014572618727 ], [ -2.451401639790985, 56.706016146812686 ], [ -2.451403205705248, 56.706012847094335 ], [ -2.451407522730312, 56.706004040012218 ], [ -2.451411970900797, 56.705995260478225 ], [ -2.451416555263446, 56.705986511940139 ], [ -2.451421280864993, 56.705977797845769 ], [ -2.451426152752179, 56.705969121642894 ], [ -2.451431175971735, 56.705960486779333 ], [ -2.451436355570399, 56.705951896702864 ], [ -2.451441696594899, 56.705943354861247 ], [ -2.451447204091963, 56.705934864702314 ], [ -2.451452883108323, 56.705926429673795 ], [ -2.451458738690703, 56.705918053223535 ], [ -2.451464775885834, 56.705909738799278 ], [ -2.451470999740438, 56.705901489848834 ], [ -2.451477415301244, 56.705893309819942 ], [ -2.451484027614978, 56.705885202160395 ], [ -2.451490841728362, 56.705877170317976 ], [ -2.451497862688127, 56.705869217740471 ], [ -2.451505095541, 56.705861347875633 ], [ -2.45151254533371, 56.705853564171214 ], [ -2.451520217112984, 56.705845870075009 ], [ -2.451528115925558, 56.705838269034778 ], [ -2.451536246818166, 56.705830764498259 ], [ -2.451544614837541, 56.705823359913225 ], [ -2.451553225030422, 56.705816058727436 ], [ -2.451562082442972, 56.705808864389617 ], [ -2.451570505026614, 56.705802314664645 ] ] ], [ [ [ -2.45133619268272, 56.706190735705938 ], [ -2.451336273985099, 56.706195309113873 ], [ -2.451336602204303, 56.706204515795378 ], [ -2.451337038671529, 56.706213740766877 ], [ -2.451337526571963, 56.706222973486533 ], [ -2.451338009090745, 56.706232203412469 ], [ -2.451338429412949, 56.706241420002875 ], [ -2.451338730723601, 56.706250612715891 ], [ -2.451338856207665, 56.706259771009705 ], [ -2.451338749050058, 56.706268884342443 ], [ -2.451338352435637, 56.706277942172271 ], [ -2.451337609549209, 56.706286933957351 ], [ -2.451336463575532, 56.706295849155836 ], [ -2.451334857699316, 56.706304677225845 ], [ -2.451332735105226, 56.706313407625544 ], [ -2.451330038977884, 56.70632202981308 ], [ -2.451326712501867, 56.706330533246508 ], [ -2.451322698861726, 56.70633890738398 ], [ -2.451317955336764, 56.706347144509508 ], [ -2.451312538513632, 56.706355256817709 ], [ -2.451306547655109, 56.706363265059565 ], [ -2.451300082189048, 56.706371190019127 ], [ -2.451293241543374, 56.706379052480493 ], [ -2.451286125146089, 56.706386873227721 ], [ -2.451278832425258, 56.706394673044962 ], [ -2.451271462809021, 56.706402472716341 ], [ -2.451264115725576, 56.706410293025996 ], [ -2.451256890603192, 56.70641815475814 ], [ -2.451249882120672, 56.706426077663103 ], [ -2.451243118948251, 56.706434067123148 ], [ -2.451236581411536, 56.70644211799727 ], [ -2.451230248727152, 56.706450224903087 ], [ -2.451224100111706, 56.706458382458216 ], [ -2.451218114781797, 56.706466585280261 ], [ -2.451212271954009, 56.706474827986817 ], [ -2.451206550844908, 56.706483105195467 ], [ -2.451200930671051, 56.706491411523835 ], [ -2.451195390648982, 56.706499741589482 ], [ -2.451189909995219, 56.706508090009997 ], [ -2.45118446792628, 56.706516451402962 ], [ -2.451179043658659, 56.706524820385965 ], [ -2.451173616408831, 56.706533191576554 ], [ -2.451168165393267, 56.706541559592324 ], [ -2.451162669828414, 56.706549919050822 ], [ -2.451157108930704, 56.70655826456963 ], [ -2.451151461916561, 56.706566590766286 ], [ -2.451145708002386, 56.706574892258345 ], [ -2.45113982640457, 56.706583163663375 ], [ -2.451133796339484, 56.706591399598921 ], [ -2.451127598747955, 56.706599595118028 ], [ -2.451121230203691, 56.70660774922208 ], [ -2.451114695601925, 56.706615863014115 ], [ -2.451107999915225, 56.706623937616719 ], [ -2.451101148116158, 56.706631974152494 ], [ -2.4510941451773, 56.706639973743989 ], [ -2.451086996071229, 56.706647937513807 ], [ -2.451079705770528, 56.706655866584512 ], [ -2.451072279247786, 56.706663762078726 ], [ -2.451064721475591, 56.706671625119021 ], [ -2.451057037426541, 56.706679456827978 ], [ -2.451049232073232, 56.706687258328174 ], [ -2.451041310388267, 56.706695030742232 ], [ -2.451033277344254, 56.70670277519271 ], [ -2.451025137913801, 56.706710492802209 ], [ -2.451016897069526, 56.706718184693329 ], [ -2.45100855978404, 56.706725851988644 ], [ -2.451000131029967, 56.706733495810766 ], [ -2.45099161577993, 56.70674111728227 ], [ -2.450983019006557, 56.706748717525791 ], [ -2.450974345682477, 56.706756297663865 ], [ -2.450965600780326, 56.706763858819144 ], [ -2.450956789272738, 56.706771402114207 ], [ -2.450947916132354, 56.706778928671653 ], [ -2.450938986331818, 56.706786439614106 ], [ -2.450930004843776, 56.706793936064138 ], [ -2.450920976640879, 56.706801419144362 ], [ -2.450911906695774, 56.706808889977388 ], [ -2.450902799981121, 56.706816349685845 ], [ -2.450893661469578, 56.706823799392303 ], [ -2.450884496133801, 56.706831240219401 ], [ -2.450875308946458, 56.706838673289738 ], [ -2.450866104880219, 56.706846099725929 ], [ -2.450856888907742, 56.706853520650604 ], [ -2.450847666001712, 56.706860937186356 ], [ -2.450838441134799, 56.706868350455821 ], [ -2.45082921927968, 56.706875761581621 ], [ -2.450820005409037, 56.70688317168635 ], [ -2.450810804495555, 56.706890581892658 ], [ -2.450801621511915, 56.706897993323153 ], [ -2.450792461430815, 56.706905407100464 ], [ -2.450783329224938, 56.706912824347221 ], [ -2.450774229866988, 56.706920246186051 ], [ -2.450765168329657, 56.706927673739571 ], [ -2.450756149585646, 56.706935108130423 ], [ -2.45074717860766, 56.706942550481259 ], [ -2.450738260368403, 56.706950001914677 ], [ -2.450729399840592, 56.706957463553323 ], [ -2.45072060199693, 56.706964936519853 ], [ -2.450711871810138, 56.706972421936882 ], [ -2.450703214252933, 56.706979920927061 ], [ -2.450694634836404, 56.70698743466442 ], [ -2.450686166039355, 56.706994966898534 ], [ -2.450677879331758, 56.707002525102602 ], [ -2.450669849229633, 56.707010117040845 ], [ -2.450662150249059, 56.707017750477412 ], [ -2.450654856906163, 56.707025433176554 ], [ -2.450648043717138, 56.707033172902456 ], [ -2.450641785198226, 56.707040977419389 ], [ -2.450636155865745, 56.707048854491582 ], [ -2.450631230236064, 56.707056811883263 ], [ -2.450627082825625, 56.707064857358695 ], [ -2.450623753679804, 56.707072994495142 ], [ -2.450621124758093, 56.707081207668267 ], [ -2.450619032729382, 56.707089475752596 ], [ -2.450617314258686, 56.707097777622145 ], [ -2.450615806010886, 56.70710609215093 ], [ -2.450614344650724, 56.707114398213008 ], [ -2.450612766842799, 56.707122674682338 ], [ -2.450610909251575, 56.707130900432965 ], [ -2.450608608541376, 56.707139054338853 ], [ -2.450605701376392, 56.707147115273969 ], [ -2.450602024420691, 56.707155062112285 ], [ -2.450597445359171, 56.707162878455982 ], [ -2.45059201133605, 56.707170575260811 ], [ -2.450585833880956, 56.707178173296214 ], [ -2.450579024606711, 56.707185693344371 ], [ -2.45057169512623, 56.707193156187437 ], [ -2.450563957052497, 56.70720058260757 ], [ -2.450555921998575, 56.707207993387001 ], [ -2.450547701577594, 56.707215409307935 ], [ -2.450539407402762, 56.707222851152657 ], [ -2.450531151087348, 56.70723033970345 ], [ -2.450523041378684, 56.707237895161867 ], [ -2.450515128110562, 56.707245525791443 ], [ -2.450507405850312, 56.707253228656782 ], [ -2.450499867029623, 56.707261000389693 ], [ -2.45049250408018, 56.707268837622024 ], [ -2.450485309433668, 56.707276736985534 ], [ -2.450478275521771, 56.707284695112079 ], [ -2.450471394776168, 56.707292708633453 ], [ -2.450464659628535, 56.707300774181455 ], [ -2.450458062510545, 56.707308888387921 ], [ -2.450451595853873, 56.707317047884608 ], [ -2.450445252090187, 56.707325249303352 ], [ -2.450439023651149, 56.707333489275939 ], [ -2.450432902968422, 56.707341764434169 ], [ -2.450426882473663, 56.707350071409834 ], [ -2.450420954598524, 56.707358406834729 ], [ -2.450415111774657, 56.707366767340652 ], [ -2.450409346433704, 56.707375149559397 ], [ -2.450403651007305, 56.707383550122721 ], [ -2.4503980179271, 56.70739196566246 ], [ -2.450392439713871, 56.707400392839268 ], [ -2.450386912938792, 56.707408829626736 ], [ -2.450381439800167, 56.707417275822472 ], [ -2.450376022911543, 56.70742573135864 ], [ -2.450370664886457, 56.707434196167426 ], [ -2.450365368338458, 56.707442670181024 ], [ -2.450360135881096, 56.707451153331604 ], [ -2.450354970127921, 56.707459645551367 ], [ -2.450349873692484, 56.707468146772513 ], [ -2.450344849188346, 56.707476656927177 ], [ -2.450339899229062, 56.707485175947596 ], [ -2.450335026428197, 56.707493703765927 ], [ -2.450330233399311, 56.707502240314376 ], [ -2.45032552275597, 56.707510785525102 ], [ -2.450320897111744, 56.707519339330332 ], [ -2.450316359080204, 56.707527901662218 ], [ -2.450311911274923, 56.707536472452965 ], [ -2.450307556309477, 56.707545051634746 ], [ -2.450303296797447, 56.707553639139768 ], [ -2.45029913535241, 56.707562234900202 ], [ -2.450295074587953, 56.707570838848255 ], [ -2.450291117117665, 56.707579450916086 ], [ -2.450287265555128, 56.707588071035921 ], [ -2.450283522513939, 56.707596699139927 ], [ -2.450279890607688, 56.707605335160288 ], [ -2.450276372449974, 56.70761397902919 ], [ -2.450272970654396, 56.707622630678841 ], [ -2.450269687834555, 56.707631290041412 ], [ -2.450266526604053, 56.707639957049096 ], [ -2.450263489576501, 56.707648631634093 ], [ -2.450260579365506, 56.707657313728582 ], [ -2.450257798584679, 56.707666003264741 ], [ -2.450255149847637, 56.707674700174756 ], [ -2.450252635767995, 56.707683404390835 ], [ -2.450250258959374, 56.707692115845163 ], [ -2.450248022035395, 56.707700834469911 ], [ -2.450245927609682, 56.707709560197266 ], [ -2.450243978295866, 56.707718292959441 ], [ -2.450242176707572, 56.707727032688581 ], [ -2.450240525458438, 56.707735779316913 ], [ -2.450239027162095, 56.707744532776601 ], [ -2.450237684432182, 56.707753292999811 ], [ -2.450236499882339, 56.707762059918771 ], [ -2.450235476126212, 56.707770833465631 ], [ -2.450234615777442, 56.707779613572583 ], [ -2.450233921449679, 56.707788400171815 ], [ -2.450233395756574, 56.70779719319551 ], [ -2.45023304131178, 56.707805992575842 ], [ -2.450232860728955, 56.707814798245018 ], [ -2.450232856621754, 56.707823610135165 ], [ -2.450233031603842, 56.707832428178506 ], [ -2.450247327165212, 56.707923987594256 ], [ -2.450212005842018, 56.707827649821255 ], [ -2.450210634178125, 56.707818914536588 ], [ -2.450209455463088, 56.707810172936171 ], [ -2.450208468117789, 56.707801425714429 ], [ -2.450207670563112, 56.707792673565713 ], [ -2.450207061219942, 56.707783917184429 ], [ -2.450206638509168, 56.707775157264976 ], [ -2.450206400851677, 56.707766394501732 ], [ -2.450206346668357, 56.707757629589089 ], [ -2.450206474380103, 56.70774886322144 ], [ -2.450206782407802, 56.707740096093147 ], [ -2.45020726917235, 56.707731328898632 ], [ -2.450207933094644, 56.707722562332243 ], [ -2.450208772595579, 56.707713797088395 ], [ -2.450209786096054, 56.707705033861437 ], [ -2.450210972016967, 56.707696273345796 ], [ -2.450212328779221, 56.707687516235815 ], [ -2.45021385480372, 56.707678763225886 ], [ -2.450215548511367, 56.707670015010414 ], [ -2.450217408323069, 56.707661272283744 ], [ -2.450219432659737, 56.70765253574028 ], [ -2.450221619942277, 56.707643806074401 ], [ -2.450223968591602, 56.707635083980456 ], [ -2.450226477028627, 56.707626370152852 ], [ -2.450229143674266, 56.707617665285952 ], [ -2.450231966949437, 56.707608970074141 ], [ -2.45023494527506, 56.707600285211797 ], [ -2.450238077072055, 56.707591611393291 ], [ -2.450241360761344, 56.707582949312993 ], [ -2.450244794763853, 56.707574299665296 ], [ -2.45024837750051, 56.707565663144557 ], [ -2.450252107392243, 56.707557040445167 ], [ -2.450255982859983, 56.707548432261483 ], [ -2.450260002324665, 56.707539839287904 ], [ -2.45026416420722, 56.707531262218765 ], [ -2.450268466928589, 56.707522701748474 ], [ -2.450272908909712, 56.707514158571392 ], [ -2.450277488571526, 56.707505633381878 ], [ -2.450282204334977, 56.70749712687433 ], [ -2.450287054621012, 56.707488639743104 ], [ -2.450292037850579, 56.70748017268258 ], [ -2.450297152444628, 56.707471726387119 ], [ -2.450302396824108, 56.707463301551101 ], [ -2.450307769409976, 56.707454898868917 ], [ -2.450313268623192, 56.707446519034882 ], [ -2.450318892884709, 56.707438162743436 ], [ -2.450324640615494, 56.707429830688902 ], [ -2.450330510236507, 56.707421523565685 ], [ -2.450336500168717, 56.707413242068128 ], [ -2.450342608833088, 56.707404986890602 ], [ -2.450348834650596, 56.707396758727505 ], [ -2.4503551760239, 56.707388558268867 ], [ -2.450361628525761, 56.707380385536517 ], [ -2.450368181866792, 56.707372239168116 ], [ -2.450374825030022, 56.70736411762946 ], [ -2.450381546998492, 56.707356019386424 ], [ -2.450388336755253, 56.707347942904811 ], [ -2.450395183283361, 56.707339886650516 ], [ -2.450402075565882, 56.707331849089321 ], [ -2.450409002585894, 56.707323828687116 ], [ -2.450415953326475, 56.707315823909724 ], [ -2.450422916770719, 56.707307833223012 ], [ -2.450429881901724, 56.707299855092813 ], [ -2.450436837702602, 56.707291887985022 ], [ -2.450443773156461, 56.707283930365442 ], [ -2.450450677246432, 56.707275980699976 ], [ -2.450457538955646, 56.707268037454483 ], [ -2.450464347267239, 56.70726009909481 ], [ -2.450471091164361, 56.707252164086846 ], [ -2.450477759630173, 56.707244230896443 ], [ -2.450484341647835, 56.707236297989468 ], [ -2.450490826200522, 56.707228363831824 ], [ -2.450497202271414, 56.707220426889357 ], [ -2.450503458843698, 56.707212485627963 ], [ -2.450509584900578, 56.707204538513516 ], [ -2.450515569425255, 56.707196584011911 ], [ -2.450521401400946, 56.707188620589015 ], [ -2.450527069810871, 56.707180646710725 ], [ -2.450532563638267, 56.7071726608429 ], [ -2.450537871866369, 56.707164661451458 ], [ -2.45054298347843, 56.707156647002286 ], [ -2.450547887457707, 56.707148615961252 ], [ -2.450552575566479, 56.707140567078355 ], [ -2.450557079644752, 56.707132503200313 ], [ -2.450561461632561, 56.707124430250751 ], [ -2.450565784201971, 56.707116354228106 ], [ -2.450570110024993, 56.707108281130793 ], [ -2.450574501773588, 56.707100216957237 ], [ -2.450579022119662, 56.707092167705824 ], [ -2.450583733735078, 56.707084139374984 ], [ -2.450588699291643, 56.707076137963092 ], [ -2.450593981461117, 56.707068169468521 ], [ -2.450599642915213, 56.707060239889621 ], [ -2.450605730067163, 56.707052353735222 ], [ -2.450612220445444, 56.70704450920303 ], [ -2.450619073338301, 56.707036702819664 ], [ -2.450626248033888, 56.707028931111736 ], [ -2.450633703820389, 56.70702119060585 ], [ -2.450641399986027, 56.707013477828639 ], [ -2.450649295819052, 56.707005789306727 ], [ -2.450657350607747, 56.706998121566762 ], [ -2.450665523640421, 56.70699047113537 ], [ -2.45067377420542, 56.706982834539225 ], [ -2.450682064850374, 56.706975208538161 ], [ -2.450690382626026, 56.706967591644954 ], [ -2.450698725730041, 56.706959983169881 ], [ -2.450707092416291, 56.706952382427168 ], [ -2.450715480938654, 56.706944788731121 ], [ -2.450723889551003, 56.706937201395952 ], [ -2.450732316507214, 56.706929619735952 ], [ -2.450740760061164, 56.70692204306539 ], [ -2.450749218466732, 56.706914470698543 ], [ -2.450757689977795, 56.706906901949658 ], [ -2.450766172848232, 56.706899336132992 ], [ -2.450774665331925, 56.706891772562834 ], [ -2.450783165682753, 56.706884210553433 ], [ -2.450791672154596, 56.70687664941908 ], [ -2.450800183001338, 56.706869088474036 ], [ -2.450808696476866, 56.706861527032551 ], [ -2.450817210835057, 56.706853964408921 ], [ -2.450825724329801, 56.706846399917389 ], [ -2.450834235214979, 56.706838832872258 ], [ -2.450842741744484, 56.706831262587762 ], [ -2.450851242172198, 56.706823688378208 ], [ -2.450859734752008, 56.706816109557842 ], [ -2.450868217737806, 56.706808525440955 ], [ -2.450876689383479, 56.706800935341796 ], [ -2.45088514794292, 56.706793338574649 ], [ -2.450893591670017, 56.70678573445381 ], [ -2.450902018818664, 56.706778122293507 ], [ -2.450910427642753, 56.706770501408059 ], [ -2.450918816396177, 56.706762871111728 ], [ -2.450927183332832, 56.706755230718777 ], [ -2.450935526706612, 56.706747579543489 ], [ -2.450943844771413, 56.706739916900148 ], [ -2.450952135781133, 56.706732242103023 ], [ -2.450960397989668, 56.706724554466383 ], [ -2.450968629650919, 56.70671685330452 ], [ -2.450976829018784, 56.706709137931696 ], [ -2.450984994347162, 56.70670140766223 ], [ -2.450993123889958, 56.706693661810348 ], [ -2.451001215901073, 56.70668589969037 ], [ -2.451009268634409, 56.706678120616552 ], [ -2.45101728034387, 56.706670323903168 ], [ -2.451025249283365, 56.70666250886454 ], [ -2.451033173706797, 56.706654674814899 ], [ -2.451041051868074, 56.70664682106856 ], [ -2.451048882021103, 56.70663894693979 ], [ -2.451056662419795, 56.706631051742875 ], [ -2.451064391318059, 56.70662313479211 ], [ -2.451072066969809, 56.706615195401746 ], [ -2.451079687628956, 56.706607232886093 ], [ -2.451087251549413, 56.706599246559435 ], [ -2.451094756985092, 56.706591235736042 ], [ -2.451102202160941, 56.706583199760672 ], [ -2.451109584621283, 56.706575138694092 ], [ -2.451116901221818, 56.706567053321415 ], [ -2.451124148787692, 56.706558944459935 ], [ -2.451131324144039, 56.706550812926949 ], [ -2.451138424116002, 56.706542659539743 ], [ -2.451145445528732, 56.706534485115625 ], [ -2.451152385207378, 56.706526290471857 ], [ -2.451159239977095, 56.706518076425773 ], [ -2.451166006663043, 56.706509843794656 ], [ -2.451172682090381, 56.706501593395807 ], [ -2.451179263084279, 56.706493326046498 ], [ -2.451185746469901, 56.706485042564054 ], [ -2.451192129072421, 56.706476743765769 ], [ -2.451198407717018, 56.706468430468938 ], [ -2.451204579228872, 56.706460103490855 ], [ -2.451210640433164, 56.706451763648829 ], [ -2.451216588155081, 56.706443411760141 ], [ -2.451222419219814, 56.706435048642106 ], [ -2.451228130452558, 56.706426675112027 ], [ -2.451233718678509, 56.706418291987205 ], [ -2.451239180722869, 56.706409900084914 ], [ -2.451244513410844, 56.706401500222483 ], [ -2.451249713567639, 56.706393093217223 ], [ -2.451254778018468, 56.706384679886384 ], [ -2.451259703588546, 56.706376261047318 ], [ -2.451264487103088, 56.706367837517305 ], [ -2.451269125387318, 56.706359410113635 ], [ -2.451273615266462, 56.706350979653628 ], [ -2.451277953565746, 56.706342546954595 ], [ -2.451282137110402, 56.706334112833808 ], [ -2.45128616333983, 56.706325677999295 ], [ -2.451290037134787, 56.706317241835002 ], [ -2.451293768324188, 56.70630880284439 ], [ -2.451297366826266, 56.706300359515048 ], [ -2.451300842559249, 56.706291910334542 ], [ -2.451304205441359, 56.706283453790483 ], [ -2.45130746539081, 56.706274988370389 ], [ -2.451310632325804, 56.706266512561882 ], [ -2.451313716164528, 56.706258024852509 ], [ -2.451316726825172, 56.706249523729845 ], [ -2.451319674225905, 56.706241007681484 ], [ -2.451322568284897, 56.706232475194952 ], [ -2.4513254189203, 56.706223924757857 ], [ -2.451328236050262, 56.706215354857719 ], [ -2.45133102959292, 56.706206763982152 ], [ -2.4513338094664, 56.706198150618697 ], [ -2.45133619268272, 56.706190735705938 ] ] ] ] } }
]
}
