{
"type": "FeatureCollection",
"name": "Montrose_Uncertainty_RCP8_P95_2030",
"crs": { "type": "name", "properties": { "name": "urn:ogc:def:crs:OGC:1.3:CRS84" } },
"features": [
{ "type": "Feature", "properties": { "Poly_ID": "UncertaintyLower_0", "Method": "Open", "Scenario": 8, "SL_Percentile": 95, "Year": 2030, "UncertaintyInterval": 95, "LowerQ": 2.5, "UpperQ": 97.5 }, "geometry": { "type": "MultiPolygon", "coordinates": [ [ [ [ -2.451940950857308, 56.704695009630619 ], [ -2.451942182649208, 56.704692986661989 ], [ -2.451947433161742, 56.7046843287388 ], [ -2.451952661366838, 56.704675671082292 ], [ -2.451957866195502, 56.704667014101084 ], [ -2.451963046578738, 56.704658358203723 ], [ -2.451968201447551, 56.7046497037988 ], [ -2.451973329732947, 56.7046410512949 ], [ -2.451978430365935, 56.704632401100618 ], [ -2.451983502277522, 56.704623753624496 ], [ -2.451988544398722, 56.70461510927516 ], [ -2.451993555660543, 56.704606468461165 ], [ -2.451998534993999, 56.704597831591101 ], [ -2.452003481330103, 56.704589199073567 ], [ -2.452008393599868, 56.704580571317116 ], [ -2.452013270734316, 56.704571948730347 ], [ -2.452018111664458, 56.704563331721843 ], [ -2.452022915321315, 56.704554720700173 ], [ -2.452027680635906, 56.704546116073942 ], [ -2.452032406539252, 56.704537518251726 ], [ -2.452037091962374, 56.704528927642095 ], [ -2.452041735836297, 56.704520344653652 ], [ -2.45204633709204, 56.70451176969496 ], [ -2.452050894660635, 56.704503203174625 ], [ -2.452055407473102, 56.704494645501207 ], [ -2.45205987446047, 56.704486097083311 ], [ -2.452064294553772, 56.704477558329508 ], [ -2.45206866668403, 56.704469029648386 ], [ -2.45207298978228, 56.704460511448552 ], [ -2.452077262779551, 56.704452004138545 ], [ -2.452120013518055, 56.704353698818593 ], [ -2.452077388178215, 56.704452693521866 ], [ -2.452073160993938, 56.704461190064841 ], [ -2.452068876780288, 56.704469698766523 ], [ -2.452064536839479, 56.704478219181354 ], [ -2.452060142473721, 56.704486750863801 ], [ -2.452055694985236, 56.704495293368339 ], [ -2.452051195676235, 56.704503846249402 ], [ -2.452046645848939, 56.704512409061479 ], [ -2.452042046805565, 56.704520981359025 ], [ -2.452037399848336, 56.704529562696493 ], [ -2.452032706279474, 56.704538152628352 ], [ -2.4520279674012, 56.704546750709063 ], [ -2.452023184515742, 56.704555356493103 ], [ -2.452018358925324, 56.704563969534917 ], [ -2.452013491932174, 56.70457258938896 ], [ -2.45200858483852, 56.704581215609721 ], [ -2.452003638946593, 56.704589847751649 ], [ -2.451998655558624, 56.70459848536921 ], [ -2.451993635976847, 56.704607128016853 ], [ -2.451988581503493, 56.704615775249081 ], [ -2.4519834934408, 56.70462442662032 ], [ -2.451978373091009, 56.70463308168506 ], [ -2.451973221756352, 56.704641739997747 ], [ -2.451968040739071, 56.70465040111285 ], [ -2.451962831341407, 56.704659064584838 ], [ -2.451957594865607, 56.704667729968186 ], [ -2.451952332613909, 56.704676396817334 ], [ -2.451947045888561, 56.704685064686771 ], [ -2.45194173599181, 56.704693733130952 ], [ -2.451940950857308, 56.704695009630619 ] ] ], [ [ [ -2.451714241772003, 56.705053733438348 ], [ -2.451709969391817, 56.705060697903342 ], [ -2.451704928853611, 56.705068952003053 ], [ -2.451699922787355, 56.705077190625275 ], [ -2.451694951855568, 56.705085415990077 ], [ -2.451690016720768, 56.705093630317542 ], [ -2.45168511804548, 56.705101835827733 ], [ -2.451680256492224, 56.705110034740699 ], [ -2.451675432723514, 56.705118229276536 ], [ -2.451670647401869, 56.705126421655315 ], [ -2.451665901189812, 56.705134614097091 ], [ -2.451661194749856, 56.70514280882194 ], [ -2.45165652874452, 56.705151008049924 ], [ -2.451651903836319, 56.705159214001135 ], [ -2.451647320687769, 56.705167428895621 ], [ -2.451642779961388, 56.70517565495345 ], [ -2.451638282319686, 56.705183894394729 ], [ -2.451633828425182, 56.705192149439483 ], [ -2.451629418940388, 56.705200422307819 ], [ -2.451625054527818, 56.705208715219769 ], [ -2.451620735849987, 56.705217030395431 ], [ -2.45161646356941, 56.705225370054883 ], [ -2.451612238348597, 56.70523373641818 ], [ -2.451608060850059, 56.705242131705369 ], [ -2.451603931736313, 56.705250558136569 ], [ -2.451599851669872, 56.705259017931823 ], [ -2.451595821313249, 56.705267513311213 ], [ -2.451591841328951, 56.705276046494795 ], [ -2.451587912379495, 56.705284619702645 ], [ -2.451584035127391, 56.705293235154834 ], [ -2.451580210235156, 56.705301895071436 ], [ -2.451576438365298, 56.705310601672529 ], [ -2.451572720180332, 56.705319357178162 ], [ -2.45156905634277, 56.705328163808424 ], [ -2.451565447515126, 56.705337023783386 ], [ -2.451561894359911, 56.705345939323102 ], [ -2.451558397537565, 56.705354912651217 ], [ -2.451554957712287, 56.705363945984914 ], [ -2.451551575547013, 56.705373041543531 ], [ -2.451548251704264, 56.705382201547117 ], [ -2.451544986846552, 56.705391428215769 ], [ -2.451541781627077, 56.705400723762239 ], [ -2.451538633354867, 56.705410087787534 ], [ -2.451535531056498, 56.705419513423905 ], [ -2.451532462498447, 56.705428992819478 ], [ -2.451529415447188, 56.705438518122364 ], [ -2.451526377669177, 56.705448081480711 ], [ -2.451523336930868, 56.705457675042624 ], [ -2.451520280998697, 56.705467290956236 ], [ -2.4515171976391, 56.705476921369673 ], [ -2.451514074618491, 56.705486558431048 ], [ -2.451510899703286, 56.705496194288479 ], [ -2.451507660659884, 56.705505821090107 ], [ -2.451504345254678, 56.705515430983993 ], [ -2.451500941254043, 56.705525016118315 ], [ -2.451497436424356, 56.705534568641134 ], [ -2.451493818531981, 56.705544080700591 ], [ -2.451490075343266, 56.705553544444804 ], [ -2.451486194624567, 56.705562952021879 ], [ -2.451482164142211, 56.705572295579891 ], [ -2.451477971662535, 56.705581567266975 ], [ -2.451473604951862, 56.705590759231228 ], [ -2.451469051776507, 56.705599863620748 ], [ -2.451464299902786, 56.705608872583646 ], [ -2.451459337097004, 56.705617778267985 ], [ -2.451454151125465, 56.705626572821878 ], [ -2.451448729754466, 56.705635248393413 ], [ -2.451443060750308, 56.705643797130683 ], [ -2.45143713187928, 56.705652211181764 ], [ -2.451430930907684, 56.705660482694725 ], [ -2.451424445601813, 56.705668603817657 ], [ -2.451417663727962, 56.705676566698614 ], [ -2.451410573052432, 56.705684363485659 ], [ -2.451403161341525, 56.705691986326862 ], [ -2.451395416361546, 56.705699427370277 ], [ -2.451387325878815, 56.705706678763946 ], [ -2.451378877659648, 56.705713732655937 ], [ -2.451370059470376, 56.705720581194242 ], [ -2.451360859077341, 56.705727216526924 ], [ -2.451351264246894, 56.705733630801987 ], [ -2.451341262745399, 56.705739816167473 ], [ -2.451330842339235, 56.705745764771358 ], [ -2.451319990794803, 56.705751468761662 ], [ -2.45130869587851, 56.705756920286369 ], [ -2.451296945356796, 56.705762111493456 ], [ -2.451284726996112, 56.705767034530908 ], [ -2.451272028562938, 56.705771681546679 ], [ -2.45125883782378, 56.705776044688712 ], [ -2.451245142545165, 56.705780116104954 ], [ -2.451230930493653, 56.70578388794334 ], [ -2.451216189435839, 56.705787352351791 ], [ -2.451200907138345, 56.705790501478198 ], [ -2.451185073159937, 56.705793328167417 ], [ -2.451168720859791, 56.705795842298812 ], [ -2.451151928881705, 56.705798071363532 ], [ -2.451134777958533, 56.705800043665157 ], [ -2.451117348823117, 56.705801787507362 ], [ -2.451099722208268, 56.70580333119387 ], [ -2.451081978846771, 56.705804703028406 ], [ -2.451064199471368, 56.705805931314764 ], [ -2.451046464814763, 56.705807044356796 ], [ -2.451028855609617, 56.705808070458396 ], [ -2.451011452588544, 56.705809037923487 ], [ -2.450994336484114, 56.705809975056027 ], [ -2.45097758802885, 56.705810910160068 ], [ -2.450961287955238, 56.705811871539652 ], [ -2.45094551699572, 56.705812887498872 ], [ -2.450930355882701, 56.705813986341873 ], [ -2.450915885348564, 56.705815196372804 ], [ -2.450902186125667, 56.705816545895871 ], [ -2.45089956287423, 56.705816855715781 ], [ -2.450900608712437, 56.705816694136708 ], [ -2.450913967789769, 56.70581493358727 ], [ -2.450928095109301, 56.705813315472781 ], [ -2.450942906927795, 56.705811810467708 ], [ -2.450958319501998, 56.705810389246523 ], [ -2.450974249088635, 56.705809022483784 ], [ -2.450990611944396, 56.705807680854015 ], [ -2.451007324325937, 56.705806335031831 ], [ -2.451024302489875, 56.705804955691846 ], [ -2.451041462692781, 56.705803513508762 ], [ -2.45105872119119, 56.705801979157314 ], [ -2.451075994241593, 56.705800323312253 ], [ -2.451093198100441, 56.705798516648422 ], [ -2.45111024902415, 56.705796529840661 ], [ -2.451127063269106, 56.705794333563887 ], [ -2.451143557091666, 56.705791898493054 ], [ -2.451159646748167, 56.705789195303176 ], [ -2.451175251036799, 56.705786195650226 ], [ -2.451190336875433, 56.705782889760613 ], [ -2.451204914173095, 56.705779284451928 ], [ -2.451218994350889, 56.705775387125257 ], [ -2.451232588829952, 56.705771205181691 ], [ -2.451245709031445, 56.705766746022277 ], [ -2.451258366376555, 56.705762017048109 ], [ -2.4512705722865, 56.70575702566024 ], [ -2.451282338182518, 56.7057517792597 ], [ -2.451293675485857, 56.705746285247542 ], [ -2.4513045956178, 56.705740551024761 ], [ -2.45131510999964, 56.705734583992403 ], [ -2.451325230052687, 56.705728391551482 ], [ -2.451334967198267, 56.705721981102982 ], [ -2.45134433285772, 56.705715360047897 ], [ -2.451353338452392, 56.705708535787231 ], [ -2.451361995403647, 56.705701515721941 ], [ -2.451370315132858, 56.70569430725304 ], [ -2.451378309061401, 56.705686917781478 ], [ -2.451385988610664, 56.705679354708202 ], [ -2.451393365202036, 56.705671625434199 ], [ -2.451400450256914, 56.705663737360425 ], [ -2.451407255196695, 56.705655697887799 ], [ -2.451413791442785, 56.705647514417308 ], [ -2.451420070416586, 56.70563919434985 ], [ -2.451426103539502, 56.705630745086388 ], [ -2.451431902232938, 56.705622174027845 ], [ -2.451437477918294, 56.705613488575175 ], [ -2.451442842016973, 56.705604696129264 ], [ -2.451448005950372, 56.705595804091068 ], [ -2.451452981139885, 56.705586819861487 ], [ -2.451457779006906, 56.705577750841449 ], [ -2.451462410972813, 56.705568604431889 ], [ -2.451466888458993, 56.705559388033691 ], [ -2.451471222886821, 56.705550109047778 ], [ -2.45147542567766, 56.705540774875054 ], [ -2.451479508252876, 56.70553139291642 ], [ -2.451483482033821, 56.705521970572818 ], [ -2.451487358441842, 56.705512515245104 ], [ -2.451491148898278, 56.705503034334207 ], [ -2.451494864824459, 56.705493535241011 ], [ -2.451498517641706, 56.705484025366431 ], [ -2.451502118771336, 56.705474512111365 ], [ -2.451505679634652, 56.705465002876693 ], [ -2.45150921165295, 56.705455505063334 ], [ -2.45151272624752, 56.70544602607216 ], [ -2.451516234839636, 56.70543657330407 ], [ -2.451519748850572, 56.705427154159963 ], [ -2.45152327970159, 56.705417776040726 ], [ -2.451526838813936, 56.705408446347235 ], [ -2.451530437608863, 56.705399172480391 ], [ -2.451534086497132, 56.705389961055097 ], [ -2.451537788257201, 56.705380812749638 ], [ -2.451541542181328, 56.705371725530611 ], [ -2.451545347543881, 56.705362697350701 ], [ -2.451549203619219, 56.705353726162585 ], [ -2.451553109681712, 56.705344809918977 ], [ -2.451557065005724, 56.705335946572525 ], [ -2.451561068865623, 56.705327134075915 ], [ -2.451565120533053, 56.705318370386507 ], [ -2.451569219284916, 56.705309653452673 ], [ -2.451573364395737, 56.705300981226792 ], [ -2.451577555139884, 56.705292351661527 ], [ -2.451581790791727, 56.705283762709598 ], [ -2.45158607062563, 56.70527521232367 ], [ -2.451590393915966, 56.705266698456434 ], [ -2.451594759937097, 56.705258219060561 ], [ -2.451599167963393, 56.705249772088756 ], [ -2.451603617269217, 56.705241355493676 ], [ -2.451608107128944, 56.705232967228021 ], [ -2.451612636816934, 56.705224605244481 ], [ -2.451617205607558, 56.705216267495722 ], [ -2.45162181277518, 56.705207951934433 ], [ -2.451626457594168, 56.705199656513308 ], [ -2.45163113933889, 56.705191379185024 ], [ -2.451635857283708, 56.705183117902259 ], [ -2.45164061070299, 56.705174870617725 ], [ -2.451645398871101, 56.705166635284066 ], [ -2.451650221062406, 56.705158409853993 ], [ -2.451655076551273, 56.705150192280186 ], [ -2.45165996461206, 56.705141980515322 ], [ -2.451664884519138, 56.705133772512077 ], [ -2.451669835546864, 56.705125566223181 ], [ -2.451674816969605, 56.70511735960126 ], [ -2.451679828061722, 56.705109150599036 ], [ -2.451684868097581, 56.705100937169178 ], [ -2.451689936351538, 56.705092717264378 ], [ -2.45169503209796, 56.705084488837301 ], [ -2.451700154611204, 56.70507624984068 ], [ -2.451705303165632, 56.70506799822715 ], [ -2.451710477035606, 56.705059731949433 ], [ -2.451714241772003, 56.705053733438348 ] ] ], [ [ [ -2.45082892804918, 56.70585873885576 ], [ -2.450829176189664, 56.705859279817794 ], [ -2.450832740527956, 56.705865137025818 ], [ -2.450837187318302, 56.705871330224397 ], [ -2.450842357437774, 56.705877837981191 ], [ -2.450848091763375, 56.705884638863886 ], [ -2.450854231172003, 56.705891711440174 ], [ -2.450860616540439, 56.705899034277785 ], [ -2.450867088745349, 56.705906585944476 ], [ -2.450873488663252, 56.705914345008054 ], [ -2.450879657170532, 56.705922290036334 ], [ -2.45088543514341, 56.705930399597165 ], [ -2.450890663457954, 56.705938652258418 ], [ -2.450895184940395, 56.705947026732147 ], [ -2.450898926718094, 56.705955507959381 ], [ -2.450901930605397, 56.705964089355469 ], [ -2.450904246625222, 56.705972764942238 ], [ -2.450905924800523, 56.705981528741489 ], [ -2.450907015154287, 56.705990374775048 ], [ -2.450907567709542, 56.705999297064672 ], [ -2.450907632489353, 56.706008289632194 ], [ -2.450907259516828, 56.706017346499351 ], [ -2.450906498815119, 56.706026461687948 ], [ -2.450905400407422, 56.70603562921972 ], [ -2.450904367547777, 56.70604249505071 ], [ -2.45090455331117, 56.706034897045413 ], [ -2.450904513111745, 56.706025775362328 ], [ -2.450904174234037, 56.706016706951587 ], [ -2.450903502378814, 56.706007697482697 ], [ -2.450902463246874, 56.705998752625142 ], [ -2.450901022539039, 56.705989878048356 ], [ -2.450899145956159, 56.705981079421839 ], [ -2.450896799199116, 56.705972362415061 ], [ -2.450893947968807, 56.705963732697448 ], [ -2.450890557966158, 56.705955195938479 ], [ -2.450886594892115, 56.705946757807567 ], [ -2.450882033770277, 56.705938424761086 ], [ -2.450876952831244, 56.705930211967349 ], [ -2.450871494515845, 56.705922140014806 ], [ -2.450865802233124, 56.705914229573715 ], [ -2.450860019391996, 56.705906501314303 ], [ -2.450854289401234, 56.705898975906827 ], [ -2.450848755669488, 56.705891674021629 ], [ -2.450843561605289, 56.705884616329037 ], [ -2.450838850617063, 56.705877823499378 ], [ -2.450834766113137, 56.705871316203023 ], [ -2.450831451501759, 56.705865115110385 ], [ -2.45082905019111, 56.705859240891812 ], [ -2.45082892804918, 56.70585873885576 ] ] ], [ [ [ -2.450889481387273, 56.70629829072687 ], [ -2.450890190528956, 56.706303253033539 ], [ -2.450891524248462, 56.706312234905802 ], [ -2.45089289381561, 56.706321196469084 ], [ -2.450894287807139, 56.70633013762648 ], [ -2.450895694799787, 56.706339058281117 ], [ -2.450897103370274, 56.706347958336082 ], [ -2.45089850209531, 56.706356837694507 ], [ -2.450899879551596, 56.706365696259489 ], [ -2.450901224315824, 56.706374533934159 ], [ -2.450902524964671, 56.706383350621579 ], [ -2.450903770074805, 56.706392146224935 ], [ -2.450904948222885, 56.706400920647297 ], [ -2.450906047985562, 56.706409673791796 ], [ -2.450907057939469, 56.706418405561536 ], [ -2.450907966661237, 56.706427115859633 ], [ -2.450908762727478, 56.706435804589198 ], [ -2.450909434714803, 56.706444471653363 ], [ -2.450909971199807, 56.706453116955224 ], [ -2.450910360759078, 56.706461740397899 ], [ -2.45091059196919, 56.706470341884518 ], [ -2.450910653406714, 56.706478921318173 ], [ -2.450910533648205, 56.706487478601993 ], [ -2.450910221270208, 56.706496013639089 ], [ -2.450909704849267, 56.706504526332566 ], [ -2.45090897322719, 56.706513016592154 ], [ -2.450908021729457, 56.706521484489663 ], [ -2.450906852384925, 56.706529930264416 ], [ -2.450905467531681, 56.706538354163484 ], [ -2.450903869507816, 56.706546756433873 ], [ -2.450902060651425, 56.706555137322688 ], [ -2.450900043300608, 56.706563497076992 ], [ -2.450897819793467, 56.706571835943791 ], [ -2.450895392468101, 56.706580154170162 ], [ -2.45089276366262, 56.706588452003174 ], [ -2.450889935715128, 56.706596729689835 ], [ -2.450886910963741, 56.706604987477235 ], [ -2.450883691746573, 56.706613225612415 ], [ -2.450880280401738, 56.706621444342403 ], [ -2.450876679267355, 56.706629643914262 ], [ -2.450872890681545, 56.706637824575047 ], [ -2.450868916982435, 56.706645986571807 ], [ -2.450864760508151, 56.706654130151549 ], [ -2.450860423596817, 56.706662255561376 ], [ -2.45085590858657, 56.706670363048289 ], [ -2.450851217815542, 56.706678452859371 ], [ -2.450846353621867, 56.706686525241622 ], [ -2.450841318343688, 56.706694580442097 ], [ -2.450836114319141, 56.706702618707887 ], [ -2.450830743886371, 56.706710640285991 ], [ -2.450825209383525, 56.70671864542345 ], [ -2.450819513148749, 56.706726634367321 ], [ -2.450813657520193, 56.706734607364645 ], [ -2.450807644836009, 56.706742564662477 ], [ -2.450801477434352, 56.706750506507831 ], [ -2.45079515765338, 56.706758433147769 ], [ -2.450788687831247, 56.706766344829333 ], [ -2.450782070306118, 56.706774241799558 ], [ -2.450775307416156, 56.706782124305484 ], [ -2.450768401499524, 56.706789992594175 ], [ -2.450761354894392, 56.706797846912643 ], [ -2.450754169938925, 56.706805687507945 ], [ -2.450746848971298, 56.706813514627136 ], [ -2.450739394329681, 56.706821328517222 ], [ -2.450731808352256, 56.706829129425287 ], [ -2.450724093377195, 56.706836917598338 ], [ -2.450716251742675, 56.706844693283443 ], [ -2.450708285786884, 56.706852456727631 ], [ -2.450700197861178, 56.706860208179847 ], [ -2.450691991461047, 56.706867948053173 ], [ -2.450683672095543, 56.706875677049631 ], [ -2.45067524547841, 56.70688339590059 ], [ -2.450666717323389, 56.706891105337412 ], [ -2.450658093344232, 56.706898806091495 ], [ -2.450649379254688, 56.70690649889422 ], [ -2.450640580768516, 56.706914184476965 ], [ -2.450631703599473, 56.70692186357109 ], [ -2.450622753461329, 56.706929536908007 ], [ -2.450613736067852, 56.706937205219091 ], [ -2.450604657132812, 56.706944869235741 ], [ -2.450595522369989, 56.706952529689325 ], [ -2.45058633749316, 56.706960187311232 ], [ -2.450577108216114, 56.706967842832874 ], [ -2.450567840252638, 56.706975496985642 ], [ -2.450558539316522, 56.706983150500911 ], [ -2.450549211121567, 56.706990804110092 ], [ -2.45053986138157, 56.706998458544582 ], [ -2.450530495810339, 56.707006114535794 ], [ -2.450521120121677, 56.707013772815095 ], [ -2.450511740029401, 56.707021434113933 ], [ -2.450502361247326, 56.707029099163663 ], [ -2.450492989489272, 56.707036768695744 ], [ -2.450483630469062, 56.707044443441518 ], [ -2.450474289900524, 56.707052124132467 ], [ -2.450464973497491, 56.707059811499974 ], [ -2.4504556869738, 56.70706750627545 ], [ -2.450446436043289, 56.707075209190307 ], [ -2.450437226419799, 56.707082920975957 ], [ -2.450428063817184, 56.707090642363845 ], [ -2.450418953949292, 56.707098374085369 ], [ -2.450409902529981, 56.707106116871948 ], [ -2.450400915273108, 56.707113871455007 ], [ -2.45039199789254, 56.707121638566001 ], [ -2.450383156102145, 56.707129418936297 ], [ -2.450374395615793, 56.707137213297401 ], [ -2.450365722147366, 56.707145022380658 ], [ -2.450357141410737, 56.707152846917573 ], [ -2.450348659119798, 56.707160687639522 ], [ -2.450340280988436, 56.707168545277973 ], [ -2.450332012730546, 56.707176420564359 ], [ -2.450323860060027, 56.707184314230091 ], [ -2.45031582869078, 56.70719222700663 ], [ -2.450307924336713, 56.707200159625408 ], [ -2.450300152711738, 56.707208112817845 ], [ -2.450292519529772, 56.707216087315409 ], [ -2.450285030504737, 56.707224083849532 ], [ -2.450277691350558, 56.707232103151661 ], [ -2.450270507781166, 56.707240145953236 ], [ -2.450263485510499, 56.707248212985675 ], [ -2.450256629792257, 56.707256304919547 ], [ -2.450249940945978, 56.707264421772237 ], [ -2.450243416294951, 56.707272563164558 ], [ -2.450237053120286, 56.707280728711751 ], [ -2.450230848703089, 56.707288918029036 ], [ -2.450224800324475, 56.707297130731661 ], [ -2.450218905265544, 56.707305366434838 ], [ -2.450213160807406, 56.707313624753759 ], [ -2.450207564231163, 56.707321905303708 ], [ -2.450202112817918, 56.707330207699869 ], [ -2.450196803848771, 56.707338531557475 ], [ -2.450191634604823, 56.707346876491748 ], [ -2.450186602367169, 56.70735524211792 ], [ -2.450181704416904, 56.707363628051198 ], [ -2.450176938035123, 56.7073720339068 ], [ -2.450172300502916, 56.707380459299941 ], [ -2.450167789101375, 56.707388903845839 ], [ -2.450163401111589, 56.707397367159714 ], [ -2.45015913381464, 56.70740584885678 ], [ -2.450154984491615, 56.707414348552263 ], [ -2.450150950423598, 56.707422865861361 ], [ -2.450147028891666, 56.707431400399287 ], [ -2.450143217176899, 56.707439951781268 ], [ -2.450139512560374, 56.707448519622503 ], [ -2.450135912323165, 56.707457103538211 ], [ -2.450132413746342, 56.707465703143612 ], [ -2.45012901411098, 56.707474318053883 ], [ -2.450125710698142, 56.707482947884294 ], [ -2.450122500788896, 56.707491592249987 ], [ -2.450119381664309, 56.707500250766209 ], [ -2.450116350605436, 56.707508923048145 ], [ -2.450113404893342, 56.707517608711036 ], [ -2.450110541809084, 56.70752630737006 ], [ -2.450107758633713, 56.707535018640456 ], [ -2.450105052648288, 56.707543742137389 ], [ -2.450102421133852, 56.707552477476092 ], [ -2.45009986137146, 56.707561224271778 ], [ -2.450097370642155, 56.707569982139617 ], [ -2.450094946226983, 56.70757875069485 ], [ -2.45009258540698, 56.707587529552676 ], [ -2.450090285463192, 56.707596318328285 ], [ -2.450088043676654, 56.707605116636891 ], [ -2.450085857328395, 56.7076139240937 ], [ -2.450083723699453, 56.707622740313909 ], [ -2.450081640070857, 56.707631564912731 ], [ -2.450079603723631, 56.707640397505358 ], [ -2.450077611938803, 56.70764923770701 ], [ -2.450075661997396, 56.707658085132884 ], [ -2.450073751180426, 56.707666939398159 ], [ -2.450071876768913, 56.707675800118068 ], [ -2.450070036043874, 56.707684666907788 ], [ -2.45006822628632, 56.707693539382547 ], [ -2.450066444777261, 56.707702417157542 ], [ -2.450064688797705, 56.707711299847951 ], [ -2.450062955628658, 56.707720187068993 ], [ -2.450061242551122, 56.707729078435889 ], [ -2.450059546846097, 56.707737973563802 ], [ -2.450057865794584, 56.707746872067958 ], [ -2.450056196677576, 56.707755773563548 ], [ -2.450054536776064, 56.707764677665779 ], [ -2.450052883371045, 56.707773583989855 ], [ -2.450051233743499, 56.707782492150955 ], [ -2.450049585174415, 56.707791401764311 ], [ -2.450047934944777, 56.707800312445109 ], [ -2.450046280335564, 56.707809223808546 ], [ -2.450044618627756, 56.707818135469822 ], [ -2.450042947102325, 56.707827047044127 ], [ -2.45004126304025, 56.707835958146696 ], [ -2.450039563722493, 56.707844868392705 ], [ -2.450037846430028, 56.707853777397361 ], [ -2.45003610844382, 56.707862684775826 ], [ -2.450034347044828, 56.707871590143348 ], [ -2.450032559514017, 56.70788049311512 ], [ -2.450030743132345, 56.707889393306303 ], [ -2.450028895180764, 56.707898290332132 ], [ -2.450027012940229, 56.707907183807812 ], [ -2.450025093691692, 56.7079160733485 ], [ -2.450023134716098, 56.707924958569428 ], [ -2.450021133294396, 56.70793383908579 ], [ -2.450019086707526, 56.707942714512782 ], [ -2.450016992236433, 56.707951584465597 ], [ -2.450014847491488, 56.707960448605228 ], [ -2.450012652241509, 56.707969306892878 ], [ -2.450010407124273, 56.707978159410551 ], [ -2.450008112779942, 56.707987006240572 ], [ -2.450005769848683, 56.707995847465291 ], [ -2.450003378970659, 56.708004683167054 ], [ -2.450000940786038, 56.70801351342822 ], [ -2.449998455934983, 56.708022338331091 ], [ -2.449995925057658, 56.708031157958047 ], [ -2.449993348794237, 56.708039972391404 ], [ -2.44999072778488, 56.708048781713529 ], [ -2.449988062669759, 56.708057586006738 ], [ -2.449985354089044, 56.708066385353412 ], [ -2.449982602682903, 56.708075179835824 ], [ -2.449979809091505, 56.708083969536396 ], [ -2.449976973955021, 56.708092754537439 ], [ -2.449974097913624, 56.708101534921283 ], [ -2.449971181607484, 56.70811031077028 ], [ -2.449968225676773, 56.708119082166775 ], [ -2.449965230761667, 56.708127849193104 ], [ -2.449962197502337, 56.708136611931614 ], [ -2.449959126538959, 56.708145370464649 ], [ -2.449956018511705, 56.70815412487454 ], [ -2.449952874060754, 56.708162875243659 ], [ -2.44994969382628, 56.708171621654309 ], [ -2.449946478448458, 56.708180364188877 ], [ -2.449943228572153, 56.708189102933467 ], [ -2.449939944837145, 56.708197837970111 ], [ -2.449936627879314, 56.70820656937768 ], [ -2.449933278338834, 56.708215297238524 ], [ -2.449929896855892, 56.708224021634962 ], [ -2.449926484070665, 56.708232742649351 ], [ -2.449923040623332, 56.708241460364029 ], [ -2.449919567154078, 56.708250174861341 ], [ -2.44991606430308, 56.708258886223632 ], [ -2.449912532710524, 56.708267594533247 ], [ -2.449908973016592, 56.708276299872523 ], [ -2.449905385861466, 56.708285002323812 ], [ -2.449901771885333, 56.708293701969446 ], [ -2.449898131728375, 56.708302398891789 ], [ -2.44989446603078, 56.708311093173165 ], [ -2.449890775432732, 56.708319784895899 ], [ -2.449887060574418, 56.708328474142398 ], [ -2.449883322096024, 56.708337160994944 ], [ -2.449879560637737, 56.708345845535902 ], [ -2.449875776839749, 56.708354527847625 ], [ -2.449871971342245, 56.708363208012443 ], [ -2.449868144785415, 56.708371886112708 ], [ -2.449864297809451, 56.708380562230772 ], [ -2.449860431054541, 56.708389236448951 ], [ -2.449856545160876, 56.708397908849612 ], [ -2.449852640768649, 56.708406579515099 ], [ -2.44984871851805, 56.70841524852775 ], [ -2.449844779049274, 56.708423915969902 ], [ -2.44984082300251, 56.708432581923915 ], [ -2.449836851017957, 56.708441246472134 ], [ -2.449832863735808, 56.708449909696888 ], [ -2.449828861796257, 56.708458571680531 ], [ -2.449824845839495, 56.708467232505413 ], [ -2.449820816505727, 56.708475892253865 ], [ -2.449816774435142, 56.708484551008233 ], [ -2.449812720267944, 56.708493208850889 ], [ -2.449808654644323, 56.708501865864143 ], [ -2.449804578204482, 56.708510522130346 ], [ -2.449800491588618, 56.708519177731873 ], [ -2.449796395436934, 56.708527832751038 ], [ -2.449792290389624, 56.708536487270194 ], [ -2.449788177086891, 56.708545141371694 ], [ -2.449784056168937, 56.708553795137874 ], [ -2.449779928275964, 56.70856244865108 ], [ -2.449775794048171, 56.70857110199367 ], [ -2.449771654125765, 56.708579755247968 ], [ -2.449767509148945, 56.708588408496354 ], [ -2.449763359757917, 56.708597061821145 ], [ -2.449759206592883, 56.708605715304678 ], [ -2.449755050294053, 56.708614369029334 ], [ -2.449750891501629, 56.708623023077429 ], [ -2.449746730855817, 56.708631677531329 ], [ -2.44974256899682, 56.708640332473379 ], [ -2.449738406564853, 56.708648987985924 ], [ -2.449734244200119, 56.708657644151295 ], [ -2.449730082542824, 56.708666301051842 ], [ -2.449725922233182, 56.708674958769919 ], [ -2.449721763911399, 56.708683617387891 ], [ -2.449717608217687, 56.708692276988081 ], [ -2.449713455792253, 56.708700937652829 ], [ -2.449709307275309, 56.708709599464505 ], [ -2.449705163307069, 56.708718262505435 ], [ -2.449701024527743, 56.708726926857985 ], [ -2.449696891577545, 56.708735592604512 ], [ -2.449692765096005, 56.708744259827213 ], [ -2.449688645558255, 56.708752928584836 ], [ -2.449684533062317, 56.708761598882013 ], [ -2.449680427653553, 56.708770270715803 ], [ -2.449676329377322, 56.708778944083363 ], [ -2.449672238278987, 56.708787618981766 ], [ -2.449668154403911, 56.708796295408114 ], [ -2.449664077797452, 56.708804973359506 ], [ -2.449660008504972, 56.708813652833051 ], [ -2.449655946571833, 56.708822333825836 ], [ -2.449651892043398, 56.708831016334976 ], [ -2.449647844965027, 56.708839700357551 ], [ -2.449643805382082, 56.70884838589069 ], [ -2.449639773339924, 56.708857072931465 ], [ -2.449635748883916, 56.708865761477007 ], [ -2.449631732059417, 56.708874451524373 ], [ -2.449627722911794, 56.708883143070707 ], [ -2.449623721486401, 56.708891836113075 ], [ -2.449619727828607, 56.708900530648606 ], [ -2.44961574198377, 56.708909226674379 ], [ -2.449611763997255, 56.708917924187503 ], [ -2.449607793914419, 56.708926623185086 ], [ -2.44960383178063, 56.708935323664214 ], [ -2.449599877641244, 56.708944025621996 ], [ -2.44959593154163, 56.708952729055525 ], [ -2.449591993527144, 56.708961433961903 ], [ -2.449588063643152, 56.708970140338245 ], [ -2.449584141935014, 56.708978848181623 ], [ -2.449580228448093, 56.708987557489159 ], [ -2.449576323227752, 56.708996268257955 ], [ -2.449572426319352, 56.709004980485098 ], [ -2.449568537768257, 56.709013694167702 ], [ -2.449564657619829, 56.709022409302854 ], [ -2.449560785919429, 56.709031125887662 ], [ -2.449556922712423, 56.709039843919243 ], [ -2.44955306804417, 56.709048563394653 ], [ -2.449549221960035, 56.709057284311029 ], [ -2.44954538450538, 56.709066006665452 ], [ -2.449541555725567, 56.709074730455043 ], [ -2.449537735665958, 56.709083455676883 ], [ -2.449533924371919, 56.709092182328092 ], [ -2.449530121888812, 56.709100910405745 ], [ -2.449526328261998, 56.709109639906963 ], [ -2.449522543536841, 56.709118370828833 ], [ -2.449518767758704, 56.709127103168463 ], [ -2.449515000972949, 56.709135836922961 ], [ -2.449511243224944, 56.709144572089414 ], [ -2.449507494560045, 56.709153308664924 ], [ -2.44950375502362, 56.709162046646604 ], [ -2.449500024661027, 56.709170786031521 ], [ -2.449496303517637, 56.709179526816833 ], [ -2.449492591638809, 56.709188268999576 ], [ -2.449488889069905, 56.709197012576887 ], [ -2.449485195856294, 56.709205757545874 ], [ -2.449481512043332, 56.709214503903617 ], [ -2.449477837676388, 56.709223251647224 ], [ -2.449474172800824, 56.709232000773795 ], [ -2.449470517462004, 56.709240751280419 ], [ -2.449466871705291, 56.709249503164216 ], [ -2.449463235576047, 56.709258256422288 ], [ -2.449459609119637, 56.709267011051708 ], [ -2.449455992381428, 56.709275767049597 ], [ -2.44945238540678, 56.709284524413079 ], [ -2.449448788241059, 56.709293283139189 ], [ -2.449445200929626, 56.709302043225087 ], [ -2.44944162351785, 56.709310804667837 ], [ -2.449438056051088, 56.709319567464576 ], [ -2.44943449857471, 56.709328331612376 ], [ -2.449430951134078, 56.709337097108346 ], [ -2.449427413774557, 56.709345863949579 ], [ -2.44942388654151, 56.709354632133184 ], [ -2.449420369480301, 56.709363401656255 ], [ -2.449416862636295, 56.709372172515906 ], [ -2.449413366054857, 56.709380944709224 ], [ -2.449409879781351, 56.709389718233318 ], [ -2.449406403861141, 56.709398493085281 ], [ -2.449402938339591, 56.709407269262236 ], [ -2.449399483262068, 56.709416046761227 ], [ -2.449396038673934, 56.709424825579404 ], [ -2.449392604620554, 56.709433605713869 ], [ -2.449389181147294, 56.709442387161701 ], [ -2.449385768299516, 56.709451169920008 ], [ -2.449382366122586, 56.709459953985892 ], [ -2.449378974661871, 56.70946873935646 ], [ -2.449375593962734, 56.709477526028792 ], [ -2.449372224070539, 56.70948631400001 ], [ -2.449368865030652, 56.709495103267201 ], [ -2.449365516888438, 56.709503893827467 ], [ -2.449362179689262, 56.709512685677922 ], [ -2.449358853478492, 56.709521478815645 ], [ -2.449355538301484, 56.70953027323776 ], [ -2.449352234203614, 56.709539068941332 ], [ -2.449348941230242, 56.709547865923518 ], [ -2.449345659426732, 56.709556664181363 ], [ -2.449342388838452, 56.709565463711996 ], [ -2.449339129510766, 56.709574264512511 ], [ -2.44933588148904, 56.709583066580009 ], [ -2.449332644818638, 56.709591869911605 ], [ -2.449329419544929, 56.709600674504365 ], [ -2.449326205713275, 56.709609480355418 ], [ -2.449323003369041, 56.709618287461851 ], [ -2.449319812557597, 56.709627095820764 ], [ -2.449316633324308, 56.70963590542928 ], [ -2.449313465714533, 56.70964471628448 ], [ -2.449310309773644, 56.709653528383463 ], [ -2.449307165547006, 56.70966234172333 ], [ -2.449304033079982, 56.709671156301177 ], [ -2.449300912417943, 56.709679972114131 ], [ -2.449297803606251, 56.709688789159266 ], [ -2.449294706690273, 56.709697607433711 ], [ -2.449291621715374, 56.709706426934517 ], [ -2.449288548726923, 56.709715247658828 ], [ -2.449285487770283, 56.70972406960373 ], [ -2.449282438890821, 56.709732892766318 ], [ -2.449279402133906, 56.709741717143707 ], [ -2.449276377544898, 56.709750542732991 ], [ -2.449273365169167, 56.709759369531255 ], [ -2.449270365052083, 56.709768197535624 ], [ -2.449267377239006, 56.709777026743183 ], [ -2.449264401775308, 56.709785857151047 ], [ -2.449261438706351, 56.709794688756297 ], [ -2.449258488077504, 56.709803521556047 ], [ -2.449255549934132, 56.709812355547399 ], [ -2.449252624321604, 56.709821190727439 ], [ -2.449249711285284, 56.709830027093275 ], [ -2.449246810870541, 56.709838864642023 ], [ -2.44924392312274, 56.709847703370755 ], [ -2.449241048087246, 56.709856543276601 ], [ -2.44923818580943, 56.70986538435664 ], [ -2.44923533633466, 56.70987422660798 ], [ -2.449232499708299, 56.709883070027729 ], [ -2.449229675975715, 56.709891914612982 ], [ -2.449226865182273, 56.709900760360817 ], [ -2.449224067373346, 56.709909607268379 ], [ -2.449221282594294, 56.709918455332733 ], [ -2.449218510890489, 56.709927304550995 ], [ -2.449215752307297, 56.709936154920257 ], [ -2.449213006890086, 56.709945006437636 ], [ -2.449210274684221, 56.709953859100203 ], [ -2.449207555735071, 56.709962712905082 ], [ -2.449204850088003, 56.709971567849372 ], [ -2.449202157788387, 56.709980423930183 ], [ -2.449199478881585, 56.709989281144587 ], [ -2.449196813412969, 56.709998139489699 ], [ -2.449194161427905, 56.710006998962626 ], [ -2.449191522971763, 56.710015859560464 ], [ -2.449188898089908, 56.710024721280305 ], [ -2.449186286827706, 56.710033584119266 ], [ -2.449183689230527, 56.710042448074432 ], [ -2.449181105343741, 56.710051313142912 ], [ -2.449178535212713, 56.710060179321808 ], [ -2.449175978882811, 56.710069046608211 ], [ -2.449173436399405, 56.710077914999225 ], [ -2.449170907807861, 56.710086784491963 ], [ -2.449168393153548, 56.710095655083535 ], [ -2.449165892481832, 56.710104526770984 ], [ -2.449163405838087, 56.71011339955146 ], [ -2.449160933267674, 56.710122273422058 ], [ -2.449158474815965, 56.710131148379872 ], [ -2.449156030528329, 56.71014002442201 ], [ -2.44915360045013, 56.710148901545558 ], [ -2.449151184626742, 56.710157779747625 ], [ -2.44914878310353, 56.710166659025326 ], [ -2.449146395925863, 56.710175539375719 ], [ -2.44914402313911, 56.710184420795947 ], [ -2.449141664788639, 56.710193303283084 ], [ -2.449139320919819, 56.710202186834259 ], [ -2.44913699157802, 56.710211071446558 ], [ -2.449134676808607, 56.710219957117076 ], [ -2.449132376656953, 56.710228843842899 ], [ -2.449130091168424, 56.710237731621163 ], [ -2.449127820388389, 56.710246620448949 ], [ -2.449125564362218, 56.71025551032335 ], [ -2.449123323135278, 56.710264401241481 ], [ -2.449121096752941, 56.710273293200451 ], [ -2.449118885260574, 56.710282186197347 ], [ -2.449116688703548, 56.71029108022924 ], [ -2.449114507127229, 56.710299975293289 ], [ -2.449112340576987, 56.710308871386552 ], [ -2.449110189098193, 56.710317768506144 ], [ -2.449108052728147, 56.710326666647518 ], [ -2.449105930683028, 56.710335565638026 ], [ -2.449103820661595, 56.710344464994449 ], [ -2.449101720198585, 56.710353364199953 ], [ -2.449099626828734, 56.710362262737725 ], [ -2.449097538086779, 56.710371160090943 ], [ -2.449095451507455, 56.710380055742782 ], [ -2.449093364625484, 56.710388949176462 ], [ -2.4490912749756, 56.710397839875107 ], [ -2.449089180092527, 56.71040672732196 ], [ -2.44908707751099, 56.710415611000151 ], [ -2.449084964765709, 56.710424490392889 ], [ -2.449082839391401, 56.710433364983352 ], [ -2.449080698922786, 56.710442234254728 ], [ -2.44907854089458, 56.710451097690168 ], [ -2.449076362841489, 56.710459954772887 ], [ -2.449074162298229, 56.710468804986043 ], [ -2.449071936799506, 56.71047764781283 ], [ -2.449069683880025, 56.710486482736435 ], [ -2.449067401074492, 56.710495309240017 ], [ -2.449065085917609, 56.710504126806761 ], [ -2.449062735944073, 56.710512934919855 ], [ -2.449060348688582, 56.710521733062492 ], [ -2.449057921685832, 56.710530520717825 ], [ -2.449055452470513, 56.710539297369039 ], [ -2.44905293857732, 56.710548062499313 ], [ -2.449050377540944, 56.710556815591829 ], [ -2.449047766896064, 56.710565556129765 ], [ -2.449045104177371, 56.710574283596323 ], [ -2.449042386919547, 56.710582997474638 ], [ -2.449039612657268, 56.710591697247921 ], [ -2.44903677892522, 56.710600382399335 ], [ -2.449033883258073, 56.710609052412039 ], [ -2.449030923190507, 56.710617706769256 ], [ -2.449027896257189, 56.7106263449541 ], [ -2.449024799992798, 56.710634966449817 ], [ -2.449021631931995, 56.710643570739535 ], [ -2.449018389609452, 56.710652157306441 ], [ -2.449015070559831, 56.710660725633694 ], [ -2.449011672317799, 56.710669275204509 ], [ -2.449008192418013, 56.71067780550203 ], [ -2.449004628395135, 56.710686316009443 ], [ -2.449000977783827, 56.710694806209908 ], [ -2.448997238118738, 56.710703275586596 ], [ -2.448993406934526, 56.710711723622708 ], [ -2.448989481765846, 56.710720149801389 ], [ -2.448985460147341, 56.710728553605826 ], [ -2.448981339613669, 56.710736934519176 ], [ -2.448977117699473, 56.710745292024612 ], [ -2.448972791939402, 56.7107536256053 ], [ -2.448968359868099, 56.710761934744433 ], [ -2.448963819020207, 56.710770218925141 ], [ -2.448959166930369, 56.71077847763064 ], [ -2.448954401133222, 56.710786710344053 ], [ -2.44894951916341, 56.710794916548572 ], [ -2.448944518555566, 56.710803095727343 ], [ -2.448939396844326, 56.710811247363552 ], [ -2.448934151564326, 56.710819370940364 ], [ -2.448928780250201, 56.710827465940909 ], [ -2.448923280436579, 56.710835531848389 ], [ -2.448917649658093, 56.71084356814594 ], [ -2.448911885449371, 56.710851574316749 ], [ -2.448905985345046, 56.710859549843939 ], [ -2.448899946879741, 56.710867494210703 ], [ -2.44889376758808, 56.710875406900186 ], [ -2.448887445004697, 56.710883287395546 ], [ -2.448880976664207, 56.710891135179949 ], [ -2.448874360101237, 56.710898949736517 ], [ -2.44886759285041, 56.710906730548466 ], [ -2.448860672446347, 56.710914477098868 ], [ -2.448853596423671, 56.71092218887096 ], [ -2.448846362316994, 56.710929865347822 ], [ -2.448838967660944, 56.710937506012648 ], [ -2.448831409990133, 56.71094511034859 ], [ -2.448823686839185, 56.710952677838748 ], [ -2.44881579574271, 56.710960207966309 ], [ -2.448807734235332, 56.710967700214418 ], [ -2.44879949985166, 56.710975154066197 ], [ -2.448791090126314, 56.710982569004791 ], [ -2.448782502593908, 56.710989944513372 ], [ -2.448773734789058, 56.710997280075041 ], [ -2.448764784246378, 56.71100457517295 ], [ -2.448755648703419, 56.711011829336115 ], [ -2.448746330038501, 56.711019043029459 ], [ -2.448736833997597, 56.711026217592135 ], [ -2.448727166474928, 56.71103335439679 ], [ -2.448717333364714, 56.711040454816043 ], [ -2.44870734056118, 56.711047520222579 ], [ -2.448697193958559, 56.711054551989029 ], [ -2.448686899451076, 56.711061551488058 ], [ -2.448676462932974, 56.711068520092319 ], [ -2.448665890298493, 56.711075459174438 ], [ -2.448655187441874, 56.711082370107114 ], [ -2.448644360257368, 56.711089254262959 ], [ -2.448633414639221, 56.711096113014683 ], [ -2.448622356481692, 56.711102947734908 ], [ -2.448611191679034, 56.711109759796294 ], [ -2.448599926125506, 56.711116550571546 ], [ -2.448588565715375, 56.711123321433291 ], [ -2.448577116342903, 56.711130073754205 ], [ -2.448565583902361, 56.711136808906979 ], [ -2.448553974288019, 56.711143528264259 ], [ -2.448542293394153, 56.711150233198737 ], [ -2.448530547115039, 56.711156925083088 ], [ -2.448518741344955, 56.711163605289983 ], [ -2.448506881978185, 56.711170275192096 ], [ -2.448494974909013, 56.711176936162119 ], [ -2.448483026031727, 56.711183589572748 ], [ -2.448471041240617, 56.711190236796661 ], [ -2.448459026429972, 56.711196879206533 ], [ -2.44844698749409, 56.711203518175083 ], [ -2.448434930327265, 56.711210155074973 ], [ -2.448423652060962, 56.711216356231226 ], [ -2.448433136045057, 56.711210840034632 ], [ -2.448444763282053, 56.711204052587711 ], [ -2.448456355956439, 56.711197256946846 ], [ -2.448467909513801, 56.711190452128719 ], [ -2.448479419399729, 56.711183637150057 ], [ -2.448490881059817, 56.711176811027542 ], [ -2.448502289939662, 56.711169972777888 ], [ -2.448513641484857, 56.711163121417776 ], [ -2.448524931141007, 56.711156255963907 ], [ -2.448536154353714, 56.71114937543301 ], [ -2.448547306568579, 56.711142478841801 ], [ -2.448558383231213, 56.711135565206952 ], [ -2.448569379787224, 56.711128633545179 ], [ -2.448580291682222, 56.711121682873213 ], [ -2.448591114361824, 56.711114712207745 ], [ -2.448601843271645, 56.711107720565508 ], [ -2.448612473857304, 56.711100706963222 ], [ -2.448623001564428, 56.711093670417569 ], [ -2.448633421838634, 56.711086609945276 ], [ -2.448643730125553, 56.71107952456309 ], [ -2.44865392187082, 56.71107241328771 ], [ -2.448663992520062, 56.711065275135873 ], [ -2.448673937518915, 56.711058109124281 ], [ -2.448683752313022, 56.711050914269656 ], [ -2.448693432348024, 56.711043689588742 ], [ -2.448702973069561, 56.711036434098268 ], [ -2.448712369923289, 56.71102914681493 ], [ -2.448721618354856, 56.71102182675547 ], [ -2.448730713809919, 56.711014472936633 ], [ -2.448739651734132, 56.711007084375119 ], [ -2.448748427654549, 56.71099966010518 ], [ -2.448757039947295, 56.710992199773713 ], [ -2.448765490517027, 56.710984703786394 ], [ -2.448773781487639, 56.710977172596046 ], [ -2.448781914983023, 56.710969606655496 ], [ -2.448789893127069, 56.710962006417532 ], [ -2.448797718043668, 56.71095437233501 ], [ -2.448805391856713, 56.710946704860731 ], [ -2.448812916690088, 56.710939004447518 ], [ -2.448820294667689, 56.710931271548176 ], [ -2.448827527913397, 56.710923506615522 ], [ -2.448834618551104, 56.710915710102377 ], [ -2.448841568704698, 56.710907882461541 ], [ -2.448848380498062, 56.710900024145829 ], [ -2.448855056055085, 56.710892135608042 ], [ -2.44886159749965, 56.710884217301029 ], [ -2.44886800695564, 56.710876269677556 ], [ -2.448874286546938, 56.710868293190444 ], [ -2.448880438397428, 56.710860288292494 ], [ -2.448886464630991, 56.710852255436528 ], [ -2.448892367371506, 56.710844195075332 ], [ -2.448898148742852, 56.710836107661734 ], [ -2.44890381086891, 56.710827993648508 ], [ -2.448909355873552, 56.710819853488474 ], [ -2.448914785880659, 56.710811687634433 ], [ -2.448920103014105, 56.710803496539178 ], [ -2.448925309397762, 56.710795280655525 ], [ -2.448930407155504, 56.71078704043628 ], [ -2.448935398411202, 56.710778776334209 ], [ -2.448940285288727, 56.71077048880214 ], [ -2.448945069911947, 56.710762178292846 ], [ -2.448949754404731, 56.710753845259156 ], [ -2.448954340890944, 56.710745490153862 ], [ -2.44895883149445, 56.710737113429737 ], [ -2.448963228339115, 56.710728715539581 ], [ -2.448967533548802, 56.710720296936209 ], [ -2.448971749247371, 56.710711858072401 ], [ -2.448975877558683, 56.710703399400963 ], [ -2.448979920606592, 56.710694921374674 ], [ -2.448983880514959, 56.710686424446337 ], [ -2.448987759407635, 56.710677909068764 ], [ -2.44899155940848, 56.710669375694707 ], [ -2.44899528264134, 56.71066082477698 ], [ -2.448998931230067, 56.710652256768377 ], [ -2.449002507298514, 56.710643672121698 ], [ -2.449006012970524, 56.710635071289701 ], [ -2.449009450369947, 56.710626454725229 ], [ -2.449012821620624, 56.710617822881034 ], [ -2.449016128846398, 56.710609176209907 ], [ -2.449019374171112, 56.71060051516465 ], [ -2.449022559718605, 56.710591840198049 ], [ -2.449025687612713, 56.71058315176289 ], [ -2.449028759977273, 56.710574450311967 ], [ -2.449031778936119, 56.710565736298079 ], [ -2.449034746613085, 56.710557010173986 ], [ -2.449037665132, 56.710548272392494 ], [ -2.449040536616695, 56.710539523406403 ], [ -2.449043363190997, 56.710530763668473 ], [ -2.449046146978728, 56.710521993631509 ], [ -2.449048890103719, 56.710513213748293 ], [ -2.449051594689788, 56.710504424471637 ], [ -2.449054262860753, 56.710495626254279 ], [ -2.449056896740437, 56.71048681954904 ], [ -2.449059498452654, 56.710478004808706 ], [ -2.449062070121218, 56.710469182486051 ], [ -2.449064613869943, 56.710460353033859 ], [ -2.449067131822643, 56.710451516904918 ], [ -2.449069626103123, 56.710442674552027 ], [ -2.449072098835192, 56.710433826427959 ], [ -2.449074552142655, 56.710424972985507 ], [ -2.449076988149319, 56.71041611467745 ], [ -2.449079408978979, 56.710407251956568 ], [ -2.449081816755441, 56.71039838527566 ], [ -2.449084213602503, 56.710389515087499 ], [ -2.449086601643957, 56.710380641844878 ], [ -2.449088983003604, 56.710371766000563 ], [ -2.449091359805228, 56.710362888007367 ], [ -2.449093734172626, 56.710354008318063 ], [ -2.449096108229584, 56.710345127385416 ], [ -2.449098484099889, 56.710336245662234 ], [ -2.449100863907325, 56.71032736360128 ], [ -2.449103249679569, 56.710318481635021 ], [ -2.449105642257495, 56.710309599944644 ], [ -2.449108041681916, 56.710300718542037 ], [ -2.44911044797868, 56.710291837435882 ], [ -2.449112861173633, 56.710282956634892 ], [ -2.44911528129263, 56.710274076147734 ], [ -2.449117708361509, 56.710265195983112 ], [ -2.449120142406124, 56.710256316149739 ], [ -2.449122583452322, 56.710247436656282 ], [ -2.449125031525951, 56.710238557511474 ], [ -2.449127486652856, 56.710229678723991 ], [ -2.449129948858887, 56.710220800302515 ], [ -2.449132418169892, 56.710211922255752 ], [ -2.449134894611715, 56.71020304459239 ], [ -2.449137378210206, 56.710194167321156 ], [ -2.449139868991215, 56.710185290450703 ], [ -2.449142366980585, 56.710176413989743 ], [ -2.449144872204168, 56.71016753794698 ], [ -2.449147384687808, 56.710158662331111 ], [ -2.449149904457354, 56.710149787150812 ], [ -2.449152431538652, 56.710140912414779 ], [ -2.449154965957553, 56.710132038131725 ], [ -2.449157507739901, 56.710123164310332 ], [ -2.449160056911543, 56.710114290959304 ], [ -2.449162613498331, 56.710105418087338 ], [ -2.449165177526106, 56.710096545703131 ], [ -2.449167749020721, 56.710087673815352 ], [ -2.449170328008019, 56.710078802432733 ], [ -2.449172914513851, 56.710069931563929 ], [ -2.449175508564061, 56.710061061217672 ], [ -2.449178110184497, 56.710052191402646 ], [ -2.449180719401009, 56.710043322127532 ], [ -2.449183336239439, 56.710034453401036 ], [ -2.44918596072564, 56.710025585231854 ], [ -2.449188592885456, 56.710016717628697 ], [ -2.449191232744733, 56.710007850600221 ], [ -2.44919388032932, 56.70999898415517 ], [ -2.449196535665063, 56.709990118302194 ], [ -2.449199198777813, 56.709981253049996 ], [ -2.449201869693412, 56.709972388407316 ], [ -2.449204548437709, 56.709963524382793 ], [ -2.449207235036551, 56.709954660985147 ], [ -2.449209929515784, 56.709945798223067 ], [ -2.449212631901258, 56.709936936105258 ], [ -2.449215342218815, 56.709928074640402 ], [ -2.449218060494306, 56.709919213837225 ], [ -2.449220786753579, 56.709910353704373 ], [ -2.449223521022475, 56.709901494250573 ], [ -2.449226263326844, 56.709892635484529 ], [ -2.449229013692538, 56.709883777414895 ], [ -2.449231772145394, 56.709874920050403 ], [ -2.449234538711267, 56.709866063399744 ], [ -2.449237313415999, 56.7098572074716 ], [ -2.44924009628544, 56.709848352274676 ], [ -2.449242887345433, 56.709839497817661 ], [ -2.44924568662183, 56.709830644109253 ], [ -2.449248494140472, 56.709821791158141 ], [ -2.449251309927208, 56.709812938973037 ], [ -2.449254134007886, 56.709804087562624 ], [ -2.449256966408351, 56.709795236935584 ], [ -2.44925980715445, 56.709786387100635 ], [ -2.44926265627203, 56.709777538066461 ], [ -2.449265513786937, 56.709768689841773 ], [ -2.449268379725018, 56.709759842435247 ], [ -2.449271254112119, 56.709750995855558 ], [ -2.449274136974088, 56.70974215011146 ], [ -2.44927702833677, 56.7097333052116 ], [ -2.449279928226011, 56.709724461164676 ], [ -2.449282836667659, 56.70971561797942 ], [ -2.44928575368756, 56.709706775664493 ], [ -2.449288679311559, 56.709697934228593 ], [ -2.449291613565505, 56.709689093680424 ], [ -2.449294556475242, 56.709680254028669 ], [ -2.449297508066619, 56.709671415282052 ], [ -2.449300468365477, 56.709662577449237 ], [ -2.449303437397668, 56.709653740538926 ], [ -2.449306415189036, 56.709644904559823 ], [ -2.449309401765427, 56.709636069520599 ], [ -2.449312397152688, 56.709627235429991 ], [ -2.449315401376664, 56.70961840229667 ], [ -2.449318414463204, 56.709609570129324 ], [ -2.44932143643815, 56.709600738936665 ], [ -2.449324467327351, 56.709591908727376 ], [ -2.449327507156655, 56.709583079510139 ], [ -2.449330555951901, 56.709574251293681 ], [ -2.449333613738943, 56.709565424086684 ], [ -2.449336680543624, 56.709556597897837 ], [ -2.449339756391789, 56.709547772735831 ], [ -2.449342841309285, 56.709538948609378 ], [ -2.449345935321959, 56.709530125527145 ], [ -2.449349038455655, 56.709521303497873 ], [ -2.449352150736221, 56.709512482530208 ], [ -2.449355272189501, 56.709503662632876 ], [ -2.44935840284134, 56.709494843814554 ], [ -2.449361542717587, 56.709486026083951 ], [ -2.449364691844088, 56.709477209449759 ], [ -2.449367850246689, 56.709468393920666 ], [ -2.449371017951233, 56.709459579505364 ], [ -2.449374194983566, 56.709450766212555 ], [ -2.449377381369535, 56.709441954050945 ], [ -2.449380577134987, 56.709433143029209 ], [ -2.449383782305768, 56.709424333156051 ], [ -2.44938699690772, 56.709415524440168 ], [ -2.449390220966693, 56.709406716890243 ], [ -2.44939345450853, 56.70939791051498 ], [ -2.449396697559078, 56.709389105323091 ], [ -2.449399950144183, 56.709380301323229 ], [ -2.449403212289689, 56.709371498524142 ], [ -2.449406484021443, 56.709362696934477 ], [ -2.449409765365291, 56.709353896562952 ], [ -2.449413056347076, 56.709345097418264 ], [ -2.449416356992647, 56.709336299509104 ], [ -2.449419667327847, 56.709327502844147 ], [ -2.449422987378524, 56.709318707432132 ], [ -2.449426317170522, 56.709309913281714 ], [ -2.449429656729686, 56.709301120401598 ], [ -2.449433006081861, 56.70929232880048 ], [ -2.449436365252896, 56.709283538487078 ], [ -2.449439734268632, 56.709274749470048 ], [ -2.449443113154919, 56.709265961758106 ], [ -2.449446501937598, 56.709257175359951 ], [ -2.449449900642517, 56.709248390284259 ], [ -2.44945330929552, 56.709239606539739 ], [ -2.449456727922455, 56.709230824135091 ], [ -2.449460156549162, 56.709222043079009 ], [ -2.449463595201493, 56.709213263380164 ], [ -2.449467043905289, 56.709204485047273 ], [ -2.449470502686396, 56.709195708089027 ], [ -2.449473971570658, 56.709186932514115 ], [ -2.449477450583926, 56.709178158331241 ], [ -2.449480939752037, 56.709169385549096 ], [ -2.449484439100841, 56.709160614176362 ], [ -2.449487948656186, 56.709151844221758 ], [ -2.44949146844391, 56.709143075693959 ], [ -2.449494998489863, 56.709134308601676 ], [ -2.44949853881989, 56.709125542953572 ], [ -2.449502089459833, 56.709116778758386 ], [ -2.44950565043554, 56.709108016024786 ], [ -2.449509221772855, 56.709099254761469 ], [ -2.449512803497623, 56.709090494977133 ], [ -2.449516395635693, 56.709081736680481 ], [ -2.449519998212902, 56.709072979880197 ], [ -2.449523611255102, 56.709064224584949 ], [ -2.449527234788132, 56.709055470803499 ], [ -2.449530868837844, 56.709046718544492 ], [ -2.449534513430077, 56.70903796781662 ], [ -2.44953816859068, 56.709029218628608 ], [ -2.449541834345495, 56.709020470989131 ], [ -2.449545510720368, 56.709011724906873 ], [ -2.449549197741143, 56.709002980390551 ], [ -2.449552895433666, 56.708994237448849 ], [ -2.449556603823784, 56.708985496090477 ], [ -2.44956032293734, 56.708976756324105 ], [ -2.449564052800175, 56.708968018158444 ], [ -2.449567793438138, 56.708959281602169 ], [ -2.449571544877074, 56.708950546663992 ], [ -2.449575307142824, 56.708941813352624 ], [ -2.449579080261239, 56.708933081676719 ], [ -2.449582864258157, 56.708924351645017 ], [ -2.449586659159428, 56.708915623266172 ], [ -2.449590464990893, 56.708906896548896 ], [ -2.449594281778396, 56.708898171501879 ], [ -2.449598109547788, 56.708889448133839 ], [ -2.449601948324908, 56.708880726453422 ], [ -2.449605798135599, 56.708872006469385 ], [ -2.449609659005713, 56.708863288190365 ], [ -2.449613530961088, 56.708854571625096 ], [ -2.44961741402757, 56.70884585678224 ], [ -2.449621308231006, 56.708837143670515 ], [ -2.449625213597238, 56.708828432298617 ], [ -2.449629130152111, 56.708819722675237 ], [ -2.44963305792147, 56.708811014809044 ], [ -2.449636996931158, 56.708802308708769 ], [ -2.449640947207023, 56.708793604383096 ], [ -2.449644908774905, 56.708784901840708 ], [ -2.449648881660652, 56.708776201090309 ], [ -2.449652865890107, 56.708767502140589 ], [ -2.449656861489115, 56.708758805000244 ], [ -2.449660868483517, 56.708750109677986 ], [ -2.449664886899162, 56.70874141618247 ], [ -2.449668916733394, 56.708732724518477 ], [ -2.44967295759565, 56.708724034637136 ], [ -2.449677008815327, 56.70871534645088 ], [ -2.449681069715604, 56.708706659871254 ], [ -2.449685139619665, 56.708697974809823 ], [ -2.449689217850696, 56.708689291178167 ], [ -2.449693303731882, 56.708680608887832 ], [ -2.449697396586406, 56.708671927850375 ], [ -2.449701495737454, 56.708663247977384 ], [ -2.449705600508217, 56.708654569180389 ], [ -2.449709710221876, 56.708645891370992 ], [ -2.449713824201625, 56.70863721446073 ], [ -2.449717941770649, 56.708628538361161 ], [ -2.449722062252136, 56.70861986298388 ], [ -2.449726184969277, 56.708611188240411 ], [ -2.449730309245262, 56.708602514042354 ], [ -2.449734434403281, 56.708593840301234 ], [ -2.449738559766526, 56.708585166928657 ], [ -2.449742684658192, 56.708576493836162 ], [ -2.449746808401464, 56.708567820935322 ], [ -2.449750930319539, 56.708559148137688 ], [ -2.449755049735614, 56.708550475354855 ], [ -2.44975916597288, 56.708541802498345 ], [ -2.44976327835453, 56.708533129479775 ], [ -2.449767386203761, 56.708524456210647 ], [ -2.449771488843771, 56.708515782602554 ], [ -2.449775585597755, 56.708507108567083 ], [ -2.449779675788911, 56.708498434015766 ], [ -2.449783758740433, 56.708489758860189 ], [ -2.449787833775523, 56.708481083011904 ], [ -2.449791900217381, 56.708472406382491 ], [ -2.449795957389203, 56.708463728883508 ], [ -2.44980000461419, 56.708455050426501 ], [ -2.449804041215544, 56.70844637092307 ], [ -2.449808066516465, 56.708437690284747 ], [ -2.449812079840156, 56.708429008423124 ], [ -2.449816080509819, 56.708420325249755 ], [ -2.449820067848656, 56.708411640676196 ], [ -2.449824041179875, 56.70840295461403 ], [ -2.449827999826672, 56.708394266974828 ], [ -2.44983194311226, 56.708385577670121 ], [ -2.44983587035984, 56.708376886611518 ], [ -2.449839780892618, 56.708368193710569 ], [ -2.449843674033803, 56.708359498878799 ], [ -2.449847549106601, 56.708350802027844 ], [ -2.44985140543422, 56.708342103069235 ], [ -2.449855242339869, 56.70833340191453 ], [ -2.449859059146755, 56.708324698475316 ], [ -2.449862855178087, 56.708315992663131 ], [ -2.449866629757079, 56.708307284389583 ], [ -2.449870382206937, 56.708298573566204 ], [ -2.449874111850877, 56.708289860104557 ], [ -2.449877818012109, 56.708281143916253 ], [ -2.449881500013844, 56.70827242491282 ], [ -2.449885157179301, 56.708263703005812 ], [ -2.449888788831684, 56.708254978106851 ], [ -2.449892394294217, 56.708246250127466 ], [ -2.44989597289011, 56.708237518979224 ], [ -2.449899523942577, 56.708228784573699 ], [ -2.44990304677484, 56.708220046822454 ], [ -2.449906540710113, 56.708211305637064 ], [ -2.449910005071611, 56.708202560929081 ], [ -2.449913439182554, 56.708193812610105 ], [ -2.449916842366163, 56.70818506059166 ], [ -2.449920213954099, 56.708176304792218 ], [ -2.44992355326168, 56.708167545116886 ], [ -2.449926859611594, 56.708158781476811 ], [ -2.449930132327065, 56.708150013783573 ], [ -2.449933370731314, 56.708141241948724 ], [ -2.449936574147562, 56.708132465883821 ], [ -2.449939741899034, 56.708123685500475 ], [ -2.449942873308953, 56.708114900710207 ], [ -2.449945967700541, 56.708106111424605 ], [ -2.449949024397028, 56.70809731755525 ], [ -2.449952042721634, 56.708088519013685 ], [ -2.449955021997589, 56.708079715711492 ], [ -2.449957961548118, 56.708070907560234 ], [ -2.44996086069645, 56.708062094471465 ], [ -2.44996371876581, 56.708053276356793 ], [ -2.449966535079429, 56.708044453127755 ], [ -2.449969308960537, 56.708035624695931 ], [ -2.449972039732362, 56.708026790972866 ], [ -2.449974726718134, 56.708017951870161 ], [ -2.449977369241088, 56.708009107299375 ], [ -2.449979966624453, 56.708000257172053 ], [ -2.449982518191461, 56.707991401399781 ], [ -2.449985023265348, 56.70798253989414 ], [ -2.449987481169346, 56.707973672566673 ], [ -2.449989891226691, 56.70796479932897 ], [ -2.449992252760614, 56.70795592009258 ], [ -2.449994565130544, 56.707947034774321 ], [ -2.449996829045372, 56.707938143486103 ], [ -2.449999046934527, 56.707929246588641 ], [ -2.450001221339197, 56.707920344458799 ], [ -2.450003354800581, 56.707911437473449 ], [ -2.450005449859868, 56.707902526009455 ], [ -2.45000750905825, 56.707893610443676 ], [ -2.450009534936911, 56.707884691152984 ], [ -2.45001153003704, 56.707875768514235 ], [ -2.450013496899816, 56.707866842904316 ], [ -2.450015438066422, 56.707857914700071 ], [ -2.450017356078032, 56.707848984278364 ], [ -2.450019253475828, 56.707840052016095 ], [ -2.450021132800976, 56.707831118290088 ], [ -2.450022996594652, 56.707822183477219 ], [ -2.450024847398021, 56.707813247954363 ], [ -2.450026687752252, 56.707804312098375 ], [ -2.450028520198508, 56.707795376286128 ], [ -2.450030347277951, 56.707786440894481 ], [ -2.45003217153174, 56.707777506300303 ], [ -2.450033995501033, 56.70776857288044 ], [ -2.450035821726982, 56.707759641011776 ], [ -2.45003765275074, 56.707750711071157 ], [ -2.450039491113459, 56.707741783435488 ], [ -2.450041339356286, 56.707732858481577 ], [ -2.450043200020365, 56.707723936586312 ], [ -2.450045075646838, 56.707715018126557 ], [ -2.450046968776848, 56.707706103479175 ], [ -2.450048881951535, 56.707697193021012 ], [ -2.450050817712031, 56.707688287128967 ], [ -2.45005277859947, 56.707679386179869 ], [ -2.450054767154986, 56.707670490550591 ], [ -2.450056785919708, 56.707661600617996 ], [ -2.45005883743476, 56.70765271675895 ], [ -2.45006092424127, 56.707643839350325 ], [ -2.450063048880357, 56.707634968768957 ], [ -2.450065213893142, 56.707626105391711 ], [ -2.450067421820747, 56.707617249595458 ], [ -2.45006967520428, 56.707608401757057 ], [ -2.45007197658486, 56.707599562253378 ], [ -2.450074328503597, 56.707590731461266 ], [ -2.450076733501597, 56.707581909757586 ], [ -2.45007919411997, 56.707573097519195 ], [ -2.450081712899818, 56.707564295122943 ], [ -2.450084292382245, 56.707555502945738 ], [ -2.450086935108349, 56.707546721364373 ], [ -2.450089643619232, 56.70753795075575 ], [ -2.450092420455986, 56.707529191496718 ], [ -2.450095268159705, 56.707520443964128 ], [ -2.450098189271482, 56.707511708534838 ], [ -2.450101186332406, 56.707502985585705 ], [ -2.450104261883562, 56.707494275493602 ], [ -2.45010741846604, 56.707485578635385 ], [ -2.450110658620921, 56.707476895387884 ], [ -2.450113984889284, 56.707468226127965 ], [ -2.450117399812212, 56.707459571232498 ], [ -2.450120905930779, 56.70745093107832 ], [ -2.450124505786062, 56.707442306042303 ], [ -2.450128201919135, 56.707433696501298 ], [ -2.450131996871066, 56.707425102832133 ], [ -2.450135893182926, 56.707416525411695 ], [ -2.450139893395785, 56.707407964616813 ], [ -2.450144000050703, 56.707399420824359 ], [ -2.450148215688751, 56.707390894411162 ], [ -2.450152542850986, 56.707382385754087 ], [ -2.45015698407847, 56.707373895229992 ], [ -2.45016154191226, 56.707365423215698 ], [ -2.450166218893414, 56.707356970088071 ], [ -2.450171017562985, 56.707348536223961 ], [ -2.450175940462029, 56.707340122000211 ], [ -2.450180990131594, 56.707331727793687 ], [ -2.450186169112731, 56.707323353981188 ], [ -2.45019147994649, 56.707315000939609 ], [ -2.450196925173915, 56.707306669045749 ], [ -2.450202507336053, 56.707298358676496 ], [ -2.450208228973946, 56.707290070208643 ], [ -2.450214092628636, 56.707281804019082 ], [ -2.450220100841162, 56.707273560484623 ], [ -2.450226256152567, 56.707265339982115 ], [ -2.450232561103884, 56.70725714288838 ], [ -2.450239018236152, 56.707248969580284 ], [ -2.450245629708924, 56.707240820376668 ], [ -2.450252393222177, 56.707232694918751 ], [ -2.450259303586904, 56.707224592408728 ], [ -2.45026635556541, 56.707216512041406 ], [ -2.450273543920004, 56.707208453011575 ], [ -2.450280863413009, 56.707200414514062 ], [ -2.450288308806744, 56.707192395743668 ], [ -2.450295874863533, 56.707184395895176 ], [ -2.450303556345708, 56.707176414163428 ], [ -2.4503113480156, 56.707168449743193 ], [ -2.450319244635547, 56.707160501829307 ], [ -2.45032724096789, 56.707152569616582 ], [ -2.450335331774977, 56.707144652299824 ], [ -2.450343511819156, 56.707136749073833 ], [ -2.450351775862778, 56.707128859133441 ], [ -2.450360118668207, 56.707120981673455 ], [ -2.4503685349978, 56.707113115888689 ], [ -2.450377019613919, 56.707105260973961 ], [ -2.450385567278937, 56.7070974161241 ], [ -2.450394172755229, 56.707089580533903 ], [ -2.450402830805162, 56.707081753398214 ], [ -2.450411536191126, 56.707073933911843 ], [ -2.450420283675497, 56.707066121269619 ], [ -2.450429068020666, 56.707058314666362 ], [ -2.450437883989024, 56.70705051329692 ], [ -2.450446726342962, 56.707042716356106 ], [ -2.450455589844882, 56.707034923038727 ], [ -2.450464469257182, 56.707027132539665 ], [ -2.450473359342272, 56.707019344053705 ], [ -2.450482254862556, 56.70701155677569 ], [ -2.45049115058045, 56.707003769900496 ], [ -2.450500041258366, 56.706995982622907 ], [ -2.450508921658726, 56.706988194137793 ], [ -2.450517786543954, 56.706980403639982 ], [ -2.450526630676474, 56.706972610324321 ], [ -2.450535448818718, 56.706964813385667 ], [ -2.450544235733117, 56.706957012018826 ], [ -2.450552986182112, 56.706949205418688 ], [ -2.450561694928147, 56.706941392780067 ], [ -2.450570356733659, 56.706933573297825 ], [ -2.4505789663611, 56.70692574616681 ], [ -2.450587518572923, 56.706917910581893 ], [ -2.450596008131581, 56.706910065737894 ], [ -2.450604429799536, 56.706902210829703 ], [ -2.450612778339249, 56.706894345052127 ], [ -2.450621048513187, 56.706886467600064 ], [ -2.450629235083824, 56.706878577668355 ], [ -2.450637332813632, 56.706870674451871 ], [ -2.45064533646509, 56.706862757145466 ], [ -2.45065324080068, 56.706854824943996 ], [ -2.450661040600322, 56.706846877045784 ], [ -2.450668731983045, 56.706838912913746 ], [ -2.450676313332264, 56.706830932458324 ], [ -2.450683783250047, 56.706822935633092 ], [ -2.450691140338464, 56.706814922391708 ], [ -2.450698383199591, 56.70680689268778 ], [ -2.450705510435498, 56.706798846474932 ], [ -2.450712520648262, 56.706790783706793 ], [ -2.450719412439958, 56.706782704336973 ], [ -2.450726184412666, 56.706774608319087 ], [ -2.450732835168465, 56.706766495606765 ], [ -2.450739363309435, 56.706758366153622 ], [ -2.450745767437656, 56.70675021991331 ], [ -2.450752046155216, 56.706742056839403 ], [ -2.450758198064202, 56.706733876885536 ], [ -2.450764221766695, 56.706725680005363 ], [ -2.450770115864789, 56.706717466152455 ], [ -2.450775878960572, 56.706709235280456 ], [ -2.450781509656136, 56.706700987342991 ], [ -2.450787006553573, 56.706692722293674 ], [ -2.450792368254978, 56.706684440086129 ], [ -2.450797593362449, 56.706676140673963 ], [ -2.45080268047808, 56.7066678240108 ], [ -2.450807628203975, 56.706659490050271 ], [ -2.450812435142234, 56.70665113874599 ], [ -2.450817099894959, 56.706642770051566 ], [ -2.450821621064252, 56.706634383920608 ], [ -2.450825997252222, 56.706625980306782 ], [ -2.450830227060977, 56.706617559163639 ], [ -2.450834309092622, 56.706609120444853 ], [ -2.450838241949272, 56.706600664104016 ], [ -2.450842024233035, 56.706592190094739 ], [ -2.450845654546029, 56.70658369837065 ], [ -2.450849131490368, 56.706575188885353 ], [ -2.45085245366817, 56.706566661592483 ], [ -2.450855619681554, 56.706558116445642 ], [ -2.450858628132641, 56.706549553398453 ], [ -2.450861477623551, 56.706540972404511 ], [ -2.450864166756412, 56.706532373417446 ], [ -2.450866694133348, 56.706523756390865 ], [ -2.450869058356485, 56.706515121278379 ], [ -2.450871258027955, 56.706506468033616 ], [ -2.450873292692027, 56.706497796626756 ], [ -2.450875167211489, 56.706489107121619 ], [ -2.450876888313589, 56.706480399614804 ], [ -2.450878462727573, 56.706471674202973 ], [ -2.450879897182685, 56.706462930982823 ], [ -2.45088119840816, 56.706454170050961 ], [ -2.450882373133228, 56.706445391504069 ], [ -2.450883428087114, 56.706436595438795 ], [ -2.450884369999036, 56.706427781951795 ], [ -2.450885205598207, 56.706418951139717 ], [ -2.450885941613836, 56.70641010309923 ], [ -2.450886584775119, 56.706401237926976 ], [ -2.450887141811251, 56.706392355719601 ], [ -2.450887619451422, 56.706383456573761 ], [ -2.450888024424814, 56.706374540586125 ], [ -2.450888363460601, 56.706365607853321 ], [ -2.450888643287958, 56.706356658472018 ], [ -2.450888870636044, 56.706347692538856 ], [ -2.450889052234017, 56.70633871015049 ], [ -2.450889194811031, 56.70632971140359 ], [ -2.450889305096227, 56.706320696394791 ], [ -2.450889389818747, 56.706311665220717 ], [ -2.45088945570772, 56.706302617978068 ], [ -2.450889481387273, 56.70629829072687 ] ] ], [ [ [ -2.44804914099594, 56.71144420367439 ], [ -2.448041461455273, 56.711449931165554 ], [ -2.448031932949978, 56.711457167218747 ], [ -2.448022543605662, 56.711464432275612 ], [ -2.448013296926137, 56.711471726932345 ], [ -2.448004196415224, 56.711479051785055 ], [ -2.447995245576744, 56.711486407429916 ], [ -2.447986447914524, 56.711493794463081 ], [ -2.447977806932389, 56.711501213480659 ], [ -2.447969326134173, 56.711508665078831 ], [ -2.447961009023707, 56.71151614985375 ], [ -2.447952859104827, 56.711523668401561 ], [ -2.447944879881377, 56.711531221318388 ], [ -2.447937074857198, 56.711538809200427 ], [ -2.447929447536136, 56.711546432643793 ], [ -2.447922001422044, 56.711554092244647 ], [ -2.447914740018772, 56.711561788599155 ], [ -2.447907666830179, 56.711569522303449 ], [ -2.447900785360123, 56.711577293953688 ], [ -2.447894099112472, 56.711585104146017 ], [ -2.447887611591093, 56.711592953476597 ], [ -2.447881326299854, 56.711600842541571 ], [ -2.447875246742633, 56.711608771937094 ], [ -2.447869376423311, 56.711616742259316 ], [ -2.447863718845766, 56.711624754104378 ], [ -2.447858277513889, 56.711632808068423 ], [ -2.447853055931572, 56.71164090474764 ], [ -2.447848057602708, 56.711649044738103 ], [ -2.447843285784811, 56.711657228595541 ], [ -2.447838738334188, 56.71166545598777 ], [ -2.447834407849569, 56.711673725718519 ], [ -2.447830286712018, 56.711682036555715 ], [ -2.447826367302594, 56.711690387267282 ], [ -2.447822642002354, 56.71169877662112 ], [ -2.44781910319235, 56.711707203385174 ], [ -2.447815743253624, 56.711715666327329 ], [ -2.447812554567216, 56.711724164215553 ], [ -2.447809529514164, 56.711732695817687 ], [ -2.447806660475491, 56.711741259901707 ], [ -2.447803939832224, 56.71174985523551 ], [ -2.447801359965378, 56.711758480586994 ], [ -2.447798913255965, 56.71176713472407 ], [ -2.447796592084991, 56.711775816414644 ], [ -2.447794388833452, 56.711784524426648 ], [ -2.447792295882345, 56.711793257527951 ], [ -2.447790305612651, 56.711802014486487 ], [ -2.447788410405352, 56.711810794070153 ], [ -2.447786602641421, 56.711819595046862 ], [ -2.447784874701825, 56.711828416184488 ], [ -2.447783218967525, 56.711837256250966 ], [ -2.447781627819473, 56.711846114014186 ], [ -2.447780093638616, 56.711854988242067 ], [ -2.447778608805892, 56.711863877702477 ], [ -2.447777165702237, 56.711872781163329 ], [ -2.447775756708572, 56.711881697392542 ], [ -2.44777437420582, 56.711890625158013 ], [ -2.447773010574892, 56.711899563227632 ], [ -2.447771658196693, 56.711908510369291 ], [ -2.44777030945212, 56.711917465350915 ], [ -2.447768956722062, 56.711926426940366 ], [ -2.447767592387407, 56.711935393905577 ], [ -2.447766208829027, 56.711944365014439 ], [ -2.447764798427794, 56.711953339034842 ], [ -2.447763353564571, 56.711962314734706 ], [ -2.44776186662021, 56.711971290881884 ], [ -2.447760329975559, 56.711980266244311 ], [ -2.447758736011464, 56.711989239589883 ], [ -2.447757077108753, 56.71199820968647 ], [ -2.447755345648257, 56.712007175301991 ], [ -2.447753534773359, 56.712016135297652 ], [ -2.447751644655941, 56.712025089394608 ], [ -2.447749679259652, 56.712034037778018 ], [ -2.44774764258504, 56.71204298063752 ], [ -2.447745538632649, 56.71205191816275 ], [ -2.44774337140303, 56.712060850543359 ], [ -2.447741144896736, 56.712069777968956 ], [ -2.447738863114324, 56.712078700629249 ], [ -2.447736530056355, 56.712087618713859 ], [ -2.447734149723397, 56.71209653241241 ], [ -2.447731726116016, 56.712105441914559 ], [ -2.447729263234788, 56.712114347409972 ], [ -2.447726765080283, 56.712123249088279 ], [ -2.447724235653087, 56.712132147139108 ], [ -2.447721678953781, 56.71214104175214 ], [ -2.447719098982955, 56.712149933116997 ], [ -2.447716499741198, 56.712158821423344 ], [ -2.447713885229106, 56.712167706860818 ], [ -2.44771125944728, 56.712176589619069 ], [ -2.44770862639632, 56.71218546988775 ], [ -2.447705990076834, 56.712194347856489 ], [ -2.44770335448943, 56.712203223714972 ], [ -2.447700723634722, 56.712212097652824 ], [ -2.447698101513331, 56.712220969859693 ], [ -2.447695492125876, 56.712229840525225 ], [ -2.447692899472983, 56.712238709839085 ], [ -2.447690327555278, 56.712247577990922 ], [ -2.447687780373396, 56.712256445170375 ], [ -2.447685261927973, 56.712265311567108 ], [ -2.447682776219648, 56.712274177370766 ], [ -2.447680327249064, 56.712283042771013 ], [ -2.447677919016869, 56.712291907957486 ], [ -2.447675555523715, 56.712300773119843 ], [ -2.447673240770257, 56.712309638447721 ], [ -2.447670978757152, 56.712318504130792 ], [ -2.447668773485062, 56.712327370358707 ], [ -2.447666628954657, 56.712336237321118 ], [ -2.447664549166602, 56.712345105207696 ], [ -2.447662538121571, 56.712353974208042 ], [ -2.447660599820243, 56.712362844511865 ], [ -2.447658737992798, 56.712371716298172 ], [ -2.447656953146101, 56.712380589619492 ], [ -2.447655243669444, 56.71238946444528 ], [ -2.447653607915069, 56.712398340743462 ], [ -2.447652044235227, 56.712407218482021 ], [ -2.447650550982157, 56.712416097628896 ], [ -2.447649126508102, 56.712424978152093 ], [ -2.447647769165306, 56.712433860019559 ], [ -2.447646477306003, 56.712442743199261 ], [ -2.447645249282438, 56.712451627659163 ], [ -2.447644083446839, 56.712460513367219 ], [ -2.447642978151444, 56.712469400291411 ], [ -2.447641931748489, 56.712478288399694 ], [ -2.447640942590202, 56.712487177660037 ], [ -2.447640009028813, 56.712496068040387 ], [ -2.447639129416552, 56.712504959508728 ], [ -2.447638302105645, 56.712513852033005 ], [ -2.447637525448318, 56.712522745581197 ], [ -2.447636797796793, 56.712531640121263 ], [ -2.447636117503293, 56.712540535621166 ], [ -2.447635482920041, 56.712549432048867 ], [ -2.447634892399251, 56.712558329372335 ], [ -2.447634344293145, 56.712567227559532 ], [ -2.447633836953938, 56.712576126578412 ], [ -2.447633368733843, 56.712585026396965 ], [ -2.447632937985073, 56.712593926983111 ], [ -2.447632543059843, 56.712602828304838 ], [ -2.44763218231036, 56.71261173033011 ], [ -2.447631854088829, 56.712620633026894 ], [ -2.447631556747463, 56.712629536363131 ], [ -2.447631288638463, 56.712638440306804 ], [ -2.447631048114033, 56.712647344825868 ], [ -2.447630833526377, 56.71265624988829 ], [ -2.447630643227691, 56.712665155462034 ], [ -2.447630475570179, 56.712674061515045 ], [ -2.447630328906036, 56.712682968015301 ], [ -2.447630201587458, 56.712691874930776 ], [ -2.447630091966638, 56.712700782229405 ], [ -2.447629998395771, 56.712709689879162 ], [ -2.447629919227047, 56.712718597848024 ], [ -2.447629852812654, 56.712727506103938 ], [ -2.447629797504784, 56.712736414614866 ], [ -2.447629751655617, 56.71274532334877 ], [ -2.447629713617346, 56.712754232273618 ], [ -2.447629681742147, 56.712763141357371 ], [ -2.447629654382204, 56.712772050568006 ], [ -2.447629629889701, 56.712780959873449 ], [ -2.447629606616812, 56.712789869241703 ], [ -2.447629582915713, 56.71279877864071 ], [ -2.447629557138582, 56.712807688038431 ], [ -2.447629527637594, 56.712816597402835 ], [ -2.447629492764921, 56.712825506701876 ], [ -2.447629450872733, 56.712834415903515 ], [ -2.447629400313197, 56.712843324975736 ], [ -2.447629339438485, 56.712852233886494 ], [ -2.447629266600758, 56.712861142603728 ], [ -2.447629180152186, 56.712870051095429 ], [ -2.447629078444929, 56.712878959329529 ], [ -2.447628959831148, 56.712887867274034 ], [ -2.447628822663003, 56.712896774896869 ], [ -2.447628665292656, 56.712905682166017 ], [ -2.447628486072258, 56.712914589049426 ], [ -2.447628283353965, 56.712923495515057 ], [ -2.447628055489937, 56.712932401530892 ], [ -2.447627800832318, 56.712941307064888 ], [ -2.447627517733263, 56.712950212084998 ], [ -2.447627204544921, 56.712959116559176 ], [ -2.447626859619437, 56.712968020455406 ], [ -2.447626481308959, 56.71297692374165 ], [ -2.447626067965629, 56.712985826385847 ], [ -2.447625617941595, 56.712994728355973 ], [ -2.447625129588989, 56.713003629619983 ], [ -2.447624601259959, 56.713012530145868 ], [ -2.44762403130664, 56.713021429901559 ], [ -2.447623418081168, 56.713030328855012 ], [ -2.447622759935677, 56.713039226974217 ], [ -2.447622055222304, 56.713048124227122 ], [ -2.447621302293178, 56.713057020581694 ], [ -2.44762049950043, 56.713065916005888 ], [ -2.447619645196188, 56.713074810467653 ], [ -2.447618737732581, 56.713083703934991 ], [ -2.447617775461732, 56.713092596375816 ], [ -2.447616756735768, 56.713101487758117 ], [ -2.447615679906809, 56.713110378049848 ], [ -2.447614543326978, 56.713119267218964 ], [ -2.447613345348393, 56.713128155233456 ], [ -2.447612084323173, 56.713137042061234 ], [ -2.447610758603434, 56.713145927670297 ], [ -2.447609366541289, 56.713154812028584 ], [ -2.447607906488853, 56.713163695104086 ], [ -2.447606376798239, 56.713172576864721 ], [ -2.447604776216973, 56.713181457285792 ], [ -2.447603105671307, 56.713190336382915 ], [ -2.447601366833862, 56.713199214185479 ], [ -2.447599561377913, 56.713208090722908 ], [ -2.447597690976745, 56.713216966024653 ], [ -2.447595757303641, 56.713225840120124 ], [ -2.447593762031886, 56.713234713038773 ], [ -2.447591706834765, 56.713243584810002 ], [ -2.447589593385566, 56.713252455463262 ], [ -2.447587423357578, 56.713261325027979 ], [ -2.447585198424092, 56.71327019353356 ], [ -2.447582920258401, 56.71327906100943 ], [ -2.447580590533799, 56.713287927485048 ], [ -2.447578210923584, 56.71329679298983 ], [ -2.447575783101048, 56.713305657553207 ], [ -2.447573308739495, 56.713314521204587 ], [ -2.447570789512221, 56.713323383973417 ], [ -2.447568227092532, 56.713332245889141 ], [ -2.447565623153729, 56.713341106981154 ], [ -2.447562979369119, 56.713349967278901 ], [ -2.447560297412005, 56.713358826811806 ], [ -2.4475575789557, 56.71336768560932 ], [ -2.447554825673514, 56.713376543700853 ], [ -2.447552039238754, 56.713385401115836 ], [ -2.447549221324735, 56.713394257883685 ], [ -2.447546373604773, 56.713403114033866 ], [ -2.447543497752182, 56.713411969595768 ], [ -2.447540595440282, 56.713420824598849 ], [ -2.447537668342392, 56.713429679072526 ], [ -2.44753471813183, 56.713438533046229 ], [ -2.447531746481923, 56.713447386549412 ], [ -2.447528755065989, 56.713456239611475 ], [ -2.44752574555736, 56.713465092261856 ], [ -2.44752271962936, 56.713473944529973 ], [ -2.447519678955318, 56.713482796445298 ], [ -2.447516625208563, 56.713491648037227 ], [ -2.447513560062428, 56.71350049933519 ], [ -2.44751048519025, 56.71350935036866 ], [ -2.447507402265355, 56.713518201167005 ], [ -2.447504312961089, 56.713527051759712 ], [ -2.447501218950785, 56.713535902176183 ], [ -2.447498121907785, 56.713544752445848 ], [ -2.447495023505426, 56.713553602598154 ], [ -2.447491925417057, 56.713562452662536 ], [ -2.447488829316018, 56.713571302668413 ], [ -2.447485736875657, 56.713580152645228 ], [ -2.44748264976932, 56.713589002622406 ], [ -2.447479569670358, 56.71359785262937 ], [ -2.447476498252121, 56.713606702695586 ], [ -2.447473437187961, 56.713615552850449 ], [ -2.447470388151231, 56.713624403123426 ], [ -2.447467352815286, 56.713633253543939 ], [ -2.447464332853488, 56.7136421041414 ], [ -2.447461329939185, 56.71365095494528 ], [ -2.447458345745747, 56.713659805984982 ], [ -2.447455381946531, 56.713668657289951 ], [ -2.447452440214902, 56.713677508889624 ], [ -2.447449522224225, 56.713686360813441 ], [ -2.447446629647866, 56.713695213090816 ], [ -2.447443764159188, 56.713704065751216 ], [ -2.447440927431569, 56.713712918824051 ], [ -2.447438121138374, 56.713721772338758 ], [ -2.447435346952978, 56.713730626324775 ], [ -2.447432606548752, 56.713739480811554 ], [ -2.447429901599079, 56.713748335828498 ], [ -2.447427233777328, 56.713757191405065 ], [ -2.447424604756884, 56.713766047570694 ], [ -2.447422016211122, 56.713774904354807 ], [ -2.44741946981343, 56.713783761786843 ], [ -2.447416967237188, 56.713792619896246 ], [ -2.44741451015578, 56.713801478712448 ], [ -2.447412100242597, 56.713810338264885 ], [ -2.447409739171025, 56.713819198582975 ], [ -2.447407428614453, 56.713828059696183 ], [ -2.447405170246273, 56.713836921633927 ], [ -2.44740296573988, 56.713845784425658 ], [ -2.447400816768663, 56.713854648100792 ], [ -2.447398725006027, 56.713863512688782 ], [ -2.447396692125363, 56.713872378219079 ], [ -2.447394719800073, 56.71388124472108 ], [ -2.447392809356198, 56.713890112223723 ], [ -2.447390957863648, 56.713898980749583 ], [ -2.447389159539214, 56.713907850317007 ], [ -2.447387408547069, 56.713916720944212 ], [ -2.447385699051384, 56.713925592649453 ], [ -2.447384025216322, 56.713934465450961 ], [ -2.447382381206042, 56.713943339367034 ], [ -2.447380761184693, 56.713952214415862 ], [ -2.447379159316427, 56.713961090615676 ], [ -2.447377569765382, 56.713969967984781 ], [ -2.447375986695695, 56.713978846541387 ], [ -2.447374404271498, 56.713987726303742 ], [ -2.447372816656913, 56.713996607290085 ], [ -2.447371218016062, 56.714005489518648 ], [ -2.447369602513056, 56.714014373007693 ], [ -2.447367964312009, 56.714023257775473 ], [ -2.447366297577019, 56.714032143840193 ], [ -2.447364596472183, 56.714041031220127 ], [ -2.447362855161596, 56.714049919933508 ], [ -2.447361067809343, 56.714058809998583 ], [ -2.447359228579504, 56.714067701433564 ], [ -2.447357331636155, 56.714076594256703 ], [ -2.447355371143366, 56.714085488486262 ], [ -2.447353341265202, 56.714094384140481 ], [ -2.44735123616572, 56.714103281237563 ], [ -2.447349050008971, 56.714112179795769 ], [ -2.447346776959009, 56.714121079833347 ], [ -2.44734441117987, 56.714129981368515 ], [ -2.447341946835594, 56.714138884419519 ], [ -2.447339378090208, 56.714147789004599 ], [ -2.447336699107741, 56.71415669514198 ], [ -2.44733390405221, 56.71416560284991 ], [ -2.447330987087633, 56.714174512146592 ], [ -2.447327942378015, 56.714183423050287 ], [ -2.44732476408736, 56.714192335579234 ], [ -2.447321446379667, 56.714201249751632 ], [ -2.447317983418926, 56.714210165585762 ], [ -2.447314369369124, 56.714219083099792 ], [ -2.447310598394241, 56.714228002311984 ], [ -2.447306664658252, 56.714236923240549 ], [ -2.447302566611654, 56.714245845706031 ], [ -2.447298330337894, 56.714254768254619 ], [ -2.447293992882094, 56.714263688926927 ], [ -2.447289591317015, 56.714272605762353 ], [ -2.447285162715452, 56.714281516800263 ], [ -2.447280744150237, 56.71429042008004 ], [ -2.447280085085375, 56.714291760922727 ], [ -2.44728048084133, 56.714285714541205 ], [ -2.447281141841432, 56.71427691336347 ], [ -2.447281886583703, 56.714268107871241 ], [ -2.447282713586347, 56.714259298188473 ], [ -2.447283621367571, 56.714250484439127 ], [ -2.447284608445575, 56.714241666747142 ], [ -2.447285673338573, 56.714232845236509 ], [ -2.447286814564773, 56.71422402003116 ], [ -2.447288030642383, 56.714215191255079 ], [ -2.447289320089617, 56.714206359032204 ], [ -2.447290681424689, 56.71419752348649 ], [ -2.447292113165812, 56.714188684741913 ], [ -2.447293613831202, 56.714179842922412 ], [ -2.447295181939078, 56.714170998151964 ], [ -2.447296816007658, 56.714162150554515 ], [ -2.447298514555162, 56.714153300254026 ], [ -2.44730027609981, 56.714144447374444 ], [ -2.447302099159829, 56.714135592039753 ], [ -2.447303982253439, 56.714126734373885 ], [ -2.447305923898871, 56.714117874500801 ], [ -2.447307922614344, 56.714109012544483 ], [ -2.447309976918095, 56.71410014862888 ], [ -2.44731208532835, 56.714091282877916 ], [ -2.44731424636334, 56.714082415415596 ], [ -2.4473164585413, 56.714073546365846 ], [ -2.447318720380461, 56.71406467585264 ], [ -2.447321030399059, 56.714055803999919 ], [ -2.447323387115336, 56.714046930931666 ], [ -2.447325789047525, 56.714038056771827 ], [ -2.447328234713868, 56.714029181644356 ], [ -2.447330722632608, 56.714020305673209 ], [ -2.447333251321983, 56.71401142898236 ], [ -2.447335819300242, 56.714002551695749 ], [ -2.447338425085627, 56.713993673937345 ], [ -2.447341067196387, 56.713984795831131 ], [ -2.447343744150769, 56.71397591750101 ], [ -2.447346454467026, 56.71396703907098 ], [ -2.447349196663406, 56.713958160664987 ], [ -2.447351969258163, 56.713949282407008 ], [ -2.447354770769551, 56.713940404420974 ], [ -2.447357599715826, 56.713931526830855 ], [ -2.447360454615245, 56.713922649760626 ], [ -2.447363333986065, 56.713913773334227 ], [ -2.447366236346548, 56.713904897675619 ], [ -2.447369160214956, 56.71389602290877 ], [ -2.44737210410955, 56.71388714915765 ], [ -2.447375066561996, 56.713878276542204 ], [ -2.447378046378808, 56.71386940510083 ], [ -2.447381042623951, 56.713860534795366 ], [ -2.447384054371308, 56.713851665584777 ], [ -2.44738708069477, 56.713842797427986 ], [ -2.447390120668225, 56.713833930283947 ], [ -2.447393173365564, 56.713825064111589 ], [ -2.447396237860674, 56.713816198869836 ], [ -2.447399313227451, 56.713807334517654 ], [ -2.447402398539782, 56.713798471013959 ], [ -2.447405492871566, 56.713789608317697 ], [ -2.447408595296691, 56.713780746387812 ], [ -2.447411704889057, 56.713771885183228 ], [ -2.447414820722555, 56.713763024662903 ], [ -2.447417941871087, 56.713754164785762 ], [ -2.447421067408545, 56.713745305510749 ], [ -2.44742419640883, 56.713736446796794 ], [ -2.447427327945842, 56.71372758860285 ], [ -2.447430461093481, 56.713718730887848 ], [ -2.447433594925642, 56.713709873610739 ], [ -2.447436728516235, 56.71370101673044 ], [ -2.447439860939157, 56.713692160205902 ], [ -2.447442991268315, 56.713683303996064 ], [ -2.447446118577612, 56.713674448059876 ], [ -2.44744924194095, 56.713665592356257 ], [ -2.447452360432237, 56.713656736844158 ], [ -2.447455473125384, 56.71364788148253 ], [ -2.447458579094294, 56.71363902623029 ], [ -2.447461677412877, 56.71363017104639 ], [ -2.447464767155041, 56.71362131588976 ], [ -2.447467847394698, 56.713612460719361 ], [ -2.44747091720576, 56.713603605494129 ], [ -2.447473975662137, 56.713594750172973 ], [ -2.447477021837743, 56.713585894714882 ], [ -2.447480054806491, 56.71357703907875 ], [ -2.447483073642296, 56.713568183223558 ], [ -2.447486077419074, 56.713559327108207 ], [ -2.44748906521074, 56.713550470691665 ], [ -2.447492036091213, 56.713541613932875 ], [ -2.447494989134407, 56.713532756790769 ], [ -2.447497923414248, 56.713523899224285 ], [ -2.447500838004649, 56.713515041192359 ], [ -2.447503731979534, 56.713506182653958 ], [ -2.447506604412822, 56.713497323567985 ], [ -2.44750945437844, 56.713488463893405 ], [ -2.447512280950306, 56.713479603589157 ], [ -2.447515083202349, 56.713470742614199 ], [ -2.44751786020849, 56.71346188092744 ], [ -2.447520611042655, 56.713453018487833 ], [ -2.447523334778772, 56.713444155254322 ], [ -2.44752603049077, 56.71343529118586 ], [ -2.447528697252573, 56.713426426241377 ], [ -2.447531334138115, 56.713417560379817 ], [ -2.447533940221323, 56.713408693560119 ], [ -2.44753651457613, 56.713399825741227 ], [ -2.447539056276467, 56.713390956882066 ], [ -2.447541564396265, 56.713382086941621 ], [ -2.447544038009463, 56.713373215878796 ], [ -2.447546476189989, 56.713364343652536 ], [ -2.447548878011781, 56.713355470221806 ], [ -2.447551242548776, 56.713346595545524 ], [ -2.447553568874911, 56.713337719582654 ], [ -2.447555856064122, 56.713328842292121 ], [ -2.447558103190349, 56.713319963632863 ], [ -2.447560309327533, 56.713311083563852 ], [ -2.447562473549614, 56.713302202044005 ], [ -2.447564594930532, 56.71329331903226 ], [ -2.447566672544231, 56.713284434487569 ], [ -2.447568705464652, 56.713275548368884 ], [ -2.447570692765742, 56.713266660635121 ], [ -2.447572633521444, 56.713257771245253 ], [ -2.447574526805705, 56.713248880158211 ], [ -2.44757637169247, 56.713239987332919 ], [ -2.447578167255687, 56.713231092728357 ], [ -2.447579912569307, 56.713222196303441 ], [ -2.447581606707277, 56.713213298017109 ], [ -2.447583248743548, 56.713204397828306 ], [ -2.447584837752069, 56.713195495695999 ], [ -2.447586372806796, 56.713186591579102 ], [ -2.447587852981681, 56.71317768543657 ], [ -2.447589277388386, 56.713168777228979 ], [ -2.447590646188082, 56.713159866962449 ], [ -2.447591960703813, 56.713150954693454 ], [ -2.447593222318886, 56.713142040481166 ], [ -2.447594432416612, 56.713133124384704 ], [ -2.447595592380294, 56.713124206463178 ], [ -2.447596703593239, 56.713115286775725 ], [ -2.447597767438751, 56.713106365381485 ], [ -2.447598785300132, 56.713097442339574 ], [ -2.447599758560682, 56.71308851770911 ], [ -2.447600688603702, 56.713079591549246 ], [ -2.447601576812493, 56.713070663919105 ], [ -2.44760242457035, 56.71306173487779 ], [ -2.447603233260567, 56.713052804484427 ], [ -2.447604004266444, 56.713043872798181 ], [ -2.44760473897127, 56.713034939878156 ], [ -2.447605438758339, 56.713026005783469 ], [ -2.447606105010942, 56.713017070573258 ], [ -2.447606739112366, 56.713008134306655 ], [ -2.447607342445904, 56.712999197042791 ], [ -2.447607916394837, 56.712990258840783 ], [ -2.447608462342457, 56.712981319759741 ], [ -2.447608981672044, 56.712972379858826 ], [ -2.447609475766883, 56.712963439197139 ], [ -2.447609946010254, 56.712954497833813 ], [ -2.447610393785439, 56.712945555827993 ], [ -2.447610820475717, 56.71293661323876 ], [ -2.447611227464364, 56.71292767012531 ], [ -2.447611616134657, 56.712918726546704 ], [ -2.447611987869872, 56.712909782562114 ], [ -2.447612344053285, 56.712900838230631 ], [ -2.447612686068162, 56.712891893611406 ], [ -2.447613015297781, 56.712882948763557 ], [ -2.44761333312541, 56.712874003746208 ], [ -2.447613640934313, 56.712865058618497 ], [ -2.447613940107765, 56.712856113439521 ], [ -2.447614232029026, 56.712847168268446 ], [ -2.447614518081361, 56.712838223164383 ], [ -2.447614799648038, 56.712829278186447 ], [ -2.447615078112313, 56.712820333393765 ], [ -2.44761535485745, 56.712811388845481 ], [ -2.44761563126671, 56.712802444600698 ], [ -2.447615908723348, 56.712793500718576 ], [ -2.44761618861062, 56.712784557258203 ], [ -2.447616472311785, 56.71277561427874 ], [ -2.447616761210096, 56.71276667183929 ], [ -2.447617056688802, 56.712757729998984 ], [ -2.447617360131159, 56.712748788816953 ], [ -2.447617672920417, 56.712739848352321 ], [ -2.447617996439823, 56.712730908664206 ], [ -2.447618332072624, 56.712721969811753 ], [ -2.447618681202068, 56.712713031854079 ], [ -2.4476190452114, 56.712704094850309 ], [ -2.447619425483864, 56.71269515885956 ], [ -2.447619823402698, 56.712686223940977 ], [ -2.447620240351147, 56.712677290153664 ], [ -2.44762067771245, 56.712668357556772 ], [ -2.447621136869846, 56.712659426209413 ], [ -2.447621619206571, 56.712650496170717 ], [ -2.44762212610586, 56.712641567499809 ], [ -2.447622658950951, 56.712632640255798 ], [ -2.44762321912507, 56.712623714497838 ], [ -2.447623808011457, 56.712614790285045 ], [ -2.447624426993338, 56.712605867676544 ], [ -2.447625077453945, 56.712596946731459 ], [ -2.447625760776502, 56.712588027508914 ], [ -2.447626478344238, 56.712579110068042 ], [ -2.44762723154038, 56.712570194467958 ], [ -2.447628021748149, 56.712561280767808 ], [ -2.447628850350767, 56.712552369026696 ], [ -2.447629718731461, 56.712543459303753 ], [ -2.447630628273445, 56.712534551658102 ], [ -2.447631580359942, 56.712525646148876 ], [ -2.447632576374168, 56.712516742835199 ], [ -2.447633617699339, 56.712507841776201 ], [ -2.447634705718668, 56.712498943031001 ], [ -2.447635841815374, 56.712490046658722 ], [ -2.447637027372665, 56.712481152718475 ], [ -2.447638263773754, 56.712472261269411 ], [ -2.44763955240185, 56.712463372370642 ], [ -2.447640894640164, 56.712454486081313 ], [ -2.447642291871899, 56.712445602460519 ], [ -2.447643745480264, 56.712436721567393 ], [ -2.447645256848464, 56.712427843461064 ], [ -2.447646827359701, 56.712418968200652 ], [ -2.447648458397178, 56.712410095845286 ], [ -2.447650151344093, 56.712401226454091 ], [ -2.447651907583652, 56.712392360086177 ], [ -2.447653728499049, 56.712383496800683 ], [ -2.447655615473481, 56.712374636656712 ], [ -2.447657569890147, 56.712365779713416 ], [ -2.447659592274757, 56.712356925959028 ], [ -2.447661679640016, 56.712348075091413 ], [ -2.447663828099111, 56.712339226734073 ], [ -2.447666033765228, 56.712330380510537 ], [ -2.447668292751557, 56.712321536044307 ], [ -2.447670601171287, 56.712312692958925 ], [ -2.447672955137623, 56.712303850877881 ], [ -2.447675350763761, 56.712295009424686 ], [ -2.447677784162905, 56.712286168222846 ], [ -2.447680251448268, 56.712277326895929 ], [ -2.447682748733058, 56.712268485067398 ], [ -2.44768527213049, 56.712259642360785 ], [ -2.447687817753781, 56.712250798399623 ], [ -2.44769038171616, 56.712241952807396 ], [ -2.447692960130845, 56.712233105207645 ], [ -2.447695549111073, 56.71222425522388 ], [ -2.447698144770072, 56.712215402479622 ], [ -2.447700743221079, 56.712206546598374 ], [ -2.447703340577336, 56.712197687203691 ], [ -2.447705932952082, 56.712188823919043 ], [ -2.447708516458572, 56.712179956367976 ], [ -2.447711087210052, 56.712171084174003 ], [ -2.447713641319777, 56.712162206960663 ], [ -2.447716174901002, 56.712153324351441 ], [ -2.447718684066995, 56.712144435969861 ], [ -2.447721164931014, 56.712135541439487 ], [ -2.447723613606333, 56.712126640383779 ], [ -2.447726026206226, 56.712117732426293 ], [ -2.447728398843961, 56.712108817190547 ], [ -2.447730727632824, 56.712099894300067 ], [ -2.447733008686097, 56.712090963378337 ], [ -2.447735238117066, 56.712082024048925 ], [ -2.447737412039023, 56.712073075935351 ], [ -2.447739526565262, 56.712064118661111 ], [ -2.447741577809079, 56.712055151849732 ], [ -2.447743561883779, 56.712046175124755 ], [ -2.447745474902664, 56.712037188109669 ], [ -2.447747312979045, 56.712028190428022 ], [ -2.447749072226238, 56.712019181703347 ], [ -2.447750748757555, 56.712010161559142 ], [ -2.447752340526386, 56.712001129917567 ], [ -2.447753853564616, 56.71199208801189 ], [ -2.447755296120497, 56.711983037435047 ], [ -2.44775667644233, 56.711973979779991 ], [ -2.447758002778406, 56.711964916639687 ], [ -2.447759283377012, 56.711955849607108 ], [ -2.447760526486425, 56.711946780275184 ], [ -2.447761740354914, 56.711937710236917 ], [ -2.447762933230743, 56.711928641085237 ], [ -2.447764113362167, 56.711919574413088 ], [ -2.447765288997434, 56.711910511813457 ], [ -2.447766468384779, 56.711901454879289 ], [ -2.447767659772437, 56.71189240520355 ], [ -2.44776887140863, 56.711883364379169 ], [ -2.447770111541573, 56.711874333999155 ], [ -2.447771388419477, 56.711865315656425 ], [ -2.447772710290538, 56.711856310943944 ], [ -2.447774085402955, 56.711847321454663 ], [ -2.447775522004908, 56.711838348781555 ], [ -2.447777028344578, 56.711829394517544 ], [ -2.447778612670132, 56.711820460255602 ], [ -2.44778028322974, 56.711811547588702 ], [ -2.44778204827155, 56.711802658109754 ], [ -2.447783916043718, 56.711793793411758 ], [ -2.44778589479438, 56.711784955087644 ], [ -2.447787992771671, 56.711776144730344 ], [ -2.447790218223721, 56.711767363932836 ], [ -2.447792579398651, 56.71175861428808 ], [ -2.447795084544576, 56.711749897388984 ], [ -2.447797741909602, 56.711741214828514 ], [ -2.447800559741829, 56.711732568199622 ], [ -2.447803546289356, 56.711723959095252 ], [ -2.44780670980027, 56.711715389108349 ], [ -2.447810058522654, 56.711706859831821 ], [ -2.447813600704586, 56.71169837285867 ], [ -2.44781734459414, 56.711689929781791 ], [ -2.447821298439381, 56.711681532194135 ], [ -2.447825470488369, 56.711673181688631 ], [ -2.44782986898916, 56.711664879858198 ], [ -2.447834502189806, 56.711656628295778 ], [ -2.447839378299086, 56.711648428586422 ], [ -2.44784450137348, 56.711640281479539 ], [ -2.447849867709018, 56.711632186162952 ], [ -2.447855472751107, 56.711624141653303 ], [ -2.447861311945161, 56.711616146967216 ], [ -2.44786738073659, 56.711608201121329 ], [ -2.447873674570822, 56.711600303132251 ], [ -2.447880188893279, 56.711592452016632 ], [ -2.447886919149393, 56.71158464679111 ], [ -2.447893860784599, 56.711576886472294 ], [ -2.447901009244339, 56.711569170076842 ], [ -2.447908359974056, 56.711561496621357 ], [ -2.447915908419202, 56.711553865122468 ], [ -2.447923650025227, 56.711546274596827 ], [ -2.44793158023759, 56.711538724061043 ], [ -2.447939694501752, 56.711531212531774 ], [ -2.447947988263177, 56.711523739025637 ], [ -2.447956456967339, 56.711516302559254 ], [ -2.447965096059707, 56.711508902149262 ], [ -2.44797390098576, 56.711501536812285 ], [ -2.447982867190978, 56.711494205564989 ], [ -2.447991990120844, 56.711486907423989 ], [ -2.448001265220846, 56.711479641405894 ], [ -2.448010687936475, 56.711472406527399 ], [ -2.448020253713223, 56.711465201805076 ], [ -2.448029957996592, 56.711458026255592 ], [ -2.44803979623208, 56.71145087889559 ], [ -2.44804914099594, 56.71144420367439 ] ] ], [ [ [ -2.447309212931334, 56.714554452653502 ], [ -2.447309393385979, 56.714554667748395 ], [ -2.447316458589841, 56.714562851625395 ], [ -2.447323694012673, 56.714571034337482 ], [ -2.447331073453582, 56.714579218166783 ], [ -2.447338570711653, 56.714587405395434 ], [ -2.447346159585951, 56.714595598305564 ], [ -2.447353813875526, 56.714603799179301 ], [ -2.447361507379395, 56.714612010298843 ], [ -2.447369213896567, 56.714620233946277 ], [ -2.447376907226023, 56.714628472403803 ], [ -2.447384561166726, 56.714636727953582 ], [ -2.447392149517608, 56.714645002877781 ], [ -2.447399646077599, 56.714653299458575 ], [ -2.44740702464559, 56.714661619978166 ], [ -2.447414259020458, 56.714669966718738 ], [ -2.447421323001055, 56.714678341962468 ], [ -2.447428192631286, 56.714686747718865 ], [ -2.447434861834319, 56.714695183825427 ], [ -2.447441333079623, 56.71470364908145 ], [ -2.447447608889811, 56.714712142279787 ], [ -2.447453691787489, 56.714720662213303 ], [ -2.447459584295273, 56.714729207674836 ], [ -2.447465288935776, 56.714737777457238 ], [ -2.447470808231608, 56.714746370353332 ], [ -2.447476144705387, 56.714754985156006 ], [ -2.447481300879726, 56.714763620658069 ], [ -2.447486279277242, 56.714772275652386 ], [ -2.447491082420553, 56.714780948931775 ], [ -2.447495712832278, 56.714789639289101 ], [ -2.447500173035037, 56.714798345517188 ], [ -2.44750446555145, 56.714807066408888 ], [ -2.447508592904138, 56.714815800757009 ], [ -2.447512557615734, 56.714824547354404 ], [ -2.447516362208852, 56.714833304993917 ], [ -2.447520009206125, 56.714842072468379 ], [ -2.447523501130181, 56.714850848570627 ], [ -2.447526840503651, 56.714859632093457 ], [ -2.447530029849168, 56.714868421829735 ], [ -2.447533071689362, 56.714877216572305 ], [ -2.447535968546873, 56.714886015113976 ], [ -2.447538722944334, 56.714894816247565 ], [ -2.44754133740439, 56.714903618765909 ], [ -2.44754381444968, 56.71491242146184 ], [ -2.447546156602846, 56.714921223128208 ], [ -2.447548366386535, 56.714930022557787 ], [ -2.447550446323394, 56.714938818543459 ], [ -2.447552398936077, 56.71494760987801 ], [ -2.44755422674723, 56.714956395354285 ], [ -2.447555932279512, 56.714965173765101 ], [ -2.447557518055574, 56.714973943903267 ], [ -2.447558986598081, 56.714982704561649 ], [ -2.447560340429693, 56.71499145453302 ], [ -2.447561582073072, 56.715000192610233 ], [ -2.447562714050882, 56.715008917586097 ], [ -2.447563738885795, 56.715017628253442 ], [ -2.447564659100479, 56.715026323405077 ], [ -2.447565477178149, 56.715035001879748 ], [ -2.447566193556216, 56.715043664896143 ], [ -2.447566805673498, 56.715052317161465 ], [ -2.447567310730011, 56.715060963660605 ], [ -2.447567705925764, 56.715069609378553 ], [ -2.44756798846077, 56.715078259300256 ], [ -2.447568155535038, 56.715086918410677 ], [ -2.447568204348579, 56.715095591694748 ], [ -2.447568132101386, 56.715104284137432 ], [ -2.447567935993465, 56.715113000723704 ], [ -2.447567613224813, 56.715121746438477 ], [ -2.447567160995421, 56.715130526266734 ], [ -2.447566576505285, 56.715139345193407 ], [ -2.447565856954384, 56.715148208203466 ], [ -2.447564999542709, 56.71515712028183 ], [ -2.44756400147023, 56.715166086413468 ], [ -2.447562859936929, 56.715175111583342 ], [ -2.447561572142771, 56.715184200776392 ], [ -2.44756013528772, 56.715193358977558 ], [ -2.44755854657174, 56.715202591171781 ], [ -2.447556803194781, 56.715211902344031 ], [ -2.447554904498491, 56.715221296431203 ], [ -2.447552872316366, 56.71523076636381 ], [ -2.447550741926718, 56.715240298493136 ], [ -2.447548548788612, 56.71524987908203 ], [ -2.447546328361141, 56.715259494393429 ], [ -2.447544116103445, 56.715269130690153 ], [ -2.447541947474704, 56.715278774235102 ], [ -2.447539857934133, 56.715288411291148 ], [ -2.447537882940986, 56.715298028121161 ], [ -2.447536057954562, 56.715307610988049 ], [ -2.447534418434191, 56.715317146154689 ], [ -2.447532999839247, 56.715326619883939 ], [ -2.447531837629133, 56.71533601843872 ], [ -2.447530967263291, 56.715345328081916 ], [ -2.44753042420119, 56.715354535076401 ], [ -2.447530243902341, 56.715363625685072 ], [ -2.447530461826271, 56.715372586170808 ], [ -2.447531113432536, 56.71538140279646 ], [ -2.447532234180717, 56.71539006182492 ], [ -2.447533859530415, 56.715398549519058 ], [ -2.447536024941249, 56.715406852141733 ], [ -2.447538765872843, 56.715414955955801 ], [ -2.447542117784837, 56.715422847224083 ], [ -2.447546116136874, 56.715430512209394 ], [ -2.447550796388599, 56.715437937174585 ], [ -2.44755619399965, 56.715445108382426 ], [ -2.447562344429658, 56.715452012095689 ], [ -2.447569283138237, 56.715458634577161 ], [ -2.447577045584985, 56.715464962089555 ], [ -2.447585667229474, 56.715470980895567 ], [ -2.447595177179541, 56.715476679539904 ], [ -2.447605534338487, 56.715482071789786 ], [ -2.44761665398427, 56.715487187085834 ], [ -2.447628450739103, 56.715492055104235 ], [ -2.447640839225157, 56.71549670552124 ], [ -2.44765373406459, 56.715501168013077 ], [ -2.447667049879532, 56.715505472256048 ], [ -2.447680701292112, 56.715509647926424 ], [ -2.447694602924452, 56.715513724700592 ], [ -2.447708669398673, 56.715517732254924 ], [ -2.447722815336913, 56.715521700265803 ], [ -2.447736955361303, 56.715525658409746 ], [ -2.447751004094, 56.7155296363632 ], [ -2.447764876157151, 56.715533663802717 ], [ -2.447778486172922, 56.71553777040485 ], [ -2.447791748763481, 56.715541985846244 ], [ -2.447804578550988, 56.715546339803502 ], [ -2.447816890157602, 56.715550861953304 ], [ -2.447828598205466, 56.71555558197236 ], [ -2.447839617316698, 56.715560529537385 ], [ -2.447849862113388, 56.715565734325125 ], [ -2.447859247217573, 56.715571226012337 ], [ -2.447867687251242, 56.715577034275796 ], [ -2.447875097362973, 56.715583188586216 ], [ -2.447881442900572, 56.715589698776682 ], [ -2.44788678016514, 56.715596539099678 ], [ -2.447891175049213, 56.715603680055629 ], [ -2.447894693445312, 56.715611092144862 ], [ -2.447897401245958, 56.715618745867701 ], [ -2.447899364343684, 56.715626611724467 ], [ -2.447900648631042, 56.715634660215422 ], [ -2.447901320000623, 56.715642861840841 ], [ -2.447901444345045, 56.715651187100981 ], [ -2.447901087556979, 56.715659606496082 ], [ -2.447900314437857, 56.715668091216713 ], [ -2.447899168046955, 56.715676626206687 ], [ -2.447897671417683, 56.715685209077392 ], [ -2.44789584683616, 56.715693837912973 ], [ -2.447893716588528, 56.71570251079752 ], [ -2.447891302960942, 56.715711225815191 ], [ -2.447888628239586, 56.715719981050093 ], [ -2.447885714710651, 56.715728774586339 ], [ -2.447882584660356, 56.715737604508057 ], [ -2.447879260374939, 56.715746468899347 ], [ -2.447875764140656, 56.715755365844387 ], [ -2.447872118243788, 56.715764293427249 ], [ -2.447868344970634, 56.715773249732074 ], [ -2.447864466607515, 56.715782232843004 ], [ -2.447860505440775, 56.715791240844169 ], [ -2.447856483756778, 56.715800271819695 ], [ -2.447852423841909, 56.715809323853705 ], [ -2.447848347982575, 56.715818395030361 ], [ -2.447844278465214, 56.715827483433806 ], [ -2.447840237576273, 56.715836587148175 ], [ -2.44783624760223, 56.71584570425761 ], [ -2.447832330829583, 56.71585483284629 ], [ -2.44782850929634, 56.715863970998676 ], [ -2.447824793192899, 56.71587311681472 ], [ -2.447821175919239, 56.715882268416344 ], [ -2.447817649600414, 56.715891423927104 ], [ -2.447814206361469, 56.715900581470571 ], [ -2.44781083832745, 56.715909739170314 ], [ -2.447807537623387, 56.715918895149912 ], [ -2.447804296374312, 56.715928047532891 ], [ -2.447801106705239, 56.715937194442851 ], [ -2.447797960741184, 56.715946334003355 ], [ -2.447794850607153, 56.715955464337931 ], [ -2.447791768428146, 56.715964583570184 ], [ -2.447788706329153, 56.715973689823635 ], [ -2.447785656435161, 56.715982781221875 ], [ -2.447782610871145, 56.71599185588844 ], [ -2.447779561762077, 56.716000911946907 ], [ -2.447776501232919, 56.716009947520831 ], [ -2.44777342140863, 56.716018960733734 ], [ -2.447770314414158, 56.716027949709215 ], [ -2.447767172374447, 56.716036912570836 ], [ -2.447763987414432, 56.716045847442082 ], [ -2.447760751659044, 56.716054752446588 ], [ -2.447757457233205, 56.716063625707861 ], [ -2.447754096261834, 56.71607246534947 ], [ -2.447750660869835, 56.716081269494957 ], [ -2.447747143182118, 56.716090036267886 ], [ -2.447743535323574, 56.716098763791777 ], [ -2.447739829419102, 56.716107450190208 ], [ -2.447736017593582, 56.716116093586713 ], [ -2.447732091971896, 56.716124692104835 ], [ -2.447728044678917, 56.716133243868128 ], [ -2.447723867839513, 56.71614174700013 ], [ -2.44771955357855, 56.716150199624366 ], [ -2.447715094020881, 56.716158599864407 ], [ -2.447710481291365, 56.716166945843767 ], [ -2.447705707514848, 56.716175235685988 ], [ -2.447700764816172, 56.716183467514618 ], [ -2.447695645320178, 56.716191639453179 ], [ -2.447690341151699, 56.71619974962519 ], [ -2.447684844435571, 56.716207796154208 ], [ -2.447679147296616, 56.71621577716374 ], [ -2.447673241859659, 56.716223690777298 ], [ -2.447667120249524, 56.716231535118446 ], [ -2.447660774591023, 56.716239308310662 ], [ -2.447654197008976, 56.716247008477474 ], [ -2.447647379628191, 56.716254633742423 ], [ -2.44764031457348, 56.716262182228967 ], [ -2.447632993969652, 56.716269652060653 ], [ -2.447625409941513, 56.716277041360982 ], [ -2.447617554613867, 56.716284348253424 ], [ -2.447609420111515, 56.716291570861515 ], [ -2.447600998559266, 56.716298707308731 ], [ -2.447592282081921, 56.716305755718551 ], [ -2.447583262804281, 56.716312714214467 ], [ -2.447573932851148, 56.716319580919965 ], [ -2.447564285440037, 56.716326354504908 ], [ -2.447554321581287, 56.716333037535826 ], [ -2.447544045670279, 56.716339634271947 ], [ -2.447533462116181, 56.716346148979305 ], [ -2.447522575328174, 56.716352585924 ], [ -2.447511389715426, 56.716358949372101 ], [ -2.44749990968712, 56.716365243589699 ], [ -2.447488139652435, 56.716371472842859 ], [ -2.447476084020544, 56.716377641397656 ], [ -2.447463747200633, 56.716383753520155 ], [ -2.44745113360188, 56.716389813476439 ], [ -2.447438247633464, 56.716395825532594 ], [ -2.44742509370456, 56.716401793954688 ], [ -2.44741167622435, 56.716407723008778 ], [ -2.447397999602004, 56.716413616960971 ], [ -2.447384068246701, 56.716419480077313 ], [ -2.44736988656761, 56.716425316623898 ], [ -2.4473554589739, 56.716431130866795 ], [ -2.447340789874733, 56.716436927072074 ], [ -2.447325883679278, 56.716442709505827 ], [ -2.447310744796689, 56.716448482434124 ], [ -2.447295378262053, 56.716454250085185 ], [ -2.447279818297503, 56.716460014922141 ], [ -2.447264140114983, 56.716465776929255 ], [ -2.447248421998636, 56.716471535905015 ], [ -2.447232742232646, 56.716477291647983 ], [ -2.447217179101253, 56.716483043956728 ], [ -2.447201810888744, 56.716488792629875 ], [ -2.447186715879448, 56.71649453746609 ], [ -2.447171972357752, 56.716500278264078 ], [ -2.447157658608082, 56.716506014822571 ], [ -2.447143852914921, 56.716511746940313 ], [ -2.447130633560847, 56.716517474417245 ], [ -2.447118078816392, 56.716523197060425 ], [ -2.447106266982227, 56.716528914659271 ], [ -2.447095276343017, 56.716534627012635 ], [ -2.447085185183472, 56.71654033391939 ], [ -2.447076071788347, 56.716546035178453 ], [ -2.447068014442447, 56.716551730588655 ], [ -2.447061091430622, 56.716557419948913 ], [ -2.447055381037766, 56.716563103058071 ], [ -2.447050961548822, 56.716568779714976 ], [ -2.447047911248773, 56.716574449718458 ], [ -2.447046308422654, 56.716580112867291 ], [ -2.447046231355539, 56.716585768960208 ], [ -2.44704775833255, 56.716591417795911 ], [ -2.447050967638849, 56.716597059173012 ], [ -2.447055906970311, 56.71660269225729 ], [ -2.447062448272721, 56.716608312578856 ], [ -2.44707040084485, 56.716613914371862 ], [ -2.447079573908407, 56.716619491868897 ], [ -2.447089776684981, 56.716625039302521 ], [ -2.447100818396035, 56.71663055090535 ], [ -2.447112508262916, 56.716636020910066 ], [ -2.447124655506843, 56.716641443549385 ], [ -2.447137069348921, 56.716646813056045 ], [ -2.447149559010135, 56.716652123662953 ], [ -2.447161933711361, 56.716657369603041 ], [ -2.44717400267335, 56.71666254510928 ], [ -2.447185575116761, 56.716667644414798 ], [ -2.44719646026214, 56.716672661752682 ], [ -2.447206467329935, 56.716677591356174 ], [ -2.447215405540503, 56.716682427458508 ], [ -2.447223084114112, 56.716687164292956 ], [ -2.447229312270946, 56.716691796092825 ], [ -2.447233899231122, 56.716696317091341 ], [ -2.447236654214679, 56.716700721521796 ], [ -2.447237386441614, 56.716705003617356 ], [ -2.447235944123618, 56.716709160033496 ], [ -2.44723242321512, 56.716713202816635 ], [ -2.44722701665247, 56.716717150038114 ], [ -2.447219917597792, 56.716721019783257 ], [ -2.447211319213296, 56.716724830137345 ], [ -2.44720141466127, 56.716728599185664 ], [ -2.447190397104072, 56.716732345013511 ], [ -2.447178459704119, 56.716736085706195 ], [ -2.447165795623885, 56.716739839349096 ], [ -2.447152598025891, 56.716743624027686 ], [ -2.447139060072714, 56.716747457827445 ], [ -2.447125374926975, 56.716751358834003 ], [ -2.447111735751354, 56.716755345133009 ], [ -2.447098335708578, 56.716759434810278 ], [ -2.447085367961445, 56.716763645951602 ], [ -2.447073025672808, 56.71676799664295 ], [ -2.447061502005606, 56.71677250497028 ], [ -2.447050990122867, 56.716777189019687 ], [ -2.447041683187714, 56.716782066877229 ], [ -2.447033781206323, 56.716787152225272 ], [ -2.44703704867442, 56.716781972797619 ], [ -2.447041378972678, 56.716776147691711 ], [ -2.447046171329058, 56.716770436766645 ], [ -2.447051313366157, 56.716764825702938 ], [ -2.447056692706646, 56.716759300181117 ], [ -2.447062196973251, 56.716753845881733 ], [ -2.447067713788757, 56.716748448485319 ], [ -2.447073130776007, 56.716743093672484 ], [ -2.447078335557898, 56.716737767123803 ], [ -2.447083215757379, 56.716732454519928 ], [ -2.447087658997454, 56.71672714154149 ], [ -2.44709155290119, 56.7167218138691 ], [ -2.447094785091705, 56.716716457183466 ], [ -2.447097243192176, 56.71671105716522 ], [ -2.447098814825851, 56.716705599495022 ], [ -2.447099387622337, 56.716700069854056 ], [ -2.447098894717724, 56.716694457925193 ], [ -2.447097423884844, 56.7166887669894 ], [ -2.447095095712766, 56.716683003213404 ], [ -2.447092030790487, 56.716677172763895 ], [ -2.44708834970694, 56.716671281807606 ], [ -2.447084173050989, 56.716665336511198 ], [ -2.447079621411419, 56.716659343041407 ], [ -2.447074815376945, 56.716653307564968 ], [ -2.447069875536206, 56.716647236248591 ], [ -2.447064922477757, 56.716641135259053 ], [ -2.447060076790075, 56.716635010763127 ], [ -2.447055459061555, 56.716628868927614 ], [ -2.447051189880513, 56.716622715919328 ], [ -2.447047389835184, 56.71661655790507 ], [ -2.447044179513717, 56.716610401051696 ], [ -2.447041679504191, 56.71660425152605 ], [ -2.447040010394594, 56.716598115494925 ], [ -2.447039273381272, 56.716591998089939 ], [ -2.447039469518085, 56.716585899096209 ], [ -2.447040567626845, 56.716579816578125 ], [ -2.447042536513957, 56.716573748599153 ], [ -2.447045344985846, 56.716567693222814 ], [ -2.447048961848958, 56.716561648512567 ], [ -2.447053355909766, 56.716555612531877 ], [ -2.447058495974754, 56.716549583344197 ], [ -2.44706435085043, 56.716543559012976 ], [ -2.44707088934332, 56.71653753760166 ], [ -2.447078080259973, 56.716531517173664 ], [ -2.447085892406946, 56.716525495792425 ], [ -2.447094294590829, 56.71651947152138 ], [ -2.447103255607538, 56.716513442430198 ], [ -2.447112744266133, 56.716507406580881 ], [ -2.447122729381417, 56.716501362032098 ], [ -2.44713317976003, 56.716495306847278 ], [ -2.447144064208632, 56.71648923908986 ], [ -2.447155351533903, 56.716483156823315 ], [ -2.447167010542535, 56.716477058111096 ], [ -2.447179010041237, 56.716470941016667 ], [ -2.447191318836741, 56.716464803603515 ], [ -2.447203905735789, 56.716458643935105 ], [ -2.447216739545141, 56.716452460074962 ], [ -2.447229789071582, 56.716446250086591 ], [ -2.447243023121899, 56.716440012033502 ], [ -2.447256410502909, 56.716433743979216 ], [ -2.447269920021444, 56.716427443987278 ], [ -2.44728352048435, 56.716421110121303 ], [ -2.447297180698491, 56.71641474044479 ], [ -2.447310869470753, 56.716408333021356 ], [ -2.447324555608036, 56.7164018859146 ], [ -2.447338207917261, 56.71639539718813 ], [ -2.447351795205368, 56.716388864905596 ], [ -2.447365286279314, 56.7163822871306 ], [ -2.447378649946078, 56.716375661926811 ], [ -2.447391855012659, 56.716368987357896 ], [ -2.447404870286076, 56.716362261487532 ], [ -2.447417664573371, 56.716355482379406 ], [ -2.447430206681602, 56.716348648097238 ], [ -2.447442465417856, 56.716341756704736 ], [ -2.447454409589242, 56.7163348062656 ], [ -2.447466008002888, 56.716327794843586 ], [ -2.447477229465949, 56.716320720502409 ], [ -2.447488042785607, 56.716313581305876 ], [ -2.447498416769064, 56.716306375317686 ], [ -2.447508322814723, 56.716299100772765 ], [ -2.447517759272721, 56.716291757685831 ], [ -2.447526740485435, 56.716284347127754 ], [ -2.447535281005531, 56.71627687018325 ], [ -2.447543395385667, 56.716269327937056 ], [ -2.447551098178498, 56.716261721473906 ], [ -2.447558403936674, 56.716254051878508 ], [ -2.447565327212832, 56.716246320235534 ], [ -2.447571882559609, 56.716238527629677 ], [ -2.447578084529627, 56.71623067514566 ], [ -2.447583947675502, 56.716222763868146 ], [ -2.447589486549848, 56.7162147948818 ], [ -2.447594715705263, 56.716206769271331 ], [ -2.447599649694335, 56.716198688121374 ], [ -2.447604303069652, 56.716190552516586 ], [ -2.447608690383781, 56.716182363541648 ], [ -2.447612826189288, 56.71617412228121 ], [ -2.447616725038725, 56.716165829819914 ], [ -2.44762040148463, 56.716157487242405 ], [ -2.447623870079542, 56.716149095633348 ], [ -2.447627145375975, 56.716140656077371 ], [ -2.44763024192644, 56.716132169659105 ], [ -2.447633174283437, 56.716123637463205 ], [ -2.447635956999448, 56.716115060574303 ], [ -2.447638604626951, 56.716106440077013 ], [ -2.447641131718407, 56.716097777056014 ], [ -2.447643552826265, 56.716089072595878 ], [ -2.447645882502964, 56.716080327781278 ], [ -2.447648135300927, 56.716071543696813 ], [ -2.447650325772569, 56.716062721427129 ], [ -2.447652468470285, 56.716053862056832 ], [ -2.447654577946467, 56.716044966670587 ], [ -2.447656668753478, 56.716036036352961 ], [ -2.447658755443685, 56.716027072188609 ], [ -2.447660852569433, 56.716018075262163 ], [ -2.447662974683048, 56.716009046658222 ], [ -2.447665136336855, 56.715999987461402 ], [ -2.447667352083154, 56.715990898756338 ], [ -2.447669636474235, 56.715981781627669 ], [ -2.447672004062374, 56.715972637159943 ], [ -2.447674469399832, 56.715963466437842 ], [ -2.44767704703886, 56.715954270545943 ], [ -2.447679751531684, 56.71594505056887 ], [ -2.447682597430529, 56.715935807591244 ], [ -2.447685599287595, 56.715926542697659 ], [ -2.447688771655071, 56.715917256972723 ], [ -2.447692129085132, 56.715907951501045 ], [ -2.447695686129942, 56.715898627367238 ], [ -2.447699457341642, 56.715889285655877 ], [ -2.447703457272363, 56.715879927451581 ], [ -2.447707700474225, 56.715870553838954 ], [ -2.447712201499323, 56.715861165902545 ], [ -2.447716974899751, 56.715851764726985 ], [ -2.447722025132148, 56.715842352468812 ], [ -2.44772730872207, 56.715832936374234 ], [ -2.44773276798496, 56.71582352519831 ], [ -2.447738345234088, 56.71581412769639 ], [ -2.447743982782791, 56.715804752623825 ], [ -2.447749622944466, 56.715795408735971 ], [ -2.447755208032572, 56.715786104788194 ], [ -2.447760680360638, 56.715776849535878 ], [ -2.447765982242242, 56.71576765173441 ], [ -2.447771055991027, 56.715758520139168 ], [ -2.447775843920706, 56.715749463505595 ], [ -2.447780288345025, 56.715740490589077 ], [ -2.447784331577809, 56.715731610145049 ], [ -2.447787915932922, 56.715722830928911 ], [ -2.447790983724281, 56.715714161696091 ], [ -2.447793477265851, 56.715705611202054 ], [ -2.447795338871645, 56.715697188202171 ], [ -2.44779651085571, 56.71568890145187 ], [ -2.447796935532138, 56.715680759706594 ], [ -2.447796555215048, 56.715672771721671 ], [ -2.447795312218593, 56.715664946252545 ], [ -2.447793154129353, 56.715657291143032 ], [ -2.447790091625123, 56.715649803329732 ], [ -2.447786176958764, 56.715642472561555 ], [ -2.447781463116207, 56.715635288460753 ], [ -2.447776003083325, 56.715628240649522 ], [ -2.447769849845949, 56.715621318750088 ], [ -2.44776305638985, 56.71561451238464 ], [ -2.447755675700764, 56.715607811175381 ], [ -2.447747760764386, 56.71560120474453 ], [ -2.447739364566374, 56.715594682714276 ], [ -2.447730540092351, 56.715588234706864 ], [ -2.447721340327909, 56.715581850344527 ], [ -2.447711818258607, 56.715575519249498 ], [ -2.447702026869977, 56.715569231044043 ], [ -2.447692019147528, 56.715562975350444 ], [ -2.447681848076736, 56.715556741790969 ], [ -2.447671566643062, 56.715550519987929 ], [ -2.447661227831935, 56.715544299563653 ], [ -2.447650884628765, 56.715538070140475 ], [ -2.447640590018935, 56.715531821340747 ], [ -2.44763039698781, 56.715525542786843 ], [ -2.447620358520723, 56.715519224101186 ], [ -2.447610527602987, 56.715512854906144 ], [ -2.447600957219888, 56.715506424824163 ], [ -2.44759170035668, 56.715499923477665 ], [ -2.447582809998595, 56.715493340489118 ], [ -2.447574339130828, 56.715486665480981 ], [ -2.447566340738539, 56.715479888075748 ], [ -2.447558867806856, 56.715472997895873 ], [ -2.447551968111733, 56.715465985559554 ], [ -2.447545645317319, 56.715458850116839 ], [ -2.447539880884677, 56.715451594861776 ], [ -2.447534656106058, 56.71544422312067 ], [ -2.44752995227371, 56.715436738219836 ], [ -2.447525750679893, 56.715429143485572 ], [ -2.447522032616864, 56.715421442244164 ], [ -2.447518779376888, 56.715413637821889 ], [ -2.447515972252241, 56.715405733545019 ], [ -2.447513592535197, 56.71539773273981 ], [ -2.447511621518049, 56.715389638732532 ], [ -2.44751004049309, 56.715381454849457 ], [ -2.447508830752628, 56.715373184416798 ], [ -2.447507973588983, 56.715364830760826 ], [ -2.447507450294478, 56.715356397207778 ], [ -2.44750724216146, 56.71534788708388 ], [ -2.44750733048228, 56.715339303715375 ], [ -2.447507696549307, 56.715330650428506 ], [ -2.447508321654922, 56.715321930549493 ], [ -2.447509187091523, 56.715313147404565 ], [ -2.447510274151517, 56.715304304319965 ], [ -2.447511564127335, 56.715295404621912 ], [ -2.447513038311418, 56.715286451636636 ], [ -2.447514677996229, 56.715277448690358 ], [ -2.447516464474243, 56.715268399109327 ], [ -2.447518379037957, 56.715259306219757 ], [ -2.447520402979881, 56.715250173347876 ], [ -2.447522517592549, 56.715241003819933 ], [ -2.447524704168504, 56.71523180096213 ], [ -2.44752694400032, 56.715222568100735 ], [ -2.447529218380581, 56.715213308561964 ], [ -2.447531508601891, 56.715204025672044 ], [ -2.447533795956878, 56.715194722757232 ], [ -2.447536061738183, 56.715185403143749 ], [ -2.447538287238471, 56.715176070157852 ], [ -2.447540453750425, 56.715166727125762 ], [ -2.447542542566749, 56.715157377373728 ], [ -2.447544534980161, 56.715148024228014 ], [ -2.447546412283403, 56.715138671014842 ], [ -2.447548155769236, 56.715129321060459 ], [ -2.447549746730442, 56.71511997769111 ], [ -2.447551166459816, 56.715110644233043 ], [ -2.447552396250178, 56.715101324012515 ], [ -2.447553417394359, 56.715092020355762 ], [ -2.447554211185221, 56.715082736589039 ], [ -2.44755475891563, 56.715073476038576 ], [ -2.44755504187848, 56.715064242030628 ], [ -2.447555041366678, 56.715055037891425 ], [ -2.447554738673146, 56.715045866947236 ], [ -2.447554115090827, 56.715036732524283 ], [ -2.447553152420123, 56.715027637873803 ], [ -2.44755184664107, 56.715018584151807 ], [ -2.447550209465111, 56.7150095701897 ], [ -2.447548253422513, 56.715000594697912 ], [ -2.44754599104353, 56.714991656386864 ], [ -2.447543434858404, 56.714982753966986 ], [ -2.447540597397364, 56.714973886148691 ], [ -2.447537491190624, 56.71496505164238 ], [ -2.447534128768384, 56.714956249158483 ], [ -2.447530522660838, 56.714947477407428 ], [ -2.447526685398157, 56.714938735099622 ], [ -2.447522629510513, 56.714930020945488 ], [ -2.447518367528056, 56.714921333655418 ], [ -2.447513911980924, 56.714912671939871 ], [ -2.447509275399248, 56.714904034509246 ], [ -2.447504470313148, 56.714895420073958 ], [ -2.447499509252729, 56.714886827344436 ], [ -2.44749440474808, 56.71487825503111 ], [ -2.447489169329293, 56.714869701844385 ], [ -2.447483815526439, 56.714861166494714 ], [ -2.447478355869574, 56.714852647692496 ], [ -2.447472802888754, 56.714844144148188 ], [ -2.447467169114014, 56.714835654572219 ], [ -2.447461467075389, 56.714827177674991 ], [ -2.447455709302893, 56.714818712166974 ], [ -2.447449908326536, 56.714810256758589 ], [ -2.447444076676312, 56.714801810160296 ], [ -2.447438226882213, 56.714793371082514 ], [ -2.447432371474212, 56.714784938235717 ], [ -2.447426522982275, 56.714776510330324 ], [ -2.447420693936359, 56.714768086076809 ], [ -2.447414896866408, 56.714759664185586 ], [ -2.447409144302359, 56.714751243367175 ], [ -2.447403448774131, 56.714742822331978 ], [ -2.447397822811642, 56.714734399790473 ], [ -2.447392278944795, 56.714725974453131 ], [ -2.447386829703483, 56.714717545030403 ], [ -2.447381487617585, 56.714709110232754 ], [ -2.447376265216977, 56.714700668770654 ], [ -2.447371175031519, 56.714692219354596 ], [ -2.447366229541216, 56.714683760700005 ], [ -2.447361436557792, 56.714675291993416 ], [ -2.447356795480518, 56.714666813269872 ], [ -2.447352304827543, 56.71465832465335 ], [ -2.447347963117013, 56.714649826267845 ], [ -2.447343768867077, 56.714641318237305 ], [ -2.447339720595892, 56.714632800685735 ], [ -2.447335816821607, 56.71462427373708 ], [ -2.447332056062377, 56.714615737515359 ], [ -2.447328436836357, 56.714607192144513 ], [ -2.447324957661701, 56.714598637748509 ], [ -2.447321617056571, 56.714590074451344 ], [ -2.447318413539118, 56.714581502376973 ], [ -2.447315345627507, 56.714572921649371 ], [ -2.447312411839895, 56.71456433239252 ], [ -2.447309610694447, 56.714555734730389 ], [ -2.447309212931334, 56.714554452653502 ] ] ], [ [ [ -2.447026498029996, 56.716831627184845 ], [ -2.447029646841463, 56.71683647780867 ], [ -2.44703522045445, 56.716843640166246 ], [ -2.44704171868591, 56.716850995188508 ], [ -2.447049011230361, 56.716858534051006 ], [ -2.447056967782228, 56.716866247929332 ], [ -2.44706545803585, 56.716874127999056 ], [ -2.447074351685456, 56.71688216543582 ], [ -2.447083516911375, 56.716890350473406 ], [ -2.447092810607487, 56.716898666323942 ], [ -2.447102084570233, 56.716907093028247 ], [ -2.447111190571019, 56.716915610611778 ], [ -2.447119980381101, 56.716924199099935 ], [ -2.447128305771574, 56.716932838518218 ], [ -2.447136018513383, 56.716941508892162 ], [ -2.447142970377313, 56.716950190247324 ], [ -2.447149013134003, 56.716958862609253 ], [ -2.447153998553941, 56.716967506003563 ], [ -2.44715779564134, 56.716976102289308 ], [ -2.447160415545744, 56.716984648448545 ], [ -2.447161939406165, 56.716993148909481 ], [ -2.447162448851113, 56.717001608152387 ], [ -2.447162025509181, 56.717010030657448 ], [ -2.447160751009039, 56.717018420904921 ], [ -2.447158706979435, 56.717026783374948 ], [ -2.447155975049188, 56.717035122547756 ], [ -2.447152636847194, 56.717043442903467 ], [ -2.447148774002418, 56.717051748922309 ], [ -2.447144468143895, 56.717060045084416 ], [ -2.447139800900732, 56.71706833587001 ], [ -2.447134853902104, 56.717076625759255 ], [ -2.447129708777259, 56.717084919232363 ], [ -2.447124447155509, 56.71709322076957 ], [ -2.447119150666232, 56.717101534851082 ], [ -2.447113900938882, 56.717109865957184 ], [ -2.44710877960298, 56.717118218568089 ], [ -2.447103868288115, 56.717126597164111 ], [ -2.447099248623942, 56.717135006225497 ], [ -2.447095002240197, 56.717143450232577 ], [ -2.447091210766682, 56.717151933665662 ], [ -2.447087953609703, 56.717160460871781 ], [ -2.447085254304235, 56.717169032850002 ], [ -2.447083077752942, 56.717177647085798 ], [ -2.44708138608229, 56.717186300898362 ], [ -2.447080141418718, 56.71719499160681 ], [ -2.447079305888633, 56.717203716530292 ], [ -2.447078841618409, 56.717212472987939 ], [ -2.447078710734387, 56.717221258298856 ], [ -2.447078875362878, 56.717230069782218 ], [ -2.447079297630157, 56.717238904757103 ], [ -2.44707993966246, 56.717247760542655 ], [ -2.447080763585995, 56.717256634457954 ], [ -2.447081731526934, 56.717265523822157 ], [ -2.447082805611415, 56.717274425954358 ], [ -2.447083947965532, 56.717283338173715 ], [ -2.447085120715352, 56.717292257799308 ], [ -2.447086285986909, 56.717301182150294 ], [ -2.447087405906188, 56.717310108545753 ], [ -2.44708844259915, 56.71731903430485 ], [ -2.44708935822199, 56.717327956748768 ], [ -2.447090125656071, 56.7173368739344 ], [ -2.447090744284089, 56.717345785736455 ], [ -2.447091217510345, 56.717354692305562 ], [ -2.447091548739143, 56.717363593792243 ], [ -2.447091741374787, 56.717372490347145 ], [ -2.447091798821588, 56.71738138212082 ], [ -2.447091724483859, 56.717390269263838 ], [ -2.447091521765915, 56.717399151926813 ], [ -2.447091194072077, 56.717408030260316 ], [ -2.447090744806664, 56.717416904414925 ], [ -2.447090177374003, 56.717425774541233 ], [ -2.447089495178425, 56.71743464078979 ], [ -2.447088701624259, 56.717443503311223 ], [ -2.447087800115844, 56.717452362256076 ], [ -2.447086794057517, 56.717461217774947 ], [ -2.447085686853619, 56.717470070018415 ], [ -2.447084481908496, 56.717478919137044 ], [ -2.447083182626495, 56.717487765281454 ], [ -2.447081792411969, 56.717496608602197 ], [ -2.447080314669275, 56.71750544924987 ], [ -2.447078752802763, 56.717514287375032 ], [ -2.447077110216802, 56.717523123128274 ], [ -2.447075390315751, 56.717531956660181 ], [ -2.44707359650398, 56.717540788121319 ], [ -2.447071732185858, 56.7175496176623 ], [ -2.447069800765761, 56.717558445433667 ], [ -2.447067805648061, 56.717567271586034 ], [ -2.447065750237143, 56.717576096269958 ], [ -2.447063637937386, 56.717584919636039 ], [ -2.447061472153179, 56.717593741834833 ], [ -2.447059256288911, 56.717602563016953 ], [ -2.447056993748972, 56.717611383332965 ], [ -2.44705468793776, 56.71762020293346 ], [ -2.447052342259673, 56.717629021968996 ], [ -2.44704996011911, 56.717637840590186 ], [ -2.447047544920481, 56.717646658947594 ], [ -2.44704510006819, 56.717655477191826 ], [ -2.447042628966651, 56.717664295473433 ], [ -2.447040135020274, 56.717673113943015 ], [ -2.447037621633483, 56.717681932751141 ], [ -2.447035092210693, 56.717690752048426 ], [ -2.447032550156329, 56.717699571985449 ], [ -2.447029998874815, 56.717708392712765 ], [ -2.447027441770588, 56.717717214380983 ], [ -2.447024882248075, 56.717726037140693 ], [ -2.447022323711712, 56.717734861142468 ], [ -2.447019769565943, 56.717743686536892 ], [ -2.447017223215204, 56.717752513474565 ], [ -2.447014688043776, 56.717761342105028 ], [ -2.447012166093668, 56.717770172509653 ], [ -2.447009657246577, 56.717779004659945 ], [ -2.44700716118871, 56.717787838517523 ], [ -2.447004677606278, 56.717796674043981 ], [ -2.447002206185493, 56.717805511200957 ], [ -2.446999746612564, 56.717814349950004 ], [ -2.446997298573699, 56.717823190252751 ], [ -2.446994861755108, 56.717832032070817 ], [ -2.446992435843002, 56.717840875365766 ], [ -2.446990020523586, 56.717849720099231 ], [ -2.446987615483072, 56.717858566232813 ], [ -2.446985220407666, 56.717867413728094 ], [ -2.446982834983576, 56.717876262546696 ], [ -2.446980458897009, 56.717885112650222 ], [ -2.446978091834177, 56.717893964000261 ], [ -2.446975733481279, 56.71790281655845 ], [ -2.446973383524528, 56.717911670286348 ], [ -2.446971041650128, 56.71792052514558 ], [ -2.446968707544285, 56.717929381097733 ], [ -2.446966380893207, 56.717938238104431 ], [ -2.446964061383096, 56.717947096127283 ], [ -2.44696174870016, 56.71795595512787 ], [ -2.446959442530606, 56.717964815067802 ], [ -2.446957142560633, 56.717973675908681 ], [ -2.446954848476449, 56.717982537612102 ], [ -2.446952559964258, 56.717991400139688 ], [ -2.446950276710266, 56.718000263453028 ], [ -2.44694799840067, 56.718009127513717 ], [ -2.446945724721681, 56.718017992283379 ], [ -2.446943455359497, 56.718026857723608 ], [ -2.446941190000325, 56.718035723796007 ], [ -2.446938928330361, 56.718044590462149 ], [ -2.446936670035815, 56.718053457683681 ], [ -2.446934414802882, 56.718062325422189 ], [ -2.446932162317768, 56.718071193639268 ], [ -2.446929912266674, 56.718080062296529 ], [ -2.446927664335799, 56.718088931355567 ], [ -2.446925418211345, 56.718097800777997 ], [ -2.446923173579512, 56.718106670525401 ], [ -2.446920930126502, 56.718115540559403 ], [ -2.446918687538514, 56.71812441084159 ], [ -2.446916445501747, 56.718133281333571 ], [ -2.4469142037024, 56.718142151996943 ], [ -2.446911961826673, 56.718151022793329 ], [ -2.446909719560763, 56.718159893684295 ], [ -2.446907476590872, 56.718168764631478 ], [ -2.446905232603196, 56.718177635596454 ], [ -2.446902987283933, 56.718186506540853 ], [ -2.44690074031928, 56.718195377426248 ], [ -2.446898491395437, 56.718204248214249 ], [ -2.446896240198599, 56.718213118866466 ], [ -2.446893986414963, 56.718221989344492 ], [ -2.446891729730725, 56.718230859609932 ], [ -2.446889469832084, 56.718239729624408 ], [ -2.446887206405234, 56.718248599349486 ], [ -2.446884939136369, 56.718257468746806 ], [ -2.446882667711687, 56.718266337777948 ], [ -2.446880391817382, 56.718275206404492 ], [ -2.446878111139651, 56.718284074588084 ], [ -2.446875825364685, 56.718292942290304 ], [ -2.446873534178679, 56.718301809472756 ], [ -2.446871237267829, 56.718310676097033 ], [ -2.446868934318328, 56.71831954212476 ], [ -2.446866625016367, 56.718328407517511 ], [ -2.446864309048143, 56.718337272236901 ], [ -2.446861986099846, 56.718346136244541 ], [ -2.446859655857672, 56.718354999502033 ], [ -2.446857318007809, 56.718363861970943 ], [ -2.446854972236452, 56.718372723612909 ], [ -2.446852618229791, 56.718381584389505 ], [ -2.446850255674018, 56.718390444262383 ], [ -2.446847884255326, 56.718399303193095 ], [ -2.446845503659902, 56.718408161143245 ], [ -2.446843113573939, 56.718417018074469 ], [ -2.446840713683627, 56.718425873948348 ], [ -2.446838303675158, 56.718434728726464 ], [ -2.446835883234718, 56.718443582370433 ], [ -2.446833452048499, 56.718452434841886 ], [ -2.446831009802691, 56.718461286102375 ], [ -2.44682855618348, 56.718470136113545 ], [ -2.446826090877057, 56.718478984836956 ], [ -2.446823613569608, 56.718487832234253 ], [ -2.446821123947325, 56.718496678266995 ], [ -2.446818621696391, 56.71850552289682 ], [ -2.446816106502998, 56.718514366085294 ], [ -2.446813578053331, 56.718523207794043 ], [ -2.446811036033575, 56.718532047984681 ], [ -2.446808480129921, 56.718540886618747 ], [ -2.446805910028553, 56.718549723657915 ], [ -2.446803325415656, 56.718558559063752 ], [ -2.446800725977419, 56.718567392797858 ], [ -2.446798111400027, 56.718576224821845 ], [ -2.446795481369662, 56.718585055097293 ], [ -2.446792835572511, 56.718593883585818 ], [ -2.446790173694759, 56.71860271024903 ], [ -2.446787495422591, 56.718611535048524 ], [ -2.446784800442192, 56.718620357945881 ], [ -2.446782088439742, 56.718629178902717 ], [ -2.446779359101429, 56.718637997880641 ], [ -2.446776612113435, 56.718646814841236 ], [ -2.446773847161941, 56.718655629746138 ], [ -2.446771063933132, 56.718664442556893 ], [ -2.446768262113191, 56.718673253235131 ], [ -2.446765441388299, 56.718682061742463 ], [ -2.446762601444638, 56.718690868040468 ], [ -2.446759741968389, 56.718699672090757 ], [ -2.446756862645736, 56.718708473854932 ], [ -2.446753963162858, 56.718717273294608 ], [ -2.446751043205937, 56.718726070371339 ], [ -2.446748102461154, 56.71873486504677 ], [ -2.446745140614689, 56.718743657282481 ], [ -2.446742157352719, 56.718752447040089 ], [ -2.44673915236143, 56.718761234281168 ], [ -2.446736125326997, 56.718770018967334 ], [ -2.446733075935599, 56.718778801060182 ], [ -2.446730003873417, 56.718787580521315 ], [ -2.446726908826632, 56.718796357312343 ], [ -2.446723790481417, 56.718805131394845 ], [ -2.446720648523953, 56.718813902730425 ], [ -2.44671748264042, 56.718822671280712 ], [ -2.44671429251699, 56.71883143700726 ], [ -2.446711077839848, 56.718840199871707 ], [ -2.446707838295166, 56.718848959835626 ], [ -2.446704573569123, 56.718857716860647 ], [ -2.446701283347892, 56.718866470908331 ], [ -2.446697967317653, 56.718875221940287 ], [ -2.446694625164582, 56.718883969918146 ], [ -2.446691256574856, 56.718892714803488 ], [ -2.446687861234646, 56.718901456557887 ], [ -2.446684438830132, 56.718910195142996 ], [ -2.446680989047486, 56.718918930520367 ], [ -2.446677511572885, 56.718927662651609 ], [ -2.446674006092501, 56.718936391498332 ], [ -2.44667047229251, 56.718945117022145 ], [ -2.446666909859087, 56.718953839184614 ], [ -2.446663318478404, 56.718962557947371 ], [ -2.446659697836635, 56.718971273271997 ], [ -2.446656047619951, 56.718979985120093 ], [ -2.44665236751453, 56.718988693453262 ], [ -2.44664865720654, 56.718997398233093 ], [ -2.446644916382159, 56.7190060994212 ], [ -2.446641144727552, 56.719014796979167 ], [ -2.446637341928896, 56.719023490868608 ], [ -2.44663350767236, 56.719032181051112 ], [ -2.446629641644121, 56.71904086748826 ], [ -2.44662574353034, 56.71904955014169 ], [ -2.446621813017198, 56.719058228972962 ], [ -2.44661784979086, 56.719066903943698 ], [ -2.4466138535375, 56.719075575015488 ], [ -2.446609823943287, 56.719084242149933 ], [ -2.446605760694388, 56.719092905308635 ], [ -2.446601663476976, 56.719101564453176 ], [ -2.446597531977218, 56.719110219545165 ], [ -2.446593365881288, 56.719118870546204 ], [ -2.446589164875349, 56.719127517417881 ], [ -2.446584928645573, 56.719136160121792 ], [ -2.446580656878128, 56.719144798619553 ], [ -2.446576349259183, 56.719153432872744 ], [ -2.446572005474905, 56.719162062842983 ], [ -2.446567625211461, 56.719170688491822 ], [ -2.446563208155019, 56.719179309780898 ], [ -2.446558753991745, 56.719187926671808 ], [ -2.446554262407811, 56.719196539126131 ], [ -2.44654973308938, 56.719205147105477 ], [ -2.446545165722619, 56.71921375057142 ], [ -2.446540559993693, 56.719222349485612 ], [ -2.446535915588769, 56.719230943809585 ], [ -2.446531232194014, 56.719239533504975 ], [ -2.446526509495593, 56.719248118533372 ], [ -2.44652174717967, 56.719256698856356 ], [ -2.446516944932736, 56.719265274435557 ], [ -2.44651210321101, 56.719273845280981 ], [ -2.44650722489031, 56.719282411554737 ], [ -2.446502313320652, 56.719290973448778 ], [ -2.446497371852061, 56.719299531155052 ], [ -2.446492403834557, 56.719308084865446 ], [ -2.446487412618169, 56.719316634771907 ], [ -2.446482401552926, 56.719325181066353 ], [ -2.446477373988862, 56.719333723940778 ], [ -2.446472333276012, 56.719342263587066 ], [ -2.446467282764416, 56.719350800197148 ], [ -2.446462225804112, 56.719359333962984 ], [ -2.446457165745148, 56.719367865076514 ], [ -2.446452105937571, 56.719376393729661 ], [ -2.44644704973143, 56.719384920114358 ], [ -2.44644200047678, 56.719393444422572 ], [ -2.446436961523674, 56.719401966846192 ], [ -2.446431936222174, 56.719410487577207 ], [ -2.446426927922338, 56.719419006807527 ], [ -2.446421939974236, 56.719427524729099 ], [ -2.446416975727932, 56.719436041533868 ], [ -2.4464120385335, 56.719444557413787 ], [ -2.446407131741007, 56.719453072560768 ], [ -2.446402258700536, 56.719461587166791 ], [ -2.446397422762163, 56.719470101423767 ], [ -2.44639262727597, 56.719478615523656 ], [ -2.446387875592045, 56.71948712965839 ], [ -2.446383171060472, 56.719495644019936 ], [ -2.446378517031345, 56.719504158800206 ], [ -2.446373916854756, 56.719512674191179 ], [ -2.446369373880801, 56.719521190384775 ], [ -2.446364891459584, 56.719529707572967 ], [ -2.446360472941202, 56.71953822594768 ], [ -2.446356121675763, 56.719546745700853 ], [ -2.446351841013376, 56.719555267024482 ], [ -2.44634763430415, 56.719563790110463 ], [ -2.446343504898198, 56.719572315150764 ], [ -2.446339456145644, 56.719580842337329 ], [ -2.446335491396602, 56.719589371862114 ], [ -2.446331614001196, 56.719597903917077 ], [ -2.446327827309555, 56.719606438694136 ], [ -2.446324134428308, 56.719614976379255 ], [ -2.446320535083255, 56.719623517074673 ], [ -2.4463170265257, 56.719632060821439 ], [ -2.446313605950275, 56.719640607659201 ], [ -2.4463102705516, 56.719649157627579 ], [ -2.446307017524304, 56.719657710766221 ], [ -2.446303844063007, 56.719666267114754 ], [ -2.446300747362327, 56.719674826712826 ], [ -2.446297724616882, 56.719683389600036 ], [ -2.446294773021282, 56.719691955816074 ], [ -2.446291889770141, 56.719700525400548 ], [ -2.446289072058069, 56.719709098393075 ], [ -2.44628631707967, 56.719717674833298 ], [ -2.44628362202955, 56.719726254760864 ], [ -2.446280984102305, 56.719734838215388 ], [ -2.446278400492541, 56.719743425236516 ], [ -2.446275868394848, 56.719752015863861 ], [ -2.446273385003824, 56.719760610137087 ], [ -2.446270947514059, 56.719769208095769 ], [ -2.44626855312014, 56.719777809779593 ], [ -2.446266199016655, 56.719786415228164 ], [ -2.446263882398187, 56.71979502448113 ], [ -2.446261600459315, 56.719803637578103 ], [ -2.446259350394623, 56.719812254558704 ], [ -2.446257129398684, 56.719820875462588 ], [ -2.446254934666068, 56.719829500329361 ], [ -2.44625276339135, 56.719838129198671 ], [ -2.446250612769102, 56.719846762110137 ], [ -2.44624847999388, 56.719855399103409 ], [ -2.446246362260258, 56.719864040218063 ], [ -2.446244256762787, 56.719872685493776 ], [ -2.446242160696034, 56.719881334970161 ], [ -2.446240071254549, 56.719889988686845 ], [ -2.446237985632887, 56.719898646683454 ], [ -2.446235901025601, 56.719907308999602 ], [ -2.446233814627234, 56.719915975674944 ], [ -2.446231723632335, 56.719924646749085 ], [ -2.446229625235445, 56.71993332226166 ], [ -2.446227516631108, 56.719942002252296 ], [ -2.446225395013859, 56.719950686760626 ], [ -2.446223257578232, 56.719959375826257 ], [ -2.446221100940149, 56.719968069381359 ], [ -2.446218907683433, 56.719976764751848 ], [ -2.44621664594537, 56.719985456580424 ], [ -2.446214283201701, 56.71999413938692 ], [ -2.446211786928138, 56.720002807691174 ], [ -2.44620912460037, 56.720011456013019 ], [ -2.446206263694051, 56.720020078872246 ], [ -2.446203171684813, 56.720028670788722 ], [ -2.44619981604826, 56.720037226282223 ], [ -2.446196164259964, 56.720045739872575 ], [ -2.446192183795487, 56.720054206079588 ], [ -2.44618784213035, 56.72006261942304 ], [ -2.446183106740063, 56.720070974422761 ], [ -2.446177945100104, 56.720079265598486 ], [ -2.446172324685936, 56.720087487470018 ], [ -2.446166212973001, 56.720095634557104 ], [ -2.446159577436714, 56.720103701379486 ], [ -2.446152385552489, 56.72011168245691 ], [ -2.446144604795708, 56.720119572309109 ], [ -2.44613620264175, 56.720127365455745 ], [ -2.446127146640733, 56.720135056425811 ], [ -2.446117430087264, 56.720142642934732 ], [ -2.446107109563735, 56.720150130531472 ], [ -2.446096251202372, 56.720157525947016 ], [ -2.446084921135443, 56.72016483591235 ], [ -2.446073185495276, 56.720172067158522 ], [ -2.446061110414238, 56.720179226416555 ], [ -2.446048762024746, 56.720186320417525 ], [ -2.446036206459261, 56.720193355892505 ], [ -2.446023509850284, 56.720200339572635 ], [ -2.44601073833036, 56.720207278189037 ], [ -2.445997958032068, 56.720214178472894 ], [ -2.445985235088033, 56.720221047155377 ], [ -2.445972635630917, 56.72022789096772 ], [ -2.445960225793421, 56.720234716641215 ], [ -2.445948071708279, 56.720241530907074 ], [ -2.44593623950827, 56.720248340496639 ], [ -2.445924795326206, 56.720255152141206 ], [ -2.445913805294946, 56.72026197257216 ], [ -2.44590333554738, 56.720268808520814 ], [ -2.44589345221645, 56.720275666718592 ], [ -2.445884221435127, 56.720282553896872 ], [ -2.445875709336438, 56.720289476787045 ], [ -2.44586798169781, 56.720296442096846 ], [ -2.445861069489389, 56.720303454213997 ], [ -2.445854940106257, 56.720310513288879 ], [ -2.445849554171287, 56.720317619020435 ], [ -2.445844872307325, 56.720324771107599 ], [ -2.445840855137193, 56.720331969249294 ], [ -2.445837463283689, 56.720339213144442 ], [ -2.445834657369585, 56.720346502491886 ], [ -2.445832398017631, 56.720353836990547 ], [ -2.445830645850542, 56.720361216339263 ], [ -2.445829361491016, 56.720368640236906 ], [ -2.445828505561718, 56.720376108382311 ], [ -2.445828038685284, 56.720383620474323 ], [ -2.445827921484329, 56.720391176211791 ], [ -2.445828114581432, 56.720398775293518 ], [ -2.44582857859914, 56.720406417418367 ], [ -2.445829274159984, 56.720414102285169 ], [ -2.445830161886451, 56.720421829592745 ], [ -2.445831202401005, 56.720429599039917 ], [ -2.445832356326075, 56.720437410325523 ], [ -2.44583358428406, 56.720445263148385 ], [ -2.44583484689733, 56.720453157207338 ], [ -2.445836104788215, 56.720461092201219 ], [ -2.445837318579025, 56.720469067828866 ], [ -2.445838448947812, 56.720477083787657 ], [ -2.445839467636513, 56.720485139486428 ], [ -2.445840370707188, 56.720493233699877 ], [ -2.445841157456753, 56.720501365118245 ], [ -2.445841827182117, 56.720509532431869 ], [ -2.445842379180194, 56.720517734331032 ], [ -2.445842812747892, 56.720525969506006 ], [ -2.445843127182121, 56.72053423664709 ], [ -2.445843321779785, 56.720542534444604 ], [ -2.445843395837794, 56.720550861588798 ], [ -2.445843348653048, 56.720559216769985 ], [ -2.445843179522456, 56.720567598678457 ], [ -2.445842887742915, 56.720576006004492 ], [ -2.44584247261133, 56.720584437438411 ], [ -2.4458419334246, 56.720592891670471 ], [ -2.445841269479623, 56.720601367390969 ], [ -2.4458404800733, 56.720609863290193 ], [ -2.445839564502525, 56.720618378058433 ], [ -2.445838522064196, 56.720626910385988 ], [ -2.445837352055209, 56.720635458963116 ], [ -2.445836053772461, 56.720644022480137 ], [ -2.445834626512841, 56.720652599627336 ], [ -2.445833069573246, 56.720661189094983 ], [ -2.445831382250569, 56.720669789573371 ], [ -2.445829563841696, 56.720678399752764 ], [ -2.445827613643525, 56.720687018323488 ], [ -2.445825530952942, 56.720695643975809 ], [ -2.445823315066842, 56.720704275400003 ], [ -2.445820965282113, 56.720712911286356 ], [ -2.445818480895642, 56.720721550325159 ], [ -2.445815861204321, 56.720730191206684 ], [ -2.445813105505039, 56.72073883262123 ], [ -2.44581021312269, 56.720747473264701 ], [ -2.445807185754376, 56.720756112311193 ], [ -2.44580402923901, 56.720764749769572 ], [ -2.445800749832279, 56.720773385732784 ], [ -2.445797353789874, 56.720782020293726 ], [ -2.445793847367495, 56.720790653545272 ], [ -2.445790236820847, 56.720799285580348 ], [ -2.445786528405641, 56.720807916491879 ], [ -2.44578272837759, 56.720816546372731 ], [ -2.445778842992416, 56.720825175315859 ], [ -2.445774878505846, 56.720833803414131 ], [ -2.445770841173616, 56.720842430760477 ], [ -2.445766737251459, 56.720851057447788 ], [ -2.445762572995123, 56.720859683569003 ], [ -2.445758354660357, 56.720868309217011 ], [ -2.445754088502914, 56.720876934484743 ], [ -2.445749780778554, 56.720885559465103 ], [ -2.445745437743049, 56.72089418425098 ], [ -2.445741065652166, 56.720902808935328 ], [ -2.445736670761684, 56.720911433611043 ], [ -2.445732259327387, 56.720920058371043 ], [ -2.445727837605066, 56.72092868330823 ], [ -2.445723411850509, 56.720937308515566 ], [ -2.445718988319523, 56.720945934085925 ], [ -2.445714573267911, 56.72095456011224 ], [ -2.445710172951485, 56.720963186687456 ], [ -2.445705793626063, 56.72097181390447 ], [ -2.445701441547464, 56.720980441856206 ], [ -2.445697122971522, 56.720989070635589 ], [ -2.445692844154067, 56.720997700335552 ], [ -2.445688611350939, 56.721006331049026 ], [ -2.445684430817983, 56.721014962868921 ], [ -2.445680308811053, 56.721023595888163 ], [ -2.445676251586004, 56.721032230199697 ], [ -2.445672265398696, 56.721040865896434 ], [ -2.445668356505, 56.721049503071313 ], [ -2.445664531160787, 56.721058141817274 ], [ -2.44566079562194, 56.721066782227219 ], [ -2.445657156144338, 56.72107542439413 ], [ -2.445653618983877, 56.721084068410882 ], [ -2.445650190392143, 56.721092714370407 ], [ -2.445646874371945, 56.721101362349359 ], [ -2.445643668999664, 56.721110012381637 ], [ -2.445640571386879, 56.721118664494107 ], [ -2.445637578645159, 56.721127318713698 ], [ -2.445634687886073, 56.721135975067291 ], [ -2.44563189622119, 56.721144633581844 ], [ -2.445629200762075, 56.721153294284214 ], [ -2.44562659862029, 56.721161957201325 ], [ -2.445624086907391, 56.721170622360077 ], [ -2.445621662734939, 56.721179289787358 ], [ -2.445619323214483, 56.721187959510097 ], [ -2.445617065457579, 56.721196631555173 ], [ -2.445614886575774, 56.721205305949496 ], [ -2.445612783680615, 56.721213982719966 ], [ -2.445610753883644, 56.721222661893492 ], [ -2.445608794296402, 56.72123134349696 ], [ -2.44560690203043, 56.721240027557272 ], [ -2.445605074197261, 56.721248714101343 ], [ -2.445603307908431, 56.721257403156059 ], [ -2.445601600275466, 56.721266094748309 ], [ -2.445599948409898, 56.721274788905021 ], [ -2.44559834942325, 56.721283485653082 ], [ -2.445596800427045, 56.721292185019379 ], [ -2.445595298532806, 56.721300887030814 ], [ -2.445593840852045, 56.721309591714302 ], [ -2.445592424496279, 56.721318299096723 ], [ -2.445591046577024, 56.72132700920497 ], [ -2.445589704205786, 56.721335722065952 ], [ -2.445588394494069, 56.721344437706563 ], [ -2.445587114553383, 56.721353156153697 ], [ -2.445585861495227, 56.721361877434269 ], [ -2.445584632431101, 56.721370601575146 ], [ -2.445583424472499, 56.721379328603255 ], [ -2.445582234730915, 56.721388058545479 ], [ -2.445581060317843, 56.721396791428695 ], [ -2.44557989834477, 56.721405527279821 ], [ -2.445578745923181, 56.721414266125755 ], [ -2.445577600164559, 56.721423007993387 ], [ -2.445576458180385, 56.721431752909609 ], [ -2.445575317082137, 56.721440500901316 ], [ -2.445574173981292, 56.721449251995416 ], [ -2.445573025989318, 56.721458006218803 ], [ -2.445571870217689, 56.72146676359835 ], [ -2.445570703777869, 56.721475524160972 ], [ -2.445569523781322, 56.721484287933556 ], [ -2.445568327339514, 56.721493054943018 ], [ -2.445567111563903, 56.721501825216215 ], [ -2.445565873565945, 56.721510598780071 ], [ -2.445564610457093, 56.721519375661465 ], [ -2.445563319348796, 56.721528155887306 ], [ -2.445561997352508, 56.721536939484473 ], [ -2.445560641993608, 56.721545726457713 ], [ -2.445559252703291, 56.72155451670978 ], [ -2.445557829460878, 56.721563310114071 ], [ -2.445556372245739, 56.721572106544016 ], [ -2.44555488103725, 56.721580905873004 ], [ -2.445553355814778, 56.721589707974466 ], [ -2.445551796557698, 56.721598512721783 ], [ -2.445550203245377, 56.721607319988394 ], [ -2.445548575857192, 56.7216161296477 ], [ -2.445546914372509, 56.721624941573097 ], [ -2.445545218770701, 56.721633755638017 ], [ -2.445543489031142, 56.721642571715854 ], [ -2.445541725133199, 56.721651389680005 ], [ -2.445539927056246, 56.721660209403915 ], [ -2.445538094779655, 56.721669030760964 ], [ -2.445536228282795, 56.721677853624563 ], [ -2.445534327545038, 56.721686677868171 ], [ -2.445532392545755, 56.721695503365119 ], [ -2.445530423264318, 56.721704329988867 ], [ -2.445528419680098, 56.721713157612804 ], [ -2.445526381772466, 56.72172198611036 ], [ -2.445524309520795, 56.721730815354917 ], [ -2.445522202904453, 56.721739645219898 ], [ -2.445520061902814, 56.721748475578728 ], [ -2.445517886495248, 56.721757306304788 ], [ -2.44551567666113, 56.721766137271509 ], [ -2.445513432379824, 56.721774968352292 ], [ -2.445511153630707, 56.721783799420535 ], [ -2.445508840393148, 56.721792630349654 ], [ -2.44550649264652, 56.721801461013079 ], [ -2.445504110370193, 56.7218102912842 ], [ -2.445501693543539, 56.721819121036425 ], [ -2.445499242145928, 56.721827950143165 ], [ -2.445496756156733, 56.721836778477829 ], [ -2.445494235555326, 56.721845605913821 ], [ -2.445491680321075, 56.721854432324569 ], [ -2.445489090433356, 56.72186325758345 ], [ -2.445486465871538, 56.721872081563916 ], [ -2.445483806614992, 56.72188090413934 ], [ -2.44548111264309, 56.721889725183139 ], [ -2.445478383935206, 56.721898544568731 ], [ -2.44547562047071, 56.721907362169496 ], [ -2.445472822228969, 56.721916177858901 ], [ -2.445469989189362, 56.721924991510292 ], [ -2.445467121331254, 56.721933802997121 ], [ -2.445464218634025, 56.72194261219277 ], [ -2.445461281077038, 56.721951418970662 ], [ -2.445458308639669, 56.721960223204206 ], [ -2.445455301301287, 56.7219690247668 ], [ -2.445452259041269, 56.721977823531851 ], [ -2.445449181838983, 56.721986619372792 ], [ -2.445446069673803, 56.721995412163011 ], [ -2.445442922525098, 56.722004201775903 ], [ -2.445439740372241, 56.722012988084906 ], [ -2.445436523194607, 56.722021770963416 ], [ -2.445433270971563, 56.722030550284849 ], [ -2.445429983682486, 56.722039325922594 ], [ -2.445426661306745, 56.722048097750083 ], [ -2.445423303823712, 56.722056865640702 ], [ -2.445419911212761, 56.722065629467856 ], [ -2.445416483453264, 56.722074389104989 ], [ -2.445413020524592, 56.722083144425461 ], [ -2.445409522406119, 56.722091895302725 ], [ -2.445405989077217, 56.722100641610169 ], [ -2.445402420517258, 56.722109383221202 ], [ -2.445398816705613, 56.722118120009213 ], [ -2.445395177621659, 56.722126851847662 ], [ -2.445391503244762, 56.722135578609887 ], [ -2.445387793554301, 56.722144300169354 ], [ -2.445384048529644, 56.722153016399446 ], [ -2.445380268150169, 56.722161727173564 ], [ -2.445376452395244, 56.722170432365139 ], [ -2.445372601244248, 56.722179131847568 ], [ -2.445368714676544, 56.722187825494238 ], [ -2.445364792671515, 56.722196513178595 ], [ -2.445360835208528, 56.722205194774006 ], [ -2.445356842266957, 56.722213870153915 ], [ -2.44535281382618, 56.722222539191712 ], [ -2.445348749865565, 56.722231201760799 ], [ -2.445344650364488, 56.722239857734593 ], [ -2.445340515302322, 56.72224850698651 ], [ -2.44533634465844, 56.722257149389932 ], [ -2.445332138412214, 56.722265784818305 ], [ -2.445327896543021, 56.722274413144994 ], [ -2.445323619030233, 56.722283034243432 ], [ -2.445319305853225, 56.722291647987014 ], [ -2.445314956991372, 56.722300254249156 ], [ -2.445310572424042, 56.722308852903268 ], [ -2.445306152130615, 56.722317443822746 ], [ -2.445301696090462, 56.722326026881007 ], [ -2.445297204282961, 56.722334601951452 ], [ -2.445292676834046, 56.722343168959362 ], [ -2.4452881145075, 56.722351728055749 ], [ -2.445283518240589, 56.722360279453021 ], [ -2.445278888970586, 56.722368823363617 ], [ -2.445274227634764, 56.722377359999939 ], [ -2.445269535170393, 56.722385889574369 ], [ -2.445264812514746, 56.72239441229938 ], [ -2.445260060605095, 56.722402928387368 ], [ -2.445255280378719, 56.72241143805072 ], [ -2.44525047277289, 56.722419941501869 ], [ -2.445245638724885, 56.722428438953237 ], [ -2.445240779171981, 56.722436930617249 ], [ -2.445235895051456, 56.722445416706286 ], [ -2.445230987300586, 56.7224538974328 ], [ -2.445226056856655, 56.722462373009193 ], [ -2.445221104656935, 56.722470843647869 ], [ -2.445216131638716, 56.722479309561272 ], [ -2.445211138739271, 56.722487770961791 ], [ -2.445206126895888, 56.722496228061864 ], [ -2.445201097045846, 56.722504681073893 ], [ -2.445196050126432, 56.722513130210309 ], [ -2.445190987074926, 56.722521575683508 ], [ -2.445185908828615, 56.722530017705928 ], [ -2.445180816324786, 56.722538456489985 ], [ -2.445175710500723, 56.722546892248097 ], [ -2.445170592293716, 56.722555325192658 ], [ -2.445165462641051, 56.722563755536108 ], [ -2.445160322480016, 56.722572183490861 ], [ -2.445155172747902, 56.722580609269329 ], [ -2.445150014381996, 56.722589033083956 ], [ -2.445144848319593, 56.722597455147131 ], [ -2.445139675497981, 56.72260587567127 ], [ -2.445134496854456, 56.722614294868826 ], [ -2.445129313326308, 56.722622712952187 ], [ -2.44512412585083, 56.722631130133784 ], [ -2.445118935365319, 56.722639546626027 ], [ -2.445113742807066, 56.722647962641346 ], [ -2.445108549113375, 56.722656378392166 ], [ -2.445103355221531, 56.722664794090896 ], [ -2.445098162068839, 56.722673209949953 ], [ -2.445092970592595, 56.722681626181775 ], [ -2.445087781730099, 56.72269004299875 ], [ -2.445082596418647, 56.722698460613323 ], [ -2.445077415595543, 56.722706879237926 ], [ -2.445072240198085, 56.722715299084946 ], [ -2.445067071163576, 56.72272372036683 ], [ -2.445061909429315, 56.722732143295993 ], [ -2.445056755932611, 56.722740568084845 ], [ -2.445051611610761, 56.722748994945839 ], [ -2.445046477401073, 56.722757424091363 ], [ -2.445041354240853, 56.72276585573384 ], [ -2.445036243067404, 56.722774290085709 ], [ -2.445031144818035, 56.722782727359395 ], [ -2.445026060430051, 56.722791167767298 ], [ -2.445020990840761, 56.722799611521864 ], [ -2.445015936987472, 56.722808058835504 ], [ -2.4450108998075, 56.722816509920634 ], [ -2.445005880238148, 56.722824964989698 ], [ -2.445000879216728, 56.722833424255086 ], [ -2.444995897680554, 56.722841887929249 ], [ -2.444990936566939, 56.722850356224605 ], [ -2.444985996813192, 56.722858829353569 ], [ -2.44498107935663, 56.722867307528581 ], [ -2.444976185134565, 56.722875790962036 ], [ -2.444971315084317, 56.722884279866399 ], [ -2.444966470143197, 56.722892774454039 ], [ -2.444961651248525, 56.722901274937435 ], [ -2.44495685933762, 56.722909781528983 ], [ -2.444952095347794, 56.722918294441115 ], [ -2.444947360216372, 56.722926813886239 ], [ -2.444942654880671, 56.722935340076816 ], [ -2.444937980278016, 56.722943873225233 ], [ -2.444933337345722, 56.722952413543922 ], [ -2.444928727021114, 56.722960961245334 ], [ -2.444924150241516, 56.722969516541873 ], [ -2.444919607944251, 56.722978079645962 ], [ -2.444915101066646, 56.722986650770032 ], [ -2.44491063054602, 56.722995230126514 ], [ -2.444906197319705, 56.723003817927818 ], [ -2.444901802325026, 56.723012414386396 ], [ -2.444897446496654, 56.723021019714011 ], [ -2.444893130040809, 56.723029633944563 ], [ -2.444888851448347, 56.723038256693137 ], [ -2.444884608963374, 56.723046887514577 ], [ -2.444880400830009, 56.723055525963694 ], [ -2.444876225292363, 56.72306417159534 ], [ -2.444872080594544, 56.72307282396433 ], [ -2.44486796498066, 56.723081482625503 ], [ -2.444863876694823, 56.723090147133689 ], [ -2.444859813981133, 56.723098817043706 ], [ -2.444855775083699, 56.72310749191039 ], [ -2.444851758246623, 56.723116171288588 ], [ -2.444847761714007, 56.723124854733115 ], [ -2.444843783729951, 56.723133541798795 ], [ -2.444839822538557, 56.723142232040459 ], [ -2.444835876383917, 56.723150925012938 ], [ -2.44483194351013, 56.723159620271062 ], [ -2.444828022161293, 56.723168317369648 ], [ -2.444824110581497, 56.723177015863556 ], [ -2.444820207014833, 56.723185715307572 ], [ -2.444816309705394, 56.72319441525655 ], [ -2.444812416897268, 56.723203115265299 ], [ -2.444808526834541, 56.723211814888657 ], [ -2.444804637761303, 56.723220513681468 ], [ -2.444800747921639, 56.723229211198522 ], [ -2.444796855559628, 56.723237906994669 ], [ -2.444792958919353, 56.723246600624734 ], [ -2.444789056244897, 56.72325529164354 ], [ -2.444785145780336, 56.723263979605896 ], [ -2.444781225769752, 56.723272664066641 ], [ -2.444777294457218, 56.723281344580606 ], [ -2.444773350086811, 56.723290020702628 ], [ -2.444769390902602, 56.72329869198748 ], [ -2.444765415148667, 56.723307357990045 ], [ -2.444761421069071, 56.723316018265116 ], [ -2.444757406907887, 56.723324672367525 ], [ -2.444753370909183, 56.723333319852095 ], [ -2.444749311317024, 56.72334196027365 ], [ -2.444745226375477, 56.723350593187014 ], [ -2.444741114328604, 56.723359218147003 ], [ -2.444736973420468, 56.723367834708426 ], [ -2.444732801895129, 56.723376442426151 ], [ -2.44472859799665, 56.723385040854943 ], [ -2.444724359969085, 56.723393629549669 ], [ -2.444720086056493, 56.723402208065131 ], [ -2.44471577450293, 56.723410775956168 ], [ -2.444711423552451, 56.723419332777567 ], [ -2.444707031449105, 56.723427878084173 ], [ -2.44470259643695, 56.723436411430818 ], [ -2.44469811676003, 56.723444932372288 ], [ -2.4446935906624, 56.723453440463423 ], [ -2.444689016388103, 56.723461935259053 ], [ -2.444684392181188, 56.723470416313972 ], [ -2.444679716285699, 56.723478883183013 ], [ -2.444674986945681, 56.723487335420991 ], [ -2.444670202405181, 56.72349577258273 ], [ -2.444665360908232, 56.72350419422304 ], [ -2.44466046069888, 56.723512599896743 ], [ -2.444655500021166, 56.723520989158665 ], [ -2.444650477119125, 56.723529361563592 ], [ -2.444645390236791, 56.723537716666371 ], [ -2.444640237618208, 56.723546054021817 ], [ -2.444635017507406, 56.723554373184705 ], [ -2.444629728148417, 56.723562673709914 ], [ -2.444624367785278, 56.723570955152212 ], [ -2.444618934662014, 56.723579217066437 ], [ -2.444613427022662, 56.723587459007383 ], [ -2.444607843111251, 56.723595680529876 ], [ -2.444602181171804, 56.723603881188737 ], [ -2.444596439448351, 56.723612060538748 ], [ -2.444590616184923, 56.723620218134755 ], [ -2.444584709625538, 56.723628353531559 ], [ -2.444578718014226, 56.723636466283963 ], [ -2.44457263959501, 56.723644555946784 ], [ -2.444566472611907, 56.723652622074823 ], [ -2.444560215308945, 56.723660664222898 ], [ -2.444553865930144, 56.723668681945803 ], [ -2.444547422719523, 56.723676674798376 ], [ -2.444540883921101, 56.723684642335421 ], [ -2.444534247778897, 56.723692584111703 ], [ -2.444527512536927, 56.723700499682067 ], [ -2.444520676439212, 56.723708388601317 ], [ -2.444513737729766, 56.723716250424253 ], [ -2.444506694652604, 56.723724084705673 ], [ -2.444499545451741, 56.723731891000384 ], [ -2.44449228837119, 56.723739668863182 ], [ -2.444484921654971, 56.723747417848884 ], [ -2.44447744354709, 56.723755137512299 ], [ -2.444469852291561, 56.723762827408208 ], [ -2.444462146132398, 56.723770487091414 ], [ -2.44445432331361, 56.723778116116719 ], [ -2.444446382079209, 56.723785714038925 ], [ -2.444438324544027, 56.723793281341116 ], [ -2.444430170269408, 56.723800822690244 ], [ -2.444421943729823, 56.723808343931537 ], [ -2.444413669400034, 56.72381585091027 ], [ -2.444405371754815, 56.723823349471736 ], [ -2.444397075268955, 56.723830845461244 ], [ -2.444388804417259, 56.723838344724072 ], [ -2.444381370078211, 56.723845134847153 ], [ -2.444382512238126, 56.723843220673309 ], [ -2.444387515146598, 56.723834806722834 ], [ -2.444392501285015, 56.723826390361637 ], [ -2.444397470084434, 56.723817971481985 ], [ -2.444402420975906, 56.723809549976181 ], [ -2.444407353390485, 56.723801125736507 ], [ -2.444412266759227, 56.723792698655238 ], [ -2.444417160513187, 56.723784268624662 ], [ -2.444422034116656, 56.723775835542192 ], [ -2.444426887568001, 56.723767399387533 ], [ -2.444431721296383, 56.723758960206808 ], [ -2.444436535743236, 56.723750518047964 ], [ -2.444441331350001, 56.723742072959006 ], [ -2.444446108558109, 56.723733624987958 ], [ -2.444450867809001, 56.723725174182775 ], [ -2.444455609544108, 56.72371672059144 ], [ -2.444460334204869, 56.72370826426198 ], [ -2.44446504223272, 56.723699805242362 ], [ -2.444469734069093, 56.723691343580576 ], [ -2.444474410155424, 56.723682879324627 ], [ -2.444479070933145, 56.723674412522492 ], [ -2.444483716843693, 56.723665943222151 ], [ -2.444488348328498, 56.723657471471604 ], [ -2.444492965828992, 56.723648997318875 ], [ -2.444497569786612, 56.723640520811905 ], [ -2.444502160642788, 56.723632041998705 ], [ -2.44450673883895, 56.723623560927258 ], [ -2.444511304816531, 56.723615077645547 ], [ -2.444515859016962, 56.723606592201577 ], [ -2.444520401881674, 56.723598104643351 ], [ -2.444524933852099, 56.723589615018831 ], [ -2.444529455369663, 56.723581123376015 ], [ -2.444533966875797, 56.723572629762884 ], [ -2.444538468811929, 56.723564134227452 ], [ -2.444542961619494, 56.723555636817686 ], [ -2.444547445739913, 56.723547137581583 ], [ -2.444551921614618, 56.723538636567135 ], [ -2.444556389685035, 56.723530133822315 ], [ -2.444560850392594, 56.72352162939513 ], [ -2.44456530417872, 56.723513123333561 ], [ -2.444569751484838, 56.723504615685592 ], [ -2.444574192752377, 56.723496106499226 ], [ -2.444578628422764, 56.723487595822448 ], [ -2.44458305893742, 56.723479083703239 ], [ -2.444587484737776, 56.72347057018959 ], [ -2.44459190626525, 56.723462055329499 ], [ -2.444596323961271, 56.72345353917094 ], [ -2.444600738267261, 56.723445021761911 ], [ -2.444605149624646, 56.723436503150381 ], [ -2.444609558474847, 56.723427983384354 ], [ -2.444613965259289, 56.723419462511835 ], [ -2.444618370419394, 56.723410940580777 ], [ -2.44462277439658, 56.723402417639214 ], [ -2.444627177632275, 56.723393893735086 ], [ -2.444631580567896, 56.723385368916411 ], [ -2.444635983644865, 56.723376843231158 ], [ -2.444640387304606, 56.723368316727331 ], [ -2.444644791988535, 56.723359789452893 ], [ -2.444649198138074, 56.723351261455868 ], [ -2.444653606194644, 56.723342732784218 ], [ -2.444658016599659, 56.723334203485933 ], [ -2.444662429794544, 56.723325673608997 ], [ -2.444666846220712, 56.723317143201427 ], [ -2.444671266319584, 56.723308612311165 ], [ -2.444675690532579, 56.723300080986242 ], [ -2.444680119301112, 56.723291549274613 ], [ -2.444684553066599, 56.72328301722429 ], [ -2.444688992270459, 56.723274484883234 ], [ -2.444693437354108, 56.723265952299435 ], [ -2.444697888758961, 56.723257419520898 ], [ -2.444702346926433, 56.723248886595613 ], [ -2.444706812297939, 56.723240353571533 ], [ -2.444711285314896, 56.723231820496679 ], [ -2.444715766418712, 56.723223287419032 ], [ -2.444720256050811, 56.723214754386561 ], [ -2.444724754652598, 56.723206221447271 ], [ -2.444729262665491, 56.723197688649144 ], [ -2.4447337805309, 56.723189156040149 ], [ -2.444738308690239, 56.723180623668298 ], [ -2.444742847584918, 56.72317209158156 ], [ -2.444747397656353, 56.723163559827938 ], [ -2.444751959345951, 56.723155028455395 ], [ -2.444756533095124, 56.723146497511927 ], [ -2.444761119345284, 56.723137967045538 ], [ -2.444765718537841, 56.723129437104184 ], [ -2.444770331114204, 56.723120907735868 ], [ -2.444774957515781, 56.723112378988574 ], [ -2.444779598183985, 56.723103850910292 ], [ -2.444784253560219, 56.723095323548996 ], [ -2.444788924085899, 56.723086796952671 ], [ -2.444793610202428, 56.723078271169321 ], [ -2.444798312351214, 56.723069746246907 ], [ -2.444803030973663, 56.723061222233426 ], [ -2.444807766511186, 56.723052699176868 ], [ -2.444812519405186, 56.723044177125217 ], [ -2.44481729009707, 56.723035656126456 ], [ -2.444822079028245, 56.723027136228566 ], [ -2.444826886640115, 56.723018617479525 ], [ -2.444831713374086, 56.723010099927343 ], [ -2.444836559488902, 56.72300158360347 ], [ -2.444841424531182, 56.722993068475105 ], [ -2.444846307874012, 56.722984554493671 ], [ -2.444851208890486, 56.722976041610686 ], [ -2.444856126953694, 56.722967529777577 ], [ -2.444861061436725, 56.722959018945879 ], [ -2.444866011712675, 56.722950509067054 ], [ -2.444870977154636, 56.722942000092551 ], [ -2.444875957135699, 56.722933491973883 ], [ -2.444880951028959, 56.722924984662484 ], [ -2.444885958207512, 56.72291647810988 ], [ -2.444890978044449, 56.722907972267507 ], [ -2.444896009912873, 56.722899467086869 ], [ -2.44490105318587, 56.722890962519436 ], [ -2.444906107236545, 56.722882458516672 ], [ -2.44491117143799, 56.722873955030082 ], [ -2.444916245163306, 56.722865452011114 ], [ -2.444921327785586, 56.722856949411266 ], [ -2.444926418677932, 56.722848447182002 ], [ -2.444931517213446, 56.722839945274828 ], [ -2.444936622765222, 56.722831443641184 ], [ -2.444941734706366, 56.722822942232575 ], [ -2.444946852409974, 56.722814441000466 ], [ -2.444951975249149, 56.722805939896361 ], [ -2.444957102596994, 56.722797438871694 ], [ -2.44496223382661, 56.722788937877986 ], [ -2.4449673683111, 56.722780436866678 ], [ -2.444972505423568, 56.722771935789304 ], [ -2.444977644537119, 56.722763434597276 ], [ -2.444982785024854, 56.722754933242115 ], [ -2.444987926259883, 56.722746431675304 ], [ -2.444993067615306, 56.722737929848286 ], [ -2.444998208464236, 56.722729427712586 ], [ -2.445003348179774, 56.722720925219647 ], [ -2.445008486135027, 56.722712422320981 ], [ -2.445013621703108, 56.722703918968037 ], [ -2.445018754257119, 56.722695415112319 ], [ -2.445023883170174, 56.722686910705271 ], [ -2.44502900781538, 56.72267840569841 ], [ -2.445034127565846, 56.722669900043222 ], [ -2.445039241794683, 56.722661393691155 ], [ -2.445044349875004, 56.722652886593707 ], [ -2.445049451179918, 56.722644378702348 ], [ -2.445054545082538, 56.722635869968585 ], [ -2.445059630955977, 56.722627360343878 ], [ -2.445064708173347, 56.722618849779685 ], [ -2.445069776107761, 56.72261033822754 ], [ -2.445074834132337, 56.722601825638897 ], [ -2.445079881620184, 56.722593311965227 ], [ -2.445084917944422, 56.722584797158021 ], [ -2.445089942478167, 56.722576281168763 ], [ -2.44509495459453, 56.722567763948931 ], [ -2.445099953666634, 56.722559245450007 ], [ -2.445104939067591, 56.722550725623492 ], [ -2.445109910170524, 56.722542204420826 ], [ -2.445114866348545, 56.722533681793529 ], [ -2.445119806974781, 56.722525157693056 ], [ -2.445124731422346, 56.722516632070906 ], [ -2.445129639064362, 56.722508104878564 ], [ -2.445134529273949, 56.722499576067491 ], [ -2.445139401424226, 56.722491045589194 ], [ -2.44514425488832, 56.72248251339515 ], [ -2.44514908903935, 56.722473979436828 ], [ -2.445153903250438, 56.722465443665726 ], [ -2.44515869689471, 56.722456906033308 ], [ -2.44516346934529, 56.722448366491086 ], [ -2.445168219975299, 56.722439824990516 ], [ -2.445172948157862, 56.722431281483097 ], [ -2.445177653266108, 56.722422735920304 ], [ -2.44518233467316, 56.722414188253616 ], [ -2.445186991752149, 56.722405638434523 ], [ -2.445191623876196, 56.722397086414517 ], [ -2.445196230418435, 56.722388532145068 ], [ -2.44520081075199, 56.722379975577674 ], [ -2.445205364249989, 56.722371416663798 ], [ -2.445209890285567, 56.722362855354937 ], [ -2.445214388231847, 56.722354291602585 ], [ -2.445218857461963, 56.722345725358188 ], [ -2.445223297349046, 56.722337156573268 ], [ -2.445227707266229, 56.7223285851993 ], [ -2.44523208659975, 56.722320011188593 ], [ -2.445236435099906, 56.722311434516406 ], [ -2.445240752919625, 56.722302855183379 ], [ -2.445245040232673, 56.72229427319148 ], [ -2.445249297212831, 56.722285688542669 ], [ -2.445253524033864, 56.722277101238902 ], [ -2.445257720869549, 56.722268511282152 ], [ -2.445261887893655, 56.722259918674375 ], [ -2.445266025279957, 56.722251323417495 ], [ -2.445270133202225, 56.722242725513532 ], [ -2.445274211834227, 56.722234124964395 ], [ -2.44527826134974, 56.722225521772074 ], [ -2.445282281922532, 56.722216915938517 ], [ -2.445286273726377, 56.722208307465692 ], [ -2.445290236935043, 56.722199696355531 ], [ -2.4452941717223, 56.722191082610031 ], [ -2.445298078261922, 56.722182466231132 ], [ -2.44530195672768, 56.722173847220809 ], [ -2.445305807293341, 56.722165225580987 ], [ -2.445309630132676, 56.722156601313657 ], [ -2.445313425419457, 56.722147974420771 ], [ -2.445317193327452, 56.722139344904278 ], [ -2.445320934030433, 56.722130712766152 ], [ -2.445324647702167, 56.722122078008333 ], [ -2.445328334516426, 56.722113440632803 ], [ -2.445331994646978, 56.72210480064151 ], [ -2.445335628267592, 56.722096158036415 ], [ -2.445339235552038, 56.722087512819471 ], [ -2.445342816674084, 56.722078864992646 ], [ -2.4453463718075, 56.722070214557888 ], [ -2.445349901126053, 56.722061561517158 ], [ -2.445353404803514, 56.722052905872424 ], [ -2.445356883013648, 56.722044247625654 ], [ -2.445360335930229, 56.722035586778773 ], [ -2.445363763727016, 56.722026923333772 ], [ -2.445367166577785, 56.722018257292589 ], [ -2.445370544656301, 56.722009588657208 ], [ -2.445373898136331, 56.722000917429547 ], [ -2.44537722719164, 56.721992243611595 ], [ -2.445380531996001, 56.721983567205307 ], [ -2.445383812723179, 56.72197488821265 ], [ -2.445387069546941, 56.721966206635557 ], [ -2.44539030264105, 56.721957522476004 ], [ -2.445393512179279, 56.721948835735951 ], [ -2.445396698335391, 56.721940146417346 ], [ -2.445399861283152, 56.721931454522142 ], [ -2.445403001196328, 56.721922760052344 ], [ -2.445406118248691, 56.721914063009841 ], [ -2.445409212613999, 56.721905363396651 ], [ -2.445412284466021, 56.721896661214672 ], [ -2.445415333978524, 56.72188795646592 ], [ -2.445418361325275, 56.721879249152316 ], [ -2.445421366680033, 56.721870539275855 ], [ -2.445424350216567, 56.721861826838449 ], [ -2.445427312108644, 56.721853111842101 ], [ -2.445430252530028, 56.72184439428873 ], [ -2.445433171654482, 56.721835674180326 ], [ -2.44543606965577, 56.721826951518821 ], [ -2.445438946707661, 56.721818226306176 ], [ -2.445441802983916, 56.721809498544367 ], [ -2.445444638658299, 56.721800768235354 ], [ -2.445447453904573, 56.721792035381064 ], [ -2.445450248896506, 56.721783299983493 ], [ -2.445453023807859, 56.721774562044558 ], [ -2.445455778812396, 56.721765821566258 ], [ -2.445458514083879, 56.721757078550532 ], [ -2.445461229796075, 56.721748332999326 ], [ -2.445463926122741, 56.721739584914616 ], [ -2.445466603237647, 56.721730834298342 ], [ -2.445469261314551, 56.721722081152492 ], [ -2.445471900527218, 56.721713325479001 ], [ -2.44547452104941, 56.721704567279822 ], [ -2.44547712305489, 56.721695806556923 ], [ -2.445479706717417, 56.721687043312258 ], [ -2.445482272210757, 56.721678277547802 ], [ -2.445484819708669, 56.721669509265475 ], [ -2.445487349384918, 56.721660738467271 ], [ -2.445489861413264, 56.721651965155125 ], [ -2.445492355967466, 56.721643189330997 ], [ -2.445494833221289, 56.721634410996863 ], [ -2.445497293348492, 56.721625630154669 ], [ -2.445499736522837, 56.721616846806356 ], [ -2.445502162918085, 56.721608060953905 ], [ -2.445504572707996, 56.721599272599263 ], [ -2.44550696606633, 56.721590481744386 ], [ -2.44550934316685, 56.72158168839124 ], [ -2.445511704183312, 56.721572892541779 ], [ -2.445514049289479, 56.721564094197952 ], [ -2.445516378659113, 56.721555293361732 ], [ -2.445518692465969, 56.721546490035045 ], [ -2.445520990883809, 56.721537684219889 ], [ -2.445523274090314, 56.721528875919184 ], [ -2.44552554243079, 56.721520065177572 ], [ -2.445527796477515, 56.721511252096278 ], [ -2.445530036818906, 56.721502436780462 ], [ -2.445532264043379, 56.721493619335362 ], [ -2.445534478739338, 56.721484799866147 ], [ -2.445536681495203, 56.72147597847804 ], [ -2.445538872899385, 56.72146715527623 ], [ -2.445541053540292, 56.721458330365891 ], [ -2.445543224006339, 56.721449503852263 ], [ -2.445545384885931, 56.721440675840526 ], [ -2.445547536767482, 56.721431846435891 ], [ -2.445549680239399, 56.721423015743547 ], [ -2.445551815890092, 56.721414183868703 ], [ -2.445553944307969, 56.721405350916534 ], [ -2.445556066081438, 56.72139651699225 ], [ -2.445558181798903, 56.721387682201069 ], [ -2.445560292048774, 56.721378846648179 ], [ -2.445562397419457, 56.721370010438768 ], [ -2.445564498499355, 56.721361173678055 ], [ -2.445566595876876, 56.72135233647122 ], [ -2.445568690140424, 56.721343498923467 ], [ -2.4455707818784, 56.721334661140006 ], [ -2.445572871679212, 56.721325823226024 ], [ -2.445574960131257, 56.721316985286713 ], [ -2.445577047822944, 56.721308147427301 ], [ -2.445579135342669, 56.721299309752951 ], [ -2.44558122327884, 56.721290472368885 ], [ -2.44558331221985, 56.721281635380294 ], [ -2.445585402754106, 56.721272798892372 ], [ -2.445587495470004, 56.72126396301033 ], [ -2.445589590955945, 56.721255127839342 ], [ -2.445591689800327, 56.721246293484647 ], [ -2.44559379259155, 56.721237460051412 ], [ -2.445595899918009, 56.721228627644848 ], [ -2.445598012368101, 56.721219796370129 ], [ -2.445600130530225, 56.721210966332485 ], [ -2.445602254992775, 56.721202137637107 ], [ -2.445604386344148, 56.721193310389182 ], [ -2.44560652517274, 56.721184484693921 ], [ -2.445608672066946, 56.721175660656506 ], [ -2.445610827615156, 56.72116683838216 ], [ -2.445612992405765, 56.721158017976038 ], [ -2.445615167027167, 56.721149199543383 ], [ -2.445617352067755, 56.721140383189372 ], [ -2.445619548115921, 56.721131569019221 ], [ -2.445621755760057, 56.72112275713809 ], [ -2.445623975588551, 56.721113947651212 ], [ -2.445626208189796, 56.721105140663774 ], [ -2.445628454152181, 56.721096336280965 ], [ -2.445630714064096, 56.721087534607989 ], [ -2.445632988513928, 56.721078735750041 ], [ -2.445635278090069, 56.721069939812324 ], [ -2.445637583380903, 56.721061146900034 ], [ -2.445639904974819, 56.721052357118381 ], [ -2.445642243460206, 56.721043570572526 ], [ -2.445644599425445, 56.721034787367699 ], [ -2.445646973458926, 56.721026007609083 ], [ -2.445649366149035, 56.721017231401873 ], [ -2.445651778084154, 56.72100845885128 ], [ -2.445654209852669, 56.720999690062506 ], [ -2.445656662042962, 56.720990925140725 ], [ -2.445659135243417, 56.720982164191142 ], [ -2.445661630042418, 56.720973407318958 ], [ -2.445664147028346, 56.72096465462937 ], [ -2.445666686789585, 56.720955906227573 ], [ -2.445669249914513, 56.720947162218749 ], [ -2.445671836991513, 56.720938422708109 ], [ -2.445674448608966, 56.720929687800876 ], [ -2.44567708535525, 56.720920957602203 ], [ -2.445679747818744, 56.720912232217302 ], [ -2.445682436587828, 56.720903511751381 ], [ -2.44568515225088, 56.720894796309608 ], [ -2.44568789539628, 56.720886085997208 ], [ -2.445690666612399, 56.720877380919376 ], [ -2.445693466487621, 56.720868681181287 ], [ -2.445696295610319, 56.720859986888136 ], [ -2.445699154568869, 56.720851298145156 ], [ -2.445702043951646, 56.720842615057506 ], [ -2.445704964347029, 56.72083393773039 ], [ -2.445707916343386, 56.720825266269017 ], [ -2.445710900529096, 56.720816600778562 ], [ -2.445713917492529, 56.720807941364235 ], [ -2.44571696782206, 56.720799288131232 ], [ -2.445720052106063, 56.720790641184742 ], [ -2.445723170932907, 56.720782000629967 ], [ -2.445726324890966, 56.720773366572097 ], [ -2.445729514568609, 56.720764739116326 ], [ -2.44573274055421, 56.720756118367852 ], [ -2.445736003436136, 56.720747504431863 ], [ -2.445739303782592, 56.720738897413312 ], [ -2.445742637872914, 56.720730297363758 ], [ -2.445745992410687, 56.720721704215634 ], [ -2.4457493528028, 56.720713117885211 ], [ -2.445752704456165, 56.72070453828875 ], [ -2.445756032777699, 56.72069596534255 ], [ -2.445759323174334, 56.720687398962895 ], [ -2.445762561053019, 56.720678839066046 ], [ -2.445765731820706, 56.720670285568318 ], [ -2.445768820884372, 56.720661738385971 ], [ -2.445771813650998, 56.720653197435311 ], [ -2.445774695527585, 56.720644662632623 ], [ -2.44577745192114, 56.720636133894189 ], [ -2.445780068238689, 56.720627611136315 ], [ -2.445782529887264, 56.720619094275285 ], [ -2.445784822273921, 56.720610583227391 ], [ -2.445786930805718, 56.720602077908936 ], [ -2.445788840889731, 56.720593578236198 ], [ -2.445790537933048, 56.720585084125489 ], [ -2.445792007342769, 56.720576595493092 ], [ -2.445793234526007, 56.7205681122553 ], [ -2.445794204889886, 56.720559634328431 ], [ -2.445794903841551, 56.720551161628727 ], [ -2.445795316788149, 56.720542694072513 ], [ -2.445795429136846, 56.720534231576082 ], [ -2.445795226294819, 56.720525774055716 ], [ -2.445794693669259, 56.720517321427685 ], [ -2.445793816667365, 56.720508873608296 ], [ -2.445792580696356, 56.720500430513809 ], [ -2.445790971163458, 56.720491992060488 ], [ -2.445788973475914, 56.720483558164638 ], [ -2.445786573040973, 56.720475128742507 ], [ -2.445783755871245, 56.720466703731333 ], [ -2.445780537751874, 56.72045828410004 ], [ -2.445776977198999, 56.720449872298289 ], [ -2.445773136032302, 56.720441470890179 ], [ -2.445769076071403, 56.720433082439854 ], [ -2.445764859135869, 56.720424709511455 ], [ -2.445760547045203, 56.720416354669126 ], [ -2.445756201618862, 56.720408020477038 ], [ -2.445751884676244, 56.720399709499318 ], [ -2.445747658036693, 56.720391424300161 ], [ -2.445743583519495, 56.720383167443707 ], [ -2.445739722943887, 56.720374941494214 ], [ -2.445736138129049, 56.72036674901581 ], [ -2.44573289089411, 56.720358592572701 ], [ -2.445730043058142, 56.720350474729102 ], [ -2.445727656440174, 56.720342398049205 ], [ -2.445725792859178, 56.720334365097223 ], [ -2.44572451413408, 56.720326378437342 ], [ -2.445723882083759, 56.720318440633747 ], [ -2.445723958527041, 56.720310554250652 ], [ -2.445724805282714, 56.720302721852192 ], [ -2.445726484169517, 56.720294946002539 ], [ -2.445729057006145, 56.720287229265836 ], [ -2.445732585577644, 56.720279574203936 ], [ -2.445737101173133, 56.720271981328885 ], [ -2.445742548349019, 56.72026444532294 ], [ -2.445748856345876, 56.720256959838913 ], [ -2.445755954404341, 56.720249518529585 ], [ -2.445763771765105, 56.720242115047739 ], [ -2.445772237668913, 56.720234743046205 ], [ -2.445781281356561, 56.720227396177776 ], [ -2.445790832068901, 56.720220068095287 ], [ -2.445800819046831, 56.720212752451566 ], [ -2.4458111715313, 56.720205442899456 ], [ -2.445821818763307, 56.720198133091841 ], [ -2.445832689983894, 56.720190816681622 ], [ -2.44584371443415, 56.720183487321698 ], [ -2.445854821355217, 56.720176138665039 ], [ -2.445865939988275, 56.720168764364615 ], [ -2.445876999574562, 56.720161358073405 ], [ -2.445887929355354, 56.720153913444442 ], [ -2.445898658571985, 56.720146424130753 ], [ -2.445909116465828, 56.720138883785424 ], [ -2.445919232278315, 56.720131286061545 ], [ -2.445928935250935, 56.720123624612242 ], [ -2.445938154625221, 56.720115893090629 ], [ -2.445946821247018, 56.720108085312241 ], [ -2.445954912426822, 56.720100199796228 ], [ -2.445962457972119, 56.720092240375891 ], [ -2.445969490506757, 56.72008421116967 ], [ -2.445976042654556, 56.720076116295935 ], [ -2.445982147039321, 56.720067959873084 ], [ -2.445987836284835, 56.720059746019494 ], [ -2.445993143014862, 56.720051478853506 ], [ -2.445998099853137, 56.720043162493504 ], [ -2.446002739423381, 56.720034801057807 ], [ -2.446007094349283, 56.720026398664778 ], [ -2.446011197254506, 56.720017959432717 ], [ -2.446015080762695, 56.720009487479985 ], [ -2.446018777497462, 56.720000986924859 ], [ -2.446022320082395, 56.719992461885681 ], [ -2.446025741141056, 56.719983916480757 ], [ -2.446029073296978, 56.719975354828392 ], [ -2.446032349173667, 56.71996678104685 ], [ -2.446035601394601, 56.719958199254499 ], [ -2.446038862583229, 56.719949613569582 ], [ -2.446042165277591, 56.71994102809979 ], [ -2.446045531397641, 56.719932445634086 ], [ -2.446048962085571, 56.719923866380924 ], [ -2.446052456074444, 56.719915290249553 ], [ -2.446056012097325, 56.719906717149179 ], [ -2.446059628887266, 56.71989814698906 ], [ -2.446063305177337, 56.719889579678444 ], [ -2.4460670397006, 56.71988101512656 ], [ -2.446070831190119, 56.719872453242658 ], [ -2.446074678378963, 56.719863893935965 ], [ -2.446078580000197, 56.719855337115717 ], [ -2.446082534786887, 56.719846782691164 ], [ -2.446086541472108, 56.719838230571561 ], [ -2.446090598788929, 56.719829680666109 ], [ -2.446094705470422, 56.719821132884086 ], [ -2.446098860249657, 56.719812587134705 ], [ -2.446103061859712, 56.719804043327215 ], [ -2.446107309033661, 56.719795501370868 ], [ -2.446111600504579, 56.719786961174897 ], [ -2.446115935005545, 56.719778422648538 ], [ -2.446120311269638, 56.719769885701041 ], [ -2.446124728029935, 56.71976135024164 ], [ -2.446129184019518, 56.719752816179586 ], [ -2.446133677971471, 56.719744283424099 ], [ -2.446138208618874, 56.719735751884429 ], [ -2.446142774694813, 56.719727221469846 ], [ -2.446147374932373, 56.71971869208955 ], [ -2.44615200806464, 56.719710163652799 ], [ -2.4461566728247, 56.719701636068869 ], [ -2.446161367945641, 56.719693109246947 ], [ -2.446166092160556, 56.719684583096296 ], [ -2.446170844202532, 56.719676057526179 ], [ -2.446175622804664, 56.719667532445811 ], [ -2.446180426700043, 56.719659007764449 ], [ -2.446185254621765, 56.719650483391341 ], [ -2.446190105302921, 56.719641959235723 ], [ -2.446194977476609, 56.719633435206838 ], [ -2.446199869875926, 56.71962491121392 ], [ -2.446204781233971, 56.719616387166234 ], [ -2.446209710283845, 56.719607862973021 ], [ -2.446214655758644, 56.719599338543503 ], [ -2.446219616391474, 56.719590813786958 ], [ -2.446224590915436, 56.7195822886126 ], [ -2.446229578063631, 56.719573762929699 ], [ -2.446234576569167, 56.719565236647469 ], [ -2.44623958516515, 56.719556709675203 ], [ -2.446244602584688, 56.719548181922093 ], [ -2.446249627560884, 56.719539653297424 ], [ -2.446254658826848, 56.719531123710432 ], [ -2.446259695115696, 56.719522593070359 ], [ -2.446264735160537, 56.719514061286461 ], [ -2.44626977769448, 56.719505528267959 ], [ -2.446274821450642, 56.719496993924118 ], [ -2.446279865162134, 56.7194884581642 ], [ -2.446284907562077, 56.719479920897442 ], [ -2.446289947383583, 56.719471382033063 ], [ -2.446294983359772, 56.719462841480357 ], [ -2.446300014223762, 56.719454299148538 ], [ -2.446305038708675, 56.719445754946861 ], [ -2.446310055547628, 56.719437208784598 ], [ -2.44631506347375, 56.719428660570962 ], [ -2.446320061220157, 56.719420110215232 ], [ -2.446325047519975, 56.719411557626621 ], [ -2.446330021106336, 56.719403002714415 ], [ -2.44633498071236, 56.71939444538787 ], [ -2.446339925071176, 56.7193858855562 ], [ -2.446344852915914, 56.719377323128661 ], [ -2.4463497629797, 56.719368758014532 ], [ -2.44635465399567, 56.719360190123027 ], [ -2.446359524696956, 56.71935161936343 ], [ -2.446364373816688, 56.719343045644962 ], [ -2.446369200088002, 56.719334468876895 ], [ -2.446374002244035, 56.719325888968477 ], [ -2.446378779017919, 56.719317305828923 ], [ -2.446383529142797, 56.719308719367554 ], [ -2.446388251351801, 56.719300129493568 ], [ -2.446392944378078, 56.719291536116245 ], [ -2.446397606954764, 56.719282939144819 ], [ -2.446402237815006, 56.719274338488532 ], [ -2.446406835691942, 56.719265734056663 ], [ -2.446411399318719, 56.71925712575846 ], [ -2.446415927431296, 56.719248513503388 ], [ -2.446420419225277, 56.719239897236221 ], [ -2.446424874861632, 56.719231276975982 ], [ -2.446429294623108, 56.719222652751014 ], [ -2.446433678792451, 56.719214024589661 ], [ -2.446438027652406, 56.71920539252028 ], [ -2.446442341485722, 56.719196756571208 ], [ -2.446446620575137, 56.719188116770802 ], [ -2.446450865203399, 56.719179473147413 ], [ -2.446455075653257, 56.7191708257294 ], [ -2.44645925220745, 56.719162174545104 ], [ -2.446463395148723, 56.719153519622871 ], [ -2.446467504759823, 56.719144860991058 ], [ -2.446471581323491, 56.719136198678022 ], [ -2.446475625122472, 56.719127532712086 ], [ -2.44647963643951, 56.719118863121629 ], [ -2.446483615557348, 56.719110189934995 ], [ -2.446487562758726, 56.719101513180497 ], [ -2.44649147832639, 56.719092832886538 ], [ -2.446495362543083, 56.719084149081432 ], [ -2.446499215691544, 56.719075461793551 ], [ -2.446503038054515, 56.719066771051232 ], [ -2.446506829914742, 56.719058076882824 ], [ -2.446510591554963, 56.719049379316672 ], [ -2.446514323257919, 56.719040678381134 ], [ -2.446518025306354, 56.719031974104567 ], [ -2.446521697983005, 56.719023266515272 ], [ -2.446525341570619, 56.719014555641671 ], [ -2.446528956351929, 56.719005841512065 ], [ -2.446532542609678, 56.718997124154818 ], [ -2.446536100626607, 56.718988403598274 ], [ -2.446539630685456, 56.718979679870777 ], [ -2.446543133068961, 56.718970953000678 ], [ -2.446546608059866, 56.718962223016341 ], [ -2.446550055940905, 56.718953489946102 ], [ -2.446553476994821, 56.718944753818299 ], [ -2.446556871504352, 56.718936014661303 ], [ -2.44656023975223, 56.718927272503443 ], [ -2.446563582021203, 56.718918527373077 ], [ -2.446566898594003, 56.718909779298571 ], [ -2.446570189753368, 56.718901028308224 ], [ -2.446573455782035, 56.718892274430416 ], [ -2.446576696962743, 56.718883517693513 ], [ -2.446579913578228, 56.718874758125835 ], [ -2.446583105911224, 56.718865995755728 ], [ -2.446586274244471, 56.718857230611562 ], [ -2.446589418860703, 56.718848462721674 ], [ -2.446592540042657, 56.718839692114408 ], [ -2.446595638073069, 56.718830918818107 ], [ -2.446598713234672, 56.71882214286115 ], [ -2.446601765810203, 56.718813364271838 ], [ -2.446604796082398, 56.718804583078558 ], [ -2.44660780433399, 56.718795799309632 ], [ -2.446610790847714, 56.718787012993431 ], [ -2.446613755906302, 56.718778224158285 ], [ -2.446616699792493, 56.718769432832538 ], [ -2.446619622789015, 56.718760639044547 ], [ -2.446622525178604, 56.71875184282267 ], [ -2.446625407243994, 56.718743044195229 ], [ -2.446628269267918, 56.718734243190603 ], [ -2.446631111533106, 56.718725439837108 ], [ -2.446633934322295, 56.718716634163094 ], [ -2.446636737918212, 56.71870782619694 ], [ -2.446639522603593, 56.718699015966969 ], [ -2.446642288661167, 56.718690203501524 ], [ -2.446645036373666, 56.718681388828969 ], [ -2.446647766023823, 56.718672571977642 ], [ -2.44665047789437, 56.718663752975893 ], [ -2.446653172268034, 56.718654931852058 ], [ -2.446655849427547, 56.718646108634481 ], [ -2.446658509655638, 56.718637283351548 ], [ -2.44666115323504, 56.718628456031567 ], [ -2.446663780448482, 56.718619626702903 ], [ -2.446666391578689, 56.718610795393879 ], [ -2.446668986908398, 56.718601962132894 ], [ -2.44667156672033, 56.718593126948221 ], [ -2.446674131297221, 56.718584289868261 ], [ -2.446676680921796, 56.718575450921357 ], [ -2.446679215876781, 56.718566610135831 ], [ -2.446681736444907, 56.718557767540062 ], [ -2.446684242908903, 56.718548923162359 ], [ -2.446686735551492, 56.718540077031101 ], [ -2.446689214655404, 56.718531229174623 ], [ -2.446691680503367, 56.718522379621263 ], [ -2.446694133378105, 56.718513528399377 ], [ -2.446696573562346, 56.718504675537311 ], [ -2.446699001338817, 56.718495821063414 ], [ -2.446701416990244, 56.718486965006029 ], [ -2.446703820799351, 56.718478107393501 ], [ -2.446706213048864, 56.718469248254173 ], [ -2.446708594021508, 56.71846038761641 ], [ -2.446710964, 56.718451525508534 ], [ -2.446713323267093, 56.718442661958903 ], [ -2.44671567210548, 56.718433796995853 ], [ -2.446718010797897, 56.718424930647757 ], [ -2.446720339627068, 56.71841606294295 ], [ -2.446722658875716, 56.718407193909755 ], [ -2.446724968826569, 56.718398323576537 ], [ -2.446727269762341, 56.71838945197166 ], [ -2.446729561965762, 56.718380579123441 ], [ -2.446731845719554, 56.718371705060243 ], [ -2.446734121306437, 56.718362829810381 ], [ -2.446736389009135, 56.718353953402243 ], [ -2.446738649110368, 56.718345075864171 ], [ -2.446740901892857, 56.718336197224488 ], [ -2.446743147639328, 56.718327317511552 ], [ -2.446745386632499, 56.718318436753698 ], [ -2.446747619155091, 56.718309554979292 ], [ -2.446749845489826, 56.718300672216664 ], [ -2.446752065919423, 56.71829178849417 ], [ -2.446754280726599, 56.718282903840162 ], [ -2.446756490194082, 56.718274018282955 ], [ -2.446758694604583, 56.718265131850934 ], [ -2.446760894240827, 56.718256244572409 ], [ -2.446763089385531, 56.71824735647575 ], [ -2.446765280321412, 56.718238467589302 ], [ -2.446767467331193, 56.718229577941401 ], [ -2.446769650697589, 56.718220687560397 ], [ -2.446771830703319, 56.718211796474634 ], [ -2.446774007631101, 56.71820290471247 ], [ -2.446776181763652, 56.718194012302234 ], [ -2.44677835338369, 56.718185119272263 ], [ -2.446780522773932, 56.718176225650943 ], [ -2.446782690217093, 56.71816733146656 ], [ -2.446784855995893, 56.718158436747537 ], [ -2.446787020393044, 56.718149541522145 ], [ -2.446789183691265, 56.718140645818771 ], [ -2.446791346173272, 56.718131749665758 ], [ -2.446793508121778, 56.71812285309143 ], [ -2.446795669819499, 56.718113956124157 ], [ -2.446797831549153, 56.718105058792283 ], [ -2.44679999359345, 56.718096161124123 ], [ -2.446802156235107, 56.718087263148064 ], [ -2.446804319756839, 56.71807836489242 ], [ -2.446806484441358, 56.71806946638555 ], [ -2.446808650571378, 56.718060567655797 ], [ -2.446810818429614, 56.718051668731505 ], [ -2.446812988298778, 56.718042769641038 ], [ -2.446815160461584, 56.718033870412718 ], [ -2.446817335200741, 56.71802497107489 ], [ -2.446819512798966, 56.71801607165591 ], [ -2.446821693538968, 56.718007172184123 ], [ -2.446823877703463, 56.717998272687872 ], [ -2.446826065575157, 56.717989373195493 ], [ -2.446828257436763, 56.717980473735345 ], [ -2.446830453570994, 56.71797157433577 ], [ -2.44683265426056, 56.717962675025106 ], [ -2.446834859788172, 56.71795377583171 ], [ -2.446837070436541, 56.717944876783932 ], [ -2.446839286488373, 56.717935977910074 ], [ -2.446841508226381, 56.717927079238535 ], [ -2.446843735933277, 56.717918180797646 ], [ -2.446845969891765, 56.717909282615715 ], [ -2.446848210384558, 56.71790038472114 ], [ -2.446850457694362, 56.717891487142218 ], [ -2.446852712103888, 56.71788258990734 ], [ -2.446854973895844, 56.71787369304483 ], [ -2.446857243352933, 56.717864796583015 ], [ -2.446859520757872, 56.717855900550269 ], [ -2.44686180639336, 56.717847004974921 ], [ -2.446864100542108, 56.717838109885321 ], [ -2.446866403486824, 56.717829215309806 ], [ -2.446868715510213, 56.717820321276733 ], [ -2.446871036894982, 56.717811427814446 ], [ -2.446873367923834, 56.717802534951268 ], [ -2.446875708879481, 56.71779364271557 ], [ -2.446878060044626, 56.717784751135703 ], [ -2.446880421701972, 56.717775860239975 ], [ -2.446882794134227, 56.717766970056751 ], [ -2.446885177624094, 56.717758080614388 ], [ -2.446887572454282, 56.717749191941209 ], [ -2.446889978907487, 56.717740304065572 ], [ -2.446892397050451, 56.717731417004003 ], [ -2.446894826146613, 56.717722530729006 ], [ -2.446897265272673, 56.717713645202906 ], [ -2.446899713505335, 56.717704760388003 ], [ -2.446902169921304, 56.717695876246609 ], [ -2.44690463359728, 56.717686992741029 ], [ -2.446907103609972, 56.717678109833571 ], [ -2.446909579036085, 56.717669227486546 ], [ -2.446912058952327, 56.717660345662232 ], [ -2.446914542435402, 56.717651464322969 ], [ -2.446917028562025, 56.717642583431051 ], [ -2.446919516408899, 56.717633702948781 ], [ -2.446922005052739, 56.717624822838467 ], [ -2.446924493570254, 56.71761594306242 ], [ -2.446926981038158, 56.717607063582939 ], [ -2.44692946653316, 56.717598184362352 ], [ -2.446931949131979, 56.717589305362942 ], [ -2.446934427911326, 56.717580426547023 ], [ -2.446936901947916, 56.717571547876908 ], [ -2.446939370318472, 56.717562669314894 ], [ -2.4469418320997, 56.71755379082331 ], [ -2.446944286368327, 56.717544912364438 ], [ -2.44694673220107, 56.717536033900586 ], [ -2.446949168674647, 56.717527155394095 ], [ -2.446951594865777, 56.717518276807255 ], [ -2.446954009851185, 56.717509398102329 ], [ -2.446956412707594, 56.717500519241689 ], [ -2.446958802511723, 56.717491640187625 ], [ -2.4469611783403, 56.717482760902428 ], [ -2.446963539270046, 56.717473881348418 ], [ -2.446965884377691, 56.717465001487909 ], [ -2.446968212739959, 56.717456121283192 ], [ -2.446970523433577, 56.717447240696579 ], [ -2.446972815535273, 56.717438359690391 ], [ -2.446975088121779, 56.717429478226933 ], [ -2.446977340269822, 56.717420596268518 ], [ -2.446979571056136, 56.717411713777437 ], [ -2.446981779557448, 56.717402830716004 ], [ -2.446983964850497, 56.717393947046538 ], [ -2.44698612601201, 56.717385062731331 ], [ -2.446988262118722, 56.717376177732717 ], [ -2.446990372247373, 56.71736729201298 ], [ -2.446992455474695, 56.717358405534455 ], [ -2.446994510877425, 56.717349518259432 ], [ -2.446996537532303, 56.717340630150211 ], [ -2.446998534516065, 56.717331741169133 ], [ -2.447000500905451, 56.71732285127846 ], [ -2.447002435777202, 56.717313960440549 ], [ -2.44700433820806, 56.717305068617684 ], [ -2.447006207274763, 56.717296175772177 ], [ -2.447008042054059, 56.717287281866341 ], [ -2.447009841622687, 56.717278386862496 ], [ -2.447011605057395, 56.717269490722927 ], [ -2.447013331434928, 56.717260593409947 ], [ -2.447015019832031, 56.717251694885888 ], [ -2.447016669325452, 56.717242795113044 ], [ -2.447018278991936, 56.717233894053706 ], [ -2.447019847908238, 56.717224991670221 ], [ -2.447021375151099, 56.717216087924875 ], [ -2.447022859797279, 56.717207182779994 ], [ -2.447024300923526, 56.717198276197855 ], [ -2.447025697606589, 56.717189368140808 ], [ -2.447027048923225, 56.717180458571143 ], [ -2.447028353950188, 56.717171547451159 ], [ -2.44702961176423, 56.717162634743175 ], [ -2.44703082144211, 56.717153720409534 ], [ -2.447031982060583, 56.71714480441247 ], [ -2.447033092696405, 56.717135886714352 ], [ -2.447034152426338, 56.71712696727748 ], [ -2.447035160327138, 56.717118046064144 ], [ -2.44703611547557, 56.717109123036671 ], [ -2.447037016948388, 56.717100198157361 ], [ -2.44703786382236, 56.717091271388547 ], [ -2.447038655174248, 56.717082342692493 ], [ -2.447039390080813, 56.717073412031546 ], [ -2.447040067618818, 56.717064479367998 ], [ -2.447040686865034, 56.71705554466417 ], [ -2.447041246896223, 56.717046607882367 ], [ -2.447041746789157, 56.717037668984887 ], [ -2.447042185620599, 56.717028727934043 ], [ -2.447042562467319, 56.717019784692155 ], [ -2.447042876406089, 56.71701083922153 ], [ -2.447043126513678, 56.717001891484465 ], [ -2.447043311866858, 56.71699294144328 ], [ -2.447043431542403, 56.716983989060267 ], [ -2.447043484617084, 56.716975034297761 ], [ -2.447043468745998, 56.716966078613325 ], [ -2.447043372149663, 56.716957133387659 ], [ -2.447043179206005, 56.716948214042937 ], [ -2.447042874281734, 56.716939336013212 ], [ -2.447042441743569, 56.716930514732532 ], [ -2.447041865958239, 56.716921765634879 ], [ -2.447041131292496, 56.716913104154358 ], [ -2.447040222113089, 56.716904545724944 ], [ -2.44703912278679, 56.716896105780684 ], [ -2.44703781768037, 56.716887799755575 ], [ -2.447036297015127, 56.716879642251186 ], [ -2.44703461182717, 56.716871639221019 ], [ -2.447032849201369, 56.716863791492464 ], [ -2.447031096695138, 56.716856099825719 ], [ -2.447029441865824, 56.716848564980879 ], [ -2.447027972270696, 56.716841187718195 ], [ -2.44702677546697, 56.716833968797793 ], [ -2.447026498029996, 56.716831627184845 ] ] ], [ [ [ -2.444246878247469, 56.724063948975719 ], [ -2.44424583702611, 56.724068614994913 ], [ -2.444243864621883, 56.724077604066657 ], [ -2.444241894570796, 56.724086600993772 ], [ -2.444239898812115, 56.724095599777911 ], [ -2.444237849285077, 56.72410459442073 ], [ -2.444235717928892, 56.72411357892387 ], [ -2.444233476682746, 56.724122547288985 ], [ -2.444231097532227, 56.724131493527324 ], [ -2.444228561736047, 56.724140413569174 ], [ -2.444225870969681, 56.724149307570009 ], [ -2.444223029629341, 56.724158176248324 ], [ -2.444220042111247, 56.72416702032266 ], [ -2.444216912811618, 56.724175840511506 ], [ -2.444213646126679, 56.724184637533391 ], [ -2.444210246452662, 56.724193412106814 ], [ -2.444206718185801, 56.724202164950306 ], [ -2.444203065722333, 56.724210896782353 ], [ -2.444199293458501, 56.724219608321491 ], [ -2.444195405790552, 56.724228300286249 ], [ -2.444191407114739, 56.724236973395108 ], [ -2.444187301827315, 56.724245628366589 ], [ -2.444183094324538, 56.724254265919207 ], [ -2.444178789002672, 56.724262886771506 ], [ -2.444174390257984, 56.724271491641957 ], [ -2.444169902486746, 56.724280081249098 ], [ -2.444165330085231, 56.724288656311437 ], [ -2.444160677449715, 56.724297217547509 ], [ -2.444155948976482, 56.724305765675808 ], [ -2.444151149061824, 56.724314301414871 ], [ -2.444146282102022, 56.724322825483206 ], [ -2.444141352493371, 56.724331338599328 ], [ -2.444136364632174, 56.724339841481758 ], [ -2.444131322914724, 56.72434833484904 ], [ -2.44412623173733, 56.724356819419661 ], [ -2.444121095496298, 56.72436529591215 ], [ -2.444115918587943, 56.724373765045051 ], [ -2.444110705408574, 56.724382227536871 ], [ -2.444105460354516, 56.724390684106112 ], [ -2.444100187822086, 56.724399135471344 ], [ -2.444094892207613, 56.724407582351056 ], [ -2.444089577907426, 56.724416025463796 ], [ -2.444084249317857, 56.724424465528067 ], [ -2.444078910835245, 56.724432903262425 ], [ -2.444073566855924, 56.724441339385372 ], [ -2.444068221776243, 56.724449774615458 ], [ -2.444062879992545, 56.724458209671205 ], [ -2.444057545901184, 56.724466645271143 ], [ -2.444052223898509, 56.724475082133779 ], [ -2.444046918380883, 56.724483520977692 ], [ -2.444041633744662, 56.72449196252137 ], [ -2.444036374386214, 56.72450040748339 ], [ -2.444031144701904, 56.724508856582261 ], [ -2.444025949088104, 56.724517310536513 ], [ -2.444020791941191, 56.724525770064695 ], [ -2.44401567765754, 56.724534235885329 ], [ -2.444010610633537, 56.724542708716967 ], [ -2.444005595265567, 56.724551189278138 ], [ -2.444000635950017, 56.724559678287399 ], [ -2.443995736564335, 56.724568176380437 ], [ -2.443990897590069, 56.724576683650994 ], [ -2.443986118143104, 56.724585199974868 ], [ -2.443981397335614, 56.724593725227201 ], [ -2.443976734279765, 56.724602259283216 ], [ -2.443972128087729, 56.724610802018063 ], [ -2.443967577871674, 56.724619353306934 ], [ -2.443963082743769, 56.724627913025003 ], [ -2.44395864181618, 56.724636481047469 ], [ -2.443954254201072, 56.724645057249489 ], [ -2.443949919010614, 56.724653641506258 ], [ -2.443945635356966, 56.724662233692953 ], [ -2.443941402352299, 56.724670833684748 ], [ -2.443937219108772, 56.724679441356834 ], [ -2.44393308473855, 56.724688056584377 ], [ -2.443928998353794, 56.724696679242555 ], [ -2.443924959066667, 56.724705309206563 ], [ -2.44392096598933, 56.724713946351564 ], [ -2.443917018233942, 56.724722590552744 ], [ -2.443913114912665, 56.724731241685262 ], [ -2.443909255137655, 56.724739899624346 ], [ -2.443905438021071, 56.724748564245132 ], [ -2.443901662675072, 56.724757235422786 ], [ -2.443897928211814, 56.72476591303252 ], [ -2.443894233743451, 56.724774596949509 ], [ -2.443890578382141, 56.724783287048908 ], [ -2.443886961240038, 56.724791983205911 ], [ -2.443883381429294, 56.724800685295691 ], [ -2.443879838062064, 56.724809393193425 ], [ -2.443876330250499, 56.724818106774293 ], [ -2.443872857106751, 56.72482682591346 ], [ -2.443869417742973, 56.724835550486112 ], [ -2.443866011271313, 56.724844280367421 ], [ -2.443862636789496, 56.724853015446598 ], [ -2.443859293405643, 56.724861755602724 ], [ -2.443855980250343, 56.724870500693036 ], [ -2.443852696435744, 56.724879250592714 ], [ -2.443849441073992, 56.724888005176958 ], [ -2.443846213277233, 56.724896764320903 ], [ -2.443843012157612, 56.724905527899743 ], [ -2.443839836827273, 56.724914295788672 ], [ -2.443836686398361, 56.724923067862832 ], [ -2.443833559983019, 56.724931843997425 ], [ -2.443830456693389, 56.724940624067621 ], [ -2.443827375641613, 56.724949407948579 ], [ -2.443824315939828, 56.724958195515477 ], [ -2.44382127670018, 56.724966986643494 ], [ -2.443818257034804, 56.72497578120781 ], [ -2.44381525605584, 56.72498457908361 ], [ -2.443812272875428, 56.724993380146032 ], [ -2.4438093066057, 56.725002184270295 ], [ -2.443806356358795, 56.725010991331516 ], [ -2.443803421246848, 56.72501980120493 ], [ -2.443800500381994, 56.725028613765666 ], [ -2.443797592876364, 56.725037428888918 ], [ -2.443794697842097, 56.725046246449857 ], [ -2.44379181439132, 56.725055066323655 ], [ -2.443788941636166, 56.725063888385485 ], [ -2.443786078688766, 56.725072712510517 ], [ -2.443783224661251, 56.725081538573932 ], [ -2.443780378665748, 56.7250903664509 ], [ -2.443777539814387, 56.725099196016586 ], [ -2.443774707219295, 56.725108027146163 ], [ -2.443771879992597, 56.725116859714824 ], [ -2.443769057246422, 56.725125693597711 ], [ -2.443766238092896, 56.725134528670033 ], [ -2.443763421644139, 56.725143364806939 ], [ -2.443760607012279, 56.725152201883589 ], [ -2.443757793309436, 56.725161039775195 ], [ -2.443754979647734, 56.72516987835688 ], [ -2.443752165139293, 56.725178717503852 ], [ -2.443749348896234, 56.725187557091282 ], [ -2.443746530030678, 56.72519639699432 ], [ -2.443743707654741, 56.72520523708814 ], [ -2.443740880880545, 56.725214077247962 ], [ -2.443738048820204, 56.725222917348887 ], [ -2.443735210585837, 56.725231757266123 ], [ -2.443732365289556, 56.725240596874841 ], [ -2.443729512043483, 56.725249436050198 ], [ -2.443726649959726, 56.725258274667397 ], [ -2.443723778150401, 56.725267112601564 ], [ -2.443720895727621, 56.725275949727916 ], [ -2.443718001803497, 56.725284785921602 ], [ -2.443715095490139, 56.72529362105778 ], [ -2.443712175899659, 56.725302455011644 ], [ -2.443709242144168, 56.725311287658336 ], [ -2.443706293335772, 56.725320118873078 ], [ -2.443703328586581, 56.725328948530986 ], [ -2.443700347008701, 56.725337776507253 ], [ -2.443697347714237, 56.72534660267705 ], [ -2.443694329830048, 56.725355426916558 ], [ -2.443691292742481, 56.725364249119664 ], [ -2.443688236059547, 56.725373069195399 ], [ -2.443685159396381, 56.725381887053274 ], [ -2.443682062368118, 56.72539070260283 ], [ -2.443678944589897, 56.725399515753551 ], [ -2.443675805676848, 56.725408326414993 ], [ -2.443672645244113, 56.725417134496617 ], [ -2.443669462906819, 56.725425939907993 ], [ -2.443666258280102, 56.725434742558598 ], [ -2.443663030979096, 56.725443542357972 ], [ -2.443659780618937, 56.725452339215629 ], [ -2.443656506814754, 56.72546113304108 ], [ -2.443653209181683, 56.725469923743859 ], [ -2.443649887334857, 56.725478711233443 ], [ -2.443646540889405, 56.725487495419358 ], [ -2.443643169460461, 56.72549627621116 ], [ -2.443639772663155, 56.725505053518333 ], [ -2.44363635011262, 56.725513827250388 ], [ -2.443632901423986, 56.725522597316854 ], [ -2.443629426212384, 56.725531363627233 ], [ -2.443625924092945, 56.725540126091062 ], [ -2.443622394680797, 56.72554888461783 ], [ -2.443618837591072, 56.725557639117078 ], [ -2.443615252438901, 56.725566389498304 ], [ -2.443611638839407, 56.725575135671029 ], [ -2.443607996407724, 56.725583877544786 ], [ -2.443604324758977, 56.725592615029043 ], [ -2.443600623508297, 56.725601348033365 ], [ -2.443596892270813, 56.725610076467241 ], [ -2.443593130661649, 56.725618800240198 ], [ -2.443589338295934, 56.725627519261735 ], [ -2.443585514788795, 56.725636233441385 ], [ -2.443581659755361, 56.725644942688646 ], [ -2.443577772810755, 56.725653646913045 ], [ -2.443573853570102, 56.725662346024102 ], [ -2.443569901648534, 56.725671039931328 ], [ -2.443565916661173, 56.725679728544193 ], [ -2.443561898223143, 56.725688411772289 ], [ -2.443557845949571, 56.72569708952507 ], [ -2.443553759455582, 56.725705761712085 ], [ -2.443549638356298, 56.725714428242831 ], [ -2.443545482266845, 56.725723089026822 ], [ -2.443541290802348, 56.725731743973576 ], [ -2.44353706357793, 56.725740392992613 ], [ -2.44353280020871, 56.725749035993438 ], [ -2.443528500309818, 56.725757672885571 ], [ -2.443524163496372, 56.72576630357851 ], [ -2.443519789383497, 56.725774927981782 ], [ -2.443515377586315, 56.725783546004912 ], [ -2.443510927719948, 56.725792157557393 ], [ -2.443506439399515, 56.725800762548744 ], [ -2.443501912240141, 56.725809360888476 ], [ -2.443497345856947, 56.725817952486118 ], [ -2.443492739865051, 56.725826537251159 ], [ -2.443488093879576, 56.725835115093133 ], [ -2.443483407515642, 56.725843685921539 ], [ -2.44347868038837, 56.725852249645875 ], [ -2.443473912112879, 56.725860806175696 ], [ -2.443469102304288, 56.725869355420492 ], [ -2.443464250577715, 56.72587789728977 ], [ -2.443459356548284, 56.725886431693034 ], [ -2.44345441983111, 56.725894958539818 ], [ -2.443449440041312, 56.725903477739635 ], [ -2.443444416794013, 56.725911989201975 ], [ -2.443439349704323, 56.725920492836366 ], [ -2.443434238387365, 56.725928988552319 ], [ -2.443429082458258, 56.725937476259325 ], [ -2.443423881532115, 56.725945955866926 ], [ -2.443418635224058, 56.725954427284627 ], [ -2.443413343149201, 56.725962890421918 ], [ -2.443408004922659, 56.72597134518832 ], [ -2.443402620159553, 56.725979791493366 ], [ -2.443397188474998, 56.725988229246532 ], [ -2.443391709484109, 56.725996658357353 ], [ -2.443386182802001, 56.726005078735341 ], [ -2.44338060804379, 56.726013490290001 ], [ -2.443374984824594, 56.726021892930824 ], [ -2.443369312759524, 56.72603028656733 ], [ -2.4433635914637, 56.726038671109045 ], [ -2.443357820561666, 56.726047046467372 ], [ -2.443352000188163, 56.726055412655612 ], [ -2.443346131238082, 56.726063769839001 ], [ -2.443340214668254, 56.726072118195148 ], [ -2.443334251435512, 56.726080457901631 ], [ -2.443328242496694, 56.726088789136078 ], [ -2.443322188808628, 56.726097112076047 ], [ -2.443316091328152, 56.726105426899174 ], [ -2.443309951012103, 56.726113733783038 ], [ -2.443303768817316, 56.726122032905238 ], [ -2.44329754570063, 56.726130324443382 ], [ -2.443291282618878, 56.726138608575042 ], [ -2.443284980528908, 56.726146885477867 ], [ -2.443278640387553, 56.726155155329408 ], [ -2.443272263151655, 56.726163418307294 ], [ -2.443265849778058, 56.726171674589104 ], [ -2.443259401223602, 56.726179924352458 ], [ -2.443252918445127, 56.726188167774936 ], [ -2.443246402399481, 56.726196405034145 ], [ -2.443239854043507, 56.726204636307685 ], [ -2.443233274334048, 56.72621286177317 ], [ -2.443226664227953, 56.726221081608195 ], [ -2.443220024682065, 56.726229295990343 ], [ -2.443213356653234, 56.726237505097238 ], [ -2.443206661098306, 56.726245709106458 ], [ -2.443199938974128, 56.726253908195631 ], [ -2.443193191237555, 56.726262102542329 ], [ -2.443186418845432, 56.72627029232418 ], [ -2.443179622754613, 56.726278477718779 ], [ -2.443172803921947, 56.726286658903717 ], [ -2.443165963304285, 56.72629483605661 ], [ -2.443159101858484, 56.726303009355057 ], [ -2.443152220541398, 56.726311178976665 ], [ -2.443145320309875, 56.726319345099022 ], [ -2.443138402120774, 56.72632750789974 ], [ -2.443131466930953, 56.726335667556405 ], [ -2.443124515697264, 56.726343824246662 ], [ -2.443117549376568, 56.726351978148095 ], [ -2.443110568925717, 56.726360129438291 ], [ -2.443103575301578, 56.726368278294878 ], [ -2.443096569461003, 56.726376424895449 ], [ -2.443089552360854, 56.726384569417618 ], [ -2.443082524957993, 56.726392712038972 ], [ -2.443075488209279, 56.726400852937125 ], [ -2.443068443071575, 56.726408992289706 ], [ -2.443061390501744, 56.726417130274264 ], [ -2.443054331456651, 56.726425267068464 ], [ -2.443047266893156, 56.726433402849885 ], [ -2.443040197768128, 56.726441537796141 ], [ -2.443033125038428, 56.726449672084826 ], [ -2.443026049660923, 56.72645780589356 ], [ -2.443018972592483, 56.726465939399951 ], [ -2.443011894789974, 56.726474072781592 ], [ -2.44300481721026, 56.72648220621609 ], [ -2.442997740810215, 56.726490339881082 ], [ -2.442990666546708, 56.726498473954138 ], [ -2.442983595376606, 56.72650660861288 ], [ -2.442976528256783, 56.726514744034937 ], [ -2.442969466144107, 56.726522880397908 ], [ -2.442962409995456, 56.726531017879381 ], [ -2.442955360767697, 56.726539156656983 ], [ -2.442948319417706, 56.726547296908308 ], [ -2.442941286902358, 56.726555438810998 ], [ -2.442934264178525, 56.726563582542624 ], [ -2.442927252203088, 56.726571728280824 ], [ -2.442920251932918, 56.726579876203189 ], [ -2.442913264324896, 56.726588026487335 ], [ -2.442906290335895, 56.726596179310889 ], [ -2.442899330922797, 56.726604334851444 ], [ -2.44289238704248, 56.726612493286623 ], [ -2.442885459651827, 56.726620654794012 ], [ -2.442878549707713, 56.726628819551259 ], [ -2.442871658167024, 56.726636987735944 ], [ -2.442864785986637, 56.72664515952571 ], [ -2.442857934123441, 56.726653335098142 ], [ -2.442851103534314, 56.726661514630862 ], [ -2.44284429517614, 56.726669698301471 ], [ -2.442837510005809, 56.726677886287625 ], [ -2.442830748980202, 56.726686078766868 ], [ -2.442824013056204, 56.726694275916877 ], [ -2.442817303190706, 56.726702477915225 ], [ -2.442810620340591, 56.726710684939555 ], [ -2.442803965462752, 56.726718897167451 ], [ -2.442797339514077, 56.726727114776551 ], [ -2.442790743451452, 56.726735337944447 ], [ -2.442784178231772, 56.726743566848782 ], [ -2.442777644811924, 56.726751801667149 ], [ -2.442771144148805, 56.726760042577162 ], [ -2.442764677199304, 56.726768289756457 ], [ -2.442758244920314, 56.72677654338262 ], [ -2.442751848268732, 56.726784803633294 ], [ -2.442745488201452, 56.726793070686071 ], [ -2.442739165618504, 56.726801344707951 ], [ -2.442732880734002, 56.72680962573758 ], [ -2.442726633307382, 56.72681791372856 ], [ -2.44272042308995, 56.726826208632993 ], [ -2.442715516709011, 56.726832806713745 ], [ -2.442721068617267, 56.726825034694215 ], [ -2.44272707045931, 56.726816680332291 ], [ -2.442733102552052, 56.726808331412634 ], [ -2.442739165069059, 56.726799987970004 ], [ -2.442745258170238, 56.726791650036752 ], [ -2.442751381571773, 56.726783317565562 ], [ -2.442757534459611, 56.726774990413972 ], [ -2.442763715988531, 56.726766668433882 ], [ -2.442769925313323, 56.726758351477237 ], [ -2.442776161588776, 56.726750039395938 ], [ -2.442782423969676, 56.72674173204193 ], [ -2.442788711610811, 56.726733429267156 ], [ -2.442795023666976, 56.726725130923519 ], [ -2.442801359292957, 56.726716836862941 ], [ -2.442807717643547, 56.726708546937374 ], [ -2.442814097873535, 56.726700260998719 ], [ -2.442820499137717, 56.72669197889892 ], [ -2.442826920590884, 56.726683700489914 ], [ -2.442833361387828, 56.726675425623597 ], [ -2.442839820683348, 56.72666715415194 ], [ -2.442846297632235, 56.726658885926824 ], [ -2.442852791389285, 56.726650620800214 ], [ -2.442859301109296, 56.726642358624012 ], [ -2.442865825947066, 56.726634099250177 ], [ -2.442872365057388, 56.726625842530609 ], [ -2.442878917595064, 56.726617588317239 ], [ -2.442885482714889, 56.726609336462026 ], [ -2.442892059571668, 56.726601086816885 ], [ -2.442898647320195, 56.726592839233732 ], [ -2.442905245115276, 56.726584593564489 ], [ -2.442911852111709, 56.726576349661116 ], [ -2.442918467464296, 56.726568107375542 ], [ -2.442925090327839, 56.726559866559683 ], [ -2.442931719857147, 56.726551627065454 ], [ -2.442938355207015, 56.726543388744822 ], [ -2.442944995532254, 56.726535151449696 ], [ -2.442951639987665, 56.726526915032018 ], [ -2.442958287728057, 56.726518679343705 ], [ -2.442964937908238, 56.726510444236702 ], [ -2.442971589683007, 56.726502209562938 ], [ -2.442978242207178, 56.726493975174336 ], [ -2.442984894635558, 56.726485740922818 ], [ -2.442991546122954, 56.726477506660359 ], [ -2.442998195824181, 56.726469272238859 ], [ -2.44300484289404, 56.726461037510241 ], [ -2.44301148648735, 56.72645280232647 ], [ -2.443018125758918, 56.726444566539463 ], [ -2.443024759863557, 56.72643633000115 ], [ -2.443031387956081, 56.726428092563481 ], [ -2.443038009191303, 56.726419854078351 ], [ -2.443044622724033, 56.72641161439774 ], [ -2.44305122770909, 56.726403373373543 ], [ -2.443057823301286, 56.726395130857739 ], [ -2.443064408655439, 56.726386886702215 ], [ -2.443070982926366, 56.726378640758938 ], [ -2.443077545268881, 56.726370392879836 ], [ -2.443084094837803, 56.726362142916827 ], [ -2.443090630787952, 56.72635389072186 ], [ -2.443097152274143, 56.726345636146867 ], [ -2.443103658451199, 56.726337379043798 ], [ -2.44311014847394, 56.72632911926457 ], [ -2.443116621497186, 56.726320856661118 ], [ -2.443123076675758, 56.72631259108541 ], [ -2.443129513164476, 56.726304322389332 ], [ -2.443135930118168, 56.726296050424857 ], [ -2.443142326691655, 56.7262877750439 ], [ -2.443148702039761, 56.726279496098414 ], [ -2.443155055317307, 56.726271213440342 ], [ -2.443161385679126, 56.726262926921599 ], [ -2.443167692280037, 56.726254636394117 ], [ -2.443173974274869, 56.726246341709874 ], [ -2.44318023081845, 56.72623804272078 ], [ -2.443186461065607, 56.726229739278772 ], [ -2.44319266417117, 56.726221431235778 ], [ -2.443198839289966, 56.726213118443766 ], [ -2.443204985576827, 56.726204800754651 ], [ -2.443211102186583, 56.726196478020377 ], [ -2.443217188274065, 56.726188150092895 ], [ -2.443223242994104, 56.726179816824114 ], [ -2.443229265501534, 56.726171478066007 ], [ -2.443235254951187, 56.726163133670497 ], [ -2.443241210497898, 56.72615478348952 ], [ -2.443247131296501, 56.726146427375014 ], [ -2.443253016501833, 56.726138065178922 ], [ -2.443258865268728, 56.726129696753191 ], [ -2.443264676752022, 56.726121321949762 ], [ -2.443270450106555, 56.726112940620546 ], [ -2.443276184487162, 56.726104552617528 ], [ -2.443281879048681, 56.726096157792611 ], [ -2.443287532945958, 56.726087755997739 ], [ -2.443293145333826, 56.726079347084877 ], [ -2.443298715367131, 56.726070930905941 ], [ -2.44330424220071, 56.726062507312889 ], [ -2.443309724989405, 56.726054076157652 ], [ -2.443315162888064, 56.72604563729216 ], [ -2.443320555056163, 56.726037190569173 ], [ -2.443325901096563, 56.726028735916806 ], [ -2.443331201416301, 56.726020273399932 ], [ -2.443336456507332, 56.726011803097919 ], [ -2.443341666861607, 56.72600332509009 ], [ -2.443346832971081, 56.72599483945578 ], [ -2.443351955327708, 56.725986346274283 ], [ -2.443357034423436, 56.725977845624989 ], [ -2.443362070750219, 56.725969337587209 ], [ -2.44336706480001, 56.725960822240282 ], [ -2.44337201706476, 56.725952299663518 ], [ -2.443376928036418, 56.725943769936279 ], [ -2.443381798206937, 56.725935233137882 ], [ -2.443386628068264, 56.725926689347666 ], [ -2.443391418112352, 56.725918138644957 ], [ -2.443396168831149, 56.725909581109086 ], [ -2.443400880716605, 56.7259010168194 ], [ -2.443405554260667, 56.725892445855209 ], [ -2.443410189955285, 56.725883868295881 ], [ -2.443414788292407, 56.725875284220706 ], [ -2.443419349763979, 56.725866693709051 ], [ -2.443423874861949, 56.725858096840213 ], [ -2.443428364078265, 56.725849493693545 ], [ -2.443432817904875, 56.725840884348372 ], [ -2.443437236833721, 56.725832268884041 ], [ -2.443441621356751, 56.725823647379862 ], [ -2.443445971965911, 56.725815019915174 ], [ -2.443450289153146, 56.725806386569317 ], [ -2.4434545734104, 56.725797747421616 ], [ -2.443458825229617, 56.725789102551403 ], [ -2.443463045102741, 56.725780452037995 ], [ -2.443467233521719, 56.725771795960739 ], [ -2.443471390978486, 56.725763134398974 ], [ -2.443475517964993, 56.72575446743199 ], [ -2.44347961497318, 56.72574579513914 ], [ -2.443483682494988, 56.725737117599792 ], [ -2.443487721022359, 56.725728434893234 ], [ -2.443491731047234, 56.725719747098807 ], [ -2.443495713061553, 56.725711054295807 ], [ -2.443499667557259, 56.72570235656363 ], [ -2.443503595026289, 56.725693653981551 ], [ -2.443507495960585, 56.725684946628938 ], [ -2.443511370852085, 56.725676234585094 ], [ -2.443515220192727, 56.725667517929359 ], [ -2.443519044474454, 56.725658796741065 ], [ -2.443522844189197, 56.725650071099537 ], [ -2.443526619828901, 56.725641341084113 ], [ -2.443530371885498, 56.725632606774106 ], [ -2.443534100850925, 56.725623868248853 ], [ -2.443537807217123, 56.725615125587694 ], [ -2.443541491476022, 56.725606378869927 ], [ -2.443545154119563, 56.725597628174917 ], [ -2.443548795639678, 56.725588873581984 ], [ -2.443552416528302, 56.725580115170445 ], [ -2.443556017277372, 56.725571353019639 ], [ -2.44355959837882, 56.725562587208884 ], [ -2.443563160324579, 56.725553817817513 ], [ -2.443566703606581, 56.725545044924871 ], [ -2.443570228716763, 56.725536268610256 ], [ -2.443573736147056, 56.72552748895302 ], [ -2.44357722638939, 56.725518706032489 ], [ -2.443580699935697, 56.72550991992798 ], [ -2.443584157277908, 56.725501130718833 ], [ -2.443587598907956, 56.725492338484365 ], [ -2.443591025317767, 56.725483543303909 ], [ -2.443594436999276, 56.725474745256804 ], [ -2.44359783444441, 56.725465944422361 ], [ -2.443601218145098, 56.725457140879911 ], [ -2.443604588593268, 56.725448334708787 ], [ -2.443607946280848, 56.725439525988321 ], [ -2.443611291699769, 56.725430714797838 ], [ -2.443614625341953, 56.725421901216656 ], [ -2.443617947699332, 56.725413085324092 ], [ -2.443621259263828, 56.725404267199522 ], [ -2.443624560527372, 56.725395446922221 ], [ -2.443627851981885, 56.725386624571556 ], [ -2.443631134119296, 56.725377800226809 ], [ -2.443634407431527, 56.725368973967356 ], [ -2.443637672410505, 56.7253601458725 ], [ -2.443640929548148, 56.725351316021573 ], [ -2.44364417933634, 56.725342484493908 ], [ -2.44364742225046, 56.725333651372409 ], [ -2.443650658725402, 56.72532481674871 ], [ -2.443653889189967, 56.725315980715813 ], [ -2.443657114072953, 56.725307143366649 ], [ -2.443660333803154, 56.725298304794222 ], [ -2.443663548809369, 56.725289465091464 ], [ -2.443666759520394, 56.72528062435137 ], [ -2.443669966365025, 56.725271782666873 ], [ -2.443673169772055, 56.725262940130996 ], [ -2.443676370170281, 56.72525409683665 ], [ -2.443679567988501, 56.725245252876832 ], [ -2.443682763655506, 56.725236408344493 ], [ -2.443685957600089, 56.725227563332624 ], [ -2.443689150251044, 56.725218717934176 ], [ -2.443692342037171, 56.725209872242104 ], [ -2.443695533387253, 56.725201026349403 ], [ -2.44369872473009, 56.725192180349012 ], [ -2.44370191649447, 56.725183334333927 ], [ -2.443705109109187, 56.725174488397094 ], [ -2.443708303003032, 56.725165642631474 ], [ -2.443711498604798, 56.725156797130055 ], [ -2.443714696343271, 56.725147951985782 ], [ -2.443717896647246, 56.725139107291646 ], [ -2.443721099945511, 56.725130263140585 ], [ -2.443724306666857, 56.725121419625587 ], [ -2.44372751724007, 56.725112576839621 ], [ -2.443730732093944, 56.725103734875631 ], [ -2.443733951657264, 56.725094893826594 ], [ -2.443737176358819, 56.725086053785475 ], [ -2.443740406627399, 56.725077214845271 ], [ -2.443743642891789, 56.725068377098886 ], [ -2.443746885580776, 56.725059540639343 ], [ -2.443750135123148, 56.725050705559582 ], [ -2.44375339194769, 56.725041871952577 ], [ -2.44375665648319, 56.725033039911281 ], [ -2.443759929158432, 56.725024209528662 ], [ -2.443763210402202, 56.725015380897723 ], [ -2.443766500643287, 56.725006554111381 ], [ -2.443769800310466, 56.724997729262611 ], [ -2.44377310983253, 56.724988906444402 ], [ -2.443776429638258, 56.724980085749692 ], [ -2.443779760156437, 56.724971267271485 ], [ -2.443783101815848, 56.724962451102691 ], [ -2.443786455045273, 56.724953637336334 ], [ -2.443789820273495, 56.724944826065332 ], [ -2.443793197929298, 56.724936017382682 ], [ -2.443796588441463, 56.724927211381328 ], [ -2.44379999223877, 56.724918408154252 ], [ -2.443803409750001, 56.724909607794416 ], [ -2.443806841403936, 56.724900810394772 ], [ -2.443810287629355, 56.724892016048301 ], [ -2.44381374885504, 56.724883224847957 ], [ -2.443817225509769, 56.724874436886708 ], [ -2.44382071802232, 56.724865652257535 ], [ -2.443824226821475, 56.724856871053355 ], [ -2.443827752331923, 56.724848093371165 ], [ -2.443831294957639, 56.724839319327984 ], [ -2.4438348551563, 56.724830548988727 ], [ -2.443838433356683, 56.724821782446369 ], [ -2.443842029987564, 56.724813019793835 ], [ -2.443845645477722, 56.724804261124113 ], [ -2.44384928025593, 56.724795506530192 ], [ -2.443852934750971, 56.724786756104969 ], [ -2.443856609391614, 56.724778009941474 ], [ -2.44386030460664, 56.724769268132661 ], [ -2.443864020824821, 56.724760530771469 ], [ -2.443867758474933, 56.724751797950873 ], [ -2.443871517985751, 56.724743069763825 ], [ -2.443875299786049, 56.724734346303322 ], [ -2.443879104304601, 56.724725627662281 ], [ -2.443882931970182, 56.724716913933705 ], [ -2.443886783211564, 56.724708205210547 ], [ -2.443890658457517, 56.724699501585761 ], [ -2.44389455813682, 56.72469080315232 ], [ -2.443898482678242, 56.72468211000318 ], [ -2.443902432510552, 56.724673422231298 ], [ -2.443906408062527, 56.724664739929672 ], [ -2.443910409762935, 56.724656063191219 ], [ -2.443914438040548, 56.724647392108928 ], [ -2.443918493324136, 56.724638726775765 ], [ -2.443922576042471, 56.724630067284671 ], [ -2.44392668662432, 56.724621413728634 ], [ -2.443930825498456, 56.724612766200615 ], [ -2.443934993093646, 56.724604124793551 ], [ -2.443939189838658, 56.724595489600432 ], [ -2.443943416162266, 56.724586860714197 ], [ -2.443947672493232, 56.724578238227828 ], [ -2.443951959260328, 56.724569622234284 ], [ -2.44395627689232, 56.724561012826534 ], [ -2.443960625817606, 56.724552410097424 ], [ -2.443965006225688, 56.724543814091845 ], [ -2.44396941765683, 56.724535224724008 ], [ -2.443973859542043, 56.724526641886214 ], [ -2.443978331312347, 56.72451806547074 ], [ -2.443982832398756, 56.724509495369851 ], [ -2.443987362232287, 56.724500931475809 ], [ -2.443991920243958, 56.724492373680924 ], [ -2.443996505864783, 56.724483821877477 ], [ -2.444001118525784, 56.724475275957694 ], [ -2.444005757657978, 56.724466735813898 ], [ -2.444010422692386, 56.724458201338329 ], [ -2.444015113060025, 56.724449672423319 ], [ -2.444019828191917, 56.724441148961084 ], [ -2.444024567519079, 56.724432630843943 ], [ -2.444029330472537, 56.724424117964141 ], [ -2.444034116483309, 56.724415610213995 ], [ -2.444038924982417, 56.724407107485753 ], [ -2.444043755400884, 56.724398609671709 ], [ -2.444048607169734, 56.724390116664118 ], [ -2.444053479719992, 56.724381628355275 ], [ -2.444058372482675, 56.724373144637461 ], [ -2.444063284888815, 56.724364665402945 ], [ -2.444068216369431, 56.724356190544007 ], [ -2.444073166355551, 56.724347719952924 ], [ -2.444078134278203, 56.724339253521975 ], [ -2.444083119568406, 56.724330791143444 ], [ -2.444088121657192, 56.724322332709598 ], [ -2.444093139975589, 56.724313878112724 ], [ -2.44409817395462, 56.724305427245099 ], [ -2.444103223025317, 56.724296979998996 ], [ -2.444108286618708, 56.724288536266698 ], [ -2.444113364165819, 56.724280095940486 ], [ -2.444118455097682, 56.724271658912635 ], [ -2.444123558845325, 56.724263225075418 ], [ -2.444128674839782, 56.724254794321119 ], [ -2.444133802512078, 56.72424636654204 ], [ -2.444138941293249, 56.724237941630427 ], [ -2.444144090614323, 56.724229519478563 ], [ -2.444149249906333, 56.724221099978749 ], [ -2.444154418600315, 56.724212683023246 ], [ -2.444159596127298, 56.724204268504344 ], [ -2.444164781918318, 56.724195856314289 ], [ -2.444169975404406, 56.724187446345439 ], [ -2.444175176016597, 56.72417903849 ], [ -2.444180383185928, 56.724170632640252 ], [ -2.444185596343433, 56.724162228688527 ], [ -2.444190814920147, 56.724153826527065 ], [ -2.444196038347105, 56.724145426048167 ], [ -2.444201266055348, 56.724137027144103 ], [ -2.44420649747591, 56.724128629707153 ], [ -2.444211732039824, 56.724120233629591 ], [ -2.444216969178135, 56.724111838803722 ], [ -2.444222208321878, 56.724103445121798 ], [ -2.444227448902095, 56.724095052476116 ], [ -2.444232690349819, 56.724086660758942 ], [ -2.444237932096096, 56.724078269862588 ], [ -2.444243173571963, 56.724069879679298 ], [ -2.444246878247469, 56.724063948975719 ] ] ], [ [ [ -2.442274580767685, 56.727613280036884 ], [ -2.44227109016366, 56.727621220778786 ], [ -2.442267267149993, 56.727629951588995 ], [ -2.442263457718436, 56.727638684760265 ], [ -2.442259661620272, 56.727647420244686 ], [ -2.442255878606787, 56.727656157994318 ], [ -2.442252108429265, 56.727664897961247 ], [ -2.442248350838992, 56.727673640097535 ], [ -2.442244605587249, 56.727682384355283 ], [ -2.44224087242532, 56.727691130686559 ], [ -2.442237151104495, 56.727699879043449 ], [ -2.442233441376046, 56.727708629378 ], [ -2.442229742991267, 56.727717381642329 ], [ -2.442226055701435, 56.727726135788494 ], [ -2.442222379257835, 56.72773489176857 ], [ -2.442218713411748, 56.727743649534652 ], [ -2.442215057914458, 56.727752409038793 ], [ -2.442211412517247, 56.72776117023308 ], [ -2.442207776971394, 56.727769933069588 ], [ -2.442204151028188, 56.727778697500412 ], [ -2.442200534438903, 56.727787463477611 ], [ -2.442196926954822, 56.727796230953253 ], [ -2.442193328327229, 56.727804999879453 ], [ -2.442189738307403, 56.72781377020825 ], [ -2.442186156646625, 56.727822541891726 ], [ -2.442182583096177, 56.727831314881989 ], [ -2.442179017407336, 56.727840089131071 ], [ -2.442175459331384, 56.727848864591088 ], [ -2.442171908619603, 56.727857641214094 ], [ -2.442168365023268, 56.727866418952182 ], [ -2.442164828293664, 56.727875197757413 ], [ -2.442161298182065, 56.727883977581875 ], [ -2.442157774439752, 56.727892758377635 ], [ -2.442154256818007, 56.727901540096774 ], [ -2.442150745068103, 56.727910322691379 ], [ -2.442147238941325, 56.727919106113518 ], [ -2.442143738188944, 56.727927890315257 ], [ -2.442140242562242, 56.727936675248692 ], [ -2.442136751812499, 56.727945460865904 ], [ -2.442133265690988, 56.727954247118937 ], [ -2.442129783948988, 56.727963033959874 ], [ -2.442126306337778, 56.72797182134083 ], [ -2.442122832608632, 56.727980609213859 ], [ -2.442119362512829, 56.727989397531033 ], [ -2.442115895801644, 56.727998186244406 ], [ -2.442112432226354, 56.728006975306108 ], [ -2.442108971538235, 56.728015764668172 ], [ -2.442105513488565, 56.728024554282698 ], [ -2.442102057828615, 56.728033344101746 ], [ -2.442098604309666, 56.728042134077405 ], [ -2.442095152682988, 56.728050924161728 ], [ -2.442091702699861, 56.728059714306823 ], [ -2.442088254111554, 56.728068504464751 ], [ -2.442084806669347, 56.7280772945876 ], [ -2.442081360124513, 56.728086084627414 ], [ -2.442077914228324, 56.728094874536303 ], [ -2.442074468732057, 56.728103664266342 ], [ -2.442071023386983, 56.728112453769583 ], [ -2.442067577944377, 56.7281212429981 ], [ -2.442064132155514, 56.728130031904008 ], [ -2.442060685771664, 56.728138820439341 ], [ -2.442057238544101, 56.728147608556192 ], [ -2.442053790224099, 56.72815639620665 ], [ -2.44205034056293, 56.728165183342789 ], [ -2.442046889311864, 56.728173969916654 ], [ -2.442043436222176, 56.728182755880326 ], [ -2.442039981045137, 56.728191541185936 ], [ -2.442036523532018, 56.728200325785494 ], [ -2.442033063434093, 56.728209109631102 ], [ -2.44202960050263, 56.728217892674841 ], [ -2.442026134488898, 56.728226674868793 ], [ -2.442022665144175, 56.72823545616501 ], [ -2.442019192219726, 56.728244236515565 ], [ -2.442015715466823, 56.728253015872568 ], [ -2.442012234636737, 56.728261794188072 ], [ -2.442008749480737, 56.72827057141415 ], [ -2.442005259750092, 56.728279347502877 ], [ -2.442001765196074, 56.72828812240634 ], [ -2.441998265569949, 56.728296896076621 ], [ -2.44199476062299, 56.728305668465751 ], [ -2.441991250106463, 56.728314439525853 ], [ -2.441987733771638, 56.728323209208995 ], [ -2.441984211369783, 56.728331977467228 ], [ -2.441980682652164, 56.728340744252662 ], [ -2.441977147370054, 56.728349509517336 ], [ -2.441973605281108, 56.728358273214255 ], [ -2.441970056431463, 56.72836703533752 ], [ -2.441966501267068, 56.728375795938227 ], [ -2.441962940263267, 56.728384555071671 ], [ -2.441959373895406, 56.728393312793131 ], [ -2.441955802638827, 56.728402069157859 ], [ -2.441952226968877, 56.728410824221186 ], [ -2.441948647360899, 56.72841957803837 ], [ -2.441945064290245, 56.728428330664698 ], [ -2.441941478232255, 56.728437082155452 ], [ -2.441937889662277, 56.728445832565932 ], [ -2.441935992023319, 56.728450456624856 ], [ -2.441938307656238, 56.72844445346383 ], [ -2.441941688853276, 56.728435689605938 ], [ -2.441945070729315, 56.72842692532133 ], [ -2.441948453146981, 56.728418160576297 ], [ -2.441951835968888, 56.728409395337067 ], [ -2.441955219057659, 56.728400629569926 ], [ -2.441958602275915, 56.728391863241136 ], [ -2.441961985486277, 56.728383096316939 ], [ -2.441965368551366, 56.728374328763607 ], [ -2.441968751333801, 56.728365560547388 ], [ -2.441972133696203, 56.728356791634575 ], [ -2.441975515519971, 56.728348021995536 ], [ -2.441978896871852, 56.728339251641522 ], [ -2.441982277924212, 56.728330480607056 ], [ -2.441985658850647, 56.728321708926934 ], [ -2.44198903982475, 56.728312936635938 ], [ -2.44199242102011, 56.728304163768868 ], [ -2.441995802610324, 56.728295390360493 ], [ -2.441999184768983, 56.728286616445637 ], [ -2.442002567669677, 56.728277842059057 ], [ -2.442005951485999, 56.72826906723558 ], [ -2.442009336391548, 56.728260292009956 ], [ -2.442012722559906, 56.728251516416989 ], [ -2.442016110164669, 56.728242740491496 ], [ -2.442019499379433, 56.72823396426822 ], [ -2.442022890377781, 56.728225187781995 ], [ -2.442026283333309, 56.728216411067599 ], [ -2.442029678419606, 56.728207634159801 ], [ -2.442033075810266, 56.728198857093417 ], [ -2.442036475678881, 56.728190079903214 ], [ -2.442039878199039, 56.728181302623994 ], [ -2.44204328354433, 56.728172525290553 ], [ -2.442046691888345, 56.728163747937685 ], [ -2.442050103404677, 56.728154970600166 ], [ -2.442053518266912, 56.728146193312782 ], [ -2.442056936648642, 56.72813741611035 ], [ -2.442060358723459, 56.728128639027638 ], [ -2.44206378466495, 56.728119862099426 ], [ -2.442067214646703, 56.728111085360524 ], [ -2.442070648842312, 56.728102308845713 ], [ -2.442074087425363, 56.728093532589796 ], [ -2.442077530569446, 56.728084756627553 ], [ -2.442080978448151, 56.728075980993772 ], [ -2.442084431235064, 56.728067205723228 ], [ -2.442087889103778, 56.728058430850751 ], [ -2.442091352227881, 56.728049656411088 ], [ -2.442094820780956, 56.728040882439061 ], [ -2.442098294936595, 56.728032108969444 ], [ -2.442101774868386, 56.728023336037026 ], [ -2.442105260749917, 56.728014563676602 ], [ -2.442108752754778, 56.728005791922968 ], [ -2.442112251056553, 56.727997020810889 ], [ -2.44211575582883, 56.727988250375184 ], [ -2.442119267245198, 56.727979480650617 ], [ -2.442122785479243, 56.727970711672022 ], [ -2.442126310704556, 56.727961943474128 ], [ -2.442129843094717, 56.727953176091759 ], [ -2.442133382823318, 56.727944409559719 ], [ -2.442136930063944, 56.727935643912751 ], [ -2.442140484990181, 56.727926879185674 ], [ -2.442144047775615, 56.727918115413281 ], [ -2.442147618593835, 56.727909352630363 ], [ -2.442151197618425, 56.727900590871698 ], [ -2.44215478502297, 56.727891830172076 ], [ -2.442158380981059, 56.7278830705663 ], [ -2.442161985666274, 56.727874312089135 ], [ -2.442165599252202, 56.727865554775384 ], [ -2.442169221912429, 56.72785679865985 ], [ -2.442172853820538, 56.7278480437773 ], [ -2.442176495150118, 56.727839290162528 ], [ -2.442180146074753, 56.72783053785033 ], [ -2.442183806768023, 56.727821786875502 ], [ -2.442187477403518, 56.727813037272817 ], [ -2.442191158154818, 56.727804289077071 ], [ -2.442194849195512, 56.727795542323058 ], [ -2.442198550699183, 56.727786797045546 ], [ -2.442202262839414, 56.727778053279351 ], [ -2.442205985789785, 56.727769311059269 ], [ -2.442209719723888, 56.727760570420052 ], [ -2.442213464815301, 56.727751831396503 ], [ -2.442217221237608, 56.727743094023445 ], [ -2.442220989164395, 56.72773435833561 ], [ -2.442224768769242, 56.727725624367814 ], [ -2.442228560225733, 56.727716892154859 ], [ -2.442232363707455, 56.72770816173152 ], [ -2.442236179387985, 56.727699433132599 ], [ -2.442240007440906, 56.727690706392849 ], [ -2.442243848039803, 56.727681981547107 ], [ -2.442247701358258, 56.727673258630126 ], [ -2.442251567569854, 56.727664537676723 ], [ -2.44225544684817, 56.727655818721651 ], [ -2.442259339366793, 56.727647101799711 ], [ -2.4422632452993, 56.727638386945713 ], [ -2.442267164819274, 56.727629674194446 ], [ -2.442271098100294, 56.727620963580669 ], [ -2.442274580767685, 56.727613280036884 ] ] ], [ [ [ -2.441694825706215, 56.729108595514809 ], [ -2.441693923296977, 56.729111903762224 ], [ -2.441691542006282, 56.729120734237895 ], [ -2.441689186816121, 56.729129567068576 ], [ -2.441686857039773, 56.729138402189186 ], [ -2.441684551990511, 56.729147239534612 ], [ -2.441682270981611, 56.729156079039768 ], [ -2.441680013326346, 56.729164920639533 ], [ -2.441677778337989, 56.729173764268793 ], [ -2.441675565329811, 56.729182609862484 ], [ -2.441673373615088, 56.729191457355469 ], [ -2.441671202507086, 56.729200306682678 ], [ -2.441669051319078, 56.729209157778953 ], [ -2.441666919364334, 56.72921801057926 ], [ -2.441664805956122, 56.729226865018447 ], [ -2.441662710407714, 56.729235721031422 ], [ -2.441660632032373, 56.7292445785531 ], [ -2.441658570143371, 56.729253437518345 ], [ -2.441656524053972, 56.729262297862093 ], [ -2.441654493077444, 56.7292711595192 ], [ -2.441652476527051, 56.729280022424589 ], [ -2.441650473716058, 56.729288886513153 ], [ -2.441648483957731, 56.729297751719777 ], [ -2.441646506565335, 56.729306617979375 ], [ -2.441644540852129, 56.729315485226834 ], [ -2.441642586131378, 56.72932435339704 ], [ -2.441640641716342, 56.729333222424899 ], [ -2.441638706920285, 56.729342092245325 ], [ -2.441636781056465, 56.729350962793184 ], [ -2.441634863438146, 56.729359834003382 ], [ -2.441632953378581, 56.729368705810828 ], [ -2.441631050191034, 56.729377578150391 ], [ -2.44162915318876, 56.729386450957008 ], [ -2.441627261685021, 56.72939532416553 ], [ -2.441625374993068, 56.729404197710878 ], [ -2.441623492426162, 56.729413071527958 ], [ -2.441621613297555, 56.729421945551636 ], [ -2.441619736920505, 56.729430819716818 ], [ -2.441617862608265, 56.729439693958426 ], [ -2.441615989674087, 56.729448568211318 ], [ -2.441614117431226, 56.729457442410393 ], [ -2.441612245192938, 56.72946631649058 ], [ -2.44161037227247, 56.729475190386736 ], [ -2.441608497983071, 56.729484064033791 ], [ -2.441606621637999, 56.729492937366608 ], [ -2.441604742550498, 56.729501810320095 ], [ -2.44160286003382, 56.729510682829158 ], [ -2.441600973401215, 56.729519554828691 ], [ -2.441599081965928, 56.729528426253566 ], [ -2.441597185041209, 56.729537297038704 ], [ -2.441595281940303, 56.729546167118976 ], [ -2.441593371976456, 56.729555036429311 ], [ -2.441591454462916, 56.729563904904566 ], [ -2.441589528712926, 56.729572772479656 ], [ -2.441587594039732, 56.729581639089467 ], [ -2.441585649756575, 56.729590504668913 ], [ -2.441583695176702, 56.729599369152858 ], [ -2.441581729613353, 56.729608232476231 ], [ -2.44157975237977, 56.729617094573896 ], [ -2.441577762789194, 56.729625955380776 ], [ -2.441575760154867, 56.729634814831741 ], [ -2.441573743790029, 56.729643672861698 ], [ -2.441571713007918, 56.729652529405534 ], [ -2.441569667121775, 56.729661384398149 ], [ -2.441567605444833, 56.729670237774428 ], [ -2.441565527290335, 56.729679089469286 ], [ -2.441563431971518, 56.729687939417595 ], [ -2.441561318801613, 56.729696787554268 ], [ -2.441559187093862, 56.729705633814177 ], [ -2.441557036161497, 56.72971447813223 ], [ -2.441554865317752, 56.729723320443313 ], [ -2.441552673875862, 56.729732160682339 ], [ -2.441550461149057, 56.72974099878418 ], [ -2.441548226450579, 56.729749834683744 ], [ -2.441545969093648, 56.729758668315903 ], [ -2.441543688391502, 56.729767499615591 ], [ -2.441541383657371, 56.729776328517652 ], [ -2.441539054204484, 56.729785154957007 ], [ -2.441536699346072, 56.72979397886855 ], [ -2.441534318395364, 56.729802800187173 ], [ -2.441531910665586, 56.729811618847762 ], [ -2.441529475469971, 56.729820434785218 ], [ -2.44152701212174, 56.729829247934425 ], [ -2.441524519934121, 56.729838058230278 ], [ -2.441521998220344, 56.729846865607684 ], [ -2.441519446293629, 56.729855670001527 ], [ -2.441516863467204, 56.729864471346673 ], [ -2.441514249062152, 56.729873269574227 ], [ -2.441511602491107, 56.729882064570575 ], [ -2.441508923225853, 56.729890856193236 ], [ -2.441506210739167, 56.729899644299309 ], [ -2.441503464503819, 56.729908428745844 ], [ -2.441500683992587, 56.72991720938991 ], [ -2.441497868678242, 56.729925986088588 ], [ -2.441495018033558, 56.72993475869891 ], [ -2.441492131531307, 56.729943527077964 ], [ -2.441489208644259, 56.72995229108281 ], [ -2.44148624884519, 56.729961050570509 ], [ -2.441483251606866, 56.729969805398134 ], [ -2.441480216402062, 56.72997855542274 ], [ -2.441477142703548, 56.729987300501406 ], [ -2.441474029984091, 56.729996040491173 ], [ -2.441470877716463, 56.730004775249128 ], [ -2.441467685373432, 56.730013504632325 ], [ -2.441464452427767, 56.730022228497823 ], [ -2.441461178352237, 56.730030946702698 ], [ -2.441457862619609, 56.730039659104008 ], [ -2.441454504702652, 56.730048365558808 ], [ -2.441451104074131, 56.730057065924179 ], [ -2.441447660206813, 56.73006576005718 ], [ -2.441444172573469, 56.730074447814864 ], [ -2.441440640646859, 56.730083129054307 ], [ -2.441437063899751, 56.730091803632547 ], [ -2.441433441804911, 56.730100471406701 ], [ -2.441429773835102, 56.730109132233764 ], [ -2.441426059463091, 56.730117785970847 ], [ -2.441422298161639, 56.730126432474982 ], [ -2.441418489403511, 56.730135071603279 ], [ -2.441414632661472, 56.730143703212761 ], [ -2.441410727408284, 56.730152327160475 ], [ -2.441406773116709, 56.730160943303531 ], [ -2.441402769259509, 56.73016955149896 ], [ -2.441398715309448, 56.730178151603823 ], [ -2.441394610739285, 56.730186743475208 ], [ -2.441390455021783, 56.730195326970154 ], [ -2.441386247629703, 56.730203901945728 ], [ -2.441381988035805, 56.730212468258976 ], [ -2.441377675712847, 56.730221025766987 ], [ -2.441373310133593, 56.73022957432682 ], [ -2.441368890770802, 56.730238113795508 ], [ -2.441364417097229, 56.730246644030146 ], [ -2.441359888585638, 56.730255164887765 ], [ -2.441355304708783, 56.730263676225455 ], [ -2.441350664939427, 56.73027217790024 ], [ -2.441345968750324, 56.730280669769222 ], [ -2.441341215614232, 56.730289151689433 ], [ -2.441336405003909, 56.730297623517934 ], [ -2.441331536392115, 56.730306085111806 ], [ -2.441326609251603, 56.730314536328081 ], [ -2.441321623055131, 56.730322977023832 ], [ -2.441316577275452, 56.73033140705612 ], [ -2.441311471385327, 56.730339826281998 ], [ -2.441306304857509, 56.730348234558541 ], [ -2.441301077164749, 56.730356631742779 ], [ -2.441295787779811, 56.730365017691803 ], [ -2.441290436175441, 56.730373392262649 ], [ -2.4412850218244, 56.730381755312379 ], [ -2.441279544199437, 56.730390106698046 ], [ -2.441274002773309, 56.73039844627673 ], [ -2.44126839701877, 56.730406773905479 ], [ -2.44126272640857, 56.730415089441337 ], [ -2.441256990415466, 56.730423392741372 ], [ -2.441251188512207, 56.730431683662644 ], [ -2.44124532017155, 56.730439962062192 ], [ -2.441239384866244, 56.730448227797098 ], [ -2.44123338206904, 56.730456480724406 ], [ -2.441227311252693, 56.730464720701164 ], [ -2.441221171889956, 56.730472947584438 ], [ -2.441214963453576, 56.730481161231296 ], [ -2.441208685416307, 56.730489361498762 ], [ -2.441202337250898, 56.730497548243918 ], [ -2.441195918430103, 56.730505721323809 ], [ -2.441189428426669, 56.730513880595488 ], [ -2.441182866713349, 56.730522025916031 ], [ -2.441176232762893, 56.730530157142461 ], [ -2.441169526048048, 56.730538274131831 ], [ -2.441162746041568, 56.730546376741223 ], [ -2.441155892216202, 56.730554464827669 ], [ -2.441148964190821, 56.730562538278427 ], [ -2.441141963999028, 56.730570597479449 ], [ -2.441134895657405, 56.730578643226245 ], [ -2.44112776324127, 56.73058667632651 ], [ -2.441120570825932, 56.730594697587883 ], [ -2.441113322486715, 56.730602707818008 ], [ -2.441106022298941, 56.730610707824596 ], [ -2.441098674337933, 56.73061869841527 ], [ -2.441091282679021, 56.730626680397705 ], [ -2.441083851397533, 56.730634654579568 ], [ -2.441076384568803, 56.73064262176851 ], [ -2.44106888626817, 56.730650582772228 ], [ -2.441061360570973, 56.730658538398373 ], [ -2.441053811552551, 56.73066648945462 ], [ -2.441046243288249, 56.730674436748615 ], [ -2.441038659853417, 56.730682381088045 ], [ -2.441031065323405, 56.730690323280591 ], [ -2.441023463773563, 56.73069826413392 ], [ -2.441015859279251, 56.7307062044557 ], [ -2.441008255915821, 56.730714145053611 ], [ -2.441000657758642, 56.730722086735341 ], [ -2.440993068883074, 56.730730030308528 ], [ -2.440985493364483, 56.730737976580897 ], [ -2.440977935278241, 56.730745926360086 ], [ -2.440970398699719, 56.730753880453804 ], [ -2.44096288770429, 56.730761839669732 ], [ -2.440955406367337, 56.730769804815544 ], [ -2.440947958764237, 56.730777776698901 ], [ -2.440940548970374, 56.730785756127524 ], [ -2.440933181061133, 56.730793743909082 ], [ -2.440925859111907, 56.730801740851263 ], [ -2.440918587198083, 56.730809747761732 ], [ -2.440911369395061, 56.730817765448215 ], [ -2.440904209778233, 56.730825794718378 ], [ -2.440897112423005, 56.730833836379915 ], [ -2.440890081404778, 56.730841891240537 ], [ -2.440883120798957, 56.730849960107882 ], [ -2.440876234680957, 56.730858043789695 ], [ -2.440869427126186, 56.73086614309365 ], [ -2.440862702210063, 56.730874258827434 ], [ -2.440856064005489, 56.730882391798261 ], [ -2.440849514954301, 56.730890542493547 ], [ -2.440843053060342, 56.73089871053066 ], [ -2.440836675579769, 56.730906895380365 ], [ -2.440830379768729, 56.730915096513428 ], [ -2.440824162883372, 56.730923313400623 ], [ -2.440818022179844, 56.730931545512703 ], [ -2.440811954914288, 56.730939792320449 ], [ -2.440805958342849, 56.730948053294625 ], [ -2.440800029721661, 56.730956327905993 ], [ -2.44079416630687, 56.730964615625318 ], [ -2.440788365354608, 56.730972915923338 ], [ -2.440782624121014, 56.730981228270863 ], [ -2.440776939862214, 56.730989552138631 ], [ -2.440771309834346, 56.730997886997393 ], [ -2.440765731293535, 56.731006232317938 ], [ -2.440760201495908, 56.731014587570996 ], [ -2.440754717697593, 56.731022952227356 ], [ -2.440749277154707, 56.731031325757755 ], [ -2.440743877123377, 56.731039707632938 ], [ -2.440738514859716, 56.731048097323715 ], [ -2.440733187619842, 56.731056494300816 ], [ -2.440727892659874, 56.731064898034973 ], [ -2.44072262723592, 56.731073307996972 ], [ -2.440717388604091, 56.731081723657567 ], [ -2.440712174020495, 56.73109014448751 ], [ -2.440706980741237, 56.731098569957553 ], [ -2.440701806022425, 56.731106999538447 ], [ -2.440696647120158, 56.731115432700946 ], [ -2.440691501290537, 56.731123868915823 ], [ -2.440686365789658, 56.731132307653816 ], [ -2.440681237873619, 56.731140748385677 ], [ -2.440676114798511, 56.731149190582158 ], [ -2.440670993820423, 56.731157633714034 ], [ -2.440665872195449, 56.731166077251999 ], [ -2.440660747179676, 56.731174520666869 ], [ -2.440655616029185, 56.731182963429355 ], [ -2.440650476000059, 56.731191405010229 ], [ -2.44064532434838, 56.731199844880202 ], [ -2.440640158330227, 56.731208282510082 ], [ -2.440634975201674, 56.73121671737055 ], [ -2.440629772218796, 56.731225148932417 ], [ -2.440624546637668, 56.731233576666384 ], [ -2.440619295714355, 56.731242000043224 ], [ -2.440614016704928, 56.731250418533669 ], [ -2.440608706865449, 56.731258831608493 ], [ -2.440603363451984, 56.731267238738397 ], [ -2.440597983720595, 56.731275639394156 ], [ -2.440592564927341, 56.731284033046492 ], [ -2.440587104328278, 56.731292419166195 ], [ -2.440581599179463, 56.731300797223945 ], [ -2.440576046834957, 56.731309166709501 ], [ -2.440570446512489, 56.731317527473465 ], [ -2.440564799099272, 56.731325879689713 ], [ -2.440559105541544, 56.731334223543556 ], [ -2.440553366785543, 56.731342559220337 ], [ -2.440547583777513, 56.731350886905332 ], [ -2.440541757463692, 56.731359206783864 ], [ -2.440535888790324, 56.731367519041264 ], [ -2.440529978703651, 56.731375823862848 ], [ -2.440524028149917, 56.731384121433919 ], [ -2.440518038075366, 56.731392411939787 ], [ -2.440512009426244, 56.731400695565782 ], [ -2.440505943148795, 56.731408972497199 ], [ -2.440499840189267, 56.731417242919377 ], [ -2.440493701493906, 56.731425507017619 ], [ -2.440487528008962, 56.73143376497724 ], [ -2.440481320680683, 56.731442016983571 ], [ -2.440475080455318, 56.731450263221902 ], [ -2.440468808279117, 56.73145850387759 ], [ -2.440462505098331, 56.731466739135904 ], [ -2.440456171859212, 56.731474969182187 ], [ -2.440449809508014, 56.731483194201765 ], [ -2.440443418990985, 56.731491414379938 ], [ -2.440437001254384, 56.731499629902032 ], [ -2.440430557244466, 56.731507840953348 ], [ -2.440424087907481, 56.731516047719225 ], [ -2.44041759418969, 56.731524250384979 ], [ -2.440411077037347, 56.731532449135919 ], [ -2.44040453739671, 56.73154064415737 ], [ -2.440397976214039, 56.731548835634619 ], [ -2.440391394435586, 56.731557023753048 ], [ -2.44038479300762, 56.731565208697923 ], [ -2.440378172876395, 56.731573390654574 ], [ -2.440371534988172, 56.731581569808355 ], [ -2.440364880289215, 56.731589746344532 ], [ -2.440358209725786, 56.731597920448451 ], [ -2.440351524244145, 56.731606092305448 ], [ -2.440344824790559, 56.731614262100827 ], [ -2.44033811231129, 56.731622430019904 ], [ -2.440331387752603, 56.731630596247989 ], [ -2.440324652060766, 56.731638760970434 ], [ -2.440317906182042, 56.731646924372541 ], [ -2.4403111510627, 56.731655086639627 ], [ -2.440304387649008, 56.731663247957023 ], [ -2.440297616887232, 56.731671408510039 ], [ -2.440290839723646, 56.731679568484026 ], [ -2.440284057104513, 56.73168772806428 ], [ -2.440277269976109, 56.731695887436125 ], [ -2.440270479284702, 56.731704046784884 ], [ -2.440263685976566, 56.731712206295896 ], [ -2.440256890997971, 56.731720366154455 ], [ -2.44025009529519, 56.731728526545922 ], [ -2.440243299814501, 56.731736687655577 ], [ -2.440236505502173, 56.731744849668772 ], [ -2.440229713304483, 56.731753012770838 ], [ -2.440222924167709, 56.731761177147071 ], [ -2.440216139038127, 56.731769342982808 ], [ -2.440209358862012, 56.731777510463395 ], [ -2.440202584585642, 56.73178567977412 ], [ -2.440195817155296, 56.731793851100335 ], [ -2.440189057517257, 56.731802024627342 ], [ -2.4401823066178, 56.731810200540494 ], [ -2.440175565403207, 56.731818379025079 ], [ -2.44016883481976, 56.73182656026647 ], [ -2.440162115813741, 56.731834744449962 ], [ -2.440155409331429, 56.731842931760873 ], [ -2.440148716319114, 56.731851122384562 ], [ -2.440144527410764, 56.731856261852194 ], [ -2.44014612521568, 56.731853952997788 ], [ -2.440151922773085, 56.731845578744498 ], [ -2.440157722364229, 56.7318372048585 ], [ -2.440163523988974, 56.73182883133493 ], [ -2.440169327647173, 56.731820458168912 ], [ -2.440175133338682, 56.731812085355585 ], [ -2.440180941063359, 56.731803712890084 ], [ -2.44018675082106, 56.731795340767533 ], [ -2.440192562611638, 56.731786968983066 ], [ -2.440198376434953, 56.731778597531836 ], [ -2.440204192290859, 56.731770226408948 ], [ -2.440210010179209, 56.731761855609534 ], [ -2.440215830099862, 56.731753485128756 ], [ -2.440221652052676, 56.731745114961733 ], [ -2.440227476037501, 56.731736745103589 ], [ -2.4402333020542, 56.731728375549466 ], [ -2.440239130102623, 56.731720006294495 ], [ -2.440244960182629, 56.731711637333795 ], [ -2.440250792294073, 56.731703268662507 ], [ -2.440256626436811, 56.731694900275798 ], [ -2.4402624626107, 56.731686532168752 ], [ -2.440268300815593, 56.731678164336529 ], [ -2.440274141051351, 56.731669796774241 ], [ -2.440279983317823, 56.731661429477043 ], [ -2.440285827614872, 56.73165306244006 ], [ -2.440291673942349, 56.731644695658431 ], [ -2.440297522300113, 56.731636329127269 ], [ -2.440303372688016, 56.731627962841742 ], [ -2.440309225105918, 56.731619596796932 ], [ -2.440315079553671, 56.731611230988008 ], [ -2.440320936031137, 56.731602865410103 ], [ -2.440326794538164, 56.731594500058335 ], [ -2.440332655074616, 56.731586134927859 ], [ -2.440338517640342, 56.731577770013793 ], [ -2.440344382235203, 56.731569405311248 ], [ -2.440350248859049, 56.731561040815393 ], [ -2.440356117511741, 56.731552676521346 ], [ -2.440361988193133, 56.731544312424234 ], [ -2.440367860903082, 56.731535948519202 ], [ -2.440373735641443, 56.731527584801384 ], [ -2.440379612408072, 56.731519221265877 ], [ -2.440385491202824, 56.731510857907878 ], [ -2.440391372025555, 56.731502494722477 ], [ -2.440397254876124, 56.731494131704807 ], [ -2.440403139754382, 56.731485768850007 ], [ -2.440409026660189, 56.731477406153225 ], [ -2.440414915593396, 56.731469043609557 ], [ -2.440420806553865, 56.731460681214188 ], [ -2.440426699541446, 56.731452318962212 ], [ -2.440432594555999, 56.731443956848764 ], [ -2.440438491597379, 56.731435594868991 ], [ -2.440444390665442, 56.731427233018017 ], [ -2.44045029176004, 56.731418871290977 ], [ -2.440456194881034, 56.731410509683016 ], [ -2.440462100028278, 56.731402148189233 ], [ -2.440468007201625, 56.731393786804809 ], [ -2.440473916400937, 56.731385425524834 ], [ -2.440479827626064, 56.731377064344464 ], [ -2.440485740876864, 56.731368703258838 ], [ -2.440491656153191, 56.731360342263073 ], [ -2.440497573454907, 56.731351981352283 ], [ -2.44050349278186, 56.731343620521649 ], [ -2.440509414133911, 56.731335259766276 ], [ -2.440515337510913, 56.731326899081289 ], [ -2.440521262912724, 56.731318538461835 ], [ -2.440527190339197, 56.731310177903033 ], [ -2.44053311979019, 56.731301817400038 ], [ -2.440539051261112, 56.731293456947469 ], [ -2.44054498466054, 56.731285096529753 ], [ -2.440550919818007, 56.731276736122176 ], [ -2.44055685656016, 56.731268375699628 ], [ -2.440562794713648, 56.731260015237019 ], [ -2.440568734105121, 56.73125165470924 ], [ -2.440574674561224, 56.731243294091215 ], [ -2.44058061590861, 56.731234933357847 ], [ -2.440586557973926, 56.73122657248404 ], [ -2.44059250058382, 56.731218211444691 ], [ -2.440598443564945, 56.731209850214711 ], [ -2.440604386743948, 56.731201488769031 ], [ -2.44061032994748, 56.731193127082513 ], [ -2.440616273002189, 56.731184765130074 ], [ -2.440622215734723, 56.731176402886661 ], [ -2.440628157971739, 56.731168040327127 ], [ -2.440634099539879, 56.731159677426405 ], [ -2.440640040265799, 56.731151314159405 ], [ -2.440645979976147, 56.73114295050101 ], [ -2.440651918497575, 56.731134586426151 ], [ -2.440657855656731, 56.731126221909733 ], [ -2.440663791280269, 56.731117856926637 ], [ -2.440669725194841, 56.731109491451804 ], [ -2.440675657227092, 56.731101125460107 ], [ -2.440681587203679, 56.731092758926472 ], [ -2.440687514951251, 56.73108439182581 ], [ -2.440693440296458, 56.731076024133003 ], [ -2.440699363065956, 56.73106765582299 ], [ -2.440705283086395, 56.731059286870646 ], [ -2.440711200184422, 56.731050917250904 ], [ -2.440717114186697, 56.73104254693866 ], [ -2.440723024919869, 56.73103417590881 ], [ -2.440728932210588, 56.731025804136287 ], [ -2.440734835885511, 56.731017431595959 ], [ -2.440740735771286, 56.731009058262771 ], [ -2.440746631694567, 56.731000684111606 ], [ -2.440752523482009, 56.730992309117383 ], [ -2.440758410960263, 56.730983933255011 ], [ -2.440764293955983, 56.730975556499388 ], [ -2.440770172295823, 56.730967178825416 ], [ -2.440776045806436, 56.730958800208029 ], [ -2.440781914314473, 56.730950420622086 ], [ -2.440787777646592, 56.730942040042549 ], [ -2.440793635629444, 56.730933658444293 ], [ -2.440799488089682, 56.730925275802207 ], [ -2.440805334853965, 56.730916892091244 ], [ -2.440811175748942, 56.73090850728628 ], [ -2.440817010601271, 56.730900121362239 ], [ -2.440822839237603, 56.730891734294033 ], [ -2.440828661484598, 56.730883346056544 ], [ -2.440834477168905, 56.730874956624689 ], [ -2.440840286117182, 56.730866565973379 ], [ -2.440846088156083, 56.730858174077525 ], [ -2.440851883112268, 56.730849780912038 ], [ -2.440857670812382, 56.730841386451786 ], [ -2.440863451083088, 56.730832990671743 ], [ -2.440869223751045, 56.730824593546771 ], [ -2.440874988642901, 56.730816195051801 ], [ -2.440880745585316, 56.730807795161702 ], [ -2.440886494404944, 56.730799393851434 ], [ -2.440892234928444, 56.730790991095859 ], [ -2.44089796698247, 56.730782586869914 ], [ -2.440903690393679, 56.730774181148497 ], [ -2.440909404988727, 56.730765773906505 ], [ -2.440915110594273, 56.730757365118869 ], [ -2.440920807036973, 56.730748954760479 ], [ -2.440926494143482, 56.730740542806252 ], [ -2.440932171740461, 56.730732129231093 ], [ -2.440937839654563, 56.730723714009898 ], [ -2.440943497712448, 56.730715297117598 ], [ -2.440949145740773, 56.730706878529077 ], [ -2.440954783566198, 56.730698458219265 ], [ -2.440960411015376, 56.730690036163047 ], [ -2.44096602791497, 56.73068161233536 ], [ -2.440971634091635, 56.73067318671108 ], [ -2.440977229372031, 56.730664759265146 ], [ -2.440982813582815, 56.730656329972447 ], [ -2.440988386550646, 56.730647898807888 ], [ -2.440993948102183, 56.7306394657464 ], [ -2.440999498064086, 56.730631030762865 ], [ -2.441005036263013, 56.730622593832194 ], [ -2.441010562525622, 56.730614154929313 ], [ -2.441016076678574, 56.730605714029124 ], [ -2.441021578548528, 56.730597271106525 ], [ -2.441027067962144, 56.73058882613644 ], [ -2.441032544746081, 56.730580379093759 ], [ -2.441038008726999, 56.730571929953406 ], [ -2.441043459731558, 56.730563478690286 ], [ -2.44104889758642, 56.730555025279301 ], [ -2.441054322118242, 56.73054656969537 ], [ -2.441059733153685, 56.73053811191339 ], [ -2.441065130519412, 56.730529651908284 ], [ -2.441070514042082, 56.73052118965493 ], [ -2.441075883548357, 56.730512725128278 ], [ -2.441081238864898, 56.730504258303206 ], [ -2.441086579818365, 56.730495789154645 ], [ -2.441091906235419, 56.730487317657484 ], [ -2.441097217942722, 56.730478843786635 ], [ -2.441102514766936, 56.730470367517022 ], [ -2.441107796534721, 56.730461888823534 ], [ -2.441113063072744, 56.730453407681097 ], [ -2.441118314207662, 56.730444924064614 ], [ -2.441123549766139, 56.730436437949002 ], [ -2.441128769574838, 56.730427949309139 ], [ -2.441133973460416, 56.730419458119961 ], [ -2.441139161249545, 56.730410964356373 ], [ -2.441144332768882, 56.730402467993294 ], [ -2.441149487845091, 56.730393969005618 ], [ -2.441154626304835, 56.730385467368237 ], [ -2.441159747974776, 56.730376963056095 ], [ -2.441164852681579, 56.730368456044097 ], [ -2.441169940251908, 56.730359946307132 ], [ -2.441175010512424, 56.730351433820118 ], [ -2.441180063289795, 56.730342918557945 ], [ -2.441185098410682, 56.730334400495558 ], [ -2.441190115701748, 56.730325879607868 ], [ -2.44119511498966, 56.730317355869737 ], [ -2.441200096101082, 56.730308829256124 ], [ -2.441205058862677, 56.730300299741906 ], [ -2.441210003101112, 56.730291767302006 ], [ -2.441214928643047, 56.730283231911322 ], [ -2.441219835315154, 56.730274693544786 ], [ -2.441224722944094, 56.730266152177293 ], [ -2.441229591356532, 56.730257607783756 ], [ -2.441234440379135, 56.730249060339069 ], [ -2.441239269838568, 56.730240509818167 ], [ -2.441244079561498, 56.730231956195951 ], [ -2.441248869374588, 56.730223399447326 ], [ -2.441253639104506, 56.73021483954718 ], [ -2.441258388577918, 56.730206276470462 ], [ -2.441263117621491, 56.730197710192058 ], [ -2.44126782606189, 56.730189140686882 ], [ -2.441272513725785, 56.730180567929835 ], [ -2.441277180439839, 56.730171991895865 ], [ -2.441281826030719, 56.730163412559833 ], [ -2.441286450325095, 56.730154829896684 ], [ -2.441291053149633, 56.730146243881272 ], [ -2.441295634331, 56.73013765448858 ], [ -2.441300193695864, 56.730129061693468 ], [ -2.441304731070893, 56.73012046547089 ], [ -2.441309246282755, 56.730111865795706 ], [ -2.441313739158117, 56.730103262642849 ], [ -2.441318209523649, 56.730094655987216 ], [ -2.441322657206019, 56.730086045803752 ], [ -2.441327082031894, 56.730077432067333 ], [ -2.441331483827943, 56.730068814752869 ], [ -2.441335862420836, 56.730060193835278 ], [ -2.441340217637242, 56.730051569289486 ], [ -2.44134454930383, 56.730042941090367 ], [ -2.441348857247267, 56.730034309212883 ], [ -2.441353141294227, 56.730025673631886 ], [ -2.441357401271377, 56.730017034322316 ], [ -2.441361637005386, 56.730008391259076 ], [ -2.441365848322927, 56.729999744417093 ], [ -2.441370035050666, 56.729991093771247 ], [ -2.441374197015277, 56.729982439296471 ], [ -2.441378334043427, 56.729973780967669 ], [ -2.441382445961791, 56.729965118759743 ], [ -2.441386532597036, 56.72995645264762 ], [ -2.441390593775834, 56.729947782606189 ], [ -2.441394629324857, 56.729939108610374 ], [ -2.441398639070776, 56.729930430635079 ], [ -2.441402622840262, 56.729921748655215 ], [ -2.441406580459986, 56.729913062645693 ], [ -2.441410511756621, 56.729904372581423 ], [ -2.441414416556841, 56.729895678437316 ], [ -2.441418294687312, 56.729886980188283 ], [ -2.441422145974709, 56.729878277809235 ], [ -2.441425970245708, 56.729869571275067 ], [ -2.441429767326977, 56.729860860560706 ], [ -2.441433537046127, 56.72985214564121 ], [ -2.441437279402646, 56.729843426518748 ], [ -2.441440994767406, 56.729834703254127 ], [ -2.441444683559694, 56.729825975915794 ], [ -2.441448346198808, 56.729817244572189 ], [ -2.441451983104036, 56.729808509291729 ], [ -2.441455594694668, 56.729799770142883 ], [ -2.441459181389996, 56.729791027194054 ], [ -2.44146274360931, 56.729782280513717 ], [ -2.441466281771897, 56.729773530170299 ], [ -2.44146979629705, 56.72976477623223 ], [ -2.441473287604057, 56.729756018767958 ], [ -2.441476756112206, 56.729747257845922 ], [ -2.441480202240786, 56.729738493534541 ], [ -2.441483626409084, 56.72972972590231 ], [ -2.441487029036388, 56.729720955017605 ], [ -2.441490410541986, 56.72971218094888 ], [ -2.441493771345166, 56.729703403764603 ], [ -2.441497111865213, 56.72969462353317 ], [ -2.441500432521412, 56.72968584032305 ], [ -2.441503733733054, 56.729677054202682 ], [ -2.441507015919419, 56.729668265240484 ], [ -2.441510279499794, 56.72965947350491 ], [ -2.441513524893465, 56.729650679064399 ], [ -2.441516752519713, 56.729641881987369 ], [ -2.44151996279783, 56.729633082342282 ], [ -2.44152315614709, 56.729624280197577 ], [ -2.441526332986785, 56.729615475621664 ], [ -2.441529493736192, 56.729606668683012 ], [ -2.441532638814597, 56.729597859450045 ], [ -2.441535768641281, 56.729589047991198 ], [ -2.441538883635526, 56.729580234374907 ], [ -2.441541984216614, 56.729571418669643 ], [ -2.441545070803824, 56.729562600943794 ], [ -2.441548143816444, 56.729553781265814 ], [ -2.441551203673746, 56.729544959704164 ], [ -2.441554250795015, 56.729536136327248 ], [ -2.441557285599528, 56.729527311203526 ], [ -2.44156030850657, 56.729518484401432 ], [ -2.441563319935414, 56.729509655989396 ], [ -2.441566320305342, 56.729500826035867 ], [ -2.44156931003563, 56.729491994609262 ], [ -2.441572289545559, 56.729483161778056 ], [ -2.441575259254404, 56.729474327610639 ], [ -2.441578219581445, 56.729465492175471 ], [ -2.441581170945955, 56.729456655541 ], [ -2.441584113767215, 56.729447817775664 ], [ -2.441587048464498, 56.729438978947861 ], [ -2.441589975457084, 56.729430139126059 ], [ -2.441592895164241, 56.729421298378696 ], [ -2.441595808005252, 56.729412456774227 ], [ -2.441598714399387, 56.729403614381035 ], [ -2.441601614765921, 56.7293947712676 ], [ -2.441604509524129, 56.729385927502342 ], [ -2.441607399093284, 56.729377083153715 ], [ -2.44161028389266, 56.729368238290121 ], [ -2.44161316434153, 56.729359392980029 ], [ -2.441616040859166, 56.729350547291872 ], [ -2.441618913864839, 56.729341701294082 ], [ -2.441621783777824, 56.729332855055084 ], [ -2.441624651017387, 56.729324008643303 ], [ -2.441627516002806, 56.729315162127229 ], [ -2.441630379153346, 56.729306315575244 ], [ -2.441633240888279, 56.729297469055822 ], [ -2.441636101626878, 56.729288622637377 ], [ -2.441638961788409, 56.729279776388339 ], [ -2.441641821792141, 56.729270930377176 ], [ -2.441644682057344, 56.729262084672285 ], [ -2.441647543003288, 56.729253239342135 ], [ -2.44165040504924, 56.729244394455144 ], [ -2.441653268614467, 56.729235550079757 ], [ -2.441656134118236, 56.729226706284393 ], [ -2.441659001979815, 56.729217863137514 ], [ -2.44166187261847, 56.729209020707536 ], [ -2.441664746453468, 56.729200179062893 ], [ -2.441667623904076, 56.729191338272038 ], [ -2.441670505389558, 56.729182498403404 ], [ -2.441673391329179, 56.729173659525415 ], [ -2.441676282142203, 56.729164821706512 ], [ -2.441679178247898, 56.729155985015119 ], [ -2.441682080065525, 56.72914714951969 ], [ -2.441684988014347, 56.729138315288665 ], [ -2.44168790251363, 56.729129482390455 ], [ -2.441690823982636, 56.729120650893506 ], [ -2.441693752840626, 56.729111820866265 ], [ -2.441694825706215, 56.729108595514809 ] ] ], [ [ [ -2.439526554982772, 56.732769821733676 ], [ -2.439522382326922, 56.73277654366283 ], [ -2.439517100503776, 56.732785047853255 ], [ -2.439511816323471, 56.732793551499704 ], [ -2.439506529903093, 56.732802054621672 ], [ -2.439501241359718, 56.732810557238672 ], [ -2.439495950810435, 56.732819059370165 ], [ -2.439490658372324, 56.732827561035705 ], [ -2.439485364162472, 56.732836062254748 ], [ -2.439480068297959, 56.732844563046811 ], [ -2.439474770895871, 56.732853063431399 ], [ -2.439469472073292, 56.732861563427981 ], [ -2.439464171947305, 56.732870063056104 ], [ -2.439458870634991, 56.73287856233523 ], [ -2.43945356825344, 56.73288706128487 ], [ -2.439448264919732, 56.732895559924515 ], [ -2.439442960750952, 56.732904058273689 ], [ -2.439437655864185, 56.732912556351856 ], [ -2.439432350376513, 56.732921054178561 ], [ -2.439427044405027, 56.732929551773239 ], [ -2.439421738066803, 56.73293804915545 ], [ -2.439416431478932, 56.732946546344664 ], [ -2.439411124758497, 56.732955043360391 ], [ -2.43940581802258, 56.732963540222109 ], [ -2.439400511388271, 56.73297203694937 ], [ -2.439395204972654, 56.732980533561616 ], [ -2.439389898892809, 56.732989030078365 ], [ -2.439384593265828, 56.732997526519128 ], [ -2.439379288208792, 56.733006022903403 ], [ -2.439373983838788, 56.733014519250673 ], [ -2.439368680272901, 56.733023015580436 ], [ -2.439363377628217, 56.733031511912223 ], [ -2.439358076021823, 56.733040008265519 ], [ -2.439352775570802, 56.733048504659799 ], [ -2.439347476392243, 56.733057001114595 ], [ -2.439342178603229, 56.733065497649392 ], [ -2.439336882320849, 56.7330739942837 ], [ -2.439331587662187, 56.733082491036996 ], [ -2.439326294744331, 56.733090987928804 ], [ -2.439321003684365, 56.733099484978609 ], [ -2.439315714599377, 56.733107982205915 ], [ -2.439310427606455, 56.733116479630226 ], [ -2.439305142822681, 56.733124977271061 ], [ -2.439299860365149, 56.733133475147881 ], [ -2.439294580350938, 56.733141973280198 ], [ -2.439289302897143, 56.733150471687523 ], [ -2.439284028120845, 56.733158970389347 ], [ -2.43927875613913, 56.733167469405181 ], [ -2.439273487069091, 56.733175968754509 ], [ -2.439268221015576, 56.733184468471904 ], [ -2.439262958084729, 56.733192968590359 ], [ -2.439257698416804, 56.733201469100834 ], [ -2.43925244212889, 56.733209970022799 ], [ -2.439247189338076, 56.733218471375778 ], [ -2.439241940161443, 56.733226973179256 ], [ -2.439236694716088, 56.733235475452737 ], [ -2.439231453119094, 56.733243978215725 ], [ -2.439226215487549, 56.733252481487717 ], [ -2.439220981938541, 56.733260985288219 ], [ -2.439215752589159, 56.733269489636726 ], [ -2.439210527556491, 56.733277994552736 ], [ -2.439205306957627, 56.733286500055762 ], [ -2.439200090909651, 56.733295006165299 ], [ -2.439194879529657, 56.733303512900832 ], [ -2.43918967293473, 56.733312020281886 ], [ -2.439184471241961, 56.73332052832793 ], [ -2.439179274568438, 56.733329037058489 ], [ -2.439174083031249, 56.733337546493075 ], [ -2.439168896747482, 56.733346056651143 ], [ -2.43916371583423, 56.733354567552247 ], [ -2.43915854040858, 56.733363079215856 ], [ -2.439153370587621, 56.733371591661481 ], [ -2.439148206488444, 56.733380104908605 ], [ -2.439143048228135, 56.73338861897674 ], [ -2.439137895923789, 56.733397133885411 ], [ -2.43913274969249, 56.733405649654088 ], [ -2.439127609651332, 56.733414166302261 ], [ -2.439122475917403, 56.733422683849476 ], [ -2.439117348607793, 56.733431202315188 ], [ -2.439112227839593, 56.733439721718931 ], [ -2.439107113729894, 56.733448242080186 ], [ -2.439102006395782, 56.733456763418459 ], [ -2.439096905954352, 56.733465285753262 ], [ -2.439091812522693, 56.733473809104076 ], [ -2.439086726217895, 56.733482333490407 ], [ -2.439081647157048, 56.733490858931773 ], [ -2.439076575457245, 56.733499385447644 ], [ -2.439071511235575, 56.733507913057551 ], [ -2.439066454609129, 56.733516441780992 ], [ -2.439061405695, 56.733524971637436 ], [ -2.439056364610277, 56.733533502646416 ], [ -2.439051331472053, 56.733542034827451 ], [ -2.439046306397415, 56.733550568199988 ], [ -2.43904128950346, 56.733559102783545 ], [ -2.439036280907279, 56.733567638597656 ], [ -2.439031280725959, 56.733576175661781 ], [ -2.439026289076595, 56.733584713995462 ], [ -2.43902130607628, 56.733593253618153 ], [ -2.439016331842103, 56.733601794549394 ], [ -2.439011366491157, 56.733610336808653 ], [ -2.439006410140536, 56.733618880415477 ], [ -2.43900146290733, 56.733627425389329 ], [ -2.438996524908632, 56.733635971749706 ], [ -2.438991596261533, 56.733644519516133 ], [ -2.438986677083127, 56.733653068708108 ], [ -2.438981767490508, 56.733661619345121 ], [ -2.438976867600767, 56.733670171446676 ], [ -2.438971977530995, 56.733678725032291 ], [ -2.438967097398289, 56.733687280121437 ], [ -2.438962227319738, 56.733695836733645 ], [ -2.438957367412438, 56.733704394888392 ], [ -2.438952517793481, 56.733712954605188 ], [ -2.438947678579959, 56.73372151590354 ], [ -2.438942849888967, 56.733730078802957 ], [ -2.438938031837599, 56.733738643322916 ], [ -2.438933224542948, 56.733747209482942 ], [ -2.438928428122107, 56.733755777302513 ], [ -2.438923642692168, 56.733764346801159 ], [ -2.43891886837023, 56.733772917998337 ], [ -2.438914105273383, 56.733781490913607 ], [ -2.438909353518722, 56.733790065566446 ], [ -2.438904613223341, 56.733798641976314 ], [ -2.438899884504332, 56.733807220162774 ], [ -2.438895167478797, 56.733815800145301 ], [ -2.438890462263823, 56.7338243819434 ], [ -2.438885768976506, 56.733832965576568 ], [ -2.438881087733941, 56.733841551064309 ], [ -2.438876418653225, 56.733850138426121 ], [ -2.438871761851448, 56.733858727681515 ], [ -2.438867117445712, 56.733867318849988 ], [ -2.438862485553107, 56.733875911951039 ], [ -2.438857866290729, 56.733884507004156 ], [ -2.438853259775674, 56.73389310402888 ], [ -2.438848666125034, 56.733901703044673 ], [ -2.438844085455911, 56.733910304071067 ], [ -2.438839517885395, 56.733918907127524 ], [ -2.438834963530584, 56.733927512233585 ], [ -2.438830422508573, 56.733936119408725 ], [ -2.438825894936459, 56.73394472867249 ], [ -2.438821380931337, 56.733953340044323 ], [ -2.438816880610303, 56.733961953543769 ], [ -2.438812394090454, 56.733970569190298 ], [ -2.438807921488885, 56.733979187003442 ], [ -2.438803462922694, 56.73398780700267 ], [ -2.438799018508976, 56.733996429207522 ], [ -2.438794588364828, 56.73400505363746 ], [ -2.438790172607345, 56.734013680312025 ], [ -2.438785771353629, 56.734022309250705 ], [ -2.438781384720772, 56.734030940472969 ], [ -2.438777012825872, 56.734039573998359 ], [ -2.438772655786027, 56.734048209846371 ], [ -2.438768313718334, 56.734056848036495 ], [ -2.438763986739889, 56.734065488588257 ], [ -2.43876176968758, 56.734069932662756 ], [ -2.438762374373103, 56.73406866040574 ], [ -2.438766513439143, 56.734059988399835 ], [ -2.438770668803968, 56.734051318480589 ], [ -2.438774840376711, 56.734042650640269 ], [ -2.43877902806651, 56.734033984871168 ], [ -2.438783231782494, 56.734025321165539 ], [ -2.438787451433807, 56.734016659515625 ], [ -2.438791686929574, 56.734007999913722 ], [ -2.438795938178935, 56.733999342352099 ], [ -2.438800205091025, 56.73399068682302 ], [ -2.438804487574977, 56.733982033318753 ], [ -2.43880878553993, 56.733973381831568 ], [ -2.438813098895011, 56.733964732353741 ], [ -2.438817427549367, 56.733956084877533 ], [ -2.438821771412124, 56.733947439395202 ], [ -2.438826130392421, 56.733938795899036 ], [ -2.438830504399393, 56.733930154381291 ], [ -2.438834893342176, 56.733921514834243 ], [ -2.438839297129906, 56.733912877250162 ], [ -2.43884371567172, 56.73390424162131 ], [ -2.438848148876749, 56.733895607939971 ], [ -2.438852596654134, 56.733886976198391 ], [ -2.43885705891301, 56.733878346388856 ], [ -2.438861535562511, 56.733869718503634 ], [ -2.438866026511777, 56.73386109253498 ], [ -2.438870531669939, 56.73385246847517 ], [ -2.438875050946137, 56.733843846316482 ], [ -2.43887958424951, 56.733835226051177 ], [ -2.438884131489188, 56.733826607671539 ], [ -2.438888692574311, 56.733817991169801 ], [ -2.438893267414017, 56.733809376538275 ], [ -2.438897855917439, 56.733800763769196 ], [ -2.438902457993722, 56.733792152854839 ], [ -2.438907073551994, 56.733783543787496 ], [ -2.438911702501396, 56.733774936559428 ], [ -2.438916344751065, 56.733766331162869 ], [ -2.438921000210136, 56.733757727590145 ], [ -2.438925668787752, 56.733749125833484 ], [ -2.438930350393044, 56.733740525885167 ], [ -2.438935044935151, 56.733731927737466 ], [ -2.438939752323213, 56.733723331382635 ], [ -2.438944472466366, 56.733714736812971 ], [ -2.438949205273746, 56.733706144020715 ], [ -2.438953950654496, 56.733697552998159 ], [ -2.438958708517748, 56.733688963737571 ], [ -2.438963478772644, 56.733680376231185 ], [ -2.438968261328322, 56.733671790471313 ], [ -2.438973056093916, 56.733663206450203 ], [ -2.438977862978569, 56.733654624160138 ], [ -2.438982681891416, 56.733646043593367 ], [ -2.438987512741596, 56.733637464742174 ], [ -2.438992355438248, 56.733628887598826 ], [ -2.438997209890512, 56.733620312155587 ], [ -2.439002076007523, 56.73361173840474 ], [ -2.439006953698422, 56.73360316633854 ], [ -2.43901184287235, 56.733594595949249 ], [ -2.439016743438443, 56.733586027229151 ], [ -2.439021655305838, 56.733577460170522 ], [ -2.439026578383678, 56.733568894765611 ], [ -2.4390315125811, 56.733560331006707 ], [ -2.439036457807245, 56.733551768886066 ], [ -2.439041413971249, 56.733543208395965 ], [ -2.439046380982254, 56.733534649528657 ], [ -2.439051358749399, 56.733526092276442 ], [ -2.439056347181823, 56.733517536631553 ], [ -2.439061346188664, 56.733508982586287 ], [ -2.439066355679064, 56.733500430132921 ], [ -2.439071375562163, 56.733491879263696 ], [ -2.439076405747101, 56.733483329970888 ], [ -2.439081446143016, 56.733474782246773 ], [ -2.439086496659048, 56.733466236083629 ], [ -2.439091557204338, 56.73345769147371 ], [ -2.439096627688026, 56.733449148409278 ], [ -2.439101708019252, 56.733440606882645 ], [ -2.439106798107158, 56.733432066886024 ], [ -2.43911189786088, 56.733423528411734 ], [ -2.439117007189564, 56.733414991452001 ], [ -2.439122126002348, 56.73340645599913 ], [ -2.439127254208372, 56.733397922045377 ], [ -2.439132391716777, 56.733389389583003 ], [ -2.439137538436703, 56.733380858604306 ], [ -2.439142694277294, 56.73337232910152 ], [ -2.439147859147687, 56.733363801066929 ], [ -2.439153032957026, 56.733355274492808 ], [ -2.43915821561445, 56.733346749371421 ], [ -2.4391634070291, 56.733338225695036 ], [ -2.439168607110119, 56.733329703455944 ], [ -2.439173815766649, 56.733321182646385 ], [ -2.43917903290783, 56.733312663258637 ], [ -2.439184258442802, 56.733304145284961 ], [ -2.439189492280709, 56.733295628717677 ], [ -2.439194734330693, 56.733287113548982 ], [ -2.439199984501892, 56.733278599771189 ], [ -2.439205242703452, 56.733270087376582 ], [ -2.439210508844512, 56.733261576357378 ], [ -2.439215782834216, 56.733253066705899 ], [ -2.439221064581705, 56.733244558414384 ], [ -2.439226353996121, 56.733236051475103 ], [ -2.439231650986606, 56.733227545880347 ], [ -2.439236955462305, 56.73321904162237 ], [ -2.439242267332357, 56.733210538693449 ], [ -2.439247586505904, 56.733202037085846 ], [ -2.439252912892093, 56.733193536791838 ], [ -2.439258246400064, 56.733185037803693 ], [ -2.439263586918162, 56.733176540139297 ], [ -2.439268934361732, 56.733168043783287 ], [ -2.439274288654529, 56.733159548709956 ], [ -2.439279649705697, 56.733151054911559 ], [ -2.439285017424376, 56.733142562380358 ], [ -2.43929039171971, 56.733134071108637 ], [ -2.439295772500842, 56.733125581088672 ], [ -2.439301159676916, 56.733117092312717 ], [ -2.439306553157075, 56.733108604773051 ], [ -2.439311952850462, 56.73310011846192 ], [ -2.439317358666218, 56.733091633371643 ], [ -2.439322770513494, 56.733083149494455 ], [ -2.439328188301425, 56.733074666822631 ], [ -2.439333611939158, 56.733066185348463 ], [ -2.439339041335838, 56.733057705064184 ], [ -2.439344476400609, 56.733049225962077 ], [ -2.439349917042612, 56.733040748034441 ], [ -2.439355363170995, 56.733032271273501 ], [ -2.439360814694898, 56.733023795671571 ], [ -2.439366271523467, 56.733015321220883 ], [ -2.439371733565848, 56.733006847913728 ], [ -2.439377200731181, 56.732998375742369 ], [ -2.439382672928613, 56.732989904699089 ], [ -2.439388150067289, 56.73298143477615 ], [ -2.439393632056355, 56.732972965965821 ], [ -2.439399118804952, 56.732964498260365 ], [ -2.439404610222224, 56.73295603165208 ], [ -2.439410106217319, 56.732947566133198 ], [ -2.43941560669938, 56.732939101696026 ], [ -2.439421111577555, 56.732930638332803 ], [ -2.439426620760985, 56.732922176035821 ], [ -2.439432134158814, 56.732913714797334 ], [ -2.439437651680194, 56.732905254609634 ], [ -2.439443173234264, 56.732896795464988 ], [ -2.439448698730171, 56.732888337355632 ], [ -2.43945422807706, 56.732879880273877 ], [ -2.439459761184078, 56.732871424211979 ], [ -2.43946529796037, 56.732862969162213 ], [ -2.439470838315081, 56.732854515116841 ], [ -2.439476382157356, 56.732846062068127 ], [ -2.439481929396341, 56.732837610008367 ], [ -2.439487479941184, 56.732829158929832 ], [ -2.439493033701029, 56.732820708824747 ], [ -2.439498590585021, 56.732812259685424 ], [ -2.439504150502307, 56.732803811504134 ], [ -2.439509713362034, 56.732795364273137 ], [ -2.439515279073349, 56.732786917984697 ], [ -2.439520847545396, 56.73277847263109 ], [ -2.439526418687323, 56.732770028204605 ], [ -2.439526554982772, 56.732769821733676 ] ] ], [ [ [ -2.438327236241828, 56.735111635780207 ], [ -2.438325898321144, 56.735114893599707 ], [ -2.438322294660214, 56.735123640141232 ], [ -2.438318679842277, 56.735132384752468 ], [ -2.438315053571016, 56.735141127384878 ], [ -2.438311415550111, 56.735149867989925 ], [ -2.438307765483249, 56.735158606519086 ], [ -2.438304103074107, 56.735167342923774 ], [ -2.438300428026371, 56.735176077155486 ], [ -2.438296740043722, 56.735184809165666 ], [ -2.438293038829841, 56.735193538905783 ], [ -2.438289324088406, 56.735202266327278 ], [ -2.438285595523108, 56.735210991381614 ], [ -2.438281852837616, 56.735219714020261 ], [ -2.438278095735619, 56.735228434194667 ], [ -2.438274323920792, 56.73523715185631 ], [ -2.438270537096821, 56.735245866956618 ], [ -2.438266734967377, 56.735254579447066 ], [ -2.438262917236149, 56.735263289279104 ], [ -2.43825908360681, 56.735271996404208 ], [ -2.43825523378304, 56.735280700773814 ], [ -2.43825136746852, 56.735289402339383 ], [ -2.438247484366929, 56.735298101052408 ], [ -2.438243584181941, 56.735306796864293 ], [ -2.438239666617239, 56.735315489726517 ], [ -2.438235731376498, 56.735324179590556 ], [ -2.438231778163396, 56.735332866407859 ], [ -2.438227806681613, 56.735341550129874 ], [ -2.438223816634822, 56.735350230708065 ], [ -2.438219807726702, 56.735358908093886 ], [ -2.43821577966093, 56.735367582238801 ], [ -2.43821173214118, 56.735376253094245 ], [ -2.438207664871131, 56.735384920611715 ], [ -2.438203577554458, 56.735393584742646 ], [ -2.438199469894836, 56.735402245438493 ], [ -2.438195341595944, 56.735410902650706 ], [ -2.438191192361451, 56.735419556330768 ], [ -2.438187021895037, 56.735428206430115 ], [ -2.438182829900375, 56.735436852900207 ], [ -2.43817861608114, 56.735445495692503 ], [ -2.438174380141004, 56.73545413475847 ], [ -2.438170121783642, 56.735462770049558 ], [ -2.438165840712731, 56.735471401517223 ], [ -2.438161536631942, 56.735480029112914 ], [ -2.438157209244949, 56.735488652788099 ], [ -2.438152858255423, 56.735497272494243 ], [ -2.438148483367039, 56.735505888182772 ], [ -2.438144084283469, 56.73551449980517 ], [ -2.438139660708386, 56.735523107312893 ], [ -2.438135212345462, 56.735531710657376 ], [ -2.43813073889837, 56.735540309790096 ], [ -2.438126240070777, 56.735548904662501 ], [ -2.438121715566359, 56.735557495226061 ], [ -2.438117165088787, 56.735566081432204 ], [ -2.438112588341731, 56.735574663232399 ], [ -2.438107985028861, 56.73558324057813 ], [ -2.438103354853848, 56.735591813420811 ], [ -2.438098697520366, 56.735600381711919 ], [ -2.438094012732079, 56.735608945402909 ], [ -2.438089300192661, 56.73561750444523 ], [ -2.438084559605779, 56.735626058790345 ], [ -2.438079790675106, 56.735634608389717 ], [ -2.43807499310431, 56.735643153194779 ], [ -2.438070166597058, 56.73565169315701 ], [ -2.438065310857022, 56.73566022822785 ], [ -2.438060425587868, 56.735668758358777 ], [ -2.438055510493263, 56.735677283501197 ], [ -2.43805056527688, 56.735685803606621 ], [ -2.438045589642382, 56.735694318626471 ], [ -2.43804058329344, 56.735702828512224 ], [ -2.438035545933719, 56.735711333215306 ], [ -2.438030477266889, 56.735719832687202 ], [ -2.438025376996615, 56.735728326879368 ], [ -2.438020244826565, 56.735736815743223 ], [ -2.438015080460406, 56.735745299230238 ], [ -2.438009883601805, 56.735753777291883 ], [ -2.438004654318982, 56.735762249940258 ], [ -2.437999394257398, 56.735770717449789 ], [ -2.437994105488958, 56.735779180165878 ], [ -2.437988790085572, 56.735787638433905 ], [ -2.437983450119162, 56.735796092599251 ], [ -2.437978087661638, 56.735804543007333 ], [ -2.437972704784921, 56.735812990003502 ], [ -2.437967303560932, 56.735821433933175 ], [ -2.437961886061592, 56.735829875141725 ], [ -2.437956454358822, 56.735838313974561 ], [ -2.437951010524552, 56.73584675077705 ], [ -2.437945556630703, 56.7358551858946 ], [ -2.437940094749212, 56.735863619672578 ], [ -2.437934626952, 56.735872052456415 ], [ -2.437929155311003, 56.735880484591462 ], [ -2.437923681898155, 56.735888916423143 ], [ -2.437918208785386, 56.735897348296838 ], [ -2.437912738044642, 56.735905780557928 ], [ -2.437907271747851, 56.735914213551801 ], [ -2.437901811966959, 56.735922647623887 ], [ -2.437896360773903, 56.735931083119553 ], [ -2.437890920240632, 56.735939520384207 ], [ -2.437885492439086, 56.735947959763216 ], [ -2.437880079441217, 56.73595640160201 ], [ -2.437874683318967, 56.73596484624597 ], [ -2.437869306144288, 56.735973294040484 ], [ -2.437863949989131, 56.735981745330967 ], [ -2.437858616925452, 56.735990200462794 ], [ -2.4378533090252, 56.73599865978138 ], [ -2.437848028360337, 56.736007123632106 ], [ -2.43784277700282, 56.736015592360374 ], [ -2.437837557024606, 56.736024066311593 ], [ -2.437832370497659, 56.736032545831144 ], [ -2.437827219493941, 56.736041031264449 ], [ -2.437822106085417, 56.736049522956883 ], [ -2.437817032344055, 56.736058021253875 ], [ -2.43781200034182, 56.736066526500785 ], [ -2.437807012150686, 56.736075039043051 ], [ -2.437802069842621, 56.736083559226053 ], [ -2.437797175489599, 56.736092087395193 ], [ -2.437792331054309, 56.736100623877888 ], [ -2.437787536488973, 56.736109168670829 ], [ -2.437782789980598, 56.736117721480298 ], [ -2.437778089656204, 56.736126282002687 ], [ -2.437773433642807, 56.736134849934423 ], [ -2.437768820067432, 56.7361434249719 ], [ -2.437764247057091, 56.736152006811565 ], [ -2.4377597127388, 56.736160595149776 ], [ -2.437755215239572, 56.736169189682975 ], [ -2.437750752686419, 56.736177790107568 ], [ -2.437746323206354, 56.736186396119955 ], [ -2.437741924926383, 56.736195007416569 ], [ -2.437737555973514, 56.736203623693768 ], [ -2.437733214474756, 56.736212244648009 ], [ -2.437728898557108, 56.736220869975689 ], [ -2.437724606347576, 56.736229499373202 ], [ -2.437720335973161, 56.736238132536954 ], [ -2.437716085560863, 56.736246769163373 ], [ -2.437711853237681, 56.736255408948843 ], [ -2.43770763713061, 56.736264051589771 ], [ -2.437703435366644, 56.736272696782585 ], [ -2.43769924607278, 56.736281344223684 ], [ -2.437695067376009, 56.736289993609446 ], [ -2.437690897403319, 56.736298644636292 ], [ -2.437686734281701, 56.73630729700065 ], [ -2.437682576138141, 56.736315950398883 ], [ -2.437678421099623, 56.736324604527439 ], [ -2.437674267293137, 56.73633325908267 ], [ -2.437670112845658, 56.736341913761052 ], [ -2.437665955884174, 56.736350568258921 ], [ -2.437661794535658, 56.736359222272711 ], [ -2.437657626927093, 56.736367875498814 ], [ -2.437653451185452, 56.736376527633645 ], [ -2.437649265437711, 56.736385178373595 ], [ -2.437645067810843, 56.736393827415071 ], [ -2.437640856431817, 56.736402474454472 ], [ -2.437636629427609, 56.736411119188197 ], [ -2.43763238492518, 56.736419761312661 ], [ -2.437628121051502, 56.736428400524268 ], [ -2.437623835933539, 56.736437036519376 ], [ -2.437619527723224, 56.736445668998442 ], [ -2.437615195483933, 56.73645429780845 ], [ -2.437610839429848, 56.736462922981453 ], [ -2.437606459848807, 56.73647154456134 ], [ -2.437602057028654, 56.736480162591995 ], [ -2.437597631257225, 56.736488777117358 ], [ -2.437593182822366, 56.736497388181292 ], [ -2.437588712011916, 56.736505995827699 ], [ -2.43758421911372, 56.736514600100499 ], [ -2.437579704415615, 56.736523201043589 ], [ -2.437575168205449, 56.736531798700859 ], [ -2.437570610771057, 56.736540393116208 ], [ -2.437566032400292, 56.73654898433351 ], [ -2.437561433380989, 56.736557572396713 ], [ -2.437556814000994, 56.736566157349678 ], [ -2.437552174548152, 56.736574739236332 ], [ -2.437547515310305, 56.736583318100543 ], [ -2.437542836575297, 56.736591893986244 ], [ -2.437538138630973, 56.736600466937325 ], [ -2.437533421765177, 56.736609036997649 ], [ -2.437528686265754, 56.736617604211162 ], [ -2.437523932420549, 56.736626168621754 ], [ -2.437519160517407, 56.736634730273316 ], [ -2.437514370844175, 56.736643289209738 ], [ -2.437509563688697, 56.736651845474924 ], [ -2.437504739338821, 56.736660399112793 ], [ -2.437499898082392, 56.736668950167235 ], [ -2.437495040207256, 56.736677498682127 ], [ -2.437490166001262, 56.736686044701401 ], [ -2.437485275752253, 56.736694588268939 ], [ -2.437480369748081, 56.736703129428648 ], [ -2.437475448276589, 56.736711668224423 ], [ -2.437470511625628, 56.736720204700156 ], [ -2.437465560083046, 56.736728738899764 ], [ -2.437460593936689, 56.736737270867145 ], [ -2.437455613474405, 56.736745800646197 ], [ -2.437450618984047, 56.736754328280782 ], [ -2.437445610753461, 56.736762853814867 ], [ -2.437440589070496, 56.736771377292321 ], [ -2.437435554223002, 56.736779898757035 ], [ -2.437430506498826, 56.736788418252914 ], [ -2.437425446185823, 56.736796935823854 ], [ -2.43742037357184, 56.736805451513789 ], [ -2.437415288944729, 56.736813965366565 ], [ -2.437410192592337, 56.736822477426138 ], [ -2.43740508480252, 56.736830987736347 ], [ -2.437399965863125, 56.73683949634114 ], [ -2.437394836062004, 56.736848003284408 ], [ -2.437389695687011, 56.736856508610046 ], [ -2.437384545025995, 56.73686501236196 ], [ -2.437379384366811, 56.736873514584047 ], [ -2.437374213997306, 56.736882015320219 ], [ -2.43736903420534, 56.736890514614338 ], [ -2.43736384527876, 56.736899012510349 ], [ -2.437358647505419, 56.736907509052116 ], [ -2.437353441173176, 56.736916004283572 ], [ -2.437348226569877, 56.736924498248619 ], [ -2.437343003983381, 56.736932990991129 ], [ -2.437337773701538, 56.736941482555018 ], [ -2.437332536012204, 56.736949972984206 ], [ -2.437327291203236, 56.736958462322562 ], [ -2.437322039562486, 56.736966950614018 ], [ -2.437316781377807, 56.736975437902437 ], [ -2.437311516937057, 56.736983924231751 ], [ -2.437306246528092, 56.736992409645843 ], [ -2.437300970438764, 56.737000894188647 ], [ -2.43729568895693, 56.737009377904023 ], [ -2.437290402370448, 56.737017860835905 ], [ -2.437285110967172, 56.73702634302817 ], [ -2.437279815034963, 56.737034824524727 ], [ -2.437274514861671, 56.73704330536949 ], [ -2.437269210735156, 56.737051785606347 ], [ -2.437263902943276, 56.737060265279212 ], [ -2.437258591773891, 56.737068744431966 ], [ -2.437253277514852, 56.73707722310855 ], [ -2.437247960454021, 56.737085701352825 ], [ -2.437242640879257, 56.737094179208697 ], [ -2.437237319078415, 56.737102656720083 ], [ -2.437231995339358, 56.737111133930881 ], [ -2.437226669949941, 56.73711961088501 ], [ -2.437221343198024, 56.737128087626346 ], [ -2.437216015371466, 56.737136564198813 ], [ -2.437210686758129, 56.737145040646276 ], [ -2.43720535764587, 56.737153517012679 ], [ -2.437200028322549, 56.737161993341907 ], [ -2.437194699076029, 56.737170469677856 ], [ -2.437189370194166, 56.737178946064454 ], [ -2.437184041964827, 56.737187422545567 ], [ -2.437178714675867, 56.737195899165137 ], [ -2.437173388615149, 56.737204375967032 ], [ -2.43716806406974, 56.73721285299505 ], [ -2.437162741232291, 56.737221330278253 ], [ -2.437157420112984, 56.737229807817336 ], [ -2.437152100701166, 56.737238285609706 ], [ -2.43714678298618, 56.737246763652792 ], [ -2.437141466957371, 56.737255241943991 ], [ -2.437136152604084, 56.737263720480776 ], [ -2.437130839915662, 56.737272199260524 ], [ -2.437125528881452, 56.737280678280698 ], [ -2.437120219490798, 56.737289157538697 ], [ -2.437114911733043, 56.737297637031958 ], [ -2.437109605597533, 56.737306116757878 ], [ -2.437104301073613, 56.737314596713915 ], [ -2.437098998150626, 56.737323076897475 ], [ -2.437093696817921, 56.737331557305978 ], [ -2.437088397064836, 56.737340037936875 ], [ -2.437083098880723, 56.737348518787556 ], [ -2.437077802254918, 56.737356999855457 ], [ -2.437072507176774, 56.737365481137999 ], [ -2.437067213635629, 56.737373962632631 ], [ -2.437061921620832, 56.737382444336731 ], [ -2.437056631121723, 56.737390926247748 ], [ -2.437051342127654, 56.737399408363117 ], [ -2.437046054627964, 56.737407890680252 ], [ -2.437040768611996, 56.73741637319656 ], [ -2.437035484069098, 56.737424855909481 ], [ -2.437030200988614, 56.737433338816437 ], [ -2.437024919359888, 56.737441821914857 ], [ -2.437019639172266, 56.737450305202152 ], [ -2.43701436041509, 56.73745878867576 ], [ -2.437009083077705, 56.737467272333092 ], [ -2.437003807149457, 56.73747575617157 ], [ -2.436998532619688, 56.737484240188643 ], [ -2.436993259477748, 56.737492724381703 ], [ -2.436987987712975, 56.737501208748199 ], [ -2.436982717314716, 56.737509693285524 ], [ -2.436977448272314, 56.737518177991134 ], [ -2.436972180575117, 56.737526662862443 ], [ -2.436966914212468, 56.737535147896857 ], [ -2.436961649173709, 56.737543633091825 ], [ -2.436956385448186, 56.737552118444754 ], [ -2.436951123025243, 56.737560603953071 ], [ -2.436945861894227, 56.737569089614212 ], [ -2.436940602044479, 56.737577575425568 ], [ -2.436935343465346, 56.737586061384597 ], [ -2.43693008614617, 56.737594547488712 ], [ -2.436924830076296, 56.737603033735326 ], [ -2.436919575245068, 56.737611520121888 ], [ -2.436914321641835, 56.737620006645784 ], [ -2.436909069255934, 56.737628493304477 ], [ -2.436903818076713, 56.737636980095374 ], [ -2.436898568093517, 56.737645467015888 ], [ -2.436893319295689, 56.737653954063447 ], [ -2.436888071672573, 56.737662441235479 ], [ -2.436882825213516, 56.737670928529425 ], [ -2.436877579907859, 56.737679415942679 ], [ -2.436872335744948, 56.737687903472683 ], [ -2.436867092714127, 56.737696391116856 ], [ -2.43686185080474, 56.73770487887262 ], [ -2.436856610006132, 56.737713366737403 ], [ -2.436851370307646, 56.73772185470861 ], [ -2.436846131698626, 56.737730342783699 ], [ -2.436840894168418, 56.737738830960055 ], [ -2.436835657706365, 56.73774731923514 ], [ -2.436830422301813, 56.737755807606341 ], [ -2.436825187944103, 56.737764296071106 ], [ -2.436819954622582, 56.737772784626856 ], [ -2.436814722326592, 56.737781273271004 ], [ -2.436809491045479, 56.737789762000986 ], [ -2.436804260768589, 56.737798250814215 ], [ -2.436799031485262, 56.737806739708127 ], [ -2.436793803184843, 56.737815228680127 ], [ -2.436788575856677, 56.73782371772765 ], [ -2.436783349490108, 56.737832206848132 ], [ -2.436778124074481, 56.73784069603898 ], [ -2.436772899599139, 56.737849185297605 ], [ -2.436767676053429, 56.737857674621466 ], [ -2.43676245342669, 56.737866164007954 ], [ -2.436757231708269, 56.737874653454519 ], [ -2.43675201088751, 56.737883142958559 ], [ -2.436746790953758, 56.737891632517517 ], [ -2.436741571896354, 56.737900122128799 ], [ -2.436736353704646, 56.737908611789855 ], [ -2.436731136367977, 56.737917101498091 ], [ -2.436725919875688, 56.737925591250928 ], [ -2.436720704217125, 56.737934081045793 ], [ -2.436715489381637, 56.737942570880122 ], [ -2.436710275358559, 56.737951060751321 ], [ -2.436705062137238, 56.737959550656804 ], [ -2.436699849707022, 56.737968040594026 ], [ -2.436694638057252, 56.737976530560395 ], [ -2.436689427177271, 56.737985020553339 ], [ -2.436684217056428, 56.737993510570263 ], [ -2.43667900768406, 56.738002000608617 ], [ -2.436673799049516, 56.738010490665815 ], [ -2.436668591142138, 56.738018980739263 ], [ -2.43666338395127, 56.73802747082641 ], [ -2.436658177466256, 56.738035960924663 ], [ -2.436652971676439, 56.738044451031463 ], [ -2.436647766571165, 56.738052941144218 ], [ -2.436642562139779, 56.738061431260356 ], [ -2.436637358371621, 56.738069921377289 ], [ -2.436632155256037, 56.738078411492459 ], [ -2.436626952782371, 56.738086901603282 ], [ -2.436621750939965, 56.738095391707169 ], [ -2.436616549718169, 56.738103881801585 ], [ -2.436611349106319, 56.738112371883908 ], [ -2.436606149093762, 56.738120861951579 ], [ -2.436600949669844, 56.738129352002026 ], [ -2.436595750823905, 56.738137842032671 ], [ -2.436590552545291, 56.738146332040927 ], [ -2.436585354823348, 56.738154822024228 ], [ -2.436580157647416, 56.738163311979982 ], [ -2.436574961006841, 56.738171801905644 ], [ -2.436569764890964, 56.738180291798606 ], [ -2.436564569289132, 56.738188781656319 ], [ -2.43655937419069, 56.738197271476182 ], [ -2.436554179584976, 56.738205761255621 ], [ -2.43654898546134, 56.738214250992058 ], [ -2.436543791809122, 56.738222740682957 ], [ -2.436538598617665, 56.738231230325688 ], [ -2.436533405876318, 56.738239719917694 ], [ -2.436528213574419, 56.738248209456408 ], [ -2.436523021701314, 56.738256698939239 ], [ -2.436517830246348, 56.73826518836362 ], [ -2.436512639198863, 56.738273677726987 ], [ -2.436507448548204, 56.738282167026739 ], [ -2.436502258283713, 56.738290656260297 ], [ -2.436497068394735, 56.738299145425096 ], [ -2.436491878870612, 56.738307634518577 ], [ -2.436486689700693, 56.738316123538148 ], [ -2.436481500874313, 56.738324612481215 ], [ -2.436476312380824, 56.738333101345219 ], [ -2.436471124209563, 56.738341590127597 ], [ -2.436465936349878, 56.738350078825746 ], [ -2.436460748791112, 56.738358567437103 ], [ -2.436455561522608, 56.738367055959088 ], [ -2.436450374533708, 56.738375544389136 ], [ -2.436445187813757, 56.738384032724646 ], [ -2.4364400013521, 56.73839252096306 ], [ -2.43643481513808, 56.7384010091018 ], [ -2.436429629161038, 56.738409497138292 ], [ -2.436424443410323, 56.738417985069951 ], [ -2.43641925787527, 56.738426472894197 ], [ -2.436414072545231, 56.738434960608465 ], [ -2.436408887409546, 56.738443448210177 ], [ -2.436403702457559, 56.738451935696744 ], [ -2.436398517678614, 56.738460423065611 ], [ -2.436393333062053, 56.738468910314197 ], [ -2.436388148597219, 56.738477397439887 ], [ -2.43638296427346, 56.738485884440159 ], [ -2.436377780080114, 56.738494371312406 ], [ -2.436372596006526, 56.738502858054062 ], [ -2.436367412042044, 56.738511344662541 ], [ -2.436362228176006, 56.738519831135278 ], [ -2.436357044397759, 56.738528317469687 ], [ -2.436351860696642, 56.738536803663195 ], [ -2.436346677062004, 56.738545289713223 ], [ -2.436341493483184, 56.738553775617191 ], [ -2.436336309949529, 56.738562261372543 ], [ -2.436331126450379, 56.73857074697667 ], [ -2.436325942975079, 56.738579232427028 ], [ -2.436320759512973, 56.738587717721025 ], [ -2.436315576053405, 56.738596202856087 ], [ -2.436310392585717, 56.738604687829628 ], [ -2.436305209099251, 56.738613172639084 ], [ -2.436300025583352, 56.738621657281861 ], [ -2.436294842027368, 56.738630141755408 ], [ -2.436289658420633, 56.738638626057131 ], [ -2.436284474752498, 56.738647110184452 ], [ -2.436279291012304, 56.738655594134805 ], [ -2.43627410718926, 56.738664077905774 ], [ -2.436268923271337, 56.738672561496486 ], [ -2.436263739245835, 56.738681044906855 ], [ -2.436258555100046, 56.738689528136874 ], [ -2.436253370821257, 56.738698011186464 ], [ -2.436248186396767, 56.738706494055627 ], [ -2.436243001813862, 56.738714976744284 ], [ -2.436237817059836, 56.73872345925237 ], [ -2.436232632121979, 56.738731941579907 ], [ -2.436227446987583, 56.738740423726803 ], [ -2.43622226164394, 56.738748905693008 ], [ -2.436217076078342, 56.738757387478501 ], [ -2.436211890278077, 56.738765869083231 ], [ -2.436206704230441, 56.738774350507164 ], [ -2.436201517922724, 56.738782831750235 ], [ -2.436196331342217, 56.738791312812396 ], [ -2.43619114447621, 56.738799793693637 ], [ -2.436185957311995, 56.738808274393868 ], [ -2.436180769836869, 56.738816754913088 ], [ -2.436175582038113, 56.73882523525122 ], [ -2.436170393903028, 56.738833715408241 ], [ -2.4361652054189, 56.738842195384088 ], [ -2.436160016573024, 56.738850675178732 ], [ -2.436154827352687, 56.738859154792124 ], [ -2.436149637745182, 56.738867634224228 ], [ -2.436144447737801, 56.738876113474966 ], [ -2.436139257317838, 56.738884592544338 ], [ -2.436134066472578, 56.738893071432273 ], [ -2.436128875189318, 56.738901550138749 ], [ -2.436123683455346, 56.738910028663689 ], [ -2.436118491257954, 56.738918507007064 ], [ -2.436113298584435, 56.738926985168831 ], [ -2.436108105422079, 56.738935463148955 ], [ -2.436102911758177, 56.738943940947387 ], [ -2.436097717580018, 56.738952418564075 ], [ -2.4360925228749, 56.738960895998957 ], [ -2.436087327630106, 56.738969373252026 ], [ -2.436082131832934, 56.738977850323224 ], [ -2.43607693547067, 56.738986327212494 ], [ -2.436071738530607, 56.738994803919816 ], [ -2.436066541000038, 56.739003280445111 ], [ -2.436061342866252, 56.739011756788365 ], [ -2.436056144116539, 56.739020232949521 ], [ -2.436050944738195, 56.739028708928537 ], [ -2.436045744718507, 56.739037184725362 ], [ -2.436040544044768, 56.739045660339968 ], [ -2.436035342704267, 56.739054135772285 ], [ -2.436030140684295, 56.739062611022284 ], [ -2.436024937972147, 56.739071086089929 ], [ -2.436019734555111, 56.739079560975171 ], [ -2.436014530420477, 56.739088035677945 ], [ -2.43600932555554, 56.73909651019823 ], [ -2.436004119947589, 56.73910498453597 ], [ -2.435998913583912, 56.739113458691136 ], [ -2.435993706451804, 56.739121932663672 ], [ -2.435988498538553, 56.739130406453533 ], [ -2.435983289831453, 56.739138880060665 ], [ -2.435978080317794, 56.739147353485031 ], [ -2.435972869984865, 56.739155826726616 ], [ -2.43596765881996, 56.739164299785315 ], [ -2.43596244681037, 56.739172772661121 ], [ -2.435957233943381, 56.739181245354011 ], [ -2.435952020206289, 56.739189717863901 ], [ -2.435946805586382, 56.739198190190749 ], [ -2.435941590070953, 56.739206662334531 ], [ -2.435936373647293, 56.739215134295208 ], [ -2.435931156302691, 56.73922360607272 ], [ -2.435925938024438, 56.739232077667005 ], [ -2.435920718799827, 56.73924054907804 ], [ -2.435915498616145, 56.739249020305778 ], [ -2.435910277460688, 56.739257491350195 ], [ -2.435905055320741, 56.739265962211213 ], [ -2.435899832183599, 56.739274432888791 ], [ -2.435894608036552, 56.739282903382907 ], [ -2.435889382866891, 56.739291373693497 ], [ -2.435884156661906, 56.739299843820525 ], [ -2.435878929408889, 56.739308313763942 ], [ -2.435873701095127, 56.739316783523712 ], [ -2.435868471707914, 56.739325253099771 ], [ -2.435863241234542, 56.739333722492098 ], [ -2.4358580096623, 56.739342191700636 ], [ -2.435852776978475, 56.739350660725357 ], [ -2.435847543170363, 56.739359129566175 ], [ -2.435842308225256, 56.739367598223083 ], [ -2.435837072130438, 56.739376066696046 ], [ -2.435831834873204, 56.739384534984985 ], [ -2.435826596440843, 56.739393003089873 ], [ -2.435821356820647, 56.739401471010659 ], [ -2.435816115999908, 56.739409938747293 ], [ -2.435810873965913, 56.739418406299741 ], [ -2.435805630705954, 56.739426873667973 ], [ -2.435800386207323, 56.739435340851919 ], [ -2.43579514045731, 56.739443807851551 ], [ -2.435789893443205, 56.73945227466681 ], [ -2.435784645152298, 56.739460741297655 ], [ -2.435779395571881, 56.739469207744051 ], [ -2.435774144689241, 56.739477674005947 ], [ -2.435768892491674, 56.739486140083308 ], [ -2.435763638966468, 56.739494605976056 ], [ -2.435758384100911, 56.739503071684197 ], [ -2.435753127882299, 56.739511537207633 ], [ -2.435747870297914, 56.739520002546378 ], [ -2.435742611335057, 56.739528467700339 ], [ -2.435737350981011, 56.739536932669488 ], [ -2.435732089223067, 56.739545397453789 ], [ -2.43572682604852, 56.739553862053164 ], [ -2.435721561444657, 56.739562326467627 ], [ -2.435716295398765, 56.739570790697087 ], [ -2.435711027898142, 56.739579254741521 ], [ -2.435705758930074, 56.739587718600866 ], [ -2.435700488481852, 56.739596182275086 ], [ -2.435695216540767, 56.739604645764139 ], [ -2.435689943094108, 56.739613109067989 ], [ -2.435684668129166, 56.739621572186579 ], [ -2.435679391633231, 56.739630035119859 ], [ -2.435674113593594, 56.739638497867801 ], [ -2.435668833997545, 56.739646960430356 ], [ -2.435663552832373, 56.739655422807452 ], [ -2.435658270085371, 56.739663884999104 ], [ -2.435652985743828, 56.73967234700519 ], [ -2.435647699795035, 56.739680808825732 ], [ -2.435642412226279, 56.739689270460651 ], [ -2.435637123024854, 56.739697731909921 ], [ -2.43563183217805, 56.739706193173468 ], [ -2.435626539673155, 56.73971465425128 ], [ -2.43562124549746, 56.739723115143313 ], [ -2.435615949638256, 56.73973157584949 ], [ -2.435610652082832, 56.739740036369795 ], [ -2.435605352818479, 56.739748496704166 ], [ -2.435600051832487, 56.739756956852567 ], [ -2.435594749112146, 56.739765416814954 ], [ -2.435589444644747, 56.739773876591286 ], [ -2.435584138417578, 56.739782336181506 ], [ -2.435578830417932, 56.739790795585577 ], [ -2.435573520633098, 56.739799254803465 ], [ -2.435568209050364, 56.739807713835098 ], [ -2.435562895657021, 56.739816172680442 ], [ -2.435557580440363, 56.739824631339467 ], [ -2.435552263387676, 56.739833089812123 ], [ -2.43554694448625, 56.739841548098362 ], [ -2.435541623723375, 56.739850006198139 ], [ -2.435536301086343, 56.739858464111407 ], [ -2.435530976562445, 56.739866921838122 ], [ -2.435525650138967, 56.739875379378255 ], [ -2.435520321803204, 56.739883836731728 ], [ -2.43551499154244, 56.739892293898521 ], [ -2.435509659343968, 56.739900750878569 ], [ -2.435504325195079, 56.739909207671857 ], [ -2.435498989083061, 56.739917664278323 ], [ -2.435493650995206, 56.739926120697923 ], [ -2.435488310918803, 56.739934576930629 ], [ -2.435482968841141, 56.739943032976363 ], [ -2.435477624749511, 56.739951488835111 ], [ -2.435472278631202, 56.739959944506808 ], [ -2.435466930473504, 56.739968399991419 ], [ -2.435461580263709, 56.739976855288894 ], [ -2.435456227989103, 56.739985310399199 ], [ -2.43545087363698, 56.739993765322282 ], [ -2.435445517194627, 56.740002220058088 ], [ -2.435440158649333, 56.740010674606587 ], [ -2.435434797988391, 56.740019128967724 ], [ -2.435429435199088, 56.740027583141469 ], [ -2.435424070268716, 56.740036037127766 ], [ -2.435418703184564, 56.740044490926579 ], [ -2.435413333933921, 56.740052944537851 ], [ -2.435407962504078, 56.740061397961547 ], [ -2.435402588882325, 56.74006985119761 ], [ -2.43539721305595, 56.740078304246012 ], [ -2.435391835012242, 56.740086757106695 ], [ -2.435386454738495, 56.740095209779632 ], [ -2.435381072221995, 56.740103662264744 ], [ -2.435375687450029, 56.740112114562024 ], [ -2.435370300409894, 56.740120566671408 ], [ -2.435364911088876, 56.740129018592846 ], [ -2.435359519474263, 56.74013747032631 ], [ -2.435354125553348, 56.740145921871751 ], [ -2.435348729313418, 56.740154373229103 ], [ -2.435343330741763, 56.740162824398361 ], [ -2.435337929825675, 56.740171275379446 ], [ -2.435332526552441, 56.740179726172329 ], [ -2.435327120909348, 56.740188176776947 ], [ -2.435321712886219, 56.740196627192752 ], [ -2.435316302482869, 56.740205077417009 ], [ -2.435310889701583, 56.740213527446535 ], [ -2.435305474544657, 56.740221977278075 ], [ -2.435300057014379, 56.740230426908397 ], [ -2.435294637113039, 56.740238876334317 ], [ -2.435289214842924, 56.740247325552566 ], [ -2.435283790206329, 56.740255774559962 ], [ -2.43527836320554, 56.740264223353279 ], [ -2.435272933842849, 56.740272671929254 ], [ -2.435267502120544, 56.740281120284699 ], [ -2.435262068040917, 56.740289568416372 ], [ -2.435256631606259, 56.740298016321063 ], [ -2.435251192818857, 56.74030646399553 ], [ -2.435245751681001, 56.740314911436599 ], [ -2.435240308194986, 56.740323358640964 ], [ -2.435234862363097, 56.740331805605479 ], [ -2.435229414187625, 56.740340252326888 ], [ -2.435223963670861, 56.740348698801959 ], [ -2.435218510815094, 56.740357145027481 ], [ -2.435213055622615, 56.74036559100022 ], [ -2.435207598095713, 56.740374036716986 ], [ -2.435202138236679, 56.740382482174496 ], [ -2.435196676047804, 56.740390927369596 ], [ -2.435191211531376, 56.740399372299009 ], [ -2.435185744689684, 56.740407816959525 ], [ -2.435180275525022, 56.740416261347939 ], [ -2.435174804039677, 56.74042470546101 ], [ -2.43516933023594, 56.740433149295527 ], [ -2.435163854116102, 56.740441592848256 ], [ -2.43515837568245, 56.740450036115966 ], [ -2.435152894937277, 56.740458479095444 ], [ -2.435147411882873, 56.740466921783479 ], [ -2.435141926521527, 56.740475364176831 ], [ -2.43513643885553, 56.740483806272287 ], [ -2.435130948887172, 56.740492248066616 ], [ -2.435125456618741, 56.740500689556598 ], [ -2.435119962052529, 56.740509130738999 ], [ -2.435114465190828, 56.740517571610617 ], [ -2.435108966035923, 56.74052601216821 ], [ -2.435103464590108, 56.740534452408568 ], [ -2.435097960855673, 56.740542892328456 ], [ -2.435092454834907, 56.740551331924664 ], [ -2.4350869465301, 56.740559771193929 ], [ -2.435081435943542, 56.740568210133084 ], [ -2.435075923077525, 56.74057664873888 ], [ -2.435070407934337, 56.740585087008085 ], [ -2.435064890516268, 56.740593524937488 ], [ -2.435059370825612, 56.740601962523861 ], [ -2.435053848864654, 56.740610399763995 ], [ -2.435048324635686, 56.74061883665464 ], [ -2.435042798140998, 56.740627273192608 ], [ -2.435037269382883, 56.740635709374622 ], [ -2.435031738363627, 56.740644145197507 ], [ -2.435026205085521, 56.740652580658022 ], [ -2.435020669550859, 56.740661015752934 ], [ -2.435015131761928, 56.740669450479047 ], [ -2.435009591721018, 56.740677884833111 ], [ -2.435004049430421, 56.740686318811925 ], [ -2.434998504892424, 56.740694752412239 ], [ -2.434992958109318, 56.740703185630856 ], [ -2.434987409083397, 56.740711618464537 ], [ -2.434981857816947, 56.740720050910056 ], [ -2.434976304312262, 56.740728482964194 ], [ -2.434970748571627, 56.740736914623731 ], [ -2.434965190597338, 56.740745345885465 ], [ -2.43495963039168, 56.740753776746125 ], [ -2.434954067956946, 56.740762207202529 ], [ -2.434948503295427, 56.740770637251416 ], [ -2.434942936409411, 56.740779066889587 ], [ -2.434937367301189, 56.740787496113839 ], [ -2.434931795973052, 56.74079592492091 ], [ -2.434926222427289, 56.740804353307581 ], [ -2.434920646666192, 56.740812781270655 ], [ -2.434915068692048, 56.740821208806899 ], [ -2.434909488507153, 56.740829635913066 ], [ -2.434903906113792, 56.740838062585965 ], [ -2.434898321512498, 56.740846488824907 ], [ -2.434892734686462, 56.740854914654527 ], [ -2.434887145658831, 56.740863340041201 ], [ -2.4348815544319, 56.740871764981755 ], [ -2.434875961007958, 56.740880189472911 ], [ -2.434870365389298, 56.74088861351148 ], [ -2.434864767578204, 56.740897037094228 ], [ -2.434859167576973, 56.740905460217931 ], [ -2.434853565387891, 56.740913882879362 ], [ -2.43484796101325, 56.740922305075301 ], [ -2.43484235445534, 56.740930726802524 ], [ -2.434836745716452, 56.740939148057826 ], [ -2.434831134798876, 56.74094756883796 ], [ -2.4348255217049, 56.7409559891397 ], [ -2.434819906436817, 56.740964408959833 ], [ -2.434814288996918, 56.740972828295142 ], [ -2.434808669387492, 56.740981247142393 ], [ -2.434803047610829, 56.740989665498375 ], [ -2.434797423669218, 56.740998083359855 ], [ -2.434791797564953, 56.7410065007236 ], [ -2.434786169300322, 56.741014917586398 ], [ -2.434780538877615, 56.74102333394503 ], [ -2.434774906299125, 56.741031749796278 ], [ -2.434769271567138, 56.741040165136887 ], [ -2.43476363468395, 56.741048579963675 ], [ -2.434757995651844, 56.741056994273393 ], [ -2.434752354473118, 56.741065408062816 ], [ -2.434746711150059, 56.741073821328726 ], [ -2.434741065684958, 56.74108223406791 ], [ -2.434735418080103, 56.741090646277136 ], [ -2.434729768337787, 56.741099057953178 ], [ -2.434724116460298, 56.74110746909281 ], [ -2.43471846244993, 56.741115879692821 ], [ -2.43471280630897, 56.74112428974999 ], [ -2.434707148039711, 56.741132699261065 ], [ -2.434701487644443, 56.741141108222855 ], [ -2.434695825125455, 56.741149516632113 ], [ -2.434690160485038, 56.741157924485634 ], [ -2.434684493725481, 56.741166331780185 ], [ -2.43467882484908, 56.741174738512548 ], [ -2.434673153858117, 56.741183144679489 ], [ -2.434667480754889, 56.741191550277804 ], [ -2.434661805541683, 56.741199955304261 ], [ -2.434656128220793, 56.741208359755625 ], [ -2.434650448794505, 56.741216763628664 ], [ -2.434644767265112, 56.741225166920202 ], [ -2.434639083634905, 56.741233569626971 ], [ -2.434633397906174, 56.741241971745765 ], [ -2.434627710081207, 56.74125037327336 ], [ -2.4346220201623, 56.741258774206514 ], [ -2.434616328151738, 56.741267174542031 ], [ -2.434610634051813, 56.741275574276685 ], [ -2.434604937864816, 56.741283973407235 ], [ -2.43459923959304, 56.74129237193047 ], [ -2.434593539238769, 56.741300769843164 ], [ -2.4345878368043, 56.741309167142084 ], [ -2.434582132291922, 56.741317563824026 ], [ -2.434576425703924, 56.741325959885756 ], [ -2.434570717042593, 56.741334355324057 ], [ -2.434565006310227, 56.741342750135686 ], [ -2.434559293509114, 56.741351144317449 ], [ -2.434553578641541, 56.741359537866103 ], [ -2.434547861709802, 56.741367930778409 ], [ -2.434542142716187, 56.741376323051192 ], [ -2.434536421662986, 56.741384714681189 ], [ -2.43453069855249, 56.741393105665189 ], [ -2.434524973386989, 56.741401495999959 ], [ -2.434519246168774, 56.741409885682309 ], [ -2.434513516900137, 56.741418274708963 ], [ -2.434507785583363, 56.741426663076737 ], [ -2.434502052220749, 56.7414350507824 ], [ -2.434496316814582, 56.741443437822717 ], [ -2.434490579367157, 56.741451824194478 ], [ -2.434484839880757, 56.741460209894463 ], [ -2.434479098357679, 56.741468594919411 ], [ -2.434473354800209, 56.741476979266153 ], [ -2.434467609210644, 56.741485362931442 ], [ -2.434461861591266, 56.741493745912038 ], [ -2.434456111944373, 56.74150212820475 ], [ -2.434450360272252, 56.741510509806325 ], [ -2.434444606563499, 56.741518890728116 ], [ -2.434438850824827, 56.74152727096218 ], [ -2.4344330930678, 56.741535650495422 ], [ -2.434427333294708, 56.741544029324629 ], [ -2.434421571507844, 56.741552407446576 ], [ -2.4344158077095, 56.741560784858045 ], [ -2.434410041901963, 56.741569161555788 ], [ -2.434404274087525, 56.741577537536614 ], [ -2.434398504268479, 56.741585912797284 ], [ -2.43439273244711, 56.741594287334564 ], [ -2.434386958625716, 56.741602661145244 ], [ -2.434381182806582, 56.741611034226104 ], [ -2.434375404992, 56.741619406573918 ], [ -2.434369625184744, 56.741627778186086 ], [ -2.434363843391107, 56.741636149064831 ], [ -2.434358059618946, 56.741644519214383 ], [ -2.434352273876124, 56.741652888639024 ], [ -2.434346486170502, 56.74166125734304 ], [ -2.434340696509949, 56.741669625330751 ], [ -2.434334904902323, 56.74167799260637 ], [ -2.434329111355489, 56.741686359174224 ], [ -2.434323315877313, 56.741694725038577 ], [ -2.434317518475654, 56.741703090203721 ], [ -2.43431171915838, 56.741711454673947 ], [ -2.43430591793335, 56.741719818453504 ], [ -2.434300114808432, 56.741728181546698 ], [ -2.434294309791483, 56.741736543957799 ], [ -2.434288502890374, 56.741744905691107 ], [ -2.434282694112966, 56.741753266750877 ], [ -2.43427688346712, 56.741761627141408 ], [ -2.4342710709607, 56.74176998686697 ], [ -2.434265256601574, 56.74177834593187 ], [ -2.434259440397595, 56.741786704340356 ], [ -2.434253622356637, 56.741795062096728 ], [ -2.434247802486562, 56.741803419205254 ], [ -2.434241980795228, 56.741811775670243 ], [ -2.434236157290503, 56.741820131495935 ], [ -2.43423033198025, 56.741828486686664 ], [ -2.43422450487233, 56.741836841246666 ], [ -2.434218675974611, 56.74184519518024 ], [ -2.43421284529495, 56.741853548491662 ], [ -2.434207012841218, 56.741861901185217 ], [ -2.434201178621271, 56.741870253265191 ], [ -2.43419534264298, 56.741878604735867 ], [ -2.434189504914202, 56.741886955601515 ], [ -2.434183665442804, 56.741895305866429 ], [ -2.434177824236648, 56.74190365553487 ], [ -2.434171981303602, 56.741912004611137 ], [ -2.434166136651523, 56.741920353099523 ], [ -2.434160290288278, 56.741928701004277 ], [ -2.43415444222173, 56.741937048329703 ], [ -2.434148592459743, 56.74194539508008 ], [ -2.434142741010179, 56.741953741259671 ], [ -2.434136887880905, 56.741962086872789 ], [ -2.434131033079781, 56.741970431923697 ], [ -2.43412517661467, 56.74197877641668 ], [ -2.434119318493438, 56.741987120356015 ], [ -2.43411345872395, 56.74199546374598 ], [ -2.434107597314068, 56.742003806590873 ], [ -2.434101734271652, 56.742012148894958 ], [ -2.434095869604571, 56.742020490662526 ], [ -2.434090003320684, 56.742028831897862 ], [ -2.43408413542786, 56.742037172605244 ], [ -2.434078265933959, 56.742045512788941 ], [ -2.434072394846843, 56.742053852453253 ], [ -2.43406652217438, 56.74206219160245 ], [ -2.434060647924431, 56.742070530240817 ], [ -2.434054772104858, 56.742078868372637 ], [ -2.43404889472353, 56.742087206002182 ], [ -2.434043015788305, 56.74209554313375 ], [ -2.43403713530705, 56.742103879771612 ], [ -2.434031253287628, 56.742112215920059 ], [ -2.4340253697379, 56.742120551583348 ], [ -2.434019484665733, 56.742128886765784 ], [ -2.434013598078991, 56.742137221471644 ], [ -2.434007709985534, 56.742145555705207 ], [ -2.434001820393229, 56.742153889470757 ], [ -2.433995929309939, 56.742162222772556 ], [ -2.433990036743527, 56.742170555614919 ], [ -2.433984142701856, 56.742178888002108 ], [ -2.433978247192789, 56.742187219938408 ], [ -2.433972350224194, 56.742195551428097 ], [ -2.433966451803931, 56.742203882475458 ], [ -2.433960551939865, 56.742212213084784 ], [ -2.433954650639859, 56.742220543260338 ], [ -2.433948747911776, 56.742228873006404 ], [ -2.433942843763482, 56.742237202327281 ], [ -2.43393693820284, 56.742245531227226 ], [ -2.433931031237713, 56.742253859710559 ], [ -2.433925122875962, 56.742262187781513 ], [ -2.433919213125456, 56.742270515444403 ], [ -2.433913301994057, 56.742278842703499 ], [ -2.433907389489626, 56.742287169563077 ], [ -2.43390147562003, 56.742295496027417 ], [ -2.433895560393132, 56.74230382210083 ], [ -2.433889643816796, 56.742312147787558 ], [ -2.433883725898879, 56.742320473091908 ], [ -2.433877806647258, 56.742328798018157 ], [ -2.433871886069786, 56.742337122570582 ], [ -2.433865964174331, 56.742345446753468 ], [ -2.433860040968757, 56.742353770571086 ], [ -2.433854116460926, 56.742362094027726 ], [ -2.433848190658704, 56.742370417127667 ], [ -2.433842263569951, 56.742378739875214 ], [ -2.433836335202535, 56.742387062274616 ], [ -2.433830405564316, 56.742395384330159 ], [ -2.433824474663161, 56.74240370604614 ], [ -2.433818542506931, 56.742412027426823 ], [ -2.433812609103495, 56.742420348476507 ], [ -2.433806674460711, 56.742428669199462 ], [ -2.433800738586443, 56.742436989599973 ], [ -2.433794801488561, 56.742445309682331 ], [ -2.433788863174921, 56.742453629450807 ], [ -2.433782923653392, 56.742461948909664 ], [ -2.433776982931836, 56.742470268063215 ], [ -2.433771041018117, 56.742478586915738 ], [ -2.433765097920101, 56.742486905471495 ], [ -2.433759153645646, 56.742495223734785 ], [ -2.433753208202621, 56.742503541709873 ], [ -2.433747261598889, 56.742511859401056 ], [ -2.433741313842312, 56.742520176812619 ], [ -2.433735364940756, 56.742528493948818 ], [ -2.433729414902084, 56.742536810813974 ], [ -2.433723463734161, 56.74254512741232 ], [ -2.433717511444849, 56.742553443748172 ], [ -2.433711558042011, 56.742561759825811 ], [ -2.433705603533515, 56.742570075649503 ], [ -2.433699647927222, 56.742578391223539 ], [ -2.433693691230994, 56.74258670655221 ], [ -2.433687733452699, 56.742595021639779 ], [ -2.4336817746002, 56.742603336490518 ], [ -2.433675814681357, 56.74261165110876 ], [ -2.43366985370404, 56.742619965498719 ], [ -2.433663891676108, 56.742628279664721 ], [ -2.433657928605426, 56.742636593611039 ], [ -2.433651964499861, 56.742644907341955 ], [ -2.433645999367272, 56.74265322086174 ], [ -2.433640033215526, 56.74266153417468 ], [ -2.433634066052489, 56.742669847285065 ], [ -2.433628097886019, 56.742678160197165 ], [ -2.433622128723985, 56.742686472915281 ], [ -2.433616158574249, 56.742694785443661 ], [ -2.433610187444675, 56.742703097786624 ], [ -2.433604215343126, 56.742711409948434 ], [ -2.433598242277466, 56.742719721933362 ], [ -2.433592268255562, 56.742728033745713 ], [ -2.433586293285277, 56.742736345389737 ], [ -2.433580317374473, 56.74274465686976 ], [ -2.433574340531014, 56.742752968190025 ], [ -2.433568362762767, 56.742761279354824 ], [ -2.433562384077591, 56.742769590368439 ], [ -2.433556404483354, 56.742777901235158 ], [ -2.43355042398792, 56.742786211959263 ], [ -2.433544442599149, 56.742794522545026 ], [ -2.433538460324912, 56.742802832996738 ], [ -2.433532477173065, 56.742811143318676 ], [ -2.433526493151477, 56.742819453515118 ], [ -2.433520508268011, 56.742827763590341 ], [ -2.433514522530532, 56.742836073548645 ], [ -2.4335085359469, 56.742844383394313 ], [ -2.433502548524983, 56.742852693131603 ], [ -2.433496560272646, 56.742861002764812 ], [ -2.433490571197749, 56.742869312298218 ], [ -2.433484581308157, 56.742877621736099 ], [ -2.433478590611737, 56.742885931082753 ], [ -2.433472599116352, 56.74289424034243 ], [ -2.433466606829862, 56.742902549519442 ], [ -2.433460613760135, 56.74291085861806 ], [ -2.433454619915036, 56.742919167642576 ], [ -2.433448625302427, 56.742927476597245 ], [ -2.43344262993017, 56.742935785486367 ], [ -2.433436633806133, 56.742944094314225 ], [ -2.433430636938178, 56.742952403085106 ], [ -2.43342463933417, 56.742960711803256 ], [ -2.433418641001972, 56.742969020472998 ], [ -2.433412641949448, 56.742977329098608 ], [ -2.433406642184464, 56.742985637684363 ], [ -2.433400641714883, 56.742993946234513 ], [ -2.433394640548569, 56.743002254753378 ], [ -2.433388638693386, 56.743010563245235 ], [ -2.433382636157196, 56.743018871714355 ], [ -2.433376632947868, 56.743027180165015 ], [ -2.433370629073262, 56.743035488601535 ], [ -2.433364624541243, 56.743043797028136 ], [ -2.433358619367019, 56.743052105450367 ], [ -2.433352613596829, 56.743060413878879 ], [ -2.433346607285108, 56.743068722325702 ], [ -2.433340600486295, 56.743077030802851 ], [ -2.433334593254826, 56.74308533932237 ], [ -2.433328585645139, 56.743093647896274 ], [ -2.43332257771167, 56.743101956536627 ], [ -2.43331656950886, 56.743110265255432 ], [ -2.433310561091144, 56.743118574064731 ], [ -2.433304552512958, 56.743126882976512 ], [ -2.433298543828743, 56.74313519200286 ], [ -2.433292535092934, 56.743143501155771 ], [ -2.433286526359967, 56.743151810447294 ], [ -2.433280517684286, 56.743160119889431 ], [ -2.433274509120322, 56.743168429494233 ], [ -2.433268500722516, 56.743176739273721 ], [ -2.433262492545302, 56.743185049239955 ], [ -2.433256484643126, 56.74319335940492 ], [ -2.433250477070416, 56.743201669780646 ], [ -2.433244469881617, 56.743209980379184 ], [ -2.433238463131164, 56.743218291212571 ], [ -2.433232456873494, 56.743226602292815 ], [ -2.433226451163048, 56.743234913631966 ], [ -2.433220446054262, 56.743243225242033 ], [ -2.433214441601574, 56.743251537135052 ], [ -2.433208437859422, 56.74325984932306 ], [ -2.433202434882244, 56.743268161818065 ], [ -2.433196432724481, 56.743276474632118 ], [ -2.433190431440567, 56.743284787777249 ], [ -2.433184431084943, 56.743293101265472 ], [ -2.433178431712047, 56.743301415108832 ], [ -2.433172445592437, 56.743309712386754 ], [ -2.433177109950253, 56.743302893587341 ], [ -2.433182858238107, 56.743294491542322 ], [ -2.433188607348804, 56.743286089662099 ], [ -2.433194357295657, 56.743277687949451 ], [ -2.433200108091985, 56.743269286407177 ], [ -2.433205859751094, 56.743260885038069 ], [ -2.433211612286303, 56.743252483844941 ], [ -2.433217365710922, 56.74324408283055 ], [ -2.433223120038266, 56.743235681997717 ], [ -2.433228875281651, 56.743227281349199 ], [ -2.433234631454384, 56.743218880887831 ], [ -2.433240388569785, 56.743210480616362 ], [ -2.433246146641165, 56.743202080537607 ], [ -2.433251905681838, 56.743193680654372 ], [ -2.433257665705115, 56.743185280969421 ], [ -2.433263426724313, 56.743176881485553 ], [ -2.433269188752743, 56.743168482205569 ], [ -2.433274951803719, 56.743160083132253 ], [ -2.433280715890555, 56.743151684268398 ], [ -2.433286481026564, 56.743143285616796 ], [ -2.433292247225058, 56.743134887180247 ], [ -2.433298014499355, 56.743126488961522 ], [ -2.433303782862762, 56.743118090963428 ], [ -2.433309552328596, 56.74310969318875 ], [ -2.433315322910171, 56.743101295640287 ], [ -2.433321094620799, 56.743092898320818 ], [ -2.433326867473794, 56.743084501233163 ], [ -2.433332641482468, 56.743076104380094 ], [ -2.433338416660134, 56.743067707764382 ], [ -2.433344193020109, 56.743059311388848 ], [ -2.433349970575703, 56.743050915256283 ], [ -2.433355749340232, 56.743042519369467 ], [ -2.433361529323052, 56.743034123730361 ], [ -2.43336731051547, 56.743025728337173 ], [ -2.433373092903628, 56.743017333187012 ], [ -2.433378876473676, 56.743008938276965 ], [ -2.433384661211756, 56.743000543604175 ], [ -2.433390447104016, 56.742992149165744 ], [ -2.433396234136601, 56.742983754958765 ], [ -2.433402022295657, 56.742975360980388 ], [ -2.43340781156733, 56.742966967227687 ], [ -2.433413601937765, 56.742958573697798 ], [ -2.433419393393108, 56.74295018038783 ], [ -2.433425185919506, 56.742941787294896 ], [ -2.433430979503102, 56.742933394416092 ], [ -2.433436774130045, 56.742925001748546 ], [ -2.43344256978648, 56.74291660928936 ], [ -2.433448366458551, 56.742908217035655 ], [ -2.433454164132406, 56.742899824984548 ], [ -2.43345996279419, 56.742891433133131 ], [ -2.433465762430049, 56.742883041478528 ], [ -2.433471563026131, 56.742874650017868 ], [ -2.433477364568577, 56.742866258748236 ], [ -2.433483167043534, 56.742857867666757 ], [ -2.433488970437154, 56.742849476770537 ], [ -2.433494774735577, 56.742841086056714 ], [ -2.43350057992495, 56.742832695522331 ], [ -2.43350638599142, 56.742824305164596 ], [ -2.433512192921133, 56.74281591498054 ], [ -2.433518000700235, 56.742807524967326 ], [ -2.433523809314868, 56.742799135122027 ], [ -2.433529618751184, 56.742790745441795 ], [ -2.433535428995326, 56.742782355923715 ], [ -2.433541240033441, 56.742773966564904 ], [ -2.433547051851673, 56.742765577362498 ], [ -2.433552864436172, 56.742757188313561 ], [ -2.43355867777308, 56.742748799415253 ], [ -2.433564491848545, 56.742740410664652 ], [ -2.43357030664871, 56.742732022058895 ], [ -2.433576122159729, 56.742723633595077 ], [ -2.433581938367739, 56.742715245270325 ], [ -2.433587755258891, 56.742706857081721 ], [ -2.433593572819331, 56.742698469026415 ], [ -2.433599391035205, 56.742690081101507 ], [ -2.433605209892656, 56.742681693304093 ], [ -2.433611029377833, 56.742673305631307 ], [ -2.433616849476883, 56.742664918080251 ], [ -2.43362267017595, 56.742656530648034 ], [ -2.43362849146118, 56.74264814333177 ], [ -2.433634313318721, 56.742639756128575 ], [ -2.433640135734719, 56.742631369035564 ], [ -2.433645958695319, 56.742622982049845 ], [ -2.433651782186668, 56.742614595168526 ], [ -2.433657606194914, 56.742606208388722 ], [ -2.433663430706199, 56.742597821707548 ], [ -2.433669255706672, 56.742589435122113 ], [ -2.433675081182479, 56.742581048629532 ], [ -2.433680907119767, 56.742572662226927 ], [ -2.433686733504679, 56.742564275911391 ], [ -2.433692560323364, 56.742555889680041 ], [ -2.433698387561971, 56.742547503529991 ], [ -2.43370421520664, 56.742539117458357 ], [ -2.433710043243522, 56.742530731462253 ], [ -2.433715871658763, 56.742522345538788 ], [ -2.433721700438507, 56.74251395968507 ], [ -2.4337275295689, 56.7425055738982 ], [ -2.433733359036093, 56.742497188175328 ], [ -2.433739188826229, 56.742488802513542 ], [ -2.433745018925453, 56.742480416909949 ], [ -2.433750849319914, 56.742472031361665 ], [ -2.43375667999576, 56.742463645865818 ], [ -2.433762510939132, 56.74245526041949 ], [ -2.433768342136179, 56.742446875019816 ], [ -2.433774173573049, 56.742438489663918 ], [ -2.433780005235888, 56.742430104348877 ], [ -2.43378583711084, 56.742421719071828 ], [ -2.433791669184056, 56.74241333382988 ], [ -2.433797501441678, 56.742404948620141 ], [ -2.433803333869855, 56.742396563439726 ], [ -2.433809166454731, 56.742388178285736 ], [ -2.433814999182455, 56.742379793155301 ], [ -2.433820832039174, 56.742371408045521 ], [ -2.433826665011031, 56.742363022953512 ], [ -2.433832498084176, 56.74235463787641 ], [ -2.433838331244754, 56.742346252811274 ], [ -2.433844164478915, 56.742337867755261 ], [ -2.433849997772797, 56.742329482705465 ], [ -2.433855831112556, 56.742321097659001 ], [ -2.433861664484334, 56.742312712612978 ], [ -2.433867497874277, 56.742304327564533 ], [ -2.433873331268533, 56.742295942510722 ], [ -2.433879164653251, 56.742287557448726 ], [ -2.433884998014572, 56.742279172375625 ], [ -2.433890831338647, 56.742270787288518 ], [ -2.433896664611623, 56.742262402184537 ], [ -2.433902497819643, 56.742254017060773 ], [ -2.433908330948857, 56.742245631914379 ], [ -2.43391416398541, 56.742237246742427 ], [ -2.43391999691545, 56.742228861542038 ], [ -2.433925829725123, 56.742220476310337 ], [ -2.433931662400575, 56.742212091044436 ], [ -2.433937494927952, 56.742203705741431 ], [ -2.433943327293404, 56.742195320398451 ], [ -2.433949159483076, 56.74218693501259 ], [ -2.433954991483113, 56.742178549580991 ], [ -2.433960823279663, 56.742170164100735 ], [ -2.433966654858877, 56.742161778568956 ], [ -2.433972486206896, 56.74215339298275 ], [ -2.433978317309867, 56.742145007339232 ], [ -2.43398414815394, 56.742136621635524 ], [ -2.43398997872526, 56.742128235868748 ], [ -2.433995809009974, 56.742119850035976 ], [ -2.434001638994228, 56.742111464134368 ], [ -2.434007468664173, 56.742103078160987 ], [ -2.43401329800595, 56.742094692113 ], [ -2.434019127005712, 56.742086305987485 ], [ -2.4340249556496, 56.742077919781558 ], [ -2.434030783923763, 56.742069533492341 ], [ -2.434036611814348, 56.742061147116921 ], [ -2.434042439307505, 56.742052760652449 ], [ -2.434048266389377, 56.742044374096011 ], [ -2.434054093046111, 56.742035987444737 ], [ -2.434059919263859, 56.742027600695721 ], [ -2.434065745028759, 56.742019213846092 ], [ -2.434071570326965, 56.742010826892951 ], [ -2.434077395144623, 56.742002439833392 ], [ -2.434083219467879, 56.741994052664566 ], [ -2.43408904328288, 56.741985665383567 ], [ -2.434094866575771, 56.741977277987509 ], [ -2.434100689332702, 56.741968890473501 ], [ -2.434106511539818, 56.741960502838673 ], [ -2.434112333183269, 56.741952115080103 ], [ -2.434118154249201, 56.741943727194929 ], [ -2.434123974723756, 56.741935339180259 ], [ -2.43412979459309, 56.741926951033207 ], [ -2.434135613843343, 56.741918562750882 ], [ -2.434141432460666, 56.7419101743304 ], [ -2.434147250431202, 56.741901785768867 ], [ -2.434153067741103, 56.741893397063393 ], [ -2.434158884376513, 56.741885008211113 ], [ -2.434164700323578, 56.741876619209101 ], [ -2.434170515568451, 56.7418682300545 ], [ -2.434176330097274, 56.741859840744432 ], [ -2.434182143896194, 56.74185145127597 ], [ -2.434187956951362, 56.741843061646264 ], [ -2.43419376924892, 56.741834671852402 ], [ -2.434199580775021, 56.741826281891491 ], [ -2.434205391515807, 56.741817891760675 ], [ -2.434211201457428, 56.741809501457041 ], [ -2.434217010586029, 56.741801110977725 ], [ -2.434222818887762, 56.741792720319808 ], [ -2.434228626348771, 56.741784329480417 ], [ -2.434234432955201, 56.741775938456684 ], [ -2.434240238693202, 56.741767547245679 ], [ -2.434246043548923, 56.741759155844541 ], [ -2.434251847508509, 56.741750764250391 ], [ -2.434257650558106, 56.741742372460322 ], [ -2.434263452683864, 56.741733980471466 ], [ -2.434269253871929, 56.741725588280921 ], [ -2.434275054108448, 56.741717195885805 ], [ -2.43428085337957, 56.741708803283217 ], [ -2.434286651671439, 56.741700410470308 ], [ -2.434292448970205, 56.74169201744413 ], [ -2.434298245262019, 56.741683624201848 ], [ -2.434304040533021, 56.741675230740555 ], [ -2.434309834769363, 56.741666837057366 ], [ -2.43431562795719, 56.74165844314939 ], [ -2.434321420082652, 56.741650049013742 ], [ -2.434327211131893, 56.741641654647538 ], [ -2.434333001091065, 56.741633260047891 ], [ -2.43433878994631, 56.741624865211882 ], [ -2.434344577683782, 56.741616470136677 ], [ -2.434350364289624, 56.741608074819347 ], [ -2.434356149749981, 56.741599679257014 ], [ -2.434361934051006, 56.741591283446816 ], [ -2.434367717178845, 56.741582887385839 ], [ -2.434373499119645, 56.741574491071198 ], [ -2.43437927985955, 56.741566094500016 ], [ -2.434385059384716, 56.741557697669393 ], [ -2.434390837681283, 56.741549300576459 ], [ -2.434396614735401, 56.741540903218301 ], [ -2.43440239053322, 56.741532505592055 ], [ -2.434408165060881, 56.741524107694829 ], [ -2.434413938304539, 56.741515709523725 ], [ -2.43441971023229, 56.741507311095013 ], [ -2.434425480843355, 56.741498912391961 ], [ -2.434431250128859, 56.741490513406376 ], [ -2.434437018074945, 56.741482114135408 ], [ -2.434442784667763, 56.741473714576138 ], [ -2.43444854989346, 56.741465314725694 ], [ -2.434454313738184, 56.7414569145812 ], [ -2.434460076188081, 56.741448514139748 ], [ -2.434465837229301, 56.74144011339844 ], [ -2.43447159684799, 56.741431712354441 ], [ -2.434477355030298, 56.741423311004787 ], [ -2.43448311176237, 56.741414909346652 ], [ -2.434488867030357, 56.741406507377135 ], [ -2.434494620820401, 56.741398105093339 ], [ -2.434500373118656, 56.74138970249237 ], [ -2.434506123911266, 56.741381299571358 ], [ -2.43451187318438, 56.741372896327412 ], [ -2.434517620924145, 56.741364492757626 ], [ -2.434523367116709, 56.741356088859149 ], [ -2.434529111748222, 56.741347684629076 ], [ -2.434534854804828, 56.741339280064487 ], [ -2.43454059627268, 56.741330875162539 ], [ -2.43454633613792, 56.741322469920327 ], [ -2.434552074386699, 56.741314064334965 ], [ -2.434557811005165, 56.741305658403583 ], [ -2.434563545979463, 56.74129725212326 ], [ -2.434569279295744, 56.741288845491134 ], [ -2.434575010940156, 56.74128043850429 ], [ -2.434580740898845, 56.741272031159866 ], [ -2.434586469157959, 56.741263623454998 ], [ -2.434592195703647, 56.741255215386737 ], [ -2.434597920522057, 56.741246806952248 ], [ -2.434603643599338, 56.741238398148603 ], [ -2.434609364921631, 56.741229988972961 ], [ -2.434615084475094, 56.741221579422387 ], [ -2.434620802245869, 56.741213169494038 ], [ -2.434626518220103, 56.741204759184981 ], [ -2.434632232383951, 56.741196348492359 ], [ -2.434637944723552, 56.741187937413279 ], [ -2.434643655225061, 56.741179525944858 ], [ -2.43464936387462, 56.74117111408421 ], [ -2.434655070658384, 56.741162701828422 ], [ -2.434660775562495, 56.741154289174645 ], [ -2.434666478573104, 56.741145876119951 ], [ -2.434672179676358, 56.741137462661484 ], [ -2.434677878858405, 56.741129048796353 ], [ -2.434683576105393, 56.741120634521657 ], [ -2.434689271403471, 56.74111221983452 ], [ -2.434694964738787, 56.741103804732042 ], [ -2.434700656097491, 56.741095389211367 ], [ -2.434706345465726, 56.74108697326956 ], [ -2.434712032829642, 56.741078556903766 ], [ -2.434717718175392, 56.741070140111098 ], [ -2.434723401489119, 56.741061722888638 ], [ -2.434729082756971, 56.741053305233557 ], [ -2.434734761965098, 56.741044887142905 ], [ -2.434740439099649, 56.741036468613835 ], [ -2.43474611414677, 56.741028049643447 ], [ -2.434751787092611, 56.741019630228848 ], [ -2.434757457923317, 56.741011210367162 ], [ -2.434763126625041, 56.741002790055511 ], [ -2.434768793183929, 56.740994369290966 ], [ -2.43477445758613, 56.74098594807068 ], [ -2.434780119817789, 56.74097752639176 ], [ -2.434785779865058, 56.740969104251299 ], [ -2.434791437714083, 56.740960681646428 ], [ -2.434797093351015, 56.740952258574247 ], [ -2.434802746761999, 56.740943835031878 ], [ -2.434808397933187, 56.740935411016437 ], [ -2.434814046850722, 56.740926986525039 ], [ -2.434819693500758, 56.740918561554764 ], [ -2.43482533786944, 56.740910136102762 ], [ -2.434830979942916, 56.740901710166142 ], [ -2.434836619707338, 56.740893283742011 ], [ -2.43484225714885, 56.740884856827471 ], [ -2.434847892253603, 56.740876429419622 ], [ -2.434853525007744, 56.740868001515636 ], [ -2.434859155397425, 56.740859573112573 ], [ -2.434864783408787, 56.740851144207554 ], [ -2.434870409027987, 56.740842714797694 ], [ -2.434876032241167, 56.740834284880108 ], [ -2.434881653034479, 56.740825854451934 ], [ -2.434887271394072, 56.740817423510236 ], [ -2.434892887306088, 56.740808992052166 ], [ -2.434898500756685, 56.740800560074817 ], [ -2.434904111710269, 56.740792127606881 ], [ -2.434909720173702, 56.740783694615352 ], [ -2.434915326134158, 56.74077526109587 ], [ -2.43492092957778, 56.740766827045533 ], [ -2.434926530490721, 56.740758392461458 ], [ -2.434932128859131, 56.740749957340753 ], [ -2.434937724669155, 56.740741521680548 ], [ -2.434943317906941, 56.740733085477942 ], [ -2.434948908558641, 56.740724648730051 ], [ -2.434954496610404, 56.740716211433991 ], [ -2.434960082048375, 56.740707773586863 ], [ -2.434965664858703, 56.740699335185802 ], [ -2.43497124502754, 56.740690896227882 ], [ -2.434976822541033, 56.740682456710267 ], [ -2.43498239738533, 56.740674016630031 ], [ -2.434987969546583, 56.740665575984295 ], [ -2.434993539010935, 56.740657134770188 ], [ -2.434999105764537, 56.740648692984792 ], [ -2.435004669793541, 56.740640250625262 ], [ -2.435010231084092, 56.740631807688679 ], [ -2.435015789622341, 56.740623364172151 ], [ -2.435021345394436, 56.740614920072815 ], [ -2.435026898386524, 56.740606475387771 ], [ -2.435032448584758, 56.740598030114135 ], [ -2.435037995975282, 56.740589584249008 ], [ -2.435043540544247, 56.740581137789533 ], [ -2.435049082277804, 56.740572690732776 ], [ -2.435054621162099, 56.740564243075895 ], [ -2.435060157183283, 56.740555794815975 ], [ -2.435065690327501, 56.740547345950155 ], [ -2.435071220580905, 56.740538896475513 ], [ -2.435076747929645, 56.740530446389187 ], [ -2.435082272359865, 56.740521995688269 ], [ -2.43508779385772, 56.740513544369904 ], [ -2.435093312409354, 56.740505092431178 ], [ -2.435098828000918, 56.740496639869207 ], [ -2.435104340618564, 56.740488186681112 ], [ -2.435109850248435, 56.740479732864017 ], [ -2.435115356876683, 56.740471278415008 ], [ -2.435120860489457, 56.740462823331207 ], [ -2.435126361072907, 56.740454367609729 ], [ -2.435131858613182, 56.74044591124769 ], [ -2.435137353096427, 56.740437454242219 ], [ -2.435142844508794, 56.740428996590381 ], [ -2.435148332836433, 56.740420538289335 ], [ -2.435153818065492, 56.740412079336167 ], [ -2.43515930018212, 56.740403619728013 ], [ -2.435164779172464, 56.740395159461961 ], [ -2.435170255022677, 56.74038669853514 ], [ -2.435175727718907, 56.74037823694465 ], [ -2.4351811972473, 56.740369774687615 ], [ -2.435186663594009, 56.740361311761163 ], [ -2.435192126745181, 56.740352848162381 ], [ -2.435197586686967, 56.740344383888392 ], [ -2.435203043405513, 56.740335918936303 ], [ -2.435208496886973, 56.740327453303209 ], [ -2.43521394711749, 56.740318986986267 ], [ -2.435219394083217, 56.740310519982565 ], [ -2.435224837770302, 56.740302052289216 ], [ -2.435230278164897, 56.740293583903338 ], [ -2.435235715253146, 56.740285114822044 ], [ -2.435241149021203, 56.740276645042428 ], [ -2.435246579455216, 56.740268174561628 ], [ -2.435252006541333, 56.740259703376758 ], [ -2.435257430265702, 56.740251231484905 ], [ -2.435262850614477, 56.740242758883198 ], [ -2.435268267573801, 56.740234285568768 ], [ -2.435273681129829, 56.740225811538693 ], [ -2.435279091268709, 56.740217336790103 ], [ -2.435284497976587, 56.74020886132012 ], [ -2.435289901239616, 56.740200385125824 ], [ -2.435295301043945, 56.740191908204373 ], [ -2.43530069737572, 56.740183430552854 ], [ -2.435306090225988, 56.740174952169447 ], [ -2.435311479612641, 56.740166473058203 ], [ -2.435316865562745, 56.740157993225175 ], [ -2.43532224810337, 56.74014951267641 ], [ -2.435327627261581, 56.740141031417963 ], [ -2.435333003064447, 56.740132549455879 ], [ -2.435338375539044, 56.740124066796227 ], [ -2.435343744712434, 56.740115583445025 ], [ -2.435349110611689, 56.740107099408348 ], [ -2.435354473263879, 56.740098614692251 ], [ -2.435359832696072, 56.740090129302757 ], [ -2.435365188935336, 56.740081643245951 ], [ -2.435370542008744, 56.74007315652787 ], [ -2.43537589194336, 56.740064669154556 ], [ -2.435381238766258, 56.740056181132061 ], [ -2.435386582504505, 56.740047692466447 ], [ -2.435391923185167, 56.740039203163782 ], [ -2.435397260835319, 56.740030713230077 ], [ -2.435402595482024, 56.740022222671392 ], [ -2.435407927152354, 56.740013731493796 ], [ -2.435413255873379, 56.740005239703329 ], [ -2.435418581672167, 56.73999674730603 ], [ -2.435423904575786, 56.739988254307981 ], [ -2.435429224611302, 56.739979760715208 ], [ -2.435434541805791, 56.739971266533772 ], [ -2.435439856186317, 56.739962771769719 ], [ -2.435445167779951, 56.739954276429103 ], [ -2.43545047661376, 56.739945780517971 ], [ -2.435455782714815, 56.739937284042377 ], [ -2.43546108611018, 56.739928787008374 ], [ -2.435466386826932, 56.73992028942201 ], [ -2.435471684892132, 56.739911791289323 ], [ -2.43547698033285, 56.739903292616383 ], [ -2.435482273176159, 56.739894793409242 ], [ -2.435487563449121, 56.739886293673941 ], [ -2.435492851178811, 56.739877793416525 ], [ -2.435498136392297, 56.739869292643057 ], [ -2.435503419116642, 56.739860791359582 ], [ -2.435508699378921, 56.739852289572156 ], [ -2.435513977206199, 56.73984378728683 ], [ -2.435519252625545, 56.739835284509638 ], [ -2.435524525664029, 56.739826781246649 ], [ -2.435529796348718, 56.739818277503915 ], [ -2.435535064706678, 56.739809773287476 ], [ -2.435540330764985, 56.739801268603372 ], [ -2.4355455945507, 56.7397927634577 ], [ -2.435550856090895, 56.739784257856456 ], [ -2.435556115412638, 56.739775751805723 ], [ -2.435561372542997, 56.739767245311533 ], [ -2.435566627509038, 56.739758738379948 ], [ -2.435571880337835, 56.739750231017034 ], [ -2.435577131056451, 56.739741723228803 ], [ -2.435582379691958, 56.739733215021339 ], [ -2.43558762627142, 56.739724706400679 ], [ -2.435592870821908, 56.739716197372871 ], [ -2.435598113370492, 56.739707687943977 ], [ -2.435603353944237, 56.739699178120041 ], [ -2.435608592570213, 56.739690667907112 ], [ -2.435613829275487, 56.739682157311243 ], [ -2.435619064087127, 56.739673646338481 ], [ -2.435624297032201, 56.739665134994887 ], [ -2.435629528137782, 56.739656623286493 ], [ -2.435634757430932, 56.739648111219388 ], [ -2.43563998493872, 56.739639598799563 ], [ -2.435645210688215, 56.739631086033128 ], [ -2.435650434706484, 56.739622572926088 ], [ -2.435655657020602, 56.739614059484524 ], [ -2.435660877657625, 56.739605545714461 ], [ -2.435666096644629, 56.73959703162199 ], [ -2.435671314008681, 56.739588517213122 ], [ -2.435676529776847, 56.739580002493923 ], [ -2.435681743976195, 56.739571487470435 ], [ -2.435686956633794, 56.739562972148718 ], [ -2.435692167776714, 56.739554456534812 ], [ -2.435697377432017, 56.739545940634791 ], [ -2.435702585626775, 56.739537424454696 ], [ -2.435707792388056, 56.739528908000551 ], [ -2.435712997742927, 56.739520391278447 ], [ -2.435718201718454, 56.739511874294408 ], [ -2.435723404341707, 56.739503357054488 ], [ -2.435728605639753, 56.739494839564742 ], [ -2.435733805639661, 56.739486321831222 ], [ -2.435739004368494, 56.739477803859977 ], [ -2.435744201853326, 56.739469285657052 ], [ -2.435749398121219, 56.739460767228508 ], [ -2.435754593199244, 56.739452248580399 ], [ -2.43575978711447, 56.739443729718751 ], [ -2.435764979893961, 56.739435210649638 ], [ -2.435770171564785, 56.739426691379094 ], [ -2.435775362154009, 56.739418171913194 ], [ -2.435780551688705, 56.739409652257962 ], [ -2.435785740195935, 56.739401132419452 ], [ -2.435790927702769, 56.739392612403734 ], [ -2.435796114236275, 56.739384092216852 ], [ -2.435801299823519, 56.739375571864834 ], [ -2.435806484491571, 56.739367051353746 ], [ -2.435811668267494, 56.739358530689664 ], [ -2.435816851178357, 56.739350009878606 ], [ -2.435822033251229, 56.739341488926627 ], [ -2.435827214513178, 56.739332967839772 ], [ -2.435832394991269, 56.739324446624103 ], [ -2.435837574712568, 56.739315925285688 ], [ -2.435842753704147, 56.73930740383053 ], [ -2.435847931993068, 56.73929888226472 ], [ -2.435853109606402, 56.739290360594296 ], [ -2.435858286571213, 56.739281838825313 ], [ -2.435863462914572, 56.739273316963818 ], [ -2.435868638663544, 56.739264795015835 ], [ -2.435873813845195, 56.739256272987468 ], [ -2.435878988486595, 56.739247750884729 ], [ -2.435884162614807, 56.739239228713679 ], [ -2.435889336256901, 56.739230706480377 ], [ -2.435894509439942, 56.739222184190851 ], [ -2.435899682191004, 56.73921366185116 ], [ -2.435904854537144, 56.739205139467373 ], [ -2.435910026505435, 56.739196617045515 ], [ -2.435915198122941, 56.739188094591654 ], [ -2.435920369416731, 56.73917957211183 ], [ -2.435925540413872, 56.739171049612104 ], [ -2.435930711141429, 56.739162527098507 ], [ -2.435935881626472, 56.739154004577109 ], [ -2.435941051896064, 56.739145482053978 ], [ -2.435946221977273, 56.739136959535102 ], [ -2.43595139189717, 56.739128437026586 ], [ -2.435956561682814, 56.739119914534449 ], [ -2.435961731361277, 56.739111392064778 ], [ -2.435966900959625, 56.739102869623594 ], [ -2.435972070504925, 56.739094347216962 ], [ -2.435977240024243, 56.73908582485091 ], [ -2.435982409544647, 56.73907730253152 ], [ -2.4359875790932, 56.739068780264809 ], [ -2.435992748696973, 56.73906025805686 ], [ -2.435997918383031, 56.739051735913698 ], [ -2.43600308817844, 56.739043213841384 ], [ -2.436008258110268, 56.739034691845966 ], [ -2.436013428205579, 56.739026169933489 ], [ -2.43601859849144, 56.739017648110021 ], [ -2.436023768994919, 56.739009126381603 ], [ -2.436028939743083, 56.739000604754274 ], [ -2.436034110762998, 56.738992083234095 ], [ -2.436039282081729, 56.738983561827119 ], [ -2.436044453726343, 56.738975040539387 ], [ -2.436049625723906, 56.738966519376959 ], [ -2.436054798101488, 56.738957998345882 ], [ -2.436059970886151, 56.738949477452188 ], [ -2.436065144104963, 56.73894095670196 ], [ -2.436070317784989, 56.738932436101244 ], [ -2.436075491953296, 56.738923915656059 ], [ -2.436080666636955, 56.738915395372487 ], [ -2.436085841863024, 56.738906875256561 ], [ -2.436091017658573, 56.738898355314333 ], [ -2.436096194050671, 56.738889835551859 ], [ -2.436101371066381, 56.738881315975178 ], [ -2.436106548732768, 56.738872796590357 ], [ -2.436111727076902, 56.738864277403444 ], [ -2.436116906125847, 56.738855758420485 ], [ -2.436122085906667, 56.738847239647534 ], [ -2.436127266446433, 56.738838721090609 ], [ -2.436132447772207, 56.738830202755807 ], [ -2.436137629911057, 56.738821684649153 ], [ -2.436142812890048, 56.738813166776708 ], [ -2.436147996736246, 56.738804649144505 ], [ -2.436153181476719, 56.738796131758619 ], [ -2.43615836713853, 56.738787614625089 ], [ -2.436163553748749, 56.738779097749941 ], [ -2.436168741334434, 56.738770581139271 ], [ -2.436173929922661, 56.73876206479909 ], [ -2.436179119540488, 56.738753548735467 ], [ -2.436184310214986, 56.738745032954462 ], [ -2.43618950197322, 56.738736517462094 ], [ -2.436194694842252, 56.738728002264445 ], [ -2.436199888849151, 56.738719487367547 ], [ -2.436205084020984, 56.738710972777454 ], [ -2.436210280384812, 56.7387024585002 ], [ -2.436215477967705, 56.738693944541879 ], [ -2.436220676796728, 56.738685430908497 ], [ -2.436225876898944, 56.738676917606128 ], [ -2.436231078301423, 56.738668404640812 ], [ -2.436236281031225, 56.738659892018603 ], [ -2.436241485115422, 56.738651379745555 ], [ -2.436246690575165, 56.738642867826321 ], [ -2.436251897401942, 56.738634356258665 ], [ -2.436257105577965, 56.73862584503815 ], [ -2.436262315085432, 56.738617334160345 ], [ -2.436267525906548, 56.738608823620815 ], [ -2.436272738023518, 56.738600313415169 ], [ -2.436277951418542, 56.738591803538959 ], [ -2.436283166073828, 56.738583293987745 ], [ -2.436288381971572, 56.738574784757112 ], [ -2.436293599093982, 56.738566275842629 ], [ -2.436298817423262, 56.738557767239875 ], [ -2.436304036941612, 56.738549258944438 ], [ -2.436309257631239, 56.73854075095187 ], [ -2.436314479474342, 56.73853224325773 ], [ -2.436319702453129, 56.738523735857619 ], [ -2.436324926549797, 56.738515228747112 ], [ -2.436330151746557, 56.738506721921759 ], [ -2.436335378025608, 56.738498215377149 ], [ -2.436340605369152, 56.738489709108855 ], [ -2.436345833759396, 56.738481203112443 ], [ -2.436351063178543, 56.738472697383493 ], [ -2.436356293608794, 56.738464191917586 ], [ -2.436361525032352, 56.738455686710267 ], [ -2.436366757431423, 56.738447181757138 ], [ -2.436371990788212, 56.738438677053743 ], [ -2.436377225084919, 56.738430172595692 ], [ -2.436382460303746, 56.738421668378543 ], [ -2.4363876964269, 56.738413164397862 ], [ -2.436392933436584, 56.738404660649216 ], [ -2.436398171315001, 56.738396157128193 ], [ -2.436403410044355, 56.738387653830372 ], [ -2.436408649606846, 56.7383791507513 ], [ -2.436413889984684, 56.738370647886583 ], [ -2.436419131160066, 56.738362145231768 ], [ -2.436424373115202, 56.738353642782457 ], [ -2.436429615832294, 56.738345140534186 ], [ -2.436434859293538, 56.738336638482551 ], [ -2.436440103481146, 56.738328136623117 ], [ -2.43644534837732, 56.738319634951452 ], [ -2.436450593964262, 56.738311133463164 ], [ -2.436455840224178, 56.738302632153783 ], [ -2.43646108713927, 56.738294131018918 ], [ -2.43646633469174, 56.738285630054115 ], [ -2.436471582863796, 56.738277129254953 ], [ -2.436476831637636, 56.738268628617 ], [ -2.436482080995469, 56.738260128135842 ], [ -2.436487330919496, 56.73825162780706 ], [ -2.436492581391922, 56.73824312762622 ], [ -2.43649783239495, 56.738234627588881 ], [ -2.436503083910785, 56.738226127690616 ], [ -2.436508335921629, 56.738217627927021 ], [ -2.436513588409687, 56.738209128293661 ], [ -2.43651884135716, 56.738200628786103 ], [ -2.436524094746258, 56.73819212939992 ], [ -2.43652934855918, 56.738183630130699 ], [ -2.436534602778131, 56.738175130973978 ], [ -2.436539857385315, 56.738166631925388 ], [ -2.436545112362935, 56.738158132980445 ], [ -2.436550367693199, 56.738149634134757 ], [ -2.436555623358303, 56.738141135383891 ], [ -2.436560879340458, 56.7381326367234 ], [ -2.436566135621866, 56.738124138148891 ], [ -2.436571392184729, 56.738115639655909 ], [ -2.436576649011255, 56.738107141240043 ], [ -2.436581906083643, 56.738098642896865 ], [ -2.436587163384101, 56.738090144621943 ], [ -2.43659242089483, 56.738081646410855 ], [ -2.436597678598038, 56.738073148259161 ], [ -2.436602936475923, 56.738064650162471 ], [ -2.436608194510693, 56.738056152116314 ], [ -2.436613452684555, 56.738047654116272 ], [ -2.436618710979707, 56.738039156157946 ], [ -2.436623969378357, 56.73803065823688 ], [ -2.436629227862706, 56.73802216034867 ], [ -2.436634486414963, 56.738013662488882 ], [ -2.436639745017328, 56.738005164653075 ], [ -2.436645003652007, 56.737996666836857 ], [ -2.436650262301202, 56.737988169035745 ], [ -2.436655520947121, 56.737979671245363 ], [ -2.436660779571963, 56.737971173461268 ], [ -2.436666038157937, 56.737962675679015 ], [ -2.436671296687243, 56.737954177894224 ], [ -2.436676555142091, 56.737945680102428 ], [ -2.436681813504681, 56.737937182299206 ], [ -2.436687071757218, 56.737928684480146 ], [ -2.436692329881904, 56.7379201866408 ], [ -2.436697587860948, 56.737911688776769 ], [ -2.436702845676551, 56.737903190883593 ], [ -2.436708103310916, 56.737894692956885 ], [ -2.436713360746253, 56.737886194992178 ], [ -2.436718617964762, 56.73787769698508 ], [ -2.43672387494865, 56.737869198931143 ], [ -2.436729131680115, 56.737860700825948 ], [ -2.43673438814137, 56.737852202665067 ], [ -2.436739644314612, 56.737843704444074 ], [ -2.436744900182052, 56.73783520615855 ], [ -2.436750155725889, 56.737826707804039 ], [ -2.43675541092833, 56.737818209376158 ], [ -2.436760665771579, 56.737809710870451 ], [ -2.436765920237843, 56.737801212282498 ], [ -2.436771174309323, 56.737792713607874 ], [ -2.436776427968221, 56.737784214842151 ], [ -2.436781681196748, 56.737775715980902 ], [ -2.436786933977106, 56.737767217019709 ], [ -2.436792186291499, 56.737758717954137 ], [ -2.436797438122129, 56.737750218779766 ], [ -2.436802689451203, 56.737741719492149 ], [ -2.436807940260928, 56.737733220086888 ], [ -2.436813190533508, 56.737724720559534 ], [ -2.436818440251142, 56.737716220905682 ], [ -2.436823689396041, 56.737707721120891 ], [ -2.436828937950405, 56.737699221200721 ], [ -2.436834185896442, 56.737690721140787 ], [ -2.436839433216356, 56.737682220936627 ], [ -2.43684467989235, 56.737673720583821 ], [ -2.436849925906629, 56.737665220077957 ], [ -2.436855171241401, 56.737656719414581 ], [ -2.436860415878865, 56.737648218589293 ], [ -2.436865659801231, 56.737639717597652 ], [ -2.436870902990702, 56.737631216435254 ], [ -2.43687614542948, 56.737622715097636 ], [ -2.436881387099773, 56.7376142135804 ], [ -2.436886627983786, 56.737605711879105 ], [ -2.43689186806372, 56.737597209989339 ], [ -2.436897107321786, 56.73758870790666 ], [ -2.436902345740183, 56.737580205626635 ], [ -2.436907583301116, 56.73757170314488 ], [ -2.436912819986795, 56.737563200456925 ], [ -2.436918055779421, 56.737554697558345 ], [ -2.436923290661201, 56.737546194444739 ], [ -2.436928524614335, 56.737537691111662 ], [ -2.436933757621034, 56.737529187554706 ], [ -2.4369389896635, 56.737520683769425 ], [ -2.436944220723938, 56.737512179751413 ], [ -2.436949450784552, 56.737503675496207 ], [ -2.436954679827548, 56.737495170999409 ], [ -2.436959907835132, 56.737486666256594 ], [ -2.436965134789509, 56.737478161263326 ], [ -2.436970360672881, 56.737469656015186 ], [ -2.436975585467457, 56.737461150507734 ], [ -2.436980809155437, 56.737452644736564 ], [ -2.436986031719033, 56.737444138697221 ], [ -2.436991253140444, 56.737435632385314 ], [ -2.436996473401875, 56.737427125796401 ], [ -2.437001692485537, 56.737418618926036 ], [ -2.437006910373631, 56.737410111769819 ], [ -2.437012127048359, 56.737401604323324 ], [ -2.437017342491932, 56.737393096582103 ], [ -2.437022556686552, 56.737384588541744 ], [ -2.437027769614426, 56.737376080197819 ], [ -2.437032981257755, 56.73736757154591 ], [ -2.43703819159875, 56.737359062581568 ], [ -2.43704340061961, 56.737350553300395 ], [ -2.437048608302547, 56.737342043697929 ], [ -2.437053814629761, 56.737333533769792 ], [ -2.437059019583457, 56.737325023511517 ], [ -2.437064223145844, 56.737316512918682 ], [ -2.437069425299126, 56.737308001986889 ], [ -2.437074626025507, 56.737299490711671 ], [ -2.437079825307192, 56.737290979088634 ], [ -2.437085023126387, 56.737282467113346 ], [ -2.437090219465298, 56.737273954781386 ], [ -2.437095414306131, 56.737265442088301 ], [ -2.437100607631086, 56.737256929029684 ], [ -2.437105799422377, 56.737248415601101 ], [ -2.437110989662203, 56.737239901798119 ], [ -2.437116178332771, 56.737231387616347 ], [ -2.437121365416287, 56.737222873051337 ], [ -2.437126550894956, 56.73721435809864 ], [ -2.437131734750983, 56.737205842753859 ], [ -2.437136916968203, 56.737197327013284 ], [ -2.437142097543128, 56.737188810878948 ], [ -2.437147276478225, 56.737180294355511 ], [ -2.437152453775986, 56.737171777447656 ], [ -2.43715762943891, 56.737163260160116 ], [ -2.437162803469488, 56.737154742497573 ], [ -2.43716797587022, 56.737146224464709 ], [ -2.437173146643599, 56.737137706066243 ], [ -2.437178315792123, 56.737129187306856 ], [ -2.437183483318288, 56.737120668191253 ], [ -2.437188649224586, 56.73711214872413 ], [ -2.437193813513519, 56.737103628910198 ], [ -2.437198976187578, 56.737095108754112 ], [ -2.43720413724926, 56.737086588260624 ], [ -2.437209296701063, 56.737078067434389 ], [ -2.437214454545479, 56.737069546280118 ], [ -2.437219610785004, 56.737061024802514 ], [ -2.437224765422139, 56.737052503006275 ], [ -2.437229918459374, 56.73704398089609 ], [ -2.43723506989921, 56.737035458476655 ], [ -2.437240219744138, 56.737026935752674 ], [ -2.437245367996656, 56.737018412728837 ], [ -2.43725051465926, 56.737009889409855 ], [ -2.437255659734444, 56.73700136580041 ], [ -2.437260803224706, 56.736992841905206 ], [ -2.437265945132542, 56.736984317728933 ], [ -2.437271085460446, 56.736975793276301 ], [ -2.437276224210914, 56.736967268552 ], [ -2.437281361386443, 56.73695874356072 ], [ -2.437286496989533, 56.736950218307172 ], [ -2.43729163102267, 56.736941692796044 ], [ -2.437296763488355, 56.736933167032028 ], [ -2.437301894389086, 56.736924641019826 ], [ -2.437307023727356, 56.736916114764149 ], [ -2.437312151505661, 56.736907588269688 ], [ -2.437317277726496, 56.736899061541124 ], [ -2.437322402392359, 56.736890534583168 ], [ -2.437327525505746, 56.73688200740051 ], [ -2.437332647069153, 56.736873479997847 ], [ -2.437337767085071, 56.736864952379896 ], [ -2.437342885556002, 56.73685642455132 ], [ -2.437348002484438, 56.736847896516849 ], [ -2.437353117872875, 56.73683936828116 ], [ -2.437358231723811, 56.736830839848949 ], [ -2.437363344039743, 56.736822311224927 ], [ -2.437368454823163, 56.736813782413776 ], [ -2.437373564076567, 56.736805253420215 ], [ -2.437378671802454, 56.736796724248912 ], [ -2.437383778003317, 56.736788194904584 ], [ -2.437388882681653, 56.736779665391929 ], [ -2.437393985839958, 56.736771135715628 ], [ -2.437399087480727, 56.736762605880394 ], [ -2.437404187606458, 56.736754075890929 ], [ -2.437409286219641, 56.736745545751909 ], [ -2.437414383322781, 56.736737015468037 ], [ -2.437419478918366, 56.736728485044011 ], [ -2.437424573008895, 56.736719954484549 ], [ -2.437429665596864, 56.736711423794311 ], [ -2.437434756684768, 56.736702892978023 ], [ -2.437439846275103, 56.736694362040382 ], [ -2.437444934370364, 56.736685830986055 ], [ -2.437450020973049, 56.736677299819782 ], [ -2.437455106085654, 56.736668768546231 ], [ -2.43746018971067, 56.736660237170113 ], [ -2.437465271850599, 56.736651705696097 ], [ -2.437470352507935, 56.736643174128915 ], [ -2.437475431685172, 56.736634642473255 ], [ -2.437480509384806, 56.736626110733795 ], [ -2.437485585609332, 56.736617578915265 ], [ -2.43749066036125, 56.736609047022341 ], [ -2.437495733643052, 56.73660051505972 ], [ -2.437500805457237, 56.736591983032099 ], [ -2.437505875806298, 56.736583450944181 ], [ -2.437510944692731, 56.736574918800642 ], [ -2.437516012119033, 56.736566386606221 ], [ -2.4375210780877, 56.736557854365593 ], [ -2.437526142601226, 56.736549322083441 ], [ -2.437531205662109, 56.736540789764483 ], [ -2.437536267272844, 56.736532257413394 ], [ -2.437541327435926, 56.7365237250349 ], [ -2.437546386153853, 56.736515192633675 ], [ -2.437551443429118, 56.736506660214417 ], [ -2.43755649926422, 56.736498127781843 ], [ -2.437561553661651, 56.736489595340629 ], [ -2.437566606623911, 56.736481062895486 ], [ -2.437571658153494, 56.736472530451103 ], [ -2.437576708252895, 56.736463998012177 ], [ -2.437581756924608, 56.736455465583411 ], [ -2.437586804171135, 56.736446933169489 ], [ -2.437591849994968, 56.736438400775128 ], [ -2.437596894396392, 56.736429868403768 ], [ -2.437601937356601, 56.736421336048195 ], [ -2.437606978847016, 56.736412803695664 ], [ -2.437612018838976, 56.736404271333448 ], [ -2.437617057303823, 56.736395738948758 ], [ -2.437622094212894, 56.73638720652886 ], [ -2.437627129537536, 56.73637867406098 ], [ -2.437632163249081, 56.736370141532383 ], [ -2.437637195318875, 56.736361608930295 ], [ -2.437642225718257, 56.736353076241933 ], [ -2.437647254418568, 56.736344543454592 ], [ -2.437652281391148, 56.736336010555476 ], [ -2.437657306607337, 56.736327477531837 ], [ -2.437662330038479, 56.736318944370915 ], [ -2.437667351655912, 56.736310411059947 ], [ -2.437672371430973, 56.7363018775862 ], [ -2.437677389335009, 56.736293343936879 ], [ -2.437682405339357, 56.736284810099249 ], [ -2.437687419415358, 56.736276276060551 ], [ -2.437692431534355, 56.736267741808028 ], [ -2.437697441667686, 56.736259207328921 ], [ -2.437702449786691, 56.736250672610446 ], [ -2.437707455862716, 56.736242137639906 ], [ -2.437712459867098, 56.736233602404475 ], [ -2.437717461771178, 56.736225066891443 ], [ -2.437722461546294, 56.736216531088026 ], [ -2.437727459163793, 56.73620799498147 ], [ -2.437732454595011, 56.736199458559021 ], [ -2.437737447811291, 56.736190921807911 ], [ -2.437742438783974, 56.736182384715413 ], [ -2.437747427484397, 56.736173847268738 ], [ -2.437752413883908, 56.736165309455139 ], [ -2.43775739795384, 56.736156771261854 ], [ -2.437762379665543, 56.736148232676129 ], [ -2.437767358990352, 56.736139693685196 ], [ -2.437772335899608, 56.736131154276315 ], [ -2.437777310364651, 56.736122614436724 ], [ -2.437782282356828, 56.736114074153654 ], [ -2.437787251847473, 56.73610553341436 ], [ -2.437792218807932, 56.736096992206072 ], [ -2.437797183209545, 56.736088450516043 ], [ -2.437802145023651, 56.736079908331497 ], [ -2.437807104221594, 56.736071365639688 ], [ -2.437812060774714, 56.736062822427868 ], [ -2.437817014654352, 56.736054278683277 ], [ -2.437821965831848, 56.736045734393137 ], [ -2.437826914278546, 56.736037189544717 ], [ -2.437831859965783, 56.73602864412522 ], [ -2.437836802864907, 56.736020098121934 ], [ -2.437841742947251, 56.736011551522076 ], [ -2.437846680184164, 56.736003004312892 ], [ -2.437851614546981, 56.735994456481627 ], [ -2.437856546007047, 56.735985908015508 ], [ -2.437861474535703, 56.735977358901799 ], [ -2.437866400104291, 56.735968809127726 ], [ -2.43787132268415, 56.735960258680564 ], [ -2.437876242246622, 56.7359517075475 ], [ -2.437881158763051, 56.735943155715809 ], [ -2.437886072204776, 56.735934603172744 ], [ -2.437890982543137, 56.735926049905515 ], [ -2.437895889749479, 56.73591749590139 ], [ -2.437900793795143, 56.735908941147599 ], [ -2.43790569465147, 56.735900385631396 ], [ -2.4379105922898, 56.735891829340012 ], [ -2.437915486681477, 56.735883272260686 ], [ -2.437920377797838, 56.735874714380678 ], [ -2.437925265610231, 56.735866155687212 ], [ -2.437930150089994, 56.735857596167548 ], [ -2.437935031208468, 56.735849035808897 ], [ -2.437939908936998, 56.735840474598533 ], [ -2.437944783246921, 56.735831912523686 ], [ -2.437949654109585, 56.735823349571596 ], [ -2.437954521496323, 56.735814785729509 ], [ -2.437959385378485, 56.735806220984671 ], [ -2.43796424572741, 56.735797655324312 ], [ -2.437969102514438, 56.735789088735707 ], [ -2.437973955710911, 56.735780521206031 ], [ -2.437978805288173, 56.735771952722587 ], [ -2.437983651217564, 56.735763383272605 ], [ -2.437988493470429, 56.735754812843318 ], [ -2.437993332012149, 56.7357462414219 ], [ -2.437998166726678, 56.735737668994517 ], [ -2.438002997438975, 56.73572909554661 ], [ -2.438007823972685, 56.735720521063598 ], [ -2.438012646151453, 56.735711945530923 ], [ -2.438017463798923, 56.735703368934004 ], [ -2.43802227673874, 56.735694791258261 ], [ -2.438027084794547, 56.735686212489142 ], [ -2.438031887789994, 56.735677632612045 ], [ -2.438036685548724, 56.735669051612426 ], [ -2.438041477894382, 56.73566046947569 ], [ -2.438046264650613, 56.73565188618727 ], [ -2.438051045641064, 56.735643301732587 ], [ -2.438055820689381, 56.735634716097074 ], [ -2.438060589619208, 56.735626129266166 ], [ -2.438065352254194, 56.735617541225295 ], [ -2.438070108417984, 56.735608951959854 ], [ -2.438074857934225, 56.735600361455298 ], [ -2.438079600626564, 56.735591769697038 ], [ -2.438084336318647, 56.735583176670517 ], [ -2.438089064834122, 56.735574582361146 ], [ -2.438093785996635, 56.735565986754374 ], [ -2.438098499629832, 56.735557389835584 ], [ -2.438103205557367, 56.735548791590261 ], [ -2.438107903602881, 56.735540192003803 ], [ -2.438112593590023, 56.73553159106163 ], [ -2.438117275342441, 56.735522988749175 ], [ -2.438121948683785, 56.735514385051879 ], [ -2.438126613437702, 56.735505779955147 ], [ -2.43813126942784, 56.735497173444422 ], [ -2.438135916477851, 56.735488565505129 ], [ -2.438140554411376, 56.735479956122688 ], [ -2.438145183052073, 56.735471345282519 ], [ -2.438149802223583, 56.735462732970085 ], [ -2.438154411749561, 56.735454119170775 ], [ -2.438159011453652, 56.735445503870032 ], [ -2.438163601159511, 56.735436887053275 ], [ -2.438168180690781, 56.735428268705952 ], [ -2.438172749871119, 56.735419648813476 ], [ -2.438177308524167, 56.735411027361259 ], [ -2.438181856473582, 56.735402404334764 ], [ -2.438186393543009, 56.735393779719381 ], [ -2.438190919556102, 56.735385153500573 ], [ -2.438195434336512, 56.735376525663753 ], [ -2.438199937707884, 56.735367896194319 ], [ -2.438204429493879, 56.73535926507774 ], [ -2.438208909518136, 56.735350632299443 ], [ -2.438213377604317, 56.73534199784482 ], [ -2.438217833576065, 56.735333361699332 ], [ -2.438222277257037, 56.7353247238484 ], [ -2.438226708470883, 56.735316084277443 ], [ -2.438231127041252, 56.735307442971894 ], [ -2.438235532791803, 56.735298799917167 ], [ -2.438239925546182, 56.735290155098717 ], [ -2.43824430512804, 56.735281508501942 ], [ -2.438248671361036, 56.735272860112303 ], [ -2.438253024068817, 56.735264209915208 ], [ -2.43825736307504, 56.735255557896068 ], [ -2.438261688203355, 56.735246904040345 ], [ -2.438265999277414, 56.735238248333459 ], [ -2.438270296120875, 56.735229590760824 ], [ -2.438274578557386, 56.735220931307857 ], [ -2.438278846410606, 56.735212269960023 ], [ -2.438283099504183, 56.735203606702726 ], [ -2.438287337661775, 56.735194941521399 ], [ -2.438291560707035, 56.735186274401471 ], [ -2.438295768463616, 56.735177605328374 ], [ -2.438299960755174, 56.735168934287515 ], [ -2.438304137405362, 56.735160261264348 ], [ -2.438308298237835, 56.735151586244278 ], [ -2.43831244307625, 56.735142909212762 ], [ -2.438316571744259, 56.735134230155211 ], [ -2.43832068406552, 56.735125549057045 ], [ -2.438324779863685, 56.73511686590372 ], [ -2.438327236241828, 56.735111635780207 ] ] ], [ [ [ -2.432334129067878, 56.744537900719543 ], [ -2.432331339239533, 56.744542403885283 ], [ -2.432326081791429, 56.744550902095938 ], [ -2.432320830557773, 56.744559401786404 ], [ -2.4323155852917, 56.744567902898922 ], [ -2.432310345746338, 56.744576405375724 ], [ -2.43230511167482, 56.744584909159009 ], [ -2.432299882830278, 56.74459341419103 ], [ -2.432294658965844, 56.744601920413984 ], [ -2.432289439834646, 56.744610427770134 ], [ -2.432284225189815, 56.744618936201668 ], [ -2.432279014784486, 56.744627445650828 ], [ -2.432273808371785, 56.744635956059831 ], [ -2.432268605704842, 56.744644467370904 ], [ -2.432263406536787, 56.744652979526279 ], [ -2.432258210620752, 56.744661492468175 ], [ -2.432253017709864, 56.744670006138819 ], [ -2.432247827557255, 56.74467852048042 ], [ -2.432242639916051, 56.74468703543522 ], [ -2.432237454539385, 56.744695550945444 ], [ -2.432232271180378, 56.744704066953297 ], [ -2.43222708959217, 56.744712583401025 ], [ -2.432221909527878, 56.744721100230834 ], [ -2.432216730740638, 56.744729617384969 ], [ -2.432211552983575, 56.744738134805644 ], [ -2.432206376009817, 56.744746652435062 ], [ -2.432201199572493, 56.744755170215477 ], [ -2.432196023424729, 56.744763688089108 ], [ -2.43219084731965, 56.744772205998153 ], [ -2.43218567101039, 56.74478072388488 ], [ -2.43218049425007, 56.744789241691471 ], [ -2.432175316791818, 56.744797759360168 ], [ -2.432170138388758, 56.744806276833202 ], [ -2.432164958794023, 56.744814794052772 ], [ -2.432159777760734, 56.744823310961131 ], [ -2.432154595042018, 56.744831827500477 ], [ -2.432149410390999, 56.744840343613063 ], [ -2.432144223560807, 56.744848859241095 ], [ -2.432139034304564, 56.744857374326784 ], [ -2.432133842375394, 56.744865888812363 ], [ -2.432128647526425, 56.744874402640065 ], [ -2.432123449510783, 56.744882915752093 ], [ -2.432118248081586, 56.744891428090703 ], [ -2.432113042991968, 56.744899939598092 ], [ -2.432107833995044, 56.744908450216478 ], [ -2.432102620843942, 56.744916959888116 ], [ -2.432097403291788, 56.744925468555188 ], [ -2.432092181091702, 56.744933976159956 ], [ -2.432086953996808, 56.74494248264461 ], [ -2.432081721760233, 56.744950987951391 ], [ -2.432076484135094, 56.744959492022517 ], [ -2.43207124087452, 56.74496799480022 ], [ -2.432065991731632, 56.744976496226712 ], [ -2.432060736459548, 56.744984996244213 ], [ -2.432055474811397, 56.744993494794961 ], [ -2.432050206540297, 56.745001991821177 ], [ -2.43204493139937, 56.745010487265048 ], [ -2.43203964914174, 56.745018981068846 ], [ -2.432034359520526, 56.745027473174751 ], [ -2.432029062288851, 56.745035963525019 ], [ -2.432023757199838, 56.745044452061869 ], [ -2.432018444006603, 56.74505293872749 ], [ -2.432013122462273, 56.745061423464144 ], [ -2.432007792319966, 56.745069906214042 ], [ -2.4320024533328, 56.745078386919381 ], [ -2.4319971052539, 56.745086865522417 ], [ -2.431991747836383, 56.74509534196536 ], [ -2.431986380833366, 56.745103816190429 ], [ -2.431981003997976, 56.74511228813985 ], [ -2.431975617083327, 56.745120757755835 ], [ -2.431970219842542, 56.745129224980609 ], [ -2.431964812028738, 56.745137689756412 ], [ -2.431959393395034, 56.745146152025441 ], [ -2.431953963694547, 56.745154611729937 ], [ -2.431948522680403, 56.745163068812097 ], [ -2.43194307010571, 56.745171523214189 ], [ -2.431937605723597, 56.745179974878376 ], [ -2.431932129287173, 56.745188423746932 ], [ -2.431926640549563, 56.74519686976204 ], [ -2.43192113926388, 56.745205312865941 ], [ -2.431915625183242, 56.745213753000861 ], [ -2.43191009806077, 56.74522219010899 ], [ -2.431904557649577, 56.745230624132596 ], [ -2.431899003705431, 56.745239055014487 ], [ -2.431893436118985, 56.74524748272971 ], [ -2.431887854977239, 56.745255907300077 ], [ -2.431882260382673, 56.745264328751112 ], [ -2.431876652437765, 56.745272747108352 ], [ -2.431871031244998, 56.745281162397291 ], [ -2.431865396906849, 56.745289574643465 ], [ -2.431859749525805, 56.745297983872405 ], [ -2.431854089204343, 56.745306390109597 ], [ -2.431848416044941, 56.745314793380601 ], [ -2.431842730150086, 56.745323193710924 ], [ -2.431837031622256, 56.745331591126082 ], [ -2.43183132056393, 56.745339985651597 ], [ -2.431825597077593, 56.745348377312986 ], [ -2.431819861265727, 56.745356766135792 ], [ -2.431814113230805, 56.745365152145517 ], [ -2.431808353075319, 56.745373535367676 ], [ -2.431802580901747, 56.745381915827785 ], [ -2.431796796812568, 56.745390293551409 ], [ -2.431791000910265, 56.745398668564043 ], [ -2.431785193297321, 56.74540704089118 ], [ -2.431779374076218, 56.745415410558387 ], [ -2.431773543349436, 56.745423777591149 ], [ -2.431767701219457, 56.745432142015005 ], [ -2.431761847788767, 56.745440503855477 ], [ -2.431755983159842, 56.74544886313808 ], [ -2.431750107435169, 56.745457219888344 ], [ -2.431744220717229, 56.745465574131764 ], [ -2.431738323108504, 56.745473925893926 ], [ -2.431732414711476, 56.745482275200267 ], [ -2.43172649562863, 56.745490622076375 ], [ -2.431720565962446, 56.745498966547721 ], [ -2.431714625815408, 56.74550730863988 ], [ -2.431708675289999, 56.745515648378323 ], [ -2.431702714488699, 56.745523985788594 ], [ -2.431696743513996, 56.745532320896217 ], [ -2.431690762468369, 56.7455406537267 ], [ -2.431684771454303, 56.745548984305586 ], [ -2.431678770574278, 56.745557312658377 ], [ -2.431672759930783, 56.745565638810604 ], [ -2.431666739626297, 56.745573962787788 ], [ -2.431660709763305, 56.745582284615438 ], [ -2.431654670444289, 56.745590604319098 ], [ -2.431648621771735, 56.745598921924284 ], [ -2.431642563848124, 56.745607237456497 ], [ -2.431636496775942, 56.745615550941288 ], [ -2.431630420657672, 56.745623862404145 ], [ -2.431624335595796, 56.745632171870625 ], [ -2.431618241692802, 56.745640479366209 ], [ -2.43161213905117, 56.745648784916469 ], [ -2.431606027773386, 56.745657088546885 ], [ -2.431599907961934, 56.745665390283008 ], [ -2.431593779719297, 56.745673690150333 ], [ -2.431587643147962, 56.745681988174397 ], [ -2.431581498350411, 56.745690284380728 ], [ -2.431575345429131, 56.745698578794844 ], [ -2.431569184486604, 56.745706871442252 ], [ -2.431563015625315, 56.745715162348482 ], [ -2.431556838947749, 56.745723451539057 ], [ -2.431550654556391, 56.745731739039513 ], [ -2.431544462553727, 56.745740024875353 ], [ -2.431538263042241, 56.745748309072084 ], [ -2.431532056124416, 56.745756591655272 ], [ -2.431525841902739, 56.745764872650426 ], [ -2.431519620479695, 56.745773152083025 ], [ -2.43151339195777, 56.745781429978642 ], [ -2.431507156439449, 56.745789706362778 ], [ -2.431500914027217, 56.745797981260971 ], [ -2.431494664823557, 56.745806254698714 ], [ -2.431488408930958, 56.745814526701544 ], [ -2.431482146451907, 56.745822797294991 ], [ -2.431475877488884, 56.745831066504579 ], [ -2.431469602144378, 56.745839334355814 ], [ -2.431463320520877, 56.745847600874221 ], [ -2.431457032720862, 56.745855866085336 ], [ -2.431450738846822, 56.745864130014667 ], [ -2.431444439001243, 56.745872392687723 ], [ -2.431438133286611, 56.745880654130062 ], [ -2.431431821805411, 56.745888914367193 ], [ -2.431425504660131, 56.74589717342463 ], [ -2.431419181953256, 56.745905431327905 ], [ -2.431412853787273, 56.745913688102526 ], [ -2.431406520264664, 56.745921943774029 ], [ -2.431400181487925, 56.745930198367937 ], [ -2.431393837559534, 56.745938451909765 ], [ -2.431387488581985, 56.745946704425023 ], [ -2.431381134657758, 56.745954955939261 ], [ -2.431374775889344, 56.745963206477988 ], [ -2.431368412379228, 56.745971456066719 ], [ -2.431362044229898, 56.745979704730999 ], [ -2.431355671543669, 56.745987952496286 ], [ -2.431349294400365, 56.745996199382127 ], [ -2.431342912835014, 56.746004445396288 ], [ -2.431336526877343, 56.746012690545115 ], [ -2.431330136557076, 56.746020934834959 ], [ -2.43132374190394, 56.746029178272174 ], [ -2.431317342947662, 56.746037420863118 ], [ -2.431310939717969, 56.746045662614122 ], [ -2.431304532244585, 56.746053903531568 ], [ -2.431298120557237, 56.746062143621778 ], [ -2.431291704685653, 56.746070382891126 ], [ -2.431285284659557, 56.746078621345973 ], [ -2.431278860508677, 56.746086858992641 ], [ -2.43127243226274, 56.746095095837504 ], [ -2.431265999951468, 56.746103331886921 ], [ -2.431259563604592, 56.746111567147224 ], [ -2.431253123251837, 56.746119801624758 ], [ -2.431246678922928, 56.746128035325917 ], [ -2.431240230647595, 56.746136268257025 ], [ -2.431233778455561, 56.746144500424428 ], [ -2.431227322376554, 56.746152731834499 ], [ -2.431220862440302, 56.746160962493583 ], [ -2.431214398676526, 56.746169192408018 ], [ -2.431207931114958, 56.746177421584164 ], [ -2.431201459785324, 56.746185650028394 ], [ -2.43119498471735, 56.746193877747046 ], [ -2.431188505940764, 56.746202104746466 ], [ -2.431182023485285, 56.746210331033005 ], [ -2.43117553738065, 56.746218556613037 ], [ -2.431169047656581, 56.746226781492886 ], [ -2.431162554342805, 56.746235005678926 ], [ -2.431156057469048, 56.746243229177509 ], [ -2.431149557065039, 56.746251451994958 ], [ -2.431143053160501, 56.746259674137669 ], [ -2.431136545785166, 56.746267895611972 ], [ -2.431130034968758, 56.746276116424205 ], [ -2.431123520741002, 56.746284336580764 ], [ -2.431117003131626, 56.746292556087973 ], [ -2.431110482170361, 56.746300774952168 ], [ -2.431103957886929, 56.746308993179724 ], [ -2.431097430311058, 56.746317210777008 ], [ -2.431090899472477, 56.746325427750335 ], [ -2.43108436540091, 56.746333644106087 ], [ -2.431077828126085, 56.746341859850617 ], [ -2.431071287677733, 56.746350074990247 ], [ -2.431064744085575, 56.746358289531372 ], [ -2.431058197379341, 56.746366503480303 ], [ -2.431051647588757, 56.746374716843427 ], [ -2.431045094743553, 56.746382929627082 ], [ -2.431038538873452, 56.74639114183762 ], [ -2.431031980008185, 56.746399353481408 ], [ -2.431025418177476, 56.746407564564763 ], [ -2.431018853411054, 56.746415775094079 ], [ -2.431012285738645, 56.746423985075687 ], [ -2.431005715189979, 56.746432194515933 ], [ -2.430999141794779, 56.746440403421204 ], [ -2.430992565582777, 56.746448611797796 ], [ -2.430985986583696, 56.746456819652124 ], [ -2.430979404827267, 56.746465026990499 ], [ -2.430972820343213, 56.74647323381928 ], [ -2.430966233161267, 56.746481440144848 ], [ -2.430959643311153, 56.746489645973512 ], [ -2.430953050822598, 56.746497851311659 ], [ -2.43094645572533, 56.746506056165622 ], [ -2.430939858049077, 56.746514260541773 ], [ -2.430933257823566, 56.746522464446443 ], [ -2.430926655078525, 56.746530667885992 ], [ -2.430920049843682, 56.746538870866786 ], [ -2.430913442148763, 56.746547073395178 ], [ -2.430906832023495, 56.746555275477498 ], [ -2.430900219497608, 56.746563477120105 ], [ -2.430893604600829, 56.746571678329367 ], [ -2.430886987362885, 56.746579879111636 ], [ -2.430880367813504, 56.746588079473234 ], [ -2.430873745982414, 56.746596279420565 ], [ -2.430867121899341, 56.746604478959945 ], [ -2.430860495594015, 56.746612678097726 ], [ -2.430853867096162, 56.746620876840275 ], [ -2.43084723643551, 56.746629075193951 ], [ -2.430840603641788, 56.746637273165092 ], [ -2.430833968744723, 56.746645470760058 ], [ -2.430827331774043, 56.7466536679852 ], [ -2.430820692759475, 56.746661864846871 ], [ -2.430814051730747, 56.746670061351409 ], [ -2.430807408717589, 56.746678257505195 ], [ -2.430800763749727, 56.746686453314574 ], [ -2.430794116856889, 56.746694648785891 ], [ -2.430787468068804, 56.74670284392549 ], [ -2.430780817415197, 56.746711038739754 ], [ -2.430774164925801, 56.746719233235005 ], [ -2.430767510630338, 56.746727427417611 ], [ -2.43076085455854, 56.746735621293922 ], [ -2.430754196740137, 56.746743814870285 ], [ -2.430747537204852, 56.746752008153074 ], [ -2.430740875982416, 56.746760201148625 ], [ -2.430734213102558, 56.746768393863299 ], [ -2.430727548595004, 56.746776586303419 ], [ -2.430720882489481, 56.74678477847538 ], [ -2.430714214815721, 56.746792970385528 ], [ -2.430707545603449, 56.746801162040192 ], [ -2.430700874882397, 56.746809353445741 ], [ -2.430694202682288, 56.746817544608533 ], [ -2.430687529032854, 56.746825735534905 ], [ -2.430680853963822, 56.746833926231226 ], [ -2.430674177504921, 56.746842116703846 ], [ -2.430667499685879, 56.746850306959118 ], [ -2.430660820536427, 56.746858497003366 ], [ -2.430654140086285, 56.746866686842992 ], [ -2.430647458365191, 56.74687487648432 ], [ -2.43064077540287, 56.746883065933709 ], [ -2.430634091229048, 56.746891255197511 ], [ -2.430627405873459, 56.746899444282079 ], [ -2.430620719365822, 56.746907633193771 ], [ -2.430614031735875, 56.746915821938948 ], [ -2.430607343013342, 56.746924010523948 ], [ -2.430600653227954, 56.746932198955122 ], [ -2.430593962409436, 56.746940387238816 ], [ -2.430587270587521, 56.746948575381403 ], [ -2.430580577791934, 56.746956763389242 ], [ -2.430573884052404, 56.746964951268673 ], [ -2.430567189398662, 56.746973139026039 ], [ -2.430560493860433, 56.746981326667715 ], [ -2.43055379746745, 56.746989514200031 ], [ -2.43054710024944, 56.746997701629361 ], [ -2.43054040223613, 56.747005888962043 ], [ -2.43053370345725, 56.747014076204451 ], [ -2.430527003942531, 56.747022263362922 ], [ -2.430520303721697, 56.747030450443795 ], [ -2.43051360282448, 56.747038637453464 ], [ -2.430506901280608, 56.747046824398232 ], [ -2.430500199119811, 56.747055011284495 ], [ -2.430493496371817, 56.747063198118589 ], [ -2.430486793066354, 56.747071384906874 ], [ -2.430480089233153, 56.747079571655675 ], [ -2.430473384901941, 56.747087758371393 ], [ -2.430466680102449, 56.747095945060344 ], [ -2.430459974864406, 56.747104131728896 ], [ -2.430453269217537, 56.747112318383401 ], [ -2.430446563191575, 56.747120505030217 ], [ -2.430439856816248, 56.747128691675677 ], [ -2.430433150121286, 56.747136878326145 ], [ -2.430426443136413, 56.747145064987997 ], [ -2.430419735891367, 56.747153251667548 ], [ -2.430413028415871, 56.74716143837118 ], [ -2.430406320739651, 56.747169625105236 ], [ -2.430399612892446, 56.747177811876071 ], [ -2.430392904903979, 56.747185998690043 ], [ -2.430386196803979, 56.747194185553489 ], [ -2.430379488622175, 56.747202372472799 ], [ -2.430372780388302, 56.747210559454267 ], [ -2.430366072132079, 56.747218746504302 ], [ -2.430359363883245, 56.747226933629214 ], [ -2.430352655671524, 56.747235120835406 ], [ -2.430345947526649, 56.747243308129185 ], [ -2.430339239478344, 56.747251495516934 ], [ -2.430332531556343, 56.747259683004998 ], [ -2.430325823790374, 56.747267870599714 ], [ -2.430319116210167, 56.747276058307456 ], [ -2.430312408845449, 56.747284246134569 ], [ -2.430305701725953, 56.74729243408742 ], [ -2.430298994881407, 56.74730062217234 ], [ -2.430292288341538, 56.747308810395687 ], [ -2.430285582136082, 56.747316998763836 ], [ -2.43027887629476, 56.747325187283117 ], [ -2.430272170847309, 56.74733337595989 ], [ -2.430265465823453, 56.747341564800507 ], [ -2.430258761252926, 56.747349753811342 ], [ -2.430252057165456, 56.747357942998711 ], [ -2.430245353590771, 56.747366132369002 ], [ -2.430238650558605, 56.747374321928554 ], [ -2.430231948098682, 56.747382511683725 ], [ -2.430225246240737, 56.747390701640846 ], [ -2.430218545014497, 56.747398891806306 ], [ -2.43021184444969, 56.74740708218642 ], [ -2.43020514457605, 56.747415272787592 ], [ -2.430198445423305, 56.747423463616137 ], [ -2.430191747021183, 56.747431654678408 ], [ -2.430185049399416, 56.747439845980786 ], [ -2.430178352587733, 56.747448037529587 ], [ -2.430171656615864, 56.747456229331206 ], [ -2.430164961513542, 56.74746442139196 ], [ -2.430158267310492, 56.747472613718223 ], [ -2.430151574036445, 56.747480806316339 ], [ -2.430144881721133, 56.747488999192683 ], [ -2.430138190394285, 56.747497192353578 ], [ -2.430131500085631, 56.747505385805397 ], [ -2.4301248108249, 56.747513579554479 ], [ -2.430118122641823, 56.747521773607204 ], [ -2.430111435566134, 56.747529967969918 ], [ -2.430104749627555, 56.747538162648922 ], [ -2.430098064855822, 56.747546357650648 ], [ -2.430091381280664, 56.747554552981427 ], [ -2.43008469893181, 56.74756274864756 ], [ -2.430078017838992, 56.747570944655465 ], [ -2.430071338031938, 56.747579141011478 ], [ -2.43006465954038, 56.747587337721917 ], [ -2.430057982394048, 56.747595534793199 ], [ -2.430055748851852, 56.747598277446684 ], [ -2.43005779032546, 56.74759570574362 ], [ -2.430064326760543, 56.747587471131119 ], [ -2.430070862846677, 56.747579236456382 ], [ -2.43007739856802, 56.747571001715983 ], [ -2.430083933908732, 56.747562766906519 ], [ -2.430090468852977, 56.747554532024552 ], [ -2.430097003384919, 56.747546297066691 ], [ -2.430103537488712, 56.747538062029491 ], [ -2.430110071148525, 56.747529826909556 ], [ -2.430116604348513, 56.747521591703439 ], [ -2.430123137072842, 56.747513356407779 ], [ -2.430129669305671, 56.747505121019095 ], [ -2.430136201031161, 56.747496885534012 ], [ -2.430142732233475, 56.747488649949091 ], [ -2.430149262896771, 56.747480414260934 ], [ -2.430155793005213, 56.747472178466104 ], [ -2.430162322542962, 56.747463942561197 ], [ -2.430168851494179, 56.747455706542794 ], [ -2.430175379843027, 56.747447470407451 ], [ -2.430181907573663, 56.747439234151798 ], [ -2.430188434670255, 56.747430997772398 ], [ -2.430194961116956, 56.747422761265817 ], [ -2.430201486897936, 56.74741452462866 ], [ -2.430208011997351, 56.747406287857494 ], [ -2.430214536399367, 56.74739805094891 ], [ -2.430221060088138, 56.747389813899488 ], [ -2.43022758304783, 56.747381576705806 ], [ -2.430234105262607, 56.747373339364472 ], [ -2.430240626716628, 56.747365101872042 ], [ -2.430247147394052, 56.747356864225111 ], [ -2.430253667279044, 56.747348626420248 ], [ -2.430260186355765, 56.747340388454049 ], [ -2.430266704608374, 56.747332150323103 ], [ -2.430273222021037, 56.747323912023958 ], [ -2.430279738577912, 56.747315673553231 ], [ -2.430286254263159, 56.747307434907512 ], [ -2.430292769060945, 56.747299196083368 ], [ -2.430299282955429, 56.747290957077368 ], [ -2.43030579593077, 56.747282717886108 ], [ -2.430312307971132, 56.747274478506178 ], [ -2.430318819060677, 56.747266238934152 ], [ -2.430325329183567, 56.747257999166614 ], [ -2.430331838323963, 56.747249759200152 ], [ -2.430338346466025, 56.747241519031334 ], [ -2.430344853593918, 56.747233278656765 ], [ -2.430351359691799, 56.747225038073012 ], [ -2.430357864743836, 56.747216797276671 ], [ -2.430364368734183, 56.74720855626429 ], [ -2.430370871647008, 56.747200315032501 ], [ -2.430377373466471, 56.747192073577864 ], [ -2.430383874176731, 56.747183831896955 ], [ -2.430390373761954, 56.747175589986377 ], [ -2.4303968722063, 56.747167347842684 ], [ -2.430403369493928, 56.74715910546248 ], [ -2.430409865609006, 56.747150862842318 ], [ -2.43041636053569, 56.747142619978838 ], [ -2.430422854258144, 56.747134376868594 ], [ -2.430429346760531, 56.747126133508146 ], [ -2.43043583802701, 56.747117889894106 ], [ -2.430442328041746, 56.747109646023041 ], [ -2.430448816788896, 56.747101401891541 ], [ -2.430455304252628, 56.747093157496188 ], [ -2.430461790417099, 56.747084912833564 ], [ -2.430468275266475, 56.747076667900252 ], [ -2.430474758784914, 56.747068422692848 ], [ -2.43048124095658, 56.747060177207914 ], [ -2.430487721765635, 56.747051931442044 ], [ -2.43049420119624, 56.747043685391809 ], [ -2.430500679232557, 56.747035439053803 ], [ -2.430507155858749, 56.747027192424618 ], [ -2.430513631058979, 56.74701894550082 ], [ -2.430520104817404, 56.747010698279006 ], [ -2.430526577118192, 56.747002450755744 ], [ -2.430533047945499, 56.746994202927624 ], [ -2.430539517283493, 56.746985954791235 ], [ -2.430545985116333, 56.746977706343152 ], [ -2.430552451428179, 56.746969457579965 ], [ -2.430558916203197, 56.746961208498234 ], [ -2.430565379425548, 56.746952959094578 ], [ -2.430571841079394, 56.746944709365557 ], [ -2.430578301148894, 56.746936459307754 ], [ -2.430584759618214, 56.746928208917765 ], [ -2.430591216471516, 56.746919958192159 ], [ -2.430597671692959, 56.746911707127531 ], [ -2.430604125266706, 56.746903455720457 ], [ -2.430610577176922, 56.746895203967526 ], [ -2.430617027407767, 56.746886951865299 ], [ -2.430623475943403, 56.746878699410395 ], [ -2.430629922767993, 56.746870446599374 ], [ -2.430636367865697, 56.746862193428818 ], [ -2.430642811220681, 56.74685393989531 ], [ -2.430649252817104, 56.74684568599546 ], [ -2.430655692639129, 56.74683743172583 ], [ -2.43066213067092, 56.746829177082986 ], [ -2.430668566896637, 56.746820922063527 ], [ -2.430675001300441, 56.746812666664042 ], [ -2.430681433866499, 56.746804410881097 ], [ -2.43068786457897, 56.746796154711312 ], [ -2.430694293422015, 56.746787898151233 ], [ -2.430700720379801, 56.746779641197449 ], [ -2.430707145436485, 56.74677138384655 ], [ -2.430713568576232, 56.746763126095125 ], [ -2.430719989783205, 56.746754867939742 ], [ -2.430726409041565, 56.746746609376999 ], [ -2.430732826335475, 56.746738350403469 ], [ -2.430739241649097, 56.746730091015742 ], [ -2.430745654966594, 56.746721831210387 ], [ -2.430752066272127, 56.746713570983999 ], [ -2.430758475549859, 56.746705310333176 ], [ -2.430764882783953, 56.746697049254472 ], [ -2.430771287958571, 56.746688787744489 ], [ -2.430777691057877, 56.746680525799789 ], [ -2.43078409206603, 56.74667226341699 ], [ -2.430790490967196, 56.746664000592652 ], [ -2.430796887745535, 56.746655737323351 ], [ -2.430803282385212, 56.746647473605691 ], [ -2.430809674870385, 56.746639209436225 ], [ -2.43081606518522, 56.746630944811578 ], [ -2.43082245331388, 56.746622679728311 ], [ -2.430828839240527, 56.746614414182993 ], [ -2.43083522294932, 56.746606148172226 ], [ -2.430841604424427, 56.746597881692587 ], [ -2.430847983650007, 56.746589614740664 ], [ -2.430854360610224, 56.746581347313025 ], [ -2.43086073528924, 56.746573079406289 ], [ -2.430867107671219, 56.746564811016988 ], [ -2.430873477740321, 56.746556542141747 ], [ -2.43087984548071, 56.746548272777126 ], [ -2.430886210876549, 56.746540002919723 ], [ -2.430892573911999, 56.746531732566119 ], [ -2.430898934571227, 56.74652346171289 ], [ -2.430905292838389, 56.746515190356618 ], [ -2.430911648697653, 56.746506918493878 ], [ -2.43091800213318, 56.746498646121282 ], [ -2.430924353129134, 56.746490373235389 ], [ -2.430930701669674, 56.746482099832789 ], [ -2.430937047738965, 56.746473825910066 ], [ -2.430943391321172, 56.746465551463821 ], [ -2.430949732400455, 56.746457276490588 ], [ -2.430956070960976, 56.746449000986992 ], [ -2.430962406986898, 56.746440724949608 ], [ -2.430968740462389, 56.746432448375018 ], [ -2.430975071371605, 56.746424171259811 ], [ -2.430981399698712, 56.746415893600542 ], [ -2.43098772542787, 56.746407615393835 ], [ -2.430994048543249, 56.746399336636244 ], [ -2.431000369029003, 56.746391057324374 ], [ -2.431006686869301, 56.746382777454784 ], [ -2.431013002048301, 56.746374497024064 ], [ -2.43101931455017, 56.746366216028818 ], [ -2.431025624359069, 56.7463579344656 ], [ -2.431031931459163, 56.746349652331013 ], [ -2.431038235834611, 56.746341369621639 ], [ -2.43104453746958, 56.74633308633404 ], [ -2.43105083634823, 56.746324802464834 ], [ -2.431057132454725, 56.746316518010588 ], [ -2.431063425773227, 56.746308232967856 ], [ -2.431069716287901, 56.746299947333263 ], [ -2.431076003982911, 56.746291661103385 ], [ -2.431082288842416, 56.746283374274789 ], [ -2.43108857085058, 56.746275086844079 ], [ -2.431094849991569, 56.74626679880781 ], [ -2.431101126249543, 56.74625851016259 ], [ -2.431107399608666, 56.74625022090499 ], [ -2.431113670053101, 56.746241931031598 ], [ -2.431119937567009, 56.746233640539003 ], [ -2.431126202134557, 56.746225349423774 ], [ -2.431132463739908, 56.746217057682507 ], [ -2.431138722367221, 56.746208765311785 ], [ -2.431144978000663, 56.746200472308168 ], [ -2.431151230624395, 56.746192178668274 ], [ -2.431157480222582, 56.746183884388671 ], [ -2.431163726779382, 56.746175589465928 ], [ -2.431169970278967, 56.746167293896661 ], [ -2.431176210705492, 56.746158997677419 ], [ -2.431182448043123, 56.746150700804812 ], [ -2.431188682276024, 56.746142403275407 ], [ -2.431194913388359, 56.74613410508578 ], [ -2.43120114136429, 56.746125806232534 ], [ -2.431207366187979, 56.746117506712253 ], [ -2.431213587843593, 56.746109206521503 ], [ -2.431219806315288, 56.746100905656881 ], [ -2.431226021587238, 56.746092604114963 ], [ -2.431232233643597, 56.746084301892324 ], [ -2.431238442468532, 56.746075998985575 ], [ -2.431244648046206, 56.746067695391282 ], [ -2.431250850360781, 56.746059391106023 ], [ -2.431257049396423, 56.746051086126386 ], [ -2.431263245137294, 56.746042780448967 ], [ -2.431269437567555, 56.746034474070321 ], [ -2.431275626671372, 56.746026166987043 ], [ -2.431281812432909, 56.746017859195753 ], [ -2.431287994836328, 56.746009550692968 ], [ -2.431294173865793, 56.746001241475327 ], [ -2.431300349505466, 56.745992931539398 ], [ -2.431306521739514, 56.745984620881742 ], [ -2.431312690552096, 56.745976309498971 ], [ -2.431318855931891, 56.745967997388625 ], [ -2.43132501788699, 56.745959684552368 ], [ -2.431331176430717, 56.745951370992991 ], [ -2.43133733157638, 56.745943056713323 ], [ -2.431343483337302, 56.745934741716106 ], [ -2.431349631726797, 56.745926426004182 ], [ -2.43135577675818, 56.745918109580295 ], [ -2.431361918444771, 56.745909792447272 ], [ -2.431368056799887, 56.745901474607905 ], [ -2.431374191836842, 56.745893156064959 ], [ -2.431380323568952, 56.745884836821254 ], [ -2.431386452009537, 56.745876516879569 ], [ -2.431392577171911, 56.745868196242718 ], [ -2.431398699069393, 56.745859874913457 ], [ -2.431404817715299, 56.745851552894607 ], [ -2.431410933122943, 56.745843230188953 ], [ -2.431417045305643, 56.745834906799281 ], [ -2.431423154276717, 56.745826582728384 ], [ -2.43142926004948, 56.745818257979074 ], [ -2.431435362637249, 56.745809932554124 ], [ -2.43144146205334, 56.745801606456318 ], [ -2.431447558311072, 56.745793279688463 ], [ -2.431453651423761, 56.745784952253366 ], [ -2.431459741404719, 56.745776624153798 ], [ -2.431465828267266, 56.745768295392551 ], [ -2.431471912024719, 56.745759965972432 ], [ -2.431477992690394, 56.74575163589622 ], [ -2.431484070277607, 56.745743305166712 ], [ -2.431490144799676, 56.74573497378671 ], [ -2.431496216269915, 56.745726641758992 ], [ -2.431502284701641, 56.745718309086357 ], [ -2.431508350108171, 56.745709975771597 ], [ -2.431514412502823, 56.74570164181749 ], [ -2.431520471898911, 56.745693307226858 ], [ -2.431526528309752, 56.745684972002486 ], [ -2.431532581748663, 56.745676636147152 ], [ -2.431538632228962, 56.745668299663635 ], [ -2.431544679763961, 56.745659962554775 ], [ -2.43155072436698, 56.745651624823338 ], [ -2.431556766051332, 56.745643286472102 ], [ -2.431562804830338, 56.745634947503881 ], [ -2.431568840717315, 56.745626607921466 ], [ -2.431574873725572, 56.745618267727629 ], [ -2.431580903868428, 56.745609926925184 ], [ -2.431586931159205, 56.745601585516923 ], [ -2.431592955611213, 56.745593243505617 ], [ -2.431598977237773, 56.745584900894073 ], [ -2.431604996052197, 56.745576557685098 ], [ -2.431611012067805, 56.745568213881455 ], [ -2.431617025297908, 56.745559869485973 ], [ -2.431623035755829, 56.745551524501401 ], [ -2.431629043454879, 56.745543178930561 ], [ -2.431635048408376, 56.745534832776251 ], [ -2.431641050629639, 56.745526486041221 ], [ -2.431647050131979, 56.745518138728315 ], [ -2.431653046928717, 56.745509790840309 ], [ -2.431659041033167, 56.745501442379975 ], [ -2.431665032458642, 56.74549309335012 ], [ -2.431671021218464, 56.745484743753536 ], [ -2.431677007325946, 56.745476393593037 ], [ -2.431682990794407, 56.74546804287138 ], [ -2.431688971637157, 56.745459691591371 ], [ -2.43169494986752, 56.745451339755789 ], [ -2.431700925498806, 56.745442987367461 ], [ -2.431706898544332, 56.745434634429152 ], [ -2.431712869017418, 56.745426280943676 ], [ -2.431718836931378, 56.745417926913788 ], [ -2.431724802299525, 56.745409572342304 ], [ -2.43173076513518, 56.745401217232029 ], [ -2.431736725451656, 56.745392861585742 ], [ -2.43174268326227, 56.745384505406214 ], [ -2.431748638580339, 56.745376148696288 ], [ -2.431754591419176, 56.745367791458705 ], [ -2.4317605417921, 56.745359433696294 ], [ -2.431766489712426, 56.745351075411833 ], [ -2.431772435193471, 56.745342716608107 ], [ -2.43177837824855, 56.745334357287923 ], [ -2.431784318890978, 56.745325997454053 ], [ -2.431790257134073, 56.745317637109316 ], [ -2.43179619299115, 56.745309276256471 ], [ -2.431802126475525, 56.745300914898372 ], [ -2.431808057600513, 56.745292553037721 ], [ -2.431813986379431, 56.745284190677395 ], [ -2.431819912825596, 56.745275827820137 ], [ -2.431825836952323, 56.745267464468746 ], [ -2.431831758772929, 56.745259100626029 ], [ -2.431837678300727, 56.745250736294764 ], [ -2.431843595549035, 56.745242371477751 ], [ -2.431849510531168, 56.745234006177789 ], [ -2.431855423260442, 56.74522564039767 ], [ -2.431861333750175, 56.74521727414016 ], [ -2.431867242013679, 56.745208907408077 ], [ -2.431873148064273, 56.745200540204223 ], [ -2.431879051915272, 56.745192172531347 ], [ -2.431884953579993, 56.745183804392276 ], [ -2.431890853071746, 56.74517543578979 ], [ -2.431896750403857, 56.745167066726701 ], [ -2.431902645589633, 56.745158697205781 ], [ -2.431908538642393, 56.745150327229815 ], [ -2.431914429575454, 56.745141956801611 ], [ -2.431920318402129, 56.745133585923966 ], [ -2.431926205135735, 56.745125214599661 ], [ -2.43193208978959, 56.7451168428315 ], [ -2.431937972377005, 56.74510847062227 ], [ -2.431943852911301, 56.745100097974728 ], [ -2.431949731405789, 56.745091724891736 ], [ -2.431955607873789, 56.745083351376017 ], [ -2.431961482328613, 56.745074977430427 ], [ -2.43196735478358, 56.745066603057694 ], [ -2.431973225252002, 56.745058228260667 ], [ -2.431979093747198, 56.745049853042111 ], [ -2.431984960282482, 56.745041477404811 ], [ -2.43199082487117, 56.745033101351588 ], [ -2.431996687526577, 56.745024724885191 ], [ -2.43200254826202, 56.745016348008441 ], [ -2.432008407090815, 56.745007970724139 ], [ -2.432014264026274, 56.744999593035075 ], [ -2.432020119081717, 56.744991214944001 ], [ -2.432025972270456, 56.744982836453765 ], [ -2.432031823605809, 56.74497445756711 ], [ -2.432037673101091, 56.744966078286865 ], [ -2.43204352076962, 56.744957698615806 ], [ -2.432049366624706, 56.744949318556742 ], [ -2.432055210679669, 56.744940938112435 ], [ -2.432061052947823, 56.744932557285694 ], [ -2.432066893442483, 56.744924176079316 ], [ -2.432072732176964, 56.74491579449608 ], [ -2.432078569164585, 56.744907412538794 ], [ -2.432084404418658, 56.744899030210242 ], [ -2.4320902379525, 56.744890647513223 ], [ -2.432096069779427, 56.744882264450503 ], [ -2.432101899912753, 56.744873881024915 ], [ -2.432107728365793, 56.744865497239218 ], [ -2.432113555151865, 56.744857113096216 ], [ -2.432119380284282, 56.744848728598711 ], [ -2.432125203776362, 56.744840343749487 ], [ -2.432131025641417, 56.744831958551323 ], [ -2.432136845892765, 56.744823573007054 ], [ -2.432142664543719, 56.744815187119414 ], [ -2.432148481607599, 56.744806800891219 ], [ -2.432154297097716, 56.744798414325274 ], [ -2.432160111027387, 56.744790027424365 ], [ -2.432165923409925, 56.744781640191277 ], [ -2.432171734258651, 56.744773252628804 ], [ -2.432177543586874, 56.74476486473975 ], [ -2.432183351407914, 56.744756476526895 ], [ -2.432189157735084, 56.744748087993024 ], [ -2.432194962581699, 56.744739699140958 ], [ -2.432200765961076, 56.744731309973453 ], [ -2.432206567886529, 56.744722920493324 ], [ -2.432212368371373, 56.744714530703369 ], [ -2.432218167428924, 56.744706140606361 ], [ -2.4322239650725, 56.744697750205084 ], [ -2.43222976131541, 56.744689359502374 ], [ -2.432235556170973, 56.744680968500987 ], [ -2.432241349652505, 56.74467257720373 ], [ -2.432247141773323, 56.744664185613367 ], [ -2.432252932546736, 56.744655793732733 ], [ -2.432258721986061, 56.744647401564585 ], [ -2.432264510104617, 56.744639009111737 ], [ -2.432270296915717, 56.744630616376973 ], [ -2.432276082432675, 56.744622223363081 ], [ -2.432281866668809, 56.744613830072865 ], [ -2.432287649637431, 56.744605436509104 ], [ -2.432293431351857, 56.744597042674606 ], [ -2.432299211825405, 56.744588648572126 ], [ -2.432304991071386, 56.744580254204521 ], [ -2.432310769103118, 56.744571859574535 ], [ -2.432316545933915, 56.744563464684965 ], [ -2.432322321577091, 56.744555069538599 ], [ -2.432328096045964, 56.744546674138249 ], [ -2.432333869353845, 56.744538278486701 ], [ -2.432334129067878, 56.744537900719543 ] ] ], [ [ [ -2.429248117358132, 56.748619481491467 ], [ -2.429243844306081, 56.748625128317322 ], [ -2.429237574537265, 56.748633421688901 ], [ -2.429231309889591, 56.748641716228271 ], [ -2.429225050392794, 56.748650011941784 ], [ -2.429218796076605, 56.748658308835793 ], [ -2.429212546970759, 56.748666606916636 ], [ -2.429206303104989, 56.748674906190686 ], [ -2.429200064509025, 56.748683206664296 ], [ -2.429193831212606, 56.748691508343825 ], [ -2.42918760324546, 56.748699811235603 ], [ -2.429181380637322, 56.748708115346012 ], [ -2.429175163417925, 56.74871642068139 ], [ -2.429168951617004, 56.74872472724811 ], [ -2.429162745264291, 56.74873303505251 ], [ -2.429156544389517, 56.748741344100942 ], [ -2.42915034902242, 56.748749654399774 ], [ -2.429144159192728, 56.748757965955356 ], [ -2.42913797493018, 56.748766278774028 ], [ -2.429131796264504, 56.748774592862169 ], [ -2.429125623225438, 56.748782908226111 ], [ -2.429119455842711, 56.748791224872214 ], [ -2.429113294146062, 56.748799542806857 ], [ -2.429107138165218, 56.748807862036365 ], [ -2.429100987929917, 56.748816182567111 ], [ -2.429094843469893, 56.748824504405427 ], [ -2.429088704814876, 56.748832827557699 ], [ -2.429082571994602, 56.748841152030266 ], [ -2.429076445038803, 56.748849477829467 ], [ -2.429070323977216, 56.748857804961673 ], [ -2.42906420883957, 56.748866133433246 ], [ -2.429058099638153, 56.748874463245762 ], [ -2.429051996270522, 56.748882794369528 ], [ -2.429045898587883, 56.748891126762153 ], [ -2.429039806441321, 56.748899460381217 ], [ -2.429033719681919, 56.74890779518438 ], [ -2.429027638160759, 56.748916131129199 ], [ -2.429021561728918, 56.748924468173286 ], [ -2.429015490237481, 56.74893280627424 ], [ -2.429009423537531, 56.748941145389644 ], [ -2.429003361480145, 56.748949485477127 ], [ -2.428997303916409, 56.748957826494248 ], [ -2.428991250697401, 56.748966168398645 ], [ -2.428985201674202, 56.748974511147892 ], [ -2.428979156697895, 56.748982854699591 ], [ -2.428973115619559, 56.748991199011357 ], [ -2.428967078290275, 56.748999544040771 ], [ -2.428961044561124, 56.74900788974545 ], [ -2.428955014283189, 56.74901623608298 ], [ -2.428948987307545, 56.74902458301095 ], [ -2.428942963485278, 56.749032930486983 ], [ -2.428936942667463, 56.749041278468653 ], [ -2.428930924705185, 56.749049626913575 ], [ -2.42892490944952, 56.749057975779351 ], [ -2.42891889675155, 56.749066325023563 ], [ -2.428912886462353, 56.749074674603825 ], [ -2.428906878433012, 56.74908302447772 ], [ -2.428900872514603, 56.74909137460287 ], [ -2.428894868558209, 56.749099724936855 ], [ -2.428888866414907, 56.749108075437263 ], [ -2.428882865935775, 56.749116426061725 ], [ -2.428876866971897, 56.749124776767822 ], [ -2.428870869374347, 56.749133127513133 ], [ -2.428864872994206, 56.749141478255289 ], [ -2.428858877682554, 56.749149828951865 ], [ -2.428852883290468, 56.749158179560474 ], [ -2.42884688966903, 56.749166530038714 ], [ -2.428840896669311, 56.749174880344171 ], [ -2.428834904142398, 56.749183230434454 ], [ -2.428828911939365, 56.749191580267158 ], [ -2.428822919911292, 56.749199929799893 ], [ -2.428816927909254, 56.749208278990217 ], [ -2.428810935784331, 56.749216627795782 ], [ -2.428804943387602, 56.749224976174148 ], [ -2.428798950570146, 56.74923332408293 ], [ -2.428792957183036, 56.749241671479702 ], [ -2.428786963077353, 56.749250018322101 ], [ -2.428780968104173, 56.749258364567702 ], [ -2.428774972114575, 56.749266710174098 ], [ -2.428768974959635, 56.749275055098892 ], [ -2.428762976490433, 56.749283399299699 ], [ -2.428756976558042, 56.749291742734094 ], [ -2.428750975013538, 56.749300085359685 ], [ -2.428744971708007, 56.749308427134054 ], [ -2.428738966492515, 56.749316768014843 ], [ -2.428732959218145, 56.749325107959592 ], [ -2.428726949735971, 56.749333446925938 ], [ -2.42872093789707, 56.749341784871461 ], [ -2.428714923552519, 56.749350121753771 ], [ -2.428708906553394, 56.749358457530441 ], [ -2.428702886750771, 56.749366792159108 ], [ -2.428696863995727, 56.749375125597325 ], [ -2.428690838139335, 56.749383457802722 ], [ -2.428684809032676, 56.749391788732886 ], [ -2.428678776526822, 56.749400118345427 ], [ -2.428672740472848, 56.749408446597904 ], [ -2.428666700721831, 56.749416773447969 ], [ -2.428660657124849, 56.749425098853173 ], [ -2.428654609532973, 56.749433422771133 ], [ -2.42864855779728, 56.749441745159444 ], [ -2.428642501768845, 56.749450065975701 ], [ -2.428636441298745, 56.749458385177512 ], [ -2.428630376238051, 56.749466702722458 ], [ -2.42862430643784, 56.749475018568148 ], [ -2.428618231749187, 56.749483332672177 ], [ -2.428612152023168, 56.74949164499214 ], [ -2.428606067110854, 56.749499955485632 ], [ -2.428599976863325, 56.749508264110254 ], [ -2.428593881131647, 56.749516570823587 ], [ -2.428587779766902, 56.749524875583255 ], [ -2.428581672624389, 56.749533178347846 ], [ -2.428575559792186, 56.749541479130258 ], [ -2.428569441707673, 56.749549778025028 ], [ -2.428563318836964, 56.7495580751334 ], [ -2.428557191646171, 56.749566370556536 ], [ -2.428551060601416, 56.749574664395723 ], [ -2.42854492616881, 56.749582956752143 ], [ -2.428538788814475, 56.749591247727025 ], [ -2.428532649004522, 56.749599537421595 ], [ -2.428526507205075, 56.749607825937048 ], [ -2.428520363882245, 56.74961611337465 ], [ -2.428514219502158, 56.749624399835604 ], [ -2.428508074530927, 56.749632685421112 ], [ -2.428501929434671, 56.749640970232413 ], [ -2.42849578467951, 56.749649254370738 ], [ -2.428489640731564, 56.749657537937296 ], [ -2.428483498056953, 56.749665821033297 ], [ -2.428477357121796, 56.749674103759993 ], [ -2.428471218392214, 56.749682386218588 ], [ -2.42846508233433, 56.749690668510304 ], [ -2.428458949414261, 56.749698950736359 ], [ -2.428452820098129, 56.749707232997991 ], [ -2.428446694852061, 56.74971551539641 ], [ -2.428440574142176, 56.749723798032839 ], [ -2.428434458434595, 56.74973208100851 ], [ -2.428428348195441, 56.749740364424639 ], [ -2.42842224389084, 56.74974864838245 ], [ -2.428416145986915, 56.749756932983168 ], [ -2.428410054949787, 56.749765218328015 ], [ -2.428403971245583, 56.74977350451821 ], [ -2.428397895340427, 56.749781791654982 ], [ -2.428391827700444, 56.749790079839556 ], [ -2.428385768791759, 56.749798369173142 ], [ -2.428379719080498, 56.749806659756992 ], [ -2.428373679032786, 56.749814951692294 ], [ -2.428367649114749, 56.7498232450803 ], [ -2.428361629792515, 56.749831540022214 ], [ -2.428355621532212, 56.749839836619259 ], [ -2.428349624797095, 56.749848134984987 ], [ -2.428343640046184, 56.749856435251047 ], [ -2.428337667755568, 56.749864737475953 ], [ -2.42833170839138, 56.7498730417609 ], [ -2.428325762419746, 56.749881348207147 ], [ -2.428319830306799, 56.749889656915883 ], [ -2.428313912518661, 56.749897967988367 ], [ -2.428308009521467, 56.749906281525796 ], [ -2.428302121781347, 56.749914597629413 ], [ -2.428296249764429, 56.74992291640045 ], [ -2.428290393936845, 56.749931237940118 ], [ -2.428284554764724, 56.749939562349653 ], [ -2.428278732714201, 56.749947889730272 ], [ -2.428272928251408, 56.749956220183201 ], [ -2.428267141842472, 56.749964553809676 ], [ -2.42826137395353, 56.749972890710907 ], [ -2.428255625050714, 56.749981230988134 ], [ -2.428249895600156, 56.749989574742585 ], [ -2.428244186067992, 56.74999792207548 ], [ -2.428238496920352, 56.750006273088033 ], [ -2.428232828623373, 56.750014627881491 ], [ -2.42822718164319, 56.75002298655707 ], [ -2.428221556445935, 56.750031349216009 ], [ -2.428215953497748, 56.750039715959517 ], [ -2.428210373264763, 56.750048086888825 ], [ -2.428204816213113, 56.750056462105164 ], [ -2.428199282808937, 56.750064841709758 ], [ -2.428193773518372, 56.75007322580386 ], [ -2.428188288807557, 56.75008161448865 ], [ -2.428182829142626, 56.750090007865381 ], [ -2.428177394989717, 56.750098406035285 ], [ -2.428171986814972, 56.750106809099584 ], [ -2.428166605084528, 56.750115217159504 ], [ -2.42816125026452, 56.750123630316246 ], [ -2.428155922821094, 56.750132048671098 ], [ -2.428150623220385, 56.750140472325249 ], [ -2.428145351928538, 56.750148901379916 ], [ -2.428140109411687, 56.75015733593635 ], [ -2.428134896135979, 56.750165776095763 ], [ -2.428129712567552, 56.750174221959398 ], [ -2.42812455917255, 56.750182673628473 ], [ -2.428119436417112, 56.750191131204225 ], [ -2.428114344767386, 56.750199594787865 ], [ -2.428109284689506, 56.750208064480645 ], [ -2.428104256649626, 56.750216540383761 ], [ -2.428099261113881, 56.750225022598457 ], [ -2.42809429854842, 56.750233511225993 ], [ -2.428089369419385, 56.75024200636755 ], [ -2.428084474192923, 56.750250508124367 ], [ -2.428079613335178, 56.750259016597695 ], [ -2.428074787312296, 56.750267531888731 ], [ -2.42806999659042, 56.750276054098727 ], [ -2.428065241635703, 56.750284583328913 ], [ -2.428060522890978, 56.750293119675682 ], [ -2.428055840173711, 56.750301663106114 ], [ -2.428051192621965, 56.750310213446809 ], [ -2.428046579339673, 56.750318770517254 ], [ -2.428041999430759, 56.750327334137012 ], [ -2.428037451999153, 56.750335904125578 ], [ -2.428032936148781, 56.750344480302481 ], [ -2.428028450983568, 56.750353062487235 ], [ -2.428023995607441, 56.750361650499364 ], [ -2.428019569124321, 56.750370244158397 ], [ -2.428015170638138, 56.750378843283819 ], [ -2.428010799252811, 56.750387447695182 ], [ -2.428006454072262, 56.750396057212008 ], [ -2.428002134200414, 56.750404671653811 ], [ -2.42799783874119, 56.7504132908401 ], [ -2.427993566798507, 56.75042191459039 ], [ -2.427989317476285, 56.750430542724217 ], [ -2.427985089878446, 56.750439175061111 ], [ -2.427980883108904, 56.75044781142055 ], [ -2.42797669627158, 56.750456451622071 ], [ -2.427972528470389, 56.750465095485218 ], [ -2.427968378809248, 56.75047374282947 ], [ -2.427964246392071, 56.750482393474364 ], [ -2.427960130322771, 56.750491047239429 ], [ -2.427956029705266, 56.750499703944151 ], [ -2.427951943643468, 56.750508363408073 ], [ -2.427947871241289, 56.750517025450719 ], [ -2.427943811602639, 56.750525689891582 ], [ -2.427939763831428, 56.750534356550183 ], [ -2.427935727031572, 56.750543025246067 ], [ -2.427931700306973, 56.750551695798727 ], [ -2.427927682761546, 56.750560368027671 ], [ -2.427923673499195, 56.750569041752442 ], [ -2.42791967162383, 56.750577716792534 ], [ -2.427915676239354, 56.750586392967485 ], [ -2.427911686449676, 56.750595070096793 ], [ -2.427907701358698, 56.750603747999982 ], [ -2.427903720070328, 56.750612426496566 ], [ -2.427899741688466, 56.750621105406061 ], [ -2.427895765317017, 56.750629784547989 ], [ -2.42789179005988, 56.750638463741844 ], [ -2.427887815020958, 56.750647142807182 ], [ -2.427883839304154, 56.750655821563484 ], [ -2.427879862013365, 56.750664499830265 ], [ -2.427875882252491, 56.750673177427068 ], [ -2.427871899125431, 56.750681854173379 ], [ -2.427867911736079, 56.750690529888736 ], [ -2.427863919188336, 56.750699204392646 ], [ -2.427859920586096, 56.75070787750461 ], [ -2.427855915033255, 56.750716549044164 ], [ -2.427851901633706, 56.750725218830809 ], [ -2.427847879491345, 56.75073388668406 ], [ -2.427843847710064, 56.750742552423432 ], [ -2.427839805393756, 56.750751215868441 ], [ -2.42783575164631, 56.750759876838607 ], [ -2.427831685571622, 56.750768535153433 ], [ -2.42782760627358, 56.750777190632448 ], [ -2.427823512856067, 56.750785843095144 ], [ -2.427819404422982, 56.750794492361052 ], [ -2.427815280078206, 56.750803138249687 ], [ -2.42781113892563, 56.750811780580541 ], [ -2.427806980069139, 56.750820419173145 ], [ -2.427802802612617, 56.750829053847006 ], [ -2.427798605659951, 56.75083768442164 ], [ -2.427794388315025, 56.750846310716554 ], [ -2.427790149681726, 56.750854932551263 ], [ -2.427785888863931, 56.750863549745283 ], [ -2.427781604965523, 56.750872162118135 ], [ -2.427777297090387, 56.750880769489306 ], [ -2.427772964342402, 56.750889371678333 ], [ -2.427768605825447, 56.750897968504709 ], [ -2.427764220643403, 56.75090655978795 ], [ -2.427759807900148, 56.750915145347591 ], [ -2.427755366699558, 56.750923725003098 ], [ -2.427750896145512, 56.750932298574021 ], [ -2.427746395341889, 56.750940865879855 ], [ -2.42774186339256, 56.750949426740114 ], [ -2.427737299401403, 56.750957980974306 ], [ -2.427732702472291, 56.750966528401953 ], [ -2.4277280717091, 56.750975068842543 ], [ -2.427723406215701, 56.75098360211561 ], [ -2.427718705095968, 56.750992128040636 ], [ -2.427713967453771, 56.751000646437156 ], [ -2.427709192392981, 56.751009157124692 ], [ -2.427704379017469, 56.751017659922709 ], [ -2.427699526431106, 56.751026154650745 ], [ -2.42769463373776, 56.751034641128314 ], [ -2.427689700041297, 56.751043119174902 ], [ -2.427684724445592, 56.751051588610032 ], [ -2.427679706054502, 56.751060049253226 ], [ -2.4276746439719, 56.751068500923971 ], [ -2.427669537301653, 56.751076943441774 ], [ -2.427664385575868, 56.751085376686568 ], [ -2.427659190678941, 56.751093800870045 ], [ -2.427653955298683, 56.751102216317236 ], [ -2.427648682123596, 56.75111062335327 ], [ -2.427643373842196, 56.751119022303271 ], [ -2.427638033142986, 56.75112741349237 ], [ -2.427632662714483, 56.751135797245695 ], [ -2.4276272652452, 56.751144173888378 ], [ -2.427621843423654, 56.75115254374554 ], [ -2.427616399938366, 56.751160907142328 ], [ -2.427610937477856, 56.751169264403877 ], [ -2.427605458730648, 56.751177615855283 ], [ -2.427599966385269, 56.751185961821704 ], [ -2.427594463130248, 56.751194302628271 ], [ -2.427588951654112, 56.75120263860012 ], [ -2.427583434645396, 56.751210970062381 ], [ -2.427577914792633, 56.751219297340171 ], [ -2.427572394784363, 56.751227620758641 ], [ -2.427566877309123, 56.751235940642935 ], [ -2.427561365055451, 56.75124425731817 ], [ -2.427555860711897, 56.751252571109475 ], [ -2.427550366967001, 56.751260882342017 ], [ -2.427544886509313, 56.75126919134091 ], [ -2.427539422027384, 56.7512774984313 ], [ -2.427533976209763, 56.751285803938316 ], [ -2.427528551745005, 56.751294108187111 ], [ -2.427523151321671, 56.751302411502806 ], [ -2.427517777628312, 56.751310714210554 ], [ -2.427512433353493, 56.751319016635492 ], [ -2.427507121185778, 56.751327319102764 ], [ -2.427501843813728, 56.751335621937493 ], [ -2.427496603925914, 56.751343925464845 ], [ -2.427491404210903, 56.751352230009935 ], [ -2.427486247357267, 56.751360535897931 ], [ -2.42748113605358, 56.751368843453967 ], [ -2.427476072988417, 56.751377153003183 ], [ -2.427471060850356, 56.751385464870701 ], [ -2.427466102327981, 56.751393779381715 ], [ -2.427461200109869, 56.751402096861312 ], [ -2.427456356884608, 56.751410417634681 ], [ -2.427451574824786, 56.751418742894323 ], [ -2.427446853818037, 56.751427077673576 ], [ -2.427442193119735, 56.751435428068589 ], [ -2.427437591985219, 56.751443800175565 ], [ -2.427433049669833, 56.751452200090696 ], [ -2.427428565428912, 56.751460633910177 ], [ -2.427424138517791, 56.751469107730159 ], [ -2.427419768191803, 56.751477627646864 ], [ -2.427415453706272, 56.751486199756478 ], [ -2.427411194316525, 56.751494830155174 ], [ -2.427406989277886, 56.75150352493916 ], [ -2.427402837845669, 56.751512290204587 ], [ -2.427398739275196, 56.751521132047664 ], [ -2.427394692821777, 56.75153005656459 ], [ -2.427390697740726, 56.751539069851532 ], [ -2.427386753287352, 56.751548178004683 ], [ -2.427382858716955, 56.751557387120229 ], [ -2.427379013284846, 56.75156670329433 ], [ -2.427375216246323, 56.751576132623214 ], [ -2.427371466852188, 56.751585681195941 ], [ -2.427367757598661, 56.751595344427997 ], [ -2.427364060651294, 56.751605085608325 ], [ -2.42736034436602, 56.75161486200593 ], [ -2.427356577098753, 56.751624630889815 ], [ -2.42735272720539, 56.751634349528977 ], [ -2.427348763041814, 56.751643975192415 ], [ -2.427344652963897, 56.751653465149104 ], [ -2.427340365327497, 56.751662776668027 ], [ -2.427335868488468, 56.75167186701816 ], [ -2.427331130802658, 56.751680693468501 ], [ -2.427326120625914, 56.751689213287968 ], [ -2.427320806314095, 56.751697383745572 ], [ -2.427315156223065, 56.751705162110248 ], [ -2.427309138708714, 56.751712505650936 ], [ -2.427302722126953, 56.751719371636547 ], [ -2.427295874833726, 56.751725717336051 ], [ -2.427288565185028, 56.751731500018352 ], [ -2.4272807615369, 56.751736676952348 ], [ -2.427272432245443, 56.751741205406923 ], [ -2.427263545666843, 56.751745042650988 ], [ -2.427111438653953, 56.751724946037832 ], [ -2.427182940431939, 56.751716185758298 ], [ -2.427190415394325, 56.751711430068767 ], [ -2.427197729475137, 56.751706423003228 ], [ -2.427204887351956, 56.751701171993581 ], [ -2.427211893702372, 56.751695684471684 ], [ -2.427218753203987, 56.751689967869417 ], [ -2.427225470534404, 56.751684029618652 ], [ -2.427232050371241, 56.751677877151266 ], [ -2.427238497392116, 56.751671517899119 ], [ -2.427244816274658, 56.751664959294075 ], [ -2.427251011696502, 56.751658208768021 ], [ -2.427257088335284, 56.751651273752806 ], [ -2.427263050868652, 56.751644161680296 ], [ -2.427268903974248, 56.75163687998235 ], [ -2.427274652329731, 56.751629436090859 ], [ -2.427280300612752, 56.751621837437639 ], [ -2.427285853500969, 56.751614091454577 ], [ -2.427291315672048, 56.751606205573545 ], [ -2.427296691803648, 56.751598187226357 ], [ -2.427301986573443, 56.751590043844921 ], [ -2.427307204659092, 56.751581782861066 ], [ -2.427312350738267, 56.751573411706659 ], [ -2.427317429488645, 56.751564937813541 ], [ -2.427322445587887, 56.751556368613571 ], [ -2.427327403713673, 56.751547711538606 ], [ -2.427332308543674, 56.751538974020505 ], [ -2.427337164755559, 56.751530163491111 ], [ -2.427341977027008, 56.751521287382275 ], [ -2.427346750035686, 56.751512353125825 ], [ -2.427351488459272, 56.751503368153649 ], [ -2.42735619697543, 56.751494339897583 ], [ -2.42736088026184, 56.751485275789463 ], [ -2.427365542996168, 56.751476183261154 ], [ -2.427370189856086, 56.751467069744479 ], [ -2.427374825519261, 56.751457942671315 ], [ -2.427379454663362, 56.751448809473473 ], [ -2.427384081966057, 56.751439677582809 ], [ -2.427388712105012, 56.751430554431195 ], [ -2.427393349757892, 56.75142144745044 ], [ -2.427397999602364, 56.751412364072394 ], [ -2.427402666316088, 56.751403311728915 ], [ -2.42740735405955, 56.751394297034203 ], [ -2.427412063518386, 56.751385321108934 ], [ -2.42741679394706, 56.751376382811223 ], [ -2.427421544595592, 56.75136748099213 ], [ -2.427426314714001, 56.75135861450272 ], [ -2.427431103552307, 56.751349782194048 ], [ -2.427435910360528, 56.751340982917178 ], [ -2.427440734388688, 56.751332215523192 ], [ -2.427445574886801, 56.751323478863164 ], [ -2.427450431104893, 56.751314771788131 ], [ -2.427455302292983, 56.751306093149168 ], [ -2.427460187701089, 56.751297441797362 ], [ -2.427465086579233, 56.751288816583745 ], [ -2.427469998177437, 56.751280216359405 ], [ -2.427474921745725, 56.751271639975414 ], [ -2.427479856534112, 56.751263086282812 ], [ -2.427484801792624, 56.7512545541327 ], [ -2.427489756771282, 56.751246042376117 ], [ -2.427494720720107, 56.751237549864136 ], [ -2.42749969288912, 56.751229075447831 ], [ -2.427504672528343, 56.751220617978262 ], [ -2.427509658887799, 56.751212176306502 ], [ -2.427514651217508, 56.751203749283604 ], [ -2.427519648767494, 56.751195335760663 ], [ -2.427524650787781, 56.751186934588731 ], [ -2.427529656528386, 56.751178544618867 ], [ -2.427534665239335, 56.751170164702152 ], [ -2.42753967617065, 56.751161793689619 ], [ -2.427544688572354, 56.751153430432403 ], [ -2.427549701694466, 56.751145073781515 ], [ -2.427554714787014, 56.751136722588051 ], [ -2.427559727100016, 56.751128375703061 ], [ -2.427564737883499, 56.751120031977621 ], [ -2.42756974638748, 56.75111169026281 ], [ -2.427574751861988, 56.751103349409675 ], [ -2.427579753557041, 56.75109500826931 ], [ -2.427584750722665, 56.751086665692753 ], [ -2.427589742608881, 56.751078320531114 ], [ -2.427594728465716, 56.751069971635417 ], [ -2.427599707543186, 56.751061617856777 ], [ -2.427604679172085, 56.751053258150051 ], [ -2.427609643292495, 56.751044892253539 ], [ -2.4276146001225, 56.751036520262879 ], [ -2.427619549881605, 56.75102814227558 ], [ -2.427624492789317, 56.751019758389148 ], [ -2.427629429065138, 56.751011368701064 ], [ -2.427634358928576, 56.75100297330885 ], [ -2.427639282599137, 56.750994572309978 ], [ -2.427644200296324, 56.750986165801955 ], [ -2.427649112239641, 56.750977753882289 ], [ -2.427654018648593, 56.750969336648474 ], [ -2.427658919742687, 56.750960914198011 ], [ -2.427663815741426, 56.750952486628371 ], [ -2.427668706864312, 56.750944054037063 ], [ -2.427673593330853, 56.750935616521623 ], [ -2.42767847536055, 56.750927174179495 ], [ -2.427683353172907, 56.750918727108221 ], [ -2.427688226987429, 56.750910275405275 ], [ -2.427693097023617, 56.750901819168149 ], [ -2.427697963500979, 56.750893358494352 ], [ -2.427702826639015, 56.750884893481363 ], [ -2.427707686657225, 56.750876424226711 ], [ -2.42771254377512, 56.750867950827875 ], [ -2.427717398212195, 56.750859473382349 ], [ -2.427722250187959, 56.750850991987633 ], [ -2.427727099921906, 56.750842506741236 ], [ -2.427731947633547, 56.750834017740644 ], [ -2.42773679354238, 56.75082552508335 ], [ -2.427741637867908, 56.750817028866869 ], [ -2.427746480829634, 56.750808529188667 ], [ -2.427751322647057, 56.75080002614628 ], [ -2.427756163539684, 56.750791519837172 ], [ -2.427761003727008, 56.750783010358852 ], [ -2.427765843428537, 56.750774497808827 ], [ -2.427770682863767, 56.750765982284577 ], [ -2.427775522252207, 56.750757463883616 ], [ -2.42778036181335, 56.750748942703446 ], [ -2.427785201766702, 56.750740418841524 ], [ -2.427790042331758, 56.750731892395372 ], [ -2.427794883728025, 56.750723363462498 ], [ -2.427799726174998, 56.750714832140382 ], [ -2.427804569892181, 56.750706298526545 ], [ -2.427809415099073, 56.750697762718431 ], [ -2.42781426201517, 56.750689224813605 ], [ -2.427819110859975, 56.750680684909511 ], [ -2.42782396185299, 56.750672143103671 ], [ -2.42782881521371, 56.750663599493571 ], [ -2.427833671161637, 56.750655054176718 ], [ -2.427838529916267, 56.750646507250593 ], [ -2.427843391697104, 56.75063795881271 ], [ -2.427848256723641, 56.750629408960535 ], [ -2.427853125215382, 56.750620857791603 ], [ -2.427857997391821, 56.750612305403379 ], [ -2.427862873472462, 56.750603751893379 ], [ -2.427867753676796, 56.750595197359097 ], [ -2.427872638224325, 56.750586641898025 ], [ -2.427877527334545, 56.750578085607664 ], [ -2.427882421226959, 56.750569528585494 ], [ -2.427887320121059, 56.750560970929037 ], [ -2.427892224236345, 56.750552412735757 ], [ -2.427897133792313, 56.750543854103178 ], [ -2.427902049008462, 56.750535295128792 ], [ -2.427906970104287, 56.750526735910078 ], [ -2.427911897299285, 56.750518176544546 ], [ -2.427916830812957, 56.750509617129687 ], [ -2.427921770864792, 56.750501057762989 ], [ -2.427926717674291, 56.750492498541959 ], [ -2.427931671460951, 56.750483939564106 ], [ -2.427936632444268, 56.750475380926886 ], [ -2.427941600843737, 56.750466822727837 ], [ -2.427946576878851, 56.750458265064431 ], [ -2.42795156076911, 56.750449708034168 ], [ -2.427956552734006, 56.750441151734549 ], [ -2.427961552993039, 56.75043259626306 ], [ -2.427966561765703, 56.750424041717189 ], [ -2.42797157927149, 56.750415488194463 ], [ -2.427976605729897, 56.750406935792348 ], [ -2.427981641360416, 56.750398384608346 ], [ -2.427986686382547, 56.75038983473997 ], [ -2.427991741015782, 56.750381286284693 ], [ -2.427996805479614, 56.750372739340023 ], [ -2.428001879993539, 56.750364194003438 ], [ -2.428006964777051, 56.750355650372448 ], [ -2.428012060049642, 56.75034710854456 ], [ -2.428017166030807, 56.750338568617238 ], [ -2.428022282940041, 56.750330030687998 ], [ -2.428027410996838, 56.750321494854333 ], [ -2.428032550420689, 56.75031296121373 ], [ -2.428037701431088, 56.750304429863696 ], [ -2.428042864247526, 56.750295900901705 ], [ -2.4280480390895, 56.750287374425284 ], [ -2.428053226128274, 56.750278850512906 ], [ -2.428058425349055, 56.75027032916983 ], [ -2.428063636692194, 56.750261810383556 ], [ -2.428068860098038, 56.750253294141679 ], [ -2.428074095506939, 56.750244780431764 ], [ -2.428079342859243, 56.750236269241341 ], [ -2.428084602095302, 56.750227760557983 ], [ -2.428089873155462, 56.750219254369256 ], [ -2.428095155980076, 56.750210750662688 ], [ -2.428100450509489, 56.750202249425868 ], [ -2.428105756684055, 56.750193750646339 ], [ -2.42811107444412, 56.75018525431166 ], [ -2.428116403730035, 56.750176760409381 ], [ -2.428121744482148, 56.750168268927062 ], [ -2.42812709664081, 56.750159779852247 ], [ -2.428132460146371, 56.750151293172543 ], [ -2.428137834939178, 56.750142808875459 ], [ -2.428143220959583, 56.750134326948576 ], [ -2.428148618147937, 56.750125847379415 ], [ -2.428154026444584, 56.750117370155586 ], [ -2.428159445789883, 56.75010889526461 ], [ -2.428164876124175, 56.750100422694054 ], [ -2.428170317387815, 56.750091952431468 ], [ -2.428175769521151, 56.750083484464426 ], [ -2.428181232464534, 56.750075018780464 ], [ -2.428186706158314, 56.750066555367169 ], [ -2.428192190542841, 56.750058094212051 ], [ -2.428197685558466, 56.75004963530273 ], [ -2.428203191145538, 56.750041178626716 ], [ -2.428208707244409, 56.750032724171575 ], [ -2.428214233795425, 56.750024271924872 ], [ -2.428219770738941, 56.750015821874165 ], [ -2.428225318015306, 56.750007374006998 ], [ -2.428230875564872, 56.749998928310951 ], [ -2.428236443327986, 56.749990484773562 ], [ -2.428242021245002, 56.749982043382396 ], [ -2.428247609256269, 56.749973604125003 ], [ -2.428253207302137, 56.749965166988964 ], [ -2.428258815322957, 56.749956731961788 ], [ -2.428264433259082, 56.74994829903109 ], [ -2.428270061050862, 56.749939868184399 ], [ -2.428275698638645, 56.749931439409266 ], [ -2.428281345962787, 56.749923012693252 ], [ -2.428287002963633, 56.749914588023927 ], [ -2.42829266958154, 56.749906165388829 ], [ -2.428298345756855, 56.749897744775531 ], [ -2.42830403142993, 56.749889326171584 ], [ -2.428309726541118, 56.749880909564553 ], [ -2.428315431030768, 56.749872494941975 ], [ -2.42832114483923, 56.749864082291445 ], [ -2.428326867906861, 56.749855671600471 ], [ -2.428332600174008, 56.749847262856669 ], [ -2.428338341569523, 56.749838856096787 ], [ -2.428344092043751, 56.749830451265659 ], [ -2.428349851538565, 56.749822048344313 ], [ -2.428355619994317, 56.74981364732033 ], [ -2.428361397351359, 56.749805248181254 ], [ -2.428367183550039, 56.749796850914649 ], [ -2.428372978530712, 56.749788455508053 ], [ -2.428378782233728, 56.749780061949046 ], [ -2.428384594599441, 56.749771670225172 ], [ -2.428390415568203, 56.749763280324004 ], [ -2.428396245080361, 56.749754892233099 ], [ -2.428402083076272, 56.749746505939981 ], [ -2.428407929496288, 56.749738121432252 ], [ -2.428413784280759, 56.74972973869744 ], [ -2.428419647370036, 56.749721357723118 ], [ -2.428425518704473, 56.749712978496831 ], [ -2.428431398224421, 56.749704601006165 ], [ -2.428437285870238, 56.74969622523863 ], [ -2.428443181582267, 56.749687851181825 ], [ -2.428449085300866, 56.749679478823289 ], [ -2.428454996966386, 56.749671108150586 ], [ -2.428460916519178, 56.749662739151269 ], [ -2.428466843899597, 56.749654371812902 ], [ -2.428472779047997, 56.749646006123037 ], [ -2.428478721904727, 56.749637642069239 ], [ -2.428484672410139, 56.749629279639052 ], [ -2.428490630504589, 56.749620918820057 ], [ -2.428496596128427, 56.74961255959979 ], [ -2.428502569222009, 56.749604201965816 ], [ -2.428508549725684, 56.749595845905681 ], [ -2.428514537579803, 56.74958749140697 ], [ -2.428520532724728, 56.749579138457229 ], [ -2.428526535100803, 56.749570787044 ], [ -2.428532544648386, 56.749562437154864 ], [ -2.428538561307827, 56.749554088777366 ], [ -2.428544585019482, 56.749545741899063 ], [ -2.4285506157237, 56.749537396507527 ], [ -2.428556653360838, 56.749529052590283 ], [ -2.428562697871249, 56.749520710134924 ], [ -2.428568749195284, 56.749512369129008 ], [ -2.428574807273297, 56.749504029560072 ], [ -2.428580872045641, 56.749495691415667 ], [ -2.428586943452673, 56.749487354683396 ], [ -2.428593021434742, 56.749479019350765 ], [ -2.428599105932205, 56.749470685405363 ], [ -2.42860519688541, 56.749462352834726 ], [ -2.428611294234716, 56.749454021626441 ], [ -2.428617397920475, 56.749445691768045 ], [ -2.428623507883042, 56.749437363247097 ], [ -2.428629624062767, 56.749429036051161 ], [ -2.428635746400006, 56.749420710167797 ], [ -2.428641874835112, 56.749412385584556 ], [ -2.428648009308442, 56.749404062288995 ], [ -2.428654149760346, 56.749395740268689 ], [ -2.42866029613118, 56.749387419511201 ], [ -2.428666448361296, 56.749379100004035 ], [ -2.428672606391052, 56.749370781734797 ], [ -2.428678770160799, 56.749362464691039 ], [ -2.428684939610891, 56.74935414886032 ], [ -2.428691114681683, 56.749345834230184 ], [ -2.428697295313529, 56.749337520788195 ], [ -2.428703481446783, 56.749329208521942 ], [ -2.428709673021799, 56.749320897418926 ], [ -2.428715869978935, 56.749312587466747 ], [ -2.428722072258536, 56.749304278652943 ], [ -2.42872827980097, 56.749295970965079 ], [ -2.42873449254658, 56.749287664390714 ], [ -2.428740710435727, 56.749279358917413 ], [ -2.42874693340876, 56.749271054532734 ], [ -2.42875316140604, 56.749262751224222 ], [ -2.428759394367917, 56.74925444897945 ], [ -2.428765632234748, 56.749246147785946 ], [ -2.428771874946888, 56.749237847631299 ], [ -2.428778122444688, 56.749229548503088 ], [ -2.428784374668508, 56.749221250388807 ], [ -2.428790631558701, 56.749212953276064 ], [ -2.428796893055621, 56.749204657152404 ], [ -2.428803159099624, 56.749196362005392 ], [ -2.428809429631064, 56.749188067822558 ], [ -2.428815704590295, 56.749179774591504 ], [ -2.428821983917674, 56.749171482299758 ], [ -2.428828267553558, 56.749163190934901 ], [ -2.4288345554383, 56.749154900484456 ], [ -2.428840847512254, 56.749146610936023 ], [ -2.428847143715776, 56.749138322277112 ], [ -2.428853443989223, 56.74913003449533 ], [ -2.428859748272949, 56.749121747578215 ], [ -2.428866056507308, 56.749113461513318 ], [ -2.428872368632659, 56.749105176288211 ], [ -2.428878684589356, 56.749096891890439 ], [ -2.428885004317752, 56.749088608307588 ], [ -2.428891327758206, 56.749080325527174 ], [ -2.428897654851072, 56.749072043536792 ], [ -2.428903985536707, 56.749063762323978 ], [ -2.428910319755466, 56.749055481876304 ], [ -2.428916657447702, 56.749047202181323 ], [ -2.428922998553775, 56.749038923226607 ], [ -2.42892934301404, 56.749030644999678 ], [ -2.42893569076885, 56.749022367488145 ], [ -2.428942041758565, 56.749014090679516 ], [ -2.428948395923539, 56.749005814561386 ], [ -2.428954753204128, 56.748997539121305 ], [ -2.428961113540688, 56.748989264346839 ], [ -2.428967476873575, 56.748980990225526 ], [ -2.428973843143144, 56.748972716744944 ], [ -2.428980212289753, 56.748964443892625 ], [ -2.428986584253761, 56.748956171656168 ], [ -2.428992958975518, 56.748947900023097 ], [ -2.428999336395383, 56.748939628980985 ], [ -2.429005716453715, 56.748931358517375 ], [ -2.429012099090869, 56.748923088619847 ], [ -2.429018484247198, 56.748914819275967 ], [ -2.429024871863064, 56.748906550473272 ], [ -2.42903126187882, 56.748898282199342 ], [ -2.429037654234822, 56.748890014441699 ], [ -2.429044048871429, 56.748881747187937 ], [ -2.429050445728999, 56.748873480425608 ], [ -2.429056844747892, 56.748865214142256 ], [ -2.42906324587825, 56.748856948327472 ], [ -2.429069649098968, 56.74884868297675 ], [ -2.429076054394206, 56.748840418086665 ], [ -2.429082461748125, 56.748832153653815 ], [ -2.429088871144881, 56.748823889674775 ], [ -2.429095282568637, 56.748815626146111 ], [ -2.429101696003549, 56.748807363064429 ], [ -2.42910811143378, 56.748799100426289 ], [ -2.429114528843489, 56.748790838228302 ], [ -2.42912094821683, 56.748782576467022 ], [ -2.429127369537973, 56.748774315139052 ], [ -2.429133792791067, 56.74876605424096 ], [ -2.429140217960276, 56.748757793769343 ], [ -2.429146645029759, 56.748749533720755 ], [ -2.429153073983681, 56.748741274091806 ], [ -2.429159504806193, 56.748733014879065 ], [ -2.429165937481459, 56.74872475607912 ], [ -2.429172371993639, 56.748716497688555 ], [ -2.429178808326891, 56.748708239703952 ], [ -2.429185246465375, 56.74869998212187 ], [ -2.42919168639325, 56.748691724938929 ], [ -2.429198128094678, 56.74868346815169 ], [ -2.429204571553814, 56.748675211756733 ], [ -2.429211016754827, 56.748666955750657 ], [ -2.429217463681867, 56.748658700130015 ], [ -2.429223912319097, 56.748650444891425 ], [ -2.429230362650677, 56.748642190031454 ], [ -2.429236814660766, 56.748633935546678 ], [ -2.429243268333527, 56.748625681433673 ], [ -2.429248117358132, 56.748619481491467 ] ] ] ] } },
{ "type": "Feature", "properties": { "Poly_ID": "UncertaintyLower_1", "Method": "Open", "Scenario": 8, "SL_Percentile": 95, "Year": 2030, "UncertaintyInterval": 95, "LowerQ": 2.5, "UpperQ": 97.5 }, "geometry": { "type": "MultiPolygon", "coordinates": [ [ [ [ -2.418380404796092, 56.759731489911687 ], [ -2.418386855872857, 56.759726002081976 ], [ -2.418395696608089, 56.759718495969082 ], [ -2.418404549493784, 56.75971099415866 ], [ -2.418413414593045, 56.759703496674483 ], [ -2.418422291968975, 56.759696003540355 ], [ -2.418431181684677, 56.759688514780052 ], [ -2.418440083803256, 56.759681030417362 ], [ -2.418448998387814, 56.759673550476052 ], [ -2.418457925501452, 56.75966607497989 ], [ -2.418466865207277, 56.759658603952694 ], [ -2.418475817568392, 56.759651137418189 ], [ -2.418484782647895, 56.759643675400206 ], [ -2.418493760508895, 56.759636217922491 ], [ -2.418502751214492, 56.759628765008848 ], [ -2.418511754827789, 56.759621316683031 ], [ -2.418520771411892, 56.759613872968835 ], [ -2.418529801029901, 56.759606433890035 ], [ -2.418538843744921, 56.75959899947042 ], [ -2.418547899620054, 56.75959156973375 ], [ -2.418556968718402, 56.759584144703823 ], [ -2.41856605110307, 56.759576724404397 ], [ -2.41857514683716, 56.759569308859291 ], [ -2.418584255983775, 56.759561898092244 ], [ -2.418593378606016, 56.759554492127045 ], [ -2.418602514766991, 56.759547090987482 ], [ -2.418611664529798, 56.759539694697338 ], [ -2.418620827957543, 56.759532303280359 ], [ -2.418630005113328, 56.75952491676037 ], [ -2.418639196060252, 56.75951753516113 ], [ -2.418648400861423, 56.759510158506409 ], [ -2.418657619579943, 56.759502786820015 ], [ -2.418666852278914, 56.759495420125695 ], [ -2.418676099021437, 56.759488058447232 ], [ -2.418685359870617, 56.759480701808428 ], [ -2.418694634889557, 56.75947335023303 ], [ -2.418703924141178, 56.759466003744777 ], [ -2.418713227529961, 56.759458662310735 ], [ -2.418722544512102, 56.759451325737714 ], [ -2.418731874465051, 56.759443993804396 ], [ -2.418741216766266, 56.759436666289432 ], [ -2.418750570793204, 56.759429342971494 ], [ -2.418759935923319, 56.759422023629249 ], [ -2.418769311534068, 56.759414708041362 ], [ -2.418778697002909, 56.7594073959865 ], [ -2.418788091707297, 56.759400087243343 ], [ -2.418797495024686, 56.759392781590535 ], [ -2.41880690633254, 56.759385478806777 ], [ -2.418816325008313, 56.759378178670701 ], [ -2.418825750429464, 56.759370880961008 ], [ -2.418835181973451, 56.759363585456342 ], [ -2.418844619017731, 56.759356291935383 ], [ -2.418854060939764, 56.759349000176819 ], [ -2.418863507117012, 56.759341709959273 ], [ -2.418872956926928, 56.759334421061453 ], [ -2.418882409746976, 56.759327133262005 ], [ -2.418891864954615, 56.759319846339636 ], [ -2.418901321927303, 56.759312560072964 ], [ -2.418910780042502, 56.75930527424071 ], [ -2.418920238677674, 56.759297988621512 ], [ -2.418929697210277, 56.759290702994036 ], [ -2.418939155017774, 56.759283417136984 ], [ -2.418948611477625, 56.759276130829001 ], [ -2.418958065967292, 56.759268843848751 ], [ -2.418967517864236, 56.759261555974952 ], [ -2.41897696654592, 56.759254266986211 ], [ -2.418986411389809, 56.759246976661245 ], [ -2.418995851773361, 56.75923968477872 ], [ -2.419005287074041, 56.759232391117294 ], [ -2.419014716669314, 56.759225095455641 ], [ -2.41902413993664, 56.759217797572454 ], [ -2.419033556253486, 56.759210497246379 ], [ -2.419042964997314, 56.759203194256102 ], [ -2.419052365545588, 56.759195888380312 ], [ -2.419061757275771, 56.759188579397637 ], [ -2.419071139565331, 56.759181267086802 ], [ -2.419080511791734, 56.759173951226437 ], [ -2.41908987333244, 56.759166631595249 ], [ -2.419099223564918, 56.759159307971899 ], [ -2.419108561866635, 56.759151980135051 ], [ -2.419117887615052, 56.759144647863401 ], [ -2.419127200187641, 56.7591373109356 ], [ -2.419136498961866, 56.759129969130342 ], [ -2.419145783315196, 56.759122622226286 ], [ -2.419155052625095, 56.75911527000212 ], [ -2.419164306269033, 56.759107912236523 ], [ -2.419173543624476, 56.759100548708133 ], [ -2.419182764068894, 56.759093179195688 ], [ -2.419191966979754, 56.759085803477809 ], [ -2.419201151734523, 56.759078421333207 ], [ -2.419210317710673, 56.75907103254054 ], [ -2.419219464285672, 56.75906363687848 ], [ -2.41922859083699, 56.759056234125715 ], [ -2.419237696742097, 56.759048824060926 ], [ -2.419246781378461, 56.759041406462778 ], [ -2.419255844123555, 56.759033981109958 ], [ -2.419264884354847, 56.759026547781126 ], [ -2.419273901449809, 56.759019106254975 ], [ -2.419282894785916, 56.759011656310179 ], [ -2.419291863740633, 56.759004197725417 ], [ -2.419300807691438, 56.758996730279364 ], [ -2.419309726015799, 56.758989253750691 ], [ -2.419318618091191, 56.758981767918094 ], [ -2.419327483295088, 56.758974272560245 ], [ -2.419336321004959, 56.758966767455796 ], [ -2.419345130598281, 56.758959252383484 ], [ -2.419353911452526, 56.758951727121925 ], [ -2.419362662945171, 56.758944191449835 ], [ -2.419371384453689, 56.758936645145866 ], [ -2.419380075355554, 56.758929087988733 ], [ -2.419388735028243, 56.758921519757102 ], [ -2.419397362849229, 56.758913940229633 ], [ -2.419405958195991, 56.758906349185011 ], [ -2.419414520446002, 56.758898746401947 ], [ -2.419423048976741, 56.758891131659084 ], [ -2.419431543165688, 56.758883504735124 ], [ -2.419440002390315, 56.75887586540874 ], [ -2.4194484260281, 56.758868213458584 ], [ -2.419456813456526, 56.758860548663399 ], [ -2.419465164053067, 56.758852870801825 ], [ -2.419473477195206, 56.758845179652553 ], [ -2.41948175226042, 56.758837474994252 ], [ -2.419489988626188, 56.758829756605621 ], [ -2.41949818566999, 56.758822024265314 ], [ -2.41950634276931, 56.758814277752045 ], [ -2.419514459301625, 56.75880651684448 ], [ -2.419522534644416, 56.758798741321307 ], [ -2.419530568175171, 56.758790950961185 ], [ -2.419538559271365, 56.758783145542814 ], [ -2.419546507310484, 56.758775324844883 ], [ -2.419554411670012, 56.758767488646065 ], [ -2.41956227172743, 56.758759636725046 ], [ -2.419570086860223, 56.758751768860492 ], [ -2.419577856445877, 56.758743884831098 ], [ -2.419585579861874, 56.758735984415566 ], [ -2.419593256485701, 56.758728067392532 ], [ -2.419600885694845, 56.758720133540727 ], [ -2.419608466866789, 56.75871218263881 ], [ -2.419615999379022, 56.758704214465475 ], [ -2.419623482609032, 56.75869622879938 ], [ -2.419630915934305, 56.75868822541922 ], [ -2.419638298732329, 56.758680204103698 ], [ -2.419645630380594, 56.758672164631477 ], [ -2.419652910256588, 56.758664106781261 ], [ -2.419660137737802, 56.758656030331693 ], [ -2.419667312201724, 56.758647935061497 ], [ -2.419674433025848, 56.75863982074933 ], [ -2.419681499587663, 56.758631687173903 ], [ -2.419763894508653, 56.758545893915425 ], [ -2.41978401684646, 56.758572497673825 ], [ -2.419779538098635, 56.758580616790518 ], [ -2.419774946994627, 56.758588719778608 ], [ -2.419770244670756, 56.758596806639339 ], [ -2.419765432263329, 56.758604877373941 ], [ -2.419760510908664, 56.758612931983656 ], [ -2.419755481743077, 56.758620970469686 ], [ -2.419750345902888, 56.758628992833309 ], [ -2.419745104524415, 56.758636999075726 ], [ -2.419739758743975, 56.758644989198189 ], [ -2.419734309697895, 56.758652963201932 ], [ -2.419728758522492, 56.758660921088179 ], [ -2.419723106354097, 56.758668862858173 ], [ -2.419717354329028, 56.758676788513142 ], [ -2.419711503583617, 56.758684698054317 ], [ -2.419705555254189, 56.758692591482941 ], [ -2.419699510477074, 56.758700468800249 ], [ -2.419693370388598, 56.758708330007465 ], [ -2.419687136125097, 56.758716175105825 ], [ -2.419680808822903, 56.758724004096564 ], [ -2.419674389618347, 56.758731816980927 ], [ -2.419667879647766, 56.758739613760127 ], [ -2.419661280047494, 56.758747394435424 ], [ -2.41965459195387, 56.758755159008018 ], [ -2.41964781650323, 56.758762907479166 ], [ -2.419640954831915, 56.758770639850106 ], [ -2.419634008076262, 56.758778356122058 ], [ -2.419626977372618, 56.758786056296266 ], [ -2.419619863857324, 56.75879374037396 ], [ -2.419612668666722, 56.758801408356383 ], [ -2.419605392937159, 56.758809060244751 ], [ -2.419598037804983, 56.75881669604032 ], [ -2.419590604406535, 56.758824315744292 ], [ -2.419583093878167, 56.758831919357945 ], [ -2.419575507356233, 56.758839506882502 ], [ -2.419567845977075, 56.758847078319157 ], [ -2.419560110877052, 56.758854633669195 ], [ -2.419552303192513, 56.758862172933846 ], [ -2.419544424059814, 56.758869696114331 ], [ -2.419536474615308, 56.758877203211881 ], [ -2.419528455995352, 56.758884694227753 ], [ -2.419520369336303, 56.758892169163161 ], [ -2.419512215774521, 56.75889962801935 ], [ -2.419503996446363, 56.758907070797541 ], [ -2.419495712488188, 56.758914497499013 ], [ -2.419487365036361, 56.758921908124961 ], [ -2.419478955227244, 56.758929302676648 ], [ -2.4194704841972, 56.758936681155298 ], [ -2.419461953082591, 56.758944043562146 ], [ -2.419453363019784, 56.758951389898449 ], [ -2.41944471514515, 56.758958720165417 ], [ -2.419436010592672, 56.758966034373742 ], [ -2.419427250453241, 56.758973332705075 ], [ -2.419418435780251, 56.758980615489754 ], [ -2.419409567625839, 56.758987883063149 ], [ -2.419400647042154, 56.758995135760564 ], [ -2.419391675081338, 56.759002373917347 ], [ -2.419382652795536, 56.759009597868825 ], [ -2.419373581236894, 56.759016807950346 ], [ -2.419364461457557, 56.759024004497221 ], [ -2.419355294509669, 56.759031187844812 ], [ -2.419346081445381, 56.759038358328432 ], [ -2.419336823316838, 56.759045516283436 ], [ -2.419327521176188, 56.759052662045136 ], [ -2.419318176075581, 56.759059795948858 ], [ -2.419308789067166, 56.759066918329985 ], [ -2.419299361203091, 56.759074029523809 ], [ -2.419289893535507, 56.759081129865706 ], [ -2.419280387116566, 56.759088219690959 ], [ -2.41927084299842, 56.759095299334952 ], [ -2.419261262233217, 56.759102369133004 ], [ -2.419251645873112, 56.759109429420441 ], [ -2.419241994970258, 56.759116480532626 ], [ -2.419232310576807, 56.759123522804877 ], [ -2.419222593744915, 56.759130556572536 ], [ -2.419212845526733, 56.759137582170958 ], [ -2.419203066974418, 56.75914459993546 ], [ -2.419193259140124, 56.759151610201386 ], [ -2.41918342307601, 56.759158613304095 ], [ -2.419173559834227, 56.759165609578886 ], [ -2.419163670466935, 56.759172599361136 ], [ -2.419153756026293, 56.759179582986178 ], [ -2.419143817564452, 56.759186560789352 ], [ -2.419133856133577, 56.759193533105993 ], [ -2.419123872785822, 56.759200500271433 ], [ -2.419113868573349, 56.759207462621042 ], [ -2.419103844548314, 56.759214420490139 ], [ -2.419093801762877, 56.759221374214071 ], [ -2.419083741269199, 56.759228324128173 ], [ -2.419073664119445, 56.759235270567814 ], [ -2.419063571365771, 56.759242213868305 ], [ -2.419053464060338, 56.759249154365023 ], [ -2.419043343255312, 56.759256092393294 ], [ -2.41903321000285, 56.759263028288437 ], [ -2.419023065355119, 56.759269962385851 ], [ -2.419012910364281, 56.75927689502084 ], [ -2.419002746082499, 56.759283826528772 ], [ -2.418992573561938, 56.759290757244976 ], [ -2.418982393854761, 56.759297687504812 ], [ -2.418972208013135, 56.759304617643615 ], [ -2.418962017089223, 56.759311547996738 ], [ -2.41895182213519, 56.759318478899523 ], [ -2.418941624203206, 56.759325410687325 ], [ -2.418931424345432, 56.759332343695476 ], [ -2.418921223614039, 56.759339278259354 ], [ -2.418911023061196, 56.759346214714284 ], [ -2.418900823739065, 56.759353153395608 ], [ -2.418890626699817, 56.759360094638694 ], [ -2.41888043299562, 56.75936703877889 ], [ -2.418870243678645, 56.759373986151544 ], [ -2.41886005980106, 56.75938093709199 ], [ -2.418849882415033, 56.759387891935589 ], [ -2.418839712572737, 56.759394851017717 ], [ -2.41882955132634, 56.759401814673687 ], [ -2.418819399728017, 56.759408783238868 ], [ -2.418809258829934, 56.759415757048615 ], [ -2.418799129684266, 56.759422736438268 ], [ -2.418789013343186, 56.759429721743189 ], [ -2.418778910858866, 56.759436713298726 ], [ -2.418768823283479, 56.759443711440234 ], [ -2.418758751669199, 56.759450716503075 ], [ -2.418748697068199, 56.759457728822603 ], [ -2.418738660532656, 56.759464748734146 ], [ -2.418728643114741, 56.759471776573086 ], [ -2.418718645826987, 56.75947881266174 ], [ -2.418708669118691, 56.759485857137392 ], [ -2.418698713020392, 56.759492909999715 ], [ -2.418688777552687, 56.759499971245141 ], [ -2.418678862736168, 56.759507040870083 ], [ -2.41866896859143, 56.759514118870968 ], [ -2.418659095139069, 56.759521205244191 ], [ -2.418649242399676, 56.759528299986208 ], [ -2.418639410393847, 56.759535403093402 ], [ -2.418629599142173, 56.75954251456222 ], [ -2.418619808665254, 56.75954963438906 ], [ -2.41861003898368, 56.759556762570355 ], [ -2.418600290118049, 56.759563899102517 ], [ -2.418590562088951, 56.759571043981971 ], [ -2.418580854916983, 56.759578197205144 ], [ -2.41857116862274, 56.759585358768426 ], [ -2.418561503226818, 56.759592528668257 ], [ -2.418551858749807, 56.759599706901071 ], [ -2.418542235212306, 56.759606893463257 ], [ -2.418532632634906, 56.759614088351228 ], [ -2.418523051038207, 56.759621291561444 ], [ -2.418513490442797, 56.759628503090298 ], [ -2.418503950869276, 56.759635722934206 ], [ -2.418494432338238, 56.75964295108961 ], [ -2.418484934870277, 56.759650187552907 ], [ -2.418475458485991, 56.759657432320509 ], [ -2.418466003205969, 56.759664685388856 ], [ -2.418456569050814, 56.759671946754359 ], [ -2.418447156041112, 56.759679216413431 ], [ -2.418437764197465, 56.759686494362512 ], [ -2.418428393540466, 56.759693780597999 ], [ -2.418419044090713, 56.759701075116311 ], [ -2.418409715868798, 56.759708377913888 ], [ -2.418400408895316, 56.759715688987121 ], [ -2.418391123190866, 56.759723008332458 ], [ -2.41838185877604, 56.759730335946287 ], [ -2.418380404796092, 56.759731489911687 ] ] ], [ [ [ -2.417405531235379, 56.760641017616074 ], [ -2.41739946734304, 56.760647209668377 ], [ -2.417391741854837, 56.760655102751755 ], [ -2.417384019556512, 56.760662996843749 ], [ -2.417376300409353, 56.760670891932818 ], [ -2.417368584374645, 56.760678788007333 ], [ -2.417360871413669, 56.760686685055752 ], [ -2.417353161487716, 56.760694583066446 ], [ -2.417345454558064, 56.760702482027888 ], [ -2.417337750586002, 56.760710381928448 ], [ -2.417330049532814, 56.760718282756557 ], [ -2.417322351359783, 56.760726184500648 ], [ -2.417314656028198, 56.760734087149089 ], [ -2.417306963499339, 56.760741990690356 ], [ -2.417299273734493, 56.760749895112831 ], [ -2.417291586694944, 56.760757800404924 ], [ -2.417283902341976, 56.760765706555077 ], [ -2.417276220636874, 56.760773613551677 ], [ -2.417268541540924, 56.760781521383159 ], [ -2.417260865015408, 56.760789430037939 ], [ -2.417253191021612, 56.760797339504428 ], [ -2.417245519520819, 56.760805249771046 ], [ -2.417237850474316, 56.760813160826196 ], [ -2.417230183843385, 56.760821072658317 ], [ -2.417222519589313, 56.760828985255806 ], [ -2.417214857673383, 56.760836898607081 ], [ -2.417207198056877, 56.760844812700562 ], [ -2.41719954070108, 56.760852727524657 ], [ -2.417191885567283, 56.760860643067794 ], [ -2.417184232616761, 56.760868559318375 ], [ -2.417176581810804, 56.760876476264833 ], [ -2.417168933110694, 56.760884393895594 ], [ -2.417161286477715, 56.760892312199026 ], [ -2.417153641873154, 56.760900231163582 ], [ -2.417145999258293, 56.760908150777674 ], [ -2.417138358594416, 56.760916071029705 ], [ -2.417130719842807, 56.760923991908108 ], [ -2.417123082964752, 56.760931913401294 ], [ -2.417115447921532, 56.760939835497659 ], [ -2.417107814674432, 56.760947758185658 ], [ -2.417100183184739, 56.76095568145368 ], [ -2.417092553413734, 56.760963605290115 ], [ -2.417084925322703, 56.760971529683431 ], [ -2.417077298872926, 56.760979454622017 ], [ -2.417069674025693, 56.760987380094299 ], [ -2.417062050742282, 56.760995306088674 ], [ -2.417054428983981, 56.76100323259358 ], [ -2.417046808712073, 56.761011159597416 ], [ -2.41703918988784, 56.761019087088599 ], [ -2.417031572472568, 56.761027015055568 ], [ -2.417023956427539, 56.761034943486699 ], [ -2.41701634171404, 56.761042872370439 ], [ -2.41700872829335, 56.761050801695191 ], [ -2.417001116126757, 56.761058731449381 ], [ -2.416993505175542, 56.761066661621413 ], [ -2.41698589540099, 56.761074592199705 ], [ -2.416978286764386, 56.761082523172668 ], [ -2.41697067922701, 56.761090454528741 ], [ -2.416963072750149, 56.761098386256307 ], [ -2.416955467295084, 56.761106318343799 ], [ -2.4169478628231, 56.761114250779634 ], [ -2.416940259295482, 56.76112218355221 ], [ -2.41693265667351, 56.761130116649987 ], [ -2.416925054918471, 56.761138050061327 ], [ -2.416917453991646, 56.761145983774668 ], [ -2.416909853854321, 56.761153917778437 ], [ -2.416902254467776, 56.761161852061043 ], [ -2.416894655793297, 56.761169786610878 ], [ -2.416887057792168, 56.761177721416395 ], [ -2.41687946042567, 56.761185656465969 ], [ -2.416871863655087, 56.761193591748061 ], [ -2.416864267441704, 56.761201527251039 ], [ -2.416856671746801, 56.761209462963372 ], [ -2.416849076531666, 56.761217398873441 ], [ -2.416841481757579, 56.761225334969645 ], [ -2.416833887385823, 56.761233271240435 ], [ -2.416826293377684, 56.761241207674203 ], [ -2.416818699694443, 56.761249144259381 ], [ -2.416811106297382, 56.761257080984365 ], [ -2.416803513147787, 56.761265017837594 ], [ -2.416795920206938, 56.761272954807474 ], [ -2.416788327436123, 56.761280891882414 ], [ -2.416780734796618, 56.761288829050834 ], [ -2.416773142249713, 56.76129676630115 ], [ -2.416765549756687, 56.761304703621768 ], [ -2.416757957278824, 56.761312641001112 ], [ -2.416750364777408, 56.7613205784276 ], [ -2.416742772213721, 56.761328515889652 ], [ -2.416735179549045, 56.761336453375662 ], [ -2.416727586744666, 56.761344390874058 ], [ -2.416719993761862, 56.761352328373263 ], [ -2.416712400561921, 56.761360265861683 ], [ -2.416704807106121, 56.761368203327734 ], [ -2.41669721335575, 56.761376140759836 ], [ -2.416689619272088, 56.761384078146406 ], [ -2.416682024816417, 56.761392015475835 ], [ -2.416674429950021, 56.761399952736568 ], [ -2.416666834634183, 56.76140788991701 ], [ -2.416659238830182, 56.761415827005578 ], [ -2.416651642499309, 56.761423763990685 ], [ -2.416644045602839, 56.76143170086074 ], [ -2.416636448102056, 56.76143963760417 ], [ -2.416628849958246, 56.761447574209377 ], [ -2.416621251132689, 56.761455510664788 ], [ -2.416613651586667, 56.761463446958807 ], [ -2.416606051281466, 56.761471383079858 ], [ -2.416598450178362, 56.761479319016345 ], [ -2.416590848238644, 56.761487254756702 ], [ -2.416583245423592, 56.761495190289345 ], [ -2.416575641694489, 56.761503125602665 ], [ -2.416568037012615, 56.761511060685088 ], [ -2.416560431339259, 56.761518995525023 ], [ -2.416552824635693, 56.761526930110911 ], [ -2.416545216863209, 56.761534864431141 ], [ -2.416537607983084, 56.761542798474125 ], [ -2.416529997956601, 56.761550732228315 ], [ -2.416522386745046, 56.761558665682074 ], [ -2.416514774309696, 56.761566598823862 ], [ -2.416507160611836, 56.761574531642069 ], [ -2.416499545612748, 56.761582464125105 ], [ -2.416491929273714, 56.761590396261404 ], [ -2.416484311556018, 56.761598328039383 ], [ -2.416476692420939, 56.76160625944744 ], [ -2.416469071829759, 56.761614190473992 ], [ -2.416461449743764, 56.76162212110745 ], [ -2.416453826124235, 56.761630051336269 ], [ -2.41644620093245, 56.761637981148809 ], [ -2.416438574129696, 56.761645910533503 ], [ -2.416430945677252, 56.76165383947879 ], [ -2.416423315536402, 56.761661767973052 ], [ -2.416415683668426, 56.761669696004716 ], [ -2.416408050034606, 56.761677623562207 ], [ -2.416400414596227, 56.761685550633928 ], [ -2.416392777314568, 56.761693477208311 ], [ -2.416385138150912, 56.76170140327374 ], [ -2.416377497066539, 56.761709328818661 ], [ -2.416369854022734, 56.761717253831463 ], [ -2.416362208980776, 56.761725178300573 ], [ -2.41635456190195, 56.761733102214421 ], [ -2.416346912747533, 56.761741025561392 ], [ -2.416339261478812, 56.761748948329917 ], [ -2.416331608057064, 56.761756870508421 ], [ -2.416323952443575, 56.761764792085302 ], [ -2.416316294599624, 56.761772713048963 ], [ -2.416308634486494, 56.761780633387858 ], [ -2.416300972065463, 56.761788553090355 ], [ -2.416293307297821, 56.761796472144908 ], [ -2.41628564014484, 56.761804390539908 ], [ -2.416277970567808, 56.761812308263785 ], [ -2.416270298528002, 56.761820225304952 ], [ -2.416262623986707, 56.761828141651812 ], [ -2.416254946905204, 56.76183605729279 ], [ -2.416247267244773, 56.76184397221629 ], [ -2.416239584966697, 56.761851886410739 ], [ -2.416231900032257, 56.761859799864531 ], [ -2.416224212402732, 56.761867712566115 ], [ -2.416216522039409, 56.761875624503894 ], [ -2.416208828903563, 56.76188353566625 ], [ -2.416201132956482, 56.761891446041624 ], [ -2.416193434159439, 56.761899355618446 ], [ -2.416185732473723, 56.761907264385108 ], [ -2.416178027860609, 56.761915172330028 ], [ -2.416170320281386, 56.761923079441623 ], [ -2.416162609697329, 56.761930985708304 ], [ -2.416154896069719, 56.76193889111849 ], [ -2.416147179359839, 56.761946795660599 ], [ -2.416139459528973, 56.761954699323027 ], [ -2.416131736538399, 56.761962602094222 ], [ -2.416124010349399, 56.761970503962566 ], [ -2.416116280923252, 56.761978404916476 ], [ -2.41610854822124, 56.761986304944401 ], [ -2.416100812204647, 56.761994204034721 ], [ -2.41609307283475, 56.762002102175863 ], [ -2.416085330072834, 56.762009999356231 ], [ -2.416077583880176, 56.762017895564263 ], [ -2.416069834218058, 56.762025790788336 ], [ -2.416062081047765, 56.762033685016895 ], [ -2.416054324330572, 56.762041578238353 ], [ -2.416046564027764, 56.76204947044112 ], [ -2.41603880010062, 56.762057361613607 ], [ -2.41603103251042, 56.762065251744211 ], [ -2.416023261218448, 56.762073140821371 ], [ -2.416015486185985, 56.762081028833514 ], [ -2.416007707374306, 56.76208891576902 ], [ -2.415999924744697, 56.762096801616323 ], [ -2.415992138258436, 56.76210468636382 ], [ -2.415984347876809, 56.76211256999995 ], [ -2.415976553561089, 56.762120452513102 ], [ -2.415968755272561, 56.76212833389171 ], [ -2.415960952972505, 56.762136214124176 ], [ -2.415953146622204, 56.762144093198934 ], [ -2.415945336182937, 56.762151971104373 ], [ -2.41593752161598, 56.762159847828933 ], [ -2.41592970288262, 56.762167723361003 ], [ -2.415922010317845, 56.762175466458899 ], [ -2.415925902915151, 56.762171512580338 ], [ -2.415933669019748, 56.76216361868444 ], [ -2.415941430941565, 56.762155723570253 ], [ -2.415949188728215, 56.762147827252832 ], [ -2.415956942427311, 56.762139929747178 ], [ -2.415964692086458, 56.76213203106829 ], [ -2.415972437753273, 56.762124131231175 ], [ -2.415980179475369, 56.762116230250868 ], [ -2.415987917300354, 56.762108328142368 ], [ -2.415995651275844, 56.762100424920696 ], [ -2.416003381449447, 56.762092520600859 ], [ -2.416011107868777, 56.762084615197843 ], [ -2.416018830581443, 56.762076708726703 ], [ -2.416026549635057, 56.762068801202446 ], [ -2.416034265077234, 56.762060892640051 ], [ -2.416041976955579, 56.762052983054552 ], [ -2.416049685317711, 56.762045072460978 ], [ -2.416057390211237, 56.762037160874314 ], [ -2.416065091683769, 56.762029248309588 ], [ -2.416072789782919, 56.762021334781792 ], [ -2.416080484556298, 56.762013420305955 ], [ -2.416088176051518, 56.762005504897097 ], [ -2.416095864316189, 56.761997588570196 ], [ -2.416103549397922, 56.761989671340309 ], [ -2.41611123134433, 56.761981753222415 ], [ -2.416118910203026, 56.761973834231547 ], [ -2.416126586021616, 56.761965914382699 ], [ -2.416134258847715, 56.761957993690892 ], [ -2.416141928728934, 56.761950072171139 ], [ -2.416149595712882, 56.761942149838454 ], [ -2.416157259847172, 56.761934226707844 ], [ -2.416164921179417, 56.761926302794336 ], [ -2.416172579757222, 56.76191837811291 ], [ -2.416180235628202, 56.761910452678606 ], [ -2.416187888839967, 56.761902526506418 ], [ -2.416195539440131, 56.761894599611367 ], [ -2.416203187476302, 56.761886672008472 ], [ -2.416210832996089, 56.761878743712735 ], [ -2.416218476047108, 56.761870814739169 ], [ -2.416226116676966, 56.761862885102786 ], [ -2.416233754933275, 56.761854954818602 ], [ -2.416241390863647, 56.76184702390163 ], [ -2.416249024515689, 56.761839092366877 ], [ -2.416256655937017, 56.761831160229342 ], [ -2.416264285175238, 56.761823227504074 ], [ -2.416271912277964, 56.761815294206052 ], [ -2.416279537292804, 56.761807360350289 ], [ -2.416287160267373, 56.761799425951821 ], [ -2.416294781249276, 56.761791491025633 ], [ -2.416302400286127, 56.761783555586753 ], [ -2.416310017425537, 56.761775619650187 ], [ -2.416317632715115, 56.761767683230936 ], [ -2.416325246202471, 56.761759746344048 ], [ -2.416332857935216, 56.761751809004494 ], [ -2.416340467960962, 56.761743871227303 ], [ -2.416348076327319, 56.761735933027488 ], [ -2.416355683081896, 56.761727994420056 ], [ -2.416363288272303, 56.761720055420021 ], [ -2.416370891946151, 56.761712116042403 ], [ -2.416378494151053, 56.761704176302196 ], [ -2.416386094934616, 56.761696236214433 ], [ -2.416393694344451, 56.761688295794109 ], [ -2.41640129242817, 56.761680355056221 ], [ -2.416408889233379, 56.76167241401582 ], [ -2.416416484807693, 56.761664472687897 ], [ -2.416424079198718, 56.761656531087468 ], [ -2.416431672454068, 56.761648589229516 ], [ -2.416439264621349, 56.761640647129099 ], [ -2.416446855748175, 56.761632704801215 ], [ -2.416454445882154, 56.761624762260844 ], [ -2.416462035070896, 56.761616819523041 ], [ -2.416469623362013, 56.761608876602793 ], [ -2.416477210803111, 56.761600933515112 ], [ -2.416484797441803, 56.76159299027502 ], [ -2.4164923833257, 56.761585046897508 ], [ -2.416499968502407, 56.761577103397606 ], [ -2.416507553019538, 56.761569159790334 ], [ -2.416515136924701, 56.761561216090669 ], [ -2.416522720265508, 56.76155327231367 ], [ -2.416530303089568, 56.761545328474305 ], [ -2.416537885444487, 56.761537384587619 ], [ -2.41654546737788, 56.761529440668603 ], [ -2.416553048937353, 56.761521496732257 ], [ -2.416560630170517, 56.761513552793616 ], [ -2.416568211124983, 56.761505608867679 ], [ -2.416575791848357, 56.76149766496949 ], [ -2.416583372388252, 56.761489721114003 ], [ -2.416590952792276, 56.76148177731627 ], [ -2.416598533108038, 56.761473833591282 ], [ -2.416606113383152, 56.761465889954074 ], [ -2.416613693665221, 56.761457946419625 ], [ -2.416621274001856, 56.76145000300297 ], [ -2.416628854440669, 56.761442059719116 ], [ -2.41663643502927, 56.761434116583082 ], [ -2.416644015815262, 56.761426173609863 ], [ -2.41665159684626, 56.761418230814478 ], [ -2.416659178169874, 56.761410288211934 ], [ -2.41666675983371, 56.761402345817245 ], [ -2.416674341885379, 56.761394403645433 ], [ -2.416681924372489, 56.761386461711481 ], [ -2.41668950734265, 56.761378520030419 ], [ -2.416697090843472, 56.761370578617267 ], [ -2.416704674922561, 56.761362637487039 ], [ -2.41671225962753, 56.761354696654713 ], [ -2.416719845005985, 56.761346756135325 ], [ -2.416727431105537, 56.761338815943894 ], [ -2.416735017973793, 56.761330876095407 ], [ -2.416742605658365, 56.761322936604891 ], [ -2.416750194206862, 56.761314997487354 ], [ -2.416757783666889, 56.761307058757801 ], [ -2.416765374086057, 56.761299120431239 ], [ -2.416772965511974, 56.761291182522712 ], [ -2.416780557992252, 56.761283245047203 ], [ -2.416788151574496, 56.761275308019705 ], [ -2.416795746306319, 56.761267371455276 ], [ -2.416803342235324, 56.761259435368892 ], [ -2.416810939409123, 56.761251499775582 ], [ -2.416818537875327, 56.761243564690339 ], [ -2.416826137681542, 56.761235630128191 ], [ -2.416833738875376, 56.761227696104143 ], [ -2.41684134150444, 56.761219762633203 ], [ -2.41684894561634, 56.761211829730378 ], [ -2.416856551258688, 56.761203897410688 ], [ -2.416864158479087, 56.761195965689154 ], [ -2.416871767325151, 56.761188034580769 ], [ -2.416879377844486, 56.761180104100539 ], [ -2.4168869900847, 56.761172174263493 ], [ -2.416894604093404, 56.761164245084636 ], [ -2.416902219918203, 56.761156316578962 ], [ -2.416909837606709, 56.761148388761519 ], [ -2.416917457206527, 56.76114046164728 ], [ -2.416925078765268, 56.761132535251278 ], [ -2.416932702330539, 56.761124609588514 ], [ -2.416940327949948, 56.761116684674001 ], [ -2.416947955671101, 56.761108760522745 ], [ -2.416955585541612, 56.761100837149762 ], [ -2.416963217609086, 56.761092914570064 ], [ -2.416970851921131, 56.761084992798658 ], [ -2.416978488525353, 56.761077071850579 ], [ -2.416986127469364, 56.761069151740806 ], [ -2.416993768800772, 56.761061232484344 ], [ -2.417001412567181, 56.761053314096237 ], [ -2.417009058816201, 56.761045396591477 ], [ -2.417016707595444, 56.761037479985056 ], [ -2.417024358952513, 56.761029564292024 ], [ -2.417032012935016, 56.761021649527372 ], [ -2.417039669590565, 56.761013735706108 ], [ -2.417047328966765, 56.761005822843231 ], [ -2.417054991111223, 56.76099791095379 ], [ -2.417062656071547, 56.760990000052765 ], [ -2.417070323895348, 56.760982090155167 ], [ -2.417077994630232, 56.760974181276019 ], [ -2.417085668323805, 56.76096627343032 ], [ -2.417093345023676, 56.760958366633091 ], [ -2.417101024777452, 56.760950460899323 ], [ -2.417108707632744, 56.760942556244053 ], [ -2.417116393637157, 56.760934652682273 ], [ -2.417124082838296, 56.760926750229011 ], [ -2.417131775283774, 56.760918848899266 ], [ -2.417139471021194, 56.760910948708045 ], [ -2.417147170098167, 56.760903049670361 ], [ -2.417154872562299, 56.760895151801229 ], [ -2.417162578461197, 56.760887255115648 ], [ -2.417170287842469, 56.760879359628639 ], [ -2.417178000753723, 56.760871465355223 ], [ -2.417185717242565, 56.760863572310384 ], [ -2.417193437356604, 56.760855680509138 ], [ -2.417201161143446, 56.760847789966533 ], [ -2.417208888650698, 56.760839900697505 ], [ -2.417216619925969, 56.760832012717152 ], [ -2.417224355016866, 56.760824126040426 ], [ -2.417232093970997, 56.760816240682345 ], [ -2.417239836835964, 56.76080835665794 ], [ -2.417247583659381, 56.760800473982208 ], [ -2.417255334488851, 56.76079259267015 ], [ -2.417263089371985, 56.760784712736779 ], [ -2.417270848356385, 56.760776834197117 ], [ -2.417278611489661, 56.760768957066176 ], [ -2.417286378819421, 56.760761081358972 ], [ -2.41729415039327, 56.760753207090481 ], [ -2.417301926258816, 56.760745334275754 ], [ -2.417309706463667, 56.760737462929782 ], [ -2.417317491055427, 56.760729593067552 ], [ -2.417325280081704, 56.760721724704105 ], [ -2.417333073590107, 56.760713857854448 ], [ -2.417340871628242, 56.76070599253358 ], [ -2.417348674243715, 56.76069812875653 ], [ -2.417356481484134, 56.760690266538283 ], [ -2.417364293397103, 56.760682405893874 ], [ -2.417372110030231, 56.76067454683831 ], [ -2.417379931431124, 56.760666689386575 ], [ -2.417387757647391, 56.760658833553698 ], [ -2.417395588726638, 56.760650979354693 ], [ -2.417403424716469, 56.760643126804567 ], [ -2.417405531235379, 56.760641017616074 ] ] ], [ [ [ -2.414415019818017, 56.763613720496608 ], [ -2.414413712803293, 56.763614963967264 ], [ -2.414405539308578, 56.763622740874929 ], [ -2.414397366292196, 56.763630517823643 ], [ -2.414389193528662, 56.763638294736005 ], [ -2.414381020792498, 56.763646071534602 ], [ -2.414372847858224, 56.763653848142056 ], [ -2.414364674500361, 56.763661624480982 ], [ -2.414356500493426, 56.763669400473958 ], [ -2.41434832561194, 56.763677176043586 ], [ -2.414340149630421, 56.763684951112488 ], [ -2.41433197232339, 56.763692725603271 ], [ -2.414323793465366, 56.763700499438514 ], [ -2.414315612830868, 56.763708272540846 ], [ -2.414307430194413, 56.763716044832847 ], [ -2.414299245330521, 56.763723816237132 ], [ -2.414291058013712, 56.763731586676307 ], [ -2.414282868018505, 56.763739356072975 ], [ -2.414274675119417, 56.763747124349727 ], [ -2.414266479090964, 56.763754891429187 ], [ -2.414258279707669, 56.763762657233947 ], [ -2.414250076744045, 56.763770421686601 ], [ -2.414241869974616, 56.763778184709764 ], [ -2.414233659173894, 56.763785946226029 ], [ -2.414225444116401, 56.76379370615799 ], [ -2.414217224576654, 56.76380146442829 ], [ -2.414209000329167, 56.763809220959494 ], [ -2.414200771148461, 56.763816975674217 ], [ -2.414192536809053, 56.763824728495052 ], [ -2.414184297085459, 56.7638324793446 ], [ -2.414176051752198, 56.76384022814549 ], [ -2.414167800583781, 56.763847974820308 ], [ -2.414159543354732, 56.763855719291648 ], [ -2.414151279839567, 56.76386346148211 ], [ -2.414143009812801, 56.763871201314316 ], [ -2.414134733048947, 56.76387893871086 ], [ -2.414126449322527, 56.763886673594335 ], [ -2.414118158408056, 56.763894405887349 ], [ -2.414109860080046, 56.763902135512502 ], [ -2.414101554113018, 56.763909862392396 ], [ -2.414093240281484, 56.763917586449629 ], [ -2.414084918359964, 56.763925307606819 ], [ -2.414076588122971, 56.763933025786535 ], [ -2.414068249345022, 56.763940740911423 ], [ -2.414059901800631, 56.763948452904039 ], [ -2.414051545264313, 56.76395616168702 ], [ -2.414043179510585, 56.763963867182966 ], [ -2.414034804313963, 56.763971569314435 ], [ -2.41402641944896, 56.763979268004064 ], [ -2.41401802469009, 56.76398696317446 ], [ -2.414009619811871, 56.763994654748203 ], [ -2.414001204588815, 56.764002342647906 ], [ -2.413992778795438, 56.764010026796186 ], [ -2.413984342206255, 56.764017707115585 ], [ -2.413975894595779, 56.764025383528775 ], [ -2.413967435738525, 56.764033055958308 ], [ -2.413958965409007, 56.764040724326819 ], [ -2.41395048338174, 56.764048388556894 ], [ -2.413941989431239, 56.764056048571113 ], [ -2.413933483332013, 56.764063704292099 ], [ -2.41392496485858, 56.764071355642443 ], [ -2.413916433785453, 56.764079002544761 ], [ -2.413907889887145, 56.764086644921647 ], [ -2.413899332938169, 56.76409428269568 ], [ -2.41389076271304, 56.764101915789489 ], [ -2.41388217898627, 56.76410954412566 ], [ -2.413873581532373, 56.7641171676268 ], [ -2.413864970125858, 56.76412478621549 ], [ -2.413856344541245, 56.764132399814351 ], [ -2.413847704553045, 56.764140008345947 ], [ -2.413839049935765, 56.764147611732952 ], [ -2.413830380463923, 56.764155209897893 ], [ -2.413821695912032, 56.764162802763401 ], [ -2.413812996054601, 56.764170390252069 ], [ -2.413804280666144, 56.76417797228649 ], [ -2.413795549521174, 56.764185548789278 ], [ -2.413786802394203, 56.764193119683036 ], [ -2.413778039059744, 56.764200684890334 ], [ -2.413769259292307, 56.764208244333794 ], [ -2.413760462866404, 56.764215797936018 ], [ -2.413751649556548, 56.764223345619598 ], [ -2.413742819137249, 56.764230887307122 ], [ -2.413733971383022, 56.764238422921217 ], [ -2.413725106068376, 56.764245952384442 ], [ -2.41371622296782, 56.764253475619427 ], [ -2.413707321855871, 56.764260992548756 ], [ -2.413698402507038, 56.764268503095046 ], [ -2.413689464695831, 56.764276007180868 ], [ -2.413680508196761, 56.764283504728837 ], [ -2.413671532784342, 56.764290995661561 ], [ -2.413662538233082, 56.764298479901619 ], [ -2.413653524317492, 56.764305957371612 ], [ -2.413644490812083, 56.764313427994146 ], [ -2.413635437491365, 56.764320891691817 ], [ -2.413626364129852, 56.764328348387217 ], [ -2.413617270502051, 56.764335798002946 ], [ -2.413608156382475, 56.764343240461606 ], [ -2.413599021545632, 56.764350675685805 ], [ -2.413589865766035, 56.764358103598106 ], [ -2.413580688818191, 56.764365524121146 ], [ -2.41357149047661, 56.764372937177498 ], [ -2.413562270515806, 56.764380342689769 ], [ -2.413553028710286, 56.76438774058056 ], [ -2.413543764834562, 56.764395130772449 ], [ -2.41353447866314, 56.764402513188053 ], [ -2.413525169970533, 56.764409887749963 ], [ -2.413515838531251, 56.764417254380767 ], [ -2.413506484119802, 56.764424613003087 ], [ -2.413497106510696, 56.764431963539494 ], [ -2.413487705478442, 56.764439305912589 ], [ -2.413478280797551, 56.76444664004498 ], [ -2.41346883224253, 56.764453965859254 ], [ -2.413459359587891, 56.764461283278024 ], [ -2.413449862608142, 56.764468592223857 ], [ -2.413440341077789, 56.764475892619359 ], [ -2.413430794771347, 56.764483184387139 ], [ -2.413421223463321, 56.764490467449804 ], [ -2.41341162692822, 56.764497741729926 ], [ -2.413402004940557, 56.764505007150092 ], [ -2.413392357274835, 56.76451226363293 ], [ -2.413382683748803, 56.764519511115083 ], [ -2.413372984965394, 56.7645267497887 ], [ -2.413363262211543, 56.764533980068478 ], [ -2.413353516797063, 56.764541202376549 ], [ -2.413343750031764, 56.764548417135074 ], [ -2.413333963225465, 56.764555624766189 ], [ -2.413324157687974, 56.764562825692039 ], [ -2.41331433472911, 56.764570020334745 ], [ -2.413304495658691, 56.764577209116503 ], [ -2.413294641786527, 56.764584392459398 ], [ -2.413284774422436, 56.764591570785633 ], [ -2.41327489487624, 56.764598744517308 ], [ -2.413265004457751, 56.764605914076576 ], [ -2.413255104476792, 56.764613079885592 ], [ -2.413245196243178, 56.764620242366512 ], [ -2.41323528106673, 56.764627401941482 ], [ -2.413225360257267, 56.764634559032622 ], [ -2.413215435124611, 56.764641714062122 ], [ -2.413205506978584, 56.764648867452088 ], [ -2.413195577129004, 56.764656019624702 ], [ -2.413185646885696, 56.764663171002098 ], [ -2.413175717558481, 56.764670322006438 ], [ -2.413165790457185, 56.764677473059862 ], [ -2.4131633891861, 56.76467920356211 ], [ -2.413170761558149, 56.764673712142333 ], [ -2.413180463122524, 56.764666489603805 ], [ -2.413190167802532, 56.764659267352712 ], [ -2.413199874468627, 56.76465204502464 ], [ -2.413209581991258, 56.764644822255121 ], [ -2.413219289240872, 56.764637598679741 ], [ -2.413228995087919, 56.764630373934033 ], [ -2.413238698402854, 56.764623147653573 ], [ -2.413248398056123, 56.764615919473925 ], [ -2.413258092918181, 56.764608689030624 ], [ -2.413267781859481, 56.764601455959266 ], [ -2.413277463750472, 56.764594219895386 ], [ -2.41328713746161, 56.764586980474547 ], [ -2.413296801863346, 56.764579737332333 ], [ -2.413306455826138, 56.764572490104278 ], [ -2.413316098220438, 56.764565238425966 ], [ -2.413325727916704, 56.764557981932953 ], [ -2.413335343785387, 56.764550720260807 ], [ -2.413344944696946, 56.764543453045079 ], [ -2.413354529521839, 56.764536179921329 ], [ -2.41336409713052, 56.764528900525143 ], [ -2.413373646393451, 56.764521614492089 ], [ -2.413383176181083, 56.764514321457703 ], [ -2.413392685561808, 56.764507021122256 ], [ -2.413402174470328, 56.764499713469164 ], [ -2.413411643078327, 56.764492398559312 ], [ -2.413421091557477, 56.764485076453539 ], [ -2.413430520079464, 56.764477747212737 ], [ -2.413439928815963, 56.764470410897779 ], [ -2.413449317938657, 56.764463067569515 ], [ -2.413458687619229, 56.764455717288811 ], [ -2.413468038029354, 56.764448360116567 ], [ -2.413477369340714, 56.764440996113642 ], [ -2.413486681724991, 56.764433625340878 ], [ -2.413495975353861, 56.76442624785917 ], [ -2.413505250399008, 56.764418863729389 ], [ -2.413514507032111, 56.764411473012387 ], [ -2.413523745424844, 56.76440407576905 ], [ -2.413532965748895, 56.764396672060236 ], [ -2.413542168175938, 56.764389261946818 ], [ -2.413551352877655, 56.764381845489666 ], [ -2.413560520025727, 56.764374422749661 ], [ -2.41356966979183, 56.764366993787633 ], [ -2.413578802347644, 56.764359558664481 ], [ -2.41358791786485, 56.764352117441078 ], [ -2.413597016515129, 56.764344670178275 ], [ -2.413606098470158, 56.764337216936958 ], [ -2.413615163901613, 56.764329757777979 ], [ -2.413624212981178, 56.76432229276223 ], [ -2.413633245880531, 56.764314821950549 ], [ -2.413642262771349, 56.764307345403815 ], [ -2.413651263825313, 56.764299863182913 ], [ -2.4136602492141, 56.764292375348695 ], [ -2.413669219109392, 56.764284881962027 ], [ -2.413678173682864, 56.764277383083773 ], [ -2.413687113106197, 56.764269878774833 ], [ -2.41369603755107, 56.764262369096031 ], [ -2.413704947189159, 56.764254854108266 ], [ -2.413713842192145, 56.76424733387239 ], [ -2.413722722731706, 56.764239808449283 ], [ -2.41373158897952, 56.764232277899815 ], [ -2.413740441107263, 56.764224742284831 ], [ -2.413749279286618, 56.764217201665211 ], [ -2.413758103689258, 56.764209656101841 ], [ -2.413766914486863, 56.764202105655549 ], [ -2.413775711851114, 56.764194550387252 ], [ -2.413784495953687, 56.764186990357786 ], [ -2.413793266966257, 56.764179425628008 ], [ -2.413802025060507, 56.764171856258805 ], [ -2.41381077040811, 56.764164282311043 ], [ -2.413819503180746, 56.764156703845586 ], [ -2.413828223550092, 56.764149120923307 ], [ -2.413836931687824, 56.764141533605049 ], [ -2.413845627765625, 56.764133941951712 ], [ -2.413854311955165, 56.764126346024156 ], [ -2.413862984428127, 56.764118745883238 ], [ -2.413871645356183, 56.764111141589815 ], [ -2.413880294911017, 56.764103533204782 ], [ -2.413888933264301, 56.764095920788968 ], [ -2.413897560587714, 56.764088304403266 ], [ -2.41390617705293, 56.764080684108563 ], [ -2.41391478283163, 56.764073059965696 ], [ -2.413923378095487, 56.764065432035515 ], [ -2.41393196301618, 56.764057800378943 ], [ -2.413940537765388, 56.76405016505678 ], [ -2.413949102514782, 56.764042526129934 ], [ -2.413957657436042, 56.764034883659264 ], [ -2.413966202700841, 56.764027237705633 ], [ -2.413974738480861, 56.764019588329894 ], [ -2.413983264947774, 56.764011935592947 ], [ -2.413991782273257, 56.764004279555628 ], [ -2.414000290628986, 56.763996620278824 ], [ -2.414008790186639, 56.763988957823386 ], [ -2.414017281117888, 56.7639812922502 ], [ -2.414025763594414, 56.763973623620089 ], [ -2.414034237787886, 56.76396595199396 ], [ -2.414042703869985, 56.763958277432671 ], [ -2.414051162012385, 56.763950599997081 ], [ -2.414059612386763, 56.763942919748068 ], [ -2.414068055164792, 56.76393523674647 ], [ -2.414076490518148, 56.763927551053172 ], [ -2.414084918618508, 56.763919862729047 ], [ -2.414093339637545, 56.763912171834932 ], [ -2.414101753746935, 56.763904478431741 ], [ -2.414110161118353, 56.763896782580289 ], [ -2.414118561923474, 56.763889084341464 ], [ -2.414126956333973, 56.763881383776138 ], [ -2.414135344521524, 56.763873680945174 ], [ -2.414143726657801, 56.763865975909432 ], [ -2.414152102914482, 56.763858268729763 ], [ -2.414160473463239, 56.763850559467052 ], [ -2.414168838475748, 56.763842848182158 ], [ -2.414177198123681, 56.763835134935945 ], [ -2.414185552578715, 56.76382741978928 ], [ -2.41419390201252, 56.763819702803026 ], [ -2.414202246596775, 56.763811984038064 ], [ -2.41421058650315, 56.76380426355523 ], [ -2.414218921903322, 56.76379654141541 ], [ -2.414227252968963, 56.763788817679476 ], [ -2.41423557987175, 56.763781092408252 ], [ -2.414243902783352, 56.763773365662644 ], [ -2.414252221875444, 56.763765637503504 ], [ -2.4142605373197, 56.763757907991689 ], [ -2.414268849287796, 56.763750177188065 ], [ -2.414277157951401, 56.763742445153511 ], [ -2.414285463482193, 56.763734711948892 ], [ -2.41429376605184, 56.763726977635052 ], [ -2.41430206583202, 56.763719242272856 ], [ -2.414310362994402, 56.763711505923204 ], [ -2.41431865771066, 56.763703768646913 ], [ -2.414326950152467, 56.76369603050486 ], [ -2.414335240491497, 56.763688291557941 ], [ -2.414343528899423, 56.763680551866997 ], [ -2.414351815547914, 56.763672811492881 ], [ -2.414360100608646, 56.763665070496465 ], [ -2.414368384253289, 56.763657328938628 ], [ -2.414376666653519, 56.76364958688022 ], [ -2.414384947981004, 56.763641844382093 ], [ -2.414393228407419, 56.76363410150514 ], [ -2.414401508104434, 56.763626358310205 ], [ -2.414409787243724, 56.763618614858153 ], [ -2.414415019818017, 56.763613720496608 ] ] ], [ [ [ -2.412011545772323, 56.765767621977695 ], [ -2.412008244975111, 56.765771072327595 ], [ -2.412000668014364, 56.765778981020517 ], [ -2.411993082106505, 56.765786887395798 ], [ -2.411985487178987, 56.765794791425407 ], [ -2.411977883159249, 56.765802693081248 ], [ -2.411970269974737, 56.765810592335278 ], [ -2.411962647552899, 56.765818489159436 ], [ -2.41195501582118, 56.765826383525649 ], [ -2.411947374707023, 56.765834275405872 ], [ -2.411939724137876, 56.765842164772025 ], [ -2.411932064041181, 56.765850051596068 ], [ -2.411924394344385, 56.765857935849922 ], [ -2.411916714974931, 56.765865817505528 ], [ -2.411909025860267, 56.765873696534833 ], [ -2.411901326927838, 56.76588157290977 ], [ -2.411893618105084, 56.76588944660228 ], [ -2.411885899319457, 56.765897317584297 ], [ -2.411878170498397, 56.765905185827762 ], [ -2.411870431569351, 56.765913051304601 ], [ -2.411862682459762, 56.765920913986783 ], [ -2.411854923097076, 56.765928773846213 ], [ -2.411847153408739, 56.765936630854846 ], [ -2.411839373322192, 56.765944484984637 ], [ -2.411831582764885, 56.765952336207476 ], [ -2.411823781664258, 56.765960184495349 ], [ -2.411815969947757, 56.765968029820172 ], [ -2.411808147542828, 56.765975872153888 ], [ -2.411800314376913, 56.765983711468429 ], [ -2.411792470377461, 56.76599154773573 ], [ -2.411784615471911, 56.765999380927752 ], [ -2.411776749587712, 56.766007211016408 ], [ -2.411768872652304, 56.766015037973659 ], [ -2.411760984593136, 56.766022861771418 ], [ -2.41175308533765, 56.766030682381654 ], [ -2.41174517481329, 56.766038499776272 ], [ -2.411737252947503, 56.766046313927227 ], [ -2.411729319667728, 56.766054124806459 ], [ -2.411721374901415, 56.766061932385888 ], [ -2.411713418576006, 56.766069736637462 ], [ -2.411705450618943, 56.766077537533135 ], [ -2.411697470957675, 56.766085335044828 ], [ -2.411689479519641, 56.766093129144494 ], [ -2.411681476232288, 56.766100919804046 ], [ -2.411673461023059, 56.766108706995439 ], [ -2.411665433819401, 56.766116490690621 ], [ -2.411657394548754, 56.766124270861496 ], [ -2.411649343138562, 56.766132047480014 ], [ -2.411641279516271, 56.766139820518148 ], [ -2.411633203609326, 56.766147589947785 ], [ -2.411625115345168, 56.766155355740892 ], [ -2.411617014651244, 56.766163117869418 ], [ -2.411608901454995, 56.766170876305267 ], [ -2.411600775683866, 56.766178631020388 ], [ -2.411592637265302, 56.766186381986735 ], [ -2.411584486126745, 56.76619412917622 ], [ -2.411576322195638, 56.766201872560814 ], [ -2.411568145399427, 56.766209612112426 ], [ -2.411559955665552, 56.766217347803 ], [ -2.411551752921464, 56.766225079604467 ], [ -2.411543537094599, 56.766232807488791 ], [ -2.411535308112404, 56.766240531427876 ], [ -2.411527065902323, 56.766248251393691 ], [ -2.411518810391796, 56.766255967358148 ], [ -2.411510541508274, 56.766263679293203 ], [ -2.411502259179192, 56.766271387170768 ], [ -2.411493963331999, 56.766279090962804 ], [ -2.411485653894135, 56.766286790641246 ], [ -2.411477330793047, 56.766294486178012 ], [ -2.411468993956175, 56.766302177545064 ], [ -2.411460643310966, 56.766309864714323 ], [ -2.411452278784858, 56.766317547657735 ], [ -2.411443900305298, 56.766325226347242 ], [ -2.411435507799732, 56.766332900754747 ], [ -2.411427101195597, 56.766340570852243 ], [ -2.41141868042034, 56.76634823661162 ], [ -2.411410245401406, 56.766355898004832 ], [ -2.411401796066231, 56.766363555003821 ], [ -2.411393332342268, 56.766371207580519 ], [ -2.411384854156952, 56.766378855706861 ], [ -2.411376361437732, 56.766386499354788 ], [ -2.411367854112045, 56.766394138496231 ], [ -2.411359332107339, 56.766401773103141 ], [ -2.411350795351058, 56.766409403147428 ], [ -2.411342243770639, 56.766417028601055 ], [ -2.411333677293531, 56.766424649435955 ], [ -2.411325095847174, 56.76643226562404 ], [ -2.41131649935901, 56.766439877137294 ], [ -2.411307887756485, 56.766447483947601 ], [ -2.411299260967041, 56.76645508602693 ], [ -2.411290618918118, 56.766462683347214 ], [ -2.411281961537164, 56.76647027588038 ], [ -2.411273288751618, 56.766477863598375 ], [ -2.411264600488924, 56.766485446473133 ], [ -2.411255896676526, 56.766493024476581 ], [ -2.411247177241864, 56.766500597580666 ], [ -2.411238442112383, 56.766508165757323 ], [ -2.411229691204768, 56.766515729002741 ], [ -2.411220924565215, 56.76652328731744 ], [ -2.411212142336768, 56.76653084072602 ], [ -2.411203344654915, 56.766538389268277 ], [ -2.411194531655136, 56.766545932983952 ], [ -2.411185703472913, 56.766553471912829 ], [ -2.411176860243737, 56.766561006094662 ], [ -2.411168002103085, 56.766568535569235 ], [ -2.411159129186445, 56.766576060376302 ], [ -2.411150241629299, 56.766583580555604 ], [ -2.411141339567135, 56.766591096146954 ], [ -2.411132423135432, 56.766598607190076 ], [ -2.41112349246968, 56.766606113724791 ], [ -2.41111454770536, 56.76661361579081 ], [ -2.411105588977958, 56.766621113427917 ], [ -2.411096616422958, 56.766628606675887 ], [ -2.411087630175846, 56.766636095574491 ], [ -2.411078630372105, 56.766643580163482 ], [ -2.411069617147223, 56.766651060482623 ], [ -2.411060590636681, 56.766658536571697 ], [ -2.411051550975968, 56.766666008470452 ], [ -2.411042498300567, 56.766673476218671 ], [ -2.411033432745965, 56.766680939856116 ], [ -2.411024354447645, 56.766688399422563 ], [ -2.411015263541094, 56.766695854957767 ], [ -2.411006160161795, 56.766703306501469 ], [ -2.410997044445238, 56.766710754093502 ], [ -2.410987916526904, 56.766718197773578 ], [ -2.410978776542286, 56.76672563758148 ], [ -2.41096962462686, 56.766733073556971 ], [ -2.410960460916118, 56.766740505739833 ], [ -2.410951285545544, 56.766747934169814 ], [ -2.410942098650627, 56.766755358886705 ], [ -2.41093290036685, 56.766762779930247 ], [ -2.4109236908297, 56.766770197340222 ], [ -2.410914470174661, 56.766777611156385 ], [ -2.410905238537224, 56.766785021418514 ], [ -2.410895996052875, 56.766792428166383 ], [ -2.410886742857095, 56.766799831439741 ], [ -2.410877479085376, 56.766807231278371 ], [ -2.4108682048732, 56.766814627722034 ], [ -2.41085892035606, 56.766822020810501 ], [ -2.410849625669438, 56.76682941058354 ], [ -2.410840320948822, 56.766836797080913 ], [ -2.410831006329698, 56.766844180342389 ], [ -2.410821681947555, 56.76685156040773 ], [ -2.410812347937879, 56.766858937316719 ], [ -2.410803004436155, 56.766866311109119 ], [ -2.410793651577875, 56.766873681824684 ], [ -2.410784289498522, 56.766881049503191 ], [ -2.410774918333583, 56.766888414184415 ], [ -2.410765538218551, 56.766895775908118 ], [ -2.410756149288908, 56.766903134714056 ], [ -2.410746751680145, 56.766910490642026 ], [ -2.410737345527746, 56.766917843731754 ], [ -2.410727930967202, 56.766925194023059 ], [ -2.410718508133997, 56.766932541555668 ], [ -2.410709077163622, 56.766939886369364 ], [ -2.410699638191565, 56.766947228503923 ], [ -2.410690191353311, 56.766954567999093 ], [ -2.410680736784352, 56.766961904894657 ], [ -2.410671274620174, 56.766969239230384 ], [ -2.410661804996265, 56.766976571046044 ], [ -2.410657090319424, 56.766980217309708 ], [ -2.410657215320462, 56.766980116456793 ], [ -2.410666398899146, 56.766972698935277 ], [ -2.410675575440175, 56.766965279000331 ], [ -2.410684744912653, 56.766957856643565 ], [ -2.410693907285684, 56.766950431856564 ], [ -2.410703062528369, 56.766943004630946 ], [ -2.41071221060981, 56.766935574958318 ], [ -2.410721351499113, 56.76692814283026 ], [ -2.41073048516538, 56.766920708238402 ], [ -2.410739611577711, 56.766913271174325 ], [ -2.41074873070521, 56.766905831629657 ], [ -2.410757842516982, 56.766898389595966 ], [ -2.410766946982127, 56.766890945064894 ], [ -2.410776044069749, 56.766883498028022 ], [ -2.41078513374895, 56.766876048476973 ], [ -2.410794215988833, 56.76686859640332 ], [ -2.410803290758503, 56.766861141798685 ], [ -2.410812358027061, 56.76685368465467 ], [ -2.410821417763611, 56.76684622496289 ], [ -2.410830469937253, 56.766838762714926 ], [ -2.410839514517093, 56.766831297902399 ], [ -2.410848551472234, 56.766823830516913 ], [ -2.410857580771776, 56.766816360550038 ], [ -2.410866602384828, 56.76680888799342 ], [ -2.410875616280485, 56.76680141283866 ], [ -2.410884622427856, 56.766793935077331 ], [ -2.410893620796043, 56.766786454701062 ], [ -2.41090261135415, 56.766778971701449 ], [ -2.410911594071275, 56.766771486070084 ], [ -2.410920568916525, 56.766763997798591 ], [ -2.410929535859002, 56.766756506878565 ], [ -2.410938494867813, 56.766749013301606 ], [ -2.410947445912056, 56.76674151705933 ], [ -2.410956388960836, 56.766734018143332 ], [ -2.41096532398326, 56.766726516545191 ], [ -2.410974250948426, 56.766719012256566 ], [ -2.410983169825439, 56.766711505269008 ], [ -2.410992080583402, 56.766703995574147 ], [ -2.411000983191418, 56.766696483163592 ], [ -2.411009877618593, 56.766688968028937 ], [ -2.411018763834027, 56.766681450161755 ], [ -2.411027641806824, 56.766673929553711 ], [ -2.411036511506091, 56.766666406196379 ], [ -2.411045372900926, 56.766658880081351 ], [ -2.411054225960436, 56.766651351200238 ], [ -2.411063070653723, 56.766643819544662 ], [ -2.411071906949892, 56.766636285106202 ], [ -2.411080734818046, 56.766628747876474 ], [ -2.411089554227287, 56.766621207847066 ], [ -2.411098365146719, 56.766613665009608 ], [ -2.411107167545447, 56.7666061193557 ], [ -2.411115961392573, 56.76659857087693 ], [ -2.411124746657203, 56.766591019564892 ], [ -2.411133523308437, 56.76658346541123 ], [ -2.411142291315381, 56.766575908407503 ], [ -2.411151050647138, 56.766568348545341 ], [ -2.411159801272811, 56.766560785816345 ], [ -2.411168543161505, 56.766553220212117 ], [ -2.411177276282324, 56.766545651724265 ], [ -2.41118600060437, 56.766538080344382 ], [ -2.411194716096751, 56.766530506064093 ], [ -2.411203422728564, 56.766522928874977 ], [ -2.411212120468916, 56.766515348768642 ], [ -2.411220809274855, 56.766507765752827 ], [ -2.411229489115885, 56.766500179825485 ], [ -2.411238159996342, 56.766492590968767 ], [ -2.411246821909693, 56.766484999187711 ], [ -2.411255474849405, 56.766477404487411 ], [ -2.411264118808946, 56.766469806872919 ], [ -2.411272753781782, 56.766462206349338 ], [ -2.411281379761384, 56.766454602921719 ], [ -2.411289996741217, 56.766446996595121 ], [ -2.411298604714752, 56.766439387374632 ], [ -2.411307203675453, 56.766431775265325 ], [ -2.411315793616792, 56.766424160272258 ], [ -2.411324374532235, 56.766416542400513 ], [ -2.411332946415248, 56.766408921655156 ], [ -2.411341509259302, 56.766401298041252 ], [ -2.411350063057864, 56.766393671563897 ], [ -2.4113586078044, 56.766386042228142 ], [ -2.41136714349238, 56.766378410039046 ], [ -2.411375670115272, 56.766370775001697 ], [ -2.411384187666544, 56.766363137121175 ], [ -2.411392696139663, 56.766355496402532 ], [ -2.411401195528098, 56.766347852850856 ], [ -2.411409685825316, 56.766340206471199 ], [ -2.411418167024787, 56.766332557268662 ], [ -2.411426639119975, 56.76632490524829 ], [ -2.411435102104353, 56.766317250415149 ], [ -2.411443555971386, 56.766309592774327 ], [ -2.411452000714543, 56.766301932330897 ], [ -2.411460436327293, 56.766294269089911 ], [ -2.411468862803104, 56.766286603056471 ], [ -2.411477280135443, 56.766278934235615 ], [ -2.411485688317776, 56.766271262632429 ], [ -2.411494087343576, 56.766263588251995 ], [ -2.411502477206309, 56.766255911099385 ], [ -2.411510857899441, 56.766248231179638 ], [ -2.411519229416442, 56.766240548497855 ], [ -2.411527591750784, 56.766232863059088 ], [ -2.411535944895931, 56.766225174868438 ], [ -2.41154428884535, 56.766217483930937 ], [ -2.411552623592513, 56.766209790251693 ], [ -2.411560949130886, 56.766202093835744 ], [ -2.411569265453937, 56.766194394688192 ], [ -2.411577572555138, 56.766186692814088 ], [ -2.411585870427952, 56.766178988218499 ], [ -2.41159415906585, 56.766171280906519 ], [ -2.4116024384623, 56.766163570883201 ], [ -2.411610708610772, 56.766155858153617 ], [ -2.411618969504732, 56.766148142722855 ], [ -2.411627221137651, 56.766140424595946 ], [ -2.411635463502995, 56.766132703778013 ], [ -2.411643696594231, 56.766124980274093 ], [ -2.411651920404832, 56.766117254089266 ], [ -2.411660134928261, 56.766109525228607 ], [ -2.411668340157991, 56.766101793697182 ], [ -2.411676536087491, 56.766094059500077 ], [ -2.411684722710226, 56.76608632264233 ], [ -2.411692900019666, 56.766078583129037 ], [ -2.411701068009278, 56.766070840965284 ], [ -2.411709226672534, 56.76606309615611 ], [ -2.411717376002899, 56.766055348706601 ], [ -2.411725515993845, 56.766047598621817 ], [ -2.411733646638837, 56.766039845906846 ], [ -2.411741767931344, 56.766032090566753 ], [ -2.41174987986484, 56.766024332606619 ], [ -2.411757982432785, 56.766016572031475 ], [ -2.411766075628654, 56.766008808846443 ], [ -2.411774159445914, 56.766001043056569 ], [ -2.411782233878032, 56.765993274666918 ], [ -2.411790298918477, 56.765985503682586 ], [ -2.411798354560722, 56.765977730108624 ], [ -2.411806400798229, 56.765969953950119 ], [ -2.411814437624472, 56.76596217521211 ], [ -2.411822465032917, 56.765954393899698 ], [ -2.411830483017034, 56.765946610017949 ], [ -2.411838491570291, 56.765938823571929 ], [ -2.411846490686157, 56.765931034566698 ], [ -2.411854480358101, 56.765923243007343 ], [ -2.41186246057959, 56.765915448898959 ], [ -2.411870431344096, 56.765907652246561 ], [ -2.411878392645083, 56.765899853055267 ], [ -2.411886344476026, 56.765892051330113 ], [ -2.41189428683039, 56.765884247076215 ], [ -2.411902219701644, 56.765876440298591 ], [ -2.411910143083259, 56.765868631002348 ], [ -2.411918056968701, 56.76586081919254 ], [ -2.411925961351439, 56.765853004874266 ], [ -2.411933856224944, 56.765845188052552 ], [ -2.411941741582685, 56.76583736873252 ], [ -2.411949617418129, 56.765829546919193 ], [ -2.411957483724745, 56.76582172261768 ], [ -2.411965340496005, 56.76581389583302 ], [ -2.411973187725375, 56.765806066570313 ], [ -2.411981025406322, 56.765798234834612 ], [ -2.411988853532321, 56.765790400630998 ], [ -2.411996672096836, 56.765782563964528 ], [ -2.412004481093339, 56.765774724840298 ], [ -2.412011545772323, 56.765767621977695 ] ] ], [ [ [ -2.409002217298959, 56.768225388631997 ], [ -2.408994449820196, 56.768231132605393 ], [ -2.40898472274321, 56.768238322092415 ], [ -2.40897499263355, 56.768245510184151 ], [ -2.408965259446523, 56.768252696865822 ], [ -2.408955523137438, 56.768259882122706 ], [ -2.408945783661602, 56.76826706594003 ], [ -2.40893604097432, 56.768274248303044 ], [ -2.408926295030904, 56.768281429197017 ], [ -2.408916545786659, 56.768288608607179 ], [ -2.408906793196895, 56.768295786518784 ], [ -2.408897037216916, 56.76830296291709 ], [ -2.408887277802034, 56.768310137787338 ], [ -2.408877514907553, 56.768317311114778 ], [ -2.408867748488782, 56.768324482884658 ], [ -2.408857978501031, 56.768331653082228 ], [ -2.408848204899603, 56.768338821692723 ], [ -2.40883842763981, 56.768345988701427 ], [ -2.408828646676956, 56.768353154093546 ], [ -2.40881886196635, 56.768360317854373 ], [ -2.408809073463302, 56.768367479969108 ], [ -2.408799281123113, 56.768374640423055 ], [ -2.408789484901098, 56.768381799201421 ], [ -2.408779684752561, 56.768388956289471 ], [ -2.408769880632808, 56.768396111672445 ], [ -2.4087600724994, 56.768403265336381 ], [ -2.408750260338979, 56.768410417277387 ], [ -2.408740444158472, 56.768417567498588 ], [ -2.408730623965211, 56.768424716003253 ], [ -2.408720799766527, 56.768431862794671 ], [ -2.408710971569758, 56.768439007876111 ], [ -2.408701139382235, 56.768446151250828 ], [ -2.408691303211294, 56.768453292922104 ], [ -2.408681463064267, 56.768460432893235 ], [ -2.408671618948489, 56.76846757116747 ], [ -2.408661770871293, 56.768474707748076 ], [ -2.408651918840012, 56.768481842638366 ], [ -2.408642062861982, 56.768488975841571 ], [ -2.408632202944534, 56.768496107361003 ], [ -2.408622339095007, 56.768503237199894 ], [ -2.40861247132073, 56.76851036536155 ], [ -2.408602599629037, 56.768517491849224 ], [ -2.408592724027265, 56.76852461666622 ], [ -2.408582844522744, 56.768531739815771 ], [ -2.408572961122811, 56.768538861301181 ], [ -2.408563073834797, 56.768545981125719 ], [ -2.408553182666039, 56.768553099292632 ], [ -2.408543287623867, 56.768560215805216 ], [ -2.408533388715621, 56.768567330666762 ], [ -2.408523485948629, 56.768574443880517 ], [ -2.408513579330226, 56.768581555449764 ], [ -2.408503668867747, 56.76858866537777 ], [ -2.408493754568526, 56.768595773667819 ], [ -2.408483836439897, 56.768602880323179 ], [ -2.408473914489192, 56.768609985347119 ], [ -2.408463988723747, 56.768617088742921 ], [ -2.408454059150894, 56.768624190513869 ], [ -2.408444125777969, 56.768631290663208 ], [ -2.408434188612305, 56.768638389194216 ], [ -2.408424247661235, 56.768645486110202 ], [ -2.408414302932094, 56.768652581414401 ], [ -2.408404354432215, 56.768659675110108 ], [ -2.408394402168933, 56.7686667672006 ], [ -2.408384446149581, 56.76867385768913 ], [ -2.408374486381492, 56.768680946578982 ], [ -2.408364522872002, 56.768688033873431 ], [ -2.408354555628445, 56.768695119575746 ], [ -2.408344584658153, 56.768702203689216 ], [ -2.408334609968461, 56.768709286217096 ], [ -2.408324631566702, 56.768716367162661 ], [ -2.408314649460213, 56.768723446529201 ], [ -2.408304663656324, 56.768730524319992 ], [ -2.408294674162371, 56.768737600538266 ], [ -2.408284680985684, 56.768744675187335 ], [ -2.408274684133605, 56.768751748270482 ], [ -2.408264683613461, 56.768758819790953 ], [ -2.408254679432589, 56.768765889752025 ], [ -2.408244671598321, 56.768772958156987 ], [ -2.408234660117993, 56.7687800250091 ], [ -2.408224644998939, 56.768787090311633 ], [ -2.408214626248491, 56.768794154067862 ], [ -2.408204603873984, 56.768801216281091 ], [ -2.408194577882751, 56.768808276954566 ], [ -2.408184548282128, 56.768815336091549 ], [ -2.408174515079448, 56.768822393695352 ], [ -2.408164478282044, 56.768829449769214 ], [ -2.408154437897252, 56.768836504316404 ], [ -2.408144393932402, 56.768843557340247 ], [ -2.408134346394834, 56.768850608843955 ], [ -2.408124295291878, 56.768857658830846 ], [ -2.408114240630868, 56.768864707304168 ], [ -2.408104182419138, 56.768871754267202 ], [ -2.408094120664023, 56.768878799723218 ], [ -2.408084055372858, 56.768885843675505 ], [ -2.408073986552974, 56.76889288612734 ], [ -2.408063914211706, 56.768899927081954 ], [ -2.40805383835639, 56.76890696654268 ], [ -2.408043758994359, 56.768914004512744 ], [ -2.408033676132945, 56.768921040995444 ], [ -2.408023589779484, 56.768928075994047 ], [ -2.408013499941311, 56.768935109511837 ], [ -2.408003406625757, 56.76894214155206 ], [ -2.407993309840157, 56.768949172118027 ], [ -2.407983209591846, 56.768956201212987 ], [ -2.407973105888159, 56.768963228840228 ], [ -2.407962998736429, 56.768970255003005 ], [ -2.407952888143988, 56.7689772797046 ], [ -2.407942774118173, 56.768984302948297 ], [ -2.407932656666315, 56.768991324737357 ], [ -2.407922535795753, 56.768998345075062 ], [ -2.407912411513814, 56.769005363964688 ], [ -2.407902283827838, 56.769012381409496 ], [ -2.407892152745156, 56.769019397412769 ], [ -2.407882018273104, 56.769026411977784 ], [ -2.407871880419013, 56.769033425107807 ], [ -2.407861739190222, 56.769040436806108 ], [ -2.407851594594058, 56.769047447075984 ], [ -2.407841446637861, 56.769054455920688 ], [ -2.407831295328965, 56.76906146334349 ], [ -2.4078211406747, 56.76906846934768 ], [ -2.407810982682403, 56.769075473936518 ], [ -2.407800821359408, 56.76908247711328 ], [ -2.407790656713047, 56.769089478881263 ], [ -2.407780488750656, 56.769096479243707 ], [ -2.40777031747957, 56.769103478203903 ], [ -2.40776014290712, 56.769110475765125 ], [ -2.407749965040642, 56.769117471930642 ], [ -2.407739783887469, 56.76912446670373 ], [ -2.407729599454937, 56.769131460087664 ], [ -2.407719411750378, 56.76913845208572 ], [ -2.407709220781127, 56.769145442701166 ], [ -2.40769902655452, 56.769152431937272 ], [ -2.407688829077887, 56.769159419797326 ], [ -2.407678628358565, 56.76916640628459 ], [ -2.407668424403888, 56.769173391402347 ], [ -2.407658217221188, 56.769180375153859 ], [ -2.407648006817802, 56.769187357542421 ], [ -2.407637793201064, 56.769194338571289 ], [ -2.407627576378303, 56.769201318243745 ], [ -2.40761735635686, 56.769208296563036 ], [ -2.407607133144065, 56.769215273532474 ], [ -2.407596906747253, 56.769222249155305 ], [ -2.407586677173758, 56.769229223434827 ], [ -2.407576444430914, 56.769236196374301 ], [ -2.407566208526057, 56.76924316797701 ], [ -2.407555969466519, 56.769250138246207 ], [ -2.407545727259634, 56.76925710718519 ], [ -2.40753548191274, 56.769264074797213 ], [ -2.407525233433163, 56.76927104108556 ], [ -2.407514981828244, 56.769278006053504 ], [ -2.407504727105319, 56.769284969704316 ], [ -2.407494469271714, 56.769291932041263 ], [ -2.407484208334769, 56.769298893067656 ], [ -2.407473944301818, 56.769305852786722 ], [ -2.407463677180191, 56.76931281120175 ], [ -2.407453406977228, 56.769319768316024 ], [ -2.407443133700257, 56.769326724132817 ], [ -2.407432857356618, 56.769333678655393 ], [ -2.407422577953641, 56.769340631887033 ], [ -2.407412295498661, 56.769347583831006 ], [ -2.407402009999015, 56.769354534490589 ], [ -2.407391721462034, 56.769361483869062 ], [ -2.407381429895053, 56.769368431969681 ], [ -2.407371135305406, 56.769375378795743 ], [ -2.407360837700427, 56.769382324350488 ], [ -2.407350537087453, 56.769389268637234 ], [ -2.407340233473812, 56.769396211659213 ], [ -2.407329926866846, 56.769403153419738 ], [ -2.407319617273883, 56.769410093922062 ], [ -2.40730930470226, 56.769417033169454 ], [ -2.40729898915931, 56.769423971165189 ], [ -2.407288670652368, 56.769430907912572 ], [ -2.407278349188769, 56.769437843414835 ], [ -2.407268024775845, 56.769444777675268 ], [ -2.407257697420931, 56.76945171069714 ], [ -2.407247367131361, 56.769458642483734 ], [ -2.407237033914471, 56.769465573038339 ], [ -2.407226697777595, 56.769472502364195 ], [ -2.407216358728065, 56.769479430464585 ], [ -2.407206016773215, 56.769486357342799 ], [ -2.407195671920383, 56.769493283002092 ], [ -2.407185324176898, 56.769500207445759 ], [ -2.4071749735501, 56.769507130677063 ], [ -2.407164620047319, 56.769514052699272 ], [ -2.407154263675889, 56.769520973515668 ], [ -2.407143904443146, 56.769527893129521 ], [ -2.407133542356426, 56.769534811544098 ], [ -2.40712317742306, 56.769541728762697 ], [ -2.407112809650383, 56.769548644788564 ], [ -2.407102439045728, 56.769555559624976 ], [ -2.407092065616432, 56.769562473275244 ], [ -2.407081689369827, 56.769569385742592 ], [ -2.407071310313253, 56.769576297030333 ], [ -2.407060928454036, 56.769583207141707 ], [ -2.407050543799513, 56.769590116080018 ], [ -2.407040156357021, 56.769597023848512 ], [ -2.407029766133889, 56.769603930450508 ], [ -2.407019373137457, 56.769610835889218 ], [ -2.407008977375057, 56.769617740167966 ], [ -2.406998578854022, 56.769624643289994 ], [ -2.406988177581689, 56.769631545258612 ], [ -2.406977773565389, 56.769638446077046 ], [ -2.406967366812456, 56.769645345748614 ], [ -2.406956957330228, 56.769652244276571 ], [ -2.406946545126037, 56.769659141664185 ], [ -2.406936130207218, 56.769666037914753 ], [ -2.406925712581105, 56.769672933031515 ], [ -2.406915292255031, 56.769679827017782 ], [ -2.406904869236331, 56.769686719876795 ], [ -2.406894443532342, 56.769693611611835 ], [ -2.406884015150395, 56.769700502226193 ], [ -2.406880597679878, 56.769702759395976 ], [ -2.406889176795379, 56.769697010519835 ], [ -2.40689950273242, 56.769690087894148 ], [ -2.406909825738272, 56.769683164039883 ], [ -2.406920145823678, 56.769676238959605 ], [ -2.406930462999375, 56.769669312655836 ], [ -2.406940777276102, 56.769662385131141 ], [ -2.406951088664599, 56.769655456388051 ], [ -2.406961397175603, 56.769648526429108 ], [ -2.406971702819851, 56.769641595256864 ], [ -2.406982005608084, 56.769634662873877 ], [ -2.406992305551042, 56.769627729282661 ], [ -2.407002602659464, 56.769620794485782 ], [ -2.407012896944085, 56.769613858485783 ], [ -2.407023188415647, 56.769606921285195 ], [ -2.407033477084888, 56.769599982886589 ], [ -2.407043762962547, 56.769593043292488 ], [ -2.407054046059359, 56.769586102505436 ], [ -2.40706432638607, 56.769579160528004 ], [ -2.407074603953413, 56.769572217362693 ], [ -2.40708487877213, 56.769565273012084 ], [ -2.407095150852955, 56.769558327478713 ], [ -2.407105420206632, 56.769551380765115 ], [ -2.407115686843899, 56.769544432873836 ], [ -2.407125950775491, 56.769537483807447 ], [ -2.40713621201215, 56.769530533568457 ], [ -2.407146470564615, 56.76952358215943 ], [ -2.407156726443621, 56.76951662958291 ], [ -2.407166979659911, 56.769509675841427 ], [ -2.407177230224221, 56.769502720937538 ], [ -2.407187478147292, 56.769495764873795 ], [ -2.40719772343986, 56.769488807652742 ], [ -2.407207966112666, 56.7694818492769 ], [ -2.407218206176444, 56.769474889748835 ], [ -2.407228443641939, 56.769467929071084 ], [ -2.407238678519889, 56.769460967246189 ], [ -2.407248910821026, 56.769454004276696 ], [ -2.407259140556098, 56.769447040165169 ], [ -2.407269367735835, 56.769440074914129 ], [ -2.407279592370979, 56.76943310852613 ], [ -2.407289814472273, 56.769426141003699 ], [ -2.40730003405045, 56.76941917234943 ], [ -2.407310251116252, 56.769412202565796 ], [ -2.407320465680412, 56.769405231655405 ], [ -2.407330677753676, 56.769398259620772 ], [ -2.40734088734678, 56.76939128646444 ], [ -2.407351094470457, 56.769384312188969 ], [ -2.407361299135454, 56.7693773367969 ], [ -2.407371501352506, 56.76937036029075 ], [ -2.407381701132351, 56.769363382673106 ], [ -2.407391898485729, 56.769356403946482 ], [ -2.407402093423378, 56.769349424113429 ], [ -2.407412285956036, 56.769342443176512 ], [ -2.407422476094441, 56.769335461138247 ], [ -2.407432663849333, 56.769328478001185 ], [ -2.407442849231449, 56.76932149376789 ], [ -2.407453032251533, 56.769314508440885 ], [ -2.407463212920316, 56.769307522022729 ], [ -2.407473391248541, 56.769300534515949 ], [ -2.407483567246945, 56.769293545923112 ], [ -2.407493740926267, 56.769286556246747 ], [ -2.407503912297244, 56.769279565489391 ], [ -2.407514081370618, 56.769272573653616 ], [ -2.407524248157125, 56.769265580741951 ], [ -2.407534412667504, 56.769258586756933 ], [ -2.407544574912492, 56.769251591701121 ], [ -2.407554734902832, 56.769244595577049 ], [ -2.407564892649258, 56.769237598387264 ], [ -2.40757504816251, 56.7692306001343 ], [ -2.407585201453325, 56.769223600820744 ], [ -2.407595352532446, 56.769216600449077 ], [ -2.407605501410606, 56.769209599021906 ], [ -2.407615648098547, 56.769202596541717 ], [ -2.407625792607009, 56.769195593011112 ], [ -2.407635934946727, 56.769188588432584 ], [ -2.40764607512844, 56.769181582808706 ], [ -2.407656213162886, 56.769174576142028 ], [ -2.407666349060804, 56.76916756843508 ], [ -2.407676482832932, 56.769160559690398 ], [ -2.407686614490011, 56.769153549910556 ], [ -2.407696744042779, 56.769146539098067 ], [ -2.407706871501973, 56.76913952725549 ], [ -2.407716996878329, 56.769132514385376 ], [ -2.407727120182591, 56.769125500490262 ], [ -2.407737241425494, 56.76911848557269 ], [ -2.407747360617777, 56.769111469635206 ], [ -2.407757477770178, 56.769104452680374 ], [ -2.407767592893434, 56.769097434710694 ], [ -2.407777705998288, 56.769090415728748 ], [ -2.407787817095474, 56.769083395737077 ], [ -2.407797926195732, 56.769076374738198 ], [ -2.4078080333098, 56.769069352734697 ], [ -2.407818138448419, 56.769062329729081 ], [ -2.407828241622322, 56.769055305723917 ], [ -2.407838342842253, 56.769048280721741 ], [ -2.407848442118946, 56.769041254725117 ], [ -2.407858539463142, 56.76903422773654 ], [ -2.407868634885579, 56.769027199758604 ], [ -2.407878728396994, 56.769020170793844 ], [ -2.407888820008128, 56.769013140844777 ], [ -2.407898909729718, 56.769006109913981 ], [ -2.4079089975725, 56.768999078003979 ], [ -2.407919083547216, 56.768992045117315 ], [ -2.407929167664602, 56.768985011256561 ], [ -2.407939249935396, 56.768977976424218 ], [ -2.407949330370339, 56.768970940622872 ], [ -2.407959408980166, 56.768963903855045 ], [ -2.407969485775618, 56.768956866123276 ], [ -2.407979560767434, 56.76894982743012 ], [ -2.407989633966348, 56.768942787778123 ], [ -2.407999705383102, 56.768935747169841 ], [ -2.408009775028433, 56.768928705607799 ], [ -2.408019842913079, 56.768921663094531 ], [ -2.40802990904778, 56.768914619632604 ], [ -2.408039973443274, 56.76890757522456 ], [ -2.408050036110296, 56.768900529872937 ], [ -2.408060097059588, 56.768893483580278 ], [ -2.408070156301885, 56.768886436349128 ], [ -2.40808021384793, 56.768879388182043 ], [ -2.408090269708454, 56.768872339081554 ], [ -2.408100323894203, 56.768865289050204 ], [ -2.408110376415913, 56.76885823809053 ], [ -2.408120427284319, 56.768851186205104 ], [ -2.408130476510161, 56.768844133396463 ], [ -2.408140524104178, 56.768837079667136 ], [ -2.408150570077107, 56.768830025019682 ], [ -2.408160614439689, 56.768822969456636 ], [ -2.408170657202657, 56.768815912980543 ], [ -2.408180698376757, 56.768808855593939 ], [ -2.408190737972721, 56.768801797299382 ], [ -2.408200776001287, 56.768794738099423 ], [ -2.408210812473198, 56.768787677996592 ], [ -2.408220847399186, 56.768780616993432 ], [ -2.408230880789993, 56.768773555092501 ], [ -2.408240912656359, 56.768766492296336 ], [ -2.408250943009016, 56.768759428607467 ], [ -2.408260971858708, 56.768752364028465 ], [ -2.408270999216173, 56.768745298561861 ], [ -2.408281025092146, 56.768738232210204 ], [ -2.408291049497365, 56.768731164976018 ], [ -2.40830107244257, 56.76872409686186 ], [ -2.408311093938499, 56.768717027870281 ], [ -2.408321113995889, 56.768709958003832 ], [ -2.40833113262548, 56.768702887265043 ], [ -2.408341149838011, 56.768695815656464 ], [ -2.408351165644214, 56.768688743180626 ], [ -2.408361180054834, 56.768681669840092 ], [ -2.408371193080606, 56.7686745956374 ], [ -2.408381204732268, 56.768667520575093 ], [ -2.40839121502056, 56.768660444655715 ], [ -2.408401223956217, 56.768653367881818 ], [ -2.40841123154998, 56.76864629025593 ], [ -2.408421237812584, 56.768639211780602 ], [ -2.408431242754771, 56.768632132458379 ], [ -2.408441246387276, 56.768625052291817 ], [ -2.40845124872084, 56.768617971283447 ], [ -2.408461249766197, 56.768610889435813 ], [ -2.408471249534089, 56.768603806751457 ], [ -2.408481248035251, 56.768596723232946 ], [ -2.408491245280423, 56.768589638882787 ], [ -2.408501241280342, 56.768582553703553 ], [ -2.408511236045746, 56.768575467697772 ], [ -2.408521229587375, 56.768568380867997 ], [ -2.408531221915966, 56.768561293216784 ], [ -2.408541213042254, 56.768554204746657 ], [ -2.408551202976982, 56.768547115460159 ], [ -2.408561191730884, 56.768540025359862 ], [ -2.408571179314698, 56.768532934448267 ], [ -2.408581165739168, 56.768525842727954 ], [ -2.408591151015024, 56.768518750201437 ], [ -2.408601135153009, 56.768511656871304 ], [ -2.40861111816386, 56.768504562740048 ], [ -2.408621100058313, 56.768497467810263 ], [ -2.408631080847111, 56.768490372084457 ], [ -2.408641060540984, 56.768483275565188 ], [ -2.408651039150677, 56.768476178254993 ], [ -2.408661016686925, 56.768469080156436 ], [ -2.408670993160464, 56.768461981272026 ], [ -2.408680968582038, 56.768454881604342 ], [ -2.40869094296238, 56.768447781155906 ], [ -2.408700916312229, 56.76844067992927 ], [ -2.408710888642325, 56.768433577926984 ], [ -2.408720859963402, 56.768426475151578 ], [ -2.408730830286199, 56.768419371605603 ], [ -2.408740799621457, 56.768412267291609 ], [ -2.408750767979912, 56.768405162212126 ], [ -2.4087607353723, 56.768398056369733 ], [ -2.40877070180455, 56.768390949765653 ], [ -2.408780667255344, 56.768383842394051 ], [ -2.408790631693792, 56.768376734246523 ], [ -2.408800595088995, 56.768369625314655 ], [ -2.408810557410052, 56.768362515590077 ], [ -2.408820518626061, 56.768355405064355 ], [ -2.408830478706124, 56.768348293729119 ], [ -2.40884043761934, 56.768341181575948 ], [ -2.408850395334806, 56.768334068596467 ], [ -2.408860351821625, 56.76832695478226 ], [ -2.408870307048895, 56.768319840124931 ], [ -2.408880260985715, 56.768312724616109 ], [ -2.408890213601185, 56.768305608247353 ], [ -2.408900164864406, 56.768298491010292 ], [ -2.408910114744475, 56.768291372896506 ], [ -2.408920063210494, 56.768284253897626 ], [ -2.408930010231562, 56.768277134005231 ], [ -2.40893995577678, 56.76827001321093 ], [ -2.408949899815244, 56.768262891506332 ], [ -2.408959842316056, 56.76825576888303 ], [ -2.408969783248318, 56.768248645332626 ], [ -2.408979722581126, 56.768241520846722 ], [ -2.40898966028358, 56.768234395416918 ], [ -2.408999596324784, 56.768227269034824 ], [ -2.409002217298959, 56.768225388631997 ] ] ], [ [ [ -2.404689332656343, 56.771092914308348 ], [ -2.404682532115437, 56.771097028093145 ], [ -2.404671548134648, 56.771103668613911 ], [ -2.404660560600878, 56.771110307358683 ], [ -2.404649569503499, 56.77111694432076 ], [ -2.404638574831873, 56.77112357949337 ], [ -2.404627576575366, 56.771130212869814 ], [ -2.404616574723344, 56.771136844443369 ], [ -2.404605569265171, 56.771143474207278 ], [ -2.404594560190212, 56.771150102154834 ], [ -2.404583547487837, 56.771156728279301 ], [ -2.404572531147406, 56.771163352573936 ], [ -2.40456151115829, 56.771169975032038 ], [ -2.404550487509849, 56.771176595646871 ], [ -2.404539460191455, 56.771183214411678 ], [ -2.404528429192468, 56.771189831319766 ], [ -2.404517394502255, 56.771196446364392 ], [ -2.404506356110184, 56.771203059538834 ], [ -2.404495314005616, 56.771209670836356 ], [ -2.404484268177921, 56.771216280250215 ], [ -2.404473218616463, 56.771222887773703 ], [ -2.404462165310606, 56.771229493400092 ], [ -2.404451108249718, 56.771236097122646 ], [ -2.404440047423163, 56.771242698934621 ], [ -2.404428982820308, 56.771249298829318 ], [ -2.404417914430517, 56.771255896799985 ], [ -2.404406842243155, 56.771262492839909 ], [ -2.404395766247589, 56.771269086942347 ], [ -2.404384686433186, 56.771275679100576 ], [ -2.404373602789307, 56.771282269307875 ], [ -2.404362515305322, 56.771288857557501 ], [ -2.404351423970597, 56.771295443842732 ], [ -2.404340328774493, 56.771302028156846 ], [ -2.40432922970638, 56.771308610493101 ], [ -2.404318126755621, 56.771315190844774 ], [ -2.404307019911581, 56.771321769205151 ], [ -2.40429590916363, 56.771328345567468 ], [ -2.404284794501126, 56.771334919925039 ], [ -2.404273675913444, 56.771341492271091 ], [ -2.404262553389944, 56.771348062598918 ], [ -2.404251426919989, 56.771354630901797 ], [ -2.404240296492951, 56.771361197173 ], [ -2.404229162098193, 56.77136776140577 ], [ -2.404218023725078, 56.77137432359342 ], [ -2.404206881362974, 56.771380883729186 ], [ -2.404195735001247, 56.771387441806354 ], [ -2.404184584629261, 56.771393997818187 ], [ -2.404173430236384, 56.771400551757971 ], [ -2.40416227181198, 56.771407103618962 ], [ -2.404151109345414, 56.771413653394447 ], [ -2.404139942826053, 56.771420201077675 ], [ -2.404128772243261, 56.771426746661938 ], [ -2.404117597586407, 56.771433290140486 ], [ -2.404106418844851, 56.771439831506605 ], [ -2.404095236007964, 56.771446370753587 ], [ -2.40408404906511, 56.771452907874654 ], [ -2.404072858005652, 56.771459442863105 ], [ -2.404061662818958, 56.771465975712211 ], [ -2.404050463494394, 56.77147250641525 ], [ -2.404039260021327, 56.771479034965466 ], [ -2.404028052389116, 56.771485561356158 ], [ -2.404016840587136, 56.771492085580583 ], [ -2.404005624604746, 56.771498607632005 ], [ -2.403994404431313, 56.771505127503723 ], [ -2.403983180056203, 56.771511645188973 ], [ -2.403971951468783, 56.771518160681055 ], [ -2.403960718658416, 56.771524673973225 ], [ -2.40394948161447, 56.771531185058755 ], [ -2.40393824032631, 56.771537693930917 ], [ -2.4039269947833, 56.77154420058298 ], [ -2.403915744974809, 56.771550705008238 ], [ -2.4039044908902, 56.771557207199912 ], [ -2.403893232518838, 56.771563707151316 ], [ -2.403881969850092, 56.771570204855713 ], [ -2.403870702873324, 56.771576700306348 ], [ -2.403859431577902, 56.771583193496532 ], [ -2.403848155953192, 56.771589684419503 ], [ -2.403836875988559, 56.771596173068559 ], [ -2.403825591673368, 56.771602659436944 ], [ -2.403814302996983, 56.771609143517949 ], [ -2.403803009948773, 56.771615625304833 ], [ -2.403791712518103, 56.771622104790879 ], [ -2.403780410694337, 56.771628581969345 ], [ -2.403769104466842, 56.77163505683351 ], [ -2.403757793824985, 56.771641529376652 ], [ -2.403746478758127, 56.77164799959202 ], [ -2.403735159255641, 56.771654467472892 ], [ -2.403723835306886, 56.771660933012548 ], [ -2.403712506901229, 56.771667396204258 ], [ -2.403701174028038, 56.771673857041286 ], [ -2.403689836676677, 56.771680315516903 ], [ -2.403678494836512, 56.771686771624381 ], [ -2.403667148496911, 56.771693225357012 ], [ -2.403655797647238, 56.771699676708039 ], [ -2.403644442276857, 56.771706125670732 ], [ -2.403633082375134, 56.771712572238386 ], [ -2.403621717931439, 56.771719016404248 ], [ -2.403610348935131, 56.77172545816159 ], [ -2.40359897537558, 56.771731897503699 ], [ -2.40358759724215, 56.771738334423844 ], [ -2.403576214524211, 56.771744768915283 ], [ -2.403564827211123, 56.771751200971302 ], [ -2.403553435292255, 56.771757630585157 ], [ -2.403542038756972, 56.771764057750119 ], [ -2.40353063759464, 56.771770482459459 ], [ -2.403519231794623, 56.771776904706464 ], [ -2.403507821346289, 56.771783324484403 ], [ -2.403496406239003, 56.77178974178652 ], [ -2.403484986462129, 56.771796156606122 ], [ -2.403473562005036, 56.771802568936444 ], [ -2.403462132857088, 56.771808978770778 ], [ -2.403450699007649, 56.771815386102411 ], [ -2.403439260446089, 56.771821790924577 ], [ -2.403427817161769, 56.771828193230562 ], [ -2.403416369144059, 56.771834593013651 ], [ -2.40340491638232, 56.77184099026708 ], [ -2.403393458865925, 56.771847384984163 ], [ -2.403381996584232, 56.771853777158142 ], [ -2.403370529526612, 56.77186016678229 ], [ -2.403359057682428, 56.77186655384989 ], [ -2.403347581041048, 56.7718729383542 ], [ -2.403336099591834, 56.771879320288498 ], [ -2.403324613324155, 56.771885699646056 ], [ -2.403313122227378, 56.771892076420144 ], [ -2.403301626290865, 56.771898450604034 ], [ -2.403290125503984, 56.771904822190969 ], [ -2.403278619856101, 56.771911191174276 ], [ -2.403267109336581, 56.771917557547184 ], [ -2.403255593938058, 56.771923921304861 ], [ -2.403244073716108, 56.771930282479175 ], [ -2.40323254878312, 56.771936641135063 ], [ -2.403221019253522, 56.771942997338662 ], [ -2.403209485241735, 56.771949351156074 ], [ -2.403197946862191, 56.771955702653464 ], [ -2.403186404229315, 56.771962051896935 ], [ -2.403174857457536, 56.771968398952637 ], [ -2.403163306661278, 56.77197474388668 ], [ -2.403151751954967, 56.771981086765223 ], [ -2.403140193453034, 56.771987427654345 ], [ -2.4031286312699, 56.771993766620241 ], [ -2.403117065519997, 56.772000103728992 ], [ -2.403105496317749, 56.772006439046763 ], [ -2.403093923777583, 56.772012772639656 ], [ -2.403082348013924, 56.772019104573808 ], [ -2.403070769141203, 56.772025434915356 ], [ -2.403059187273842, 56.772031763730432 ], [ -2.403047602526273, 56.772038091085172 ], [ -2.403036015012916, 56.772044417045684 ], [ -2.403024424848205, 56.772050741678107 ], [ -2.403012832146562, 56.772057065048593 ], [ -2.403001237022415, 56.772063387223241 ], [ -2.402989639590188, 56.772069708268212 ], [ -2.402978039964313, 56.772076028249622 ], [ -2.402966438259214, 56.772082347233599 ], [ -2.402954834589315, 56.772088665286262 ], [ -2.402943229069046, 56.772094982473781 ], [ -2.402931621812834, 56.772101298862246 ], [ -2.402920012935104, 56.772107614517807 ], [ -2.402908402550282, 56.772113929506602 ], [ -2.402896790772798, 56.772120243894754 ], [ -2.402885177717076, 56.772126557748372 ], [ -2.402873563497542, 56.772132871133628 ], [ -2.402861948228623, 56.772139184116632 ], [ -2.402852088941819, 56.772144541994223 ], [ -2.402855723069084, 56.772142540854588 ], [ -2.402867255164134, 56.772136190080573 ], [ -2.402878786648759, 56.772129838951727 ], [ -2.402890317447969, 56.77212348742168 ], [ -2.402901847486765, 56.77211713544402 ], [ -2.402913376690152, 56.772110782972369 ], [ -2.402924904983134, 56.772104429960315 ], [ -2.402936432290715, 56.772098076361488 ], [ -2.402947958537896, 56.772091722129495 ], [ -2.402959483649683, 56.772085367217947 ], [ -2.402971007551079, 56.772079011580445 ], [ -2.402982530167089, 56.772072655170611 ], [ -2.402994051422715, 56.77206629794204 ], [ -2.40300557124296, 56.772059939848376 ], [ -2.403017089552832, 56.772053580843178 ], [ -2.40302860627733, 56.772047220880104 ], [ -2.40304012134146, 56.772040859912735 ], [ -2.403051634670226, 56.772034497894701 ], [ -2.403063146188629, 56.772028134779589 ], [ -2.403074655821676, 56.772021770521029 ], [ -2.403086163494369, 56.772015405072629 ], [ -2.403097669131709, 56.772009038387992 ], [ -2.403109172658705, 56.77200267042074 ], [ -2.403120674000359, 56.771996301124467 ], [ -2.403132173081671, 56.771989930452804 ], [ -2.403143669827649, 56.771983558359338 ], [ -2.403155164163295, 56.771977184797713 ], [ -2.403166656013612, 56.771970809721495 ], [ -2.403178145303604, 56.771964433084328 ], [ -2.403189631958277, 56.771958054839828 ], [ -2.403201115902631, 56.771951674941583 ], [ -2.403212597061671, 56.771945293343208 ], [ -2.403224075360403, 56.771938909998312 ], [ -2.403235550723826, 56.771932524860532 ], [ -2.403247023076944, 56.771926137883447 ], [ -2.403258492344765, 56.771919749020668 ], [ -2.403269958463833, 56.771913358233519 ], [ -2.40328142141919, 56.77190696551547 ], [ -2.403292881208622, 56.771900570868524 ], [ -2.40330433782991, 56.771894174294658 ], [ -2.403315791280838, 56.771887775795854 ], [ -2.403327241559185, 56.771881375374107 ], [ -2.403338688662738, 56.771874973031373 ], [ -2.403350132589277, 56.771868568769676 ], [ -2.403361573336586, 56.771862162590963 ], [ -2.403373010902444, 56.77185575449721 ], [ -2.403384445284637, 56.771849344490441 ], [ -2.403395876480949, 56.771842932572596 ], [ -2.403407304489159, 56.771836518745687 ], [ -2.40341872930705, 56.771830103011681 ], [ -2.403430150932406, 56.771823685372553 ], [ -2.403441569363009, 56.771817265830308 ], [ -2.403452984596641, 56.771810844386913 ], [ -2.403464396631086, 56.771804421044351 ], [ -2.403475805464125, 56.771797995804612 ], [ -2.403487211093541, 56.771791568669677 ], [ -2.403498613517117, 56.771785139641537 ], [ -2.403510012732636, 56.771778708722138 ], [ -2.40352140873788, 56.771772275913484 ], [ -2.40353280153063, 56.771765841217587 ], [ -2.403544191108673, 56.771759404636391 ], [ -2.403555577469787, 56.771752966171881 ], [ -2.403566960611757, 56.771746525826053 ], [ -2.403578340532367, 56.771740083600911 ], [ -2.403589717229394, 56.771733639498379 ], [ -2.403601090700628, 56.771727193520483 ], [ -2.403612460943846, 56.771720745669207 ], [ -2.403623827956832, 56.771714295946502 ], [ -2.403635191737372, 56.771707844354374 ], [ -2.403646552283244, 56.771701390894812 ], [ -2.403657909592235, 56.771694935569784 ], [ -2.403669263662124, 56.771688478381272 ], [ -2.403680614490694, 56.771682019331259 ], [ -2.40369196207573, 56.771675558421734 ], [ -2.403703306415013, 56.771669095654694 ], [ -2.403714647506326, 56.771662631032086 ], [ -2.403725985347453, 56.7716561645559 ], [ -2.403737319936172, 56.771649696228152 ], [ -2.403748651270274, 56.771643226050791 ], [ -2.403759979347533, 56.771636754025799 ], [ -2.403771304165737, 56.771630280155186 ], [ -2.403782625722668, 56.771623804440914 ], [ -2.403793944016108, 56.771617326884964 ], [ -2.403805259043838, 56.771610847489328 ], [ -2.403816570803646, 56.771604366255964 ], [ -2.403827879293308, 56.771597883186892 ], [ -2.40383918451061, 56.77159139828408 ], [ -2.403850486453335, 56.771584911549503 ], [ -2.403861785119265, 56.771578422985151 ], [ -2.403873080506185, 56.771571932593005 ], [ -2.403884372611875, 56.771565440375035 ], [ -2.403895661434119, 56.771558946333236 ], [ -2.4039069469707, 56.771552450469578 ], [ -2.403918229219398, 56.771545952786077 ], [ -2.403929508177999, 56.771539453284674 ], [ -2.403940783844288, 56.771532951967387 ], [ -2.403952056216041, 56.771526448836163 ], [ -2.403963325291045, 56.771519943893018 ], [ -2.403974591067084, 56.771513437139916 ], [ -2.403985853541937, 56.771506928578823 ], [ -2.403997112713389, 56.771500418211758 ], [ -2.404008368579223, 56.771493906040696 ], [ -2.404019621137222, 56.771487392067598 ], [ -2.404030870385168, 56.771480876294461 ], [ -2.404042116320844, 56.77147435872326 ], [ -2.404053358942034, 56.771467839355985 ], [ -2.404064598246517, 56.771461318194618 ], [ -2.404075834232081, 56.771454795241134 ], [ -2.404087066896505, 56.771448270497537 ], [ -2.404098296237575, 56.771441743965781 ], [ -2.404109522253069, 56.771435215647863 ], [ -2.404120744940775, 56.771428685545757 ], [ -2.404131964298474, 56.771422153661455 ], [ -2.404143180323949, 56.77141561999693 ], [ -2.404154393014983, 56.771409084554172 ], [ -2.404165602369357, 56.771402547335164 ], [ -2.404176808384856, 56.771396008341902 ], [ -2.404188011059261, 56.771389467576334 ], [ -2.404199210390358, 56.77138292504047 ], [ -2.404210406375928, 56.771376380736285 ], [ -2.404221599013753, 56.771369834665748 ], [ -2.404232788301618, 56.771363286830869 ], [ -2.404243974237303, 56.771356737233596 ], [ -2.404255156818594, 56.771350185875939 ], [ -2.404266336043273, 56.771343632759887 ], [ -2.40427751190912, 56.771337077887395 ], [ -2.404288684413924, 56.77133052126046 ], [ -2.404299853555464, 56.771323962881056 ], [ -2.404311019331522, 56.771317402751187 ], [ -2.40432218173988, 56.771310840872808 ], [ -2.404333340778328, 56.771304277247914 ], [ -2.404344496444641, 56.771297711878496 ], [ -2.404355648736606, 56.771291144766529 ], [ -2.404366797652004, 56.771284575913974 ], [ -2.40437794318862, 56.771278005322856 ], [ -2.404389085344237, 56.771271432995128 ], [ -2.404400224116635, 56.771264858932774 ], [ -2.404411359503599, 56.771258283137797 ], [ -2.404422491502915, 56.771251705612144 ], [ -2.40443362011236, 56.771245126357833 ], [ -2.404444745329723, 56.771238545376832 ], [ -2.404455867152781, 56.771231962671116 ], [ -2.404466985579319, 56.771225378242676 ], [ -2.404478100607125, 56.771218792093514 ], [ -2.404489212233976, 56.771212204225563 ], [ -2.404500320457656, 56.771205614640834 ], [ -2.40451142527595, 56.771199023341332 ], [ -2.404522526686641, 56.771192430329009 ], [ -2.404533624687511, 56.771185835605856 ], [ -2.404544719276343, 56.77117923917384 ], [ -2.404555810450919, 56.771172641034987 ], [ -2.404566898209026, 56.771166041191222 ], [ -2.404577982548441, 56.771159439644556 ], [ -2.404589063466952, 56.771152836397 ], [ -2.40460014096234, 56.771146231450487 ], [ -2.404611215032389, 56.77113962480702 ], [ -2.40462228567488, 56.771133016468589 ], [ -2.4046333528876, 56.771126406437169 ], [ -2.404644416668329, 56.77111979471475 ], [ -2.404655477014849, 56.771113181303292 ], [ -2.404666533924948, 56.771106566204814 ], [ -2.404677587396405, 56.771099949421263 ], [ -2.404688637427004, 56.771093330954656 ], [ -2.404689332656343, 56.771092914308348 ] ] ], [ [ [ -2.401508427235181, 56.772903099793659 ], [ -2.401503953631682, 56.77290577942442 ], [ -2.401492875317488, 56.772912412726129 ], [ -2.401481795275549, 56.772919043968841 ], [ -2.401470713017416, 56.772925672817792 ], [ -2.401459628054644, 56.772932298938137 ], [ -2.401448539898781, 56.772938921995134 ], [ -2.401437448061384, 56.772945541653968 ], [ -2.401426352054007, 56.772952157579844 ], [ -2.401415251388201, 56.77295876943797 ], [ -2.401404145575519, 56.772965376893545 ], [ -2.401393034127516, 56.772971979611796 ], [ -2.401381916555742, 56.772978577257909 ], [ -2.401370792371753, 56.772985169497105 ], [ -2.401359661087101, 56.772991755994582 ], [ -2.401348522213342, 56.772998336415533 ], [ -2.401337375262024, 56.773004910425179 ], [ -2.401326219744707, 56.773011477688719 ], [ -2.40131505517294, 56.77301803787136 ], [ -2.401303881058278, 56.773024590638308 ], [ -2.401292696912276, 56.773031135654769 ], [ -2.401281502246484, 56.77303767258595 ], [ -2.401270296572462, 56.773044201097036 ], [ -2.401259079401759, 56.773050720853256 ], [ -2.401247850245929, 56.7730572315198 ], [ -2.401236608616531, 56.773063732761869 ], [ -2.401225354025113, 56.77307022424467 ], [ -2.401214085983232, 56.7730767056334 ], [ -2.401202804002442, 56.773083176593296 ], [ -2.401191507594299, 56.773089636789528 ], [ -2.401180196270357, 56.773096085887289 ], [ -2.401168869542167, 56.773102523551799 ], [ -2.401157526921287, 56.773108949448272 ], [ -2.401146167919272, 56.773115363241892 ], [ -2.401134792047675, 56.773121764597867 ], [ -2.401123398818054, 56.773128153181396 ], [ -2.40111198774196, 56.773134528657685 ], [ -2.40110055833095, 56.773140890691934 ], [ -2.401089110096581, 56.773147238949342 ], [ -2.401077642550407, 56.773153573095115 ], [ -2.401066155203982, 56.773159892794439 ], [ -2.401054647568863, 56.773166197712541 ], [ -2.401043119156606, 56.773172487514593 ], [ -2.401031569478768, 56.773178761865836 ], [ -2.401019998046904, 56.773185020431413 ], [ -2.40100840437257, 56.773191262876587 ], [ -2.40099678796732, 56.773197488866479 ], [ -2.400985148342714, 56.773203698066368 ], [ -2.400973485010308, 56.773209890141409 ], [ -2.400961797481657, 56.773216064756809 ], [ -2.400950085268319, 56.77322222157779 ], [ -2.400938347881854, 56.773228360269506 ], [ -2.400926584833813, 56.773234480497202 ], [ -2.400914795635759, 56.773240581926046 ], [ -2.400902979799244, 56.773246664221247 ], [ -2.400891136835833, 56.773252727047996 ], [ -2.400879266257078, 56.773258770071514 ], [ -2.40086736757454, 56.773264792956958 ], [ -2.400855440299776, 56.773270795369562 ], [ -2.400843483944346, 56.773276776974505 ], [ -2.400831498019809, 56.773282737436986 ], [ -2.40081948203772, 56.773288676422212 ], [ -2.400807435509643, 56.773294593595374 ], [ -2.400795357947134, 56.773300488621651 ], [ -2.400783248861755, 56.773306361166277 ], [ -2.400771107765066, 56.773312210894417 ], [ -2.400758934168625, 56.773318037471263 ], [ -2.400746727583993, 56.773323840562043 ], [ -2.400734487522733, 56.77332961983192 ], [ -2.400722213496402, 56.773335374946107 ], [ -2.400709905016564, 56.773341105569791 ], [ -2.400697561594777, 56.773346811368171 ], [ -2.40068518274261, 56.773352492006438 ], [ -2.400672767971617, 56.773358147149779 ], [ -2.400660316793364, 56.773363776463412 ], [ -2.400647828719411, 56.773369379612518 ], [ -2.400635303261321, 56.773374956262273 ], [ -2.400622739930662, 56.773380506077892 ], [ -2.400610138238994, 56.773386028724573 ], [ -2.400597497697881, 56.773391523867488 ], [ -2.400584817818885, 56.773396991171843 ], [ -2.400572098113571, 56.773402430302838 ], [ -2.40055933809351, 56.773407840925636 ], [ -2.40054653727026, 56.77341322270545 ], [ -2.40053369515539, 56.773418575307474 ], [ -2.400520811260462, 56.773423898396906 ], [ -2.400507885097046, 56.773429191638918 ], [ -2.400494916176708, 56.773434454698709 ], [ -2.400481904011013, 56.773439687241471 ], [ -2.400468848111529, 56.773444888932396 ], [ -2.400455747989825, 56.773450059436676 ], [ -2.40044260315747, 56.773455198419477 ], [ -2.40042941312603, 56.773460305546038 ], [ -2.400416177407075, 56.773465380481504 ], [ -2.400402895512175, 56.773470422891073 ], [ -2.400389566952901, 56.773475432439966 ], [ -2.400376191240818, 56.773480408793333 ], [ -2.400362767887505, 56.77348535161638 ], [ -2.40021015333833, 56.773526356192512 ], [ -2.40034389760004, 56.773473642938214 ], [ -2.400357702028725, 56.773468725584998 ], [ -2.400371456671174, 56.773463776904585 ], [ -2.400385162007156, 56.773458797198487 ], [ -2.400398818516453, 56.773453786768194 ], [ -2.400412426678834, 56.773448745915232 ], [ -2.400425986974079, 56.773443674941099 ], [ -2.400439499881968, 56.773438574147278 ], [ -2.400452965882271, 56.773433443835295 ], [ -2.400466385454769, 56.773428284306647 ], [ -2.400479759079241, 56.77342309586281 ], [ -2.400493087235462, 56.773417878805326 ], [ -2.400506370403211, 56.773412633435655 ], [ -2.40051960906227, 56.773407360055337 ], [ -2.400532803692416, 56.773402058965857 ], [ -2.400545954773428, 56.773396730468718 ], [ -2.400559062785086, 56.773391374865398 ], [ -2.400572128207171, 56.773385992457435 ], [ -2.400585151519464, 56.773380583546292 ], [ -2.400598133201745, 56.773375148433509 ], [ -2.400611073733796, 56.773369687420562 ], [ -2.400623973595395, 56.773364200808928 ], [ -2.400636833266328, 56.773358688900146 ], [ -2.400649653226376, 56.773353151995693 ], [ -2.400662433955321, 56.773347590397073 ], [ -2.400675175932945, 56.773342004405784 ], [ -2.400687879639031, 56.773336394323323 ], [ -2.400700545553361, 56.773330760451202 ], [ -2.400713174155724, 56.773325103090905 ], [ -2.400725765925897, 56.773319422543906 ], [ -2.400738321343665, 56.773313719111755 ], [ -2.400750840888816, 56.773307993095898 ], [ -2.400763325041129, 56.773302244797875 ], [ -2.400775774280394, 56.773296474519157 ], [ -2.400788189086392, 56.773290682561239 ], [ -2.40080056993891, 56.773284869225634 ], [ -2.400812917317732, 56.773279034813797 ], [ -2.400825231702645, 56.773273179627289 ], [ -2.40083751357343, 56.773267303967543 ], [ -2.40084976340988, 56.773261408136101 ], [ -2.400861981691777, 56.773255492434437 ], [ -2.400874168898907, 56.773249557164036 ], [ -2.400886325511058, 56.773243602626415 ], [ -2.400898452008015, 56.773237629123052 ], [ -2.400910548869564, 56.773231636955451 ], [ -2.400922616575495, 56.773225626425102 ], [ -2.400934655605595, 56.773219597833503 ], [ -2.400946666439646, 56.773213551482122 ], [ -2.40095864955744, 56.773207487672494 ], [ -2.400970605438767, 56.7732014067061 ], [ -2.400982534563409, 56.773195308884404 ], [ -2.400994437411156, 56.773189194508923 ], [ -2.401006314461796, 56.773183063881156 ], [ -2.401018166195118, 56.773176917302564 ], [ -2.40102999309091, 56.773170755074688 ], [ -2.401041795628959, 56.773164577498981 ], [ -2.401053574289053, 56.773158384876957 ], [ -2.401065329550985, 56.773152177510077 ], [ -2.401077061894539, 56.773145955699867 ], [ -2.401088771799505, 56.77313971974781 ], [ -2.401100459745674, 56.773133469955383 ], [ -2.401112126212831, 56.773127206624089 ], [ -2.401123771680768, 56.773120930055406 ], [ -2.401135396629275, 56.773114640550844 ], [ -2.401147001538139, 56.77310833841188 ], [ -2.401158586887151, 56.773102023940012 ], [ -2.401170153156099, 56.773095697436716 ], [ -2.401181700824775, 56.773089359203496 ], [ -2.401193230372966, 56.773083009541836 ], [ -2.401204742280461, 56.773076648753232 ], [ -2.401216237027055, 56.773070277139141 ], [ -2.401227715092531, 56.773063895001123 ], [ -2.401239176956684, 56.77305750264059 ], [ -2.401250623099302, 56.773051100359062 ], [ -2.401262054000176, 56.773044688458043 ], [ -2.401273470139096, 56.773038267238995 ], [ -2.40128487199585, 56.77303183700343 ], [ -2.401296260050231, 56.773025398052816 ], [ -2.401307634782028, 56.773018950688645 ], [ -2.401318996671033, 56.773012495212413 ], [ -2.401330346197032, 56.773006031925604 ], [ -2.401341683839819, 56.772999561129694 ], [ -2.401353010079186, 56.772993083126195 ], [ -2.40136432539492, 56.772986598216576 ], [ -2.401375630266812, 56.77298010670232 ], [ -2.401386925174655, 56.772973608884918 ], [ -2.401398210598237, 56.772967105065881 ], [ -2.40140948701735, 56.772960595546664 ], [ -2.401420754911785, 56.772954080628743 ], [ -2.401432014761333, 56.77294756061363 ], [ -2.401443267045783, 56.772941035802816 ], [ -2.401454512244928, 56.772934506497762 ], [ -2.401465750838557, 56.772927972999966 ], [ -2.401476983306462, 56.772921435610925 ], [ -2.401488210128433, 56.772914894632088 ], [ -2.401499431784262, 56.772908350364986 ], [ -2.401508427235181, 56.772903099793659 ] ] ] ] } },
{ "type": "Feature", "properties": { "Poly_ID": "UncertaintyLower_0", "Method": "Open", "Scenario": 8, "SL_Percentile": 95, "Year": 2030, "UncertaintyInterval": 68, "LowerQ": 16.0, "UpperQ": 84.0 }, "geometry": { "type": "MultiPolygon", "coordinates": [ [ [ [ -2.451924274276444, 56.704722268034047 ], [ -2.451928292435564, 56.704715634972352 ], [ -2.4519335259414, 56.704706965647539 ], [ -2.451938741078738, 56.704698295741167 ], [ -2.451943937028189, 56.704689625706202 ], [ -2.451949112970366, 56.704680955995705 ], [ -2.451954268085878, 56.704672287062657 ], [ -2.451959401555337, 56.704663619360105 ], [ -2.451964512559363, 56.70465495334102 ], [ -2.451969600278563, 56.704646289458459 ], [ -2.451974663893558, 56.704637628165415 ], [ -2.451979702584964, 56.7046289699149 ], [ -2.451984715533397, 56.704620315159922 ], [ -2.45198970191948, 56.704611664353514 ], [ -2.451994660923825, 56.704603017948678 ], [ -2.451999591727061, 56.704594376398425 ], [ -2.452004493509803, 56.704585740155792 ], [ -2.452009365452679, 56.704577109673757 ], [ -2.452014206736308, 56.704568485405368 ], [ -2.452019016541318, 56.704559867803624 ], [ -2.452023794048332, 56.70455125732154 ], [ -2.45202853843798, 56.704542654412137 ], [ -2.452033248890885, 56.704534059528434 ], [ -2.452037924587678, 56.704525473123432 ], [ -2.452042564708987, 56.704516895650158 ], [ -2.452047168435443, 56.704508327561612 ], [ -2.452051734947674, 56.704499769310843 ], [ -2.452056263426317, 56.704491221350821 ], [ -2.452060753051998, 56.704482684134611 ], [ -2.452065203005358, 56.70447415811519 ], [ -2.452069612467025, 56.704465643745593 ], [ -2.452073980617642, 56.704457141478819 ], [ -2.452120013518055, 56.704353698818593 ], [ -2.452077842367981, 56.704450220316545 ], [ -2.452073545637004, 56.704458718849899 ], [ -2.452069202603452, 56.704467229109227 ], [ -2.452064814215719, 56.704475750663562 ], [ -2.452060381422197, 56.704484283081975 ], [ -2.452055905171279, 56.704492825933521 ], [ -2.452051386411362, 56.704501378787249 ], [ -2.45204682609084, 56.704509941212237 ], [ -2.45204222515811, 56.70451851277754 ], [ -2.45203758456157, 56.704527093052185 ], [ -2.452032905249619, 56.704535681605286 ], [ -2.452028188170656, 56.704544278005869 ], [ -2.452023434273082, 56.704552881822977 ], [ -2.452018644505301, 56.704561492625707 ], [ -2.452013819815711, 56.704570109983095 ], [ -2.452008961152721, 56.704578733464196 ], [ -2.452004069464734, 56.70458736263808 ], [ -2.451999145700155, 56.704595997073802 ], [ -2.45199419080739, 56.704604636340449 ], [ -2.451989205734851, 56.704613280007024 ], [ -2.451984191430946, 56.704621927642648 ], [ -2.451979148844081, 56.704630578816342 ], [ -2.451974078922674, 56.704639233097168 ], [ -2.451968982615131, 56.704647890054211 ], [ -2.451963860869873, 56.704656549256512 ], [ -2.451958714635305, 56.704665210273127 ], [ -2.451953544859851, 56.704673872673133 ], [ -2.451948352491923, 56.704682536025587 ], [ -2.451943138479943, 56.704691199899536 ], [ -2.451937903772327, 56.704699863864072 ], [ -2.451932649317494, 56.704708527488222 ], [ -2.451927376063867, 56.704717190341071 ], [ -2.451924274276444, 56.704722268034047 ] ] ], [ [ [ -2.451675139827647, 56.705116780904724 ], [ -2.451670754939596, 56.70512388777739 ], [ -2.451665727782531, 56.705132081334092 ], [ -2.451660730559526, 56.705140275970919 ], [ -2.45165576436143, 56.705148473799333 ], [ -2.451650830279099, 56.705156676930741 ], [ -2.45164592940339, 56.705164887476641 ], [ -2.451641062825153, 56.705173107548454 ], [ -2.451636231635244, 56.705181339257656 ], [ -2.451631436924515, 56.705189584715676 ], [ -2.451626679783819, 56.705197846033961 ], [ -2.451621961304013, 56.70520612532399 ], [ -2.451617282575946, 56.705214424697196 ], [ -2.451612644690476, 56.705222746265044 ], [ -2.451608048738453, 56.705231092138973 ], [ -2.451603495810732, 56.70523946443042 ], [ -2.451598986998166, 56.705247865250875 ], [ -2.451594523391612, 56.705256296711767 ], [ -2.451590106081924, 56.70526476092455 ], [ -2.451585736159953, 56.705273260000666 ], [ -2.451581414716557, 56.705281796051594 ], [ -2.45157714284259, 56.705290371188767 ], [ -2.451572921628907, 56.705298987523655 ], [ -2.451568752166365, 56.705307647167679 ], [ -2.451564635545818, 56.705316352232316 ], [ -2.451560572857607, 56.705325104829903 ], [ -2.451556565190768, 56.705333907075016 ], [ -2.451552613638528, 56.705342761075045 ], [ -2.451548719291745, 56.705351668941447 ], [ -2.451544883241284, 56.705360632785627 ], [ -2.451541106578003, 56.7053696547191 ], [ -2.451537390392762, 56.705378736853262 ], [ -2.451533735776425, 56.7053878812996 ], [ -2.451530143819856, 56.705397090169576 ], [ -2.451526613372491, 56.705406363952584 ], [ -2.451523134402597, 56.705415696711263 ], [ -2.451519694679069, 56.705425080916626 ], [ -2.45151628197079, 56.705434509039691 ], [ -2.451512884046633, 56.705443973551496 ], [ -2.451509488675468, 56.705453466923061 ], [ -2.451506083626149, 56.705462981625409 ], [ -2.451502656667525, 56.705472510129546 ], [ -2.451499195568431, 56.705482044906489 ], [ -2.451495688097695, 56.705491578427278 ], [ -2.45149291696751, 56.705498979924613 ], [ -2.451496198867671, 56.705489813560341 ], [ -2.451499563834686, 56.70548025947113 ], [ -2.451502888468084, 56.705470706197595 ], [ -2.451506185747349, 56.705461161370373 ], [ -2.451509468651954, 56.705451632620203 ], [ -2.451512750161358, 56.70544212757779 ], [ -2.451516043255013, 56.705432653873835 ], [ -2.45151936091236, 56.705423219139071 ], [ -2.451522716112828, 56.705413831004151 ], [ -2.451526121835835, 56.705404497099821 ], [ -2.451529591047783, 56.705395225047923 ], [ -2.45153313285603, 56.705386019851993 ], [ -2.451536747142564, 56.705376880256146 ], [ -2.451540432439807, 56.705367804088844 ], [ -2.451544187280182, 56.705358789178511 ], [ -2.451548010196115, 56.705349833353594 ], [ -2.451551899720034, 56.70534093444256 ], [ -2.451555854384366, 56.705332090273835 ], [ -2.451559872721539, 56.705323298675857 ], [ -2.451563953262094, 56.705314557480335 ], [ -2.451568094539301, 56.705305864514251 ], [ -2.451572295086605, 56.705297217604326 ], [ -2.451576553436444, 56.705288614579004 ], [ -2.451580868121249, 56.705280053266726 ], [ -2.451585237673454, 56.705271531495917 ], [ -2.451589660625497, 56.705263047095031 ], [ -2.451594135509811, 56.705254597892512 ], [ -2.451598660858837, 56.705246181716831 ], [ -2.45160323520501, 56.705237796396389 ], [ -2.451607857080769, 56.705229439759663 ], [ -2.451612525018553, 56.705221109635055 ], [ -2.451617237550798, 56.705212803851069 ], [ -2.451621993209946, 56.705204520236101 ], [ -2.451626790528433, 56.705196256618606 ], [ -2.451631628038703, 56.705188010827044 ], [ -2.451636504273195, 56.705179780689846 ], [ -2.45164141776435, 56.705171564035474 ], [ -2.451646367044605, 56.705163358692353 ], [ -2.451651350646405, 56.705155162488929 ], [ -2.45165636710219, 56.705146973253662 ], [ -2.451661414944402, 56.705138788814985 ], [ -2.451666492705483, 56.705130607001365 ], [ -2.451671598917868, 56.705122425641221 ], [ -2.451675139827647, 56.705116780904724 ] ] ], [ [ [ -2.451161727971543, 56.705788320773657 ], [ -2.451161010360391, 56.70578845581953 ], [ -2.451144543696833, 56.70579115011936 ], [ -2.451127632697592, 56.705793566592298 ], [ -2.451110367250759, 56.705795735355586 ], [ -2.451092837244391, 56.705797686526495 ], [ -2.451075132566536, 56.705799450222365 ], [ -2.451057343105197, 56.705801056560567 ], [ -2.451039558748341, 56.705802535658549 ], [ -2.451021869383895, 56.705803917633787 ], [ -2.451004364899744, 56.705805232603829 ], [ -2.450987135183721, 56.705806510686259 ], [ -2.450970270123625, 56.705807781998672 ], [ -2.450953859607205, 56.705809076658809 ], [ -2.450937993522176, 56.705810424784346 ], [ -2.450922761756214, 56.705811856493064 ], [ -2.450908254196971, 56.705813401902759 ], [ -2.450894560732079, 56.705815091131278 ], [ -2.450881771249159, 56.705816954296431 ], [ -2.450869975635831, 56.705819021516106 ], [ -2.450859263779727, 56.705821322908186 ], [ -2.450849725568507, 56.705823888590579 ], [ -2.450841450889869, 56.70582674868114 ], [ -2.450834529631566, 56.705829933297757 ], [ -2.45082905168143, 56.705833472558254 ], [ -2.450825106927381, 56.705837396580471 ], [ -2.450822783891056, 56.705841735196898 ], [ -2.450822080065003, 56.705846499235946 ], [ -2.450822846384362, 56.705851668929377 ], [ -2.450824920516435, 56.705857221738981 ], [ -2.450828140128505, 56.705863135126492 ], [ -2.450832342887813, 56.70586938655368 ], [ -2.450837366461549, 56.705875953482241 ], [ -2.450843048516811, 56.70588281337394 ], [ -2.450849226720611, 56.705889943690508 ], [ -2.450855738739839, 56.705897321893765 ], [ -2.450862422241266, 56.705904925445502 ], [ -2.45086911489152, 56.70591273180758 ], [ -2.450875654357086, 56.705920718441838 ], [ -2.450881878304285, 56.705928862810239 ], [ -2.450887624399288, 56.705937142374722 ], [ -2.450892730362467, 56.705945534601852 ], [ -2.450895236106636, 56.705950421283205 ], [ -2.450890586715854, 56.705942986210047 ], [ -2.450884468950107, 56.705934443573462 ], [ -2.45087779041162, 56.705926046406994 ], [ -2.450870714255764, 56.705917815337024 ], [ -2.45086340363774, 56.70590977098994 ], [ -2.45085602171259, 56.705901933992223 ], [ -2.450848731635197, 56.705894324970359 ], [ -2.4508416965603, 56.705886964550878 ], [ -2.450835079642503, 56.70587987336036 ], [ -2.450829044036293, 56.705873072025398 ], [ -2.450823752896041, 56.705866581172621 ], [ -2.450819369376033, 56.705860421428653 ], [ -2.450816056630487, 56.705854613420165 ], [ -2.45081397781356, 56.705849177773779 ], [ -2.450813296079387, 56.705844135116116 ], [ -2.450814174582094, 56.705839506073751 ], [ -2.450816749315887, 56.705835305880399 ], [ -2.450820989894812, 56.705831516733745 ], [ -2.450826802958098, 56.705828108327296 ], [ -2.450834095026493, 56.705825050330937 ], [ -2.450842772620855, 56.705822312414568 ], [ -2.450852742262099, 56.705819864248006 ], [ -2.450863910471209, 56.70581767550113 ], [ -2.450876183769199, 56.705815715843748 ], [ -2.450889468677107, 56.705813954945725 ], [ -2.450903671715988, 56.705812362476877 ], [ -2.450918699406886, 56.705810908107132 ], [ -2.450934458270834, 56.705809561506356 ], [ -2.450950854828845, 56.705808292344507 ], [ -2.450967795601895, 56.705807070291542 ], [ -2.450985187110934, 56.705805865017503 ], [ -2.45100293587686, 56.705804646192441 ], [ -2.451020948420536, 56.705803383486447 ], [ -2.451039131262762, 56.70580204656973 ], [ -2.451057390924312, 56.705800605112479 ], [ -2.4510756339259, 56.705799028784995 ], [ -2.451093766788203, 56.705797287257582 ], [ -2.451111696031858, 56.705795350200631 ], [ -2.45112932817747, 56.705793187284591 ], [ -2.451146569745614, 56.705790768179952 ], [ -2.451161727971543, 56.705788320773657 ] ] ], [ [ [ -2.45088427127093, 56.706230669363926 ], [ -2.450884272254218, 56.706236882470378 ], [ -2.450884365278589, 56.70624601761596 ], [ -2.450884540889533, 56.706255138266407 ], [ -2.450884790097229, 56.706264244220897 ], [ -2.450885103911847, 56.706273335278702 ], [ -2.450885473343555, 56.706282411239002 ], [ -2.450885889402504, 56.706291471901039 ], [ -2.450886343098842, 56.706300517064015 ], [ -2.450886825442707, 56.706309546527145 ], [ -2.450887327444225, 56.706318560089642 ], [ -2.450887840113519, 56.706327557550743 ], [ -2.450888354460697, 56.706336538709664 ], [ -2.450888861495866, 56.706345503365604 ], [ -2.450889352229116, 56.706354451317786 ], [ -2.450889817670534, 56.706363382365453 ], [ -2.450890248830199, 56.706372296307791 ], [ -2.450890636718179, 56.70638119294405 ], [ -2.450890972344535, 56.706390072073411 ], [ -2.450891246719317, 56.70639893349513 ], [ -2.450891450852572, 56.706407777008394 ], [ -2.450891575754334, 56.706416602412439 ], [ -2.450891612434632, 56.706425409506501 ], [ -2.450891551903482, 56.706434198089752 ], [ -2.450891385170898, 56.706442967961465 ], [ -2.450891103246884, 56.706451718920803 ], [ -2.450890697141432, 56.706460450767032 ], [ -2.450890157864534, 56.706469163299346 ], [ -2.450889476426165, 56.706477856316951 ], [ -2.450888643836299, 56.706486529619085 ], [ -2.450887651104903, 56.706495183004947 ], [ -2.450886489241922, 56.706503816273766 ], [ -2.450885150535678, 56.706512429264293 ], [ -2.450883633973688, 56.706521022022613 ], [ -2.450881940730504, 56.706529594662406 ], [ -2.450880071981899, 56.706538147297451 ], [ -2.450878028903644, 56.706546680041512 ], [ -2.450875812671518, 56.706555193008334 ], [ -2.450873424461294, 56.706563686311689 ], [ -2.450870865448752, 56.706572160065328 ], [ -2.450868136809675, 56.706580614383022 ], [ -2.450865239719837, 56.706589049378486 ], [ -2.450862175355028, 56.706597465165501 ], [ -2.450858944891025, 56.706605861857831 ], [ -2.450855549503624, 56.70661423956922 ], [ -2.450851990368605, 56.706622598413418 ], [ -2.450848268661759, 56.706630938504176 ], [ -2.450844385558874, 56.70663925995526 ], [ -2.450840342235748, 56.706647562880399 ], [ -2.45083613986817, 56.706655847393357 ], [ -2.450831779631932, 56.706664113607914 ], [ -2.450827262702836, 56.706672361637764 ], [ -2.450822590256676, 56.706680591596687 ], [ -2.450817763469254, 56.706688803598439 ], [ -2.450812783516367, 56.706696997756765 ], [ -2.450807651573821, 56.706705174185394 ], [ -2.450802368817416, 56.706713332998106 ], [ -2.450796936422955, 56.706721474308637 ], [ -2.450791355566249, 56.706729598230709 ], [ -2.450785627423102, 56.706737704878108 ], [ -2.450779753169325, 56.706745794364565 ], [ -2.450773733980725, 56.70675386680383 ], [ -2.450767571033115, 56.706761922309639 ], [ -2.450761265502306, 56.706769960995743 ], [ -2.450754818564117, 56.7067779829759 ], [ -2.45074823139436, 56.706785988363848 ], [ -2.450741505168847, 56.706793977273314 ], [ -2.450734641063404, 56.706801949818086 ], [ -2.450727640253844, 56.706809906111864 ], [ -2.450720503915992, 56.706817846268407 ], [ -2.450713233225665, 56.70682577040148 ], [ -2.450705829358691, 56.706833678624818 ], [ -2.450698293490888, 56.706841571052145 ], [ -2.450690626798087, 56.706849447797225 ], [ -2.450682830487162, 56.706857308978371 ], [ -2.450674907525998, 56.706865154972739 ], [ -2.450666863554972, 56.706872986550415 ], [ -2.450658704437808, 56.706880804514249 ], [ -2.450650436038239, 56.706888609667132 ], [ -2.450642064220001, 56.706896402811942 ], [ -2.450633594846836, 56.706904184751586 ], [ -2.450625033782483, 56.706911956288913 ], [ -2.450616386890695, 56.706919718226835 ], [ -2.450607660035223, 56.706927471368232 ], [ -2.450598859079827, 56.706935216516001 ], [ -2.450589989888261, 56.706942954473028 ], [ -2.450581058324298, 56.706950686042212 ], [ -2.450572070251703, 56.706958412026445 ], [ -2.450563031534251, 56.706966133228619 ], [ -2.450553948035722, 56.706973850451632 ], [ -2.450544825619893, 56.706981564498392 ], [ -2.450535670150553, 56.706989276171782 ], [ -2.450526487491489, 56.706996986274739 ], [ -2.450517283506498, 56.707004695610138 ], [ -2.450508064059375, 56.707012404980887 ], [ -2.450498835013925, 56.707020115189898 ], [ -2.450489602233948, 56.707027827040093 ], [ -2.450480371583262, 56.707035541334378 ], [ -2.450471148925675, 56.707043258875657 ], [ -2.450461940125007, 56.707050980466853 ], [ -2.450452751045078, 56.707058706910871 ], [ -2.450443587549718, 56.707066439010646 ], [ -2.450434455502754, 56.707074177569076 ], [ -2.45042536076802, 56.707081923389111 ], [ -2.450416309209353, 56.707089677273657 ], [ -2.450407306690597, 56.707097440025628 ], [ -2.450398359075598, 56.707105212447978 ], [ -2.450389472228209, 56.707112995343628 ], [ -2.450380652012282, 56.707120789515493 ], [ -2.450371904291676, 56.707128595766527 ], [ -2.450363234930254, 56.707136414899622 ], [ -2.450354649791884, 56.707144247717757 ], [ -2.45034615474044, 56.707152095023858 ], [ -2.450337755639796, 56.707159957620838 ], [ -2.450329458353831, 56.707167836311662 ], [ -2.450321268746431, 56.707175731899255 ], [ -2.450313192681489, 56.707183645186554 ], [ -2.450305236022894, 56.707191576976534 ], [ -2.450297404634548, 56.707199528072096 ], [ -2.450289704380355, 56.707207499276215 ], [ -2.450282141124217, 56.707215491391821 ], [ -2.450274720730055, 56.707223505221869 ], [ -2.450267449061779, 56.7072315415693 ], [ -2.450260331983317, 56.707239601237056 ], [ -2.450253375358594, 56.707247685028101 ], [ -2.4502465841278, 56.707255793617257 ], [ -2.450239957669558, 56.707263926907849 ], [ -2.450233493291095, 56.707272084515928 ], [ -2.450227188296123, 56.707280266056998 ], [ -2.450221039988359, 56.707288471146633 ], [ -2.450215045671519, 56.707296699400345 ], [ -2.450209202649317, 56.707304950433645 ], [ -2.45020350822546, 56.707313223862101 ], [ -2.450197959703661, 56.707321519301217 ], [ -2.450192554387627, 56.70732983636654 ], [ -2.450187289581067, 56.707338174673602 ], [ -2.450182162587683, 56.707346533837899 ], [ -2.450177170711179, 56.70735491347498 ], [ -2.450172311255257, 56.707363313200361 ], [ -2.450167581523615, 56.707371732629582 ], [ -2.450162978819953, 56.707380171378155 ], [ -2.450158500447966, 56.707388629061619 ], [ -2.450154143711346, 56.707397105295449 ], [ -2.450149905913789, 56.707405599695235 ], [ -2.450145784358984, 56.707414111876453 ], [ -2.450141776350616, 56.70742264145462 ], [ -2.450137879192377, 56.707431188045277 ], [ -2.450134090187945, 56.707439751263912 ], [ -2.450130406641009, 56.707448330726081 ], [ -2.450126825855246, 56.7074569260473 ], [ -2.450123345134334, 56.707465536843053 ], [ -2.45011996178195, 56.707474162728886 ], [ -2.450116673101767, 56.707482803320296 ], [ -2.450113476397459, 56.707491458232795 ], [ -2.450110368972698, 56.707500127081914 ], [ -2.450107348131145, 56.70750880948318 ], [ -2.450104411176471, 56.707517505052081 ], [ -2.450101555412339, 56.707526213404115 ], [ -2.450098778142408, 56.707534934154857 ], [ -2.450096076670338, 56.707543666919761 ], [ -2.450093448299786, 56.707552411314353 ], [ -2.450090890334407, 56.707561166954164 ], [ -2.450088400077852, 56.707569933454693 ], [ -2.450085974833773, 56.707578710431456 ], [ -2.450083611905817, 56.707587497499958 ], [ -2.450081308597627, 56.707596294275696 ], [ -2.450079062212847, 56.707605100374209 ], [ -2.45007687005512, 56.707613915411009 ], [ -2.450074729428082, 56.707622739001579 ], [ -2.450072637635369, 56.70763157076145 ], [ -2.450070591980616, 56.707640410306105 ], [ -2.450068589767454, 56.707649257251092 ], [ -2.45006662829951, 56.707658111211884 ], [ -2.450064704880413, 56.707666971804038 ], [ -2.450062816813785, 56.707675838642999 ], [ -2.450060961403249, 56.707684711344314 ], [ -2.450059135952422, 56.707693589523487 ], [ -2.450057337764924, 56.707702472796015 ], [ -2.450055564144366, 56.707711360777431 ], [ -2.450053812394362, 56.70772025308321 ], [ -2.450052079818521, 56.707729149328898 ], [ -2.450050363720447, 56.707738049129965 ], [ -2.45004866140375, 56.707746952101935 ], [ -2.450046970172027, 56.707755857860327 ], [ -2.45004528732888, 56.707764766020631 ], [ -2.450043610177906, 56.70777367619835 ], [ -2.450041936022698, 56.707782588009017 ], [ -2.45004026216685, 56.707791501068101 ], [ -2.450038585913952, 56.707800414991141 ], [ -2.450036904567587, 56.707809329393619 ], [ -2.450035215431347, 56.707818243891076 ], [ -2.450033515808806, 56.707827158098979 ], [ -2.450031803003549, 56.707836071632833 ], [ -2.450030074319152, 56.707844984108185 ], [ -2.450028327059187, 56.707853895140516 ], [ -2.450026558527231, 56.707862804345339 ], [ -2.45002476602685, 56.707871711338157 ], [ -2.450022946861614, 56.707880615734446 ], [ -2.450021098335088, 56.707889517149738 ], [ -2.450019217750831, 56.707898415199551 ], [ -2.450017302412407, 56.707907309499369 ], [ -2.45001534962337, 56.707916199664723 ], [ -2.450013356687275, 56.707925085311068 ], [ -2.450011320907679, 56.70793396605395 ], [ -2.450009239588129, 56.707942841508853 ], [ -2.450007110032175, 56.707951711291294 ], [ -2.450004930056896, 56.707960575088769 ], [ -2.450002699708994, 56.707969432901471 ], [ -2.450000419640139, 56.707978284814423 ], [ -2.449998090502013, 56.70798713091262 ], [ -2.449995712946294, 56.707995971281051 ], [ -2.449993287624666, 56.708004806004745 ], [ -2.449990815188809, 56.708013635168733 ], [ -2.449988296290407, 56.708022458857997 ], [ -2.449985731581141, 56.708031277157566 ], [ -2.449983121712698, 56.70804009015243 ], [ -2.449980467336761, 56.708048897927618 ], [ -2.449977769105015, 56.708057700568126 ], [ -2.449975027669147, 56.708066498158992 ], [ -2.449972243680842, 56.70807529078521 ], [ -2.449969417791788, 56.708084078531776 ], [ -2.449966550653673, 56.708092861483721 ], [ -2.449963642918185, 56.708101639726038 ], [ -2.44996069523701, 56.708110413343768 ], [ -2.449957708261842, 56.708119182421896 ], [ -2.449954682644368, 56.708127947045433 ], [ -2.44995161903628, 56.708136707299396 ], [ -2.449948518089271, 56.708145463268806 ], [ -2.449945380455028, 56.708154215038661 ], [ -2.449942206785249, 56.708162962693983 ], [ -2.449938997731622, 56.70817170631976 ], [ -2.449935753945845, 56.70818044600103 ], [ -2.44993247608437, 56.708189181826661 ], [ -2.449929164798331, 56.7081979138812 ], [ -2.449925820735214, 56.708206642246267 ], [ -2.449922444546714, 56.708215367006837 ], [ -2.44991903688453, 56.708224088247938 ], [ -2.449915598400356, 56.70823280605461 ], [ -2.449912129745893, 56.708241520511827 ], [ -2.449908631572836, 56.708250231704618 ], [ -2.449905104532892, 56.708258939717979 ], [ -2.449901549277751, 56.708267644636933 ], [ -2.449897966459117, 56.708276346546505 ], [ -2.449894356728692, 56.708285045531682 ], [ -2.449890720738174, 56.708293741677487 ], [ -2.449887059139268, 56.708302435068937 ], [ -2.449883372583677, 56.708311125791028 ], [ -2.449879661723103, 56.708319813928782 ], [ -2.449875927209248, 56.708328499567216 ], [ -2.449872169693819, 56.708337182791347 ], [ -2.44986838982852, 56.708345863686162 ], [ -2.449864588265053, 56.708354542336714 ], [ -2.44986076565513, 56.708363218827969 ], [ -2.449856922650454, 56.708371893244951 ], [ -2.449853059902732, 56.708380565672684 ], [ -2.449849178063671, 56.708389236196197 ], [ -2.449845277784982, 56.70839790490048 ], [ -2.449841359718374, 56.70840657187054 ], [ -2.449837424515555, 56.708415237191389 ], [ -2.449833472828234, 56.708423900948063 ], [ -2.449829505308124, 56.708432563225564 ], [ -2.449825522606933, 56.708441224108888 ], [ -2.449821525376374, 56.708449883683066 ], [ -2.449817514268163, 56.708458542033114 ], [ -2.449813489934006, 56.708467199244041 ], [ -2.449809453025621, 56.708475855400842 ], [ -2.449805404194721, 56.708484510588562 ], [ -2.449801344093022, 56.708493164892189 ], [ -2.449797273372234, 56.708501818396755 ], [ -2.449793192684081, 56.708510471187253 ], [ -2.449789102680272, 56.708519123348722 ], [ -2.449785004012527, 56.70852777496615 ], [ -2.449780897332562, 56.70853642612456 ], [ -2.449776783292097, 56.708545076908969 ], [ -2.449772662542847, 56.708553727404379 ], [ -2.449768535736537, 56.708562377695849 ], [ -2.449764403524879, 56.708571027868324 ], [ -2.449760266559601, 56.708579678006878 ], [ -2.449756125492417, 56.708588328196484 ], [ -2.449751980975052, 56.708596978522181 ], [ -2.449747833659225, 56.708605629068977 ], [ -2.449743684196664, 56.708614279921861 ], [ -2.449739533239086, 56.708622931165905 ], [ -2.449735381438217, 56.708631582886063 ], [ -2.449731229445782, 56.708640235167401 ], [ -2.449727077913504, 56.708648888094899 ], [ -2.449722927493111, 56.708657541753588 ], [ -2.449718778836325, 56.708666196228471 ], [ -2.449714632594876, 56.708674851604563 ], [ -2.449710489420489, 56.708683507966896 ], [ -2.449706349964889, 56.708692165400471 ], [ -2.449702214879811, 56.708700823990306 ], [ -2.449698084816977, 56.708709483821423 ], [ -2.44969396042812, 56.708718144978825 ], [ -2.449689842364966, 56.708726807547556 ], [ -2.449685731279251, 56.708735471612577 ], [ -2.449681627818195, 56.708744137258329 ], [ -2.449677532390592, 56.70875280453528 ], [ -2.449673445052975, 56.708761473443921 ], [ -2.449669365833511, 56.708770143980672 ], [ -2.449665294760365, 56.708778816142008 ], [ -2.4496612318617, 56.708787489924376 ], [ -2.449657177165683, 56.708796165324216 ], [ -2.449653130700481, 56.708804842337969 ], [ -2.449649092494259, 56.708813520962067 ], [ -2.44964506257518, 56.708822201193001 ], [ -2.449641040971412, 56.708830883027183 ], [ -2.449637027711122, 56.708839566461045 ], [ -2.449633022822475, 56.708848251491062 ], [ -2.449629026333632, 56.708856938113684 ], [ -2.449625038272765, 56.708865626325327 ], [ -2.449621058668038, 56.708874316122461 ], [ -2.449617087547616, 56.708883007501527 ], [ -2.449613124939665, 56.708891700458985 ], [ -2.449609170872351, 56.708900394991254 ], [ -2.44960522537384, 56.708909091094796 ], [ -2.449601288472297, 56.708917788766044 ], [ -2.449597360195889, 56.70892648800146 ], [ -2.449593440572782, 56.708935188797497 ], [ -2.449589529631143, 56.708943891150575 ], [ -2.449585627399138, 56.708952595057156 ], [ -2.44958173390493, 56.708961300513685 ], [ -2.449577849176688, 56.708970007516619 ], [ -2.449573973242579, 56.70897871606239 ], [ -2.449570106130766, 56.708987426147424 ], [ -2.449566247869417, 56.708996137768231 ], [ -2.449562398486699, 56.709004850921183 ], [ -2.449558558010779, 56.709013565602774 ], [ -2.449554726469819, 56.709022281809432 ], [ -2.44955090389199, 56.709030999537596 ], [ -2.449547090305455, 56.709039718783735 ], [ -2.449543285738383, 56.70904843954429 ], [ -2.449539490218939, 56.709057161815693 ], [ -2.449535703775289, 56.709065885594399 ], [ -2.449531926435601, 56.709074610876854 ], [ -2.449528158228042, 56.7090833376595 ], [ -2.449524399180777, 56.709092065938798 ], [ -2.449520649321971, 56.70910079571118 ], [ -2.449516908679795, 56.70910952697308 ], [ -2.449513177282411, 56.709118259720988 ], [ -2.449509455157991, 56.709126993951294 ], [ -2.449505742334695, 56.709135729660488 ], [ -2.449502038840697, 56.70914446684499 ], [ -2.449498344704157, 56.709153205501266 ], [ -2.449494659953247, 56.709161945625752 ], [ -2.449490984616129, 56.709170687214893 ], [ -2.449487318720976, 56.709179430265131 ], [ -2.44948366229595, 56.709188174772933 ], [ -2.44948001536922, 56.709196920734726 ], [ -2.449476377968951, 56.709205668146957 ], [ -2.449472750123311, 56.709214417006073 ], [ -2.449469131860469, 56.709223167308544 ], [ -2.449465523208589, 56.709231919050787 ], [ -2.449461924195839, 56.709240672229249 ], [ -2.449458334850388, 56.709249426840387 ], [ -2.449454755200401, 56.709258182880646 ], [ -2.449451185274046, 56.709266940346467 ], [ -2.449447625099489, 56.709275699234311 ], [ -2.449444074704898, 56.709284459540605 ], [ -2.449440534118442, 56.709293221261809 ], [ -2.449437003368286, 56.709301984394358 ], [ -2.449433482482597, 56.709310748934705 ], [ -2.449429971489543, 56.709319514879311 ], [ -2.449426470417294, 56.70932828222459 ], [ -2.449422979294012, 56.709337050967001 ], [ -2.449419498147869, 56.709345821103021 ], [ -2.449416027007031, 56.709354592629055 ], [ -2.449412565899665, 56.709363365541563 ], [ -2.449409114853939, 56.709372139837001 ], [ -2.449405673898021, 56.709380915511794 ], [ -2.449402243060077, 56.709389692562397 ], [ -2.449398822368276, 56.709398470985278 ], [ -2.449395411850785, 56.709407250776856 ], [ -2.449392011535771, 56.709416031933586 ], [ -2.449388621451404, 56.709424814451936 ], [ -2.449385241625849, 56.70943359832831 ], [ -2.449381872087276, 56.709442383559164 ], [ -2.44937851286385, 56.70945117014098 ], [ -2.449375163983743, 56.70945995807017 ], [ -2.449371825475118, 56.709468747343195 ], [ -2.449368497366149, 56.709477537956488 ], [ -2.449365179684995, 56.709486329906518 ], [ -2.449361872459832, 56.709495123189711 ], [ -2.449358575718826, 56.709503917802529 ], [ -2.449355289490141, 56.70951271374139 ], [ -2.44935201380195, 56.70952151100277 ], [ -2.44934874868242, 56.709530309583101 ], [ -2.449345494159716, 56.709539109478847 ], [ -2.449342250262009, 56.709547910686432 ], [ -2.449339017017467, 56.709556713202296 ], [ -2.449335794454257, 56.709565517022916 ], [ -2.449332582600548, 56.709574322144725 ], [ -2.449329381484507, 56.709583128564155 ], [ -2.449326191134304, 56.709591936277661 ], [ -2.449323011578108, 56.709600745281705 ], [ -2.449319842844084, 56.709609555572719 ], [ -2.449316684960402, 56.709618367147144 ], [ -2.44931353795523, 56.709627180001434 ], [ -2.449310401856737, 56.70963599413205 ], [ -2.449307276693093, 56.709644809535405 ], [ -2.449304162492465, 56.70965362620796 ], [ -2.44930105928302, 56.709662444146176 ], [ -2.449297967092928, 56.709671263346479 ], [ -2.449294885950358, 56.709680083805324 ], [ -2.449291815883477, 56.709688905519165 ], [ -2.449288756920455, 56.709697728484429 ], [ -2.44928570908946, 56.709706552697583 ], [ -2.449282672418662, 56.709715378155067 ], [ -2.449279646936225, 56.709724204853309 ], [ -2.449276632670326, 56.709733032788783 ], [ -2.449273629649125, 56.709741861957923 ], [ -2.449270637900797, 56.709750692357183 ], [ -2.449267657453509, 56.709759523982974 ], [ -2.449264688335429, 56.709768356831788 ], [ -2.449261730574726, 56.709777190900049 ], [ -2.44925878419957, 56.709786026184211 ], [ -2.449255849238129, 56.709794862680702 ], [ -2.449252925718573, 56.709803700386004 ], [ -2.449250013669068, 56.709812539296536 ], [ -2.449247113117786, 56.709821379408744 ], [ -2.449244224092896, 56.709830220719091 ], [ -2.449241346622567, 56.709839063223988 ], [ -2.449238480734966, 56.709847906919933 ], [ -2.449235626458264, 56.709856751803336 ], [ -2.449232783820629, 56.70986559787066 ], [ -2.449229952850233, 56.709874445118345 ], [ -2.449227133575242, 56.709883293542823 ], [ -2.449224326023827, 56.709892143140557 ], [ -2.449221530224156, 56.709900993907993 ], [ -2.4492187462044, 56.709909845841572 ], [ -2.449215973992727, 56.709918698937742 ], [ -2.449213213617306, 56.709927553192948 ], [ -2.449210465106309, 56.709936408603646 ], [ -2.449207728487903, 56.709945265166269 ], [ -2.449205003790257, 56.709954122877264 ], [ -2.449202291041543, 56.709962981733085 ], [ -2.449199590269928, 56.709971841730187 ], [ -2.449196901503584, 56.709980702864989 ], [ -2.44919422477068, 56.709989565133952 ], [ -2.449191560099384, 56.709998428533538 ], [ -2.449188907517867, 56.710007293060166 ], [ -2.449186267054297, 56.710016158710303 ], [ -2.449183638736847, 56.710025025480363 ], [ -2.449181022593684, 56.710033893366848 ], [ -2.449178418652978, 56.710042762366164 ], [ -2.4491758269429, 56.710051632474752 ], [ -2.449173247491618, 56.710060503689085 ], [ -2.449170680327304, 56.710069376005592 ], [ -2.449168125478128, 56.710078249420711 ], [ -2.449165582972257, 56.710087123930911 ], [ -2.449163052837865, 56.710095999532641 ], [ -2.449160535103117, 56.71010487622231 ], [ -2.449158029796187, 56.710113753996403 ], [ -2.449155536945245, 56.710122632851352 ], [ -2.449153056578459, 56.710131512783583 ], [ -2.449150588723998, 56.71014039378958 ], [ -2.449148133410036, 56.710149275865781 ], [ -2.449145690664742, 56.710158159008607 ], [ -2.449143260516284, 56.710167043214526 ], [ -2.449140842992835, 56.71017592847997 ], [ -2.449138438122563, 56.710184814801394 ], [ -2.449136045933639, 56.710193702175268 ], [ -2.449133666454232, 56.71020259059798 ], [ -2.449133569697898, 56.710202954014278 ], [ -2.44913452108478, 56.710198696146158 ], [ -2.449136542643955, 56.710189746276122 ], [ -2.449138585287302, 56.710180799013386 ], [ -2.449140648903056, 56.710171854345091 ], [ -2.449142733379456, 56.710162912258319 ], [ -2.449144838604736, 56.710153972740116 ], [ -2.449146964467133, 56.710145035777622 ], [ -2.449149110854883, 56.710136101357882 ], [ -2.449151277656223, 56.710127169468031 ], [ -2.449153464759389, 56.710118240095106 ], [ -2.449155672052619, 56.710109313226226 ], [ -2.449157899424148, 56.710100388848488 ], [ -2.449160146762211, 56.71009146694896 ], [ -2.44916241395505, 56.71008254751473 ], [ -2.449164700890899, 56.710073630532911 ], [ -2.449167007457997, 56.710064715990569 ], [ -2.44916933354458, 56.710055803874795 ], [ -2.449171679038885, 56.710046894172685 ], [ -2.449174043829149, 56.710037986871335 ], [ -2.449176427803616, 56.710029081957792 ], [ -2.449178830850514, 56.710020179419189 ], [ -2.449181252858087, 56.710011279242615 ], [ -2.449183693714573, 56.710002381415123 ], [ -2.449186153308209, 56.709993485923853 ], [ -2.449188631527232, 56.709984592755845 ], [ -2.449191128259883, 56.709975701898202 ], [ -2.449193643394398, 56.709966813338013 ], [ -2.449196176819016, 56.709957927062391 ], [ -2.449198728421977, 56.709949043058387 ], [ -2.449201298091518, 56.709940161313106 ], [ -2.449203885715879, 56.709931281813653 ], [ -2.4492064911833, 56.709922404547079 ], [ -2.449209114382019, 56.709913529500511 ], [ -2.449211755200274, 56.709904656661024 ], [ -2.449214413526306, 56.709895786015707 ], [ -2.449217089248353, 56.709886917551628 ], [ -2.449219782254659, 56.709878051255899 ], [ -2.449222492433456, 56.709869187115586 ], [ -2.44922521967299, 56.70986032511783 ], [ -2.449227963861497, 56.709851465249663 ], [ -2.44923072488722, 56.709842607498196 ], [ -2.449233502638398, 56.70983375185051 ], [ -2.449236297003271, 56.709824898293725 ], [ -2.449239107870078, 56.709816046814886 ], [ -2.449241935127062, 56.709807197401105 ], [ -2.449244778662462, 56.709798350039456 ], [ -2.449247638364519, 56.709789504717044 ], [ -2.449250514121473, 56.709780661420957 ], [ -2.449253405821566, 56.709771820138272 ], [ -2.449256313353037, 56.709762980856084 ], [ -2.44925923660413, 56.709754143561462 ], [ -2.449262175463082, 56.709745308241544 ], [ -2.449265129818138, 56.709736474883364 ], [ -2.449268099557538, 56.709727643474054 ], [ -2.449271084569523, 56.709718814000681 ], [ -2.449274084742336, 56.709709986450328 ], [ -2.449277099964217, 56.709701160810098 ], [ -2.449280130123408, 56.709692337067061 ], [ -2.449283175108153, 56.709683515208333 ], [ -2.449286234806692, 56.70967469522099 ], [ -2.449289309107267, 56.709665877092107 ], [ -2.449292397898119, 56.709657060808794 ], [ -2.449295501067494, 56.709648246358121 ], [ -2.449298618503634, 56.709639433727205 ], [ -2.449301750094777, 56.709630622903099 ], [ -2.449304895729169, 56.709621813872914 ], [ -2.449308055295052, 56.709613006623734 ], [ -2.44931122868067, 56.709604201142632 ], [ -2.449314415774263, 56.709595397416734 ], [ -2.449317616464078, 56.709586595433095 ], [ -2.449320830638357, 56.709577795178809 ], [ -2.449324058185343, 56.709568996640989 ], [ -2.449327298993278, 56.709560199806695 ], [ -2.449330552950403, 56.709551404663024 ], [ -2.449333819944968, 56.709542611197065 ], [ -2.44933709986521, 56.709533819395922 ], [ -2.449340392599381, 56.709525029246677 ], [ -2.449343698035717, 56.709516240736392 ], [ -2.449347016062465, 56.70950745385219 ], [ -2.44935034656787, 56.709498668581141 ], [ -2.449353689440175, 56.709489884910333 ], [ -2.449357044567625, 56.709481102826871 ], [ -2.449360411838462, 56.709472322317836 ], [ -2.449363791140934, 56.709463543370305 ], [ -2.449367182363285, 56.70945476597138 ], [ -2.449370585393757, 56.709445990108144 ], [ -2.449374000120597, 56.709437215767707 ], [ -2.449377426432049, 56.709428442937124 ], [ -2.449380864216359, 56.709419671603499 ], [ -2.449384313361771, 56.709410901753927 ], [ -2.449387773756531, 56.709402133375491 ], [ -2.449391245288885, 56.709393366455274 ], [ -2.449394727847076, 56.709384600980385 ], [ -2.44939822131935, 56.709375836937888 ], [ -2.449401725593954, 56.709367074314876 ], [ -2.449405240559134, 56.709358313098456 ], [ -2.449408766103137, 56.7093495532757 ], [ -2.449412302114203, 56.709340794833714 ], [ -2.449415848480584, 56.709332037759573 ], [ -2.449419405090524, 56.709323282040351 ], [ -2.44942297183227, 56.709314527663167 ], [ -2.449426548594065, 56.70930577461511 ], [ -2.44943013526416, 56.709297022883248 ], [ -2.4494337317308, 56.709288272454678 ], [ -2.449437337882229, 56.709279523316489 ], [ -2.449440953606697, 56.709270775455771 ], [ -2.449444578792451, 56.709262028859619 ], [ -2.449448213327736, 56.709253283515125 ], [ -2.4494518571008, 56.709244539409333 ], [ -2.449455509999888, 56.709235796529413 ], [ -2.449459171913249, 56.709227054862389 ], [ -2.449462842729135, 56.709218314395372 ], [ -2.449466522335784, 56.709209575115445 ], [ -2.449470210621449, 56.70920083700971 ], [ -2.449473907474379, 56.709192100065259 ], [ -2.449477612782819, 56.709183364269151 ], [ -2.449481326435016, 56.709174629608512 ], [ -2.449485048319223, 56.709165896070409 ], [ -2.449488778323683, 56.709157163641912 ], [ -2.449492516336643, 56.709148432310165 ], [ -2.449496262246357, 56.709139702062224 ], [ -2.449500015941067, 56.70913097288517 ], [ -2.449503777309028, 56.709122244766107 ], [ -2.449507546238485, 56.709113517692124 ], [ -2.449511322617684, 56.709104791650304 ], [ -2.449515106334881, 56.709096066627737 ], [ -2.449518897278316, 56.709087342611518 ], [ -2.449522695336246, 56.70907861958873 ], [ -2.449526500396914, 56.709069897546478 ], [ -2.449530312348573, 56.709061176471813 ], [ -2.449534131079468, 56.709052456351877 ], [ -2.449537956477854, 56.709043737173715 ], [ -2.449541788431977, 56.709035018924439 ], [ -2.449545626830087, 56.70902630159113 ], [ -2.449549471560434, 56.709017585160879 ], [ -2.449553322511266, 56.709008869620789 ], [ -2.449557179570835, 56.709000154957927 ], [ -2.449561042627391, 56.708991441159405 ], [ -2.449564911569185, 56.708982728212298 ], [ -2.449568786284462, 56.708974016103681 ], [ -2.449572666661477, 56.70896530482068 ], [ -2.449576552588477, 56.708956594350354 ], [ -2.449580443953717, 56.708947884679787 ], [ -2.449584340645445, 56.708939175796111 ], [ -2.44958824255191, 56.708930467686386 ], [ -2.449592149561364, 56.708921760337695 ], [ -2.449596061562059, 56.708913053737135 ], [ -2.449599978442244, 56.708904347871801 ], [ -2.449603900090173, 56.708895642728791 ], [ -2.449607826394092, 56.70888693829518 ], [ -2.449611757242257, 56.70887823455805 ], [ -2.44961569252292, 56.708869531504504 ], [ -2.449619632124327, 56.70886082912164 ], [ -2.449623575934733, 56.708852127396526 ], [ -2.44962752384239, 56.708843426316257 ], [ -2.449631475735548, 56.708834725867952 ], [ -2.449635431502461, 56.708826026038651 ], [ -2.449639391031379, 56.708817326815485 ], [ -2.449643354210553, 56.70880862818553 ], [ -2.449647320928238, 56.708799930135861 ], [ -2.449651291072687, 56.708791232653596 ], [ -2.449655264532146, 56.708782535725788 ], [ -2.449659241194876, 56.708773839339571 ], [ -2.449663220949122, 56.708765143482005 ], [ -2.449667203683142, 56.708756448140178 ], [ -2.449671189285185, 56.708747753301203 ], [ -2.449675177643479, 56.708739058952148 ], [ -2.449679168572789, 56.708730365071283 ], [ -2.449683161653217, 56.708721671608721 ], [ -2.449687156418109, 56.70871297850897 ], [ -2.449691152400814, 56.708704285716536 ], [ -2.44969514913468, 56.708695593175889 ], [ -2.449699146153057, 56.708686900831552 ], [ -2.449703142989294, 56.708678208628037 ], [ -2.449707139176739, 56.708669516509822 ], [ -2.449711134248743, 56.708660824421422 ], [ -2.449715127738658, 56.708652132307328 ], [ -2.449719119179835, 56.708643440112027 ], [ -2.449723108105624, 56.708634747780053 ], [ -2.449727094049376, 56.708626055255898 ], [ -2.449731076544443, 56.708617362484041 ], [ -2.449735055124181, 56.708608669409017 ], [ -2.44973902932194, 56.708599975975289 ], [ -2.449742998671077, 56.708591282127372 ], [ -2.449746962704942, 56.708582587809779 ], [ -2.449750920956888, 56.70857389296701 ], [ -2.449754872960274, 56.70856519754355 ], [ -2.449758818248454, 56.708556501483905 ], [ -2.449762756354781, 56.708547804732582 ], [ -2.449766686812614, 56.708539107234103 ], [ -2.449770609155307, 56.708530408932937 ], [ -2.449774522916217, 56.708521709773578 ], [ -2.449778427628702, 56.708513009700553 ], [ -2.449782322826119, 56.708504308658377 ], [ -2.449786208041826, 56.708495606591505 ], [ -2.449790082809181, 56.708486903444467 ], [ -2.449793946661543, 56.708478199161775 ], [ -2.449797799132273, 56.708469493687907 ], [ -2.449801639754726, 56.708460786967379 ], [ -2.449805468062267, 56.708452078944703 ], [ -2.449809283588253, 56.70844336956435 ], [ -2.449813085866046, 56.708434658770848 ], [ -2.449816874429005, 56.70842594650869 ], [ -2.449820648810499, 56.708417232722368 ], [ -2.449824408543882, 56.708408517356411 ], [ -2.449828153162521, 56.708399800355302 ], [ -2.449831882199776, 56.708391081663535 ], [ -2.449835595189013, 56.708382361225638 ], [ -2.449839291663591, 56.708373638986089 ], [ -2.449842971156881, 56.708364914889415 ], [ -2.449846633202242, 56.708356188880082 ], [ -2.449850277333041, 56.708347460902623 ], [ -2.449853903082643, 56.708338730901524 ], [ -2.449857509984415, 56.70832999882132 ], [ -2.449861097571721, 56.708321264606461 ], [ -2.44986466537793, 56.708312528201489 ], [ -2.449868212936411, 56.708303789550904 ], [ -2.449871739780524, 56.708295048599197 ], [ -2.449875245443641, 56.708286305290862 ], [ -2.449878729459134, 56.708277559570426 ], [ -2.449882191360367, 56.708268811382382 ], [ -2.44988563068071, 56.708260060671208 ], [ -2.449889046953532, 56.708251307381452 ], [ -2.449892439712206, 56.708242551457573 ], [ -2.449895808490099, 56.708233792844126 ], [ -2.449899152820586, 56.708225031485561 ], [ -2.449902472237034, 56.708216267326414 ], [ -2.449905766272817, 56.708207500311175 ], [ -2.449909034461307, 56.708198730384339 ], [ -2.449912276335876, 56.708189957490426 ], [ -2.449915491433342, 56.708181181576741 ], [ -2.449918679289186, 56.708172402589497 ], [ -2.449921839431239, 56.708163620468696 ], [ -2.449924971392879, 56.708154835158801 ], [ -2.449928074707473, 56.708146046604334 ], [ -2.449931148908403, 56.708137254749822 ], [ -2.449934193529041, 56.708128459539751 ], [ -2.449937208102766, 56.708119660918641 ], [ -2.449940192162952, 56.708110858830977 ], [ -2.449943145242976, 56.708102053221246 ], [ -2.449946066876215, 56.708093244033989 ], [ -2.449948956596046, 56.708084431213692 ], [ -2.449951813935851, 56.708075614704853 ], [ -2.449954638429003, 56.708066794451987 ], [ -2.449957429608887, 56.708057970399587 ], [ -2.449960187008879, 56.708049142492158 ], [ -2.449962910162359, 56.708040310674207 ], [ -2.449965598602708, 56.708031474890248 ], [ -2.449968251863308, 56.708022635084774 ], [ -2.449970869477537, 56.708013791202291 ], [ -2.449973450978779, 56.708004943187291 ], [ -2.449975995900416, 56.707996090984295 ], [ -2.449978503775831, 56.707987234537796 ], [ -2.449980974138405, 56.707978373792308 ], [ -2.449983406521524, 56.707969508692322 ], [ -2.44998580045857, 56.707960639182346 ], [ -2.449988155482928, 56.707951765206879 ], [ -2.449990471349504, 56.707942886741399 ], [ -2.449992749507377, 56.707934003998155 ], [ -2.449994992187875, 56.707925117298714 ], [ -2.449997201626513, 56.707916226965267 ], [ -2.44999938005882, 56.707907333319966 ], [ -2.450001529720315, 56.707898436684992 ], [ -2.450003652846519, 56.707889537382499 ], [ -2.450005751672947, 56.707880635734668 ], [ -2.450007828435113, 56.707871732063644 ], [ -2.45000988536853, 56.707862826691645 ], [ -2.450011924708713, 56.707853919940789 ], [ -2.450013948691165, 56.707845012133284 ], [ -2.450015959551394, 56.707836103591255 ], [ -2.450017959524909, 56.707827194636906 ], [ -2.450019950847207, 56.707818285592374 ], [ -2.450021935753791, 56.707809376779863 ], [ -2.450023916480161, 56.707800468521512 ], [ -2.450025895261811, 56.707791561139494 ], [ -2.450027874334237, 56.707782654955984 ], [ -2.45002985593293, 56.707773750293143 ], [ -2.450031842293383, 56.707764847473143 ], [ -2.450033835651081, 56.707755946818146 ], [ -2.450035838241511, 56.707747048650319 ], [ -2.450037852300159, 56.707738153291814 ], [ -2.450039880062506, 56.707729261064834 ], [ -2.450041923764034, 56.707720372291519 ], [ -2.450043985640217, 56.707711487294013 ], [ -2.450046067926536, 56.707702606394534 ], [ -2.450048172858462, 56.707693729915206 ], [ -2.450050302671468, 56.707684858178204 ], [ -2.450052459601025, 56.70767599150571 ], [ -2.450054645882598, 56.707667130219903 ], [ -2.450056863751657, 56.707658274642881 ], [ -2.450059115443663, 56.707649425096868 ], [ -2.450061403194081, 56.707640581904009 ], [ -2.450063729238368, 56.707631745386472 ], [ -2.450066095811984, 56.70762291586643 ], [ -2.450068505150384, 56.707614093666024 ], [ -2.450070959489025, 56.707605279107426 ], [ -2.450073461063356, 56.707596472512826 ], [ -2.450076012108829, 56.707587674204348 ], [ -2.450078614860892, 56.70757888450418 ], [ -2.45008127155499, 56.707570103734469 ], [ -2.450083984426569, 56.707561332217388 ], [ -2.450086755711073, 56.707552570275105 ], [ -2.450089587643942, 56.707543818229787 ], [ -2.450092482460612, 56.707535076403559 ], [ -2.450095442396522, 56.707526345118609 ], [ -2.450098469687109, 56.707517624697111 ], [ -2.450101566567803, 56.707508915461204 ], [ -2.450104735274038, 56.707500217733063 ], [ -2.450107978041242, 56.707491531834833 ], [ -2.450111297104844, 56.707482858088689 ], [ -2.450114694700268, 56.707474196816769 ], [ -2.45011817306294, 56.707465548341261 ], [ -2.450121734428282, 56.707456912984306 ], [ -2.450125381031714, 56.707448291068069 ], [ -2.450129115108657, 56.70743968291471 ], [ -2.450132938894527, 56.707431088846363 ], [ -2.450136854624739, 56.707422509185207 ], [ -2.450140864534705, 56.70741394425341 ], [ -2.450144970859842, 56.70740539437309 ], [ -2.450149175835558, 56.707396859866428 ], [ -2.450153481697258, 56.707388341055598 ], [ -2.450157890680356, 56.707379838262725 ], [ -2.450162405020253, 56.707371351809954 ], [ -2.450167026952355, 56.707362882019474 ], [ -2.450171758712065, 56.70735442921341 ], [ -2.450176602534779, 56.707345993713915 ], [ -2.450181560655904, 56.707337575843162 ], [ -2.450186635310833, 56.70732917592327 ], [ -2.450191828734962, 56.70732079427642 ], [ -2.450197143163689, 56.707312431224736 ], [ -2.450202580832404, 56.707304087090407 ], [ -2.450208143976502, 56.707295762195528 ], [ -2.450213834831372, 56.707287456862275 ], [ -2.450219655632402, 56.7072791714128 ], [ -2.450225608614982, 56.707270906169214 ], [ -2.450231696014499, 56.707262661453719 ], [ -2.450237920066337, 56.707254437588404 ], [ -2.450244283005764, 56.707246234895415 ], [ -2.450250785824516, 56.707238053522872 ], [ -2.450257425197962, 56.707229893014933 ], [ -2.45026419686558, 56.707221752784776 ], [ -2.450271096566842, 56.707213632245569 ], [ -2.450278120041234, 56.707205530810519 ], [ -2.450285263028236, 56.70719744789281 ], [ -2.45029252126734, 56.707189382905604 ], [ -2.450299890498035, 56.707181335262113 ], [ -2.450307366459817, 56.707173304375502 ], [ -2.450314944892185, 56.707165289658995 ], [ -2.450322621534642, 56.70715729052575 ], [ -2.450330392126691, 56.707149306388963 ], [ -2.450338252407839, 56.707141336661849 ], [ -2.450346198117603, 56.707133380757575 ], [ -2.450354224995499, 56.707125438089328 ], [ -2.450362328781039, 56.70711750807034 ], [ -2.450370505213749, 56.707109590113753 ], [ -2.450378750033154, 56.7071016836328 ], [ -2.450387058978783, 56.707093788040666 ], [ -2.450395427790166, 56.707085902750542 ], [ -2.450403852206839, 56.707078027175662 ], [ -2.45041232796834, 56.707070160729174 ], [ -2.450420850814206, 56.707062302824312 ], [ -2.450429416483982, 56.70705445287426 ], [ -2.450438020717219, 56.707046610292238 ], [ -2.450446659253465, 56.707038774491444 ], [ -2.450455327832273, 56.707030944885091 ], [ -2.450464022193198, 56.707023120886369 ], [ -2.450472738075799, 56.707015301908484 ], [ -2.45048147121964, 56.707007487364663 ], [ -2.450490217364286, 56.706999676668111 ], [ -2.450498972249302, 56.706991869232027 ], [ -2.450507731614263, 56.706984064469637 ], [ -2.450516491198742, 56.706976261794161 ], [ -2.450525246742318, 56.706968460618782 ], [ -2.450533993984565, 56.706960660356742 ], [ -2.450542728665072, 56.706952860421268 ], [ -2.450551446523425, 56.70694506022555 ], [ -2.450560143299207, 56.706937259182816 ], [ -2.450568814732018, 56.706929456706298 ], [ -2.450577456561446, 56.706921652209218 ], [ -2.450586064527096, 56.706913845104772 ], [ -2.450594634368563, 56.706906034806231 ], [ -2.450603161825454, 56.706898220726778 ], [ -2.450611642637376, 56.706890402279669 ], [ -2.45062007254394, 56.706882578878101 ], [ -2.450628447284756, 56.706874749935324 ], [ -2.45063676259944, 56.70686691486457 ], [ -2.450645014227617, 56.706859073079059 ], [ -2.450653197908905, 56.706851223992018 ], [ -2.450661309368289, 56.706843367001809 ], [ -2.450669344170397, 56.706835501343569 ], [ -2.450677297780857, 56.706827626151735 ], [ -2.450685165663842, 56.706819740559247 ], [ -2.450692943283527, 56.706811843699057 ], [ -2.450700626104096, 56.706803934704105 ], [ -2.450708209589731, 56.706796012707358 ], [ -2.450715689204619, 56.706788076841754 ], [ -2.450723060412948, 56.706780126240226 ], [ -2.450730318678916, 56.706772160035747 ], [ -2.450737459466713, 56.706764177361258 ], [ -2.450744478240546, 56.706756177349703 ], [ -2.450751370464615, 56.706748159134065 ], [ -2.450758131603129, 56.706740121847254 ], [ -2.4507647571203, 56.706732064622265 ], [ -2.450771242480341, 56.706723986592031 ], [ -2.450777583147473, 56.706715886889491 ], [ -2.450783774585914, 56.706707764647646 ], [ -2.450789812259895, 56.706699618999416 ], [ -2.450795691633643, 56.706691449077752 ], [ -2.450801408171395, 56.706683254015637 ], [ -2.450806957337385, 56.706675032946016 ], [ -2.450812334595859, 56.706666785001829 ], [ -2.450817535411063, 56.706658509316057 ], [ -2.450822555247247, 56.706650205021653 ], [ -2.450827389568665, 56.706641871251556 ], [ -2.450832033839579, 56.706633507138733 ], [ -2.450836483524252, 56.706625111816138 ], [ -2.450840734086952, 56.706616684416744 ], [ -2.450844780991953, 56.706608224073484 ], [ -2.450848619703532, 56.706599729919297 ], [ -2.450852245685973, 56.706591201087186 ], [ -2.450855654403562, 56.706582636710081 ], [ -2.450858841320593, 56.70657403592093 ], [ -2.450861801901365, 56.706565397852685 ], [ -2.450864531610177, 56.706556721638314 ], [ -2.45086702591134, 56.706548006410756 ], [ -2.450869280269171, 56.706539251302964 ], [ -2.450871290147985, 56.706530455447876 ], [ -2.450873051012106, 56.706521617978453 ], [ -2.450874558325868, 56.706512738027641 ], [ -2.45087580763515, 56.706503814745432 ], [ -2.450876802774586, 56.706494849015414 ], [ -2.450877562891011, 56.706485844923705 ], [ -2.45087810878559, 56.706476806902415 ], [ -2.450878461259463, 56.706467739383655 ], [ -2.450878641113766, 56.70645864679954 ], [ -2.450878669149601, 56.706449533582166 ], [ -2.45087856616806, 56.706440404163693 ], [ -2.450878352970211, 56.706431262976189 ], [ -2.4508780503571, 56.706422114451762 ], [ -2.45087767912976, 56.706412963022551 ], [ -2.4508772600892, 56.706403813120666 ], [ -2.450876814036404, 56.706394669178181 ], [ -2.450876361772343, 56.706385535627255 ], [ -2.450875924097961, 56.706376416899971 ], [ -2.45087552181419, 56.706367317428452 ], [ -2.450875175721932, 56.706358241644807 ], [ -2.450874906622076, 56.706349193981168 ], [ -2.45087473531549, 56.706340178869624 ], [ -2.45087468260302, 56.706331200742291 ], [ -2.450874769285499, 56.7063222640313 ], [ -2.450875014910926, 56.706313372718164 ], [ -2.450875422926163, 56.706304524993762 ], [ -2.450875985610356, 56.706295715032439 ], [ -2.450876695018131, 56.706286936927896 ], [ -2.450877543204129, 56.706278184773765 ], [ -2.450878522222995, 56.706269452663697 ], [ -2.450879624129381, 56.706260734691327 ], [ -2.450880840977946, 56.706252024950345 ], [ -2.450882164823355, 56.706243317534366 ], [ -2.450883587720283, 56.706234606537052 ], [ -2.45088427127093, 56.706230669363926 ] ] ], [ [ [ -2.448944907443332, 56.710784104534774 ], [ -2.448942955336382, 56.710787406716008 ], [ -2.448937969882792, 56.710795618288984 ], [ -2.448932866508212, 56.710803802929632 ], [ -2.448927642801165, 56.710811960123998 ], [ -2.448922296350171, 56.710820089358144 ], [ -2.448916824743749, 56.710828190118086 ], [ -2.448911225570414, 56.710836261889867 ], [ -2.448905496418682, 56.710844304159544 ], [ -2.44889963487707, 56.710852316413146 ], [ -2.448893638534092, 56.710860298136694 ], [ -2.448887504978261, 56.710868248816276 ], [ -2.448881231798087, 56.710876167937869 ], [ -2.44887481658208, 56.710884054987538 ], [ -2.448868256918753, 56.710891909451334 ], [ -2.448861550396613, 56.710899730815242 ], [ -2.448854694604164, 56.71090751856535 ], [ -2.448847687129921, 56.710915272187663 ], [ -2.448840525562385, 56.710922991168211 ], [ -2.448833207490063, 56.710930674993023 ], [ -2.44882573050146, 56.710938323148135 ], [ -2.448818092185078, 56.710945935119568 ], [ -2.448810290129424, 56.710953510393345 ], [ -2.448802321923, 56.710961048455502 ], [ -2.448794185154306, 56.710968548792053 ], [ -2.448785877411848, 56.710976010889027 ], [ -2.448777396284125, 56.710983434232425 ], [ -2.448768739359637, 56.710990818308296 ], [ -2.448759904226889, 56.710998162602642 ], [ -2.448750888474793, 56.711005466601584 ], [ -2.448741691361551, 56.711012730173898 ], [ -2.448732317612105, 56.711019954441646 ], [ -2.44872277306871, 56.711027140783052 ], [ -2.448713063573638, 56.711034290576301 ], [ -2.44870319496916, 56.711041405199587 ], [ -2.44869317309755, 56.711048486031146 ], [ -2.44868300380109, 56.711055534449152 ], [ -2.44867269292206, 56.711062551831823 ], [ -2.448662246302749, 56.7110695395574 ], [ -2.448651669785446, 56.711076499004044 ], [ -2.448640969212443, 56.711083431549994 ], [ -2.448630150426039, 56.71109033857347 ], [ -2.448619219268534, 56.711097221452675 ], [ -2.448608181582229, 56.711104081565828 ], [ -2.448597043209432, 56.711110920291162 ], [ -2.448585809992452, 56.71111773900688 ], [ -2.4485744877736, 56.711124539091216 ], [ -2.448563082395192, 56.711131321922394 ], [ -2.448551599699545, 56.711138088878656 ], [ -2.448540045528981, 56.711144841338182 ], [ -2.448528425725823, 56.711151580679257 ], [ -2.448516746132392, 56.711158308280091 ], [ -2.448505012591025, 56.711165025518923 ], [ -2.448493230944046, 56.711171733773988 ], [ -2.44848140703379, 56.711178434423523 ], [ -2.448469546702595, 56.711185128845763 ], [ -2.448457655792799, 56.711191818418996 ], [ -2.448445740146741, 56.711198504521398 ], [ -2.448433805606769, 56.71120518853126 ], [ -2.448421858015222, 56.711211871826841 ], [ -2.448409903214454, 56.711218555786374 ], [ -2.448397947046813, 56.711225241788121 ], [ -2.448385995354655, 56.711231931210321 ], [ -2.448374053980329, 56.711238625431264 ], [ -2.448362128766202, 56.711245325829182 ], [ -2.448350225554626, 56.711252033782365 ], [ -2.44833835018797, 56.711258750669067 ], [ -2.448326508508595, 56.711265477867556 ], [ -2.448316584266452, 56.71127114449321 ], [ -2.448324660534094, 56.711265963799121 ], [ -2.448335443847811, 56.711259072516512 ], [ -2.448346249852707, 56.711252189478223 ], [ -2.448357075312829, 56.711245313656569 ], [ -2.448367916992216, 56.711238444023877 ], [ -2.448378771654921, 56.711231579552454 ], [ -2.448389636064991, 56.71122471921462 ], [ -2.448400506986471, 56.711217861982718 ], [ -2.448411381183415, 56.71121100682906 ], [ -2.448422255419872, 56.711204152725976 ], [ -2.448433126459896, 56.711197298645793 ], [ -2.448443991067541, 56.711190443560824 ], [ -2.448454846006858, 56.711183586443454 ], [ -2.448465688041908, 56.711176726265926 ], [ -2.448476513936743, 56.711169862000645 ], [ -2.448487320455427, 56.711162992619904 ], [ -2.448498104362017, 56.711156117096053 ], [ -2.448508862420572, 56.711149234401439 ], [ -2.448519591395157, 56.711142343508371 ], [ -2.448530288049833, 56.711135443389203 ], [ -2.448540949148668, 56.711128533016264 ], [ -2.448551571455725, 56.711121611361897 ], [ -2.448562151735071, 56.711114677398449 ], [ -2.448572686750775, 56.711107730098249 ], [ -2.448583173266908, 56.711100768433653 ], [ -2.448593608047538, 56.711093791376996 ], [ -2.448603987856742, 56.711086797900627 ], [ -2.44861430945859, 56.711079786976882 ], [ -2.448624569617162, 56.71107275757813 ], [ -2.448634765096528, 56.711065708676692 ], [ -2.448644892660773, 56.711058639244946 ], [ -2.448654949073974, 56.711051548255206 ], [ -2.448664931100212, 56.711044434679849 ], [ -2.448674835503572, 56.711037297491202 ], [ -2.448684659048138, 56.711030135661638 ], [ -2.448694398497996, 56.711022948163517 ], [ -2.448704050617235, 56.71101573396917 ], [ -2.448713612169943, 56.711008492050972 ], [ -2.448723079920216, 56.711001221381252 ], [ -2.448732450837138, 56.710993921048377 ], [ -2.448741723115138, 56.710986590833997 ], [ -2.448750895401981, 56.710979230776303 ], [ -2.448759966346163, 56.710971840913835 ], [ -2.448768934596183, 56.710964421285205 ], [ -2.448777798800542, 56.710956971928951 ], [ -2.448786557607737, 56.710949492883714 ], [ -2.448795209666275, 56.710941984188018 ], [ -2.448803753624657, 56.710934445880461 ], [ -2.448812188131393, 56.710926877999633 ], [ -2.448820511834986, 56.7109192805841 ], [ -2.448828723383949, 56.710911653672447 ], [ -2.448836821426792, 56.710903997303255 ], [ -2.448844804612029, 56.710896311515086 ], [ -2.448852671588171, 56.71088859634655 ], [ -2.448860421003738, 56.710880851836215 ], [ -2.448868051507245, 56.710873078022651 ], [ -2.448875561747212, 56.710865274944425 ], [ -2.448882950372161, 56.710857442640176 ], [ -2.448890216030617, 56.71084958114843 ], [ -2.448897357371099, 56.71084169050777 ], [ -2.448904373042136, 56.710833770756786 ], [ -2.448911261692259, 56.710825821934058 ], [ -2.448918021969995, 56.710817844078186 ], [ -2.448924652523873, 56.7108098372277 ], [ -2.448931152002434, 56.710801801421233 ], [ -2.448937519054206, 56.710793736697326 ], [ -2.448943752327729, 56.710785643094574 ], [ -2.448944907443332, 56.710784104534774 ] ] ], [ [ [ -2.447806793838935, 56.711735771972023 ], [ -2.447805809512145, 56.711738513177728 ], [ -2.447802884724664, 56.711747097466585 ], [ -2.447800099552825, 56.711755711162425 ], [ -2.44779744687888, 56.711764353119669 ], [ -2.447794919585077, 56.711773022192695 ], [ -2.447792510553656, 56.711781717235915 ], [ -2.447790212666855, 56.711790437103765 ], [ -2.447788018806899, 56.711799180650601 ], [ -2.447785921856014, 56.711807946730836 ], [ -2.447783914696414, 56.711816734198898 ], [ -2.447781990210315, 56.711825541909171 ], [ -2.44778014127992, 56.711834368716055 ], [ -2.447778360787427, 56.711843213473955 ], [ -2.44777664161503, 56.71185207503725 ], [ -2.447774976644915, 56.711860952260388 ], [ -2.447773358759262, 56.71186984399769 ], [ -2.447771780840243, 56.71187874910364 ], [ -2.447770235770027, 56.711887666432574 ], [ -2.447768716430773, 56.711896594838933 ], [ -2.447767215704635, 56.711905533177074 ], [ -2.447765726473763, 56.711914480301424 ], [ -2.447764241620295, 56.711923435066346 ], [ -2.447762754026365, 56.711932396326276 ], [ -2.447761256574103, 56.711941362935583 ], [ -2.447759742145629, 56.711950333748675 ], [ -2.447758203623057, 56.711959307619956 ], [ -2.447756633888493, 56.711968283403777 ], [ -2.447755025824042, 56.711977259954587 ], [ -2.447753372311795, 56.711986236126748 ], [ -2.447751666233844, 56.71199521077466 ], [ -2.447749900472266, 56.712004182752722 ], [ -2.447748068107446, 56.712013150938631 ], [ -2.447746167235584, 56.712022114800064 ], [ -2.447744201235178, 56.712031074425873 ], [ -2.447742173736368, 56.71204002993457 ], [ -2.4477400883693, 56.712048981444639 ], [ -2.447737948764119, 56.712057929074554 ], [ -2.447735758550977, 56.712066872942863 ], [ -2.447733521360034, 56.712075813167985 ], [ -2.447731240821444, 56.712084749868467 ], [ -2.447728920565369, 56.712093683162756 ], [ -2.447726564221979, 56.712102613169385 ], [ -2.447724175421438, 56.712111540006809 ], [ -2.447721757793921, 56.712120463793539 ], [ -2.447719314969604, 56.71212938464808 ], [ -2.447716850578666, 56.712138302688906 ], [ -2.447714368251288, 56.712147218034509 ], [ -2.447711871617659, 56.712156130803407 ], [ -2.447709364307967, 56.712165041114055 ], [ -2.447706849952404, 56.712173949084985 ], [ -2.447704332181168, 56.712182854834673 ], [ -2.447701814624459, 56.712191758481602 ], [ -2.447699921241028, 56.712198463411113 ], [ -2.447700608373881, 56.712191846451525 ], [ -2.447701552007715, 56.71218273899833 ], [ -2.447702496199289, 56.71217363191667 ], [ -2.447703443609158, 56.712164525766525 ], [ -2.447704396897874, 56.712155421107873 ], [ -2.447705358725987, 56.712146318500665 ], [ -2.447706331754046, 56.7121372185049 ], [ -2.447707318642597, 56.712128121680536 ], [ -2.447708322052181, 56.71211902858758 ], [ -2.44770934464334, 56.712109939785947 ], [ -2.447710389076609, 56.712100855835672 ], [ -2.447711458012527, 56.712091777296692 ], [ -2.447712554111626, 56.712082704728999 ], [ -2.447713680034433, 56.712073638692544 ], [ -2.44771483844148, 56.71206457974732 ], [ -2.447716031993288, 56.712055528453298 ], [ -2.447717263350383, 56.712046485370458 ], [ -2.447718535173287, 56.712037451058755 ], [ -2.447719850122514, 56.712028426078177 ], [ -2.447721210858583, 56.712019410988695 ], [ -2.447722620042004, 56.712010406350281 ], [ -2.447724080333291, 56.712001412722891 ], [ -2.447725594392949, 56.711992430666534 ], [ -2.447727164881488, 56.711983460741145 ], [ -2.447728794459408, 56.711974503506717 ], [ -2.447730485787214, 56.711965559523215 ], [ -2.447732241525402, 56.711956629350624 ], [ -2.447734064334472, 56.711947713548895 ], [ -2.447735956874915, 56.711938812678021 ], [ -2.447737921807227, 56.711929927297952 ], [ -2.447739961791895, 56.711921057968652 ], [ -2.447742079489408, 56.71191220525013 ], [ -2.447744277560253, 56.711903369702334 ], [ -2.447746558664912, 56.711894551885209 ], [ -2.447748925463865, 56.711885752358782 ], [ -2.447751380617594, 56.711876971682955 ], [ -2.447753926786576, 56.711868210417748 ], [ -2.447756566631285, 56.711859469123105 ], [ -2.447759302812196, 56.711850748359012 ], [ -2.447762137989777, 56.711842048685412 ], [ -2.447765074824499, 56.711833370662283 ], [ -2.44776811597683, 56.711824714849605 ], [ -2.447771264107234, 56.711816081807321 ], [ -2.447774521876175, 56.711807472095394 ], [ -2.447777891944114, 56.711798886273833 ], [ -2.447781376971511, 56.711790324902552 ], [ -2.447784979618825, 56.711781788541522 ], [ -2.447788702546511, 56.71177327775073 ], [ -2.447792548415024, 56.71176479309014 ], [ -2.447796519884818, 56.711756335119681 ], [ -2.447800619616343, 56.711747904399346 ], [ -2.447804850270046, 56.711739501489063 ], [ -2.447806793838935, 56.711735771972023 ] ] ], [ [ [ -2.447632246685524, 56.712594448984795 ], [ -2.447631922433494, 56.712600803439564 ], [ -2.447631491785649, 56.712609706615432 ], [ -2.447631082805614, 56.712618610703181 ], [ -2.447630693547616, 56.712627515723732 ], [ -2.447630322065868, 56.712636421698058 ], [ -2.447629966414585, 56.712645328647099 ], [ -2.447629624647979, 56.71265423659176 ], [ -2.44762929482026, 56.712663145553037 ], [ -2.447628974985638, 56.712672055551835 ], [ -2.44762866319832, 56.712680966609106 ], [ -2.447628357512512, 56.712689878745799 ], [ -2.447628055982416, 56.712698791982838 ], [ -2.447627756662238, 56.712707706341192 ], [ -2.447627457606173, 56.712716621841778 ], [ -2.447627156869051, 56.712725538505509 ], [ -2.447626852806824, 56.712734456329322 ], [ -2.447626544557761, 56.712743375247953 ], [ -2.447626231385545, 56.712752295186164 ], [ -2.447625912553856, 56.712761216068714 ], [ -2.447625587326378, 56.712770137820407 ], [ -2.447625254966788, 56.712779060365961 ], [ -2.447624914738765, 56.712787983630143 ], [ -2.447624565905989, 56.712796907537765 ], [ -2.447624207732135, 56.712805832013544 ], [ -2.447623839480884, 56.712814756982247 ], [ -2.447623460415909, 56.712823682368644 ], [ -2.447623069800886, 56.712832608097528 ], [ -2.447622666899493, 56.712841534093627 ], [ -2.4476222509754, 56.712850460281722 ], [ -2.447621821292284, 56.71285938658658 ], [ -2.447621377113815, 56.712868312932947 ], [ -2.447620917703667, 56.712877239245593 ], [ -2.44762044232551, 56.712886165449312 ], [ -2.447619950243017, 56.712895091468845 ], [ -2.447619440719855, 56.712904017228951 ], [ -2.447618913019697, 56.712912942654405 ], [ -2.447618366406208, 56.712921867669948 ], [ -2.447617800143061, 56.712930792200375 ], [ -2.447617213493916, 56.712939716170439 ], [ -2.447616605722445, 56.712948639504894 ], [ -2.447615976092313, 56.712957562128516 ], [ -2.447615323867184, 56.712966483966078 ], [ -2.447614648310723, 56.71297540494232 ], [ -2.447613948686594, 56.712984324982031 ], [ -2.447613224258459, 56.712993244009944 ], [ -2.447612474289985, 56.713002161950847 ], [ -2.447611698044826, 56.713011078729508 ], [ -2.447610894786649, 56.713019994270674 ], [ -2.447610063779112, 56.713028908499126 ], [ -2.447609204285877, 56.713037821339618 ], [ -2.447608315570601, 56.713046732716897 ], [ -2.447607396896943, 56.713055642555751 ], [ -2.447606447528561, 56.713064550780956 ], [ -2.447605466729108, 56.713073457317222 ], [ -2.447604453762247, 56.713082362089374 ], [ -2.447603407891628, 56.713091265022136 ], [ -2.447602328380909, 56.713100166040284 ], [ -2.447601214493744, 56.713109065068593 ], [ -2.447600065493785, 56.713117962031809 ], [ -2.447598880644685, 56.7131268568547 ], [ -2.447597659210098, 56.713135749462033 ], [ -2.447596400453675, 56.713144639778562 ], [ -2.447595103639065, 56.713153527729069 ], [ -2.447593768029919, 56.713162413238301 ], [ -2.447592392889887, 56.713171296231032 ], [ -2.447590977564888, 56.713180176642481 ], [ -2.44758952211281, 56.713189054498507 ], [ -2.447588026956411, 56.713197929871406 ], [ -2.447586492521411, 56.71320680283381 ], [ -2.447584919233535, 56.7132156734584 ], [ -2.447583698784074, 56.71322238890432 ], [ -2.447584710072687, 56.713216218812711 ], [ -2.447586101504486, 56.71320729602833 ], [ -2.447587420430733, 56.713198374286208 ], [ -2.447588665537549, 56.713189453629951 ], [ -2.447589835511046, 56.713180534103209 ], [ -2.447590929037354, 56.713171615749573 ], [ -2.447591945354915, 56.713162698610347 ], [ -2.447592886597408, 56.713153782714386 ], [ -2.447593755843919, 56.713144868086481 ], [ -2.447594556174056, 56.713135954751465 ], [ -2.447595290667429, 56.713127042734115 ], [ -2.447595962403649, 56.713118132059265 ], [ -2.447596574462313, 56.713109222751733 ], [ -2.447597129923025, 56.713100314836311 ], [ -2.447597631865378, 56.713091408337803 ], [ -2.44759808336897, 56.713082503281022 ], [ -2.447598487513389, 56.713073599690787 ], [ -2.447598847378226, 56.713064697591889 ], [ -2.447599166043067, 56.713055797009154 ], [ -2.447599446587491, 56.713046897967381 ], [ -2.447599692091079, 56.713038000491366 ], [ -2.447599905633411, 56.71302910460593 ], [ -2.447600090294057, 56.713020210335877 ], [ -2.447600249152586, 56.713011317706034 ], [ -2.447600385288572, 56.713002426741191 ], [ -2.447600501781575, 56.71299353746614 ], [ -2.447600601711159, 56.712984649905721 ], [ -2.447600688156883, 56.71297576408471 ], [ -2.447600764198302, 56.712966880027949 ], [ -2.44760083291497, 56.712957997760213 ], [ -2.447600897386438, 56.712949117306337 ], [ -2.447600960692255, 56.712940238691104 ], [ -2.447601025911961, 56.712931361939333 ], [ -2.447601096125102, 56.712922487075843 ], [ -2.447601174411213, 56.712913614125434 ], [ -2.447601263849834, 56.712904743112894 ], [ -2.447601367520495, 56.712895874063058 ], [ -2.447601488502728, 56.712887007000731 ], [ -2.447601629876059, 56.712878141950696 ], [ -2.447601794720011, 56.712869278937774 ], [ -2.447601986114107, 56.712860417986803 ], [ -2.447602207137864, 56.712851559122548 ], [ -2.447602460870801, 56.712842702369834 ], [ -2.447602750392426, 56.712833847753473 ], [ -2.447603078782254, 56.712824995298256 ], [ -2.447603449119787, 56.712816145029002 ], [ -2.447603864484531, 56.712807296970524 ], [ -2.447604327955987, 56.712798451147613 ], [ -2.447604842613655, 56.712789607585087 ], [ -2.447605411537028, 56.712780766307759 ], [ -2.447606037805598, 56.71277192734042 ], [ -2.447606724498857, 56.712763090707895 ], [ -2.447607474696292, 56.71275425643497 ], [ -2.447608291477383, 56.712745424546469 ], [ -2.447609177921617, 56.712736595067199 ], [ -2.447610137108465, 56.712727768021942 ], [ -2.447611171835755, 56.712718943419446 ], [ -2.447612281340275, 56.712710121064994 ], [ -2.447613462417442, 56.712701300624481 ], [ -2.447614711815002, 56.712692481761003 ], [ -2.447616026280696, 56.7126836641377 ], [ -2.44761740256228, 56.712674847417752 ], [ -2.447618837407502, 56.71266603126422 ], [ -2.447620327564117, 56.712657215340286 ], [ -2.447621869779882, 56.712648399309089 ], [ -2.447623460802567, 56.712639582833738 ], [ -2.447625097379927, 56.71263076557738 ], [ -2.447626776259732, 56.712621947203168 ], [ -2.447628494189754, 56.712613127374205 ], [ -2.447630247917764, 56.712604305753644 ], [ -2.447632034191545, 56.712595482004616 ], [ -2.447632246685524, 56.712594448984795 ] ] ], [ [ [ -2.447562996825738, 56.713322691111536 ], [ -2.447561124583557, 56.713330811898643 ], [ -2.447559052056438, 56.713339657423433 ], [ -2.447556947062322, 56.713348501700345 ], [ -2.447554810026936, 56.713357344802048 ], [ -2.44755264137601, 56.713366186801217 ], [ -2.447550441535271, 56.713375027770482 ], [ -2.447548210930452, 56.713383867782539 ], [ -2.447545949987281, 56.713392706910035 ], [ -2.447543659131488, 56.713401545225615 ], [ -2.447541338788805, 56.713410382801982 ], [ -2.447538989384962, 56.713419219711774 ], [ -2.447536611345692, 56.713428056027652 ], [ -2.447534205096725, 56.713436891822283 ], [ -2.447531771063795, 56.713445727168342 ], [ -2.447529309672635, 56.713454562138473 ], [ -2.447526821348978, 56.713463396805338 ], [ -2.447524306518555, 56.713472231241624 ], [ -2.447521765607103, 56.713481065519971 ], [ -2.447519199040355, 56.713489899713061 ], [ -2.447516607244045, 56.713498733893523 ], [ -2.447513990643911, 56.713507568134055 ], [ -2.447511349665684, 56.71351640250731 ], [ -2.447508684735102, 56.713525237085932 ], [ -2.447505996277902, 56.713534071942625 ], [ -2.447503284719819, 56.713542907150007 ], [ -2.447500550486592, 56.713551742780759 ], [ -2.447497794003955, 56.713560578907561 ], [ -2.44749501569765, 56.713569415603054 ], [ -2.447492215993409, 56.713578252939911 ], [ -2.447489395316975, 56.713587090990792 ], [ -2.447486554094088, 56.713595929828344 ], [ -2.447483692750484, 56.713604769525261 ], [ -2.447480811711902, 56.713613610154198 ], [ -2.447477911404086, 56.713622451787792 ], [ -2.447474992252773, 56.713631294498732 ], [ -2.447472054683704, 56.713640138359679 ], [ -2.447469099122622, 56.713648983443299 ], [ -2.447466125995264, 56.713657829822246 ], [ -2.447463135727378, 56.713666677569172 ], [ -2.447460128744701, 56.713675526756774 ], [ -2.447457105472979, 56.713684377457689 ], [ -2.447454066337954, 56.713693229744578 ], [ -2.447451011765367, 56.713702083690123 ], [ -2.447447942180963, 56.713710939366976 ], [ -2.447444858010488, 56.713719796847798 ], [ -2.447441759679684, 56.713728656205269 ], [ -2.447438647614299, 56.71373751751203 ], [ -2.447435522240073, 56.713746380840774 ], [ -2.447432383982756, 56.713755246264128 ], [ -2.447429233268092, 56.713764113854786 ], [ -2.447426070521829, 56.713772983685395 ], [ -2.447422896169711, 56.713781855828621 ], [ -2.447419710637486, 56.71379073035714 ], [ -2.447416514350904, 56.713799607343596 ], [ -2.447413307735709, 56.713808486860678 ], [ -2.447410091217653, 56.713817368981019 ], [ -2.44740686522248, 56.713826253777306 ], [ -2.447403630175941, 56.713835141322193 ], [ -2.447400386503787, 56.71384403168836 ], [ -2.447397134631765, 56.713852924948448 ], [ -2.447393874985627, 56.713861821175129 ], [ -2.447390607991125, 56.713870720441093 ], [ -2.447387334074005, 56.713879622818965 ], [ -2.447384053735473, 56.713888528370944 ], [ -2.44738076880549, 56.713897436974641 ], [ -2.447377482249788, 56.713906348349852 ], [ -2.447374197070659, 56.713915262211337 ], [ -2.447370916270388, 56.713924178273857 ], [ -2.447367642851274, 56.713933096252127 ], [ -2.447364379815612, 56.713942015860951 ], [ -2.447361130165704, 56.713950936815003 ], [ -2.447357896903854, 56.713959858829078 ], [ -2.447354683032364, 56.713968781617915 ], [ -2.447351491553551, 56.713977704896259 ], [ -2.447348325469721, 56.713986628378862 ], [ -2.44734518778319, 56.713995551780457 ], [ -2.447342081496279, 56.714004474815809 ], [ -2.447339009611308, 56.714013397199672 ], [ -2.447335975130602, 56.714022318646791 ], [ -2.447332981056487, 56.714031238871904 ], [ -2.447330030391288, 56.714040157589778 ], [ -2.447327126137345, 56.714049074515152 ], [ -2.447324271296992, 56.714057989362757 ], [ -2.447321468872568, 56.714066901847389 ], [ -2.447318721866413, 56.714075811683777 ], [ -2.447316033280871, 56.714084718586662 ], [ -2.447313406118293, 56.714093622270809 ], [ -2.447310843381024, 56.714102522450986 ], [ -2.447308348071422, 56.714111418841895 ], [ -2.447305923191841, 56.714120311158325 ], [ -2.44730357174464, 56.714129199115035 ], [ -2.447301296732181, 56.71413808242675 ], [ -2.44729910115683, 56.714146960808222 ], [ -2.447296988020952, 56.714155833974232 ], [ -2.447294960326918, 56.714164701639504 ], [ -2.447293021077102, 56.71417356351882 ], [ -2.44729117327388, 56.714182419326896 ], [ -2.447289419919631, 56.714191268778507 ], [ -2.447287764016735, 56.714200111588397 ], [ -2.447286962398543, 56.714204665260411 ], [ -2.4472872020414, 56.714202911537193 ], [ -2.447288474206067, 56.714194144251024 ], [ -2.447289819713863, 56.714185373164668 ], [ -2.447291237250766, 56.714176598321743 ], [ -2.447292725502758, 56.714167819765876 ], [ -2.447294283155822, 56.714159037540689 ], [ -2.447295908895941, 56.714150251689802 ], [ -2.447297601409099, 56.714141462256826 ], [ -2.447299359381283, 56.714132669285391 ], [ -2.447301181498478, 56.714123872819123 ], [ -2.447303066446676, 56.714115072901627 ], [ -2.447305012911862, 56.714106269576533 ], [ -2.447307019580029, 56.714097462887494 ], [ -2.447309085137171, 56.714088652878068 ], [ -2.447311208269277, 56.714079839591918 ], [ -2.447313387662343, 56.714071023072663 ], [ -2.447315622002365, 56.714062203363909 ], [ -2.447317909975339, 56.714053380509306 ], [ -2.447320250267264, 56.714044554552451 ], [ -2.447322641564137, 56.714035725536959 ], [ -2.44732508255196, 56.714026893506478 ], [ -2.447327571916735, 56.714018058504607 ], [ -2.447330108344462, 56.714009220574987 ], [ -2.44733269052115, 56.714000379761217 ], [ -2.447335317132799, 56.713991536106924 ], [ -2.447337986865419, 56.713982689655765 ], [ -2.447340698405016, 56.713973840451317 ], [ -2.4473434504376, 56.713964988537207 ], [ -2.447346241649181, 56.713956133957069 ], [ -2.44734907072577, 56.713947276754546 ], [ -2.447351936353379, 56.713938416973221 ], [ -2.447354837218024, 56.713929554656744 ], [ -2.447357772005717, 56.713920689848713 ], [ -2.447360739402478, 56.713911822592777 ], [ -2.44736373809432, 56.713902952932543 ], [ -2.447366766767267, 56.713894080911622 ], [ -2.447369824107337, 56.713885206573671 ], [ -2.447372908800551, 56.713876329962282 ], [ -2.447376019532931, 56.713867451121089 ], [ -2.447379154990501, 56.713858570093706 ], [ -2.447382313859287, 56.71384968692378 ], [ -2.447385494825313, 56.713840801654918 ], [ -2.447388696574612, 56.713831914330726 ], [ -2.447391917793206, 56.713823024994866 ], [ -2.447395157167131, 56.713814133690931 ], [ -2.447398413382416, 56.713805240462555 ], [ -2.447401685125089, 56.713796345353373 ], [ -2.447404971081192, 56.713787448406997 ], [ -2.447408269936756, 56.713778549667055 ], [ -2.447411580377816, 56.713769649177159 ], [ -2.447414901090412, 56.713760746980938 ], [ -2.447418230760579, 56.713751843122026 ], [ -2.447421568074364, 56.713742937644056 ], [ -2.447424911717804, 56.713734030590615 ], [ -2.44742826037694, 56.713725122005378 ], [ -2.447431612737819, 56.713716211931931 ], [ -2.447434967486486, 56.713707300413922 ], [ -2.447438323308987, 56.713698387494958 ], [ -2.447441678891368, 56.713689473218679 ], [ -2.44744503291968, 56.713680557628706 ], [ -2.447448384079971, 56.713671640768666 ], [ -2.447451731058294, 56.713662722682194 ], [ -2.447455072540702, 56.713653803412875 ], [ -2.447458407213251, 56.713644883004385 ], [ -2.44746173376199, 56.713635961500344 ], [ -2.44746505087298, 56.713627038944345 ], [ -2.447468357232279, 56.713618115380036 ], [ -2.447471651525946, 56.713609190851059 ], [ -2.447474932440039, 56.71360026540102 ], [ -2.447478198660622, 56.713591339073538 ], [ -2.447481448873756, 56.713582411912249 ], [ -2.447484681765507, 56.713573483960815 ], [ -2.447487896021939, 56.71356455526282 ], [ -2.44749109032912, 56.713555625861886 ], [ -2.447494263373115, 56.713546695801668 ], [ -2.447497413839998, 56.713537765125793 ], [ -2.447500540415834, 56.713528833877881 ], [ -2.447503641786698, 56.713519902101552 ], [ -2.447506716638662, 56.713510969840435 ], [ -2.4475097636578, 56.713502037138177 ], [ -2.44751278153019, 56.713493104038392 ], [ -2.447515768941905, 56.713484170584707 ], [ -2.447518724579026, 56.713475236820756 ], [ -2.447521647127629, 56.71346630279016 ], [ -2.447524535273799, 56.713457368536559 ], [ -2.447527387703614, 56.71344843410359 ], [ -2.447530203103158, 56.71343949953485 ], [ -2.447532980158516, 56.713430564873995 ], [ -2.447535717555775, 56.713421630164625 ], [ -2.447538413981019, 56.71341269545043 ], [ -2.447541068120338, 56.713403760774966 ], [ -2.44754367865982, 56.713394826181897 ], [ -2.447546244285557, 56.713385891714864 ], [ -2.447548763683641, 56.713376957417481 ], [ -2.447551235540164, 56.713368023333366 ], [ -2.447553658541224, 56.713359089506177 ], [ -2.447556031372908, 56.713350155979519 ], [ -2.447558352721324, 56.713341222797027 ], [ -2.44756062127256, 56.713332290002342 ], [ -2.447562835712723, 56.713323357639098 ], [ -2.447562996825738, 56.713322691111536 ] ] ], [ [ [ -2.447282143031769, 56.714412541810731 ], [ -2.447283000136954, 56.71441857278414 ], [ -2.447284349362943, 56.714427201315068 ], [ -2.447285820719569, 56.714435821168493 ], [ -2.447287414604109, 56.71444443232096 ], [ -2.447289131413842, 56.714453034748978 ], [ -2.44729097154605, 56.714461628429085 ], [ -2.447292935398013, 56.71447021333779 ], [ -2.447295023367017, 56.714478789451604 ], [ -2.447297235850336, 56.714487356747085 ], [ -2.447299573245258, 56.714495915200736 ], [ -2.44730203594906, 56.714504464789066 ], [ -2.447304624359029, 56.714513005488627 ], [ -2.44730733887244, 56.714521537275907 ], [ -2.447310179886582, 56.714530060127473 ], [ -2.447313147798733, 56.714538574019791 ], [ -2.447316243006176, 56.714547078929414 ], [ -2.447319465906197, 56.714555574832858 ], [ -2.447322816896075, 56.714564061706653 ], [ -2.447326296373094, 56.714572539527275 ], [ -2.447329904734539, 56.714581008271288 ], [ -2.447333642377691, 56.714589467915189 ], [ -2.447337509699834, 56.714597918435494 ], [ -2.447341507098255, 56.714606359808741 ], [ -2.447345634970235, 56.714614792011432 ], [ -2.447349893713056, 56.714623215020062 ], [ -2.447354283724005, 56.714631628811176 ], [ -2.447358805400365, 56.714640033361277 ], [ -2.447363459139421, 56.714648428646889 ], [ -2.447368245338458, 56.714656814644513 ], [ -2.447373164394761, 56.714665191330674 ], [ -2.447378216705614, 56.714673558681895 ], [ -2.4473834026683, 56.714681916674657 ], [ -2.447388721917392, 56.714690265373704 ], [ -2.447394166597839, 56.714698605710197 ], [ -2.44739972460504, 56.714706939106811 ], [ -2.447405383785661, 56.714715266991909 ], [ -2.447411131986359, 56.714723590793824 ], [ -2.447416957053781, 56.714731911940895 ], [ -2.447422846834561, 56.714740231861491 ], [ -2.447428789175327, 56.714748551983945 ], [ -2.447434771922694, 56.714756873736619 ], [ -2.447440782923272, 56.714765198547887 ], [ -2.447446810023654, 56.71477352784607 ], [ -2.447452841070428, 56.714781863059542 ], [ -2.447458863910174, 56.714790205616694 ], [ -2.447464866389458, 56.714798556945851 ], [ -2.447470836354837, 56.714806918475425 ], [ -2.447476761652859, 56.714815291633741 ], [ -2.447482630130061, 56.714823677849189 ], [ -2.447488429632974, 56.714832078550145 ], [ -2.447494148008109, 56.714840495165006 ], [ -2.447499773101981, 56.714848929122127 ], [ -2.447505292761081, 56.714857381849882 ], [ -2.447510694831897, 56.714865854776654 ], [ -2.447515967160908, 56.71487434933087 ], [ -2.447521097594577, 56.714882866940854 ], [ -2.447526073979359, 56.714891409035047 ], [ -2.447530884161702, 56.714899977041817 ], [ -2.447535515988032, 56.71490857238954 ], [ -2.447539957304776, 56.714917196506626 ], [ -2.447544195958342, 56.714925850821459 ], [ -2.447548219795133, 56.714934536762449 ], [ -2.447552016661533, 56.714943255757966 ], [ -2.447555574403918, 56.714952009236427 ], [ -2.447558880868651, 56.714960798626215 ], [ -2.447561923902086, 56.714969625355707 ], [ -2.447564691350558, 56.714978490853326 ], [ -2.447567171060397, 56.714987396547443 ], [ -2.447569350877915, 56.714996343866467 ], [ -2.447571218649413, 56.715005334238775 ], [ -2.447572762221175, 56.715014369092771 ], [ -2.447573969439475, 56.715023449856822 ], [ -2.447574828336799, 56.715032577927133 ], [ -2.447575338516357, 56.715041752698951 ], [ -2.447575517748133, 56.715050970426049 ], [ -2.447575385392317, 56.715060227087143 ], [ -2.447574960809111, 56.715069518661011 ], [ -2.447574263358737, 56.715078841126363 ], [ -2.447573312401432, 56.715088190461962 ], [ -2.44757212729746, 56.715097562646555 ], [ -2.447570727407091, 56.715106953658875 ], [ -2.447569132090626, 56.715116359477641 ], [ -2.447567360708376, 56.715125776081628 ], [ -2.44756543262068, 56.715135199449563 ], [ -2.447563367187889, 56.715144625560185 ], [ -2.447561183770381, 56.715154050392208 ], [ -2.447558901728553, 56.715163469924427 ], [ -2.447556540422818, 56.715172880135555 ], [ -2.447554119213615, 56.715182277004359 ], [ -2.4475516574614, 56.715191656509539 ], [ -2.447549174526651, 56.715201014629898 ], [ -2.447546689769867, 56.715210347344154 ], [ -2.447544222551564, 56.715219650631063 ], [ -2.447541792232282, 56.715228920469379 ], [ -2.447539418172577, 56.71523815283787 ], [ -2.447537119733032, 56.715247343715269 ], [ -2.447534916274241, 56.715256489080325 ], [ -2.44753282715682, 56.715265584911826 ], [ -2.447530871741409, 56.715274627188521 ], [ -2.447529069388657, 56.71528361188917 ], [ -2.447527439459236, 56.715292534992514 ], [ -2.44752600131384, 56.715301392477336 ], [ -2.447524774313171, 56.715310180322398 ], [ -2.447523777817952, 56.715318894506439 ], [ -2.447523031188923, 56.715327531008242 ], [ -2.447522553786838, 56.715336085806548 ], [ -2.44752236497246, 56.715344554880133 ], [ -2.447522484106578, 56.715352934207729 ], [ -2.447522930549981, 56.715361219768106 ], [ -2.447523723663479, 56.71536940754001 ], [ -2.447524882807888, 56.715377493502196 ], [ -2.447526427344035, 56.71538547363339 ], [ -2.447528376632759, 56.715393343912346 ], [ -2.447530750034907, 56.715401100317806 ], [ -2.447533566911337, 56.715408738828451 ], [ -2.447536846622898, 56.715416255423072 ], [ -2.447540608530463, 56.715423646080332 ], [ -2.447544871994898, 56.715430906778955 ], [ -2.447549656377078, 56.715438033497641 ], [ -2.447554981037874, 56.715445022215093 ], [ -2.447560865338164, 56.715451868909959 ], [ -2.447567328638816, 56.715458569560937 ], [ -2.447574390300705, 56.715465120146661 ], [ -2.447582066279115, 56.715471517430629 ], [ -2.447590333973151, 56.715477767061941 ], [ -2.447599146389166, 56.715483880311197 ], [ -2.447608456148047, 56.71548986853788 ], [ -2.447618215870667, 56.715495743101414 ], [ -2.447628378177866, 56.715501515361268 ], [ -2.447638895690458, 56.715507196676938 ], [ -2.447649721029236, 56.715512798407886 ], [ -2.447660806814982, 56.715518331913628 ], [ -2.447672105668451, 56.715523808553677 ], [ -2.44768357021038, 56.715529239687591 ], [ -2.447695153061502, 56.715534636674882 ], [ -2.447706806842527, 56.715540010875138 ], [ -2.447718484174158, 56.715545373647956 ], [ -2.447730137677078, 56.71555073635291 ], [ -2.447741719971962, 56.715556110349645 ], [ -2.447753183679473, 56.71556150699778 ], [ -2.447764481420256, 56.71556693765698 ], [ -2.447775565814945, 56.715572413686907 ], [ -2.447786389484158, 56.715577946447283 ], [ -2.447796905048497, 56.715583547297754 ], [ -2.447807065128543, 56.715589227598095 ], [ -2.447816822344856, 56.715594998707985 ], [ -2.447826129317978, 56.715600871987185 ], [ -2.447834938668425, 56.715606858795454 ], [ -2.447843203016681, 56.715612970492543 ], [ -2.447850874983203, 56.715619218438206 ], [ -2.447857907188407, 56.715625613992231 ], [ -2.447864252252683, 56.715632168514361 ], [ -2.447869862796369, 56.715638893364392 ], [ -2.447874691439759, 56.715645799902056 ], [ -2.447878690803098, 56.715652899487125 ], [ -2.447881813506578, 56.715660203479366 ], [ -2.447884022341316, 56.71566772095818 ], [ -2.447885344637552, 56.715675446533687 ], [ -2.447885832959828, 56.715683369158491 ], [ -2.447885539931, 56.715691477772175 ], [ -2.447884518173943, 56.715699761314269 ], [ -2.44788282031156, 56.715708208724301 ], [ -2.447880498966787, 56.715716808941785 ], [ -2.44787760676259, 56.715725550906249 ], [ -2.447874196321977, 56.715734423557201 ], [ -2.447870320267995, 56.715743415834126 ], [ -2.44786603122374, 56.715752516676581 ], [ -2.447861381812353, 56.71576171502403 ], [ -2.447856424657029, 56.715770999816037 ], [ -2.447851212381015, 56.715780359992074 ], [ -2.447845797607608, 56.715789784491733 ], [ -2.447840232960171, 56.715799262254507 ], [ -2.447834571062119, 56.715808782219931 ], [ -2.447828864536925, 56.715818333327611 ], [ -2.447823166008128, 56.715827904517084 ], [ -2.447817528099317, 56.715837484727921 ], [ -2.447812003434153, 56.715847062899726 ], [ -2.447806644636353, 56.715856627972045 ], [ -2.447801497519104, 56.715866169979229 ], [ -2.447796566543216, 56.715875685602306 ], [ -2.447791840646093, 56.715885174017501 ], [ -2.447787308737464, 56.715894634405416 ], [ -2.447782959727038, 56.715904065946717 ], [ -2.447778782524511, 56.715913467822027 ], [ -2.447774766039577, 56.71592283921197 ], [ -2.447770899181908, 56.715932179297212 ], [ -2.447767170861171, 56.715941487258362 ], [ -2.447763569987021, 56.715950762276037 ], [ -2.447760085469099, 56.715960003530896 ], [ -2.447756706217035, 56.715969210203525 ], [ -2.44775342114045, 56.715978381474592 ], [ -2.447750219148955, 56.715987516524685 ], [ -2.447747089152144, 56.715996614534433 ], [ -2.447744020059607, 56.71600567468446 ], [ -2.447741000780916, 56.716014696155391 ], [ -2.447738020225644, 56.716023678127833 ], [ -2.447735067303337, 56.716032619782411 ], [ -2.447732130923545, 56.716041520299733 ], [ -2.4477291999958, 56.716050378860423 ], [ -2.447726263429627, 56.716059194645084 ], [ -2.447723310134538, 56.716067966834338 ], [ -2.447720329020037, 56.71607669460878 ], [ -2.447717308995618, 56.716085377149042 ], [ -2.447714238970762, 56.716094013635733 ], [ -2.447711107854949, 56.716102603249432 ], [ -2.44770790455764, 56.716111145170778 ], [ -2.44770461798829, 56.716119638580366 ], [ -2.447701237056348, 56.716128082658805 ], [ -2.447697750671249, 56.716136476586669 ], [ -2.447694147742423, 56.716144819544603 ], [ -2.447690417179288, 56.716153110713179 ], [ -2.44768654789126, 56.716161349273015 ], [ -2.44768252878774, 56.716169534404692 ], [ -2.447678348778121, 56.716177665288811 ], [ -2.447673996771794, 56.71618574110596 ], [ -2.447669461678136, 56.716193761036727 ], [ -2.447664732406522, 56.716201724261715 ], [ -2.447659797866313, 56.716209629961483 ], [ -2.447654646966869, 56.716217477316647 ], [ -2.447649268617539, 56.716225265507774 ], [ -2.447643651727672, 56.71623299371543 ], [ -2.447637785206602, 56.716240661120196 ], [ -2.447631657963661, 56.716248266902639 ], [ -2.447625258908178, 56.716255810243325 ], [ -2.447618576949468, 56.716263290322836 ], [ -2.447611600996851, 56.716270706321708 ], [ -2.44760431995963, 56.716278057420496 ], [ -2.447596722747116, 56.716285342799743 ], [ -2.447588798268605, 56.716292561640017 ], [ -2.447580535433392, 56.716299713121828 ], [ -2.447571923150772, 56.716306796425734 ], [ -2.447562950330028, 56.716313810732245 ], [ -2.447553607091656, 56.716320755382448 ], [ -2.447543894748204, 56.716327631200905 ], [ -2.447533820662605, 56.716334439814226 ], [ -2.447523392257062, 56.716341182856837 ], [ -2.447512616953777, 56.716347861963165 ], [ -2.447501502174966, 56.716354478767684 ], [ -2.447490055342848, 56.716361034904779 ], [ -2.44747828387965, 56.71636753200891 ], [ -2.447466195207604, 56.716373971714503 ], [ -2.447453796748948, 56.716380355656021 ], [ -2.447441095925926, 56.71638668546786 ], [ -2.447428100160788, 56.716392962784475 ], [ -2.447414816875789, 56.71639918924032 ], [ -2.447401253493191, 56.716405366469822 ], [ -2.447387417435253, 56.716411496107398 ], [ -2.447373316124251, 56.716417579787517 ], [ -2.447358956982455, 56.716423619144635 ], [ -2.447344347432143, 56.716429615813169 ], [ -2.447329494895598, 56.716435571427574 ], [ -2.447314406795102, 56.716441487622291 ], [ -2.447299090552947, 56.716447366031808 ], [ -2.447283554420161, 56.716453208297736 ], [ -2.447267836197552, 56.716459016318538 ], [ -2.447252010596632, 56.716464792313417 ], [ -2.447236154652747, 56.716470538521804 ], [ -2.44722034540129, 56.716476257183196 ], [ -2.447204659877686, 56.716481950537087 ], [ -2.447189175117417, 56.716487620823031 ], [ -2.447173968155996, 56.716493270280637 ], [ -2.447159116028983, 56.716498901149535 ], [ -2.44714469577198, 56.716504515669378 ], [ -2.447130784420628, 56.716510116079853 ], [ -2.447117459010612, 56.716515704620683 ], [ -2.447104796563801, 56.716521283539755 ], [ -2.447092874126286, 56.716526855070761 ], [ -2.447081768737466, 56.716532421451383 ], [ -2.447071557433184, 56.716537984921445 ], [ -2.447062317249321, 56.716543547720732 ], [ -2.447054125221797, 56.716549112089091 ], [ -2.447047058386584, 56.716554680266327 ], [ -2.447041193779693, 56.716560254492236 ], [ -2.447036608437181, 56.716565837006584 ], [ -2.447033379395146, 56.716571430049143 ], [ -2.447031583689738, 56.716577035859643 ], [ -2.447031298357151, 56.716582656677744 ], [ -2.44703260043363, 56.716588294743069 ], [ -2.447035566955468, 56.716593952295192 ], [ -2.447040262526583, 56.716599631113084 ], [ -2.44704659651598, 56.716605327225373 ], [ -2.447054372810202, 56.716611032753377 ], [ -2.447063393281836, 56.716616739743749 ], [ -2.447073459803348, 56.716622440243263 ], [ -2.447084374247069, 56.716628126298602 ], [ -2.447095938485203, 56.716633789956596 ], [ -2.447107954389828, 56.716639423264063 ], [ -2.447120223832893, 56.716645018267947 ], [ -2.447132548686215, 56.716650567015236 ], [ -2.447144730821484, 56.716656061552989 ], [ -2.447156572110274, 56.716661493928378 ], [ -2.447167874424035, 56.716666856188603 ], [ -2.447178439634096, 56.716672140380943 ], [ -2.447188069611685, 56.716677338552735 ], [ -2.447196566227921, 56.71668244275137 ], [ -2.447203731353821, 56.716687445024277 ], [ -2.447209366860319, 56.716692337418849 ], [ -2.447213274618265, 56.716697111982462 ], [ -2.447215256498435, 56.716701760762504 ], [ -2.447215114931762, 56.716706275843592 ], [ -2.447212766984765, 56.716710656954795 ], [ -2.447208383491733, 56.716714920747641 ], [ -2.44720216931575, 56.716719086142788 ], [ -2.447194329320002, 56.716723172060874 ], [ -2.447185068367771, 56.716727197422486 ], [ -2.447174591322429, 56.716731181148241 ], [ -2.447163103047415, 56.716735142158782 ], [ -2.447150808406243, 56.716739099374792 ], [ -2.447137912262483, 56.716743071717033 ], [ -2.44712461947977, 56.716747078106316 ], [ -2.447111134921794, 56.716751137463575 ], [ -2.447097663452302, 56.716755268709768 ], [ -2.447084409935112, 56.716759490766023 ], [ -2.4470715792341, 56.716763822553467 ], [ -2.44705937621322, 56.716768282993378 ], [ -2.447048005736509, 56.716772891007082 ], [ -2.447037672668098, 56.716777665515956 ], [ -2.447028581872221, 56.716782625441446 ], [ -2.447020938213241, 56.716787789704988 ], [ -2.447014946555656, 56.71679317722807 ], [ -2.447010800356338, 56.716798806099298 ], [ -2.447008507824926, 56.716804680883335 ], [ -2.447007926737175, 56.716810795162367 ], [ -2.447008910518443, 56.71681714220091 ], [ -2.447011312594057, 56.716823715263367 ], [ -2.447014986389287, 56.716830507614191 ], [ -2.447019785329342, 56.71683751251777 ], [ -2.447025562839362, 56.716844723238466 ], [ -2.447032172344403, 56.716852133040639 ], [ -2.447039467269436, 56.716859735188692 ], [ -2.447047301039325, 56.71686752294702 ], [ -2.447055527078828, 56.716875489580076 ], [ -2.447063998812591, 56.716883628352313 ], [ -2.447072571787413, 56.716891930547938 ], [ -2.447081111043167, 56.716900378593017 ], [ -2.447089484272928, 56.716908952437826 ], [ -2.447097559169755, 56.716917632032583 ], [ -2.447105203426565, 56.716926397327484 ], [ -2.447112284736129, 56.716935228272803 ], [ -2.447118670791078, 56.716944104818815 ], [ -2.447124229283899, 56.716953006915809 ], [ -2.447128827906937, 56.716961914514094 ], [ -2.447132334352407, 56.716970807563975 ], [ -2.447134643530517, 56.716979668848957 ], [ -2.447135795105379, 56.716988496220559 ], [ -2.44713587667412, 56.716997292519736 ], [ -2.447134975864852, 56.717006060590663 ], [ -2.447133180305774, 56.717014803277486 ], [ -2.447130577625165, 56.717023523424352 ], [ -2.447127255451394, 56.71703222387535 ], [ -2.447123301412906, 56.717040907474633 ], [ -2.447118803138224, 56.717049577066291 ], [ -2.447113848255962, 56.717058235494477 ], [ -2.447108524394798, 56.717066885603302 ], [ -2.447102919183502, 56.717075530236933 ], [ -2.447097120250913, 56.717084172239524 ], [ -2.447091215225954, 56.717092814455235 ], [ -2.447085291737624, 56.717101459728276 ], [ -2.447079437414994, 56.717110110902851 ], [ -2.447073739887226, 56.717118770823198 ], [ -2.447068286783546, 56.717127442333528 ], [ -2.447063165733272, 56.717136128278121 ], [ -2.447058464365787, 56.717144831501237 ], [ -2.447054270310568, 56.717153554847194 ], [ -2.447050665122998, 56.717162300952872 ], [ -2.447047657541948, 56.717171069969545 ], [ -2.447045208259454, 56.717179860408315 ], [ -2.447043277117336, 56.71718867075122 ], [ -2.447041823957378, 56.717197499480321 ], [ -2.447040808621331, 56.717206345077642 ], [ -2.447040190950911, 56.717215206025237 ], [ -2.447039930787792, 56.717224080805124 ], [ -2.447039987973617, 56.717232967899328 ], [ -2.447040322349994, 56.717241865789873 ], [ -2.447040893758484, 56.717250772958785 ], [ -2.447041662040623, 56.717259687888074 ], [ -2.447042587037898, 56.717268609059765 ], [ -2.447043628591767, 56.717277534955869 ], [ -2.447044746543649, 56.717286464058411 ], [ -2.44704590073492, 56.717295394849408 ], [ -2.447047051006924, 56.717304325810893 ], [ -2.447048157200964, 56.717313255424891 ], [ -2.447049179158306, 56.717322182173383 ], [ -2.447050077332723, 56.717331104562028 ], [ -2.447050831286534, 56.717340021831696 ], [ -2.44705144298193, 56.71734893408528 ], [ -2.447051915657122, 56.717357841474765 ], [ -2.447052252550325, 56.717366744152137 ], [ -2.447052456899752, 56.717375642269374 ], [ -2.447052531943629, 56.717384535978439 ], [ -2.447052480920175, 56.717393425431339 ], [ -2.44705230706762, 56.717402310780052 ], [ -2.447052013624193, 56.717411192176534 ], [ -2.447051603828126, 56.7174200697728 ], [ -2.447051080917656, 56.717428943720819 ], [ -2.447050448131019, 56.717437814172534 ], [ -2.447049708706462, 56.717446681279981 ], [ -2.447048865882227, 56.717455545195108 ], [ -2.447047922896561, 56.717464406069894 ], [ -2.44704688298772, 56.717473264056331 ], [ -2.447045749393956, 56.717482119306389 ], [ -2.447044525353523, 56.71749097197204 ], [ -2.447043214104685, 56.717499822205262 ], [ -2.447041818885704, 56.717508670158061 ], [ -2.447040342934848, 56.717517515982387 ], [ -2.447038789490384, 56.717526359830224 ], [ -2.447037161790587, 56.717535201853551 ], [ -2.447035463073731, 56.717544042204366 ], [ -2.447033696578095, 56.717552881034621 ], [ -2.447031865541959, 56.717561718496306 ], [ -2.44702997320361, 56.717570554741407 ], [ -2.447028022801331, 56.717579389921887 ], [ -2.447026017573414, 56.717588224189733 ], [ -2.447023960758158, 56.717597057696942 ], [ -2.447021855593853, 56.717605890595465 ], [ -2.447019705318799, 56.7176147230373 ], [ -2.447017513171303, 56.717623555174427 ], [ -2.447015282389665, 56.717632387158801 ], [ -2.447013016212195, 56.717641219142436 ], [ -2.447010717877204, 56.717650051277303 ], [ -2.447008390623005, 56.717658883715366 ], [ -2.447006037687918, 56.717667716608624 ], [ -2.447003662310262, 56.717676550109054 ], [ -2.44700126772836, 56.717685384368629 ], [ -2.446998857180536, 56.717694219539347 ], [ -2.446996433905124, 56.717703055773185 ], [ -2.44699400114045, 56.717711893222123 ], [ -2.446991562124852, 56.717720732038124 ], [ -2.446989120096669, 56.717729572373202 ], [ -2.446986678294239, 56.717738414379333 ], [ -2.446984239955909, 56.717747258208483 ], [ -2.446981808305514, 56.717756104011841 ], [ -2.446979385372572, 56.717764951873676 ], [ -2.446976971120444, 56.717773801762533 ], [ -2.446974565307025, 56.717782653635417 ], [ -2.4469721676902, 56.717791507449355 ], [ -2.446969778027862, 56.717800363161416 ], [ -2.446967396077901, 56.717809220728597 ], [ -2.446965021598207, 56.717818080107918 ], [ -2.446962654346668, 56.71782694125644 ], [ -2.446960294081175, 56.717835804131155 ], [ -2.446957940559616, 56.717844668689111 ], [ -2.446955593539881, 56.717853534887325 ], [ -2.446953252779856, 56.717862402682833 ], [ -2.446950918037435, 56.717871272032674 ], [ -2.4469485890705, 56.717880142893847 ], [ -2.446946265636942, 56.717889015223399 ], [ -2.446943947494649, 56.717897888978371 ], [ -2.446941634401511, 56.717906764115767 ], [ -2.446939326115409, 56.717915640592615 ], [ -2.446937022394236, 56.717924518365962 ], [ -2.446934722995875, 56.717933397392827 ], [ -2.446932427678217, 56.717942277630222 ], [ -2.446930136199146, 56.717951159035188 ], [ -2.446927848316548, 56.717960041564758 ], [ -2.44692556378831, 56.717968925175953 ], [ -2.446923282372317, 56.717977809825804 ], [ -2.446921003826457, 56.717986695471339 ], [ -2.446918727908612, 56.717995582069598 ], [ -2.446916454376671, 56.718004469577565 ], [ -2.446914182988516, 56.718013357952316 ], [ -2.446911913502032, 56.718022247150856 ], [ -2.446909645675105, 56.718031137130211 ], [ -2.446907379265621, 56.718040027847415 ], [ -2.446905114031462, 56.718048919259502 ], [ -2.446902849730511, 56.71805781132349 ], [ -2.446900586120652, 56.718066703996399 ], [ -2.446898322959771, 56.71807559723527 ], [ -2.44689606000575, 56.718084490997128 ], [ -2.446893797016471, 56.718093385239001 ], [ -2.446891533749819, 56.718102279917915 ], [ -2.446889269963674, 56.718111174990895 ], [ -2.44688700541592, 56.718120070414962 ], [ -2.446884739864442, 56.718128966147155 ], [ -2.446882473067116, 56.718137862144502 ], [ -2.446880204781829, 56.718146758364014 ], [ -2.446877934766458, 56.718155654762747 ], [ -2.446875662778889, 56.718164551297697 ], [ -2.446873388577001, 56.718173447925921 ], [ -2.446871111918676, 56.718182344604422 ], [ -2.446868832561793, 56.718191241290242 ], [ -2.446866550264231, 56.718200137940393 ], [ -2.446864264783876, 56.718209034511922 ], [ -2.446861975878605, 56.718217930961835 ], [ -2.446859683306297, 56.718226827247179 ], [ -2.446857386824831, 56.718235723324973 ], [ -2.446855086192088, 56.718244619152237 ], [ -2.446852781165947, 56.718253514685998 ], [ -2.446850471504287, 56.718262409883302 ], [ -2.446848156964988, 56.718271304701169 ], [ -2.446845837305926, 56.718280199096611 ], [ -2.446843512284981, 56.718289093026662 ], [ -2.446841181660029, 56.718297986448356 ], [ -2.44683884518895, 56.718306879318718 ], [ -2.446836502629624, 56.718315771594781 ], [ -2.446834153739924, 56.718324663233545 ], [ -2.446831798277731, 56.718333554192064 ], [ -2.446829436000918, 56.718342444427364 ], [ -2.446827066667364, 56.718351333896457 ], [ -2.446824690034946, 56.718360222556377 ], [ -2.446822305861542, 56.718369110364151 ], [ -2.446819913905024, 56.718377997276811 ], [ -2.446817513923271, 56.71838688325137 ], [ -2.446815105674158, 56.718395768244861 ], [ -2.446812688915562, 56.718404652214318 ], [ -2.446810263405354, 56.718413535116753 ], [ -2.446807828901416, 56.718422416909227 ], [ -2.446805385161617, 56.718431297548726 ], [ -2.446802931943833, 56.718440176992303 ], [ -2.446800469005941, 56.718449055196956 ], [ -2.446797996105813, 56.71845793211974 ], [ -2.446795513001321, 56.718466807717689 ], [ -2.446793019450345, 56.71847568194778 ], [ -2.446790515210754, 56.718484554767095 ], [ -2.446788000040422, 56.718493426132632 ], [ -2.446785473697223, 56.718502296001418 ], [ -2.446782935939028, 56.718511164330486 ], [ -2.446780386523713, 56.718520031076864 ], [ -2.446777825209151, 56.718528896197583 ], [ -2.446775251753209, 56.718537759649656 ], [ -2.446772665913765, 56.718546621390097 ], [ -2.446770067448688, 56.718555481375979 ], [ -2.446767456115851, 56.718564339564281 ], [ -2.446764831673125, 56.718573195912064 ], [ -2.446762193878378, 56.718582050376327 ], [ -2.446759542489487, 56.718590902914116 ], [ -2.446756877264319, 56.718599753482444 ], [ -2.446754197960748, 56.71860860203833 ], [ -2.446751504336642, 56.718617448538829 ], [ -2.44674879614987, 56.718626292940939 ], [ -2.446746073158304, 56.718635135201708 ], [ -2.446743335119814, 56.718643975278127 ], [ -2.44674058179227, 56.718652813127278 ], [ -2.446737812933539, 56.718661648706139 ], [ -2.446735028301493, 56.718670481971756 ], [ -2.446732227653999, 56.71867931288115 ], [ -2.446729410748927, 56.718688141391354 ], [ -2.446726577344146, 56.718696967459394 ], [ -2.446723727197523, 56.718705791042268 ], [ -2.446720860066928, 56.718714612097045 ], [ -2.446717975710227, 56.718723430580717 ], [ -2.446715073885289, 56.718732246450351 ], [ -2.446712154349981, 56.718741059662904 ], [ -2.446709216862173, 56.718749870175465 ], [ -2.446706261179727, 56.718758677945026 ], [ -2.446703287060515, 56.718767482928634 ], [ -2.446700294262401, 56.718776285083308 ], [ -2.446697282543251, 56.718785084366061 ], [ -2.446694251660934, 56.718793880733919 ], [ -2.446691201373316, 56.71880267414393 ], [ -2.446688131438258, 56.718811464553106 ], [ -2.446685041613633, 56.718820251918466 ], [ -2.446681931657302, 56.718829036197043 ], [ -2.44667880132713, 56.71883781734585 ], [ -2.446675650380986, 56.718846595321942 ], [ -2.446672478576732, 56.718855370082323 ], [ -2.446669285672233, 56.718864141584007 ], [ -2.446666071425353, 56.718872909784039 ], [ -2.446662835593959, 56.718881674639448 ], [ -2.446659577935912, 56.718890436107245 ], [ -2.446656298209079, 56.718899194144456 ], [ -2.446652996171322, 56.718907948708107 ], [ -2.446649671580506, 56.718916699755226 ], [ -2.446646324194491, 56.718925447242846 ], [ -2.446642953771143, 56.718934191127971 ], [ -2.446639560068327, 56.718942931367643 ], [ -2.446636142843901, 56.718951667918901 ], [ -2.446632701855729, 56.71896040073873 ], [ -2.446629236861675, 56.718969129784185 ], [ -2.446625747619602, 56.718977855012291 ], [ -2.44662223388737, 56.718986576380047 ], [ -2.446618695422841, 56.7189952938445 ], [ -2.446615131983878, 56.71900400736267 ], [ -2.44661154332834, 56.719012716891569 ], [ -2.446607929214092, 56.719021422388245 ], [ -2.44660428939899, 56.719030123809709 ], [ -2.4466006236409, 56.719038821112989 ], [ -2.446596931697679, 56.719047514255109 ], [ -2.446593213327191, 56.719056203193091 ], [ -2.446589468287294, 56.71906488788396 ], [ -2.446585696335849, 56.719073568284735 ], [ -2.446581897230715, 56.719082244352457 ], [ -2.446578070729752, 56.719090916044117 ], [ -2.446574216590819, 56.719099583316776 ], [ -2.446570334571777, 56.719108246127455 ], [ -2.446566424430484, 56.719116904433157 ], [ -2.446562485924801, 56.71912555819091 ], [ -2.446558518812585, 56.719134207357754 ], [ -2.446554522851696, 56.719142851890687 ], [ -2.446550497799989, 56.71915149174675 ], [ -2.446546443415328, 56.719160126882969 ], [ -2.446542359455564, 56.719168757256377 ], [ -2.44653824567856, 56.719177382823965 ], [ -2.446534101842176, 56.719186003542781 ], [ -2.446529927704265, 56.719194619369851 ], [ -2.446525723022687, 56.719203230262181 ], [ -2.446521487555295, 56.719211836176804 ], [ -2.446517221059953, 56.71922043707076 ], [ -2.44651292329451, 56.719229032901033 ], [ -2.446508594016828, 56.719237623624693 ], [ -2.446504232984762, 56.719246209198722 ], [ -2.44649983995617, 56.719254789580162 ], [ -2.446495414693418, 56.719263364726636 ], [ -2.446490957543843, 56.71927193467355 ], [ -2.44648647001247, 56.719280499610257 ], [ -2.446481953740406, 56.719289059744177 ], [ -2.446477410368755, 56.71929761528277 ], [ -2.446472841538621, 56.719306166433483 ], [ -2.446468248891116, 56.719314713403726 ], [ -2.446463634067348, 56.719323256400962 ], [ -2.446458998708427, 56.719331795632627 ], [ -2.446454344455467, 56.719340331306171 ], [ -2.446449672949583, 56.719348863629016 ], [ -2.446444985831887, 56.719357392808625 ], [ -2.446440284743495, 56.719365919052436 ], [ -2.446435571325528, 56.71937444256789 ], [ -2.446430847219105, 56.719382963562417 ], [ -2.446426114065343, 56.719391482243488 ], [ -2.446421373505368, 56.71939999881851 ], [ -2.446416627180301, 56.719408513494955 ], [ -2.446411876731267, 56.719417026480258 ], [ -2.446407123799392, 56.719425537981877 ], [ -2.446402370025805, 56.719434048207226 ], [ -2.446397617051635, 56.71944255736377 ], [ -2.446392866518009, 56.719451065658966 ], [ -2.446388120066061, 56.719459573300227 ], [ -2.446383379336924, 56.719468080495027 ], [ -2.446378645971731, 56.719476587450785 ], [ -2.446373921611619, 56.719485094374988 ], [ -2.446369207897723, 56.719493601475037 ], [ -2.446364506471183, 56.719502108958402 ], [ -2.446359818973139, 56.719510617032533 ], [ -2.446355147044733, 56.719519125904853 ], [ -2.446350492327103, 56.719527635782853 ], [ -2.446345856461396, 56.719536146873928 ], [ -2.446341241088759, 56.719544659385583 ], [ -2.446336647850335, 56.719553173525213 ], [ -2.446332078387274, 56.719561689500296 ], [ -2.446327534340725, 56.719570207518267 ], [ -2.446323017351839, 56.71957872778659 ], [ -2.446318529061768, 56.719587250512689 ], [ -2.446314071111663, 56.71959577590404 ], [ -2.446309645142683, 56.71960430416808 ], [ -2.44630525279598, 56.719612835512265 ], [ -2.446300895712715, 56.719621370144026 ], [ -2.446296575534046, 56.719629908270839 ], [ -2.446292293901135, 56.719638450100142 ], [ -2.446288052455141, 56.719646995839383 ], [ -2.446283852837228, 56.719655545696014 ], [ -2.44627969668856, 56.719664099877498 ], [ -2.446275585650306, 56.719672658591264 ], [ -2.446271521363631, 56.719681222044777 ], [ -2.446267505469704, 56.7196897904455 ], [ -2.446263539609698, 56.719698364000855 ], [ -2.446259625424781, 56.719706942918307 ], [ -2.446255764556128, 56.719715527405313 ], [ -2.446251958644913, 56.71972411766933 ], [ -2.446248209332313, 56.719732713917807 ], [ -2.446244518259507, 56.719741316358167 ], [ -2.44624088706767, 56.719749925197902 ], [ -2.446237317397986, 56.719758540644463 ], [ -2.446233810891635, 56.719767162905278 ], [ -2.446230369189803, 56.719775792187825 ], [ -2.44622699393367, 56.719784428699512 ], [ -2.446223686764426, 56.719793072647839 ], [ -2.446220449323258, 56.719801724240241 ], [ -2.446217283251358, 56.719810383684184 ], [ -2.44621419018991, 56.719819051187102 ], [ -2.446211171780116, 56.71982772695646 ], [ -2.446208229663164, 56.719836411199708 ], [ -2.44620536548025, 56.719845104124303 ], [ -2.44620258087257, 56.719853805937689 ], [ -2.446199877481325, 56.719862516847328 ], [ -2.446197256947717, 56.719871237060659 ], [ -2.44619472091294, 56.719879966785157 ], [ -2.446192271018204, 56.719888706228261 ], [ -2.446189908904713, 56.719897455597433 ], [ -2.446187636213672, 56.719906215100117 ], [ -2.446185454586292, 56.719914984943763 ], [ -2.446183365663776, 56.719923765335842 ], [ -2.446181371087342, 56.719932556483784 ], [ -2.446179472498201, 56.719941358595065 ], [ -2.446177671537566, 56.719950171877123 ], [ -2.446175969844335, 56.719958996537059 ], [ -2.446174359104179, 56.719967831242784 ], [ -2.446172798270752, 56.719976669600527 ], [ -2.44617123957908, 56.719985504177494 ], [ -2.446169635264146, 56.719994327540952 ], [ -2.446167937560896, 56.720003132258142 ], [ -2.446166098704221, 56.720011910896304 ], [ -2.44616407092898, 56.720020656022633 ], [ -2.446161806469987, 56.720029360204386 ], [ -2.446159257562018, 56.720038016008772 ], [ -2.446156376439804, 56.720046616003003 ], [ -2.446153115338041, 56.720055152754313 ], [ -2.446149426491389, 56.720063618829876 ], [ -2.446145262134472, 56.720072006796862 ], [ -2.446140574501882, 56.72008030922251 ], [ -2.446135315828174, 56.720088518673933 ], [ -2.446129438347882, 56.720096627718291 ], [ -2.446122894295505, 56.720104628922719 ], [ -2.446115635905524, 56.720112514854343 ], [ -2.446107615412395, 56.72012027808023 ], [ -2.446098785050558, 56.720127911167438 ], [ -2.446089113986145, 56.720135408954128 ], [ -2.446078657103778, 56.720142777776161 ], [ -2.44606749635019, 56.720150027599352 ], [ -2.446055713682537, 56.720157168390898 ], [ -2.446043391058043, 56.720164210118043 ], [ -2.446030610433979, 56.720171162748073 ], [ -2.446017453767678, 56.720178036248249 ], [ -2.446004003016521, 56.720184840585901 ], [ -2.445990340137934, 56.720191585728372 ], [ -2.445976547089394, 56.720198281643086 ], [ -2.445962705828422, 56.720204938297435 ], [ -2.445948898312583, 56.720211565658879 ], [ -2.445935206499482, 56.720218173694953 ], [ -2.445921712346768, 56.720224772373143 ], [ -2.445908497812133, 56.72023137166105 ], [ -2.445895644853312, 56.720237981526274 ], [ -2.445883235428084, 56.72024461193643 ], [ -2.445871351494272, 56.720251272859201 ], [ -2.445860075009745, 56.720257974262267 ], [ -2.44584948793243, 56.720264726113342 ], [ -2.445839672220297, 56.720271538380153 ], [ -2.445830709831374, 56.720278421030422 ], [ -2.445822682723749, 56.720285384031946 ], [ -2.445815669771308, 56.720292437004716 ], [ -2.445809681495497, 56.720299581863081 ], [ -2.445804661471513, 56.720306812974101 ], [ -2.445800550471543, 56.720314124388842 ], [ -2.445797289267758, 56.720321510158371 ], [ -2.445794818632281, 56.72032896433366 ], [ -2.445793079337207, 56.720336480965706 ], [ -2.445792012154594, 56.720344054105496 ], [ -2.445791557856452, 56.720351677803954 ], [ -2.445791657214759, 56.720359346112055 ], [ -2.445792251001442, 56.720367053080729 ], [ -2.445793279988387, 56.7203747927609 ], [ -2.445794684947428, 56.7203825592035 ], [ -2.44579640665036, 56.720390346459467 ], [ -2.445798385868923, 56.720398148579712 ], [ -2.445800563374811, 56.720405959615171 ], [ -2.445802879939671, 56.720413773616784 ], [ -2.445805276335093, 56.720421584635481 ], [ -2.445807693332622, 56.720429386722202 ], [ -2.445810071703751, 56.72043717392787 ], [ -2.445812352219923, 56.720444940303452 ], [ -2.445814475652535, 56.720452679899886 ], [ -2.445816382772932, 56.720460386768146 ], [ -2.445818014352411, 56.720468054959198 ], [ -2.445819311162222, 56.720475678523961 ], [ -2.4458202262919, 56.720483253982579 ], [ -2.445820777326797, 56.72049079078311 ], [ -2.445821002889287, 56.720498302590443 ], [ -2.445820941613393, 56.720505803071717 ], [ -2.44582063213318, 56.72051330589413 ], [ -2.445820113082735, 56.720520824724858 ], [ -2.445819423096178, 56.720528373231083 ], [ -2.44581860080766, 56.720535965079975 ], [ -2.445817684851353, 56.720543613938744 ], [ -2.445816713861469, 56.720551333474518 ], [ -2.445815726472238, 56.720559137354527 ], [ -2.445814757775614, 56.720567037850749 ], [ -2.445813813038894, 56.720575035488544 ], [ -2.445812882589307, 56.720583124908984 ], [ -2.445811956642506, 56.720591300709202 ], [ -2.445811025414137, 56.720599557486345 ], [ -2.445810079119842, 56.720607889837559 ], [ -2.445809107975247, 56.720616292359956 ], [ -2.445808102195976, 56.72062475965069 ], [ -2.44580705199764, 56.720633286306885 ], [ -2.445805947595845, 56.720641866925682 ], [ -2.445804779206188, 56.720650496104213 ], [ -2.445803537044255, 56.72065916843961 ], [ -2.445802211325622, 56.720667878529007 ], [ -2.445800792265861, 56.720676620969556 ], [ -2.445799270080536, 56.720685390358348 ], [ -2.445797634985198, 56.720694181292558 ], [ -2.445795877195385, 56.72070298836929 ], [ -2.445793986926639, 56.720711806185683 ], [ -2.445791954394486, 56.72072062933885 ], [ -2.445789769814444, 56.720729452425942 ], [ -2.445787423402026, 56.72073827004408 ], [ -2.445784905757875, 56.720747076919963 ], [ -2.445782215931866, 56.720755870623087 ], [ -2.445779361201862, 56.720764651491272 ], [ -2.445776349186632, 56.720773419977057 ], [ -2.445773187504953, 56.720782176532964 ], [ -2.445769883775603, 56.720790921611524 ], [ -2.445766445617372, 56.720799655665246 ], [ -2.445762880649057, 56.720808379146675 ], [ -2.44575919648946, 56.720817092508327 ], [ -2.44575540075739, 56.720825796202753 ], [ -2.445751501071666, 56.720834490682456 ], [ -2.445747505051108, 56.720843176399981 ], [ -2.445743420314551, 56.720851853807851 ], [ -2.445739254480829, 56.720860523358603 ], [ -2.445735015168789, 56.720869185504789 ], [ -2.44573070999728, 56.720877840698897 ], [ -2.445726346585165, 56.7208864893935 ], [ -2.4457219325513, 56.720895132041115 ], [ -2.445717475514566, 56.720903769094271 ], [ -2.445712983093835, 56.720912401005542 ], [ -2.445708462907991, 56.720921028227444 ], [ -2.445703922575933, 56.720929651212501 ], [ -2.445699369716552, 56.720938270413271 ], [ -2.445694811948757, 56.720946886282299 ], [ -2.44569025689146, 56.720955499272137 ], [ -2.445685712163579, 56.720964109835315 ], [ -2.445681185384039, 56.720972718424377 ], [ -2.445676684171771, 56.720981325491863 ], [ -2.445672216145713, 56.72098993149033 ], [ -2.445667788924813, 56.720998536872344 ], [ -2.445663410128023, 56.721007142090428 ], [ -2.445659087374299, 56.721015747597164 ], [ -2.445654828282606, 56.721024353845088 ], [ -2.445650640471919, 56.721032961286724 ], [ -2.445646531561214, 56.721041570374688 ], [ -2.445642509169478, 56.721050181561495 ], [ -2.445638580915701, 56.721058795299683 ], [ -2.445634754418885, 56.721067412041847 ], [ -2.445631037298035, 56.721076032240553 ], [ -2.445630781867507, 56.721076644124949 ], [ -2.445631362330751, 56.721074307533414 ], [ -2.445633574679303, 56.72106549287939 ], [ -2.445635810037451, 56.721056679917567 ], [ -2.44563806923128, 56.721047868724995 ], [ -2.445640353086876, 56.721039059378747 ], [ -2.445642662430319, 56.721030251955924 ], [ -2.445644998087696, 56.721021446533562 ], [ -2.445647360885085, 56.721012643188736 ], [ -2.445649751648566, 56.721003841998524 ], [ -2.445652171204221, 56.720995043039999 ], [ -2.445654620378129, 56.720986246390204 ], [ -2.44565709999637, 56.720977452126249 ], [ -2.445659610885021, 56.720968660325155 ], [ -2.445662153870158, 56.720959871064025 ], [ -2.445664729777859, 56.720951084419923 ], [ -2.445667339434201, 56.720942300469893 ], [ -2.445669983665253, 56.720933519291044 ], [ -2.445672663297097, 56.720924740960406 ], [ -2.445675379155804, 56.720915965555079 ], [ -2.445678132067443, 56.720907193152094 ], [ -2.44568092285809, 56.720898423828558 ], [ -2.445683752353815, 56.720889657661509 ], [ -2.445686621380691, 56.720880894728026 ], [ -2.445689530764785, 56.720872135105182 ], [ -2.445692481332165, 56.720863378870035 ], [ -2.445695473908905, 56.720854626099651 ], [ -2.445698509321069, 56.720845876871117 ], [ -2.445701588394725, 56.720837131261483 ], [ -2.44570471195594, 56.720828389347808 ], [ -2.445707880830778, 56.720819651207165 ], [ -2.445711095845304, 56.720810916916641 ], [ -2.445714357825585, 56.720802186553264 ], [ -2.445717667597682, 56.720793460194145 ], [ -2.445721025987659, 56.720784737916311 ], [ -2.445724433821577, 56.720776019796858 ], [ -2.445727891925498, 56.720767305912815 ], [ -2.445731401125486, 56.720758596341298 ], [ -2.445734962247595, 56.720749891159322 ], [ -2.445738576117889, 56.720741190443995 ], [ -2.445742242073954, 56.720732494364519 ], [ -2.44574594751506, 56.720723803829479 ], [ -2.445749674099436, 56.720715120102888 ], [ -2.445753403448755, 56.720706444451132 ], [ -2.445757117184704, 56.720697778140519 ], [ -2.445760796928989, 56.720689122437385 ], [ -2.445764424303335, 56.720680478608081 ], [ -2.445767980929478, 56.720671847918972 ], [ -2.445771448429174, 56.720663231636344 ], [ -2.445774808424201, 56.720654631026605 ], [ -2.445778042536346, 56.720646047356063 ], [ -2.445781132387418, 56.72063748189111 ], [ -2.445784059599239, 56.720628935898048 ], [ -2.445786805793649, 56.720620410643264 ], [ -2.445789352592508, 56.720611907393121 ], [ -2.445791681617683, 56.720603427413948 ], [ -2.445793774491068, 56.720594971972105 ], [ -2.44579561283456, 56.720586542333969 ], [ -2.445797178270085, 56.72057813976587 ], [ -2.445798452419575, 56.720569765534179 ], [ -2.445799416904981, 56.720561420905241 ], [ -2.445800053348266, 56.720553107145435 ], [ -2.445800343371413, 56.720544825521074 ], [ -2.445800268596408, 56.720536577298517 ], [ -2.445799810645269, 56.720528363744116 ], [ -2.445798951140009, 56.720520186124219 ], [ -2.445797671702666, 56.720512045705156 ], [ -2.445795953955289, 56.720503943753251 ], [ -2.445793779519935, 56.720495881534823 ], [ -2.445791130018681, 56.720487860316233 ], [ -2.445787987073611, 56.720479881363765 ], [ -2.44578433230682, 56.720471945943729 ], [ -2.445780164595974, 56.720464053519422 ], [ -2.445775566175288, 56.720456194844388 ], [ -2.445770644416043, 56.720448358045608 ], [ -2.445765506694616, 56.720440531249622 ], [ -2.445760260387307, 56.720432702582876 ], [ -2.445755012870332, 56.720424860171903 ], [ -2.445749871519821, 56.720416992143235 ], [ -2.445744943711829, 56.720409086623427 ], [ -2.445740336822321, 56.720401131739024 ], [ -2.44573615822718, 56.720393115616638 ], [ -2.445732515302197, 56.720385026382829 ], [ -2.445729515423074, 56.720376852164186 ], [ -2.445727265965416, 56.720368581087321 ], [ -2.445725863200095, 56.72036020516115 ], [ -2.445725329068525, 56.720351742381183 ], [ -2.445725655002415, 56.720343221409536 ], [ -2.445726832340397, 56.720334670940858 ], [ -2.445728852421107, 56.720326119669771 ], [ -2.445731706583191, 56.720317596290862 ], [ -2.445735386165314, 56.72030912949873 ], [ -2.445739882506171, 56.720300747987977 ], [ -2.445745186944482, 56.720292480453111 ], [ -2.445751290819005, 56.720284355588731 ], [ -2.44575818331967, 56.720276400376385 ], [ -2.445765824069948, 56.720268618229028 ], [ -2.445774151187583, 56.72026099541646 ], [ -2.445783102305027, 56.720253517821632 ], [ -2.445792615054782, 56.72024617132751 ], [ -2.445802627069399, 56.720238941817001 ], [ -2.445813075981467, 56.720231815173122 ], [ -2.445823899423615, 56.720224777278808 ], [ -2.445835035028513, 56.720217814017111 ], [ -2.445846420428859, 56.72021091127101 ], [ -2.445857993257385, 56.720204054923578 ], [ -2.445869691146852, 56.720197230857885 ], [ -2.44588145173005, 56.720190424956989 ], [ -2.445893212639794, 56.720183623104035 ], [ -2.445904911508929, 56.720176811182149 ], [ -2.445916485970328, 56.720169975074491 ], [ -2.445927873656891, 56.720163100664223 ], [ -2.445939012201547, 56.720156173834582 ], [ -2.445949839237252, 56.720149180468773 ], [ -2.445960292397004, 56.720142106450062 ], [ -2.44597030931383, 56.72013493766169 ], [ -2.445979827620794, 56.720127659986964 ], [ -2.445988784951005, 56.720120259309148 ], [ -2.445997122866668, 56.720112722383021 ], [ -2.446004837148554, 56.720105047988817 ], [ -2.446011963093756, 56.72009724367134 ], [ -2.446018536895436, 56.720089317174136 ], [ -2.446024594746739, 56.720081276240698 ], [ -2.446030172840795, 56.720073128614594 ], [ -2.446035307370716, 56.720064882039274 ], [ -2.446040034529598, 56.720056544258227 ], [ -2.446044390510508, 56.720048123014934 ], [ -2.446048411506496, 56.720039626052859 ], [ -2.44605213371058, 56.720031061115478 ], [ -2.446055593315757, 56.720022435946234 ], [ -2.446058826515001, 56.720013758288559 ], [ -2.446061869501249, 56.720005035885912 ], [ -2.446064758467413, 56.719996276481716 ], [ -2.446067529606375, 56.719987487819424 ], [ -2.446070219110982, 56.71997867764243 ], [ -2.446072863174062, 56.719969853694181 ], [ -2.446075497988397, 56.719961023718106 ], [ -2.446078159746747, 56.719952195457616 ], [ -2.446080883707881, 56.719943376457969 ], [ -2.446083686407296, 56.719934570292509 ], [ -2.446086567072086, 56.719925776862667 ], [ -2.446089524278912, 56.719916995931975 ], [ -2.446092556604441, 56.7199082272639 ], [ -2.446095662625336, 56.719899470621954 ], [ -2.446098840918266, 56.719890725769588 ], [ -2.446102090059896, 56.719881992470327 ], [ -2.446105408626899, 56.719873270487639 ], [ -2.446108795195946, 56.719864559585048 ], [ -2.446112248343708, 56.719855859526 ], [ -2.446115766646855, 56.719847170074004 ], [ -2.44611934868207, 56.719838490992565 ], [ -2.446122993026024, 56.719829822045149 ], [ -2.446126698255395, 56.719821162995267 ], [ -2.446130462946863, 56.719812513606406 ], [ -2.446134285677105, 56.71980387364205 ], [ -2.446138165022809, 56.719795242865686 ], [ -2.446142099560651, 56.719786621040832 ], [ -2.446146087867318, 56.719778007930941 ], [ -2.446150128519497, 56.719769403299523 ], [ -2.44615422009387, 56.719760806910067 ], [ -2.446158361167129, 56.719752218526068 ], [ -2.446162550315959, 56.719743637911023 ], [ -2.446166786117058, 56.719735064828413 ], [ -2.446171067147105, 56.719726499041727 ], [ -2.446175391982804, 56.71971794031446 ], [ -2.446179759200846, 56.719709388410131 ], [ -2.446184167377921, 56.719700843092191 ], [ -2.446188615090732, 56.719692304124166 ], [ -2.446193100915973, 56.719683771269516 ], [ -2.446197623430345, 56.719675244291757 ], [ -2.446202181210545, 56.719666722954372 ], [ -2.446206772833277, 56.719658207020878 ], [ -2.446211396875242, 56.719649696254734 ], [ -2.446216051913144, 56.719641190419445 ], [ -2.446220736523687, 56.719632689278527 ], [ -2.44622544928358, 56.719624192595447 ], [ -2.446230188769524, 56.719615700133716 ], [ -2.446234953558233, 56.719607211656815 ], [ -2.446239742226415, 56.71959872692824 ], [ -2.446244553350778, 56.719590245711494 ], [ -2.446249385508037, 56.719581767770073 ], [ -2.446254237274904, 56.71957329286748 ], [ -2.446259107228091, 56.719564820767175 ], [ -2.446263993944317, 56.719556351232704 ], [ -2.446268896000295, 56.719547884027513 ], [ -2.446273811972745, 56.71953941891514 ], [ -2.446278740438385, 56.719530955659053 ], [ -2.446283679973932, 56.719522494022748 ], [ -2.446288629156111, 56.719514033769769 ], [ -2.446293586561644, 56.719505574663557 ], [ -2.446298550767252, 56.719497116467629 ], [ -2.44630352034966, 56.719488658945494 ], [ -2.446308493885593, 56.719480201860627 ], [ -2.446313469951781, 56.719471744976538 ], [ -2.44631844712495, 56.719463288056744 ], [ -2.446323423981827, 56.719454830864713 ], [ -2.446328399099143, 56.719446373163962 ], [ -2.446333371053631, 56.719437914717972 ], [ -2.446338338422022, 56.719429455290268 ], [ -2.446343299781052, 56.719420994644338 ], [ -2.446348253707452, 56.719412532543657 ], [ -2.44635319877796, 56.719404068751771 ], [ -2.446358133569311, 56.719395603032162 ], [ -2.446363056658246, 56.71938713514831 ], [ -2.446367966621505, 56.719378664863747 ], [ -2.446372862035824, 56.719370191941941 ], [ -2.446377741477947, 56.719361716146437 ], [ -2.446382603524619, 56.719353237240689 ], [ -2.446387446752582, 56.719344754988214 ], [ -2.446392269738578, 56.719336269152528 ], [ -2.446397071059358, 56.719327779497128 ], [ -2.446401849291668, 56.71931928578551 ], [ -2.446406603012257, 56.719310787781176 ], [ -2.446411330797872, 56.71930228524765 ], [ -2.446416031225267, 56.719293777948401 ], [ -2.446420702871193, 56.719285265646953 ], [ -2.446425344312403, 56.7192767481068 ], [ -2.44642995412565, 56.719268225091447 ], [ -2.446434530887694, 56.719259696364404 ], [ -2.446439073179781, 56.719251161689947 ], [ -2.446443580111766, 56.719242620922905 ], [ -2.44644805181217, 56.719234074092647 ], [ -2.446452488525442, 56.719225521248418 ], [ -2.446456890496036, 56.71921696243944 ], [ -2.446461257968405, 56.719208397714951 ], [ -2.446465591187001, 56.719199827124157 ], [ -2.446469890396272, 56.719191250716321 ], [ -2.446474155840674, 56.719182668540682 ], [ -2.446478387764654, 56.71917408064644 ], [ -2.446482586412669, 56.719165487082833 ], [ -2.446486752029167, 56.719156887899111 ], [ -2.446490884858597, 56.719148283144477 ], [ -2.446494985145413, 56.719139672868181 ], [ -2.446499053134065, 56.719131057119448 ], [ -2.446503089069, 56.719122435947511 ], [ -2.446507093194674, 56.719113809401613 ], [ -2.446511065755532, 56.71910517753097 ], [ -2.446515006996025, 56.719096540384818 ], [ -2.446518917160604, 56.719087898012383 ], [ -2.44652279649372, 56.71907925046289 ], [ -2.446526645239818, 56.719070597785588 ], [ -2.44653046364335, 56.71906194002969 ], [ -2.446534251948764, 56.719053277244441 ], [ -2.446538010400509, 56.719044609479063 ], [ -2.446541739243036, 56.719035936782795 ], [ -2.446545438720787, 56.719027259204857 ], [ -2.446549109078216, 56.71901857679449 ], [ -2.446552750559772, 56.719009889600898 ], [ -2.446556363409898, 56.719001197673343 ], [ -2.446559947873046, 56.718992501061052 ], [ -2.446563504193658, 56.718983799813238 ], [ -2.446567032616189, 56.718975093979132 ], [ -2.446570533385081, 56.718966383607977 ], [ -2.446574006744781, 56.718957668748992 ], [ -2.446577452939738, 56.718948949451423 ], [ -2.446580872214398, 56.718940225764484 ], [ -2.446584264813204, 56.718931497737415 ], [ -2.446587630980609, 56.718922765419428 ], [ -2.446590970961052, 56.718914028859778 ], [ -2.446594284998983, 56.718905288107678 ], [ -2.446597573338848, 56.718896543212367 ], [ -2.446600836225088, 56.718887794223072 ], [ -2.446604073902154, 56.718879041188998 ], [ -2.446607286614488, 56.718870284159415 ], [ -2.446610474606536, 56.718861523183534 ], [ -2.446613638122739, 56.718852758310575 ], [ -2.446616777407545, 56.718843989589786 ], [ -2.446619892705399, 56.718835217070392 ], [ -2.446622984260745, 56.718826440801614 ], [ -2.446626052318024, 56.718817660832691 ], [ -2.446629097121682, 56.71880887721283 ], [ -2.446632118916163, 56.718800089991269 ], [ -2.446635117945908, 56.71879129921728 ], [ -2.44663809445536, 56.718782504940044 ], [ -2.446641048688966, 56.71877370720879 ], [ -2.446643980891164, 56.718764906072764 ], [ -2.446646891306401, 56.718756101581214 ], [ -2.446649780179115, 56.718747293783316 ], [ -2.44665264775375, 56.718738482728334 ], [ -2.446655494274749, 56.718729668465514 ], [ -2.446658319986554, 56.718720851044047 ], [ -2.446661125133602, 56.718712030513181 ], [ -2.446663909960338, 56.71870320692215 ], [ -2.446666674711203, 56.718694380320166 ], [ -2.446669419630639, 56.718685550756469 ], [ -2.446672144963084, 56.718676718280271 ], [ -2.44667485095298, 56.718667882940835 ], [ -2.446677537844768, 56.718659044787373 ], [ -2.446680205882886, 56.718650203869096 ], [ -2.446682855311773, 56.718641360235253 ], [ -2.446685486375873, 56.718632513935063 ], [ -2.446688099319623, 56.718623665017766 ], [ -2.446690694387464, 56.718614813532589 ], [ -2.446693271823831, 56.718605959528716 ], [ -2.446695831873166, 56.718597103055451 ], [ -2.446698374779908, 56.718588244161985 ], [ -2.446700900788494, 56.718579382897531 ], [ -2.446703410143363, 56.718570519311342 ], [ -2.44670590308895, 56.718561653452646 ], [ -2.446708379869699, 56.71855278537064 ], [ -2.446710840730043, 56.718543915114594 ], [ -2.446713285914421, 56.718535042733706 ], [ -2.446715715667269, 56.718526168277229 ], [ -2.446718130233024, 56.718517291794356 ], [ -2.446720529856124, 56.718508413334348 ], [ -2.446722914781005, 56.718499532946439 ], [ -2.446725285252104, 56.718490650679819 ], [ -2.446727641513856, 56.71848176658375 ], [ -2.446729983810699, 56.718472880707424 ], [ -2.446732312387066, 56.71846399310013 ], [ -2.446734627487393, 56.718455103811024 ], [ -2.446736929356115, 56.718446212889383 ], [ -2.446739218237669, 56.718437320384432 ], [ -2.446741494376491, 56.718428426345376 ], [ -2.44674375801701, 56.71841953082145 ], [ -2.446746009403664, 56.718410633861893 ], [ -2.446748248780889, 56.718401735515926 ], [ -2.446750476393117, 56.718392835832773 ], [ -2.44675269248478, 56.71838393486167 ], [ -2.446754897300315, 56.718375032651842 ], [ -2.446757091084156, 56.718366129252516 ], [ -2.44675927408073, 56.718357224712918 ], [ -2.446761446534474, 56.718348319082274 ], [ -2.446763608689823, 56.718339412409819 ], [ -2.446765760791205, 56.718330504744792 ], [ -2.446767903083055, 56.718321596136384 ], [ -2.446770035809803, 56.718312686633851 ], [ -2.446772159215886, 56.718303776286412 ], [ -2.446774273545729, 56.718294865143299 ], [ -2.446776379043766, 56.718285953253748 ], [ -2.446778475954429, 56.718277040666962 ], [ -2.44678056452215, 56.718268127432196 ], [ -2.446782644991357, 56.71825921359865 ], [ -2.446784717606481, 56.718250299215569 ], [ -2.446786782611954, 56.718241384332174 ], [ -2.446788840252205, 56.718232468997705 ], [ -2.446790890771662, 56.718223553261382 ], [ -2.446792934414759, 56.718214637172437 ], [ -2.446794971425922, 56.71820572078007 ], [ -2.446797002049584, 56.718196804133534 ], [ -2.446799026530167, 56.71818788728207 ], [ -2.446801045112106, 56.718178970274863 ], [ -2.446803058039829, 56.718170053161174 ], [ -2.446805065557763, 56.718161135990236 ], [ -2.446807067910334, 56.718152218811241 ], [ -2.446809065341973, 56.71814330167345 ], [ -2.446811058097107, 56.718134384626069 ], [ -2.446813046420163, 56.71812546771833 ], [ -2.44681503055557, 56.718116550999483 ], [ -2.446817010747753, 56.718107634518724 ], [ -2.446818987241139, 56.718098718325301 ], [ -2.446820960280155, 56.718089802468413 ], [ -2.446822930109229, 56.718080886997321 ], [ -2.446824896972783, 56.71807197196123 ], [ -2.446826861115247, 56.718063057409381 ], [ -2.446828822781046, 56.718054143391001 ], [ -2.446830782214603, 56.718045229955315 ], [ -2.446832739660346, 56.71803631715153 ], [ -2.446834695362699, 56.718027405028899 ], [ -2.446836649566087, 56.718018493636627 ], [ -2.446838602514934, 56.718009583023957 ], [ -2.446840554453666, 56.718000673240134 ], [ -2.446842505626706, 56.71799176433435 ], [ -2.446844456278478, 56.717982856355853 ], [ -2.446846406653405, 56.717973949353841 ], [ -2.446848356995913, 56.717965043377582 ], [ -2.446850307550423, 56.717956138476289 ], [ -2.44685225856136, 56.717947234699174 ], [ -2.446854210273145, 56.717938332095471 ], [ -2.4468561629302, 56.717929430714413 ], [ -2.446858116776951, 56.717920530605227 ], [ -2.446860072057818, 56.717911631817138 ], [ -2.44686202901722, 56.717902734399367 ], [ -2.446863987899586, 56.717893838401139 ], [ -2.446865948949332, 56.717884943871702 ], [ -2.44686791241088, 56.717876050860262 ], [ -2.446869878528652, 56.717867159416045 ], [ -2.44687184754707, 56.717858269588291 ], [ -2.446873819710553, 56.717849381426227 ], [ -2.446875795263524, 56.717840494979065 ], [ -2.446877774450398, 56.717831610296038 ], [ -2.446879757515599, 56.717822727426366 ], [ -2.446881744703548, 56.717813846419304 ], [ -2.446883736258661, 56.717804967324049 ], [ -2.446885732425359, 56.717796090189836 ], [ -2.446887733448064, 56.717787215065897 ], [ -2.446889739571191, 56.717778342001452 ], [ -2.446891751039159, 56.717769471045742 ], [ -2.446893768096389, 56.717760602247971 ], [ -2.446895790987298, 56.71775173565738 ], [ -2.446897819956303, 56.717742871323196 ], [ -2.446899855208204, 56.717734009283618 ], [ -2.446901896607493, 56.717725149482135 ], [ -2.446903943845335, 56.717716291814057 ], [ -2.446905996611517, 56.717707436174258 ], [ -2.446908054595829, 56.717698582457629 ], [ -2.446910117488065, 56.717689730559087 ], [ -2.446912184978012, 56.717680880373486 ], [ -2.44691425675546, 56.717672031795757 ], [ -2.446916332510201, 56.717663184720777 ], [ -2.446918411932024, 56.717654339043449 ], [ -2.446920494710722, 56.717645494658655 ], [ -2.446922580536089, 56.717636651461291 ], [ -2.446924669097909, 56.717627809346261 ], [ -2.446926760085981, 56.717618968208441 ], [ -2.446928853190095, 56.717610127942756 ], [ -2.446930948100044, 56.717601288444058 ], [ -2.446933044505621, 56.717592449607274 ], [ -2.446935142096617, 56.717583611327278 ], [ -2.446937240562826, 56.717574773498981 ], [ -2.446939339594044, 56.717565936017273 ], [ -2.446941438880063, 56.717557098777036 ], [ -2.446943538110677, 56.717548261673187 ], [ -2.446945636975681, 56.717539424600595 ], [ -2.44694773516487, 56.717530587454156 ], [ -2.446949832368036, 56.717521750128796 ], [ -2.446951928274979, 56.717512912519361 ], [ -2.446954022575491, 56.717504074520782 ], [ -2.446956114959367, 56.717495236027951 ], [ -2.446958205116407, 56.717486396935733 ], [ -2.446960292736404, 56.717477557139055 ], [ -2.446962377509154, 56.717468716532807 ], [ -2.446964459124457, 56.717459875011855 ], [ -2.446966537272108, 56.717451032471125 ], [ -2.446968611641902, 56.717442188805499 ], [ -2.446970681923643, 56.717433343909867 ], [ -2.446972747807124, 56.717424497679126 ], [ -2.446974808982143, 56.717415650008185 ], [ -2.446976865138499, 56.717406800791927 ], [ -2.446978915965992, 56.717397949925228 ], [ -2.44698096115442, 56.717389097303027 ], [ -2.446983000393584, 56.71738024282017 ], [ -2.446985033373277, 56.717371386371582 ], [ -2.446987059783307, 56.717362527852131 ], [ -2.446989079313469, 56.71735366715675 ], [ -2.446991091653566, 56.717344804180314 ], [ -2.446993096493397, 56.717335938817712 ], [ -2.446995093522761, 56.717327070963854 ], [ -2.446997082431461, 56.71731820051361 ], [ -2.4469990629093, 56.717309327361889 ], [ -2.447001034646078, 56.717300451403602 ], [ -2.447002997331595, 56.717291572533611 ], [ -2.447004950655656, 56.717282690646833 ], [ -2.447006894308061, 56.71727380563815 ], [ -2.447008827978618, 56.717264917402474 ], [ -2.447010751357124, 56.717256025834686 ], [ -2.447012664133382, 56.717247130829683 ], [ -2.447014565997201, 56.717238232282369 ], [ -2.44701645663838, 56.717229330087619 ], [ -2.447018335746723, 56.717220424140351 ], [ -2.447020203012039, 56.717211514335439 ], [ -2.447022058124128, 56.717202600567802 ], [ -2.447023900772798, 56.717193682732315 ], [ -2.447025730647852, 56.717184760723867 ], [ -2.447027547439094, 56.717175834437384 ], [ -2.447029350836336, 56.717166903767726 ], [ -2.447031140529377, 56.717157968609811 ], [ -2.447032916208027, 56.717149028858536 ], [ -2.447034677562093, 56.717140084408769 ], [ -2.447036424281382, 56.717131135155434 ], [ -2.447038156055697, 56.717122180993414 ], [ -2.447039872574848, 56.717113221817598 ], [ -2.447041573528645, 56.717104257522884 ], [ -2.447043258606893, 56.717095288004195 ], [ -2.4470449274994, 56.717086313156393 ], [ -2.447046579895979, 56.717077332874361 ], [ -2.447048215486434, 56.717068347053043 ], [ -2.447049833960575, 56.717059355587295 ], [ -2.447051435008213, 56.717050358372028 ], [ -2.44705301831916, 56.717041355302122 ], [ -2.447054583583221, 56.717032346272497 ], [ -2.447056130490207, 56.717023331178027 ], [ -2.447057658729931, 56.717014309913623 ], [ -2.447059167992204, 56.717005282374146 ], [ -2.447060657966837, 56.716996248454542 ], [ -2.447062128343637, 56.71698720804968 ], [ -2.447063578812425, 56.716978161054463 ], [ -2.447065007164263, 56.716969107613615 ], [ -2.447066352714151, 56.716960055566695 ], [ -2.447067486659174, 56.716951021716767 ], [ -2.447068276355321, 56.716942023372361 ], [ -2.447068589158716, 56.71693307784205 ], [ -2.4470682924256, 56.716924202434356 ], [ -2.447067253512324, 56.716915414457837 ], [ -2.447065339775364, 56.716906731220973 ], [ -2.447062418571289, 56.716898170032302 ], [ -2.447058357256775, 56.716889748200266 ], [ -2.447053025028821, 56.71688148298098 ], [ -2.447046445196168, 56.716873387249962 ], [ -2.44703890917064, 56.716865466262036 ], [ -2.447030735217111, 56.716857724508799 ], [ -2.447022241600181, 56.716850166481912 ], [ -2.447013746584171, 56.716842796673099 ], [ -2.447005568433159, 56.716835619574198 ], [ -2.446998025410978, 56.716828639677082 ], [ -2.446991435781246, 56.716821861473726 ], [ -2.446986117807378, 56.716815289456164 ], [ -2.446982389752598, 56.716808928116421 ], [ -2.446980569879977, 56.716802781946498 ], [ -2.446980976452429, 56.716796855438368 ], [ -2.446983887654034, 56.716791151362713 ], [ -2.446989214374363, 56.716785656716773 ], [ -2.446996670264092, 56.716780350027371 ], [ -2.447005967085423, 56.716775209740149 ], [ -2.447016816600744, 56.716770214300752 ], [ -2.447028930572611, 56.716765342154893 ], [ -2.447042020763727, 56.716760571748281 ], [ -2.447055798936931, 56.71675588152678 ], [ -2.447069976855186, 56.716751249936372 ], [ -2.447084266281566, 56.716746655423094 ], [ -2.447098378979254, 56.716742076433185 ], [ -2.447112026711542, 56.716737491412992 ], [ -2.447124921241828, 56.716732878809012 ], [ -2.447136774333627, 56.716728217067782 ], [ -2.447147297750573, 56.71672348463597 ], [ -2.447156203256434, 56.716718659960343 ], [ -2.447163202615122, 56.716713721487636 ], [ -2.447168007590714, 56.716708647664589 ], [ -2.447170331880048, 56.716703417063968 ], [ -2.447170070094996, 56.71669802006101 ], [ -2.447167442829585, 56.71669246829741 ], [ -2.4471627048161, 56.716686775641854 ], [ -2.44715611078672, 56.716680955962936 ], [ -2.447147915473494, 56.716675023129206 ], [ -2.447138373608339, 56.716668991009243 ], [ -2.447127739923012, 56.716662873471648 ], [ -2.447116269149117, 56.716656684385036 ], [ -2.447104216018079, 56.716650437618171 ], [ -2.447091835261152, 56.716644147039808 ], [ -2.447079381609403, 56.716637826518841 ], [ -2.447067109793717, 56.716631489924296 ], [ -2.447055274544785, 56.71662515112525 ], [ -2.44704413059312, 56.716618823990899 ], [ -2.447033932669048, 56.716612522390506 ], [ -2.447024935502712, 56.71660626019338 ], [ -2.447017393824082, 56.716600051268919 ], [ -2.447011562341206, 56.716593909485248 ], [ -2.447007625130793, 56.716587844660985 ], [ -2.447005538640648, 56.71658185356398 ], [ -2.447005213550497, 56.716575930337967 ], [ -2.447006560540138, 56.71657006912659 ], [ -2.447009490289441, 56.716564264073448 ], [ -2.447013913478346, 56.71655850932207 ], [ -2.44701974078685, 56.71655279901595 ], [ -2.447026882895019, 56.716547127298568 ], [ -2.447035250482969, 56.716541488313311 ], [ -2.447044754230877, 56.716535876203636 ], [ -2.447055304818964, 56.716530285112967 ], [ -2.447066812927509, 56.716524709184696 ], [ -2.447079189236833, 56.716519142562291 ], [ -2.447092344417071, 56.716513579395148 ], [ -2.447106189151678, 56.716508013825013 ], [ -2.447120634128224, 56.716502439991189 ], [ -2.447135590027193, 56.716496852037217 ], [ -2.447150967529104, 56.716491244106678 ], [ -2.447166677314524, 56.716485610343206 ], [ -2.447182630064063, 56.716479944890445 ], [ -2.44719873645837, 56.716474241892108 ], [ -2.447214907178139, 56.716468495491924 ], [ -2.447231052904109, 56.716462699833691 ], [ -2.447247084317068, 56.71645684906126 ], [ -2.44726291209784, 56.716450937318513 ], [ -2.447278447585165, 56.716444958796849 ], [ -2.447293636378613, 56.716438910160733 ], [ -2.44730847438473, 56.716432791705785 ], [ -2.447322961526364, 56.716426604017549 ], [ -2.447337097726359, 56.716420347681584 ], [ -2.447350882907567, 56.716414023283427 ], [ -2.447364316992847, 56.716407631408593 ], [ -2.447377399905058, 56.716401172642648 ], [ -2.447390131567069, 56.7163946475711 ], [ -2.44740251190175, 56.716388056779493 ], [ -2.447414540831974, 56.716381400853329 ], [ -2.447426218280624, 56.716374680378152 ], [ -2.447437544170581, 56.71636789593947 ], [ -2.447448518424737, 56.716361048122813 ], [ -2.447459140965982, 56.716354137513683 ], [ -2.447469411717214, 56.716347164697581 ], [ -2.447479330601335, 56.716340130260029 ], [ -2.447488897541249, 56.716333034786537 ], [ -2.447498112459865, 56.71632587886257 ], [ -2.4475069752801, 56.716318663073672 ], [ -2.447515485924866, 56.716311388005316 ], [ -2.447523644478521, 56.716304054244823 ], [ -2.447531456074818, 56.716296662436626 ], [ -2.447538931774315, 56.716289213292264 ], [ -2.44754608297589, 56.716281707527003 ], [ -2.447552921078418, 56.71627414585619 ], [ -2.447559457480763, 56.716266528995121 ], [ -2.447565703581789, 56.716258857659092 ], [ -2.447571670780349, 56.716251132563421 ], [ -2.447577370475296, 56.716243354423398 ], [ -2.447582814065468, 56.716235523954296 ], [ -2.447588012949701, 56.716227641871448 ], [ -2.447592978526823, 56.716219708890094 ], [ -2.447597722195655, 56.716211725725536 ], [ -2.447602255355012, 56.716203693093043 ], [ -2.447606589403695, 56.716195611707917 ], [ -2.447610735740505, 56.716187482285385 ], [ -2.447614705764231, 56.71617930554077 ], [ -2.447618510873651, 56.716171082189291 ], [ -2.447622162467542, 56.716162812946258 ], [ -2.447625671944666, 56.716154498526905 ], [ -2.447629050703778, 56.716146139646519 ], [ -2.447632310143625, 56.716137737020354 ], [ -2.447635461662945, 56.716129291363643 ], [ -2.447638516660464, 56.716120803391682 ], [ -2.447641486534903, 56.716112273819711 ], [ -2.44764438268497, 56.716103703362997 ], [ -2.447647216509365, 56.716095092736779 ], [ -2.447649999406775, 56.716086442656305 ], [ -2.447652742775884, 56.716077753836856 ], [ -2.44765545801536, 56.716069026993672 ], [ -2.447658156523862, 56.716060262841985 ], [ -2.447660849700039, 56.716051462097077 ], [ -2.447663548942529, 56.716042625474159 ], [ -2.447666265649963, 56.716033753688514 ], [ -2.447669011220957, 56.716024847455351 ], [ -2.447671797054116, 56.716015907489961 ], [ -2.44767463454804, 56.716006934507554 ], [ -2.447677535101311, 56.715997929223377 ], [ -2.447680510112504, 56.715988892352684 ], [ -2.447683570980182, 56.715979824610713 ], [ -2.447686729102896, 56.715970726712712 ], [ -2.447689995879188, 56.715961599373898 ], [ -2.447693382707585, 56.715952443309533 ], [ -2.447696900986609, 56.715943259234841 ], [ -2.447700562114763, 56.715934047865034 ], [ -2.44770437749054, 56.715924809915386 ], [ -2.447708358512428, 56.715915546101087 ], [ -2.447712516578897, 56.715906257137412 ], [ -2.447716863088403, 56.715896943739544 ], [ -2.4477214094394, 56.715887606622715 ], [ -2.447726167030323, 56.715878246502164 ], [ -2.447731147259594, 56.71586886409311 ], [ -2.44773636152563, 56.715859460110735 ], [ -2.447741820635556, 56.715850035349774 ], [ -2.447747508600794, 56.715840594207677 ], [ -2.44775337224421, 56.715831146081882 ], [ -2.447759355648624, 56.715821700738317 ], [ -2.44776540289692, 56.715812267942908 ], [ -2.447771458072048, 56.715802857461561 ], [ -2.447777465257017, 56.715793479060238 ], [ -2.447783368534894, 56.715784142504859 ], [ -2.447789111988814, 56.715774857561421 ], [ -2.44779463970197, 56.715765633995858 ], [ -2.447799895757615, 56.715756481574161 ], [ -2.44780482423905, 56.715747410062306 ], [ -2.447809369229645, 56.715738429226327 ], [ -2.447813474812812, 56.715729548832158 ], [ -2.447817085072023, 56.715720778645846 ], [ -2.44782014409079, 56.71571212843336 ], [ -2.44782259595267, 56.715703607960734 ], [ -2.447824384741267, 56.715695226993944 ], [ -2.447825454540218, 56.71568699529896 ], [ -2.447825749433195, 56.715678922641814 ], [ -2.447825213503901, 56.715671018788406 ], [ -2.447823790836058, 56.715663293504726 ], [ -2.447821435260193, 56.715655754701956 ], [ -2.447818168811342, 56.715648397312421 ], [ -2.447814042656946, 56.715641210724797 ], [ -2.447809108073671, 56.715634184306886 ], [ -2.447803416338139, 56.715627307426516 ], [ -2.447797018726913, 56.715620569451474 ], [ -2.447789966516509, 56.715613959749618 ], [ -2.447782310983408, 56.715607467688734 ], [ -2.447774103404048, 56.715601082636638 ], [ -2.447765395054833, 56.715594793961166 ], [ -2.447756237212132, 56.715588591030141 ], [ -2.447746681152283, 56.715582463211398 ], [ -2.447736778151605, 56.715576399872802 ], [ -2.44772657948638, 56.715570390382211 ], [ -2.447716136432873, 56.715564424107505 ], [ -2.447705500267322, 56.715558490416569 ], [ -2.44769472226595, 56.71555257867734 ], [ -2.44768385370495, 56.715546678257724 ], [ -2.447672945860504, 56.715540778525657 ], [ -2.447662050008768, 56.71553486884914 ], [ -2.447651217425882, 56.715528938596137 ], [ -2.447640499387965, 56.715522977134647 ], [ -2.447629947171115, 56.715516973832656 ], [ -2.447619612051405, 56.715510918058264 ], [ -2.447609545304891, 56.715504799179477 ], [ -2.447599798207604, 56.715498606564353 ], [ -2.447590422035542, 56.715492329580989 ], [ -2.447581468064683, 56.71548595759748 ], [ -2.44757298757097, 56.715479479981923 ], [ -2.447565031830317, 56.715472886102425 ], [ -2.447557651397334, 56.715466165471135 ], [ -2.447550867919905, 56.715459313373387 ], [ -2.447544664985304, 56.715452332695769 ], [ -2.447539023585222, 56.715445226843244 ], [ -2.447533924711343, 56.715437999220768 ], [ -2.447529349355361, 56.715430653233319 ], [ -2.447525278508965, 56.715423192285812 ], [ -2.447521693163855, 56.715415619783194 ], [ -2.447518574311732, 56.715407939130358 ], [ -2.447515902944307, 56.715400153732261 ], [ -2.447513660053291, 56.715392266993788 ], [ -2.447511826630409, 56.71538428231986 ], [ -2.447510383667395, 56.715376203115341 ], [ -2.447509312155991, 56.715368032785157 ], [ -2.447508593087948, 56.715359774734189 ], [ -2.447508207455029, 56.715351432367321 ], [ -2.447508136249011, 56.715343009089445 ], [ -2.447508360461684, 56.715334508305425 ], [ -2.447508861084849, 56.715325933420139 ], [ -2.447509619110324, 56.715317287838481 ], [ -2.447510615529937, 56.715308574965313 ], [ -2.447511831335535, 56.715299798205514 ], [ -2.447513247518981, 56.715290960963969 ], [ -2.447514845072154, 56.715282066645536 ], [ -2.447516604986949, 56.715273118655091 ], [ -2.447518508255275, 56.715264120397507 ], [ -2.447520535869068, 56.715255075277675 ], [ -2.447522668820271, 56.715245986700452 ], [ -2.447524888100854, 56.715236858070718 ], [ -2.4475271747028, 56.71522769279337 ], [ -2.447529509618114, 56.715218494273266 ], [ -2.447531873838819, 56.715209265915284 ], [ -2.447534248356958, 56.71520001112431 ], [ -2.447536614164592, 56.715190733305249 ], [ -2.447538952253802, 56.715181435862974 ], [ -2.447541243616691, 56.715172122202354 ], [ -2.447543469245376, 56.715162795728283 ], [ -2.447545610132006, 56.715153459845673 ], [ -2.447547647268734, 56.715144117959369 ], [ -2.447549561647743, 56.715134773474318 ], [ -2.447551334261233, 56.715125429795364 ], [ -2.447552946101425, 56.715116090327442 ], [ -2.447554378160556, 56.715106758475393 ], [ -2.447555611430885, 56.715097437644147 ], [ -2.447556626904686, 56.715088131238588 ], [ -2.447557405574258, 56.715078842663615 ], [ -2.447557928431914, 56.715069575324094 ], [ -2.447558176469987, 56.715060332624958 ], [ -2.447558130680829, 56.715051117971051 ], [ -2.447557772056804, 56.715041934767285 ], [ -2.447557081590295, 56.71503278641854 ], [ -2.447556045121565, 56.715023675633084 ], [ -2.447554669411897, 56.715014602113058 ], [ -2.447552966864917, 56.715005564749788 ], [ -2.447550949884315, 56.714996562434592 ], [ -2.447548630873775, 56.714987594058826 ], [ -2.447546022236961, 56.714978658513786 ], [ -2.447543136377529, 56.714969754690834 ], [ -2.447539985699117, 56.714960881481296 ], [ -2.447536582605356, 56.714952037776463 ], [ -2.447532939499859, 56.714943222467696 ], [ -2.447529068786229, 56.714934434446306 ], [ -2.447524982868062, 56.714925672603606 ], [ -2.447520694148934, 56.714916935830956 ], [ -2.44751621503241, 56.71490822301967 ], [ -2.447511557922051, 56.714899533061072 ], [ -2.447506735221396, 56.714890864846481 ], [ -2.44750175933398, 56.714882217267252 ], [ -2.447496642663325, 56.714873589214697 ], [ -2.44749139761294, 56.71486497958017 ], [ -2.447486036586325, 56.714856387254983 ], [ -2.447480571986967, 56.71484781113049 ], [ -2.447475016218343, 56.714839250098031 ], [ -2.447469381683917, 56.714830703048918 ], [ -2.44746368078715, 56.714822168874555 ], [ -2.447457925931481, 56.714813646466233 ], [ -2.447452129520346, 56.714805134715313 ], [ -2.44744630395717, 56.714796632513163 ], [ -2.447440461645362, 56.714788138751111 ], [ -2.447434614988329, 56.714779652320516 ], [ -2.447428776389457, 56.714771172112769 ], [ -2.447422958252132, 56.714762697019175 ], [ -2.447417172979723, 56.714754225931131 ], [ -2.447411432975589, 56.714745757739998 ], [ -2.447405750643082, 56.714737291337144 ], [ -2.447400138385542, 56.714728825613918 ], [ -2.447394608606296, 56.714720359461708 ], [ -2.447389173708661, 56.714711891771884 ], [ -2.447383846095947, 56.7147034214358 ], [ -2.447378638171454, 56.714694947344874 ], [ -2.447373562338463, 56.714686468390447 ], [ -2.447368630122992, 56.714677983537605 ], [ -2.447363844790906, 56.714669492445289 ], [ -2.447359205074809, 56.714660995153189 ], [ -2.447354709660619, 56.714652491704953 ], [ -2.447350357234259, 56.714643982144246 ], [ -2.447346146481647, 56.714635466514665 ], [ -2.447342076088703, 56.714626944859894 ], [ -2.447338144741356, 56.714618417223541 ], [ -2.447334351125522, 56.714609883649238 ], [ -2.447330693927133, 56.714601344180664 ], [ -2.447327171832111, 56.714592798861425 ], [ -2.447323783526385, 56.714584247735161 ], [ -2.44732052769588, 56.714575690845507 ], [ -2.447317403026528, 56.714567128236112 ], [ -2.447314408204258, 56.714558559950568 ], [ -2.447311541915003, 56.714549986032551 ], [ -2.447308802844693, 56.71454140652569 ], [ -2.44730618967926, 56.714532821473611 ], [ -2.447303701104644, 56.714524230919942 ], [ -2.447301335806778, 56.714515634908302 ], [ -2.447299092471595, 56.714507033482356 ], [ -2.447296969785037, 56.714498426685701 ], [ -2.44729496643304, 56.714489814562 ], [ -2.447293081101546, 56.714481197154853 ], [ -2.447291312476495, 56.714472574507909 ], [ -2.447289659243829, 56.714463946664786 ], [ -2.447288120089494, 56.71445531366912 ], [ -2.447286693699431, 56.714446675564531 ], [ -2.447285378759585, 56.714438032394661 ], [ -2.447284173955904, 56.714429384203136 ], [ -2.447283077974334, 56.714420731033556 ], [ -2.447282143031769, 56.714412541810731 ] ] ], [ [ [ -2.445559241332177, 56.721395892141842 ], [ -2.445559019245095, 56.721397899896303 ], [ -2.445558062616265, 56.721406669896105 ], [ -2.445557115834385, 56.721415443150541 ], [ -2.445556175648907, 56.721424219622982 ], [ -2.445555238809267, 56.721432999276828 ], [ -2.445554302064902, 56.721441782075466 ], [ -2.44555336216525, 56.721450567982259 ], [ -2.44555241585974, 56.721459356960601 ], [ -2.445551459897799, 56.721468148973877 ], [ -2.445550491028855, 56.721476943985479 ], [ -2.44554950600233, 56.721485741958787 ], [ -2.445548501567642, 56.721494542857165 ], [ -2.445547474474205, 56.721503346644042 ], [ -2.445546421471441, 56.721512153282745 ], [ -2.445545339308751, 56.72152096273669 ], [ -2.445544224735547, 56.721529774969255 ], [ -2.445543074571929, 56.721538589941943 ], [ -2.445541887209597, 56.721547407574334 ], [ -2.445540662582214, 56.721556227744927 ], [ -2.445539400688206, 56.721565050330454 ], [ -2.445538101526007, 56.721573875207696 ], [ -2.445536765094042, 56.721582702253379 ], [ -2.445535391390742, 56.721591531344288 ], [ -2.445533980414534, 56.721600362357158 ], [ -2.44553253216385, 56.721609195168746 ], [ -2.445531046637115, 56.721618029655815 ], [ -2.445529523832764, 56.7216268656951 ], [ -2.44552796374922, 56.721635703163372 ], [ -2.445526366384914, 56.72164454193738 ], [ -2.445524731738276, 56.721653381893866 ], [ -2.445523059807735, 56.721662222909622 ], [ -2.445521350591719, 56.721671064861361 ], [ -2.445519604088658, 56.721679907625855 ], [ -2.445517820296981, 56.721688751079853 ], [ -2.445515999215116, 56.721697595100117 ], [ -2.445514140841493, 56.721706439563384 ], [ -2.445512245174541, 56.721715284346438 ], [ -2.44551031221269, 56.721724129326006 ], [ -2.445508341954368, 56.721732974378845 ], [ -2.445506334398006, 56.721741819381698 ], [ -2.44550428954203, 56.721750664211363 ], [ -2.445502207384871, 56.721759508744547 ], [ -2.44550008792496, 56.721768352858042 ], [ -2.445497931160724, 56.721777196428562 ], [ -2.445495737090594, 56.721786039332883 ], [ -2.445493505712998, 56.721794881447764 ], [ -2.445491237026367, 56.721803722649959 ], [ -2.445488931029127, 56.721812562816183 ], [ -2.445486587719711, 56.721821401823256 ], [ -2.445484207096547, 56.72183023954787 ], [ -2.445481789158066, 56.721839075866818 ], [ -2.445479333902696, 56.72184791065682 ], [ -2.445476841328866, 56.721856743794675 ], [ -2.445474311435008, 56.721865575157082 ], [ -2.44547174421955, 56.721874404620841 ], [ -2.445469139680922, 56.721883232062673 ], [ -2.445466497817555, 56.721892057359355 ], [ -2.445463818627877, 56.721900880387629 ], [ -2.445461102110319, 56.721909701024245 ], [ -2.445458348263311, 56.721918519145959 ], [ -2.44545555708528, 56.721927334629534 ], [ -2.445452728574661, 56.721936147351698 ], [ -2.445449862729881, 56.721944957189237 ], [ -2.44544695954937, 56.721953764018885 ], [ -2.44544401903156, 56.721962567717398 ], [ -2.445441041174881, 56.721971368161512 ], [ -2.445438025977761, 56.721980165228018 ], [ -2.445434973438632, 56.721988958793638 ], [ -2.445431883555923, 56.72199774873512 ], [ -2.445428756328067, 56.722006534929243 ], [ -2.445425591753493, 56.722015317252762 ], [ -2.445422389830634, 56.722024095582398 ], [ -2.445419150557913, 56.722032869794937 ], [ -2.44541587393377, 56.722041639767099 ], [ -2.445412559956631, 56.722050405375647 ], [ -2.445409208624926, 56.722059166497367 ], [ -2.445405819937091, 56.722067923008971 ], [ -2.44540239389155, 56.722076674787218 ], [ -2.44539893048674, 56.722085421708876 ], [ -2.445395429721088, 56.722094163650674 ], [ -2.445391891593029, 56.722102900489411 ], [ -2.44538831610099, 56.722111632101786 ], [ -2.445384703243405, 56.722120358364577 ], [ -2.445381053018704, 56.722129079154534 ], [ -2.445377365425321, 56.722137794348406 ], [ -2.445373640461684, 56.72214650382297 ], [ -2.445369878126229, 56.722155207454925 ], [ -2.445366078417383, 56.722163905121064 ], [ -2.445362241333582, 56.722172596698144 ], [ -2.445358366873254, 56.722181282062877 ], [ -2.445354455034833, 56.722189961092056 ], [ -2.445350505816752, 56.722198633662423 ], [ -2.445346519217443, 56.722207299650712 ], [ -2.445342495235336, 56.722215958933702 ], [ -2.445338433868864, 56.722224611388128 ], [ -2.445334335116461, 56.722233256890739 ], [ -2.445330198976559, 56.722241895318291 ], [ -2.445326025447587, 56.722250526547548 ], [ -2.445321814527984, 56.722259150455237 ], [ -2.445317566216179, 56.722267766918137 ], [ -2.445313280510606, 56.722276375812989 ], [ -2.445308957409697, 56.722284977016535 ], [ -2.445304596911885, 56.72229357040554 ], [ -2.445300199015605, 56.722302155856745 ], [ -2.445295763719287, 56.722310733246907 ], [ -2.445291291021366, 56.722319302452789 ], [ -2.445286780920278, 56.722327863351133 ], [ -2.445282233425277, 56.722336415822575 ], [ -2.445277648955564, 56.72234495989494 ], [ -2.445273028456745, 56.722353495785136 ], [ -2.445268372908996, 56.722362023722411 ], [ -2.445263683292495, 56.722370543936087 ], [ -2.445258960587415, 56.722379056655413 ], [ -2.445254205773939, 56.722387562109702 ], [ -2.445249419832244, 56.722396060528219 ], [ -2.445244603742508, 56.722404552140226 ], [ -2.445239758484911, 56.722413037175059 ], [ -2.44523488503964, 56.722421515861967 ], [ -2.445229984386873, 56.722429988430243 ], [ -2.445225057506793, 56.722438455109184 ], [ -2.445220105379583, 56.722446916128042 ], [ -2.445215128985429, 56.722455371716137 ], [ -2.445210129304516, 56.722463822102732 ], [ -2.445205107317028, 56.722472267517134 ], [ -2.445200064003151, 56.722480708188598 ], [ -2.44519500034308, 56.722489144346419 ], [ -2.445189917316995, 56.722497576219915 ], [ -2.445184815905087, 56.722506004038323 ], [ -2.44517969708755, 56.722514428030962 ], [ -2.445174561844568, 56.722522848427097 ], [ -2.445169411156338, 56.722531265456048 ], [ -2.445164246003046, 56.722539679347058 ], [ -2.44515906736489, 56.722548090329454 ], [ -2.445153876222063, 56.722556498632478 ], [ -2.445148673554757, 56.722564904485452 ], [ -2.44514346034317, 56.72257330811766 ], [ -2.445138237567492, 56.722581709758373 ], [ -2.445133006207927, 56.722590109636897 ], [ -2.445127767244669, 56.722598507982518 ], [ -2.445122521657912, 56.722606905024492 ], [ -2.445117270427862, 56.722615300992146 ], [ -2.445112014534713, 56.722623696114759 ], [ -2.445106754958668, 56.722632090621609 ], [ -2.445101492679927, 56.722640484741973 ], [ -2.445096228678691, 56.722648878705165 ], [ -2.445090963935165, 56.722657272740477 ], [ -2.445085699429549, 56.72266566707718 ], [ -2.445080436142051, 56.722674061944552 ], [ -2.445075175052871, 56.722682457571914 ], [ -2.445069917142217, 56.722690854188542 ], [ -2.445064663390295, 56.722699252023709 ], [ -2.445059414777312, 56.722707651306735 ], [ -2.445054172283472, 56.722716052266883 ], [ -2.445048936888991, 56.722724455133459 ], [ -2.44504370957407, 56.72273286013575 ], [ -2.445038491318925, 56.722741267503039 ], [ -2.445033283103764, 56.722749677464627 ], [ -2.445028085908797, 56.722758090249812 ], [ -2.445022900714237, 56.722766506087858 ], [ -2.4450177285003, 56.722774925208078 ], [ -2.445012570247194, 56.722783347839744 ], [ -2.445007426935139, 56.722791774212183 ], [ -2.445002299544347, 56.722800204554645 ], [ -2.444997189055033, 56.722808639096442 ], [ -2.444992096447416, 56.722817078066882 ], [ -2.444987022701711, 56.722825521695235 ], [ -2.444981968798137, 56.722833970210793 ], [ -2.444976935716915, 56.722842423842835 ], [ -2.444971924438263, 56.722850882820694 ], [ -2.4449669359424, 56.722859347373635 ], [ -2.44496197120955, 56.722867817730958 ], [ -2.444957031219932, 56.722876294121967 ], [ -2.444952116953772, 56.722884776775921 ], [ -2.444947229391293, 56.722893265922153 ], [ -2.444942369512716, 56.722901761789927 ], [ -2.444937538298269, 56.722910264608544 ], [ -2.444932736728177, 56.722918774607322 ], [ -2.444927965782667, 56.72292729201552 ], [ -2.444923226441967, 56.722935817062449 ], [ -2.444918519686304, 56.722944349977396 ], [ -2.44491384649591, 56.722952890989667 ], [ -2.44490920785101, 56.72296144032854 ], [ -2.444904604731839, 56.722969998223327 ], [ -2.444900038118626, 56.722978564903315 ], [ -2.444895508991604, 56.722987140597795 ], [ -2.444891018331009, 56.722995725536066 ], [ -2.444886567117071, 56.723004319947428 ], [ -2.444882156330027, 56.723012924061159 ], [ -2.444877786860256, 56.723021538084019 ], [ -2.444873458134336, 56.723030161855441 ], [ -2.444869168387704, 56.723038794915929 ], [ -2.444864915821199, 56.723047436797359 ], [ -2.444860698635661, 56.723056087031559 ], [ -2.444856515031928, 56.723064745150374 ], [ -2.444852363210833, 56.72307341068565 ], [ -2.44484824137321, 56.723082083169238 ], [ -2.444844147719896, 56.723090762132983 ], [ -2.444840080451718, 56.723099447108709 ], [ -2.444836037769508, 56.72310813762828 ], [ -2.444832017874093, 56.723116833223536 ], [ -2.444828018966304, 56.72312553342632 ], [ -2.444824039246962, 56.723134237768456 ], [ -2.444820076916893, 56.723142945781824 ], [ -2.444816130176921, 56.723151656998226 ], [ -2.444812197227866, 56.723160370949543 ], [ -2.444808276270549, 56.723169087167591 ], [ -2.444804365505786, 56.723177805184221 ], [ -2.444800463134396, 56.723186524531272 ], [ -2.444796567357196, 56.72319524474058 ], [ -2.444792676374998, 56.723203965343998 ], [ -2.444788788388614, 56.723212685873371 ], [ -2.444784901598858, 56.723221405860507 ], [ -2.444781014206536, 56.723230124837272 ], [ -2.444777124412459, 56.723238842335526 ], [ -2.444773230417434, 56.723247557887056 ], [ -2.444769330422263, 56.723256271023757 ], [ -2.444765422627755, 56.723264981277431 ], [ -2.444761505234708, 56.72327368817993 ], [ -2.444757576443927, 56.723282391263091 ], [ -2.444753634456207, 56.723291090058751 ], [ -2.444749677472347, 56.723299784098764 ], [ -2.444745703693146, 56.723308472914951 ], [ -2.444741711319397, 56.72331715603913 ], [ -2.444737698551898, 56.723325833003187 ], [ -2.444733663591435, 56.723334503338947 ], [ -2.444729604638802, 56.723343166578218 ], [ -2.444725519894792, 56.723351822252845 ], [ -2.444721407560189, 56.723360469894693 ], [ -2.444717265835776, 56.723369109035573 ], [ -2.444713092922346, 56.723377739207329 ], [ -2.444708887020679, 56.723386359941799 ], [ -2.44470464633156, 56.723394970770812 ], [ -2.444700369055767, 56.723403571226214 ], [ -2.444696053394082, 56.723412160839828 ], [ -2.444691697547281, 56.723420739143492 ], [ -2.444687299716142, 56.723429305669043 ], [ -2.444682858101445, 56.723437859948326 ], [ -2.444678370903959, 56.723446401513158 ], [ -2.44467383632446, 56.723454929895368 ], [ -2.444669252563716, 56.723463444626802 ], [ -2.444664617822503, 56.723471945239289 ], [ -2.444659930301587, 56.723480431264676 ], [ -2.444655188201739, 56.723488902234777 ], [ -2.444650389723722, 56.723497357681424 ], [ -2.444645533068305, 56.723505797136447 ], [ -2.444640616436248, 56.72351422013169 ], [ -2.444635638028319, 56.723522626198992 ], [ -2.444630596045276, 56.723531014870147 ], [ -2.444625488687884, 56.723539385677036 ], [ -2.444620314156898, 56.723547738151439 ], [ -2.444615070653081, 56.7235560718252 ], [ -2.444609756377186, 56.723564386230166 ], [ -2.444604369529973, 56.72357268089813 ], [ -2.444598908312195, 56.723580955360973 ], [ -2.444593370924607, 56.723589209150468 ], [ -2.444587755567963, 56.723597441798482 ], [ -2.444582060443012, 56.72360565283681 ], [ -2.444576283750507, 56.723613841797317 ], [ -2.444570423691199, 56.723622008211777 ], [ -2.444564478465836, 56.723630151612063 ], [ -2.444558446275167, 56.723638271529978 ], [ -2.444552325319938, 56.723646367497338 ], [ -2.444546113800896, 56.72365443904598 ], [ -2.444539809918786, 56.723662485707727 ], [ -2.444533411874353, 56.72367050701439 ], [ -2.44452691786834, 56.723678502497805 ], [ -2.444520326101493, 56.723686471689781 ], [ -2.44451363477455, 56.723694414122143 ], [ -2.444506842088256, 56.723702329326706 ], [ -2.444499946243347, 56.723710216835308 ], [ -2.444492945440566, 56.723718076179736 ], [ -2.444485837880655, 56.723725906891843 ], [ -2.444478621764345, 56.723733708503417 ], [ -2.444471295292382, 56.723741480546281 ], [ -2.4444638566655, 56.723749222552279 ], [ -2.444456304084435, 56.723756934053185 ], [ -2.444448635749925, 56.72376461458083 ], [ -2.444440849862702, 56.723772263667037 ], [ -2.444432944623506, 56.723779880843601 ], [ -2.444424919583969, 56.723787465971228 ], [ -2.444416788933365, 56.723795022474071 ], [ -2.444408575821664, 56.723802555957732 ], [ -2.444400303527927, 56.723810072059294 ], [ -2.444391995331222, 56.723817576415769 ], [ -2.444383674510641, 56.723825074664227 ], [ -2.44437536434528, 56.723832572441744 ], [ -2.444375164006657, 56.723832754061831 ], [ -2.44437977195571, 56.723824806613806 ], [ -2.444384667795543, 56.723816370918769 ], [ -2.44438956740641, 56.723807936904436 ], [ -2.444394470732737, 56.723799504565896 ], [ -2.444399377718949, 56.723791073898219 ], [ -2.444404288309478, 56.723782644896495 ], [ -2.444409202448904, 56.723774217555039 ], [ -2.444414120085908, 56.723765791849644 ], [ -2.444419041173497, 56.723757367736425 ], [ -2.444423965664877, 56.72374894517057 ], [ -2.444428893513264, 56.723740524107271 ], [ -2.444433824671865, 56.723732104501714 ], [ -2.444438759093893, 56.723723686309071 ], [ -2.444443696732561, 56.723715269484551 ], [ -2.444448637541078, 56.723706853983309 ], [ -2.444453581472653, 56.723698439760554 ], [ -2.444458528480503, 56.723690026771479 ], [ -2.444463478517835, 56.723681614971262 ], [ -2.444468431537858, 56.723673204315077 ], [ -2.444473387493792, 56.723664794758122 ], [ -2.44447834633884, 56.723656386255584 ], [ -2.444483308026214, 56.723647978762649 ], [ -2.444488272509131, 56.723639572234504 ], [ -2.444493239740796, 56.723631166626312 ], [ -2.444498209674424, 56.723622761893296 ], [ -2.444503182263225, 56.723614357990634 ], [ -2.444508157460411, 56.723605954873499 ], [ -2.444513135219192, 56.723597552497068 ], [ -2.444518115492783, 56.723589150816558 ], [ -2.444523098234391, 56.723580749787139 ], [ -2.444528083397231, 56.723572349363991 ], [ -2.444533070934512, 56.723563949502314 ], [ -2.444538060799446, 56.7235555501573 ], [ -2.444543052945248, 56.723547151284102 ], [ -2.444548047325123, 56.723538752837925 ], [ -2.444553043892288, 56.723530354773978 ], [ -2.44455804259995, 56.723521957047417 ], [ -2.444563043401325, 56.723513559613451 ], [ -2.444568046249624, 56.723505162427237 ], [ -2.444573051098057, 56.72349676544399 ], [ -2.444578057899835, 56.723488368618888 ], [ -2.444583066608173, 56.723479971907111 ], [ -2.444588077176279, 56.723471575263844 ], [ -2.444593089557365, 56.72346317864428 ], [ -2.444598103704645, 56.723454782003607 ], [ -2.444603119571331, 56.723446385297009 ], [ -2.444608137110631, 56.723437988479674 ], [ -2.444613156275759, 56.723429591506786 ], [ -2.444618177019929, 56.723421194333532 ], [ -2.444623199296349, 56.723412796915113 ], [ -2.444628223058235, 56.723404399206679 ], [ -2.444633248258795, 56.723396001163458 ], [ -2.444638274851242, 56.723387602740608 ], [ -2.444643302788788, 56.72337920389333 ], [ -2.444648332024646, 56.72337080457681 ], [ -2.444653362512026, 56.723362404746219 ], [ -2.444658394204141, 56.723354004356764 ], [ -2.444663427054202, 56.723345603363612 ], [ -2.444668461015422, 56.723337201721968 ], [ -2.444673496041014, 56.723328799387019 ], [ -2.444678532084188, 56.72332039631393 ], [ -2.444683569098157, 56.723311992457916 ], [ -2.444688607036133, 56.723303587774147 ], [ -2.444693645851327, 56.723295182217804 ], [ -2.444698685496953, 56.723286775744072 ], [ -2.444703725926221, 56.723278368308165 ], [ -2.444708767092346, 56.723269959865235 ], [ -2.444713808948537, 56.723261550370509 ], [ -2.444718851448008, 56.723253139779125 ], [ -2.444723894543969, 56.723244728046303 ], [ -2.444728938189634, 56.723236315127217 ], [ -2.444733982338216, 56.723227900977072 ], [ -2.444739026942927, 56.723219485551041 ], [ -2.444744071956977, 56.723211068804304 ], [ -2.444749117333581, 56.723202650692045 ], [ -2.444754163025948, 56.723194231169472 ], [ -2.444759208987293, 56.723185810191758 ], [ -2.444764255170828, 56.723177387714088 ], [ -2.444769301529763, 56.723168963691663 ], [ -2.444774348017314, 56.723160538079632 ], [ -2.444779394586691, 56.72315211083324 ], [ -2.444784441191106, 56.723143681907629 ], [ -2.444789487783775, 56.723135251257993 ], [ -2.444794534317904, 56.723126818839539 ], [ -2.444799580746711, 56.723118384607417 ], [ -2.444804627023408, 56.723109948516857 ], [ -2.444809673101203, 56.723101510523023 ], [ -2.444814718933313, 56.723093070581101 ], [ -2.444819764472951, 56.723084628646269 ], [ -2.444824809673323, 56.723076184673744 ], [ -2.44482985448765, 56.723067738618695 ], [ -2.444834898869138, 56.723059290436296 ], [ -2.444839942771004, 56.723050840081761 ], [ -2.444844986146457, 56.723042387510247 ], [ -2.444850028948713, 56.723033932676977 ], [ -2.444855071130983, 56.723025475537106 ], [ -2.444860112646479, 56.72301701604583 ], [ -2.444865153430349, 56.723008554162966 ], [ -2.44487019328048, 56.723000089883577 ], [ -2.444875231931728, 56.722991623218896 ], [ -2.444880269118624, 56.722983154180184 ], [ -2.444885304575696, 56.722974682778791 ], [ -2.444890338037477, 56.722966209026019 ], [ -2.444895369238494, 56.722957732933153 ], [ -2.44490039791328, 56.722949254511533 ], [ -2.444905423796358, 56.722940773772429 ], [ -2.444910446622267, 56.722932290727165 ], [ -2.444915466125533, 56.722923805387083 ], [ -2.444920482040689, 56.722915317763423 ], [ -2.444925494102268, 56.722906827867547 ], [ -2.444930502044799, 56.722898335710752 ], [ -2.444935505602813, 56.722889841304315 ], [ -2.444940504510845, 56.722881344659591 ], [ -2.444945498503423, 56.722872845787847 ], [ -2.444950487315086, 56.722864344700426 ], [ -2.444955470680362, 56.722855841408609 ], [ -2.444960448333785, 56.722847335923724 ], [ -2.444965420009887, 56.722838828257061 ], [ -2.444970385443205, 56.722830318419931 ], [ -2.44497534436827, 56.722821806423639 ], [ -2.444980296519616, 56.722813292279525 ], [ -2.44498524163178, 56.72280477599886 ], [ -2.444990179439293, 56.722796257592975 ], [ -2.444995109676692, 56.722787737073148 ], [ -2.445000032078514, 56.722779214450732 ], [ -2.445004946379289, 56.722770689736997 ], [ -2.445009852313553, 56.722762162943276 ], [ -2.445014749615848, 56.72275363408086 ], [ -2.445019638020704, 56.722745103161067 ], [ -2.445024517262659, 56.72273657019521 ], [ -2.445029387076252, 56.722728035194578 ], [ -2.445034247196016, 56.722719498170513 ], [ -2.445039097356488, 56.72271095913429 ], [ -2.445043937292208, 56.722702418097242 ], [ -2.445048766737713, 56.722693875070661 ], [ -2.445053585427538, 56.722685330065865 ], [ -2.445058393096225, 56.722676783094165 ], [ -2.445063189478307, 56.722668234166846 ], [ -2.445067974308327, 56.722659683295269 ], [ -2.445072747320822, 56.722651130490682 ], [ -2.445077508250332, 56.722642575764439 ], [ -2.445082256831395, 56.722634019127817 ], [ -2.445086992798551, 56.722625460592162 ], [ -2.445091715886341, 56.722616900168738 ], [ -2.445096425829302, 56.722608337868905 ], [ -2.445101122361975, 56.722599773703941 ], [ -2.445105805218901, 56.722591207685134 ], [ -2.445110474134623, 56.722582639823841 ], [ -2.445115128843678, 56.722574070131337 ], [ -2.445119769080609, 56.722565498618962 ], [ -2.445124394579959, 56.722556925297987 ], [ -2.445129005076267, 56.722548350179743 ], [ -2.445133600304078, 56.72253977327555 ], [ -2.44513817999793, 56.722531194596698 ], [ -2.44514274389237, 56.722522614154521 ], [ -2.445147291721935, 56.722514031960301 ], [ -2.445151823221176, 56.722505448025331 ], [ -2.44515633812463, 56.722496862360991 ], [ -2.44516083616684, 56.722488274978524 ], [ -2.445165317082352, 56.722479685889276 ], [ -2.445169780605712, 56.722471095104538 ], [ -2.44517422647146, 56.722462502635622 ], [ -2.445178654414144, 56.722453908493854 ], [ -2.445183064168305, 56.722445312690525 ], [ -2.445187455468491, 56.722436715236938 ], [ -2.445191828049247, 56.722428116144442 ], [ -2.445196181645115, 56.72241951542432 ], [ -2.445200515990646, 56.72241091308787 ], [ -2.445204830820382, 56.722402309146418 ], [ -2.445209125868868, 56.722393703611274 ], [ -2.445213400870658, 56.722385096493745 ], [ -2.44521765556029, 56.72237648780515 ], [ -2.445221889672316, 56.722367877556785 ], [ -2.445226102941281, 56.722359265759955 ], [ -2.445230295101732, 56.722350652426002 ], [ -2.44523446588822, 56.722342037566207 ], [ -2.44523861503529, 56.722333421191884 ], [ -2.445242742277498, 56.722324803314351 ], [ -2.445246847404575, 56.722316183940777 ], [ -2.445250930392707, 56.722307563064241 ], [ -2.445254991257429, 56.722298940674932 ], [ -2.445259030014271, 56.722290316762987 ], [ -2.445263046678773, 56.722281691318564 ], [ -2.445267041266462, 56.722273064331837 ], [ -2.445271013792877, 56.722264435792937 ], [ -2.44527496427355, 56.722255805692036 ], [ -2.445278892724014, 56.722247174019266 ], [ -2.445282799159808, 56.722238540764799 ], [ -2.44528668359646, 56.722229905918795 ], [ -2.445290546049506, 56.722221269471397 ], [ -2.445294386534481, 56.722212631412759 ], [ -2.445298205066915, 56.722203991733053 ], [ -2.445302001662346, 56.722195350422425 ], [ -2.445305776336307, 56.722186707471003 ], [ -2.445309529104328, 56.722178062868977 ], [ -2.445313259981949, 56.722169416606491 ], [ -2.445316968984699, 56.722160768673717 ], [ -2.445320656128117, 56.722152119060773 ], [ -2.44532432142773, 56.722143467757839 ], [ -2.445327964899076, 56.722134814755073 ], [ -2.445331586557687, 56.722126160042613 ], [ -2.445335186419098, 56.722117503610619 ], [ -2.445338764498843, 56.722108845449256 ], [ -2.445342320812455, 56.722100185548662 ], [ -2.445345855375467, 56.722091523899003 ], [ -2.445349368203413, 56.722082860490445 ], [ -2.445352859311828, 56.722074195313127 ], [ -2.445356328716245, 56.722065528357199 ], [ -2.445359776432196, 56.722056859612813 ], [ -2.445363202475216, 56.722048189070158 ], [ -2.445366606860838, 56.722039516719342 ], [ -2.445369989604599, 56.722030842550559 ], [ -2.445373350722027, 56.722022166553948 ], [ -2.44537669022866, 56.722013488719654 ], [ -2.445380008140029, 56.722004809037834 ], [ -2.44538330447167, 56.721996127498649 ], [ -2.445386579239112, 56.721987444092257 ], [ -2.445389832457895, 56.721978758808838 ], [ -2.445393064143548, 56.721970071638466 ], [ -2.445396274311605, 56.721961382571379 ], [ -2.4453994629776, 56.721952691597693 ], [ -2.44540263015707, 56.721943998707573 ], [ -2.445405775865542, 56.721935303891165 ], [ -2.445408900118554, 56.721926607138634 ], [ -2.445412002931636, 56.721917908440119 ], [ -2.445415084320325, 56.721909207785799 ], [ -2.445418144300155, 56.721900505165792 ], [ -2.445421182886654, 56.72189180057029 ], [ -2.445424200095362, 56.721883093989426 ], [ -2.445427195941806, 56.721874385413358 ], [ -2.445430170441525, 56.721865674832252 ], [ -2.445433123610051, 56.721856962236245 ], [ -2.445436055462915, 56.721848247615505 ], [ -2.445438966015652, 56.721839530960182 ], [ -2.445441855283795, 56.721830812260414 ], [ -2.445444723282878, 56.721822091506382 ], [ -2.445447570028434, 56.721813368688231 ], [ -2.445450395535997, 56.721804643796098 ], [ -2.445453199821099, 56.72179591682017 ], [ -2.445455982899273, 56.721787187750571 ], [ -2.445458744786052, 56.721778456577468 ], [ -2.445461485496976, 56.721769723291033 ], [ -2.445464205047567, 56.721760987881396 ], [ -2.445466903453366, 56.72175225033871 ], [ -2.445469580729904, 56.721743510653141 ], [ -2.445472236892716, 56.721734768814834 ], [ -2.445474871957332, 56.721726024813961 ], [ -2.445477485939289, 56.721717278640654 ], [ -2.445480078854116, 56.721708530285078 ], [ -2.44548265071735, 56.721699779737378 ], [ -2.445485201544522, 56.721691026987735 ], [ -2.445487731351166, 56.721682272026257 ], [ -2.445490240152815, 56.72167351484314 ], [ -2.445492727965002, 56.721664755428527 ], [ -2.445495194803263, 56.721655993772572 ], [ -2.445497640683124, 56.721647229865432 ], [ -2.445500065620125, 56.721638463697246 ], [ -2.445502469629798, 56.721629695258173 ], [ -2.445504852727673, 56.721620924538364 ], [ -2.445507214929286, 56.721612151527992 ], [ -2.445509556250169, 56.72160337621721 ], [ -2.445511876705853, 56.721594598596134 ], [ -2.445514176311876, 56.721585818654965 ], [ -2.445516455083768, 56.721577036383835 ], [ -2.445518713037062, 56.721568251772901 ], [ -2.445520950187293, 56.721559464812316 ], [ -2.445523166549991, 56.721550675492232 ], [ -2.445525362140691, 56.7215418838028 ], [ -2.445527536974925, 56.721533089734201 ], [ -2.445529691187478, 56.721524293289328 ], [ -2.44553182545221, 56.721515494528973 ], [ -2.445533940595233, 56.721506693530152 ], [ -2.445536037442671, 56.721497890370024 ], [ -2.445538116820648, 56.721489085125583 ], [ -2.445540179555284, 56.721480277873937 ], [ -2.445542226472697, 56.721471468692144 ], [ -2.445544258399011, 56.721462657657284 ], [ -2.445546276160341, 56.721453844846422 ], [ -2.445548280582808, 56.721445030336646 ], [ -2.445550272492526, 56.721436214205021 ], [ -2.445552252715617, 56.721427396528618 ], [ -2.445554222078194, 56.721418577384497 ], [ -2.445556181406371, 56.721409756849752 ], [ -2.445558131526265, 56.721400935001434 ], [ -2.445559241332177, 56.721395892141842 ] ] ], [ [ [ -2.444201780786727, 56.724138161136828 ], [ -2.444200731345842, 56.724141332733204 ], [ -2.444197663039083, 56.724150169600414 ], [ -2.444194461735364, 56.724158985283928 ], [ -2.444191131516924, 56.724167780423457 ], [ -2.444187676466008, 56.724176555658715 ], [ -2.444184100664862, 56.724185311629405 ], [ -2.444180408195741, 56.724194048975242 ], [ -2.4441766031409, 56.724202768335935 ], [ -2.444172689582596, 56.7242114703512 ], [ -2.444168671603095, 56.724220155660753 ], [ -2.444164553284665, 56.724228824904301 ], [ -2.444160338709576, 56.724237478721562 ], [ -2.444156031960099, 56.724246117752244 ], [ -2.444151637118516, 56.724254742636049 ], [ -2.44414715826711, 56.724263354012713 ], [ -2.444142599488164, 56.72427195252196 ], [ -2.444137964863966, 56.72428053880347 ], [ -2.444133258476812, 56.724289113496987 ], [ -2.444128484408997, 56.724297677242198 ], [ -2.444123646742814, 56.724306230678849 ], [ -2.444118749560576, 56.72431477444664 ], [ -2.444113796944584, 56.724323309185309 ], [ -2.444108792977148, 56.724331835534535 ], [ -2.444103741740581, 56.724340354134064 ], [ -2.4440986473172, 56.724348865623632 ], [ -2.444093513789325, 56.724357370642927 ], [ -2.44408834523928, 56.724365869831693 ], [ -2.444083145749389, 56.724374363829632 ], [ -2.444077919401986, 56.724382853276467 ], [ -2.4440726702794, 56.724391338811948 ], [ -2.444067402463969, 56.724399821075771 ], [ -2.444062120038035, 56.724408300707665 ], [ -2.444056827083938, 56.724416778347361 ], [ -2.444051527684029, 56.724425254634589 ], [ -2.444046225920651, 56.724433730209057 ], [ -2.444040925876162, 56.724442205710503 ], [ -2.444035631632916, 56.72445068177867 ], [ -2.444030347273273, 56.724459159053261 ], [ -2.444025076879599, 56.724467638174019 ], [ -2.444023393135837, 56.724470357122151 ], [ -2.444027396709133, 56.724462633967391 ], [ -2.444031851332483, 56.724454058185167 ], [ -2.444036313895042, 56.724445484452993 ], [ -2.444040784341232, 56.724436912765924 ], [ -2.444045262615478, 56.72442834311903 ], [ -2.444049748662197, 56.724419775507386 ], [ -2.444054242425818, 56.724411209926075 ], [ -2.444058743850762, 56.724402646370166 ], [ -2.444063252881449, 56.724394084834749 ], [ -2.444067769462307, 56.724385525314879 ], [ -2.444072293537753, 56.724376967805654 ], [ -2.444076825052213, 56.724368412302134 ], [ -2.444081363950108, 56.724359858799403 ], [ -2.444085910175865, 56.724351307292523 ], [ -2.444090463673903, 56.724342757776583 ], [ -2.444095024388646, 56.724334210246646 ], [ -2.444099592264517, 56.724325664697801 ], [ -2.444104167245942, 56.724317121125125 ], [ -2.444108749277341, 56.724308579523672 ], [ -2.444113338303139, 56.724300039888554 ], [ -2.444117934267758, 56.724291502214797 ], [ -2.444122537115623, 56.724282966497526 ], [ -2.444127146791156, 56.724274432731789 ], [ -2.444131763238782, 56.72426590091267 ], [ -2.444136386402924, 56.72425737103525 ], [ -2.444141016228003, 56.724248843094585 ], [ -2.444145652658447, 56.724240317085759 ], [ -2.444150295638678, 56.72423179300386 ], [ -2.44415494511312, 56.724223270843964 ], [ -2.444159601026195, 56.724214750601121 ], [ -2.444164263322329, 56.72420623227044 ], [ -2.444168931945944, 56.724197715846962 ], [ -2.444173606841463, 56.724189201325785 ], [ -2.444178287953316, 56.724180688701978 ], [ -2.444182975225922, 56.72417217797063 ], [ -2.444187668603705, 56.72416366912681 ], [ -2.444192368031091, 56.724155162165573 ], [ -2.444197073452501, 56.724146657082024 ], [ -2.444201780786727, 56.724138161136828 ] ] ], [ [ [ -2.44383832167066, 56.724845883642324 ], [ -2.443837742847018, 56.724847411061319 ], [ -2.443834449425819, 56.724856188955421 ], [ -2.443831186325142, 56.724864971525136 ], [ -2.443827952672596, 56.724873758633755 ], [ -2.443824747589135, 56.72488255015098 ], [ -2.44382157019572, 56.724891345946624 ], [ -2.443818419613299, 56.724900145890366 ], [ -2.443815294962834, 56.724908949851994 ], [ -2.443812195365272, 56.724917757701242 ], [ -2.443809119941569, 56.724926569307854 ], [ -2.443806067812677, 56.724935384541581 ], [ -2.443803038099545, 56.724944203272152 ], [ -2.443800029923126, 56.724953025369324 ], [ -2.443797042404367, 56.72496185070284 ], [ -2.443794074664221, 56.724970679142437 ], [ -2.443791125823632, 56.724979510557887 ], [ -2.443788195003548, 56.724988344818883 ], [ -2.443785281324919, 56.724997181795231 ], [ -2.443782383908685, 56.725006021356627 ], [ -2.443779501875799, 56.72501486337282 ], [ -2.443776634347198, 56.725023707713589 ], [ -2.443773780443828, 56.725032554248649 ], [ -2.443770939286635, 56.725041402847751 ], [ -2.443768109996557, 56.72505025338063 ], [ -2.443765291694535, 56.725059105717044 ], [ -2.443762483501513, 56.725067959726729 ], [ -2.443759684538429, 56.725076815279429 ], [ -2.443756893926218, 56.725085672244887 ], [ -2.443754110785826, 56.725094530492846 ], [ -2.443751334238184, 56.725103389893043 ], [ -2.443748563404232, 56.725112250315242 ], [ -2.443745797404903, 56.725121111629164 ], [ -2.443743035361133, 56.725129973704561 ], [ -2.443740276393859, 56.725138836411176 ], [ -2.44373751962401, 56.725147699618759 ], [ -2.443734764172524, 56.725156563197018 ], [ -2.443732009160327, 56.725165427015746 ], [ -2.443729253708354, 56.725174290944651 ], [ -2.443726496937536, 56.725183154853482 ], [ -2.4437237379688, 56.725192018611999 ], [ -2.443720975923076, 56.725200882089915 ], [ -2.443718209921291, 56.725209745156981 ], [ -2.443715439084373, 56.725218607682969 ], [ -2.44371266253325, 56.725227469537572 ], [ -2.443709879388847, 56.725236330590562 ], [ -2.443707088772085, 56.725245190711682 ], [ -2.443704289803894, 56.725254049770662 ], [ -2.443701481605195, 56.725262907637244 ], [ -2.443698663296908, 56.725271764181187 ], [ -2.44369583399996, 56.725280619272205 ], [ -2.443692992835269, 56.725289472780055 ], [ -2.443690138923754, 56.725298324574482 ], [ -2.443687271386336, 56.72530717452522 ], [ -2.443684389343935, 56.725316022502007 ], [ -2.443681491917467, 56.725324868374592 ], [ -2.443678578227852, 56.725333712012706 ], [ -2.443675647396002, 56.725342553286097 ], [ -2.443672698548749, 56.725351392065171 ], [ -2.443669731025238, 56.725360228243581 ], [ -2.443666744430674, 56.725369061744225 ], [ -2.443663738387108, 56.725377892491828 ], [ -2.443660712516577, 56.725386720411116 ], [ -2.443657666441124, 56.725395545426835 ], [ -2.443654599782793, 56.725404367463682 ], [ -2.443651512163624, 56.725413186446431 ], [ -2.443648403205657, 56.725422002299759 ], [ -2.443645272530938, 56.725430814948439 ], [ -2.443642119761503, 56.725439624317175 ], [ -2.443638944519395, 56.72544843033068 ], [ -2.443635746426655, 56.725457232913712 ], [ -2.443632525105319, 56.725466031991004 ], [ -2.443629280177428, 56.725474827487247 ], [ -2.443626011265024, 56.7254836193272 ], [ -2.443622717990143, 56.725492407435567 ], [ -2.443619399974825, 56.725501191737102 ], [ -2.443616056841109, 56.725509972156516 ], [ -2.443612688211029, 56.725518748618541 ], [ -2.443609293706628, 56.725527521047908 ], [ -2.443605872949941, 56.72553628936933 ], [ -2.443602425563004, 56.72554505350756 ], [ -2.443598951167855, 56.725553813387307 ], [ -2.443595449386531, 56.725562568933285 ], [ -2.443591919841069, 56.725571320070266 ], [ -2.443588362153499, 56.725580066722934 ], [ -2.443584775945864, 56.725588808816035 ], [ -2.443581160840197, 56.725597546274287 ], [ -2.443577516458531, 56.725606279022429 ], [ -2.443573842422901, 56.725615006985187 ], [ -2.443570138355343, 56.725623730087285 ], [ -2.443566403877892, 56.725632448253421 ], [ -2.443562638612581, 56.725641161408362 ], [ -2.44355884218144, 56.725649869476833 ], [ -2.443555014206505, 56.72565857238353 ], [ -2.443551154309811, 56.725667270053222 ], [ -2.443547262113388, 56.725675962410584 ], [ -2.443543337239268, 56.725684649380383 ], [ -2.443539379309485, 56.725693330887331 ], [ -2.44353538794607, 56.725702006856146 ], [ -2.443531362771055, 56.72571067721158 ], [ -2.443527303406469, 56.725719341878332 ], [ -2.443523209474344, 56.725728000781153 ], [ -2.443519080596713, 56.725736653844734 ], [ -2.443514916395603, 56.725745300993829 ], [ -2.443510716493049, 56.725753942153169 ], [ -2.443506480511075, 56.725762577247444 ], [ -2.443502208071715, 56.725771206201415 ], [ -2.443497898796993, 56.725779828939793 ], [ -2.443493552308944, 56.725788445387302 ], [ -2.443489168229595, 56.725797055468661 ], [ -2.443484746180972, 56.72580565910863 ], [ -2.443480285785106, 56.725814256231885 ], [ -2.443475786664023, 56.725822846763187 ], [ -2.443471248439753, 56.725831430627238 ], [ -2.44346667073432, 56.725840007748779 ], [ -2.443462053169753, 56.725848578052542 ], [ -2.44345739536808, 56.725857141463216 ], [ -2.443452696951326, 56.725865697905554 ], [ -2.44344795754152, 56.725874247304276 ], [ -2.443443176760684, 56.725882789584112 ], [ -2.443438354230846, 56.72589132466976 ], [ -2.443433489574032, 56.725899852485988 ], [ -2.443428582412267, 56.725908372957484 ], [ -2.443423632367578, 56.725916886008974 ], [ -2.443418639061984, 56.725925391565198 ], [ -2.443413602117515, 56.725933889550873 ], [ -2.443408521156194, 56.725942379890725 ], [ -2.443403395800047, 56.725950862509471 ], [ -2.443398225671094, 56.72595933733183 ], [ -2.44339301039136, 56.725967804282547 ], [ -2.44338774958287, 56.72597626328632 ], [ -2.443382442867646, 56.725984714267881 ], [ -2.443377089867711, 56.725993157151983 ], [ -2.443371690205089, 56.726001591863302 ], [ -2.443366243501798, 56.726010018326569 ], [ -2.443360749379867, 56.726018436466539 ], [ -2.44335520746131, 56.726026846207887 ], [ -2.443349617368159, 56.726035247475373 ], [ -2.443343978723323, 56.726043640193879 ], [ -2.443338291486375, 56.726052024350473 ], [ -2.443332556457146, 56.726060400087455 ], [ -2.443326774564385, 56.726068767570993 ], [ -2.443320946736851, 56.726077126967176 ], [ -2.443315073903298, 56.726085478442116 ], [ -2.443309156992486, 56.726093822161971 ], [ -2.443303196933174, 56.726102158292868 ], [ -2.443297194654118, 56.726110487000931 ], [ -2.44329115108408, 56.726118808452256 ], [ -2.44328506715182, 56.726127122813018 ], [ -2.443278943786101, 56.726135430249307 ], [ -2.443272781915682, 56.726143730927255 ], [ -2.443266582469329, 56.726152025013008 ], [ -2.443260346375803, 56.726160312672668 ], [ -2.443254074563868, 56.726168594072384 ], [ -2.443247767962293, 56.726176869378286 ], [ -2.44324142749984, 56.726185138756477 ], [ -2.443235054105276, 56.72619340237312 ], [ -2.443228648707369, 56.726201660394295 ], [ -2.443222212234888, 56.726209912986185 ], [ -2.443215745616601, 56.726218160314893 ], [ -2.443209249781273, 56.726226402546537 ], [ -2.443202725657683, 56.726234639847249 ], [ -2.443196174174593, 56.726242872383168 ], [ -2.44318959626078, 56.726251100320447 ], [ -2.443182992845015, 56.726259323825175 ], [ -2.443176364856069, 56.726267543063486 ], [ -2.443169713222717, 56.726275758201524 ], [ -2.443163038873734, 56.726283969405422 ], [ -2.443156342737895, 56.726292176841305 ], [ -2.443149625743974, 56.726300380675298 ], [ -2.443142888820747, 56.726308581073539 ], [ -2.443136132896994, 56.726316778202161 ], [ -2.443129358901492, 56.726324972227282 ], [ -2.443122567763018, 56.726333163315054 ], [ -2.443115760410352, 56.726341351631589 ], [ -2.443108937772275, 56.726349537343012 ], [ -2.443102100777565, 56.726357720615496 ], [ -2.443095250355004, 56.726365901615125 ], [ -2.443088387433376, 56.726374080508066 ], [ -2.443081512941461, 56.726382257460436 ], [ -2.443074627808044, 56.726390432638361 ], [ -2.443067732961906, 56.726398606208001 ], [ -2.443060829331837, 56.726406778335466 ], [ -2.443053917846618, 56.726414949186882 ], [ -2.443046999435036, 56.726423118928402 ], [ -2.44304007502588, 56.726431287726157 ], [ -2.443033145547933, 56.726439455746281 ], [ -2.443026211929985, 56.72644762315489 ], [ -2.443019275100826, 56.726455790118145 ], [ -2.443012335989244, 56.726463956802171 ], [ -2.443005395524027, 56.726472123373092 ], [ -2.442998454633969, 56.726480289997063 ], [ -2.442991514247863, 56.726488456840187 ], [ -2.442984575294496, 56.726496624068645 ], [ -2.442977638702664, 56.726504791848541 ], [ -2.442970705401157, 56.726512960346021 ], [ -2.442963776318775, 56.72652112972721 ], [ -2.442956852384309, 56.726529300158276 ], [ -2.442949934526552, 56.726537471805308 ], [ -2.442943023674303, 56.726545644834481 ], [ -2.44293612075636, 56.726553819411919 ], [ -2.442929226701519, 56.726561995703769 ], [ -2.44292234243858, 56.726570173876134 ], [ -2.442915468896338, 56.726578354095203 ], [ -2.442909381007045, 56.726585613570485 ], [ -2.442915650685597, 56.72657803442678 ], [ -2.442922446633677, 56.726569829651169 ], [ -2.442929249090912, 56.726561626149604 ], [ -2.44293605704241, 56.726553423739183 ], [ -2.442942869473286, 56.726545222237 ], [ -2.442949685368643, 56.726537021460153 ], [ -2.442956503713599, 56.726528821225756 ], [ -2.442963323493265, 56.726520621350893 ], [ -2.44297014369275, 56.726512421652671 ], [ -2.442976963297174, 56.726504221948161 ], [ -2.442983781291647, 56.726496022054505 ], [ -2.442990596661286, 56.726487821788773 ], [ -2.442997408391208, 56.72647962096805 ], [ -2.443004215466528, 56.726471419409471 ], [ -2.443011016872366, 56.726463216930114 ], [ -2.443017811593836, 56.726455013347078 ], [ -2.443024598616059, 56.726446808477483 ], [ -2.443031376924157, 56.726438602138401 ], [ -2.443038145503247, 56.726430394146966 ], [ -2.443044903338454, 56.726422184320235 ], [ -2.443051649414896, 56.726413972475349 ], [ -2.443058382717699, 56.726405758429394 ], [ -2.443065102231985, 56.726397541999461 ], [ -2.443071806942875, 56.726389323002664 ], [ -2.4430784958355, 56.726381101256109 ], [ -2.443085167894984, 56.726372876576889 ], [ -2.443091822106449, 56.726364648782109 ], [ -2.443098457455029, 56.726356417688855 ], [ -2.443105072925848, 56.726348183114276 ], [ -2.443111667504036, 56.72633994487542 ], [ -2.443118240174721, 56.726331702789423 ], [ -2.443124789923035, 56.726323456673384 ], [ -2.443131315734107, 56.726315206344395 ], [ -2.443137816593071, 56.726306951619563 ], [ -2.443144291485058, 56.726298692316007 ], [ -2.443150739395202, 56.726290428250813 ], [ -2.443157159308639, 56.72628215924108 ], [ -2.4431635502105, 56.72627388510395 ], [ -2.443169911085924, 56.726265605656486 ], [ -2.443176240920047, 56.726257320715824 ], [ -2.443182538698003, 56.726249030099048 ], [ -2.443188803404935, 56.726240733623271 ], [ -2.443195034025978, 56.726232431105593 ], [ -2.443201229546275, 56.726224122363135 ], [ -2.443207388950963, 56.726215807212981 ], [ -2.443213511225185, 56.726207485472251 ], [ -2.443219595354084, 56.726199156958046 ], [ -2.443225640322802, 56.726190821487492 ], [ -2.443231645116479, 56.726182478877675 ], [ -2.443237608720266, 56.726174128945686 ], [ -2.443243530119303, 56.726165771508668 ], [ -2.443249408298739, 56.726157406383706 ], [ -2.443255242243721, 56.726149033387912 ], [ -2.443261030939396, 56.726140652338401 ], [ -2.443266773370912, 56.726132263052271 ], [ -2.44327246852342, 56.726123865346636 ], [ -2.443278115382067, 56.726115459038596 ], [ -2.443283712932009, 56.726107043945262 ], [ -2.443289260158396, 56.72609861988375 ], [ -2.443294756046378, 56.726090186671165 ], [ -2.443300199581111, 56.726081744124599 ], [ -2.443305589747754, 56.726073292061187 ], [ -2.443310925531454, 56.726064830298007 ], [ -2.443316205917373, 56.726056358652201 ], [ -2.443321429890668, 56.726047876940868 ], [ -2.443326596438104, 56.726039384981391 ], [ -2.443331705052543, 56.726030882682373 ], [ -2.443336756450119, 56.726022370172878 ], [ -2.443341751528144, 56.726013847614588 ], [ -2.44334669118392, 56.726005315169211 ], [ -2.443351576314756, 56.725996772998421 ], [ -2.443356407817954, 56.725988221263904 ], [ -2.44336118659082, 56.725979660127365 ], [ -2.443365913530658, 56.725971089750516 ], [ -2.443370589534767, 56.725962510295005 ], [ -2.443375215500455, 56.725953921922567 ], [ -2.443379792325022, 56.725945324794871 ], [ -2.443384320905764, 56.725936719073616 ], [ -2.443388802139987, 56.725928104920492 ], [ -2.443393236924988, 56.725919482497176 ], [ -2.443397626158066, 56.725910851965395 ], [ -2.443401970736518, 56.725902213486791 ], [ -2.443406271557645, 56.72589356722311 ], [ -2.443410529518742, 56.725884913335982 ], [ -2.443414745517106, 56.725876251987145 ], [ -2.443418920450029, 56.725867583338271 ], [ -2.443423055214809, 56.725858907551057 ], [ -2.44342715070874, 56.72585022478718 ], [ -2.443431207829115, 56.725841535208339 ], [ -2.443435227473226, 56.725832838976217 ], [ -2.443439210538366, 56.72582413625252 ], [ -2.443443157921824, 56.72581542719891 ], [ -2.443447070520893, 56.725806711977107 ], [ -2.443450949232862, 56.725797990748774 ], [ -2.44345479495502, 56.725789263675615 ], [ -2.443458608584656, 56.725780530919309 ], [ -2.443462391019056, 56.725771792641559 ], [ -2.443466143155508, 56.725763049004023 ], [ -2.443469865891299, 56.725754300168425 ], [ -2.443473560123713, 56.725745546296423 ], [ -2.443477226750034, 56.725736787549735 ], [ -2.443480866667548, 56.725728024090024 ], [ -2.443484480773538, 56.725719256078982 ], [ -2.443488069965284, 56.725710483678306 ], [ -2.443491635140072, 56.725701707049694 ], [ -2.443495177195179, 56.725692926354789 ], [ -2.443498697027886, 56.725684141755323 ], [ -2.443502195535475, 56.725675353412953 ], [ -2.443505673615222, 56.72566656148939 ], [ -2.443509132164404, 56.725657766146306 ], [ -2.443512572080305, 56.725648967545382 ], [ -2.443515994260193, 56.725640165848333 ], [ -2.443519399601347, 56.725631361216813 ], [ -2.443522789001043, 56.725622553812535 ], [ -2.443526163356556, 56.725613743797147 ], [ -2.443529523565156, 56.725604931332363 ], [ -2.443532870524117, 56.725596116579887 ], [ -2.443536205130711, 56.725587299701367 ], [ -2.443539528282211, 56.725578480858502 ], [ -2.443542840875883, 56.725569660212997 ], [ -2.443546143809002, 56.725560837926501 ], [ -2.443549437978833, 56.725552014160726 ], [ -2.443552724282644, 56.725543189077356 ], [ -2.443556003617704, 56.725534362838061 ], [ -2.443559276881279, 56.72552553560454 ], [ -2.443562544970634, 56.725516707538475 ], [ -2.443565808783033, 56.725507878801558 ], [ -2.443569069215744, 56.725499049555445 ], [ -2.443572327166028, 56.725490219961841 ], [ -2.443575583531146, 56.725481390182445 ], [ -2.443578839208361, 56.725472560378918 ], [ -2.443582095094937, 56.725463730712953 ], [ -2.443585352088129, 56.725454901346239 ], [ -2.443588611085199, 56.725446072440441 ], [ -2.443591872983406, 56.725437244157249 ], [ -2.443595138680008, 56.725428416658382 ], [ -2.443598409072264, 56.725419590105474 ], [ -2.443601685057425, 56.725410764660246 ], [ -2.443604967532752, 56.725401940484367 ], [ -2.443608257395498, 56.725393117739507 ], [ -2.443611555542916, 56.725384296587372 ], [ -2.443614862872262, 56.72537547718963 ], [ -2.443618180280785, 56.72536665970798 ], [ -2.443621508665741, 56.725357844304085 ], [ -2.443624848924375, 56.725349031139629 ], [ -2.443628201953905, 56.72534022037631 ], [ -2.443631568461073, 56.725331412142481 ], [ -2.44363494852104, 56.725322606456089 ], [ -2.443638342078224, 56.725313803312197 ], [ -2.443641749077044, 56.725305002705888 ], [ -2.443645169461913, 56.725296204632237 ], [ -2.443648603177253, 56.725287409086313 ], [ -2.443652050167479, 56.725278616063193 ], [ -2.443655510377011, 56.725269825557966 ], [ -2.443658983750261, 56.725261037565687 ], [ -2.44366247023165, 56.725252252081447 ], [ -2.4436659697656, 56.725243469100306 ], [ -2.443669482296521, 56.725234688617341 ], [ -2.443673007768836, 56.725225910627643 ], [ -2.443676546126959, 56.725217135126265 ], [ -2.443680097315311, 56.725208362108312 ], [ -2.443683661278312, 56.725199591568824 ], [ -2.443687237960375, 56.725190823502878 ], [ -2.443690827305919, 56.725182057905592 ], [ -2.443694429259366, 56.725173294772006 ], [ -2.443698043765131, 56.725164534097182 ], [ -2.44370167076763, 56.72515577587621 ], [ -2.443705310211287, 56.725147020104203 ], [ -2.443708962040514, 56.725138266776177 ], [ -2.443712626199735, 56.72512951588724 ], [ -2.443716302633368, 56.725120767432458 ], [ -2.443719991285827, 56.725112021406908 ], [ -2.443723692101533, 56.725103277805665 ], [ -2.443727405024907, 56.725094536623793 ], [ -2.443731130000363, 56.725085797856387 ], [ -2.443734866972322, 56.72507706149851 ], [ -2.443738615885204, 56.725068327545237 ], [ -2.443742376683428, 56.725059595991645 ], [ -2.443746149311412, 56.72505086683281 ], [ -2.443749933713573, 56.725042140063806 ], [ -2.443753729834332, 56.725033415679697 ], [ -2.443757537618107, 56.725024693675572 ], [ -2.443761357009319, 56.725015974046521 ], [ -2.443765187952384, 56.725007256787592 ], [ -2.443769030391724, 56.724998541893861 ], [ -2.443772884271757, 56.724989829360432 ], [ -2.443776749536903, 56.724981119182345 ], [ -2.44378062613158, 56.724972411354678 ], [ -2.44378451400021, 56.724963705872533 ], [ -2.443788413087209, 56.724955002730965 ], [ -2.443792323337, 56.724946301925051 ], [ -2.443796244693999, 56.724937603449874 ], [ -2.443800177102628, 56.724928907300509 ], [ -2.443804120507306, 56.724920213472018 ], [ -2.443808074852453, 56.724911521959484 ], [ -2.443812040082488, 56.724902832757984 ], [ -2.443816016141835, 56.724894145862585 ], [ -2.443820002974905, 56.724885461268372 ], [ -2.443824000526125, 56.724876778970426 ], [ -2.443828008739915, 56.724868098963803 ], [ -2.443832027560692, 56.724859421243593 ], [ -2.443836056932878, 56.724850745804865 ], [ -2.44383832167066, 56.724845883642324 ] ] ], [ [ [ -2.442530816841801, 56.727110549898967 ], [ -2.442530028975598, 56.727111875783521 ], [ -2.44252499860227, 56.727120392168125 ], [ -2.442519995299929, 56.72712891342217 ], [ -2.442515018833773, 56.727137439501057 ], [ -2.442510068969009, 56.72714597036012 ], [ -2.442505145470836, 56.727154505954758 ], [ -2.442500248104463, 56.727163046240307 ], [ -2.442495376635086, 56.72717159117213 ], [ -2.442490530827915, 56.727180140705592 ], [ -2.442485710448145, 56.727188694796062 ], [ -2.442480915260983, 56.727197253398899 ], [ -2.44247614503163, 56.72720581646945 ], [ -2.44247139952529, 56.727214383963116 ], [ -2.44246667850716, 56.727222955835217 ], [ -2.442461981742445, 56.727231532041152 ], [ -2.442457308996345, 56.727240112536251 ], [ -2.442452660034064, 56.727248697275904 ], [ -2.4424480346208, 56.727257286215448 ], [ -2.442443432521755, 56.727265879310274 ], [ -2.442438853502129, 56.727274476515717 ], [ -2.442434297327123, 56.727283077787156 ], [ -2.442429763761939, 56.72729168307994 ], [ -2.442425252571777, 56.727300292349454 ], [ -2.442420763521834, 56.727308905551013 ], [ -2.442416296377314, 56.727317522640043 ], [ -2.442411850903413, 56.727326143571858 ], [ -2.44240742686533, 56.727334768301844 ], [ -2.442403024028268, 56.727343396785358 ], [ -2.442398642157426, 56.727352028977734 ], [ -2.442394281017999, 56.727360664834386 ], [ -2.442389940375192, 56.727369304310628 ], [ -2.442385619994196, 56.727377947361852 ], [ -2.442381319640216, 56.727386593943407 ], [ -2.442377039078445, 56.727395244010651 ], [ -2.442372778074084, 56.727403897518954 ], [ -2.442368536392332, 56.727412554423658 ], [ -2.442364313798385, 56.727421214680163 ], [ -2.442360110057439, 56.727429878243804 ], [ -2.442355924934695, 56.727438545069944 ], [ -2.442351758195346, 56.727447215113941 ], [ -2.442347609604593, 56.727455888331164 ], [ -2.442343478927629, 56.727464564676964 ], [ -2.442339365929654, 56.727473244106719 ], [ -2.442335270375864, 56.72748192657577 ], [ -2.442331192031451, 56.72749061203951 ], [ -2.442327130661616, 56.727499300453267 ], [ -2.442323086031553, 56.727507991772406 ], [ -2.442319057906459, 56.727516685952288 ], [ -2.442315046051526, 56.727525382948308 ], [ -2.442311050231951, 56.727534082715778 ], [ -2.442307070212931, 56.727542785210098 ], [ -2.442303105759659, 56.727551490386602 ], [ -2.44229915663733, 56.727560198200656 ], [ -2.442295222611139, 56.727568908607651 ], [ -2.442291303446279, 56.727577621562901 ], [ -2.442287398907946, 56.727586337021798 ], [ -2.442283508761333, 56.727595054939698 ], [ -2.442279632771634, 56.727603775271938 ], [ -2.442275770704041, 56.727612497973901 ], [ -2.442271922323751, 56.727621223000945 ], [ -2.442268087395953, 56.727629950308426 ], [ -2.442264265685844, 56.727638679851715 ], [ -2.442260456958613, 56.727647411586155 ], [ -2.442256660979456, 56.727656145467115 ], [ -2.442252877513564, 56.727664881449968 ], [ -2.44224910632613, 56.727673619490034 ], [ -2.442245347182342, 56.727682359542726 ], [ -2.442241599847396, 56.727691101563387 ], [ -2.442237864086485, 56.727699845507352 ], [ -2.442234139664797, 56.727708591330007 ], [ -2.442230426347521, 56.727717338986707 ], [ -2.442226723899857, 56.727726088432803 ], [ -2.442223032086987, 56.727734839623658 ], [ -2.442219350674105, 56.727743592514642 ], [ -2.442215679426403, 56.727752347061099 ], [ -2.442212018109068, 56.727761103218405 ], [ -2.442208366487292, 56.727769860941905 ], [ -2.442204724326263, 56.727778620186974 ], [ -2.442201091391177, 56.727787380908964 ], [ -2.442197467447216, 56.727796143063237 ], [ -2.442193852259574, 56.727804906605158 ], [ -2.442190245593437, 56.727813671490061 ], [ -2.442186647213997, 56.727822437673339 ], [ -2.442183056886439, 56.727831205110334 ], [ -2.442179474375952, 56.727839973756396 ], [ -2.44217589944773, 56.727848743566909 ], [ -2.442172331866955, 56.727857514497224 ], [ -2.442168771398816, 56.727866286502703 ], [ -2.442165217808502, 56.727875059538668 ], [ -2.442161670861201, 56.727883833560554 ], [ -2.442158130322098, 56.727892608523653 ], [ -2.442154595956382, 56.727901384383358 ], [ -2.442151067529242, 56.727910161095004 ], [ -2.442147544805859, 56.727918938613975 ], [ -2.442144027551424, 56.727927716895621 ], [ -2.442140515531123, 56.7279364958953 ], [ -2.442137008510141, 56.727945275568374 ], [ -2.442133506253662, 56.727954055870185 ], [ -2.442130008526878, 56.727962836756134 ], [ -2.442126515094967, 56.727971618181535 ], [ -2.44212302572312, 56.727980400101764 ], [ -2.442119540176518, 56.727989182472193 ], [ -2.442116058220349, 56.727997965248157 ], [ -2.442112579619797, 56.728006748385042 ], [ -2.442109104140046, 56.728015531838196 ], [ -2.442105631546283, 56.728024315562955 ], [ -2.442102161603686, 56.728033099514725 ], [ -2.442098694077444, 56.728041883648821 ], [ -2.44209522873274, 56.72805066792062 ], [ -2.442091765334756, 56.728059452285478 ], [ -2.442088303648676, 56.728068236698753 ], [ -2.442084843439683, 56.728077021115823 ], [ -2.442081384472961, 56.728085805492015 ], [ -2.442077926513693, 56.728094589782714 ], [ -2.442074469327061, 56.728103373943256 ], [ -2.442071012678248, 56.728112157929033 ], [ -2.442067556332432, 56.728120941695352 ], [ -2.442064100054798, 56.728129725197618 ], [ -2.44206064361053, 56.728138508391162 ], [ -2.442057186764808, 56.72814729123138 ], [ -2.442053729282812, 56.728156073673588 ], [ -2.442050270929723, 56.728164855673164 ], [ -2.442046811470724, 56.728173637185456 ], [ -2.442043350670994, 56.728182418165844 ], [ -2.442039888295714, 56.728191198569668 ], [ -2.442036424110064, 56.728199978352279 ], [ -2.442032957879226, 56.728208757469069 ], [ -2.442029489368378, 56.728217535875359 ], [ -2.442026018342701, 56.728226313526534 ], [ -2.442022544567374, 56.728235090377936 ], [ -2.442019067807575, 56.728243866384929 ], [ -2.442015587828485, 56.72825264150287 ], [ -2.442012104395282, 56.728261415687115 ], [ -2.442008617273145, 56.728270188893028 ], [ -2.442005126227253, 56.728278961075965 ], [ -2.442001631022785, 56.728287732191276 ], [ -2.441998131424917, 56.728296502194347 ], [ -2.441994627198829, 56.728305271040512 ], [ -2.441991118109697, 56.728314038685134 ], [ -2.44199106998728, 56.728314158730065 ], [ -2.441994392215701, 56.728305470905021 ], [ -2.441997747450663, 56.728296692731782 ], [ -2.442001101685312, 56.728287913712187 ], [ -2.442004455122667, 56.728279133887256 ], [ -2.442007807965743, 56.728270353297987 ], [ -2.442011160417557, 56.728261571985357 ], [ -2.442014512681125, 56.7282527899904 ], [ -2.442017864959464, 56.728244007354114 ], [ -2.442021217455587, 56.728235224117491 ], [ -2.442024570372512, 56.728226440321556 ], [ -2.442027923913252, 56.72821765600731 ], [ -2.442031278280823, 56.728208871215742 ], [ -2.442034633678238, 56.728200085987872 ], [ -2.442037990308515, 56.728191300364685 ], [ -2.442041348374667, 56.728182514387214 ], [ -2.442044708079709, 56.728173728096436 ], [ -2.442048069626655, 56.728164941533386 ], [ -2.442051433218519, 56.72815615473904 ], [ -2.442054799058313, 56.728147367754396 ], [ -2.442058167349052, 56.728138580620509 ], [ -2.442061538293751, 56.728129793378336 ], [ -2.442064912095422, 56.728121006068889 ], [ -2.442068288957079, 56.728112218733173 ], [ -2.442071669081735, 56.728103431412201 ], [ -2.442075052672399, 56.728094644146978 ], [ -2.442078439932088, 56.72808585697851 ], [ -2.442081831063813, 56.72807706994778 ], [ -2.442085226270586, 56.728068283095823 ], [ -2.442088625755423, 56.728059496463615 ], [ -2.442092029721329, 56.728050710092184 ], [ -2.442095438371319, 56.728041924022513 ], [ -2.442098851908407, 56.728033138295629 ], [ -2.442102270535603, 56.728024352952509 ], [ -2.442105694455916, 56.728015568034174 ], [ -2.44210912387236, 56.728006783581627 ], [ -2.442112558987943, 56.727997999635861 ], [ -2.44211600000568, 56.727989216237908 ], [ -2.442119447128578, 56.727980433428733 ], [ -2.442122900559648, 56.727971651249376 ], [ -2.442126360501901, 56.727962869740814 ], [ -2.442129827158347, 56.727954088944067 ], [ -2.442133300731996, 56.727945308900125 ], [ -2.442136781425857, 56.727936529650016 ], [ -2.442140269442941, 56.727927751234709 ], [ -2.442143764986255, 56.727918973695232 ], [ -2.44214726825881, 56.727910197072596 ], [ -2.442150779463614, 56.727901421407779 ], [ -2.442154298803678, 56.727892646741807 ], [ -2.442157826482009, 56.727883873115651 ], [ -2.442161362701616, 56.727875100570373 ], [ -2.442164907665506, 56.72786632914692 ], [ -2.442168461576691, 56.727857558886306 ], [ -2.442172024638172, 56.727848789829572 ], [ -2.442175597052966, 56.727840022017681 ], [ -2.442179179024072, 56.727831255491658 ], [ -2.442182770754503, 56.727822490292496 ], [ -2.442186372447265, 56.727813726461186 ], [ -2.442189984305365, 56.727804964038768 ], [ -2.44219360653181, 56.727796203066212 ], [ -2.442197239329605, 56.727787443584546 ], [ -2.442200882901763, 56.727778685634746 ], [ -2.44220453745128, 56.727769929257839 ], [ -2.442208203181172, 56.727761174494816 ], [ -2.442211880294442, 56.727752421386683 ], [ -2.442215568994095, 56.727743669974437 ], [ -2.442219269483135, 56.727734920299099 ], [ -2.442222981964572, 56.727726172401653 ], [ -2.44222670664141, 56.727717426323117 ], [ -2.442230443716654, 56.727708682104499 ], [ -2.442234193393308, 56.727699939786767 ], [ -2.442237955874378, 56.727691199410948 ], [ -2.44224173136287, 56.727682461018077 ], [ -2.442245520061785, 56.727673724649094 ], [ -2.442249322174134, 56.727664990345033 ], [ -2.442253137902913, 56.727656258146901 ], [ -2.442256967451133, 56.727647528095702 ], [ -2.442260811021796, 56.727638800232427 ], [ -2.442264668817906, 56.727630074598082 ], [ -2.442268541042464, 56.72762135123368 ], [ -2.442272427898477, 56.727612630180197 ], [ -2.442276329588947, 56.727603911478667 ], [ -2.442280246316876, 56.727595195170089 ], [ -2.442284178285269, 56.727586481295454 ], [ -2.442288125697129, 56.727577769895753 ], [ -2.442292088755456, 56.727569061012012 ], [ -2.442296067663255, 56.727560354685224 ], [ -2.442300062623529, 56.727551650956407 ], [ -2.442304073839277, 56.727542949866518 ], [ -2.442308101513505, 56.727534251456618 ], [ -2.442312145849211, 56.727525555767663 ], [ -2.4423162070494, 56.727516862840673 ], [ -2.44232028531707, 56.727508172716668 ], [ -2.442324380855228, 56.727499485436617 ], [ -2.442328493866869, 56.727490801041554 ], [ -2.442332624554997, 56.72748211957245 ], [ -2.442336773122614, 56.727473441070323 ], [ -2.442340939772719, 56.727464765576187 ], [ -2.442345124708315, 56.727456093131032 ], [ -2.442349328132399, 56.727447423775864 ], [ -2.442353550247972, 56.727438757551667 ], [ -2.442357791258039, 56.727430094499461 ], [ -2.442362051365594, 56.727421434660251 ], [ -2.442366330773641, 56.727412778075028 ], [ -2.442370629685175, 56.727404124784783 ], [ -2.442374948303199, 56.727395474830558 ], [ -2.442379286830712, 56.727386828253302 ], [ -2.442383645470712, 56.727378185094075 ], [ -2.442388024426202, 56.727369545393834 ], [ -2.442392423900172, 56.727360909193592 ], [ -2.442396844095632, 56.727352276534361 ], [ -2.442401285215573, 56.727343647457111 ], [ -2.442405747462995, 56.727335022002897 ], [ -2.442410231040899, 56.727326400212689 ], [ -2.442414736152278, 56.727317782127471 ], [ -2.442419263000136, 56.727309167788277 ], [ -2.442423811787466, 56.727300557236084 ], [ -2.442428382717268, 56.727291950511926 ], [ -2.442432975992539, 56.727283347656765 ], [ -2.442437591816276, 56.727274748711615 ], [ -2.442442230391478, 56.727266153717501 ], [ -2.442446891921139, 56.727257562715401 ], [ -2.44245157660826, 56.727248975746306 ], [ -2.442456284655836, 56.72724039285125 ], [ -2.442461016266861, 56.727231814071196 ], [ -2.442465771644334, 56.727223239447184 ], [ -2.442470550991251, 56.727214669020192 ], [ -2.44247535451061, 56.727206102831211 ], [ -2.442480182405402, 56.727197540921267 ], [ -2.44248503487863, 56.727188983331352 ], [ -2.442489912133285, 56.727180430102443 ], [ -2.44249481437236, 56.727171881275574 ], [ -2.442499741798859, 56.727163336891749 ], [ -2.442504694615769, 56.727154796991925 ], [ -2.442509673026091, 56.727146261617143 ], [ -2.442514677232817, 56.727137730808401 ], [ -2.442519707438942, 56.727129204606669 ], [ -2.442524763847461, 56.727120683052995 ], [ -2.442529846661372, 56.72711216618832 ], [ -2.442530816841801, 56.727110549898967 ] ] ], [ [ [ -2.441664520257973, 56.729198763456615 ], [ -2.441664098575898, 56.729200308274457 ], [ -2.441661695853004, 56.729209170127149 ], [ -2.441659308270289, 56.729218033719135 ], [ -2.441656935205109, 56.729226898978396 ], [ -2.441654576034822, 56.72923576583284 ], [ -2.441652230136778, 56.729244634210431 ], [ -2.441649896888332, 56.729253504039121 ], [ -2.441647575666839, 56.729262375246847 ], [ -2.44164526584965, 56.729271247761559 ], [ -2.441642966814117, 56.729280121511209 ], [ -2.44164067793759, 56.729288996423726 ], [ -2.441638398597422, 56.729297872427068 ], [ -2.441636128170963, 56.729306749449186 ], [ -2.441633866035561, 56.729315627418025 ], [ -2.441631611568567, 56.729324506261527 ], [ -2.441629364147329, 56.729333385907644 ], [ -2.441627123149196, 56.729342266284313 ], [ -2.441624887951514, 56.729351147319491 ], [ -2.441622657931632, 56.729360028941095 ], [ -2.441620432466892, 56.72936891107711 ], [ -2.441618210934644, 56.729377793655466 ], [ -2.44161599271223, 56.729386676604101 ], [ -2.441613777177, 56.729395559850971 ], [ -2.441611563706294, 56.729404443324015 ], [ -2.441609351677455, 56.729413326951175 ], [ -2.441607140467829, 56.729422210660417 ], [ -2.441604929454757, 56.729431094379663 ], [ -2.441602718015578, 56.729439978036872 ], [ -2.441600505527636, 56.729448861559987 ], [ -2.441598291368273, 56.72945774487696 ], [ -2.441596074914827, 56.729466627915698 ], [ -2.44159385554464, 56.72947551060421 ], [ -2.441591632635048, 56.729484392870397 ], [ -2.441589405563392, 56.729493274642202 ], [ -2.441587173707008, 56.729502155847605 ], [ -2.441584936443235, 56.729511036414515 ], [ -2.441582693149409, 56.729519916270881 ], [ -2.441580443202866, 56.729528795344677 ], [ -2.441578185980941, 56.729537673563819 ], [ -2.441575920860973, 56.729546550856263 ], [ -2.441573647220291, 56.729555427149954 ], [ -2.441571364436233, 56.729564302372836 ], [ -2.441569071886131, 56.729573176452845 ], [ -2.441566768947318, 56.729582049317948 ], [ -2.441564454997127, 56.729590920896065 ], [ -2.441562129412888, 56.729599791115156 ], [ -2.441559791571933, 56.729608659903157 ], [ -2.441557440851596, 56.729617527188012 ], [ -2.441555076629202, 56.729626392897678 ], [ -2.441552698282081, 56.72963525696008 ], [ -2.441550305187567, 56.729644119303174 ], [ -2.441547896722983, 56.729652979854905 ], [ -2.44154547226566, 56.729661838543208 ], [ -2.441543031192923, 56.729670695296051 ], [ -2.441540572882102, 56.72967955004134 ], [ -2.44153809671052, 56.729688402707048 ], [ -2.441535602055503, 56.729697253221104 ], [ -2.441533088294379, 56.729706101511468 ], [ -2.441530554804467, 56.729714947506075 ], [ -2.441528000963099, 56.729723791132848 ], [ -2.441525426147593, 56.729732632319767 ], [ -2.441522829735271, 56.729741470994746 ], [ -2.441520211103457, 56.729750307085745 ], [ -2.441517569629474, 56.729759140520706 ], [ -2.441514904690642, 56.729767971227567 ], [ -2.441512215664284, 56.729776799134278 ], [ -2.441509501927715, 56.72978562416877 ], [ -2.44150676285826, 56.729794446258992 ], [ -2.441503997833235, 56.729803265332905 ], [ -2.441501206229961, 56.729812081318421 ], [ -2.44149838742575, 56.729820894143501 ], [ -2.44149554079793, 56.729829703736094 ], [ -2.441492665723807, 56.729838510024123 ], [ -2.441489761580704, 56.729847312935526 ], [ -2.441486827745936, 56.729856112398274 ], [ -2.441483863597125, 56.729864908340268 ], [ -2.441480868586429, 56.729873700682305 ], [ -2.441477842337247, 56.729882489328894 ], [ -2.441474784496925, 56.729891274182222 ], [ -2.441471694712812, 56.729900055144483 ], [ -2.441468572632252, 56.729908832117914 ], [ -2.44146541790259, 56.729917605004687 ], [ -2.441462230171174, 56.729926373707016 ], [ -2.44145900908535, 56.729935138127132 ], [ -2.441455754292462, 56.7299438981672 ], [ -2.441452465439856, 56.729952653729441 ], [ -2.441449142174875, 56.729961404716057 ], [ -2.441445784144865, 56.729970151029264 ], [ -2.441442390997171, 56.729978892571232 ], [ -2.441438962379135, 56.729987629244199 ], [ -2.441435497938105, 56.729996360950359 ], [ -2.441431997321418, 56.730005087591906 ], [ -2.441428460176421, 56.730013809071046 ], [ -2.441424886150457, 56.730022525289989 ], [ -2.441421274890871, 56.730031236150936 ], [ -2.441417626044998, 56.730039941556072 ], [ -2.441413939260189, 56.730048641407642 ], [ -2.441410214183783, 56.730057335607817 ], [ -2.441406450463119, 56.730066024058793 ], [ -2.441402647745541, 56.730074706662791 ], [ -2.44139880567839, 56.730083383322011 ], [ -2.441394923909005, 56.730092053938662 ], [ -2.441391002084728, 56.730100718414917 ], [ -2.4413870398529, 56.730109376653012 ], [ -2.441383036860862, 56.73011802855514 ], [ -2.441378992755954, 56.730126674023495 ], [ -2.441374907185512, 56.730135312960272 ], [ -2.44137077979688, 56.730143945267699 ], [ -2.441366610237396, 56.730152570847956 ], [ -2.441362398154397, 56.730161189603258 ], [ -2.441358143195226, 56.7301698014358 ], [ -2.441353845007218, 56.730178406247795 ], [ -2.441349503237711, 56.730187003941424 ], [ -2.441345117534047, 56.730195594418902 ], [ -2.441340687543563, 56.730204177582415 ], [ -2.441336212913594, 56.730212753334193 ], [ -2.441331693291478, 56.730221321576416 ], [ -2.441327128324553, 56.730229882211276 ], [ -2.441322517660158, 56.730238435141004 ], [ -2.441317860945627, 56.730246980267786 ], [ -2.441313157828299, 56.730255517493809 ], [ -2.441308407955508, 56.730264046721302 ], [ -2.441303610974593, 56.730272567852438 ], [ -2.441298766532887, 56.730281080789425 ], [ -2.441293874277727, 56.730289585434484 ], [ -2.44128893385645, 56.730298081689781 ], [ -2.44128394491639, 56.730306569457547 ], [ -2.441278907104881, 56.730315048639959 ], [ -2.441273820069261, 56.73032351913924 ], [ -2.441268683456865, 56.730331980857571 ], [ -2.441263496915024, 56.730340433697151 ], [ -2.441258260091075, 56.730348877560182 ], [ -2.441252972632352, 56.730357312348879 ], [ -2.441247634186186, 56.730365737965428 ], [ -2.441242244399918, 56.730374154312024 ], [ -2.441236802920875, 56.730382561290874 ], [ -2.441231309396394, 56.730390958804172 ], [ -2.441225763473803, 56.730399346754119 ], [ -2.441220164800443, 56.730407725042909 ], [ -2.441214513023644, 56.730416093572757 ], [ -2.441208807790738, 56.730424452245835 ], [ -2.441203048749054, 56.730432800964373 ], [ -2.441197235545933, 56.730441139630535 ], [ -2.4411913678287, 56.730449468146546 ], [ -2.441185445244689, 56.73045778641459 ], [ -2.441179467441233, 56.730466094336869 ], [ -2.441173434065666, 56.730474391815576 ], [ -2.441167344765315, 56.730482678752928 ], [ -2.441161199187514, 56.730490955051089 ], [ -2.441154996979593, 56.73049922061228 ], [ -2.441148737788887, 56.73050747533869 ], [ -2.441142421262723, 56.730515719132519 ], [ -2.441136047048431, 56.730523951895961 ], [ -2.441129614793349, 56.730532173531216 ], [ -2.4411231241448, 56.730540383940465 ], [ -2.441116574750116, 56.730548583025936 ], [ -2.441109966705704, 56.730556770779387 ], [ -2.441103302267177, 56.730564947623407 ], [ -2.441096584338299, 56.730573114109838 ], [ -2.44108981582296, 56.73058127079063 ], [ -2.44108299962505, 56.730589418217633 ], [ -2.441076138648463, 56.730597556942783 ], [ -2.441069235797096, 56.730605687517979 ], [ -2.441062293974847, 56.730613810495122 ], [ -2.441055316085619, 56.730621926426089 ], [ -2.441048305033312, 56.730630035862831 ], [ -2.441041263721832, 56.730638139357225 ], [ -2.441034195055084, 56.730646237461194 ], [ -2.441027101936978, 56.730654330726615 ], [ -2.441019987271426, 56.730662419705432 ], [ -2.441012853962341, 56.730670504949522 ], [ -2.441005704913636, 56.730678587010814 ], [ -2.44099854302923, 56.730686666441208 ], [ -2.440991371213041, 56.730694743792618 ], [ -2.44098419236899, 56.730702819616972 ], [ -2.440977009401002, 56.730710894466135 ], [ -2.440969825213003, 56.73071896889207 ], [ -2.440962642708915, 56.730727043446642 ], [ -2.440955464792674, 56.730735118681814 ], [ -2.440948294368207, 56.730743195149458 ], [ -2.440941134339449, 56.730751273401516 ], [ -2.440933987610336, 56.730759353989889 ], [ -2.440926857084806, 56.730767437466504 ], [ -2.440919745666797, 56.730775524383276 ], [ -2.440912656260253, 56.730783615292118 ], [ -2.440905591769115, 56.73079171074496 ], [ -2.440898555097333, 56.730799811293693 ], [ -2.44089154914885, 56.73080791749026 ], [ -2.44088457682762, 56.730816029886597 ], [ -2.440877641037591, 56.730824149034582 ], [ -2.440870744682721, 56.730832275486186 ], [ -2.440863890666968, 56.730840409793274 ], [ -2.440857081894283, 56.730848552507808 ], [ -2.440850934144543, 56.730855965202245 ], [ -2.440854281766664, 56.730851087571139 ], [ -2.440860037460645, 56.730842687931613 ], [ -2.44086578483786, 56.730834286818563 ], [ -2.440871523743453, 56.730825884209921 ], [ -2.440877254022563, 56.730817480083608 ], [ -2.440882975520339, 56.730809074417614 ], [ -2.440888688081919, 56.730800667189847 ], [ -2.440894391552447, 56.73079225837823 ], [ -2.440900085777068, 56.730783847960751 ], [ -2.440905770600926, 56.730775435915334 ], [ -2.440911445869162, 56.730767022219922 ], [ -2.440917111426925, 56.730758606852461 ], [ -2.440922767119353, 56.730750189790889 ], [ -2.440928412791594, 56.730741771013165 ], [ -2.44093404828879, 56.730733350497204 ], [ -2.440939673456086, 56.730724928220972 ], [ -2.440945288138626, 56.730716504162416 ], [ -2.440950892181553, 56.730708078299465 ], [ -2.440956485430017, 56.730699650610063 ], [ -2.440962067729158, 56.730691221072171 ], [ -2.440967638924121, 56.73068278966371 ], [ -2.440973198860054, 56.730674356362627 ], [ -2.440978747382098, 56.730665921146894 ], [ -2.440984284335403, 56.730657483994399 ], [ -2.440989809565111, 56.730649044883137 ], [ -2.440995322916369, 56.730640603791038 ], [ -2.441000824234321, 56.730632160696025 ], [ -2.441006313364117, 56.73062371557608 ], [ -2.441011790150898, 56.73061526840911 ], [ -2.441017254439814, 56.730606819173083 ], [ -2.441022706076005, 56.730598367845921 ], [ -2.441028144904624, 56.730589914405599 ], [ -2.441033570770817, 56.730581458830017 ], [ -2.441038983519728, 56.730573001097156 ], [ -2.441044382996503, 56.730564541184954 ], [ -2.44104976904629, 56.730556079071341 ], [ -2.441055141514238, 56.73054761473427 ], [ -2.441060500245492, 56.730539148151692 ], [ -2.441065845085197, 56.730530679301538 ], [ -2.441071175878505, 56.730522208161737 ], [ -2.441076492470561, 56.730513734710286 ], [ -2.441081794706514, 56.730505258925071 ], [ -2.441087082431509, 56.730496780784073 ], [ -2.441092355490695, 56.730488300265215 ], [ -2.441097613729221, 56.73047981734647 ], [ -2.441102856992237, 56.730471332005735 ], [ -2.441108085124886, 56.730462844220995 ], [ -2.44111329797232, 56.730454353970195 ], [ -2.441118495379687, 56.730445861231232 ], [ -2.441123677192139, 56.730437365982105 ], [ -2.441128843254817, 56.730428868200732 ], [ -2.441133993412875, 56.730420367865065 ], [ -2.441139127511461, 56.730411864953048 ], [ -2.441144245395726, 56.73040335944259 ], [ -2.441149346910818, 56.730394851311708 ], [ -2.441154431901885, 56.730386340538281 ], [ -2.441159500214078, 56.730377827100298 ], [ -2.441164551692548, 56.730369310975675 ], [ -2.441169586182443, 56.730360792142356 ], [ -2.441174603528911, 56.730352270578308 ], [ -2.44117960357711, 56.730343746261454 ], [ -2.44118458617218, 56.730335219169746 ], [ -2.441189551159279, 56.730326689281142 ], [ -2.441194498383553, 56.730318156573553 ], [ -2.441199427690154, 56.730309621024958 ], [ -2.441204338924234, 56.730301082613295 ], [ -2.441209231930942, 56.730292541316494 ], [ -2.441214106555433, 56.730283997112501 ], [ -2.441218962642854, 56.73027544997926 ], [ -2.441223800038358, 56.730266899894737 ], [ -2.441228618587096, 56.730258346836855 ], [ -2.441233418134219, 56.730249790783567 ], [ -2.441238198524881, 56.730241231712832 ], [ -2.441242959604233, 56.730232669602557 ], [ -2.441247701217424, 56.730224104430725 ], [ -2.44125242320961, 56.730215536175237 ], [ -2.441257125425942, 56.73020696481408 ], [ -2.441261807711574, 56.730198390325192 ], [ -2.441266469911656, 56.730189812686511 ], [ -2.441271111871341, 56.730181231875974 ], [ -2.441275733435782, 56.730172647871534 ], [ -2.441280334450133, 56.730164060651134 ], [ -2.441284914759548, 56.730155470192713 ], [ -2.441289474209176, 56.730146876474222 ], [ -2.441294012644177, 56.730138279473621 ], [ -2.4412985299097, 56.730129679168826 ], [ -2.441303025850897, 56.730121075537802 ], [ -2.441307500312926, 56.730112468558481 ], [ -2.441311953140939, 56.730103858208814 ], [ -2.441316384180092, 56.73009524446676 ], [ -2.441320793275538, 56.730086627310243 ], [ -2.441325180272427, 56.730078006717207 ], [ -2.441329545015921, 56.730069382665619 ], [ -2.441333887351171, 56.730060755133408 ], [ -2.441338207123332, 56.730052124098513 ], [ -2.441342504177558, 56.730043489538886 ], [ -2.441346778359005, 56.730034851432478 ], [ -2.441351029512831, 56.730026209757227 ], [ -2.441355257484189, 56.730017564491085 ], [ -2.441359462118232, 56.730008915611997 ], [ -2.441363643260119, 56.730000263097899 ], [ -2.441367800755003, 56.729991606926745 ], [ -2.441371934448043, 56.729982947076451 ], [ -2.441376044184394, 56.729974283525017 ], [ -2.441380129809212, 56.729965616250347 ], [ -2.441384191167654, 56.729956945230391 ], [ -2.441388228104875, 56.72994827044311 ], [ -2.441392240466035, 56.72993959186644 ], [ -2.441396228096287, 56.729930909478334 ], [ -2.441400190840788, 56.729922223256708 ], [ -2.4414041285447, 56.729913533179534 ], [ -2.441408041053174, 56.729904839224751 ], [ -2.441411928211373, 56.729896141370311 ], [ -2.441415789864451, 56.729887439594151 ], [ -2.441419625857566, 56.729878733874223 ], [ -2.441423436035878, 56.729870024188443 ], [ -2.441427220244543, 56.729861310514806 ], [ -2.441430978328867, 56.729852592831229 ], [ -2.441434710264029, 56.729843871136332 ], [ -2.441438416392605, 56.729835145487037 ], [ -2.441442097121686, 56.72982641595047 ], [ -2.441445752858367, 56.729817682593755 ], [ -2.441449384009739, 56.729808945484095 ], [ -2.441452990982892, 56.729800204688623 ], [ -2.441456574184921, 56.729791460274463 ], [ -2.441460134022917, 56.729782712308797 ], [ -2.441463670903969, 56.729773960858772 ], [ -2.44146718523517, 56.729765205991534 ], [ -2.441470677423608, 56.729756447774221 ], [ -2.441474147876374, 56.729747686274003 ], [ -2.441477597000557, 56.729738921558024 ], [ -2.441481025203247, 56.729730153693417 ], [ -2.441484432891533, 56.729721382747378 ], [ -2.441487820472502, 56.729712608787004 ], [ -2.441491188353246, 56.729703831879469 ], [ -2.441494536940848, 56.729695052091913 ], [ -2.4414978666424, 56.729686269491502 ], [ -2.441501177864985, 56.729677484145384 ], [ -2.441504471015692, 56.729668696120697 ], [ -2.441507746501611, 56.729659905484596 ], [ -2.441511004729822, 56.729651112304246 ], [ -2.441514246107413, 56.72964231664676 ], [ -2.44151747104147, 56.729633518579313 ], [ -2.441520679939081, 56.729624718169063 ], [ -2.441523873207325, 56.729615915483137 ], [ -2.441527051253293, 56.729607110588695 ], [ -2.441530214484061, 56.729598303552883 ], [ -2.441533363306723, 56.729589494442862 ], [ -2.441536498128353, 56.729580683325779 ], [ -2.441539619356039, 56.729571870268771 ], [ -2.441542727396861, 56.729563055339 ], [ -2.441545822657906, 56.729554238603598 ], [ -2.441548905546252, 56.729545420129725 ], [ -2.44155197646898, 56.729536599984527 ], [ -2.441555035833174, 56.729527778235159 ], [ -2.441558084045913, 56.729518954948773 ], [ -2.441561121514282, 56.729510130192516 ], [ -2.441564148645355, 56.729501304033519 ], [ -2.441567165846215, 56.729492476538951 ], [ -2.441570173523942, 56.729483647775936 ], [ -2.441573172085615, 56.729474817811663 ], [ -2.44157616193831, 56.729465986713251 ], [ -2.44157914348911, 56.729457154547845 ], [ -2.441582117145089, 56.72944832138262 ], [ -2.441585083313327, 56.729439487284701 ], [ -2.441588042400902, 56.729430652321255 ], [ -2.441590994814891, 56.729421816559402 ], [ -2.441593940962369, 56.729412980066321 ], [ -2.441596881250414, 56.729404142909139 ], [ -2.441599816086101, 56.729395305155016 ], [ -2.441602745876505, 56.729386466871098 ], [ -2.441605671028703, 56.729377628124546 ], [ -2.44160859194977, 56.729368788982477 ], [ -2.441611509046779, 56.729359949512052 ], [ -2.441614422726804, 56.729351109780431 ], [ -2.441617333396922, 56.729342269854747 ], [ -2.441620241464203, 56.729333429802161 ], [ -2.44162314733572, 56.729324589689817 ], [ -2.441626051418551, 56.729315749584863 ], [ -2.441628954119763, 56.729306909554452 ], [ -2.44163185584643, 56.729298069665717 ], [ -2.441634757005623, 56.72928922998581 ], [ -2.441637658004415, 56.729280390581891 ], [ -2.441640559249875, 56.729271551521087 ], [ -2.441643461149077, 56.729262712870558 ], [ -2.441646364109084, 56.729253874697463 ], [ -2.441649268536976, 56.729245037068935 ], [ -2.441652174839815, 56.729236200052114 ], [ -2.441655083424675, 56.729227363714166 ], [ -2.441657994698619, 56.729218528122239 ], [ -2.441660909068723, 56.729209693343464 ], [ -2.441663826942051, 56.729200859444987 ], [ -2.441664520257973, 56.729198763456615 ] ] ], [ [ [ -2.440595586838366, 56.731218933832885 ], [ -2.440592949320807, 56.731223031472652 ], [ -2.440587531621903, 56.731231446271558 ], [ -2.440582110921226, 56.731239861104648 ], [ -2.440576685771004, 56.731248275715515 ], [ -2.440571254723465, 56.73125668984774 ], [ -2.440565816330837, 56.731265103244937 ], [ -2.44056036914534, 56.731273515650685 ], [ -2.440554911719202, 56.731281926808556 ], [ -2.440549442604645, 56.731290336462152 ], [ -2.440543960353887, 56.73129874435508 ], [ -2.44053846374317, 56.731307150270098 ], [ -2.440532952627121, 56.731315554178842 ], [ -2.44052742718447, 56.731323956109605 ], [ -2.440521887594012, 56.731332356090689 ], [ -2.440516334034532, 56.731340754150473 ], [ -2.440510766684829, 56.731349150317257 ], [ -2.440505185723686, 56.731357544619378 ], [ -2.440499591329905, 56.731365937085158 ], [ -2.440493983682269, 56.731374327742927 ], [ -2.440488362959577, 56.73138271662102 ], [ -2.440482729340617, 56.731391103747775 ], [ -2.440477083004183, 56.731399489151499 ], [ -2.440471424129068, 56.73140787286053 ], [ -2.440465752894067, 56.731416254903216 ], [ -2.440460069477967, 56.73142463530786 ], [ -2.440454374059566, 56.731433014102805 ], [ -2.440448666817657, 56.731441391316359 ], [ -2.440442947931032, 56.731449766976894 ], [ -2.440437217578486, 56.731458141112697 ], [ -2.44043147593881, 56.73146651375211 ], [ -2.440425723190801, 56.7314748849235 ], [ -2.440419959513251, 56.731483254655132 ], [ -2.440414185084955, 56.731491622975376 ], [ -2.440408400084705, 56.731499989912564 ], [ -2.4404026046913, 56.731508355495002 ], [ -2.440396799083531, 56.731516719751042 ], [ -2.440390983440192, 56.731525082708998 ], [ -2.440385157940082, 56.731533444397193 ], [ -2.440379322761991, 56.731541804843992 ], [ -2.440373478084718, 56.731550164077689 ], [ -2.440367624087056, 56.731558522126633 ], [ -2.440361760947802, 56.731566879019155 ], [ -2.44035588884575, 56.731575234783563 ], [ -2.440350007959696, 56.731583589448213 ], [ -2.440344118468437, 56.731591943041416 ], [ -2.440338220550767, 56.731600295591505 ], [ -2.440332314385484, 56.731608647126833 ], [ -2.440326400151382, 56.731616997675694 ], [ -2.440320478027261, 56.731625347266437 ], [ -2.440314548191913, 56.7316336959274 ], [ -2.44030861082414, 56.731642043686897 ], [ -2.440302666102733, 56.731650390573265 ], [ -2.440296714206493, 56.73165873661484 ], [ -2.440290755314216, 56.731667081839944 ], [ -2.4402847896047, 56.731675426276894 ], [ -2.440278817256738, 56.73168376995406 ], [ -2.440272838449134, 56.731692112899736 ], [ -2.44026685336068, 56.731700455142267 ], [ -2.440260862170178, 56.731708796709988 ], [ -2.440254865056424, 56.731717137631215 ], [ -2.440248862198217, 56.731725477934283 ], [ -2.440242853774353, 56.73173381764753 ], [ -2.440236839963633, 56.731742156799285 ], [ -2.440230820944852, 56.731750495417877 ], [ -2.440224796896813, 56.731758833531629 ], [ -2.440218767998311, 56.731767171168883 ], [ -2.440212734428149, 56.731775508357963 ], [ -2.440206696365121, 56.731783845127204 ], [ -2.44020065398803, 56.731792181504922 ], [ -2.440194607475672, 56.731800517519474 ], [ -2.440188557006851, 56.731808853199176 ], [ -2.440182502760364, 56.731817188572364 ], [ -2.440176444915008, 56.731825523667354 ], [ -2.440170383649587, 56.731833858512495 ], [ -2.440164319142901, 56.731842193136103 ], [ -2.440158251573748, 56.731850527566522 ], [ -2.440152181120928, 56.731858861832073 ], [ -2.440146107963243, 56.731867195961094 ], [ -2.440140032279492, 56.731875529981934 ], [ -2.440133954248477, 56.731883863922867 ], [ -2.440127874048999, 56.731892197812286 ], [ -2.440121791859858, 56.731900531678491 ], [ -2.440115707859856, 56.731908865549826 ], [ -2.440109622227794, 56.731917199454621 ], [ -2.440103535142472, 56.731925533421183 ], [ -2.440097446782692, 56.731933867477885 ], [ -2.440091357327257, 56.731942201653027 ], [ -2.440085266954969, 56.731950535974939 ], [ -2.440079175844629, 56.731958870471985 ], [ -2.440073084175038, 56.731967205172452 ], [ -2.440066992124999, 56.73197554010472 ], [ -2.440060899873316, 56.731983875297075 ], [ -2.440054807598788, 56.731992210777889 ], [ -2.440048715480221, 56.732000546575449 ], [ -2.440042623696416, 56.732008882718127 ], [ -2.440036532426177, 56.732017219234244 ], [ -2.440030441848307, 56.732025556152124 ], [ -2.440024352141608, 56.732033893500088 ], [ -2.440018263484882, 56.732042231306494 ], [ -2.440012176056937, 56.732050569599657 ], [ -2.440006090036572, 56.732058908407922 ], [ -2.440000005602595, 56.732067247759609 ], [ -2.439993922933805, 56.732075587683056 ], [ -2.439987842209011, 56.732083928206578 ], [ -2.439981763607011, 56.732092269358532 ], [ -2.439975687306617, 56.732100611167233 ], [ -2.439969613486627, 56.732108953661026 ], [ -2.439963542325848, 56.732117296868246 ], [ -2.439957474003084, 56.732125640817209 ], [ -2.439951408697141, 56.732133985536251 ], [ -2.439945346586824, 56.732142331053716 ], [ -2.439939287850938, 56.732150677397925 ], [ -2.439933232668287, 56.732159024597209 ], [ -2.439927181217675, 56.732167372679918 ], [ -2.439921133677911, 56.732175721674359 ], [ -2.439915090227802, 56.732184071608877 ], [ -2.43990905104615, 56.732192422511822 ], [ -2.43990301631176, 56.732200774411481 ], [ -2.439896986203441, 56.73220912733624 ], [ -2.439890960900001, 56.732217481314393 ], [ -2.439884940580241, 56.732225836374298 ], [ -2.439881930853623, 56.732230017443719 ], [ -2.439886940870232, 56.732222696416791 ], [ -2.439892686418173, 56.732214307457362 ], [ -2.439898436001025, 56.732205919421553 ], [ -2.439904189582998, 56.732197532298429 ], [ -2.439909947128305, 56.73218914607709 ], [ -2.439915708601153, 56.732180760746608 ], [ -2.439921473965757, 56.73217237629607 ], [ -2.439927243186327, 56.732163992714554 ], [ -2.439933016227072, 56.732155609991132 ], [ -2.439938793052205, 56.732147228114897 ], [ -2.439944573625937, 56.732138847074907 ], [ -2.439950357912479, 56.732130466860269 ], [ -2.439956145876042, 56.732122087460063 ], [ -2.439961937480838, 56.732113708863352 ], [ -2.439967732691076, 56.732105331059238 ], [ -2.439973531470971, 56.732096954036763 ], [ -2.439979333784729, 56.732088577785042 ], [ -2.439985139596569, 56.73208020229314 ], [ -2.439990948870692, 56.732071827550158 ], [ -2.439996761571319, 56.732063453545152 ], [ -2.440002577662655, 56.732055080267216 ], [ -2.440008397108915, 56.732046707705415 ], [ -2.440014219874309, 56.732038335848856 ], [ -2.440020045923048, 56.732029964686582 ], [ -2.440025875219343, 56.732021594207716 ], [ -2.440031707727409, 56.732013224401307 ], [ -2.440037543411455, 56.732004855256449 ], [ -2.44004338223569, 56.731996486762228 ], [ -2.44004922416433, 56.731988118907687 ], [ -2.440055069161585, 56.731979751681969 ], [ -2.440060917191666, 56.731971385074118 ], [ -2.440066768218785, 56.731963019073206 ], [ -2.440072622207154, 56.731954653668332 ], [ -2.440078479120982, 56.731946288848569 ], [ -2.440084338924486, 56.731937924602988 ], [ -2.440090201581875, 56.731929560920697 ], [ -2.44009606705736, 56.731921197790747 ], [ -2.440101935315152, 56.731912835202237 ], [ -2.440107806319465, 56.731904473144247 ], [ -2.440113680034512, 56.731896111605835 ], [ -2.440119556424501, 56.731887750576121 ], [ -2.440125435453644, 56.731879390044142 ], [ -2.440131317086159, 56.731871029999027 ], [ -2.440137201286252, 56.73186267042982 ], [ -2.440143088018136, 56.731854311325598 ], [ -2.440148977246024, 56.731845952675457 ], [ -2.440154868934128, 56.731837594468495 ], [ -2.44016076304666, 56.731829236693748 ], [ -2.440166659547833, 56.731820879340347 ], [ -2.440172558401855, 56.731812522397327 ], [ -2.440178459572942, 56.731804165853809 ], [ -2.440184363025306, 56.731795809698838 ], [ -2.440190268723159, 56.731787453921513 ], [ -2.440196176630709, 56.731779098510913 ], [ -2.440202086712175, 56.731770743456103 ], [ -2.440207998931766, 56.731762388746219 ], [ -2.440213913253693, 56.731754034370269 ], [ -2.440219829642169, 56.731745680317381 ], [ -2.440225748061409, 56.731737326576607 ], [ -2.440231668475621, 56.731728973137045 ], [ -2.440237590849021, 56.731720619987776 ], [ -2.44024351514582, 56.731712267117878 ], [ -2.44024944133023, 56.731703914516437 ], [ -2.440255369366463, 56.731695562172511 ], [ -2.440261299218731, 56.731687210075215 ], [ -2.440267230851251, 56.731678858213591 ], [ -2.440273164228231, 56.731670506576748 ], [ -2.440279099313884, 56.731662155153778 ], [ -2.440285036072424, 56.731653803933732 ], [ -2.440290974468065, 56.731645452905703 ], [ -2.440296914465015, 56.731637102058755 ], [ -2.440302856027489, 56.731628751382004 ], [ -2.440308799119701, 56.731620400864507 ], [ -2.440314743705862, 56.731612050495357 ], [ -2.440320689750185, 56.731603700263619 ], [ -2.440326637216883, 56.731595350158365 ], [ -2.44033258607017, 56.731587000168716 ], [ -2.440338536274255, 56.73157865028373 ], [ -2.440344487793357, 56.731570300492479 ], [ -2.440350440591683, 56.731561950784048 ], [ -2.440356394633448, 56.731553601147525 ], [ -2.440362349882864, 56.731545251571987 ], [ -2.440368306304147, 56.731536902046521 ], [ -2.440374263861505, 56.731528552560206 ], [ -2.440380222519156, 56.731520203102114 ], [ -2.440386182241311, 56.731511853661338 ], [ -2.440392142992182, 56.73150350422695 ], [ -2.440398104735982, 56.731495154788028 ], [ -2.440404067436924, 56.731486805333674 ], [ -2.440410031059224, 56.73147845585293 ], [ -2.440415995567093, 56.73147010633491 ], [ -2.440421960924743, 56.731461756768688 ], [ -2.440427927096386, 56.731453407143334 ], [ -2.440433894046241, 56.731445057447949 ], [ -2.440439861738516, 56.731436707671598 ], [ -2.440445830137427, 56.731428357803381 ], [ -2.440451799207183, 56.731420007832348 ], [ -2.440457768912004, 56.731411657747586 ], [ -2.440463739216099, 56.731403307538201 ], [ -2.44046971008368, 56.731394957193253 ], [ -2.440475681478965, 56.731386606701825 ], [ -2.44048165336616, 56.731378256053013 ], [ -2.440487625709488, 56.73136990523588 ], [ -2.440493598473155, 56.73136155423952 ], [ -2.440499571621379, 56.731353203053011 ], [ -2.440505545118369, 56.731344851665433 ], [ -2.440511518928342, 56.731336500065844 ], [ -2.44051749301551, 56.731328148243357 ], [ -2.440523467344088, 56.731319796187059 ], [ -2.440529441878287, 56.731311443886007 ], [ -2.440535416582323, 56.731303091329274 ], [ -2.440541391418703, 56.73129473850581 ], [ -2.44054736629733, 56.731286385399599 ], [ -2.440553341066802, 56.731278031988914 ], [ -2.440559315572253, 56.731269678251685 ], [ -2.440565289658822, 56.731261324165871 ], [ -2.440571263171644, 56.731252969709381 ], [ -2.440577235955855, 56.731244614860202 ], [ -2.440583207856592, 56.731236259596251 ], [ -2.440589178718995, 56.731227903895459 ], [ -2.440595148388197, 56.73121954773579 ], [ -2.440595586838366, 56.731218933832885 ] ] ], [ [ [ -2.439286677038402, 56.733151569611032 ], [ -2.439283926569818, 56.733156320890565 ], [ -2.43927897725763, 56.733164874744247 ], [ -2.43927402981889, 56.733173429056997 ], [ -2.439269083988221, 56.733181983786935 ], [ -2.439264139470263, 56.733190538929044 ], [ -2.43925919603527, 56.733199094397534 ], [ -2.439254253419749, 56.733207650148167 ], [ -2.439249311360212, 56.733216206136703 ], [ -2.439244369593165, 56.733224762318933 ], [ -2.439239427855114, 56.733233318650605 ], [ -2.439234485882572, 56.733241875087472 ], [ -2.439229543412044, 56.733250431585304 ], [ -2.439224600180038, 56.733258988099898 ], [ -2.439219655923062, 56.73326754458698 ], [ -2.439214710377623, 56.733276101002311 ], [ -2.439209763280227, 56.733284657301688 ], [ -2.439204814367381, 56.733293213440874 ], [ -2.439199863375593, 56.733301769375615 ], [ -2.439194910041367, 56.733310325061687 ], [ -2.439189954101209, 56.733318880454839 ], [ -2.439184995291627, 56.733327435510859 ], [ -2.439180033349125, 56.733335990185516 ], [ -2.43917506801021, 56.733344544434544 ], [ -2.439170099011386, 56.733353098213748 ], [ -2.439165126089157, 56.73336165147883 ], [ -2.439160148980031, 56.73337020418564 ], [ -2.439155167420509, 56.733378756289873 ], [ -2.4391501811471, 56.733387307747321 ], [ -2.439145189896302, 56.733395858513745 ], [ -2.439140193404621, 56.733404408544914 ], [ -2.439135191408567, 56.733412957796588 ], [ -2.439130183644635, 56.733421506224545 ], [ -2.439125169849329, 56.733430053784517 ], [ -2.439120149759157, 56.733438600432308 ], [ -2.439115123110621, 56.733447146123659 ], [ -2.439110089640221, 56.733455690814324 ], [ -2.439105049084461, 56.733464234460101 ], [ -2.439100001179844, 56.733472777016729 ], [ -2.439094945662868, 56.733481318439978 ], [ -2.439089882270039, 56.733489858685601 ], [ -2.43908481074173, 56.73349839770998 ], [ -2.439079731092559, 56.733506935510903 ], [ -2.439074643788305, 56.733515472154373 ], [ -2.439069549336768, 56.733524007712788 ], [ -2.439064448245755, 56.733532542258487 ], [ -2.439059341023068, 56.733541075863862 ], [ -2.439054228176514, 56.73354960860128 ], [ -2.439049110213896, 56.733558140543089 ], [ -2.439043987643016, 56.733566671761693 ], [ -2.439038860971683, 56.733575202329426 ], [ -2.439033730707702, 56.733583732318685 ], [ -2.43902859735888, 56.733592261801824 ], [ -2.439023461433024, 56.733600790851227 ], [ -2.439018323437938, 56.733609319539255 ], [ -2.439013183881434, 56.73361784793827 ], [ -2.439008043271316, 56.73362637612064 ], [ -2.439002902115394, 56.73363490415877 ], [ -2.43899776092148, 56.733643432124993 ], [ -2.438992620197379, 56.733651960091692 ], [ -2.438987480450902, 56.733660488131228 ], [ -2.438982342189857, 56.733669016315993 ], [ -2.438977205922061, 56.733677544718347 ], [ -2.438972072155319, 56.733686073410645 ], [ -2.438966941397444, 56.733694602465292 ], [ -2.438961814156247, 56.73370313195462 ], [ -2.438956690939542, 56.73371166195102 ], [ -2.43895157225514, 56.733720192526867 ], [ -2.438946458610853, 56.733728723754538 ], [ -2.438941350514497, 56.733737255706387 ], [ -2.438936248473885, 56.733745788454783 ], [ -2.438931152996831, 56.733754322072116 ], [ -2.438926064591149, 56.73376285663074 ], [ -2.438920983764658, 56.733771392203032 ], [ -2.438915911025167, 56.733779928861367 ], [ -2.438910846880497, 56.733788466678128 ], [ -2.438905791838461, 56.733797005725663 ], [ -2.438900746406878, 56.733805546076361 ], [ -2.438895711093566, 56.733814087802585 ], [ -2.43889068640634, 56.733822630976711 ], [ -2.438885672853019, 56.733831175671106 ], [ -2.438880670941422, 56.733839721958155 ], [ -2.438875681179368, 56.733848269910226 ], [ -2.438870704074676, 56.733856819599666 ], [ -2.438865740135165, 56.733865371098894 ], [ -2.438860789868656, 56.73387392448025 ], [ -2.438855853782969, 56.733882479816124 ], [ -2.438850932385928, 56.733891037178857 ], [ -2.438846026185348, 56.733899596640846 ], [ -2.438845991285631, 56.733899657738675 ], [ -2.438847757112236, 56.733896429551983 ], [ -2.438852469822183, 56.733887843259183 ], [ -2.438857197140124, 56.733879258920801 ], [ -2.438861938780997, 56.733870676495791 ], [ -2.438866694459736, 56.733862095943145 ], [ -2.438871463891278, 56.733853517221846 ], [ -2.438876246790562, 56.733844940290901 ], [ -2.438881042872522, 56.733836365109248 ], [ -2.438885851852096, 56.733827791635925 ], [ -2.43889067344422, 56.733819219829911 ], [ -2.438895507363836, 56.73381064965016 ], [ -2.438900353325879, 56.733802081055671 ], [ -2.438905211045289, 56.733793514005448 ], [ -2.438910080237, 56.733784948458464 ], [ -2.438914960615957, 56.733776384373712 ], [ -2.438919851897093, 56.733767821710153 ], [ -2.438924753795352, 56.733759260426815 ], [ -2.438929666025671, 56.733750700482652 ], [ -2.438934588302987, 56.733742141836657 ], [ -2.438939520342245, 56.733733584447826 ], [ -2.438944461858383, 56.733725028275138 ], [ -2.43894941256634, 56.733716473277596 ], [ -2.438954372181056, 56.733707919414151 ], [ -2.438959340417477, 56.733699366643826 ], [ -2.43896431699054, 56.733690814925588 ], [ -2.438969301615185, 56.733682264218437 ], [ -2.438974294006357, 56.733673714481348 ], [ -2.438979293878995, 56.733665165673322 ], [ -2.438984300948041, 56.733656617753304 ], [ -2.43898931492844, 56.733648070680353 ], [ -2.438994335535133, 56.733639524413391 ], [ -2.43899936248306, 56.733630978911442 ], [ -2.439004395487167, 56.733622434133466 ], [ -2.439009434262398, 56.733613890038484 ], [ -2.439014478523695, 56.733605346585449 ], [ -2.439019527985999, 56.733596803733377 ], [ -2.439024582364258, 56.733588261441227 ], [ -2.439029641373414, 56.733579719668036 ], [ -2.439034704728413, 56.733571178372735 ], [ -2.439039772144199, 56.733562637514332 ], [ -2.439044843335715, 56.733554097051822 ], [ -2.439049918017905, 56.733545556944179 ], [ -2.43905499590572, 56.733537017150411 ], [ -2.439060076714101, 56.733528477629477 ], [ -2.439065160157994, 56.733519938340407 ], [ -2.439070245952347, 56.733511399242154 ], [ -2.439075333812103, 56.733502860293704 ], [ -2.439080423452231, 56.73349432145406 ], [ -2.439085514656034, 56.733485782693926 ], [ -2.439090607429541, 56.733477244022104 ], [ -2.439095701824069, 56.733468705455216 ], [ -2.439100797890937, 56.733460167009795 ], [ -2.439105895681464, 56.733451628702447 ], [ -2.439110995246969, 56.733443090549748 ], [ -2.439116096638772, 56.733434552568312 ], [ -2.439121199908191, 56.733426014774672 ], [ -2.439126305106542, 56.733417477185455 ], [ -2.439131412285146, 56.733408939817195 ], [ -2.43913652149532, 56.733400402686506 ], [ -2.439141632788387, 56.733391865809999 ], [ -2.439146746215659, 56.733383329204187 ], [ -2.439151861828461, 56.733374792885705 ], [ -2.439156979678105, 56.733366256871115 ], [ -2.439162099815914, 56.733357721177001 ], [ -2.439167222293203, 56.733349185819954 ], [ -2.439172347161294, 56.73334065081653 ], [ -2.439177474471504, 56.733332116183348 ], [ -2.439182604275147, 56.733323581936979 ], [ -2.439187736623547, 56.733315048093992 ], [ -2.43919287156802, 56.733306514670964 ], [ -2.439198009159884, 56.733297981684501 ], [ -2.439203149450457, 56.733289449151172 ], [ -2.439208292491056, 56.733280917087555 ], [ -2.439213438333002, 56.733272385510254 ], [ -2.43921858702761, 56.733263854435819 ], [ -2.439223738626199, 56.733255323880869 ], [ -2.439228893180087, 56.733246793861944 ], [ -2.439234050740592, 56.733238264395659 ], [ -2.439239211359032, 56.733229735498568 ], [ -2.439244375086723, 56.733221207187285 ], [ -2.439249541974987, 56.73321267947837 ], [ -2.439254712075137, 56.733204152388424 ], [ -2.439259885438492, 56.733195625934009 ], [ -2.439265062116371, 56.733187100131708 ], [ -2.439270242147777, 56.733178575013298 ], [ -2.439275425573154, 56.733170050608742 ], [ -2.439280612467021, 56.733161526906045 ], [ -2.439285802880695, 56.733153003921807 ], [ -2.439286677038402, 56.733151569611032 ] ] ], [ [ [ -2.438549404207846, 56.734554394972534 ], [ -2.438547299266434, 56.734560511231585 ], [ -2.43854427014848, 56.734569335212342 ], [ -2.438541247470325, 56.73457816016991 ], [ -2.438538230350608, 56.734586985982311 ], [ -2.438535217907962, 56.734595812527509 ], [ -2.438532209261031, 56.734604639683525 ], [ -2.43852920352845, 56.734613467328366 ], [ -2.438526199828855, 56.734622295339989 ], [ -2.438523197280881, 56.734631123596415 ], [ -2.438520195003164, 56.734639951975659 ], [ -2.438517192114335, 56.734648780355677 ], [ -2.438514187733031, 56.734657608614491 ], [ -2.43851118097788, 56.734666436630107 ], [ -2.438508170967515, 56.73467526428049 ], [ -2.438505156820566, 56.734684091443661 ], [ -2.438502137655665, 56.734692917997606 ], [ -2.43849911259144, 56.73470174382031 ], [ -2.438496080746519, 56.734710568789787 ], [ -2.438493041239531, 56.734719392784022 ], [ -2.438489993189101, 56.734728215681031 ], [ -2.438486935713854, 56.734737037358776 ], [ -2.438483867932418, 56.734745857695273 ], [ -2.438480788963415, 56.734754676568521 ], [ -2.438477697925468, 56.734763493856491 ], [ -2.438474593937205, 56.734772309437226 ], [ -2.438471476117244, 56.734781123188661 ], [ -2.438468343584205, 56.734789934988818 ], [ -2.438465195456712, 56.734798744715704 ], [ -2.438462030853382, 56.73480755224729 ], [ -2.438458848892838, 56.734816357461597 ], [ -2.438455648693694, 56.734825160236589 ], [ -2.438452429374569, 56.734833960450295 ], [ -2.438449190054081, 56.73484275798068 ], [ -2.438445929850842, 56.734851552705749 ], [ -2.438442647883471, 56.734860344503488 ], [ -2.438439343270582, 56.734869133251905 ], [ -2.438436015130788, 56.734877918829 ], [ -2.438432662582701, 56.734886701112721 ], [ -2.438429284744935, 56.734895479981112 ], [ -2.438425880736101, 56.734904255312159 ], [ -2.438422449674806, 56.734913026983818 ], [ -2.438418990679664, 56.734921794874133 ], [ -2.438415502869283, 56.734930558861059 ], [ -2.438411985362271, 56.734939318822597 ], [ -2.438408437277237, 56.734948074636769 ], [ -2.438404857732788, 56.734956826181509 ], [ -2.438401245847523, 56.734965573334875 ], [ -2.438397600740945, 56.734974315974931 ], [ -2.43839392187638, 56.734983054026472 ], [ -2.438390209580181, 56.734991787531442 ], [ -2.438386464311956, 56.735000516549832 ], [ -2.438382686531299, 56.735009241141682 ], [ -2.438378876697822, 56.735017961367006 ], [ -2.438375035271119, 56.735026677285802 ], [ -2.438371162710799, 56.735035388958082 ], [ -2.438367259476462, 56.735044096443886 ], [ -2.438363326027715, 56.735052799803221 ], [ -2.438359362824163, 56.735061499096069 ], [ -2.438355370325406, 56.735070194382473 ], [ -2.438351348991054, 56.735078885722459 ], [ -2.438347299280711, 56.735087573176017 ], [ -2.438343221653982, 56.735096256803182 ], [ -2.438339116570476, 56.735104936663966 ], [ -2.438334984489799, 56.73511361281836 ], [ -2.438330825871557, 56.735122285326412 ], [ -2.438326641175361, 56.73513095424812 ], [ -2.438322430860814, 56.735139619643512 ], [ -2.438318195387531, 56.735148281572599 ], [ -2.438313935215114, 56.735156940095386 ], [ -2.438309650803177, 56.73516559527188 ], [ -2.438305342611331, 56.735174247162128 ], [ -2.438301011099182, 56.735182895826114 ], [ -2.438296656726341, 56.735191541323886 ], [ -2.438292279952424, 56.735200183715449 ], [ -2.438287881237036, 56.735208823060795 ], [ -2.438283461039793, 56.735217459419964 ], [ -2.438279019820307, 56.735226092852962 ], [ -2.438274558038189, 56.735234723419815 ], [ -2.43827007615305, 56.735243351180536 ], [ -2.438265574624508, 56.73525197619513 ], [ -2.438261053912178, 56.73526059852361 ], [ -2.438256514475665, 56.735269218226016 ], [ -2.438251956774593, 56.735277835362353 ], [ -2.438247381268574, 56.735286449992635 ], [ -2.438242788417222, 56.735295062176881 ], [ -2.438238178680152, 56.735303671975096 ], [ -2.438235747834848, 56.735308194823752 ], [ -2.438239695194396, 56.735300345608501 ], [ -2.438244031110618, 56.735291691641457 ], [ -2.438248351724923, 56.7352830355726 ], [ -2.438252656840437, 56.735274377381934 ], [ -2.438256946260287, 56.735265717049465 ], [ -2.438261219787603, 56.735257054555227 ], [ -2.438265477225515, 56.735248389879217 ], [ -2.438269718377146, 56.735239723001477 ], [ -2.438273943045628, 56.735231053901991 ], [ -2.43827815103409, 56.735222382560778 ], [ -2.438282342145659, 56.735213708957851 ], [ -2.438286516183465, 56.735205033073235 ], [ -2.438290672950636, 56.735196354886938 ], [ -2.438294812250303, 56.735187674378984 ], [ -2.438298933885595, 56.735178991529366 ], [ -2.43830303765964, 56.735170306318125 ], [ -2.438307123375572, 56.735161618725229 ], [ -2.438311190836518, 56.735152928730763 ], [ -2.438315239845608, 56.735144236314682 ], [ -2.438319270205973, 56.735135541457026 ], [ -2.438323281720743, 56.735126844137774 ], [ -2.43832727419305, 56.735118144336994 ], [ -2.438331247426025, 56.735109442034691 ], [ -2.438335201222798, 56.735100737210821 ], [ -2.438339135386503, 56.735092029845468 ], [ -2.438343049720265, 56.735083319918601 ], [ -2.438346944027225, 56.735074607410283 ], [ -2.438350818110506, 56.735065892300476 ], [ -2.438354671773245, 56.735057174569214 ], [ -2.438358504818575, 56.735048454196509 ], [ -2.438362317049625, 56.735039731162388 ], [ -2.438366108269529, 56.735031005446849 ], [ -2.438369878281423, 56.735022277029913 ], [ -2.438373626888433, 56.73501354589159 ], [ -2.438377353893697, 56.735004812011908 ], [ -2.438381059100348, 56.734996075370873 ], [ -2.438384742311522, 56.734987335948503 ], [ -2.438388403330344, 56.734978593724797 ], [ -2.438392041961424, 56.734969848679967 ], [ -2.438395658249901, 56.734961100824322 ], [ -2.438399252746504, 56.734952350231403 ], [ -2.438402826065805, 56.734943596982781 ], [ -2.43840637882237, 56.734934841160026 ], [ -2.438409911630768, 56.734926082844666 ], [ -2.438413425105566, 56.734917322118271 ], [ -2.438416919861331, 56.734908559062383 ], [ -2.438420396512626, 56.734899793758586 ], [ -2.43842385567402, 56.734891026288402 ], [ -2.438427297960074, 56.734882256733421 ], [ -2.438430723985353, 56.734873485175164 ], [ -2.438434134364424, 56.734864711695216 ], [ -2.43843752971185, 56.734855936375098 ], [ -2.438440910642192, 56.734847159296393 ], [ -2.438444277770012, 56.734838380540666 ], [ -2.438447631709872, 56.734829600189443 ], [ -2.438450973076331, 56.734820818324287 ], [ -2.438454302483954, 56.734812035026749 ], [ -2.438457620547298, 56.734803250378391 ], [ -2.438460927880923, 56.734794464460769 ], [ -2.43846422509939, 56.73478567735544 ], [ -2.438467512817254, 56.734776889143944 ], [ -2.438470791649075, 56.734768099907846 ], [ -2.438474062209409, 56.734759309728702 ], [ -2.438477325112815, 56.734750518688081 ], [ -2.438480580973849, 56.73474172686749 ], [ -2.438483830407066, 56.734732934348514 ], [ -2.438487074027018, 56.734724141212716 ], [ -2.438490312448265, 56.734715347541631 ], [ -2.438493546285359, 56.734706553416821 ], [ -2.438496776152851, 56.73469775891985 ], [ -2.438500002665298, 56.734688964132246 ], [ -2.438503226437252, 56.734680169135586 ], [ -2.438506448083261, 56.734671374011413 ], [ -2.438509668217883, 56.734662578841281 ], [ -2.438512887455664, 56.734653783706733 ], [ -2.438516106411153, 56.734644988689361 ], [ -2.438519325698905, 56.734636193870656 ], [ -2.438522545933464, 56.734627399332233 ], [ -2.438525767729383, 56.734618605155617 ], [ -2.438528991701209, 56.734609811422345 ], [ -2.438532218463488, 56.734601018213986 ], [ -2.438535448630768, 56.734592225612104 ], [ -2.438538682817598, 56.734583433698241 ], [ -2.43854192163852, 56.734574642553945 ], [ -2.438545165708081, 56.734565852260779 ], [ -2.438548415640826, 56.734557062900279 ], [ -2.438549404207846, 56.734554394972534 ] ] ], [ [ [ -2.437776707315143, 56.736129641002499 ], [ -2.437773410993626, 56.736135685330233 ], [ -2.437768729335737, 56.736144269688708 ], [ -2.43776404745944, 56.736152853913197 ], [ -2.437759365195463, 56.736161437983277 ], [ -2.437754682374531, 56.736170021878507 ], [ -2.437749998827373, 56.736178605578402 ], [ -2.437745314384711, 56.736187189062534 ], [ -2.437740628877275, 56.736195772310431 ], [ -2.437735942135792, 56.736204355301631 ], [ -2.437731253990986, 56.736212938015711 ], [ -2.437726564273586, 56.736221520432174 ], [ -2.437721872814314, 56.736230102530584 ], [ -2.437717179443899, 56.736238684290505 ], [ -2.437712483993067, 56.736247265691468 ], [ -2.437707786292538, 56.736255846712993 ], [ -2.437703086173044, 56.73626442733466 ], [ -2.437698383465308, 56.736273007536006 ], [ -2.437693678000055, 56.736281587296567 ], [ -2.437688969608008, 56.736290166595907 ], [ -2.437684258119894, 56.736298745413535 ], [ -2.437679543366438, 56.736307323729022 ], [ -2.437674825178362, 56.73631590152192 ], [ -2.437670103386393, 56.736324478771756 ], [ -2.437665377821256, 56.736333055458076 ], [ -2.43766064831367, 56.736341631560435 ], [ -2.437655914694363, 56.736350207058372 ], [ -2.437651176794058, 56.736358781931429 ], [ -2.43764643444348, 56.73636735615915 ], [ -2.437641687473349, 56.736375929721078 ], [ -2.437636935714391, 56.736384502596785 ], [ -2.43763217899733, 56.736393074765772 ], [ -2.437627417152887, 56.736401646207618 ], [ -2.437622650011787, 56.736410216901845 ], [ -2.43761787740475, 56.736418786828004 ], [ -2.437613099162503, 56.736427355965645 ], [ -2.437608315115762, 56.736435924294327 ], [ -2.437603525104805, 56.736444491794664 ], [ -2.437598729087697, 56.736453058461031 ], [ -2.437593927101858, 56.736461624297021 ], [ -2.437589119186187, 56.736470189306345 ], [ -2.437584305379588, 56.736478753492783 ], [ -2.437579485720958, 56.736487316860078 ], [ -2.437574660249196, 56.736495879411969 ], [ -2.437569829003206, 56.736504441152206 ], [ -2.437564992021884, 56.736513002084543 ], [ -2.437560149344137, 56.736521562212737 ], [ -2.437555301008861, 56.736530121540525 ], [ -2.437550447054958, 56.736538680071639 ], [ -2.437545587521326, 56.736547237809873 ], [ -2.437540722446868, 56.736555794758928 ], [ -2.437535851870486, 56.736564350922599 ], [ -2.437530975831078, 56.736572906304595 ], [ -2.437526094367546, 56.736581460908681 ], [ -2.43752120751879, 56.736590014738603 ], [ -2.437516315323709, 56.736598567798126 ], [ -2.437511417821209, 56.736607120090973 ], [ -2.437506515050188, 56.736615671620925 ], [ -2.437501607049544, 56.736624222391704 ], [ -2.437496693858183, 56.736632772407042 ], [ -2.437491775515003, 56.736641321670746 ], [ -2.437486852058904, 56.736649870186511 ], [ -2.437481923528792, 56.736658417958111 ], [ -2.437476989963561, 56.73666696498929 ], [ -2.437472051402117, 56.736675511283799 ], [ -2.437467107883358, 56.736684056845398 ], [ -2.437462159446189, 56.736692601677802 ], [ -2.437457206129509, 56.736701145784792 ], [ -2.437452247972218, 56.736709689170105 ], [ -2.437447285013221, 56.736718231837486 ], [ -2.437442317291416, 56.736726773790714 ], [ -2.437437344845704, 56.736735315033492 ], [ -2.437432367714987, 56.736743855569586 ], [ -2.437427385938169, 56.73675239540276 ], [ -2.437422399554147, 56.736760934536754 ], [ -2.437417408601827, 56.736769472975311 ], [ -2.437412413120107, 56.736778010722183 ], [ -2.437407413147891, 56.736786547781136 ], [ -2.437402408724077, 56.736795084155894 ], [ -2.437397399887569, 56.736803619850207 ], [ -2.437392386677271, 56.736812154867849 ], [ -2.43738736913208, 56.73682068921255 ], [ -2.4373823472909, 56.736829222888055 ], [ -2.437377321192634, 56.736837755898122 ], [ -2.437372290876182, 56.736846288246497 ], [ -2.437367256380446, 56.736854819936937 ], [ -2.437362217744326, 56.736863350973195 ], [ -2.437357175006729, 56.736871881358987 ], [ -2.43735212820655, 56.736880411098099 ], [ -2.437347077382696, 56.736888940194277 ], [ -2.437342022574069, 56.736897468651229 ], [ -2.437336963819568, 56.736905996472771 ], [ -2.437331901158098, 56.736914523662591 ], [ -2.437326834628556, 56.736923050224462 ], [ -2.437321764269851, 56.736931576162135 ], [ -2.437316690120881, 56.73694010147937 ], [ -2.437311612220548, 56.736948626179888 ], [ -2.437306530607754, 56.736957150267472 ], [ -2.437301445321406, 56.73696567374585 ], [ -2.4372963564004, 56.736974196618782 ], [ -2.437291263883641, 56.736982718889998 ], [ -2.437286167810032, 56.73699124056327 ], [ -2.437281068218473, 56.736999761642323 ], [ -2.437275965147868, 56.737008282130937 ], [ -2.437270858637123, 56.737016802032826 ], [ -2.437265748725132, 56.737025321351766 ], [ -2.437260635450805, 56.737033840091506 ], [ -2.437255518853041, 56.737042358255771 ], [ -2.437250398970743, 56.737050875848347 ], [ -2.437245275842816, 56.737059392872943 ], [ -2.437240149508158, 56.737067909333327 ], [ -2.437235020005673, 56.737076425233262 ], [ -2.437229887374268, 56.73708494057648 ], [ -2.43722475165284, 56.73709345536674 ], [ -2.437219612880295, 56.737101969607778 ], [ -2.437214471095535, 56.737110483303354 ], [ -2.437209326337465, 56.737118996457227 ], [ -2.437204178644982, 56.737127509073105 ], [ -2.437199028056994, 56.737136021154789 ], [ -2.437193874612403, 56.737144532706012 ], [ -2.437188718350112, 56.737153043730494 ], [ -2.437183559309023, 56.737161554232024 ], [ -2.43717839752804, 56.737170064214332 ], [ -2.437173233046065, 56.737178573681177 ], [ -2.437168065902001, 56.737187082636289 ], [ -2.437162896134752, 56.737195591083434 ], [ -2.43715772378322, 56.737204099026371 ], [ -2.437152548885996, 56.737212606468837 ], [ -2.437147371474822, 56.73722111341521 ], [ -2.437142191574827, 56.737229619870348 ], [ -2.437137009210873, 56.737238125839177 ], [ -2.437131824407822, 56.737246631326563 ], [ -2.437126637190527, 56.737255136337446 ], [ -2.437121447583852, 56.737263640876726 ], [ -2.437116255612651, 56.737272144949273 ], [ -2.437111061301791, 56.737280648560009 ], [ -2.437105864676124, 56.737289151713853 ], [ -2.437100665760514, 56.737297654415705 ], [ -2.437095464579819, 56.737306156670442 ], [ -2.437090261158898, 56.737314658482994 ], [ -2.437085055522612, 56.737323159858242 ], [ -2.437079847695818, 56.737331660801125 ], [ -2.437074637703375, 56.73734016131651 ], [ -2.437069425570149, 56.737348661409328 ], [ -2.437064211320989, 56.737357161084439 ], [ -2.437058994980764, 56.737365660346804 ], [ -2.437053776574328, 56.737374159201288 ], [ -2.437048556126543, 56.737382657652809 ], [ -2.437043333662267, 56.737391155706256 ], [ -2.437038109206362, 56.737399653366552 ], [ -2.437032882783686, 56.737408150638601 ], [ -2.437027654419098, 56.737416647527276 ], [ -2.43702242413746, 56.737425144037502 ], [ -2.43701719196363, 56.737433640174189 ], [ -2.437011957922465, 56.737442135942246 ], [ -2.43700672203883, 56.73745063134654 ], [ -2.437001484337581, 56.737459126392018 ], [ -2.436996244843579, 56.737467621083539 ], [ -2.436991003581685, 56.737476115426048 ], [ -2.436985760576758, 56.737484609424428 ], [ -2.436980515853658, 56.737493103083587 ], [ -2.436975269437241, 56.737501596408421 ], [ -2.436970021352372, 56.737510089403834 ], [ -2.43696477162391, 56.737518582074756 ], [ -2.436959520276713, 56.737527074426069 ], [ -2.436954267335643, 56.737535566462654 ], [ -2.436949012825558, 56.737544058189457 ], [ -2.436943756771319, 56.737552549611351 ], [ -2.436938499197784, 56.73756104073324 ], [ -2.436933240129818, 56.737569531560055 ], [ -2.436927979592276, 56.73757802209667 ], [ -2.43692271761002, 56.737586512348017 ], [ -2.436917454207909, 56.737595002318969 ], [ -2.436912189410804, 56.737603492014451 ], [ -2.436906923243567, 56.737611981439372 ], [ -2.436901655731054, 56.7376204705986 ], [ -2.436896386898129, 56.737628959497073 ], [ -2.436891116769651, 56.737637448139679 ], [ -2.436885845370477, 56.737645936531315 ], [ -2.436880572725471, 56.737654424676926 ], [ -2.436875298859491, 56.737662912581357 ], [ -2.436870023797401, 56.737671400249539 ], [ -2.436864747564056, 56.73767988768639 ], [ -2.43685947018432, 56.737688374896791 ], [ -2.436854191683052, 56.737696861885667 ], [ -2.436848912085113, 56.737705348657883 ], [ -2.436843631415361, 56.737713835218386 ], [ -2.436838349698658, 56.737722321572065 ], [ -2.436833066959866, 56.737730807723814 ], [ -2.436827783223845, 56.737739293678544 ], [ -2.436822498515452, 56.737747779441143 ], [ -2.43681721285955, 56.737756265016543 ], [ -2.436811926280999, 56.737764750409625 ], [ -2.436806638804661, 56.737773235625312 ], [ -2.436801350455394, 56.73778172066848 ], [ -2.436796061258059, 56.737790205544059 ], [ -2.436790771237517, 56.737798690256959 ], [ -2.436785480418631, 56.737807174812048 ], [ -2.436780188826256, 56.737815659214242 ], [ -2.436774896485257, 56.737824143468465 ], [ -2.436769603420494, 56.737832627579614 ], [ -2.436764309656828, 56.737841111552576 ], [ -2.436759015219118, 56.737849595392269 ], [ -2.436753720132225, 56.737858079103589 ], [ -2.436748424421009, 56.737866562691444 ], [ -2.436743128110333, 56.737875046160731 ], [ -2.436737831225056, 56.737883529516374 ], [ -2.43673253379004, 56.737892012763233 ], [ -2.436727235830144, 56.737900495906267 ], [ -2.43672193737023, 56.737908978950344 ], [ -2.436716638435158, 56.737917461900381 ], [ -2.43671133904979, 56.737925944761272 ], [ -2.436706039238987, 56.737934427537937 ], [ -2.436700739027608, 56.737942910235262 ], [ -2.436695438440516, 56.73795139285815 ], [ -2.436690137502571, 56.737959875411519 ], [ -2.43668483623863, 56.737968357900264 ], [ -2.43667953467356, 56.737976840329303 ], [ -2.436674232832219, 56.737985322703516 ], [ -2.43666893073947, 56.73799380502782 ], [ -2.436663628420175, 56.738002287307118 ], [ -2.436658325899187, 56.738010769546307 ], [ -2.436653023201376, 56.738019251750302 ], [ -2.436647720351599, 56.738027733924 ], [ -2.436642417374717, 56.738036216072302 ], [ -2.436637114295594, 56.738044698200127 ], [ -2.436631811139088, 56.738053180312363 ], [ -2.43662650793006, 56.738061662413905 ], [ -2.436621204693373, 56.738070144509692 ], [ -2.436615901453886, 56.738078626604583 ], [ -2.436610598236464, 56.738087108703525 ], [ -2.436605295065966, 56.738095590811383 ], [ -2.436599991967251, 56.738104072933083 ], [ -2.436594688965183, 56.738112555073521 ], [ -2.436589386084623, 56.738121037237626 ], [ -2.436584083350431, 56.738129519430267 ], [ -2.436578780787469, 56.738138001656367 ], [ -2.4365734784206, 56.738146483920815 ], [ -2.436568176274683, 56.738154966228521 ], [ -2.436562874374579, 56.738163448584395 ], [ -2.436557572745151, 56.738171930993339 ], [ -2.436552271411262, 56.738180413460263 ], [ -2.436546970397769, 56.738188895990056 ], [ -2.436541669729536, 56.738197378587628 ], [ -2.436536369431427, 56.738205861257875 ], [ -2.436531069528299, 56.738214344005719 ], [ -2.436525770045014, 56.738222826836058 ], [ -2.436520471006438, 56.738231309753793 ], [ -2.436515172437425, 56.738239792763814 ], [ -2.436509874362843, 56.738248275871051 ], [ -2.436504576807553, 56.738256759080386 ], [ -2.436499279796414, 56.738265242396736 ], [ -2.436493983354288, 56.738273725825003 ], [ -2.436488687506037, 56.738282209370091 ], [ -2.436483392276524, 56.738290693036888 ], [ -2.43647809769061, 56.73829917683031 ], [ -2.436472803773154, 56.738307660755289 ], [ -2.436467510549023, 56.738316144816679 ], [ -2.436462218043074, 56.738324629019402 ], [ -2.436456926280173, 56.738333113368391 ], [ -2.436451635285176, 56.738341597868498 ], [ -2.43644634508295, 56.738350082524654 ], [ -2.436441055698354, 56.738358567341791 ], [ -2.436435767156251, 56.738367052324762 ], [ -2.436430479481503, 56.738375537478511 ], [ -2.436425192698973, 56.738384022807914 ], [ -2.436419906833517, 56.738392508317894 ], [ -2.436414621910006, 56.73840099401334 ], [ -2.436409337953295, 56.738409479899161 ], [ -2.436404054988247, 56.738417965980283 ], [ -2.436398773039727, 56.738426452261557 ], [ -2.436393492132595, 56.738434938747936 ], [ -2.436388212291713, 56.738443425444302 ], [ -2.436382933541942, 56.738451912355572 ], [ -2.436377655908147, 56.738460399486641 ], [ -2.436372379415187, 56.738468886842412 ], [ -2.436367104087925, 56.738477374427809 ], [ -2.436361829951224, 56.738485862247693 ], [ -2.436356557029946, 56.738494350307008 ], [ -2.436351285348952, 56.738502838610636 ], [ -2.436346014933106, 56.738511327163494 ], [ -2.436340745807269, 56.738519815970477 ], [ -2.436335477996301, 56.738528305036496 ], [ -2.436330211525069, 56.738536794366446 ], [ -2.436324946418433, 56.738545283965244 ], [ -2.436319682701252, 56.738553773837779 ], [ -2.436314420398395, 56.738562263988968 ], [ -2.436309159534717, 56.738570754423719 ], [ -2.436303900135086, 56.738579245146916 ], [ -2.436298642224361, 56.738587736163467 ], [ -2.436293385827406, 56.73859622747829 ], [ -2.436288130969084, 56.738604719096287 ], [ -2.436282877674257, 56.73861321102234 ], [ -2.436277625967786, 56.738621703261387 ], [ -2.436272375874533, 56.738630195818317 ], [ -2.436267127419363, 56.738638688698011 ], [ -2.436261880627137, 56.738647181905414 ], [ -2.43625663552262, 56.738655675445386 ], [ -2.436251392115351, 56.738664169319762 ], [ -2.436246150383119, 56.738672663523992 ], [ -2.436240910299752, 56.738681158052785 ], [ -2.436235671839066, 56.738689652900767 ], [ -2.436230434974891, 56.738698148062639 ], [ -2.43622519968105, 56.738706643533057 ], [ -2.436219965931364, 56.738715139306692 ], [ -2.436214733699654, 56.738723635378221 ], [ -2.436209502959749, 56.738732131742296 ], [ -2.436204273685468, 56.738740628393593 ], [ -2.436199045850639, 56.738749125326798 ], [ -2.436193819429081, 56.738757622536554 ], [ -2.436188594394619, 56.738766120017544 ], [ -2.436183370721075, 56.738774617764449 ], [ -2.436178148382273, 56.738783115771916 ], [ -2.436172927352038, 56.738791614034632 ], [ -2.436167707604191, 56.738800112547246 ], [ -2.436162489112557, 56.738808611304457 ], [ -2.436157271850958, 56.738817110300914 ], [ -2.436152055793215, 56.738825609531283 ], [ -2.436146840913156, 56.738834108990247 ], [ -2.4361416271846, 56.738842608672464 ], [ -2.436136414581371, 56.738851108572604 ], [ -2.436131203077296, 56.73885960868536 ], [ -2.436125992646191, 56.738868109005367 ], [ -2.436120783261884, 56.73887660952731 ], [ -2.436115574898195, 56.738885110245867 ], [ -2.436110367528951, 56.738893611155682 ], [ -2.436105161127972, 56.738902112251452 ], [ -2.436099955669082, 56.738910613527835 ], [ -2.436094751126103, 56.738919114979495 ], [ -2.43608954747286, 56.738927616601117 ], [ -2.436084344683171, 56.73893611838735 ], [ -2.436079142730864, 56.73894462033288 ], [ -2.436073941589763, 56.738953122432363 ], [ -2.436068741233684, 56.738961624680471 ], [ -2.436063541636456, 56.738970127071894 ], [ -2.436058342771896, 56.738978629601277 ], [ -2.436053144613834, 56.73898713226329 ], [ -2.436047947136088, 56.738995635052618 ], [ -2.436042750312481, 56.739004137963917 ], [ -2.436037554116835, 56.739012640991859 ], [ -2.436032358522978, 56.739021144131122 ], [ -2.436027163504725, 56.739029647376356 ], [ -2.436021969035904, 56.739038150722244 ], [ -2.436016775090336, 56.739046654163467 ], [ -2.436011581641843, 56.739055157694672 ], [ -2.436006388664249, 56.739063661310531 ], [ -2.436001196131376, 56.739072165005716 ], [ -2.435996004017046, 56.739080668774925 ], [ -2.43599081229508, 56.739089172612779 ], [ -2.435985620939303, 56.739097676513978 ], [ -2.435980429923538, 56.739106180473179 ], [ -2.435975239221606, 56.739114684485067 ], [ -2.435970048807328, 56.739123188544291 ], [ -2.43596485865453, 56.739131692645529 ], [ -2.435959668737031, 56.739140196783445 ], [ -2.435954479028656, 56.73914870095274 ], [ -2.435949289503226, 56.739157205148032 ], [ -2.435944100134562, 56.739165709364023 ], [ -2.43593891089649, 56.739174213595362 ], [ -2.435933721762829, 56.739182717836741 ], [ -2.435928532707401, 56.739191222082816 ], [ -2.435923343704031, 56.739199726328259 ], [ -2.43591815472654, 56.739208230567741 ], [ -2.435912965748751, 56.739216734795932 ], [ -2.435907776744485, 56.739225239007489 ], [ -2.435902587687562, 56.73923374319709 ], [ -2.435897398551809, 56.739242247359414 ], [ -2.435892209311044, 56.739250751489116 ], [ -2.435887019939091, 56.739259255580869 ], [ -2.435881830409774, 56.739267759629342 ], [ -2.43587664069691, 56.739276263629193 ], [ -2.435871450774325, 56.739284767575136 ], [ -2.435866260615842, 56.739293271461776 ], [ -2.435861070195279, 56.739301775283828 ], [ -2.435855879486459, 56.739310279035948 ], [ -2.435850688463207, 56.739318782712793 ], [ -2.435845497099343, 56.739327286309049 ], [ -2.435840305368687, 56.739335789819386 ], [ -2.435835113245064, 56.739344293238446 ], [ -2.435829920702294, 56.739352796560937 ], [ -2.435824727714199, 56.739361299781514 ], [ -2.435819534254601, 56.739369802894821 ], [ -2.435814340297322, 56.739378305895549 ], [ -2.435809145816187, 56.739386808778377 ], [ -2.435803950785012, 56.739395311537962 ], [ -2.435798755177623, 56.739403814168966 ], [ -2.435793558967838, 56.739412316666069 ], [ -2.435788362129482, 56.739420819023948 ], [ -2.435783164636376, 56.739429321237232 ], [ -2.435777966462341, 56.739437823300634 ], [ -2.435772767581199, 56.739446325208817 ], [ -2.43576756796677, 56.739454826956425 ], [ -2.43576236759288, 56.739463328538157 ], [ -2.435757166433347, 56.73947182994867 ], [ -2.435751964461991, 56.739480331182619 ], [ -2.435746761652639, 56.739488832234684 ], [ -2.435741557979107, 56.739497333099536 ], [ -2.43573635341522, 56.739505833771844 ], [ -2.4357311479348, 56.739514334246287 ], [ -2.435725941511663, 56.739522834517501 ], [ -2.435720734119636, 56.739531334580207 ], [ -2.435715525732537, 56.739539834429024 ], [ -2.435710316324192, 56.739548334058647 ], [ -2.43570510586842, 56.73955683346373 ], [ -2.43569989433904, 56.739565332638968 ], [ -2.435694681709876, 56.739573831578987 ], [ -2.435689467954749, 56.739582330278488 ], [ -2.435684253047477, 56.739590828732162 ], [ -2.435679036961888, 56.739599326934623 ], [ -2.435673819671798, 56.739607824880579 ], [ -2.43566860115103, 56.739616322564672 ], [ -2.435663381373405, 56.739624819981607 ], [ -2.435658160312743, 56.739633317126014 ], [ -2.435652937942866, 56.739641813992584 ], [ -2.435647714237596, 56.739650310575975 ], [ -2.435642489170755, 56.739658806870878 ], [ -2.435637262716162, 56.739667302871929 ], [ -2.435632034847637, 56.739675798573828 ], [ -2.435626805539004, 56.739684293971223 ], [ -2.435621574764083, 56.739692789058793 ], [ -2.435616342496697, 56.739701283831195 ], [ -2.435611108710661, 56.739709778283128 ], [ -2.435605873379804, 56.73971827240922 ], [ -2.435600636477941, 56.73972676620415 ], [ -2.435595397978896, 56.739735259662609 ], [ -2.435590157856485, 56.739743752779269 ], [ -2.435584916084536, 56.739752245548779 ], [ -2.435579672636868, 56.739760737965796 ], [ -2.4355744274873, 56.739769230025004 ], [ -2.43556918060965, 56.73977772172109 ], [ -2.435563931977746, 56.739786213048703 ], [ -2.435558681565404, 56.739794704002499 ], [ -2.435553429346446, 56.739803194577171 ], [ -2.435548175294692, 56.739811684767389 ], [ -2.435542919383964, 56.739820174567804 ], [ -2.435537661588083, 56.739828663973093 ], [ -2.435532401880867, 56.73983715297792 ], [ -2.43552714023614, 56.739845641576956 ], [ -2.43552187662772, 56.739854129764886 ], [ -2.43551661102943, 56.739862617536353 ], [ -2.435511343415087, 56.739871104886049 ], [ -2.435506073758516, 56.739879591808624 ], [ -2.435500802033538, 56.739888078298755 ], [ -2.435495528213969, 56.739896564351099 ], [ -2.435490252273629, 56.739905049960342 ], [ -2.435484974186346, 56.739913535121154 ], [ -2.435479693925934, 56.739922019828199 ], [ -2.435474411466216, 56.739930504076142 ], [ -2.435469126781009, 56.739938987859652 ], [ -2.435463839844139, 56.739947471173394 ], [ -2.435458550629423, 56.739955954012053 ], [ -2.435453259110683, 56.739964436370272 ], [ -2.435447965261738, 56.739972918242735 ], [ -2.435442669056407, 56.739981399624114 ], [ -2.435437370468515, 56.739989880509086 ], [ -2.435432069471877, 56.739998360892294 ], [ -2.435426766040317, 56.740006840768416 ], [ -2.435421460147655, 56.740015320132144 ], [ -2.43541615176771, 56.740023798978108 ], [ -2.435410840874304, 56.740032277301019 ], [ -2.435405527441255, 56.740040755095499 ], [ -2.435400211442381, 56.740049232356256 ], [ -2.435394892851508, 56.740057709077931 ], [ -2.435389571642453, 56.740066185255209 ], [ -2.435384247789036, 56.740074660882762 ], [ -2.43537892126508, 56.740083135955246 ], [ -2.435373592044401, 56.740091610467346 ], [ -2.435368260100821, 56.740100084413697 ], [ -2.43536292540816, 56.740108557789 ], [ -2.435357587940239, 56.740117030587925 ], [ -2.435352247670877, 56.740125502805114 ], [ -2.435346904573892, 56.740133974435274 ], [ -2.435341558623107, 56.740142445473026 ], [ -2.43533620979234, 56.740150915913077 ], [ -2.435330858055414, 56.74015938575009 ], [ -2.435325503386147, 56.740167854978701 ], [ -2.435320145758357, 56.740176323593616 ], [ -2.435314785145867, 56.740184791589506 ], [ -2.435309421526707, 56.740193258961867 ], [ -2.435304054900854, 56.740201725710726 ], [ -2.435298685275404, 56.740210191837519 ], [ -2.435293312657458, 56.740218657343704 ], [ -2.435287937054115, 56.740227122230742 ], [ -2.435282558472479, 56.74023558650007 ], [ -2.435277176919647, 56.740244050153144 ], [ -2.435271792402721, 56.740252513191436 ], [ -2.435266404928802, 56.740260975616373 ], [ -2.43526101450499, 56.740269437429411 ], [ -2.435255621138388, 56.740277898632016 ], [ -2.435250224836095, 56.740286359225642 ], [ -2.43524482560521, 56.740294819211726 ], [ -2.435239423452838, 56.740303278591725 ], [ -2.435234018386074, 56.740311737367108 ], [ -2.435228610412024, 56.740320195539319 ], [ -2.435223199537786, 56.740328653109785 ], [ -2.435217785770461, 56.740337110080006 ], [ -2.435212369117148, 56.740345566451388 ], [ -2.435206949584953, 56.740354022225411 ], [ -2.435201527180972, 56.740362477403522 ], [ -2.435196101912306, 56.740370931987179 ], [ -2.435190673786058, 56.740379385977825 ], [ -2.435185242809325, 56.740387839376915 ], [ -2.435179808989214, 56.740396292185899 ], [ -2.435174372332821, 56.740404744406234 ], [ -2.435168932847248, 56.740413196039391 ], [ -2.435163490539595, 56.740421647086798 ], [ -2.435158045416963, 56.740430097549897 ], [ -2.435152597486454, 56.740438547430166 ], [ -2.435147146755169, 56.740446996729048 ], [ -2.435141693230206, 56.740455445447999 ], [ -2.435136236918669, 56.740463893588469 ], [ -2.435130777827656, 56.740472341151907 ], [ -2.435125315964271, 56.740480788139777 ], [ -2.435119851335611, 56.740489234553522 ], [ -2.435114383948782, 56.740497680394604 ], [ -2.435108913810878, 56.74050612566446 ], [ -2.435103440929006, 56.740514570364553 ], [ -2.435097965310264, 56.740523014496326 ], [ -2.435092486961753, 56.74053145806127 ], [ -2.435087005890574, 56.740539901060778 ], [ -2.435081522103828, 56.740548343496343 ], [ -2.435076035608615, 56.7405567853694 ], [ -2.435070546412039, 56.740565226681419 ], [ -2.435065054521197, 56.740573667433843 ], [ -2.435059559943193, 56.740582107628121 ], [ -2.435054062685124, 56.740590547265704 ], [ -2.435048562754094, 56.740598986348061 ], [ -2.435043060157203, 56.740607424876622 ], [ -2.435037554901553, 56.740615862852856 ], [ -2.435032046994242, 56.740624300278199 ], [ -2.435026536442376, 56.740632737154122 ], [ -2.43502102325305, 56.740641173482061 ], [ -2.43501550743337, 56.7406496092635 ], [ -2.435009988990434, 56.740658044499881 ], [ -2.435004467931341, 56.740666479192626 ], [ -2.4349989442632, 56.740674913343199 ], [ -2.434993417993101, 56.740683346953077 ], [ -2.434987889128154, 56.740691780023688 ], [ -2.434982357675454, 56.740700212556497 ], [ -2.434976823642106, 56.740708644552953 ], [ -2.434971287035209, 56.740717076014519 ], [ -2.434965747861865, 56.740725506942624 ], [ -2.434960206129173, 56.740733937338746 ], [ -2.434954661844237, 56.740742367204319 ], [ -2.434949115014156, 56.740750796540809 ], [ -2.43494356564603, 56.740759225349656 ], [ -2.434938013746962, 56.740767653632325 ], [ -2.434932459324052, 56.74077608139028 ], [ -2.434926902384402, 56.740784508624913 ], [ -2.434921342935114, 56.740792935337765 ], [ -2.434915780983284, 56.740801361530217 ], [ -2.434910216536019, 56.740809787203766 ], [ -2.434904649600415, 56.740818212359841 ], [ -2.434899080183578, 56.740826636999898 ], [ -2.434893508271351, 56.740835061156339 ], [ -2.434887933890775, 56.740843484801609 ], [ -2.434882357050267, 56.740851907935259 ], [ -2.434876777756927, 56.740860330558732 ], [ -2.43487119601786, 56.740868752673471 ], [ -2.434865611840165, 56.740877174280939 ], [ -2.434860025230942, 56.740885595382579 ], [ -2.434854436197293, 56.740894015979876 ], [ -2.434848844746322, 56.740902436074265 ], [ -2.434843250885125, 56.74091085566716 ], [ -2.434837654620808, 56.740919274760067 ], [ -2.434832055960469, 56.740927693354436 ], [ -2.434826454911209, 56.740936111451681 ], [ -2.434820851480133, 56.74094452905328 ], [ -2.434815245674339, 56.740952946160675 ], [ -2.434809637500925, 56.740961362775344 ], [ -2.434804026966999, 56.740969778898716 ], [ -2.434798414079657, 56.740978194532239 ], [ -2.434792798846003, 56.740986609677371 ], [ -2.434787181273139, 56.740995024335582 ], [ -2.434781561368161, 56.741003438508322 ], [ -2.434775939138176, 56.741011852197019 ], [ -2.434770314590282, 56.741020265403151 ], [ -2.434764687731584, 56.74102867812816 ], [ -2.434759058569177, 56.741037090373482 ], [ -2.434753427110167, 56.741045502140601 ], [ -2.434747793361652, 56.74105391343096 ], [ -2.434742157330739, 56.741062324246002 ], [ -2.434736519024522, 56.741070734587176 ], [ -2.434730878450108, 56.741079144455959 ], [ -2.434725235614596, 56.741087553853788 ], [ -2.434719590525084, 56.741095962782119 ], [ -2.434713943188678, 56.741104371242372 ], [ -2.434708293612478, 56.741112779236062 ], [ -2.434702641803585, 56.741121186764602 ], [ -2.4346969877691, 56.741129593829442 ], [ -2.434691331516125, 56.741138000432066 ], [ -2.43468567305176, 56.741146406573883 ], [ -2.434680012383107, 56.741154812256376 ], [ -2.434674349517267, 56.741163217480988 ], [ -2.434668684461344, 56.741171622249198 ], [ -2.434663017222435, 56.741180026562411 ], [ -2.434657347807644, 56.741188430422106 ], [ -2.434651676224072, 56.741196833829747 ], [ -2.434646002478821, 56.741205236786762 ], [ -2.434640326578989, 56.741213639294607 ], [ -2.434634648531681, 56.741222041354753 ], [ -2.434628968343997, 56.741230442968643 ], [ -2.434623286023039, 56.741238844137719 ], [ -2.434617601575906, 56.741247244863445 ], [ -2.434611915009703, 56.741255645147284 ], [ -2.43460622633153, 56.741264044990672 ], [ -2.434600535548486, 56.741272444395058 ], [ -2.434594842667674, 56.741280843361928 ], [ -2.434589147696197, 56.741289241892687 ], [ -2.434583450641155, 56.741297639988815 ], [ -2.434577751509649, 56.741306037651775 ], [ -2.434572050308782, 56.741314434882995 ], [ -2.434566347045655, 56.741322831683931 ], [ -2.434560641727367, 56.741331228056062 ], [ -2.434554934361019, 56.741339624000808 ], [ -2.434549224953718, 56.741348019519641 ], [ -2.43454351351256, 56.741356414614003 ], [ -2.434537800044649, 56.741364809285365 ], [ -2.434532084557087, 56.741373203535154 ], [ -2.434526367056975, 56.74138159736485 ], [ -2.434520647551412, 56.741389990775886 ], [ -2.434514926047501, 56.741398383769713 ], [ -2.434509202552344, 56.741406776347802 ], [ -2.434503477073044, 56.741415168511594 ], [ -2.434497749616699, 56.741423560262533 ], [ -2.434492020190413, 56.741431951602088 ], [ -2.434486288801284, 56.741440342531703 ], [ -2.43448055545642, 56.741448733052842 ], [ -2.434474820162917, 56.741457123166938 ], [ -2.43446908292788, 56.74146551287545 ], [ -2.434463343758406, 56.741473902179841 ], [ -2.434457602661599, 56.741482291081574 ], [ -2.434451859644562, 56.741490679582071 ], [ -2.434446114714395, 56.741499067682817 ], [ -2.4344403678782, 56.741507455385232 ], [ -2.434434619137738, 56.741515842696458 ], [ -2.434428868487802, 56.741524229631011 ], [ -2.434423115953143, 56.741532616171575 ], [ -2.434417361540864, 56.741541002319643 ], [ -2.434411605258066, 56.741549388076642 ], [ -2.434405847111845, 56.741557773443986 ], [ -2.434400087109311, 56.741566158423176 ], [ -2.434394325257563, 56.741574543015687 ], [ -2.4343885615637, 56.7415829272229 ], [ -2.434382796034826, 56.741591311046321 ], [ -2.43437702867804, 56.741599694487384 ], [ -2.434371259500445, 56.741608077547561 ], [ -2.434365488509143, 56.741616460228258 ], [ -2.434359715711238, 56.741624842530982 ], [ -2.434353941113827, 56.741633224457161 ], [ -2.434348164724014, 56.741641606008244 ], [ -2.434342386548901, 56.741649987185681 ], [ -2.43433660659559, 56.741658367990958 ], [ -2.434330824871179, 56.74166674842548 ], [ -2.434325041382773, 56.741675128490733 ], [ -2.434319256137472, 56.741683508188167 ], [ -2.43431346914238, 56.741691887519217 ], [ -2.434307680404598, 56.741700266485353 ], [ -2.434301889931226, 56.741708645088011 ], [ -2.434296097729365, 56.741717023328668 ], [ -2.43429030380612, 56.741725401208754 ], [ -2.434284508168591, 56.741733778729738 ], [ -2.434278710823879, 56.74174215589305 ], [ -2.434272911779085, 56.741750532700166 ], [ -2.434267111041314, 56.741758909152544 ], [ -2.434261308617665, 56.741767285251605 ], [ -2.434255504515238, 56.741775660998833 ], [ -2.434249698741141, 56.741784036395657 ], [ -2.434243891302468, 56.741792411443555 ], [ -2.434238082206329, 56.741800786143955 ], [ -2.434232271459817, 56.741809160498335 ], [ -2.434226459070039, 56.741817534508122 ], [ -2.434220645044096, 56.741825908174782 ], [ -2.434214829389088, 56.741834281499777 ], [ -2.43420901211212, 56.74184265448455 ], [ -2.434203193220292, 56.741851027130537 ], [ -2.434197372720706, 56.7418593994392 ], [ -2.434191550620461, 56.741867771412032 ], [ -2.434185726926663, 56.741876143050426 ], [ -2.434179901646413, 56.741884514355874 ], [ -2.434174074786811, 56.741892885329811 ], [ -2.434168246354958, 56.741901255973708 ], [ -2.434162416357958, 56.741909626288994 ], [ -2.434156584802913, 56.741917996277131 ], [ -2.434150751696924, 56.741926365939577 ], [ -2.434144917047093, 56.741934735277795 ], [ -2.43413908086052, 56.741943104293206 ], [ -2.434133243144308, 56.741951472987289 ], [ -2.434127403905561, 56.741959841361492 ], [ -2.434121563151377, 56.741968209417266 ], [ -2.434115720888863, 56.741976577156052 ], [ -2.434109877125115, 56.741984944579315 ], [ -2.434104031867239, 56.741993311688525 ], [ -2.434098185122335, 56.742001678485103 ], [ -2.434092336897506, 56.74201004497052 ], [ -2.434086487199852, 56.742018411146226 ], [ -2.434080636036476, 56.742026777013656 ], [ -2.43407478341448, 56.742035142574295 ], [ -2.434068929340966, 56.742043507829571 ], [ -2.434063073823034, 56.742051872780962 ], [ -2.434057216867789, 56.742060237429897 ], [ -2.434051358482332, 56.742068601777824 ], [ -2.434045498673764, 56.742076965826229 ], [ -2.434039637449186, 56.742085329576547 ], [ -2.434033774815702, 56.742093693030199 ], [ -2.434027910780414, 56.742102056188692 ], [ -2.434022045350422, 56.742110419053439 ], [ -2.434016178532829, 56.742118781625926 ], [ -2.434010310334736, 56.742127143907574 ], [ -2.434004440763245, 56.742135505899853 ], [ -2.433998569825461, 56.74214386760422 ], [ -2.433992697528483, 56.742152229022103 ], [ -2.433986823879414, 56.742160590154995 ], [ -2.433980948885354, 56.742168951004317 ], [ -2.433975072553406, 56.742177311571524 ], [ -2.433969194890676, 56.742185671858081 ], [ -2.43396331590426, 56.742194031865438 ], [ -2.433957435601263, 56.74220239159505 ], [ -2.433951553988785, 56.742210751048354 ], [ -2.433945671073932, 56.74221911022682 ], [ -2.433939786863801, 56.742227469131898 ], [ -2.433933901365497, 56.742235827765043 ], [ -2.433928014586123, 56.742244186127706 ], [ -2.433922126532778, 56.74225254422133 ], [ -2.433916237212566, 56.74226090204737 ], [ -2.43391034663259, 56.742269259607284 ], [ -2.433904454799948, 56.742277616902541 ], [ -2.433898561721744, 56.742285973934557 ], [ -2.433892667405082, 56.74229433070483 ], [ -2.433886771857062, 56.742302687214774 ], [ -2.433880875084788, 56.742311043465861 ], [ -2.433874977095359, 56.742319399459539 ], [ -2.43386907789588, 56.742327755197266 ], [ -2.433863177493453, 56.742336110680483 ], [ -2.433857275895178, 56.742344465910655 ], [ -2.433851373108157, 56.742352820889231 ], [ -2.433845469139493, 56.742361175617653 ], [ -2.433839563996288, 56.742369530097399 ], [ -2.433833657685647, 56.742377884329898 ], [ -2.433827750214668, 56.742386238316612 ], [ -2.433821841590454, 56.742394592059 ], [ -2.433815931820106, 56.74240294555851 ], [ -2.433810020910731, 56.742411298816585 ], [ -2.433804108869425, 56.742419651834695 ], [ -2.433798195703294, 56.742428004614275 ], [ -2.433792281419439, 56.742436357156805 ], [ -2.433786366024962, 56.742444709463705 ], [ -2.433780449526966, 56.742453061536459 ], [ -2.433774531932553, 56.742461413376482 ], [ -2.433768613248825, 56.742469764985273 ], [ -2.433762693482881, 56.742478116364246 ], [ -2.433756772641828, 56.742486467514873 ], [ -2.433750850732766, 56.742494818438615 ], [ -2.433744927762798, 56.742503169136903 ], [ -2.433739003739024, 56.742511519611199 ], [ -2.43373307866855, 56.74251986986296 ], [ -2.433727152558473, 56.742528219893629 ], [ -2.4337212254159, 56.742536569704676 ], [ -2.433715297247929, 56.742544919297544 ], [ -2.433709368061666, 56.742553268673682 ], [ -2.433703437864213, 56.742561617834546 ], [ -2.433697506662671, 56.742569966781595 ], [ -2.43369157446414, 56.742578315516276 ], [ -2.433685641275725, 56.742586664040033 ], [ -2.433679707104528, 56.742595012354343 ], [ -2.43367377195765, 56.742603360460635 ], [ -2.433667835842195, 56.742611708360386 ], [ -2.433661898765266, 56.742620056055017 ], [ -2.43365596073396, 56.742628403546 ], [ -2.433650021755383, 56.742636750834798 ], [ -2.433644081836643, 56.742645097922853 ], [ -2.43363814098483, 56.742653444811594 ], [ -2.433632199207055, 56.74266179150252 ], [ -2.433626256510416, 56.742670137997074 ], [ -2.433620312902021, 56.742678484296682 ], [ -2.433614368388966, 56.74268683040281 ], [ -2.433608422978355, 56.7426951763169 ], [ -2.433602476677293, 56.742703522040443 ], [ -2.433596529492881, 56.742711867574847 ], [ -2.433590581432218, 56.74272021292159 ], [ -2.433584632502412, 56.742728558082142 ], [ -2.433578682710559, 56.742736903057889 ], [ -2.433572732063766, 56.742745247850365 ], [ -2.433566780569135, 56.742753592460978 ], [ -2.433560828233767, 56.742761936891178 ], [ -2.433554875064767, 56.742770281142441 ], [ -2.433548921069232, 56.742778625216204 ], [ -2.433542966254268, 56.742786969113936 ], [ -2.433537010626978, 56.742795312837067 ], [ -2.433531054194462, 56.742803656387046 ], [ -2.433525096963821, 56.742811999765372 ], [ -2.433519138942164, 56.742820342973459 ], [ -2.433513180136588, 56.742828686012757 ], [ -2.433507220554198, 56.742837028884736 ], [ -2.433501260202093, 56.742845371590846 ], [ -2.433495299087379, 56.742853714132551 ], [ -2.433489337217155, 56.742862056511264 ], [ -2.433483374598526, 56.742870398728485 ], [ -2.433477411238594, 56.742878740785635 ], [ -2.433471447144462, 56.74288708268417 ], [ -2.43346548232323, 56.742895424425562 ], [ -2.433459516782003, 56.74290376601126 ], [ -2.433453550527882, 56.742912107442713 ], [ -2.433447583567968, 56.742920448721371 ], [ -2.433441615909369, 56.742928789848662 ], [ -2.433435647559183, 56.7429371308261 ], [ -2.433429678524511, 56.742945471655084 ], [ -2.43342370881246, 56.742953812337092 ], [ -2.433417738430127, 56.742962152873574 ], [ -2.433411767384619, 56.742970493265958 ], [ -2.433405795683039, 56.742978833515743 ], [ -2.433399823332486, 56.742987173624364 ], [ -2.433393850340066, 56.742995513593243 ], [ -2.433387876712877, 56.743003853423872 ], [ -2.433381902458024, 56.743012193117686 ], [ -2.43337592758261, 56.743020532676134 ], [ -2.43336995209374, 56.743028872100702 ], [ -2.433363975998508, 56.743037211392803 ], [ -2.433357999304133, 56.74304555055393 ], [ -2.433352022031123, 56.74305388958868 ], [ -2.433346044225979, 56.743062228507803 ], [ -2.433340065938208, 56.743070567322675 ], [ -2.433334087217323, 56.743078906044758 ], [ -2.433328108112834, 56.743087244685469 ], [ -2.433322128674245, 56.74309558325622 ], [ -2.433321622132775, 56.74309628961052 ], [ -2.433323428706802, 56.743093650668882 ], [ -2.433329180592239, 56.743085249954788 ], [ -2.433334933292124, 56.743076849385538 ], [ -2.433340686818223, 56.743068448963498 ], [ -2.433346441182298, 56.743060048691085 ], [ -2.433352196396112, 56.743051648570678 ], [ -2.433357952471426, 56.743043248604629 ], [ -2.433363709416959, 56.74303484879475 ], [ -2.43336946722685, 56.743026449139883 ], [ -2.433375225890859, 56.743018049638003 ], [ -2.433380985398763, 56.743009650287092 ], [ -2.43338674574033, 56.743001251085111 ], [ -2.43339250690533, 56.742992852030063 ], [ -2.433398268883532, 56.742984453119895 ], [ -2.433404031664709, 56.742976054352631 ], [ -2.433409795238627, 56.742967655726218 ], [ -2.433415559595057, 56.742959257238624 ], [ -2.43342132472377, 56.742950858887831 ], [ -2.433427090614535, 56.742942460671841 ], [ -2.43343285725712, 56.742934062588603 ], [ -2.433438624641298, 56.742925664636104 ], [ -2.433444392756839, 56.742917266812348 ], [ -2.43345016159351, 56.742908869115261 ], [ -2.433455931141083, 56.742900471542868 ], [ -2.433461701389328, 56.74289207409312 ], [ -2.433467472328017, 56.742883676764002 ], [ -2.433473243946913, 56.742875279553481 ], [ -2.433479016235792, 56.742866882459566 ], [ -2.433484789184424, 56.742858485480198 ], [ -2.433490562782575, 56.742850088613373 ], [ -2.433496337020018, 56.742841691857059 ], [ -2.433502111886524, 56.742833295209266 ], [ -2.433507887371858, 56.742824898667919 ], [ -2.433513663465796, 56.742816502231037 ], [ -2.433519440158105, 56.742808105896586 ], [ -2.433525217438554, 56.742799709662521 ], [ -2.433530995296916, 56.742791313526865 ], [ -2.433536773722957, 56.742782917487553 ], [ -2.43354255270645, 56.742774521542593 ], [ -2.433548332237165, 56.742766125689947 ], [ -2.433554112304873, 56.74275772992759 ], [ -2.433559892899341, 56.74274933425351 ], [ -2.43356567401034, 56.74274093866569 ], [ -2.433571455627641, 56.742732543162063 ], [ -2.433577237741015, 56.742724147740674 ], [ -2.433583020340229, 56.742715752399469 ], [ -2.433588803415056, 56.742707357136403 ], [ -2.433594586955266, 56.742698961949493 ], [ -2.433600370950628, 56.742690566836686 ], [ -2.433606155390909, 56.742682171795984 ], [ -2.433611940265886, 56.742673776825342 ], [ -2.433617725565324, 56.742665381922755 ], [ -2.433623511278995, 56.742656987086193 ], [ -2.43362929739667, 56.742648592313643 ], [ -2.433635083908116, 56.74264019760308 ], [ -2.433640870803107, 56.742631802952452 ], [ -2.43364665807141, 56.742623408359776 ], [ -2.433652445702799, 56.74261501382302 ], [ -2.43365823368704, 56.742606619340151 ], [ -2.433664022013905, 56.742598224909152 ], [ -2.433669810673163, 56.742589830528004 ], [ -2.433675599654587, 56.742581436194683 ], [ -2.433681388947946, 56.742573041907164 ], [ -2.433687178543011, 56.742564647663421 ], [ -2.433692968429547, 56.742556253461458 ], [ -2.433698758597332, 56.742547859299215 ], [ -2.43370454903613, 56.74253946517468 ], [ -2.433710339735716, 56.742531071085864 ], [ -2.433716130685857, 56.742522677030699 ], [ -2.433721921876326, 56.742514283007189 ], [ -2.433727713296889, 56.74250588901328 ], [ -2.433733504937322, 56.742497495047004 ], [ -2.433739296787389, 56.742489101106294 ], [ -2.433745088836867, 56.742480707189152 ], [ -2.43375088107552, 56.742472313293547 ], [ -2.433756673493125, 56.742463919417446 ], [ -2.433762466079445, 56.742455525558839 ], [ -2.433768258824255, 56.742447131715693 ], [ -2.433774051717325, 56.742438737886019 ], [ -2.433779844748424, 56.742430344067756 ], [ -2.433785637907324, 56.742421950258894 ], [ -2.433791431183792, 56.742413556457414 ], [ -2.433797224567603, 56.742405162661299 ], [ -2.433803018048525, 56.74239676886851 ], [ -2.433808811616327, 56.742388375077041 ], [ -2.433814605260782, 56.742379981284877 ], [ -2.433820398971658, 56.742371587489963 ], [ -2.43382619273873, 56.742363193690302 ], [ -2.433831986551764, 56.74235479988387 ], [ -2.43383778040053, 56.742346406068641 ], [ -2.433843574274802, 56.742338012242591 ], [ -2.433849368164347, 56.742329618403694 ], [ -2.433855162058939, 56.742321224549933 ], [ -2.433860955948344, 56.742312830679275 ], [ -2.433866749822338, 56.74230443678973 ], [ -2.433872543670686, 56.742296042879239 ], [ -2.433878337483162, 56.742287648945812 ], [ -2.433884131249533, 56.742279254987409 ], [ -2.433889924959575, 56.742270861001998 ], [ -2.433895718603055, 56.742262466987576 ], [ -2.433901512169742, 56.742254072942103 ], [ -2.433907305649409, 56.742245678863569 ], [ -2.433913099031827, 56.742237284749962 ], [ -2.433918892306767, 56.742228890599229 ], [ -2.433924685463995, 56.742220496409374 ], [ -2.433930478493287, 56.742212102178364 ], [ -2.43393627138441, 56.742203707904167 ], [ -2.433942064127137, 56.742195313584794 ], [ -2.433947856711236, 56.742186919218199 ], [ -2.43395364912648, 56.742178524802348 ], [ -2.433959441362637, 56.742170130335239 ], [ -2.433965233409483, 56.74216173581484 ], [ -2.433971025256781, 56.742153341239138 ], [ -2.433976816894305, 56.742144946606125 ], [ -2.433982608311829, 56.742136551913738 ], [ -2.433988399499121, 56.742128157159975 ], [ -2.43399419044595, 56.742119762342824 ], [ -2.433999981142086, 56.742111367460247 ], [ -2.434005771577305, 56.742102972510239 ], [ -2.434011561741373, 56.742094577490768 ], [ -2.434017351624062, 56.742086182399795 ], [ -2.434023141215141, 56.742077787235324 ], [ -2.434028930504384, 56.742069391995329 ], [ -2.434034719481561, 56.742060996677779 ], [ -2.434040508136441, 56.742052601280633 ], [ -2.434046296458795, 56.742044205801925 ], [ -2.434052084438395, 56.742035810239585 ], [ -2.434057872065011, 56.742027414591611 ], [ -2.434063659328413, 56.742019018855963 ], [ -2.434069446218373, 56.74201062303063 ], [ -2.434075232724661, 56.742002227113595 ], [ -2.43408101883705, 56.741993831102846 ], [ -2.434086804545304, 56.741985434996316 ], [ -2.434092589839202, 56.741977038792029 ], [ -2.434098374708511, 56.741968642487954 ], [ -2.434104159143002, 56.741960246082044 ], [ -2.434109943132446, 56.741951849572295 ], [ -2.434115726666612, 56.741943452956697 ], [ -2.434121509735274, 56.741935056233203 ], [ -2.434127292328201, 56.741926659399809 ], [ -2.434133074435164, 56.74191826245449 ], [ -2.434138856045934, 56.741909865395222 ], [ -2.434144637150282, 56.741901468219964 ], [ -2.43415041773798, 56.741893070926722 ], [ -2.434156197798795, 56.741884673513468 ], [ -2.434161977322501, 56.741876275978164 ], [ -2.434167756298871, 56.741867878318814 ], [ -2.434173534717671, 56.741859480533378 ], [ -2.434179312568674, 56.741851082619839 ], [ -2.434185089841653, 56.741842684576149 ], [ -2.434190866526375, 56.741834286400334 ], [ -2.434196642612614, 56.741825888090325 ], [ -2.434202418090138, 56.741817489644134 ], [ -2.434208192948722, 56.741809091059729 ], [ -2.434213967178133, 56.741800692335083 ], [ -2.434219740768143, 56.74179229346818 ], [ -2.434225513708526, 56.741783894457001 ], [ -2.434231285989049, 56.7417754952995 ], [ -2.434237057599486, 56.741767095993694 ], [ -2.434242828529603, 56.741758696537531 ], [ -2.434248598769179, 56.741750296928991 ], [ -2.434254368307979, 56.741741897166065 ], [ -2.434260137135774, 56.741733497246713 ], [ -2.434265905242336, 56.741725097168938 ], [ -2.434271672617439, 56.741716696930695 ], [ -2.434277439250849, 56.741708296529978 ], [ -2.434283205132341, 56.741699895964771 ], [ -2.434288970251684, 56.741691495233013 ], [ -2.434294734598651, 56.741683094332707 ], [ -2.43430049816301, 56.741674693261842 ], [ -2.434306260934534, 56.741666292018387 ], [ -2.434312022902996, 56.741657890600322 ], [ -2.434317784058161, 56.741649489005624 ], [ -2.434323544389807, 56.74164108723226 ], [ -2.434329303887703, 56.741632685278205 ], [ -2.434335062541615, 56.741624283141476 ], [ -2.434340820341321, 56.741615880820007 ], [ -2.434346577276591, 56.741607478311785 ], [ -2.434352333337192, 56.741599075614808 ], [ -2.434358088512899, 56.741590672727028 ], [ -2.434363842793481, 56.741582269646443 ], [ -2.434369596168712, 56.741573866371027 ], [ -2.434375348628358, 56.74156546289877 ], [ -2.434381100162197, 56.741557059227624 ], [ -2.434386850759994, 56.741548655355565 ], [ -2.434392600411524, 56.741540251280576 ], [ -2.434398349106558, 56.741531847000672 ], [ -2.434404096834864, 56.741523442513781 ], [ -2.434409843586214, 56.741515037817919 ], [ -2.434415589330477, 56.741506632932143 ], [ -2.434421334074196, 56.741498227836686 ], [ -2.434427077810272, 56.741489822526212 ], [ -2.434432820528477, 56.741481416998653 ], [ -2.434438562218586, 56.74147301125204 ], [ -2.434444302870366, 56.7414646052843 ], [ -2.43445004247359, 56.741456199093449 ], [ -2.434455781018029, 56.741447792677462 ], [ -2.434461518493453, 56.741439386034301 ], [ -2.434467254889635, 56.741430979161954 ], [ -2.434472990196348, 56.741422572058383 ], [ -2.434478724403359, 56.74141416472159 ], [ -2.434484457500442, 56.741405757149543 ], [ -2.434490189477368, 56.741397349340211 ], [ -2.434495920323908, 56.741388941291575 ], [ -2.434501650029835, 56.741380533001632 ], [ -2.434507378584915, 56.741372124468342 ], [ -2.434513105978925, 56.741363715689687 ], [ -2.434518832201634, 56.741355306663642 ], [ -2.434524557242816, 56.741346897388198 ], [ -2.434530281092239, 56.741338487861306 ], [ -2.434536003739674, 56.741330078080971 ], [ -2.434541725174894, 56.74132166804516 ], [ -2.434547445387672, 56.741313257751855 ], [ -2.434553164367778, 56.741304847199025 ], [ -2.434558882104982, 56.741296436384651 ], [ -2.434564598589057, 56.741288025306709 ], [ -2.434570313809773, 56.741279613963201 ], [ -2.434576027756902, 56.741271202352067 ], [ -2.434581740420217, 56.741262790471318 ], [ -2.434587451789488, 56.741254378318928 ], [ -2.434593161854487, 56.741245965892837 ], [ -2.434598870604983, 56.741237553191056 ], [ -2.434604578030751, 56.741229140211587 ], [ -2.434610284121562, 56.741220726952349 ], [ -2.434615988867185, 56.741212313411367 ], [ -2.434621692257396, 56.741203899586601 ], [ -2.434627394281961, 56.74119548547602 ], [ -2.434633094930655, 56.741187071077604 ], [ -2.434638794193247, 56.741178656389359 ], [ -2.434644492059512, 56.741170241409229 ], [ -2.434650188519218, 56.741161826135226 ], [ -2.43465588356214, 56.741153410565303 ], [ -2.434661577178048, 56.741144994697422 ], [ -2.434667269356711, 56.741136578529613 ], [ -2.434672960087906, 56.741128162059802 ], [ -2.434678649361398, 56.741119745286007 ], [ -2.434684337166965, 56.741111328206166 ], [ -2.434690023494375, 56.741102910818292 ], [ -2.434695708333398, 56.74109449312035 ], [ -2.43470139167381, 56.741086075110317 ], [ -2.434707073505379, 56.741077656786182 ], [ -2.434712753817879, 56.74106923814589 ], [ -2.43471843260108, 56.741060819187453 ], [ -2.434724109844754, 56.741052399908845 ], [ -2.434729785538674, 56.741043980308021 ], [ -2.434735459672608, 56.741035560383004 ], [ -2.434741132236334, 56.741027140131713 ], [ -2.434746803219618, 56.741018719552187 ], [ -2.434752472612235, 56.741010298642344 ], [ -2.434758140403952, 56.741001877400201 ], [ -2.434763806584546, 56.740993455823734 ], [ -2.434769471143789, 56.740985033910924 ], [ -2.434775134071447, 56.740976611659718 ], [ -2.434780795357295, 56.74096818906812 ], [ -2.434786454991106, 56.740959766134104 ], [ -2.43479211296265, 56.740951342855645 ], [ -2.434797769261698, 56.740942919230726 ], [ -2.434803423878026, 56.740934495257321 ], [ -2.434809076801402, 56.740926070933419 ], [ -2.434814728021597, 56.740917646256989 ], [ -2.434820377528385, 56.740909221225998 ], [ -2.434826025311537, 56.740900795838435 ], [ -2.434831671360825, 56.740892370092283 ], [ -2.434837315666022, 56.740883943985509 ], [ -2.434842958216896, 56.740875517516109 ], [ -2.434848599003224, 56.740867090682045 ], [ -2.434854238014773, 56.740858663481298 ], [ -2.434859875241317, 56.740850235911836 ], [ -2.434865510672627, 56.740841807971663 ], [ -2.434871144298477, 56.740833379658746 ], [ -2.434876776108637, 56.740824950971053 ], [ -2.43488240609288, 56.740816521906567 ], [ -2.434888034240975, 56.740808092463261 ], [ -2.434893660542698, 56.740799662639155 ], [ -2.434899284985659, 56.740791232435285 ], [ -2.434904907541136, 56.740782801876534 ], [ -2.434910528219551, 56.740774370930872 ], [ -2.434916147010678, 56.740765939596251 ], [ -2.434921763904284, 56.740757507870661 ], [ -2.434927378890146, 56.740749075752085 ], [ -2.434932991958034, 56.74074064323851 ], [ -2.43493860309772, 56.74073221032787 ], [ -2.434944212298975, 56.740723777018196 ], [ -2.434949819551572, 56.740715343307443 ], [ -2.434955424845285, 56.740706909193577 ], [ -2.434961028169882, 56.740698474674623 ], [ -2.434966629515138, 56.740690039748507 ], [ -2.434972228870822, 56.74068160441324 ], [ -2.434977826226711, 56.740673168666767 ], [ -2.434983421572572, 56.740664732507085 ], [ -2.434989014898182, 56.740656295932183 ], [ -2.434994606193305, 56.740647858940029 ], [ -2.435000195447725, 56.740639421528591 ], [ -2.435005782651204, 56.740630983695873 ], [ -2.435011367793516, 56.740622545439813 ], [ -2.435016950864437, 56.740614106758443 ], [ -2.435022531853736, 56.740605667649696 ], [ -2.435028110751186, 56.740597228111575 ], [ -2.435033687546558, 56.740588788142034 ], [ -2.435039262229627, 56.740580347739076 ], [ -2.435044834790162, 56.740571906900648 ], [ -2.435050405217935, 56.740563465624774 ], [ -2.435055973502721, 56.740555023909401 ], [ -2.435061539634292, 56.740546581752497 ], [ -2.435067103602416, 56.740538139152079 ], [ -2.43507266539687, 56.740529696106094 ], [ -2.435078225007422, 56.740521252612531 ], [ -2.43508378242385, 56.740512808669351 ], [ -2.435089337635918, 56.740504364274564 ], [ -2.435094890633405, 56.740495919426124 ], [ -2.435100441406082, 56.740487474122027 ], [ -2.435105989943719, 56.74047902836022 ], [ -2.435111536236089, 56.740470582138727 ], [ -2.435117080272966, 56.740462135455466 ], [ -2.435122622044119, 56.740453688308477 ], [ -2.435128161539324, 56.74044524069572 ], [ -2.435133698748352, 56.740436792615142 ], [ -2.435139233660973, 56.740428344064753 ], [ -2.435144766266962, 56.740419895042521 ], [ -2.43515029655609, 56.740411445546421 ], [ -2.435155824518128, 56.740402995574442 ], [ -2.435161350142852, 56.740394545124545 ], [ -2.435166873420032, 56.740386094194719 ], [ -2.43517239433944, 56.740377642782938 ], [ -2.435177912890848, 56.740369190887186 ], [ -2.435183429064032, 56.740360738505444 ], [ -2.43518894284876, 56.740352285635694 ], [ -2.435194454234806, 56.740343832275876 ], [ -2.435199963211942, 56.740335378424014 ], [ -2.43520546976994, 56.740326924078083 ], [ -2.435210973898573, 56.740318469236037 ], [ -2.435216475587613, 56.740310013895858 ], [ -2.435221974826834, 56.740301558055535 ], [ -2.435227471606006, 56.740293101713043 ], [ -2.435232965914905, 56.74028464486635 ], [ -2.435238457743299, 56.740276187513452 ], [ -2.435243947080961, 56.740267729652324 ], [ -2.435249433917667, 56.740259271280927 ], [ -2.435254918243188, 56.740250812397264 ], [ -2.435260400047294, 56.740242352999282 ], [ -2.435265879319761, 56.740233893084991 ], [ -2.435271356050358, 56.740225432652352 ], [ -2.435276830228859, 56.74021697169934 ], [ -2.435282301845037, 56.740208510223951 ], [ -2.435287770888665, 56.740200048224146 ], [ -2.435293237349514, 56.740191585697914 ], [ -2.435298701217357, 56.740183122643224 ], [ -2.435304162484276, 56.740174659058546 ], [ -2.435309621155771, 56.740166194945189 ], [ -2.435315077242176, 56.740157730305434 ], [ -2.435320530753831, 56.740149265141632 ], [ -2.435325981701075, 56.740140799456071 ], [ -2.43533143009425, 56.740132333251097 ], [ -2.4353368759437, 56.740123866529011 ], [ -2.435342319259759, 56.740115399292129 ], [ -2.43534776005277, 56.740106931542776 ], [ -2.435353198333075, 56.740098463283253 ], [ -2.435358634111013, 56.740089994515891 ], [ -2.435364067396925, 56.740081525243014 ], [ -2.43536949820115, 56.740073055466908 ], [ -2.435374926534031, 56.740064585189913 ], [ -2.435380352405905, 56.740056114414337 ], [ -2.435385775827116, 56.740047643142525 ], [ -2.435391196808, 56.74003917137675 ], [ -2.435396615358902, 56.740030699119352 ], [ -2.435402031490159, 56.740022226372631 ], [ -2.435407445212113, 56.740013753138932 ], [ -2.435412856535104, 56.740005279420558 ], [ -2.435418265469472, 56.739996805219818 ], [ -2.435423672025558, 56.739988330539035 ], [ -2.435429076213702, 56.739979855380525 ], [ -2.435434478044245, 56.739971379746599 ], [ -2.435439877527524, 56.739962903639594 ], [ -2.435445274673882, 56.739954427061811 ], [ -2.435450669493661, 56.739945950015567 ], [ -2.435456061997199, 56.739937472503165 ], [ -2.435461452194836, 56.739928994526949 ], [ -2.435466840096911, 56.739920516089228 ], [ -2.435472225713769, 56.739912037192312 ], [ -2.435477609055745, 56.73990355783851 ], [ -2.435482990133184, 56.739895078030138 ], [ -2.435488368956423, 56.739886597769541 ], [ -2.435493745535803, 56.739878117059021 ], [ -2.435499119881664, 56.739869635900881 ], [ -2.435504492004345, 56.739861154297451 ], [ -2.435509861914189, 56.73985267225104 ], [ -2.435515229621535, 56.739844189763964 ], [ -2.435520595136724, 56.739835706838555 ], [ -2.435525958470092, 56.739827223477128 ], [ -2.435531319631985, 56.739818739681986 ], [ -2.435536678632739, 56.739810255455438 ], [ -2.435542035482696, 56.739801770799822 ], [ -2.435547390192197, 56.73979328571744 ], [ -2.435552742771578, 56.739784800210622 ], [ -2.435558093231185, 56.73977631428167 ], [ -2.435563441581354, 56.739767827932901 ], [ -2.435568787832429, 56.739759341166653 ], [ -2.435574131994744, 56.739750853985228 ], [ -2.435579474078642, 56.739742366390942 ], [ -2.435584814094467, 56.73973387838609 ], [ -2.435590152052552, 56.739725389973046 ], [ -2.435595487963244, 56.739716901154068 ], [ -2.435600821836877, 56.73970841193151 ], [ -2.435606153683795, 56.739699922307665 ], [ -2.435611483514337, 56.739691432284857 ], [ -2.435616811338842, 56.739682941865397 ], [ -2.435622137167651, 56.739674451051627 ], [ -2.435627461011105, 56.73966595984583 ], [ -2.435632782879543, 56.73965746825035 ], [ -2.435638102783305, 56.739648976267496 ], [ -2.435643420732729, 56.739640483899578 ], [ -2.435648736738159, 56.739631991148912 ], [ -2.435654050809933, 56.739623498017814 ], [ -2.43565936295839, 56.739615004508615 ], [ -2.435664673193872, 56.739606510623616 ], [ -2.435669981526718, 56.739598016365136 ], [ -2.435675287967267, 56.739589521735489 ], [ -2.43568059252586, 56.739581026737021 ], [ -2.435685895212836, 56.739572531372005 ], [ -2.435691196038538, 56.739564035642786 ], [ -2.435696495013302, 56.739555539551638 ], [ -2.43570179214747, 56.739547043100956 ], [ -2.43570708745138, 56.739538546292991 ], [ -2.435712380935374, 56.739530049130089 ], [ -2.435717672609791, 56.739521551614544 ], [ -2.435722962484973, 56.739513053748702 ], [ -2.435728250571256, 56.739504555534857 ], [ -2.435733536878983, 56.739496056975327 ], [ -2.435738821418491, 56.739487558072447 ], [ -2.435744104200122, 56.739479058828493 ], [ -2.435749385234216, 56.739470559245838 ], [ -2.435754664531113, 56.739462059326769 ], [ -2.43575994210115, 56.739453559073596 ], [ -2.43576521795467, 56.739445058488641 ], [ -2.435770492102012, 56.739436557574223 ], [ -2.435775764553517, 56.739428056332656 ], [ -2.435781035319521, 56.739419554766265 ], [ -2.435786304410366, 56.739411052877365 ], [ -2.435791571836391, 56.739402550668267 ], [ -2.435796837607939, 56.739394048141264 ], [ -2.435802101735347, 56.739385545298717 ], [ -2.435807364228955, 56.739377042142912 ], [ -2.435812625099102, 56.739368538676182 ], [ -2.435817884356129, 56.739360034900841 ], [ -2.435823142010376, 56.739351530819206 ], [ -2.435828398072182, 56.739343026433573 ], [ -2.435833652551886, 56.739334521746287 ], [ -2.435838905459828, 56.739326016759641 ], [ -2.43584415680635, 56.739317511475981 ], [ -2.435849406601788, 56.739309005897596 ], [ -2.435854654856484, 56.739300500026808 ], [ -2.43585990158078, 56.739291993865947 ], [ -2.43586514678501, 56.739283487417325 ], [ -2.435870390479518, 56.739274980683234 ], [ -2.435875632674643, 56.739266473666014 ], [ -2.435880873380723, 56.739257966367973 ], [ -2.435886112608098, 56.739249458791456 ], [ -2.435891350367108, 56.739240950938736 ], [ -2.435896586668093, 56.73923244281216 ], [ -2.435901821521393, 56.739223934414014 ], [ -2.435907054937347, 56.739215425746664 ], [ -2.435912286926295, 56.739206916812371 ], [ -2.435917517498577, 56.739198407613486 ], [ -2.435922746664528, 56.739189898152318 ], [ -2.435927974434494, 56.739181388431192 ], [ -2.435933200818813, 56.739172878452393 ], [ -2.435938425827822, 56.739164368218262 ], [ -2.435943649471862, 56.73915585773112 ], [ -2.435948871761273, 56.739147346993278 ], [ -2.435954092706395, 56.739138836007051 ], [ -2.435959312317565, 56.739130324774763 ], [ -2.435964530605125, 56.739121813298702 ], [ -2.435969747579414, 56.739113301581227 ], [ -2.435974963250771, 56.739104789624612 ], [ -2.435980177629536, 56.739096277431202 ], [ -2.435985390726047, 56.739087765003305 ], [ -2.435990602550646, 56.739079252343231 ], [ -2.435995813113671, 56.739070739453318 ], [ -2.436001022425461, 56.739062226335854 ], [ -2.436006230496356, 56.739053712993176 ], [ -2.436011437336695, 56.739045199427586 ], [ -2.436016642956822, 56.739036685641423 ], [ -2.436021847367067, 56.739028171636988 ], [ -2.436027050577778, 56.739019657416591 ], [ -2.43603225259929, 56.739011142982548 ], [ -2.436037453441944, 56.739002628337182 ], [ -2.436042653116079, 56.738994113482839 ], [ -2.436047851632035, 56.73898559842177 ], [ -2.436053049000148, 56.738977083156357 ], [ -2.436058245230763, 56.738968567688865 ], [ -2.436063440334217, 56.738960052021646 ], [ -2.436068634320847, 56.738951536157003 ], [ -2.436073827200995, 56.738943020097246 ], [ -2.436079018985001, 56.73893450384471 ], [ -2.436084209683199, 56.738925987401679 ], [ -2.436089399305937, 56.73891747077051 ], [ -2.436094587863546, 56.738908953953498 ], [ -2.436099775366371, 56.738900436952953 ], [ -2.436104961824749, 56.738891919771199 ], [ -2.436110147249019, 56.738883402410572 ], [ -2.436115331649521, 56.73887488487334 ], [ -2.436120515036595, 56.738866367161869 ], [ -2.436125697420578, 56.738857849278453 ], [ -2.43613087881181, 56.738849331225403 ], [ -2.436136059220633, 56.738840813005055 ], [ -2.436141238657382, 56.738832294619705 ], [ -2.4361464171324, 56.738823776071676 ], [ -2.436151594656024, 56.738815257363285 ], [ -2.436156771238592, 56.738806738496869 ], [ -2.436161946890447, 56.738798219474702 ], [ -2.436167121621927, 56.738789700299144 ], [ -2.436172295443368, 56.738781180972467 ], [ -2.436177468365114, 56.738772661497023 ], [ -2.436182640397501, 56.738764141875123 ], [ -2.436187811550869, 56.738755622109075 ], [ -2.436192981835558, 56.738747102201195 ], [ -2.436198151261906, 56.7387385821538 ], [ -2.436203319840252, 56.738730061969214 ], [ -2.436208487580935, 56.738721541649738 ], [ -2.436213654494296, 56.738713021197704 ], [ -2.436218820590671, 56.738704500615434 ], [ -2.436223985880404, 56.738695979905209 ], [ -2.43622915037383, 56.738687459069389 ], [ -2.436234314081287, 56.738678938110255 ], [ -2.436239477013119, 56.73867041703015 ], [ -2.436244639179661, 56.738661895831378 ], [ -2.436249800591255, 56.738653374516261 ], [ -2.436254961258238, 56.738644853087109 ], [ -2.436260121190948, 56.738636331546232 ], [ -2.436265280399728, 56.738627809895959 ], [ -2.436270438894912, 56.738619288138615 ], [ -2.436275596686844, 56.738610766276487 ], [ -2.43628075378586, 56.738602244311913 ], [ -2.4362859102023, 56.738593722247202 ], [ -2.436291065946504, 56.738585200084671 ], [ -2.436296221028809, 56.73857667782665 ], [ -2.436301375459553, 56.738568155475427 ], [ -2.436306529249079, 56.738559633033347 ], [ -2.436311682407723, 56.738551110502705 ], [ -2.436316834945826, 56.738542587885838 ], [ -2.436321986873725, 56.73853406518505 ], [ -2.436327138201759, 56.738525542402655 ], [ -2.436332288940268, 56.738517019540964 ], [ -2.436337439099591, 56.738508496602321 ], [ -2.436342588690068, 56.738499973589001 ], [ -2.436347737722035, 56.738491450503368 ], [ -2.436352886205832, 56.73848292734769 ], [ -2.436358034151799, 56.738474404124318 ], [ -2.436363181570274, 56.738465880835541 ], [ -2.436368328471597, 56.738457357483703 ], [ -2.436373474866107, 56.738448834071121 ], [ -2.436378620764138, 56.738440310600083 ], [ -2.436383766176036, 56.738431787072926 ], [ -2.436388911112137, 56.73842326349196 ], [ -2.436394055582777, 56.738414739859493 ], [ -2.4363991995983, 56.738406216177871 ], [ -2.436404343169039, 56.738397692449375 ], [ -2.436409486305338, 56.738389168676335 ], [ -2.436414629017535, 56.738380644861067 ], [ -2.436419771315965, 56.738372121005909 ], [ -2.436424913210972, 56.73836359711315 ], [ -2.436430054712892, 56.738355073185105 ], [ -2.436435195832062, 56.738346549224104 ], [ -2.436440336578825, 56.738338025232451 ], [ -2.436445476963517, 56.73832950121249 ], [ -2.436450616996478, 56.738320977166502 ], [ -2.436455756688046, 56.73831245309681 ], [ -2.436460896048557, 56.738303929005745 ], [ -2.436466035088354, 56.738295404895631 ], [ -2.436471173817776, 56.738286880768761 ], [ -2.436476312247159, 56.738278356627454 ], [ -2.436481450386843, 56.738269832474039 ], [ -2.436486588247168, 56.738261308310818 ], [ -2.43649172583847, 56.73825278414013 ], [ -2.436496863171089, 56.738244259964262 ], [ -2.436502000255364, 56.738235735785558 ], [ -2.436507137101633, 56.738227211606308 ], [ -2.436512273720235, 56.738218687428855 ], [ -2.436517410121508, 56.738210163255495 ], [ -2.436522546315792, 56.738201639088558 ], [ -2.436527682313423, 56.738193114930347 ], [ -2.436532818124745, 56.738184590783185 ], [ -2.436537953760093, 56.738176066649388 ], [ -2.436543089229803, 56.738167542531279 ], [ -2.436548224544219, 56.738159018431141 ], [ -2.436553359713676, 56.738150494351359 ], [ -2.436558494748514, 56.738141970294173 ], [ -2.436563629659072, 56.738133446261955 ], [ -2.436568764455687, 56.738124922256979 ], [ -2.436573899148697, 56.738116398281605 ], [ -2.436579033748443, 56.738107874338105 ], [ -2.436584168265262, 56.738099350428818 ], [ -2.436589302709495, 56.738090826556068 ], [ -2.436594437091478, 56.738082302722169 ], [ -2.436599571421548, 56.738073778929419 ], [ -2.436604705710049, 56.738065255180132 ], [ -2.436609839967314, 56.738056731476661 ], [ -2.436614974203685, 56.738048207821294 ], [ -2.436620108429499, 56.738039684216353 ], [ -2.436625242655095, 56.738031160664136 ], [ -2.436630376890811, 56.738022637166978 ], [ -2.436635511146985, 56.738014113727218 ], [ -2.436640645433957, 56.738005590347129 ], [ -2.436645779762063, 56.737997067029063 ], [ -2.436650914141645, 56.737988543775295 ], [ -2.436656048583038, 56.737980020588182 ], [ -2.436661183096583, 56.737971497470028 ], [ -2.436666317692618, 56.737962974423148 ], [ -2.436671452381479, 56.737954451449831 ], [ -2.436676587173507, 56.737945928552442 ], [ -2.43668172207904, 56.737937405733256 ], [ -2.436686857108416, 56.737928882994616 ], [ -2.436691992271975, 56.737920360338826 ], [ -2.436697127580052, 56.737911837768202 ], [ -2.436702263042987, 56.737903315285067 ], [ -2.436707398671121, 56.73789479289173 ], [ -2.436712534474784, 56.737886270590515 ], [ -2.436717670464326, 56.737877748383724 ], [ -2.436722806650079, 56.737869226273681 ], [ -2.436727943042379, 56.737860704262708 ], [ -2.436733079651569, 56.73785218235313 ], [ -2.436738216487986, 56.737843660547242 ], [ -2.436743353561968, 56.737835138847359 ], [ -2.436748490883853, 56.73782661725582 ], [ -2.436753628463978, 56.737818095774919 ], [ -2.436758766312687, 56.737809574406988 ], [ -2.43676390444031, 56.737801053154328 ], [ -2.43676904285719, 56.737792532019277 ], [ -2.436774181573665, 56.737784011004116 ], [ -2.436779320600072, 56.737775490111197 ], [ -2.436784459946751, 56.737766969342815 ], [ -2.436789599624039, 56.737758448701307 ], [ -2.436794739642276, 56.737749928188961 ], [ -2.436799880011796, 56.737741407808109 ], [ -2.436805020742943, 56.737732887561073 ], [ -2.436810161846052, 56.737724367450163 ], [ -2.43681530333146, 56.737715847477688 ], [ -2.436820445209504, 56.737707327645971 ], [ -2.436825587490529, 56.737698807957337 ], [ -2.436830730184868, 56.737690288414065 ], [ -2.43683587330286, 56.737681769018536 ], [ -2.436841016854843, 56.73767324977301 ], [ -2.436846160851154, 56.737664730679811 ], [ -2.436851305302136, 56.737656211741275 ], [ -2.436856450218122, 56.737647692959726 ], [ -2.436861595609451, 56.737639174337438 ], [ -2.436866741486462, 56.737630655876771 ], [ -2.436871887859494, 56.737622137580004 ], [ -2.436877034738882, 56.737613619449483 ], [ -2.436882182134969, 56.737605101487517 ], [ -2.43688733005809, 56.737596583696408 ], [ -2.436892478518582, 56.737588066078487 ], [ -2.436897627526785, 56.737579548636084 ], [ -2.436902777093037, 56.737571031371473 ], [ -2.436907927227676, 56.737562514287006 ], [ -2.436913077941039, 56.737553997384992 ], [ -2.436918229243463, 56.73754548066772 ], [ -2.43692338114529, 56.73753696413754 ], [ -2.436928533656856, 56.737528447796755 ], [ -2.436933686788498, 56.737519931647689 ], [ -2.436938840550554, 56.737511415692637 ], [ -2.436943994953363, 56.737502899933951 ], [ -2.436949150007264, 56.737494384373917 ], [ -2.436954305722592, 56.737485869014854 ], [ -2.436959462109688, 56.737477353859084 ], [ -2.436964619178888, 56.737468838908946 ], [ -2.436969776940532, 56.737460324166705 ], [ -2.436974935404954, 56.737451809634706 ], [ -2.436980094582495, 56.737443295315281 ], [ -2.436985254483495, 56.737434781210723 ], [ -2.436990415118287, 56.737426267323357 ], [ -2.436995576497213, 56.7374177536555 ], [ -2.437000738630609, 56.737409240209459 ], [ -2.437005901528812, 56.737400726987559 ], [ -2.43701106520216, 56.737392213992109 ], [ -2.437016229660995, 56.73738370122544 ], [ -2.437021394915647, 56.737375188689853 ], [ -2.437026560976462, 56.737366676387651 ], [ -2.437031727853774, 56.737358164321186 ], [ -2.437036895557923, 56.737349652492753 ], [ -2.437042064099244, 56.737341140904668 ], [ -2.437047233488074, 56.737332629559262 ], [ -2.437052403734755, 56.737324118458822 ], [ -2.437057574849623, 56.737315607605694 ], [ -2.437062746843013, 56.73730709700218 ], [ -2.437067919725268, 56.737298586650581 ], [ -2.437073093506723, 56.737290076553236 ], [ -2.437078268197716, 56.737281566712461 ], [ -2.437083443808582, 56.737273057130572 ], [ -2.437088620349663, 56.737264547809872 ], [ -2.437093797831295, 56.737256038752683 ], [ -2.437098976263817, 56.737247529961316 ], [ -2.437104155657565, 56.7372390214381 ], [ -2.437109336022878, 56.737230513185345 ], [ -2.437114517370091, 56.737222005205382 ], [ -2.437119699709548, 56.737213497500498 ], [ -2.437124883051579, 56.73720499007301 ], [ -2.437130067404109, 56.737196482924709 ], [ -2.437135252749137, 56.737187976051473 ], [ -2.437140439052915, 56.737179469445657 ], [ -2.43714562628148, 56.737170963099558 ], [ -2.437150814400862, 56.737162457005432 ], [ -2.437156003377093, 56.737153951155598 ], [ -2.437161193176207, 56.737145445542318 ], [ -2.437166383764234, 56.737136940157889 ], [ -2.437171575107212, 56.737128434994595 ], [ -2.437176767171172, 56.73711993004472 ], [ -2.437181959922146, 56.737111425300554 ], [ -2.437187153326167, 56.737102920754396 ], [ -2.437192347349268, 56.73709441639852 ], [ -2.437197541957482, 56.737085912225204 ], [ -2.437202737116842, 56.737077408226753 ], [ -2.437207932793385, 56.73706890439545 ], [ -2.437213128953136, 56.737060400723585 ], [ -2.437218325562135, 56.737051897203422 ], [ -2.437223522586412, 56.737043393827278 ], [ -2.437228719992001, 56.737034890587424 ], [ -2.437233917744936, 56.737026387476149 ], [ -2.437239115811249, 56.737017884485731 ], [ -2.437244314156974, 56.737009381608473 ], [ -2.437249512748144, 56.73700087883666 ], [ -2.437254711550791, 56.736992376162561 ], [ -2.437259910530948, 56.736983873578502 ], [ -2.437265109654653, 56.736975371076724 ], [ -2.437270308887935, 56.736966868649532 ], [ -2.437275508196831, 56.736958366289223 ], [ -2.437280707547369, 56.736949863988087 ], [ -2.437285906905589, 56.736941361738381 ], [ -2.437291106237517, 56.736932859532423 ], [ -2.437296305509194, 56.736924357362497 ], [ -2.437301504686646, 56.736915855220865 ], [ -2.437306703735915, 56.736907353099824 ], [ -2.437311902623029, 56.736898850991693 ], [ -2.437317101314022, 56.736890348888721 ], [ -2.437322299774929, 56.736881846783206 ], [ -2.437327497971784, 56.73687334466743 ], [ -2.437332695870621, 56.736864842533699 ], [ -2.437337893437468, 56.736856340374288 ], [ -2.437343090638368, 56.736847838181475 ], [ -2.437348287439348, 56.736839335947558 ], [ -2.437353483806443, 56.736830833664833 ], [ -2.43735867970569, 56.736822331325577 ], [ -2.437363875103118, 56.736813828922067 ], [ -2.437369069964765, 56.736805326446586 ], [ -2.437374264256664, 56.736796823891446 ], [ -2.43737945794485, 56.736788321248937 ], [ -2.437384650995353, 56.736779818511316 ], [ -2.43738984337421, 56.736771315670893 ], [ -2.437395035047453, 56.736762812719938 ], [ -2.437400225981119, 56.736754309650756 ], [ -2.437405416141239, 56.736745806455644 ], [ -2.43741060549385, 56.736737303126844 ], [ -2.437415794004984, 56.736728799656689 ], [ -2.437420981640674, 56.736720296037447 ], [ -2.437426168366957, 56.736711792261396 ], [ -2.437431354149867, 56.736703288320832 ], [ -2.437436538955437, 56.736694784208048 ], [ -2.437441722749702, 56.736686279915332 ], [ -2.437446905498696, 56.736677775434963 ], [ -2.43745208716845, 56.736669270759243 ], [ -2.437457267725006, 56.73666076588043 ], [ -2.43746244713439, 56.736652260790827 ], [ -2.437467625362643, 56.736643755482731 ], [ -2.437472802375795, 56.736635249948421 ], [ -2.437477978139882, 56.736626744180185 ], [ -2.437483152620939, 56.736618238170287 ], [ -2.437488325785, 56.736609731911074 ], [ -2.437493497598099, 56.736601225394793 ], [ -2.437498668026273, 56.736592718613714 ], [ -2.437503837035553, 56.736584211560142 ], [ -2.437509004591976, 56.736575704226382 ], [ -2.437514170661574, 56.73656719660471 ], [ -2.437519335210385, 56.736558688687396 ], [ -2.437524498204442, 56.736550180466743 ], [ -2.437529659609778, 56.736541671935043 ], [ -2.437534819392431, 56.73653316308458 ], [ -2.437539977518435, 56.736524653907615 ], [ -2.437545133953823, 56.736516144396482 ], [ -2.43755028866463, 56.736507634543436 ], [ -2.437555441616893, 56.736499124340767 ], [ -2.437560592776645, 56.736490613780781 ], [ -2.437565742109921, 56.736482102855739 ], [ -2.437570889582757, 56.736473591557939 ], [ -2.437576035161188, 56.736465079879686 ], [ -2.437581178811246, 56.736456567813242 ], [ -2.437586320498969, 56.736448055350913 ], [ -2.437591460190391, 56.73643954248498 ], [ -2.437596597851548, 56.736431029207729 ], [ -2.437601733448475, 56.736422515511428 ], [ -2.437606866947204, 56.736414001388397 ], [ -2.437611998313773, 56.736405486830911 ], [ -2.437617127514217, 56.736396971831248 ], [ -2.437622254514571, 56.736388456381704 ], [ -2.43762737928087, 56.736379940474578 ], [ -2.437632501779148, 56.736371424102146 ], [ -2.437637621975444, 56.736362907256691 ], [ -2.437642739835788, 56.73635438993049 ], [ -2.43764785532622, 56.736345872115855 ], [ -2.437652968412773, 56.736337353805062 ], [ -2.437658079061481, 56.736328834990395 ], [ -2.437663187238383, 56.736320315664152 ], [ -2.437668292909512, 56.736311795818622 ], [ -2.437673396040903, 56.736303275446083 ], [ -2.437678496598593, 56.736294754538811 ], [ -2.437683594548617, 56.73628623308911 ], [ -2.437688689857011, 56.736277711089279 ], [ -2.437693782489809, 56.736269188531573 ], [ -2.437698872413049, 56.736260665408317 ], [ -2.437703959592761, 56.736252141711759 ], [ -2.437709043994988, 56.736243617434219 ], [ -2.437714125585763, 56.736235092567966 ], [ -2.437719204331118, 56.736226567105284 ], [ -2.437724280197093, 56.736218041038498 ], [ -2.437729353149722, 56.736209514359828 ], [ -2.437734423155043, 56.736200987061629 ], [ -2.437739490179088, 56.736192459136163 ], [ -2.437744554187897, 56.736183930575699 ], [ -2.437749615147502, 56.736175401372549 ], [ -2.437754673023941, 56.736166871518989 ], [ -2.437759727783249, 56.736158341007304 ], [ -2.437764779391463, 56.736149809829804 ], [ -2.437769827814617, 56.736141277978753 ], [ -2.437774873018746, 56.73613274544644 ], [ -2.437776707315143, 56.736129641002499 ] ] ], [ [ [ -2.432288749106868, 56.744607201983911 ], [ -2.43228383911857, 56.744615131582592 ], [ -2.432278576867995, 56.744623636718863 ], [ -2.432273317979277, 56.744632142611636 ], [ -2.432268062209189, 56.74464064920334 ], [ -2.432262809314516, 56.744649156436388 ], [ -2.43225755905203, 56.744657664253225 ], [ -2.432252311178512, 56.744666172596276 ], [ -2.432247065450739, 56.744674681407986 ], [ -2.432241821625489, 56.744683190630788 ], [ -2.432236579459538, 56.744691700207106 ], [ -2.432231338709665, 56.744700210079372 ], [ -2.432226099132643, 56.744708720190033 ], [ -2.432220860485254, 56.744717230481527 ], [ -2.432215622524271, 56.744725740896257 ], [ -2.432210385006473, 56.744734251376691 ], [ -2.432205147688633, 56.744742761865233 ], [ -2.432199910327529, 56.74475127230432 ], [ -2.432194672679936, 56.7447597826364 ], [ -2.432189434502634, 56.74476829280389 ], [ -2.43218419555239, 56.74477680274925 ], [ -2.432178955585983, 56.744785312414891 ], [ -2.432173714360192, 56.744793821743251 ], [ -2.432168471631786, 56.744802330676741 ], [ -2.432163227157544, 56.744810839157836 ], [ -2.43215798069424, 56.744819347128924 ], [ -2.432152731998645, 56.744827854532474 ], [ -2.432147480827535, 56.744836361310895 ], [ -2.432142226937685, 56.744844867406627 ], [ -2.432136970085869, 56.744853372762122 ], [ -2.432131710028858, 56.744861877319778 ], [ -2.432126446523429, 56.744870381022047 ], [ -2.432121179326351, 56.744878883811367 ], [ -2.432115908194401, 56.74488738563015 ], [ -2.432110632884351, 56.744895886420849 ], [ -2.432105353152971, 56.744904386125889 ], [ -2.432100068757036, 56.744912884687686 ], [ -2.432094779453318, 56.744921382048695 ], [ -2.432089484998588, 56.744929878151332 ], [ -2.432084185149618, 56.744938372938044 ], [ -2.432078879663181, 56.744946866351263 ], [ -2.432073568296048, 56.744955358333399 ], [ -2.432068250804988, 56.744963848826899 ], [ -2.432062926946777, 56.744972337774186 ], [ -2.432057596478183, 56.744980825117715 ], [ -2.432052259155979, 56.744989310799902 ], [ -2.43204691473693, 56.744997794763165 ], [ -2.432041562977814, 56.745006276949965 ], [ -2.432036203635397, 56.745014757302705 ], [ -2.432030836466447, 56.745023235763838 ], [ -2.432025461227739, 56.745031712275782 ], [ -2.432020077676041, 56.745040186780976 ], [ -2.432014685568122, 56.745048659221837 ], [ -2.432009284660749, 56.745057129540839 ], [ -2.432003874710695, 56.745065597680359 ], [ -2.431998455474729, 56.745074063582855 ], [ -2.431993026709616, 56.745082527190746 ], [ -2.431987588172127, 56.745090988446492 ], [ -2.431982139619032, 56.745099447292489 ], [ -2.431976680807096, 56.745107903671197 ], [ -2.431971211493089, 56.745116357525028 ], [ -2.431965731433781, 56.745124808796412 ], [ -2.431960240385935, 56.745133257427788 ], [ -2.431954738106324, 56.745141703361597 ], [ -2.43194922435171, 56.745150146540247 ], [ -2.431943698878864, 56.745158586906172 ], [ -2.431938161444551, 56.74516702440183 ], [ -2.431932611805539, 56.745175458969626 ], [ -2.431927049718594, 56.745183890551999 ], [ -2.431921474940484, 56.74519231909138 ], [ -2.431915887227973, 56.74520074453018 ], [ -2.431910286337827, 56.745209166810852 ], [ -2.431904672026817, 56.745217585875828 ], [ -2.431899044051702, 56.74522600166754 ], [ -2.431893402169254, 56.745234414128397 ], [ -2.431887746199475, 56.745242823216302 ], [ -2.431882076208008, 56.745251228949179 ], [ -2.431876392320119, 56.745259631359566 ], [ -2.431870694661085, 56.745268030479934 ], [ -2.431864983356171, 56.745276426342826 ], [ -2.43185925853065, 56.745284818980728 ], [ -2.431853520309791, 56.745293208426176 ], [ -2.431847768818863, 56.745301594711641 ], [ -2.43184200418314, 56.745309977869667 ], [ -2.43183622652789, 56.745318357932739 ], [ -2.431830435978384, 56.745326734933393 ], [ -2.431824632659894, 56.745335108904115 ], [ -2.431818816697692, 56.745343479877427 ], [ -2.431812988217046, 56.74535184788585 ], [ -2.43180714734323, 56.745360212961856 ], [ -2.431801294201511, 56.745368575137995 ], [ -2.431795428917165, 56.745376934446746 ], [ -2.431789551615462, 56.745385290920659 ], [ -2.431783662421671, 56.745393644592191 ], [ -2.43177776146107, 56.745401995493907 ], [ -2.431771848858924, 56.745410343658278 ], [ -2.431765924740507, 56.74541868911782 ], [ -2.431759989231091, 56.745427031905052 ], [ -2.431754042455947, 56.745435372052491 ], [ -2.431748084540353, 56.745443709592614 ], [ -2.431742115609571, 56.745452044557972 ], [ -2.431736135788882, 56.745460376981065 ], [ -2.431730145203554, 56.745468706894371 ], [ -2.431724143978861, 56.745477034330449 ], [ -2.431718132240073, 56.745485359321769 ], [ -2.431712110112468, 56.745493681900861 ], [ -2.431706077721314, 56.745502002100231 ], [ -2.431700035191884, 56.745510319952388 ], [ -2.431693982649454, 56.745518635489837 ], [ -2.431687920219296, 56.745526948745102 ], [ -2.431681848026679, 56.745535259750696 ], [ -2.431675766196883, 56.745543568539112 ], [ -2.431669674855176, 56.745551875142866 ], [ -2.431663574126834, 56.74556017959447 ], [ -2.43165746413713, 56.745568481926441 ], [ -2.431651345011336, 56.745576782171277 ], [ -2.431645216874728, 56.745585080361494 ], [ -2.431639079852578, 56.745593376529605 ], [ -2.431632934070163, 56.745601670708126 ], [ -2.431626779652752, 56.745609962929564 ], [ -2.431620616725622, 56.745618253226404 ], [ -2.431614445414047, 56.745626541631196 ], [ -2.4316082658433, 56.745634828176428 ], [ -2.431602078138657, 56.745643112894612 ], [ -2.431595882425393, 56.745651395818278 ], [ -2.431589678828778, 56.745659676979905 ], [ -2.431583467474093, 56.745667956412035 ], [ -2.431577248486605, 56.745676234147147 ], [ -2.431571021991596, 56.745684510217778 ], [ -2.431564788114336, 56.745692784656413 ], [ -2.431558546980104, 56.745701057495602 ], [ -2.43155229871417, 56.745709328767823 ], [ -2.431546043441814, 56.745717598505593 ], [ -2.431539781288309, 56.745725866741438 ], [ -2.43153351237893, 56.745734133507852 ], [ -2.431527236838953, 56.745742398837358 ], [ -2.431520954793652, 56.745750662762447 ], [ -2.431514666368305, 56.745758925315641 ], [ -2.431508371688186, 56.745767186529477 ], [ -2.43150207087857, 56.745775446436419 ], [ -2.431495764064735, 56.745783705069009 ], [ -2.431489451371955, 56.745791962459748 ], [ -2.431483132925508, 56.745800218641151 ], [ -2.431476808850668, 56.745808473645738 ], [ -2.431470479272712, 56.745816727505996 ], [ -2.431464144316917, 56.745824980254454 ], [ -2.431457804108559, 56.745833231923626 ], [ -2.431451458772913, 56.74584148254602 ], [ -2.431445108435257, 56.745849732154142 ], [ -2.431438753220867, 56.745857980780499 ], [ -2.431432393255019, 56.745866228457601 ], [ -2.431426028662992, 56.745874475217988 ], [ -2.431419659570061, 56.745882721094134 ], [ -2.431413286101503, 56.745890966118573 ], [ -2.431406908382598, 56.745899210323806 ], [ -2.431400526538618, 56.745907453742355 ], [ -2.431394140694843, 56.745915696406719 ], [ -2.431387750976551, 56.745923938349428 ], [ -2.431381357509019, 56.745932179602974 ], [ -2.431374960417524, 56.745940420199872 ], [ -2.431368559827343, 56.745948660172651 ], [ -2.431362155863753, 56.745956899553789 ], [ -2.431355748652033, 56.74596513837583 ], [ -2.431349338317462, 56.74597337667128 ], [ -2.431342924985318, 56.745981614472633 ], [ -2.431336508768746, 56.745989851809114 ], [ -2.431330089711958, 56.745998088691117 ], [ -2.431323667834871, 56.746006325122472 ], [ -2.431317243157364, 56.746014561106954 ], [ -2.431310815699322, 56.746022796648326 ], [ -2.43130438548063, 56.746031031750427 ], [ -2.431297952521169, 56.746039266416979 ], [ -2.43129151684082, 56.746047500651834 ], [ -2.43128507845947, 56.74605573445875 ], [ -2.431278637397003, 56.746063967841508 ], [ -2.431272193673298, 56.746072200803916 ], [ -2.431265747308241, 56.746080433349753 ], [ -2.431259298321716, 56.746088665482809 ], [ -2.431252846733607, 56.746096897206861 ], [ -2.431246392563792, 56.746105128525713 ], [ -2.43123993583216, 56.746113359443143 ], [ -2.431233476558593, 56.746121589962939 ], [ -2.431227014762971, 56.746129820088903 ], [ -2.431220550465181, 56.746138049824815 ], [ -2.431214083685105, 56.746146279174454 ], [ -2.431207614442628, 56.746154508141622 ], [ -2.431201142757631, 56.746162736730092 ], [ -2.43119466865, 56.746170964943651 ], [ -2.431188192139616, 56.746179192786123 ], [ -2.431181713246365, 56.746187420261258 ], [ -2.431175231990127, 56.746195647372851 ], [ -2.431168748390789, 56.746203874124724 ], [ -2.431162262468231, 56.746212100520616 ], [ -2.431155774242343, 56.746220326564334 ], [ -2.431149283733001, 56.746228552259666 ], [ -2.431142790960092, 56.746236777610413 ], [ -2.431136295943498, 56.746245002620356 ], [ -2.431129798703108, 56.74625322729328 ], [ -2.431123299258798, 56.746261451632968 ], [ -2.431116797630456, 56.746269675643227 ], [ -2.431110293837965, 56.746277899327815 ], [ -2.431103787901209, 56.746286122690542 ], [ -2.431097279840069, 56.746294345735208 ], [ -2.431090769674434, 56.746302568465588 ], [ -2.431084257424181, 56.746310790885445 ], [ -2.431077743109199, 56.746319012998597 ], [ -2.431071226749368, 56.746327234808845 ], [ -2.431064708364576, 56.74633545631994 ], [ -2.431058187974704, 56.746343677535691 ], [ -2.431051665599635, 56.746351898459885 ], [ -2.431045141259256, 56.746360119096316 ], [ -2.431038614973446, 56.746368339448757 ], [ -2.431032086762093, 56.746376559521011 ], [ -2.431025556645079, 56.746384779316855 ], [ -2.431019024642289, 56.746392998840086 ], [ -2.431012490773606, 56.746401218094498 ], [ -2.43100595505891, 56.746409437083855 ], [ -2.430999417518094, 56.74641765581196 ], [ -2.430992878171033, 56.746425874282622 ], [ -2.430986337037615, 56.746434092499591 ], [ -2.430979794137727, 56.746442310466684 ], [ -2.430973249491245, 56.746450528187673 ], [ -2.430966703118059, 56.746458745666366 ], [ -2.430960155038053, 56.746466962906517 ], [ -2.430953605271109, 56.746475179911947 ], [ -2.43094705383711, 56.746483396686443 ], [ -2.430940500755943, 56.746491613233765 ], [ -2.430933946047487, 56.746499829557727 ], [ -2.430927389731633, 56.746508045662118 ], [ -2.43092083182826, 56.74651626155071 ], [ -2.430914272357252, 56.746524477227297 ], [ -2.430907711338497, 56.746532692695688 ], [ -2.430901148791876, 56.746540907959648 ], [ -2.430894584737273, 56.746549123022966 ], [ -2.430888019194574, 56.746557337889428 ], [ -2.430881452183664, 56.746565552562835 ], [ -2.430874883724423, 56.746573767046982 ], [ -2.430868313836738, 56.746581981345635 ], [ -2.430861742540491, 56.746590195462616 ], [ -2.43085516985557, 56.746598409401656 ], [ -2.430848595801856, 56.746606623166606 ], [ -2.430842020399235, 56.746614836761211 ], [ -2.430835443667592, 56.746623050189292 ], [ -2.430828865626807, 56.74663126345461 ], [ -2.430822286296767, 56.746639476560972 ], [ -2.430815705697358, 56.746647689512152 ], [ -2.430809123848463, 56.74665590231195 ], [ -2.430802540769965, 56.746664114964155 ], [ -2.43079595648175, 56.746672327472538 ], [ -2.430789371003702, 56.746680539840909 ], [ -2.430782784355703, 56.746688752073055 ], [ -2.430776196557641, 56.746696964172727 ], [ -2.430769607629399, 56.746705176143777 ], [ -2.430763017590861, 56.746713387989949 ], [ -2.430756426461912, 56.746721599715038 ], [ -2.430749834262436, 56.746729811322851 ], [ -2.430743241012317, 56.746738022817169 ], [ -2.43073664673144, 56.746746234201744 ], [ -2.430730051439691, 56.746754445480427 ], [ -2.430723455156951, 56.746762656656962 ], [ -2.430716857903108, 56.746770867735137 ], [ -2.430710259698043, 56.746779078718774 ], [ -2.430703660561644, 56.746787289611632 ], [ -2.430697060513795, 56.74679550041752 ], [ -2.430690459574377, 56.746803711140203 ], [ -2.430683857763281, 56.74681192178349 ], [ -2.430677255100385, 56.746820132351161 ], [ -2.430670651605576, 56.746828342846989 ], [ -2.430664047298742, 56.746836553274797 ], [ -2.430657442199762, 56.746844763638357 ], [ -2.430650836328524, 56.746852973941444 ], [ -2.430644229704914, 56.746861184187864 ], [ -2.430637622348812, 56.746869394381406 ], [ -2.430631014280107, 56.746877604525842 ], [ -2.430624405518683, 56.746885814624996 ], [ -2.430617796084422, 56.746894024682618 ], [ -2.430611185997211, 56.746902234702496 ], [ -2.430604575276935, 56.746910444688467 ], [ -2.430597963943479, 56.746918654644254 ], [ -2.430591352016724, 56.746926864573702 ], [ -2.43058473951656, 56.746935074480561 ], [ -2.430578126462869, 56.746943284368641 ], [ -2.430571512875536, 56.746951494241713 ], [ -2.430564898774449, 56.746959704103595 ], [ -2.430558284179485, 56.746967913958045 ], [ -2.430551669110537, 56.746976123808871 ], [ -2.430545053587489, 56.746984333659853 ], [ -2.430538437630219, 56.746992543514772 ], [ -2.430531821258619, 56.747000753377442 ], [ -2.430525204492571, 56.747008963251623 ], [ -2.430518587351962, 56.747017173141131 ], [ -2.430511969856674, 56.747025383049724 ], [ -2.430505352026594, 56.747033592981211 ], [ -2.430498733881605, 56.747041802939385 ], [ -2.430492115441595, 56.747050012928021 ], [ -2.430485496726448, 56.747058222950912 ], [ -2.430478877756047, 56.747066433011852 ], [ -2.430472258550279, 56.747074643114622 ], [ -2.43046563912903, 56.747082853263031 ], [ -2.430459019512182, 56.747091063460815 ], [ -2.430452399719622, 56.747099273711818 ], [ -2.430445779771234, 56.747107484019828 ], [ -2.430439159686906, 56.74711569438859 ], [ -2.43043253948652, 56.747123904821933 ], [ -2.430425919189962, 56.747132115323623 ], [ -2.430419298817118, 56.747140325897469 ], [ -2.430412678387874, 56.747148536547236 ], [ -2.430406057922111, 56.747156747276726 ], [ -2.430399437439718, 56.747164958089712 ], [ -2.43039281696058, 56.747173168990017 ], [ -2.430386196504581, 56.747181379981406 ], [ -2.430379576091607, 56.747189591067674 ], [ -2.430375264889152, 56.747194938229555 ], [ -2.430378007664497, 56.747191456120866 ], [ -2.430384499037409, 56.747183213322046 ], [ -2.430390989280634, 56.747174970301629 ], [ -2.430397478379681, 56.747166727056481 ], [ -2.430403966320053, 56.747158483583469 ], [ -2.430410453087257, 56.747150239879467 ], [ -2.430416938666801, 56.747141995941341 ], [ -2.430423423044192, 56.747133751765958 ], [ -2.430429906204937, 56.747125507350198 ], [ -2.430436388134541, 56.747117262690928 ], [ -2.430442868818511, 56.747109017785007 ], [ -2.430449348242356, 56.747100772629317 ], [ -2.430455826391579, 56.747092527220715 ], [ -2.430462303251691, 56.747084281556084 ], [ -2.430468778808192, 56.747076035632276 ], [ -2.430475253046597, 56.747067789446206 ], [ -2.430481725952408, 56.747059542994684 ], [ -2.430488197511134, 56.747051296274606 ], [ -2.430494667708279, 56.747043049282844 ], [ -2.430501136529351, 56.747034802016273 ], [ -2.430507603959859, 56.747026554471759 ], [ -2.430514069985306, 56.747018306646154 ], [ -2.430520534591203, 56.747010058536347 ], [ -2.430526997763052, 56.747001810139217 ], [ -2.430533459486364, 56.746993561451603 ], [ -2.430539919746646, 56.746985312470393 ], [ -2.430546378529402, 56.74697706319246 ], [ -2.430552835820138, 56.746968813614664 ], [ -2.430559291604367, 56.746960563733879 ], [ -2.430565745867589, 56.746952313546991 ], [ -2.430572198595317, 56.746944063050833 ], [ -2.430578649773053, 56.746935812242299 ], [ -2.430585099386305, 56.74692756111827 ], [ -2.430591547420581, 56.746919309675576 ], [ -2.430597993861389, 56.746911057911127 ], [ -2.430604438694234, 56.74690280582179 ], [ -2.430610881904625, 56.74689455340441 ], [ -2.430617323478067, 56.746886300655866 ], [ -2.430623763400066, 56.746878047573041 ], [ -2.430630201656133, 56.746869794152779 ], [ -2.430636638231771, 56.746861540391976 ], [ -2.430643073112489, 56.746853286287482 ], [ -2.430649506283795, 56.746845031836202 ], [ -2.430655937731192, 56.746836777034964 ], [ -2.430662367440193, 56.746828521880651 ], [ -2.430668795396302, 56.746820266370143 ], [ -2.430675221585026, 56.746812010500292 ], [ -2.430681645991871, 56.746803754267972 ], [ -2.430688068602346, 56.746795497670064 ], [ -2.430694489401958, 56.746787240703448 ], [ -2.430700908376212, 56.746778983364976 ], [ -2.430707325510617, 56.746770725651515 ], [ -2.430713740790682, 56.74676246755994 ], [ -2.43072015420191, 56.746754209087122 ], [ -2.430726565729811, 56.746745950229929 ], [ -2.430732975359891, 56.746737690985228 ], [ -2.430739383077659, 56.746729431349898 ], [ -2.430745788868619, 56.746721171320793 ], [ -2.43075219271828, 56.746712910894814 ], [ -2.430758594612151, 56.7467046500688 ], [ -2.430764994535736, 56.746696388839624 ], [ -2.430771392474546, 56.746688127204166 ], [ -2.430777788414083, 56.746679865159308 ], [ -2.430784182339859, 56.746671602701888 ], [ -2.43079057423738, 56.746663339828793 ], [ -2.430796964092151, 56.746655076536896 ], [ -2.430803351889682, 56.746646812823066 ], [ -2.430809737615481, 56.74663854868416 ], [ -2.430816121255053, 56.746630284117053 ], [ -2.430822502793904, 56.746622019118647 ], [ -2.430828882217545, 56.746613753685779 ], [ -2.430835259511483, 56.746605487815309 ], [ -2.430841634661222, 56.746597221504132 ], [ -2.430848007652272, 56.746588954749093 ], [ -2.430854378470142, 56.746580687547109 ], [ -2.430860747100335, 56.746572419894981 ], [ -2.430867113528362, 56.746564151789649 ], [ -2.430873477739728, 56.746555883227927 ], [ -2.430879839719943, 56.746547614206712 ], [ -2.430886199454512, 56.746539344722876 ], [ -2.430892556928944, 56.74653107477328 ], [ -2.430898912128746, 56.74652280435479 ], [ -2.430905265039426, 56.7465145334643 ], [ -2.43091161564649, 56.746506262098649 ], [ -2.430917963935446, 56.746497990254738 ], [ -2.430924309891804, 56.746489717929393 ], [ -2.430930653501067, 56.746481445119514 ], [ -2.430936994748747, 56.746473171821968 ], [ -2.430943333620349, 56.746464898033643 ], [ -2.430949670101379, 56.746456623751378 ], [ -2.430956004177349, 56.746448348972052 ], [ -2.430962335833762, 56.746440073692547 ], [ -2.430968665056129, 56.746431797909715 ], [ -2.430974991829956, 56.746423521620429 ], [ -2.430981316140752, 56.746415244821577 ], [ -2.430987637974023, 56.746406967510012 ], [ -2.430993957315277, 56.746398689682614 ], [ -2.431000274150021, 56.746390411336243 ], [ -2.431006588463764, 56.746382132467772 ], [ -2.431012900242013, 56.746373853074068 ], [ -2.431019209470277, 56.746365573152012 ], [ -2.431025516134062, 56.746357292698477 ], [ -2.431031820218876, 56.746349011710301 ], [ -2.431038121710225, 56.7463407301844 ], [ -2.431044420593622, 56.746332448117606 ], [ -2.431050716854566, 56.746324165506813 ], [ -2.431057010478574, 56.746315882348874 ], [ -2.431063301451151, 56.746307598640669 ], [ -2.431069589757801, 56.746299314379065 ], [ -2.431075875384033, 56.746291029560922 ], [ -2.431082158315357, 56.746282744183134 ], [ -2.431088438537281, 56.746274458242553 ], [ -2.43109471603531, 56.746266171736039 ], [ -2.431100990794954, 56.746257884660508 ], [ -2.431107262801722, 56.746249597012778 ], [ -2.431113532041117, 56.746241308789749 ], [ -2.431119798498652, 56.746233019988267 ], [ -2.431126062159831, 56.746224730605221 ], [ -2.431132323010164, 56.74621644063749 ], [ -2.43113858103516, 56.746208150081905 ], [ -2.431144836220325, 56.746199858935384 ], [ -2.431151088551166, 56.746191567194778 ], [ -2.431157338013191, 56.746183274856932 ], [ -2.431163584591911, 56.746174981918749 ], [ -2.431169828272831, 56.746166688377095 ], [ -2.43117606904146, 56.746158394228814 ], [ -2.431182306883306, 56.746150099470817 ], [ -2.431188541783878, 56.746141804099928 ], [ -2.43119477372868, 56.746133508113068 ], [ -2.431201002703225, 56.746125211507056 ], [ -2.431207228693019, 56.746116914278794 ], [ -2.431213451683568, 56.746108616425147 ], [ -2.431219671660382, 56.746100317942975 ], [ -2.43122588860897, 56.74609201882916 ], [ -2.431232102514838, 56.746083719080559 ], [ -2.431238313363493, 56.746075418694076 ], [ -2.431244521140447, 56.746067117666541 ], [ -2.431250725831206, 56.746058815994829 ], [ -2.431256927421278, 56.746050513675826 ], [ -2.431263125896169, 56.746042210706399 ], [ -2.43126932124139, 56.746033907083408 ], [ -2.431275513442451, 56.746025602803726 ], [ -2.431281702484855, 56.746017297864235 ], [ -2.431287888354111, 56.7460089922618 ], [ -2.431294071035732, 56.74600068599328 ], [ -2.431300250515221, 56.745992379055558 ], [ -2.431306426778088, 56.745984071445513 ], [ -2.431312599809841, 56.745975763159969 ], [ -2.431318769601045, 56.745967454196915 ], [ -2.431324936159707, 56.745959144557922 ], [ -2.431331099497589, 56.74595083424537 ], [ -2.43133725962646, 56.745942523261654 ], [ -2.431343416558085, 56.745934211609168 ], [ -2.431349570304231, 56.74592589929027 ], [ -2.431355720876665, 56.745917586307378 ], [ -2.431361868287148, 56.745909272662878 ], [ -2.431368012547451, 56.74590095835913 ], [ -2.431374153669338, 56.745892643398534 ], [ -2.431380291664574, 56.745884327783479 ], [ -2.431386426544928, 56.745876011516373 ], [ -2.431392558322161, 56.745867694599546 ], [ -2.431398687008044, 56.74585937703543 ], [ -2.43140481261434, 56.74585105882641 ], [ -2.431410935152817, 56.745842739974854 ], [ -2.431417054635237, 56.745834420483142 ], [ -2.431423171073371, 56.745826100353689 ], [ -2.431429284478981, 56.745817779588869 ], [ -2.431435394863835, 56.745809458191061 ], [ -2.431441502239697, 56.745801136162662 ], [ -2.431447606618334, 56.745792813506036 ], [ -2.431453708011512, 56.745784490223606 ], [ -2.431459806430997, 56.745776166317732 ], [ -2.431465901888553, 56.745767841790801 ], [ -2.431471994395952, 56.745759516645215 ], [ -2.431478083964949, 56.745751190883354 ], [ -2.431484170607316, 56.745742864507591 ], [ -2.431490254334823, 56.74573453752032 ], [ -2.431496335159228, 56.74572620992393 ], [ -2.4315024130923, 56.745717881720815 ], [ -2.431508488145807, 56.745709552913347 ], [ -2.431514560331511, 56.745701223503922 ], [ -2.431520629661179, 56.745692893494912 ], [ -2.431526696146578, 56.745684562888734 ], [ -2.431532759799473, 56.745676231687739 ], [ -2.43153882063163, 56.745667899894322 ], [ -2.431544878654814, 56.745659567510891 ], [ -2.431550933880791, 56.745651234539821 ], [ -2.431556986321327, 56.745642900983476 ], [ -2.431563035988185, 56.745634566844281 ], [ -2.431569082893135, 56.745626232124586 ], [ -2.431575127047939, 56.745617896826801 ], [ -2.431581168464367, 56.745609560953312 ], [ -2.431587207154181, 56.745601224506501 ], [ -2.431593243129147, 56.745592887488733 ], [ -2.431599276401033, 56.745584549902425 ], [ -2.431605306981601, 56.745576211749949 ], [ -2.43161133488262, 56.745567873033693 ], [ -2.431617360115853, 56.745559533756044 ], [ -2.431623382693067, 56.745551193919383 ], [ -2.431629402626026, 56.745542853526118 ], [ -2.431635419926501, 56.745534512578594 ], [ -2.43164143460625, 56.745526171079241 ], [ -2.431647446677043, 56.745517829030419 ], [ -2.431653456150644, 56.745509486434521 ], [ -2.43165946303882, 56.745501143293936 ], [ -2.431665467353335, 56.745492799611036 ], [ -2.431671469105957, 56.745484455388244 ], [ -2.431677468308448, 56.745476110627898 ], [ -2.431683464972575, 56.745467765332414 ], [ -2.431689459110105, 56.745459419504179 ], [ -2.4316954507328, 56.745451073145567 ], [ -2.431701439852432, 56.745442726258965 ], [ -2.431707426480759, 56.745434378846774 ], [ -2.431713410629551, 56.745426030911368 ], [ -2.431719392310572, 56.745417682455127 ], [ -2.431725371535588, 56.745409333480467 ], [ -2.431731348316363, 56.745400983989725 ], [ -2.431737322664664, 56.745392633985333 ], [ -2.431743294592255, 56.745384283469654 ], [ -2.431749264110904, 56.745375932445071 ], [ -2.431755231232376, 56.745367580913978 ], [ -2.431761195968432, 56.745359228878769 ], [ -2.431767158330844, 56.745350876341817 ], [ -2.431773118331371, 56.745342523305524 ], [ -2.431779075981781, 56.745334169772271 ], [ -2.431785031293843, 56.745325815744422 ], [ -2.431790984279318, 56.745317461224396 ], [ -2.431796934949971, 56.745309106214556 ], [ -2.431802883317569, 56.745300750717306 ], [ -2.431808829393878, 56.74529239473501 ], [ -2.431814773190661, 56.745284038270064 ], [ -2.431820714719688, 56.745275681324877 ], [ -2.431826653992718, 56.7452673239018 ], [ -2.43183259102152, 56.745258966003227 ], [ -2.431838525817859, 56.745250607631569 ], [ -2.431844458393499, 56.745242248789189 ], [ -2.431850388760207, 56.745233889478463 ], [ -2.431856316929747, 56.745225529701806 ], [ -2.431862242913886, 56.745217169461604 ], [ -2.431868166724387, 56.745208808760211 ], [ -2.431874088373015, 56.745200447600041 ], [ -2.431880007871538, 56.745192085983476 ], [ -2.43188592523172, 56.745183723912888 ], [ -2.431891840465326, 56.745175361390672 ], [ -2.43189775358412, 56.745166998419222 ], [ -2.431903664599867, 56.745158635000926 ], [ -2.431909573524336, 56.745150271138151 ], [ -2.43191548036929, 56.74514190683329 ], [ -2.431921385146492, 56.74513354208873 ], [ -2.43192728786771, 56.745125176906875 ], [ -2.431933188544708, 56.745116811290096 ], [ -2.43193908718925, 56.74510844524076 ], [ -2.431944983813104, 56.745100078761283 ], [ -2.431950878428034, 56.745091711854045 ], [ -2.431956771045802, 56.745083344521419 ], [ -2.431962661678178, 56.7450749767658 ], [ -2.431968550336923, 56.745066608589589 ], [ -2.431974437033805, 56.745058239995139 ], [ -2.431980321780589, 56.745049870984872 ], [ -2.431986204589038, 56.74504150156114 ], [ -2.431992085470919, 56.745033131726352 ], [ -2.431997964437995, 56.745024761482895 ], [ -2.432003841502034, 56.745016390833129 ], [ -2.432009716674797, 56.745008019779483 ], [ -2.432015589968053, 56.74499964832431 ], [ -2.432021461393564, 56.744991276469996 ], [ -2.432027330963098, 56.744982904218944 ], [ -2.432033198688418, 56.744974531573526 ], [ -2.432039064581287, 56.744966158536144 ], [ -2.432044928653475, 56.744957785109172 ], [ -2.432050790916744, 56.744949411294989 ], [ -2.432056651382859, 56.744941037095991 ], [ -2.432062510063584, 56.744932662514572 ], [ -2.432068366970688, 56.744924287553111 ], [ -2.43207422211593, 56.744915912213983 ], [ -2.432080075511079, 56.744907536499603 ], [ -2.432085927167901, 56.744899160412324 ], [ -2.432091777098157, 56.744890783954538 ], [ -2.432097625313614, 56.744882407128664 ], [ -2.432103471826037, 56.744874029937037 ], [ -2.432109316647189, 56.744865652382089 ], [ -2.43211515978884, 56.744857274466185 ], [ -2.432121001262748, 56.744848896191698 ], [ -2.432126841080684, 56.744840517561038 ], [ -2.432132679254408, 56.744832138576584 ], [ -2.43213851579569, 56.744823759240717 ], [ -2.432144350716288, 56.744815379555831 ], [ -2.432150184027972, 56.744806999524307 ], [ -2.432156015742506, 56.744798619148519 ], [ -2.432161845871652, 56.74479023843088 ], [ -2.432167674427179, 56.744781857373745 ], [ -2.432173501420851, 56.744773475979528 ], [ -2.432179326864429, 56.744765094250603 ], [ -2.432185150769681, 56.744756712189357 ], [ -2.432190973148372, 56.744748329798171 ], [ -2.432196794012266, 56.744739947079438 ], [ -2.432202613373126, 56.74473156403554 ], [ -2.43220843124272, 56.744723180668871 ], [ -2.432214247632809, 56.744714796981796 ], [ -2.432220062555163, 56.744706412976726 ], [ -2.432225876021543, 56.744698028656032 ], [ -2.432231688043712, 56.744689644022102 ], [ -2.432237498633439, 56.744681259077332 ], [ -2.432243307802485, 56.744672873824101 ], [ -2.432249115562617, 56.744664488264796 ], [ -2.432254921925598, 56.744656102401784 ], [ -2.432260726903196, 56.744647716237488 ], [ -2.432266530507172, 56.74463932977428 ], [ -2.432272332749291, 56.744630943014521 ], [ -2.43227813364132, 56.744622555960618 ], [ -2.432283933195023, 56.744614168614973 ], [ -2.432288749106868, 56.744607201983911 ] ] ], [ [ [ -2.429254219401551, 56.748612412668031 ], [ -2.429252351525569, 56.748614863617284 ], [ -2.42924604136483, 56.748623148900428 ], [ -2.429239734727265, 56.748631434941558 ], [ -2.429233431632756, 56.748639721744468 ], [ -2.42922713210119, 56.748648009312937 ], [ -2.429220836152456, 56.74865629765074 ], [ -2.429214543806445, 56.748664586761713 ], [ -2.429208255083038, 56.7486728766496 ], [ -2.429201970002128, 56.748681167318225 ], [ -2.429195688583603, 56.748689458771345 ], [ -2.429189410847349, 56.74869775101277 ], [ -2.429183136813256, 56.74870604404628 ], [ -2.429176866501208, 56.748714337875676 ], [ -2.429170599931097, 56.748722632504737 ], [ -2.429164337122811, 56.748730927937252 ], [ -2.429158078096239, 56.748739224177015 ], [ -2.429151822871264, 56.74874752122782 ], [ -2.429145571467775, 56.748755819093461 ], [ -2.429139323905664, 56.748764117777704 ], [ -2.429133080204819, 56.74877241728435 ], [ -2.429126840385122, 56.748780717617215 ], [ -2.42912060446647, 56.748789018780045 ], [ -2.429114372468744, 56.748797320776653 ], [ -2.429108144411833, 56.748805623610828 ], [ -2.429101920315629, 56.748813927286378 ], [ -2.429095700200018, 56.74882223180704 ], [ -2.429089484084888, 56.748830537176651 ], [ -2.429083271990127, 56.748838843398985 ], [ -2.429077063935623, 56.748847150477836 ], [ -2.429070859941264, 56.748855458416983 ], [ -2.42906466002694, 56.748863767220215 ], [ -2.429058464208192, 56.748872076890358 ], [ -2.429052272429604, 56.748880387413898 ], [ -2.429046084577975, 56.748888698764183 ], [ -2.429039900538422, 56.748897010914099 ], [ -2.429033720196053, 56.748905323836581 ], [ -2.429027543435981, 56.748913637504536 ], [ -2.429021370143325, 56.748921951890878 ], [ -2.429015200203196, 56.748930266968529 ], [ -2.429009033500707, 56.748938582710387 ], [ -2.42900286992097, 56.748946899089397 ], [ -2.4289967093491, 56.748955216078443 ], [ -2.428990551670209, 56.748963533650446 ], [ -2.42898439676941, 56.74897185177835 ], [ -2.428978244531818, 56.748980170435033 ], [ -2.428972094842543, 56.748988489593444 ], [ -2.428965947586699, 56.748996809226476 ], [ -2.4289598026494, 56.749005129307029 ], [ -2.428953659915758, 56.749013449808054 ], [ -2.428947519270881, 56.749021770702456 ], [ -2.428941380599888, 56.749030091963121 ], [ -2.428935243787889, 56.749038413563014 ], [ -2.428929108719993, 56.749046735475005 ], [ -2.428922975281317, 56.749055057672052 ], [ -2.428916843356969, 56.749063380127012 ], [ -2.428910712832065, 56.749071702812856 ], [ -2.428904583591714, 56.749080025702476 ], [ -2.428898455521027, 56.749088348768773 ], [ -2.42889232850512, 56.749096671984681 ], [ -2.428886202429103, 56.749104995323123 ], [ -2.428880077178084, 56.749113318756983 ], [ -2.428873952637179, 56.749121642259198 ], [ -2.428867828691497, 56.749129965802673 ], [ -2.428861705226152, 56.749138289360339 ], [ -2.428855582126249, 56.749146612905101 ], [ -2.428849459276905, 56.749154936409873 ], [ -2.428843336563232, 56.749163259847563 ], [ -2.428837213870337, 56.749171583191078 ], [ -2.42883109108333, 56.749179906413367 ], [ -2.428824968087327, 56.749188229487316 ], [ -2.428818844767437, 56.749196552385854 ], [ -2.428812721008768, 56.74920487508188 ], [ -2.42880659669643, 56.749213197548336 ], [ -2.428800471715542, 56.749221519758088 ], [ -2.428794345951204, 56.749229841684091 ], [ -2.42878821928853, 56.749238163299268 ], [ -2.428782091612632, 56.749246484576489 ], [ -2.428775962808619, 56.749254805488711 ], [ -2.428769832761601, 56.749263126008827 ], [ -2.428763701356689, 56.749271446109766 ], [ -2.428757568478992, 56.749279765764413 ], [ -2.42875143401362, 56.749288084945704 ], [ -2.428745297845681, 56.749296403626566 ], [ -2.42873915986029, 56.749304721779879 ], [ -2.428733019942548, 56.749313039378585 ], [ -2.428726877977573, 56.749321356395605 ], [ -2.428720733850469, 56.74932967280381 ], [ -2.428714587446347, 56.749337988576158 ], [ -2.428708438650317, 56.749346303685542 ], [ -2.428702287347488, 56.749354618104874 ], [ -2.42869613342297, 56.749362931807099 ], [ -2.42868997676187, 56.749371244765079 ], [ -2.428683817249297, 56.749379556951766 ], [ -2.428677654770362, 56.749387868340079 ], [ -2.428671489210171, 56.749396178902899 ], [ -2.428665320453835, 56.749404488613159 ], [ -2.428659148386461, 56.749412797443789 ], [ -2.428652972893159, 56.749421105367688 ], [ -2.428646793859035, 56.749429412357742 ], [ -2.428640611169201, 56.749437718386915 ], [ -2.428634424708763, 56.749446023428078 ], [ -2.428628234362829, 56.749454327454181 ], [ -2.428622040016506, 56.749462630438124 ], [ -2.428615841554906, 56.749470932352793 ], [ -2.428609638863133, 56.749479233171144 ], [ -2.428603431826296, 56.749487532866063 ], [ -2.428597220329504, 56.749495831410485 ], [ -2.428591004257865, 56.749504128777303 ], [ -2.428584783496488, 56.749512424939432 ], [ -2.428578557930474, 56.749520719869814 ], [ -2.428572327445293, 56.749529013541412 ], [ -2.428566092078937, 56.749537305957098 ], [ -2.428559852258511, 56.749545597196054 ], [ -2.428553608472272, 56.749553887349435 ], [ -2.428547361208478, 56.749562176508391 ], [ -2.428541110955384, 56.749570464764062 ], [ -2.428534858201249, 56.749578752207626 ], [ -2.42852860343433, 56.749587038930215 ], [ -2.428522347142885, 56.749595325023009 ], [ -2.428516089815177, 56.749603610577118 ], [ -2.42850983193946, 56.749611895683749 ], [ -2.428503574003997, 56.749620180434015 ], [ -2.428497316497045, 56.749628464919098 ], [ -2.428491059906867, 56.749636749230142 ], [ -2.428484804721723, 56.749645033458293 ], [ -2.428478551429873, 56.749653317694715 ], [ -2.42847230051958, 56.749661602030557 ], [ -2.428466052479105, 56.74966988655698 ], [ -2.428459807796711, 56.74967817136514 ], [ -2.428453566960656, 56.749686456546186 ], [ -2.428447330459208, 56.749694742191281 ], [ -2.42844109878063, 56.749703028391565 ], [ -2.428434872413182, 56.749711315238216 ], [ -2.42842865184513, 56.749719602822367 ], [ -2.428422437564739, 56.749727891235182 ], [ -2.428416230060271, 56.74973618056783 ], [ -2.428410029819996, 56.749744470911452 ], [ -2.428403837332174, 56.749752762357204 ], [ -2.428397653085074, 56.749761054996242 ], [ -2.428391477566961, 56.749769348919735 ], [ -2.428385311266102, 56.749777644218817 ], [ -2.428379154670763, 56.749785940984665 ], [ -2.428373008269214, 56.749794239308429 ], [ -2.428366872549718, 56.749802539281255 ], [ -2.428360748000546, 56.749810840994314 ], [ -2.428354635109965, 56.749819144538762 ], [ -2.428348534366245, 56.749827450005732 ], [ -2.428342446257656, 56.749835757486423 ], [ -2.428336371272466, 56.749844067071955 ], [ -2.428330309889496, 56.749852378893955 ], [ -2.428324262603017, 56.749860693017816 ], [ -2.428318229904736, 56.749869009520026 ], [ -2.428312212282918, 56.749877328491763 ], [ -2.428306210225837, 56.749885650024133 ], [ -2.428306145677545, 56.749885739785512 ], [ -2.428309880469689, 56.749880168765479 ], [ -2.428315538329369, 56.749871747444601 ], [ -2.428321206876236, 56.749863328309246 ], [ -2.428326886036976, 56.749854911344769 ], [ -2.428332575738274, 56.749846496536541 ], [ -2.428338275894123, 56.749838083924288 ], [ -2.428343986443583, 56.749829673440452 ], [ -2.428349707313675, 56.749821265068931 ], [ -2.428355438431082, 56.74981285879511 ], [ -2.428361179722494, 56.749804454604352 ], [ -2.428366931114593, 56.749796052482026 ], [ -2.428372692534066, 56.749787652413495 ], [ -2.428378463907602, 56.749779254384144 ], [ -2.428384245161885, 56.749770858379307 ], [ -2.428390036223602, 56.749762464384382 ], [ -2.428395837019439, 56.749754072384718 ], [ -2.428401647476082, 56.749745682365685 ], [ -2.42840746752022, 56.749737294312652 ], [ -2.428413297078534, 56.749728908210997 ], [ -2.428419136077717, 56.749720524046062 ], [ -2.428424984444453, 56.749712141803236 ], [ -2.428430842105426, 56.749703761467877 ], [ -2.428436708987327, 56.749695383025347 ], [ -2.428442585016842, 56.749687006461023 ], [ -2.428448470120655, 56.749678631760268 ], [ -2.428454364225456, 56.749670258908445 ], [ -2.428460267257933, 56.749661887890937 ], [ -2.428466179144768, 56.749653518693094 ], [ -2.428472099812652, 56.749645151300285 ], [ -2.428478029188273, 56.749636785697881 ], [ -2.428483967198314, 56.749628421871243 ], [ -2.428489913769465, 56.749620059805778 ], [ -2.428495868828414, 56.749611699486785 ], [ -2.428501832301848, 56.749603340899689 ], [ -2.428507804116455, 56.749594984029805 ], [ -2.428513784198921, 56.749586628862545 ], [ -2.428519772475932, 56.749578275383264 ], [ -2.428525768874181, 56.749569923577319 ], [ -2.428531773320349, 56.749561573430093 ], [ -2.428537785741128, 56.749553224926942 ], [ -2.428543806063208, 56.749544878053229 ], [ -2.428549834213273, 56.749536532794316 ], [ -2.42855587011801, 56.749528189135603 ], [ -2.42856191370411, 56.749519847062416 ], [ -2.428567964898261, 56.749511506560161 ], [ -2.428574023627148, 56.749503167614186 ], [ -2.428580089817462, 56.749494830209855 ], [ -2.428586163395891, 56.749486494332537 ], [ -2.428592244289122, 56.749478159967602 ], [ -2.428598332423844, 56.74946982710042 ], [ -2.428604427726744, 56.749461495716361 ], [ -2.428610530124513, 56.749453165800773 ], [ -2.428616639543837, 56.749444837339063 ], [ -2.428622755911407, 56.749436510316563 ], [ -2.428628879153911, 56.749428184718646 ], [ -2.428635009198036, 56.749419860530665 ], [ -2.428641145970472, 56.749411537738048 ], [ -2.428647289397907, 56.749403216326087 ], [ -2.42865343940703, 56.749394896280201 ], [ -2.42865959592453, 56.749386577585746 ], [ -2.428665758877099, 56.74937826022807 ], [ -2.428671928191422, 56.749369944192551 ], [ -2.428678103794188, 56.74936162946458 ], [ -2.428684285612086, 56.749353316029485 ], [ -2.428690473571809, 56.749345003872655 ], [ -2.428696667600041, 56.749336692979469 ], [ -2.428702867623476, 56.749328383335289 ], [ -2.428709073568801, 56.749320074925464 ], [ -2.428715285362706, 56.749311767735364 ], [ -2.42872150293188, 56.749303461750365 ], [ -2.428727726203011, 56.749295156955853 ], [ -2.428733955102791, 56.749286853337161 ], [ -2.428740189557909, 56.749278550879701 ], [ -2.428746429495056, 56.749270249568795 ], [ -2.428752674840918, 56.749261949389833 ], [ -2.428758925522187, 56.749253650328157 ], [ -2.428765181465552, 56.749245352369208 ], [ -2.428771442597706, 56.749237055498263 ], [ -2.428777708845336, 56.749228759700742 ], [ -2.428783980135132, 56.749220464961994 ], [ -2.428790256393784, 56.749212171267395 ], [ -2.428796537547983, 56.749203878602316 ], [ -2.428802823524418, 56.749195586952126 ], [ -2.428809114249781, 56.749187296302175 ], [ -2.428815409650761, 56.749179006637846 ], [ -2.42882170965405, 56.749170717944509 ], [ -2.428828014186335, 56.749162430207527 ], [ -2.42883432317431, 56.749154143412262 ], [ -2.428840636544663, 56.7491458575441 ], [ -2.428846954224085, 56.749137572588381 ], [ -2.428853276139269, 56.749129288530497 ], [ -2.428859602216902, 56.749121005355825 ], [ -2.428865932383677, 56.749112723049691 ], [ -2.428872266566283, 56.749104441597503 ], [ -2.428878604691414, 56.7490961609846 ], [ -2.428884946685756, 56.749087881196381 ], [ -2.428891292476006, 56.749079602218195 ], [ -2.428897641988851, 56.749071324035398 ], [ -2.428903995150981, 56.749063046633374 ], [ -2.42891035188909, 56.749054769997521 ], [ -2.428916712129868, 56.749046494113145 ], [ -2.428923075800007, 56.749038218965659 ], [ -2.428929442826197, 56.74902994454041 ], [ -2.428935813135129, 56.749021670822771 ], [ -2.428942186653495, 56.749013397798123 ], [ -2.428948563307987, 56.749005125451816 ], [ -2.428954943025295, 56.748996853769228 ], [ -2.428961325732115, 56.748988582735741 ], [ -2.428967711355131, 56.748980312336684 ], [ -2.428974099821041, 56.748972042557455 ], [ -2.428980491056535, 56.748963773383423 ], [ -2.428986884988303, 56.748955504799966 ], [ -2.428993281543036, 56.748947236792411 ], [ -2.428999680647431, 56.74893896934617 ], [ -2.429006082228174, 56.748930702446579 ], [ -2.429012486211962, 56.748922436079013 ], [ -2.429018892525483, 56.748914170228865 ], [ -2.42902530109543, 56.748905904881489 ], [ -2.429031711848496, 56.748897640022243 ], [ -2.429038124711375, 56.748889375636523 ], [ -2.429044539610755, 56.748881111709636 ], [ -2.429050956473332, 56.748872848227023 ], [ -2.429057375225854, 56.748864585174019 ], [ -2.429063795810954, 56.74885632253914 ], [ -2.429070218208734, 56.748848060318174 ], [ -2.429076642404698, 56.748839798508008 ], [ -2.429083068384356, 56.74883153710546 ], [ -2.429089496133204, 56.748823276107501 ], [ -2.429095925636752, 56.7488150155109 ], [ -2.429102356880505, 56.748806755312579 ], [ -2.429108789849967, 56.748798495509398 ], [ -2.42911522453064, 56.748790236098209 ], [ -2.42912166090803, 56.748781977075907 ], [ -2.429128098967643, 56.748773718439331 ], [ -2.429134538694982, 56.748765460185375 ], [ -2.429140980075552, 56.748757202310912 ], [ -2.42914742309486, 56.748748944812796 ], [ -2.429153867738407, 56.748740687687885 ], [ -2.429160313991698, 56.74873243093306 ], [ -2.42916676184024, 56.74872417454521 ], [ -2.429173211269537, 56.748715918521178 ], [ -2.429179662265093, 56.748707662857832 ], [ -2.429186114812413, 56.748699407552074 ], [ -2.429192568897002, 56.748691152600735 ], [ -2.429199024504362, 56.748682898000709 ], [ -2.429205481620003, 56.748674643748849 ], [ -2.429211940229424, 56.748666389842015 ], [ -2.429218400318134, 56.748658136277101 ], [ -2.429224861871635, 56.748649883050966 ], [ -2.429231324875436, 56.748641630160478 ], [ -2.429237789315037, 56.748633377602516 ], [ -2.429244255175944, 56.748625125373941 ], [ -2.429250722443665, 56.748616873471605 ], [ -2.429254219401551, 56.748612412668031 ] ] ], [ [ [ -2.428003786861586, 56.750370517427982 ], [ -2.428001152570643, 56.75037574931725 ], [ -2.427996844896523, 56.750384367333069 ], [ -2.427992565189869, 56.750392990323974 ], [ -2.427988312458451, 56.750401618113401 ], [ -2.427984085710048, 56.750410250524801 ], [ -2.427979883952437, 56.750418887381578 ], [ -2.42797570619339, 56.750427528507146 ], [ -2.427971551440678, 56.750436173724928 ], [ -2.427967418702076, 56.750444822858348 ], [ -2.427963306985357, 56.750453475730851 ], [ -2.42795921529829, 56.750462132165836 ], [ -2.427955142648648, 56.750470791986729 ], [ -2.427951088044197, 56.750479455016951 ], [ -2.427947050492704, 56.750488121079925 ], [ -2.427943029001942, 56.750496789999083 ], [ -2.427939022579674, 56.750505461597804 ], [ -2.427935030233668, 56.750514135699568 ], [ -2.427931050971687, 56.750522812127755 ], [ -2.427927083801498, 56.750531490705804 ], [ -2.427923127730862, 56.750540171257128 ], [ -2.427919181767543, 56.75054885360516 ], [ -2.427915244919303, 56.7505575375733 ], [ -2.427911316193901, 56.750566222984965 ], [ -2.4279073945991, 56.750574909663619 ], [ -2.42790347914266, 56.750583597432637 ], [ -2.427899568832337, 56.75059228611547 ], [ -2.427895662675889, 56.750600975535505 ], [ -2.427891759681072, 56.750609665516187 ], [ -2.427887858855646, 56.75061835588091 ], [ -2.427883959207362, 56.750627046453126 ], [ -2.427880059743978, 56.750635737056228 ], [ -2.427876159473243, 56.750644427513656 ], [ -2.427872257402914, 56.750653117648802 ], [ -2.42786835254074, 56.750661807285113 ], [ -2.427864443894473, 56.750670496245995 ], [ -2.427860530471862, 56.750679184354858 ], [ -2.42785661128066, 56.750687871435147 ], [ -2.427852685328613, 56.750696557310235 ], [ -2.427848751623466, 56.75070524180358 ], [ -2.427844809172972, 56.750713924738591 ], [ -2.427840856984872, 56.750722605938684 ], [ -2.427836894066914, 56.750731285227275 ], [ -2.427832919426841, 56.75073996242778 ], [ -2.427828932072394, 56.750748637363614 ], [ -2.42782493101132, 56.750757309858187 ], [ -2.427820915251358, 56.750765979734958 ], [ -2.427816883800253, 56.750774646817277 ], [ -2.427812835665741, 56.750783310928604 ], [ -2.427808769855562, 56.750791971892369 ], [ -2.427804685377458, 56.750800629531952 ], [ -2.427800581239161, 56.75080928367079 ], [ -2.427796456448411, 56.750817934132307 ], [ -2.427792310012947, 56.750826580739869 ], [ -2.427788140940502, 56.750835223316948 ], [ -2.427783948238806, 56.750843861686953 ], [ -2.4277797309156, 56.750852495673278 ], [ -2.427775487978612, 56.750861125099348 ], [ -2.427771218435576, 56.750869749788571 ], [ -2.427766921294224, 56.750878369564369 ], [ -2.427762595562283, 56.75088698425018 ], [ -2.427758240247487, 56.750895593669384 ], [ -2.427753854357562, 56.75090419764539 ], [ -2.427749436900238, 56.750912796001643 ], [ -2.427744986883238, 56.750921388561544 ], [ -2.427740503314296, 56.750929975148502 ], [ -2.427735985201131, 56.750938555585947 ], [ -2.427731431551471, 56.750947129697281 ], [ -2.427726841373039, 56.750955697305905 ], [ -2.42772221367356, 56.750964258235243 ], [ -2.427717547460755, 56.750972812308724 ], [ -2.427712841742347, 56.750981359349744 ], [ -2.427708095526055, 56.750989899181718 ], [ -2.427703307819603, 56.750998431628062 ], [ -2.427698477630706, 56.751006956512178 ], [ -2.427693603967085, 56.751015473657489 ], [ -2.427688685836461, 56.751023982887403 ], [ -2.427683722246547, 56.751032484025345 ], [ -2.427678712205061, 56.7510409768947 ], [ -2.42767365471972, 56.7510494613189 ], [ -2.427668548798238, 56.751057937121352 ], [ -2.427663393448328, 56.751066404125453 ], [ -2.427658187677707, 56.751074862154638 ], [ -2.427652931108835, 56.75108331110021 ], [ -2.427647625923157, 56.751091751136251 ], [ -2.427642274967883, 56.751100182510363 ], [ -2.427636881090223, 56.751108605470158 ], [ -2.427631447137386, 56.751117020263258 ], [ -2.427625975956591, 56.751125427137268 ], [ -2.427620470395051, 56.751133826339832 ], [ -2.427614933299988, 56.751142218118517 ], [ -2.427609367518622, 56.751150602720969 ], [ -2.427603775898181, 56.75115898039482 ], [ -2.427598161285887, 56.75116735138765 ], [ -2.427592526528972, 56.75117571594712 ], [ -2.427586874474667, 56.751184074320818 ], [ -2.427581207970206, 56.751192426756361 ], [ -2.427575529862825, 56.751200773501395 ], [ -2.427569842999762, 56.751209114803522 ], [ -2.42756415022826, 56.75121745091036 ], [ -2.427558454395559, 56.751225782069547 ], [ -2.427552758348909, 56.751234108528685 ], [ -2.427547064935556, 56.75124243053542 ], [ -2.427541377002747, 56.751250748337334 ], [ -2.427535697397742, 56.751259062182129 ], [ -2.427530028967791, 56.751267372317336 ], [ -2.427524374560151, 56.751275678990638 ], [ -2.427518737022084, 56.75128398244965 ], [ -2.427513119200851, 56.751292282941989 ], [ -2.427507523943719, 56.751300580715281 ], [ -2.427501954097949, 56.751308876017163 ], [ -2.427496412510814, 56.751317169095259 ], [ -2.427490902029589, 56.751325460197187 ], [ -2.42748542550154, 56.751333749570591 ], [ -2.427479985773947, 56.751342037463075 ], [ -2.427474585694091, 56.751350324122321 ], [ -2.427469228109249, 56.751358609795894 ], [ -2.427463915866704, 56.751366894731476 ], [ -2.427458651813743, 56.751375179176677 ], [ -2.427453438797653, 56.751383463379121 ], [ -2.427448279665726, 56.751391747586446 ], [ -2.427443177265252, 56.751400032046284 ], [ -2.427438134442692, 56.751408317008647 ], [ -2.427433153502962, 56.751416604254317 ], [ -2.427428235278006, 56.751424899727894 ], [ -2.427423380351672, 56.751433210075213 ], [ -2.427418589307814, 56.751441541942114 ], [ -2.427413862730279, 56.751449901974482 ], [ -2.427409201202915, 56.751458296818114 ], [ -2.427404605309563, 56.751466733118896 ], [ -2.427400075634068, 56.751475217522646 ], [ -2.427395612760271, 56.751483756675228 ], [ -2.427391217272005, 56.751492357222496 ], [ -2.427386889753106, 56.751501025810271 ], [ -2.427382630787412, 56.751509769084421 ], [ -2.427378440958751, 56.751518593690768 ], [ -2.427374320850956, 56.751527506275188 ], [ -2.427370271047857, 56.751536513483508 ], [ -2.42736629213328, 56.751545621961576 ], [ -2.427362384691055, 56.75155483835524 ], [ -2.427358549305004, 56.751564169310349 ], [ -2.427354786558956, 56.751573621472751 ], [ -2.427351096959636, 56.751583201370821 ], [ -2.427347470803475, 56.751592899980686 ], [ -2.427343878064223, 56.751602677322886 ], [ -2.427340286310406, 56.7516124897544 ], [ -2.427336663110526, 56.751622293632124 ], [ -2.427332976033075, 56.751632045313023 ], [ -2.427329192646523, 56.751641701154028 ], [ -2.427325280519329, 56.75165121751207 ], [ -2.427321207219939, 56.751660550744056 ], [ -2.427316940316787, 56.751669657206932 ], [ -2.427312447378304, 56.7516784932576 ], [ -2.427307695972922, 56.751687015252976 ], [ -2.427302653669072, 56.751695179549955 ], [ -2.427297288035199, 56.751702942505432 ], [ -2.427291566639764, 56.751710260476308 ], [ -2.427285457051256, 56.751717089819465 ], [ -2.427278926838187, 56.75172338689174 ], [ -2.427271943569124, 56.751729108050043 ], [ -2.427264474812679, 56.751734209651197 ], [ -2.427256488137523, 56.751738648052054 ], [ -2.427247951112407, 56.751742379609425 ], [ -2.427111438653953, 56.751724946037832 ], [ -2.427198903898294, 56.75171771430589 ], [ -2.427206800796583, 56.751713455507925 ], [ -2.427214497805775, 56.751708905556193 ], [ -2.42722200090427, 56.751704073119285 ], [ -2.427229316070478, 56.75169896686576 ], [ -2.427236449282822, 56.751693595464225 ], [ -2.427243406519737, 56.751687967583266 ], [ -2.427250193759663, 56.751682091891432 ], [ -2.427256816981054, 56.751675977057332 ], [ -2.427263282162372, 56.751669631749536 ], [ -2.427269595282086, 56.751663064636602 ], [ -2.427275762318671, 56.751656284387117 ], [ -2.427281789250614, 56.751649299669666 ], [ -2.427287682056395, 56.751642119152791 ], [ -2.427293446714513, 56.751634751505087 ], [ -2.427299089203465, 56.751627205395081 ], [ -2.427304615501752, 56.751619489491375 ], [ -2.427310031587879, 56.751611612462533 ], [ -2.427315343440355, 56.751603582977097 ], [ -2.427320557037689, 56.751595409703654 ], [ -2.427325678358395, 56.751587101310733 ], [ -2.427330713380983, 56.751578666466941 ], [ -2.427335668083972, 56.751570113840771 ], [ -2.427340548445875, 56.75156145210083 ], [ -2.42734536044521, 56.751552689915663 ], [ -2.427350110060491, 56.751543835953818 ], [ -2.427354803270232, 56.751534898883868 ], [ -2.427359446052948, 56.751525887374349 ], [ -2.427364044387156, 56.751516810093811 ], [ -2.427368604251368, 56.751507675710805 ], [ -2.427373131624096, 56.751498492893894 ], [ -2.427377632483846, 56.751489270311623 ], [ -2.427382112809132, 56.751480016632549 ], [ -2.427386578578459, 56.751470740525207 ], [ -2.42739103577033, 56.751461450658141 ], [ -2.427395490363253, 56.751452155699909 ], [ -2.427399948335729, 56.751442864319067 ], [ -2.427404415666253, 56.751433585184117 ], [ -2.42740889833333, 56.751424326963658 ], [ -2.427413402315451, 56.751415098326191 ], [ -2.427417933591112, 56.751405907940281 ], [ -2.427422497328907, 56.751396763335578 ], [ -2.427427094030009, 56.751387665478383 ], [ -2.42743172252709, 56.751378612988766 ], [ -2.427436381650722, 56.751369604483827 ], [ -2.427441070231485, 56.751360638580657 ], [ -2.427445787099958, 56.751351713896391 ], [ -2.427450531086718, 56.751342829048106 ], [ -2.427455301022342, 56.751333982652952 ], [ -2.427460095737411, 56.751325173327999 ], [ -2.427464914062508, 56.751316399690367 ], [ -2.42746975482821, 56.751307660357149 ], [ -2.427474616865095, 56.751298953945479 ], [ -2.427479499003753, 56.751290279072457 ], [ -2.427484400074757, 56.751281634355195 ], [ -2.427489318908698, 56.751273018410807 ], [ -2.427494254336151, 56.751264429856377 ], [ -2.427499205187707, 56.751255867309041 ], [ -2.427504170293943, 56.75124732938589 ], [ -2.427509148485446, 56.751238814704038 ], [ -2.4275141385928, 56.751230321880612 ], [ -2.427519139446592, 56.751221849532705 ], [ -2.427524149877404, 56.751213396277421 ], [ -2.427529168715822, 56.751204960731883 ], [ -2.427534194792436, 56.751196541513202 ], [ -2.427539226937827, 56.751188137238479 ], [ -2.427544263982584, 56.751179746524848 ], [ -2.427549304757292, 56.751171367989386 ], [ -2.427554348092541, 56.751163000249214 ], [ -2.427559392818919, 56.751154641921467 ], [ -2.42756443776701, 56.751146291623236 ], [ -2.427569481767403, 56.751137947971635 ], [ -2.42757452365069, 56.751129609583792 ], [ -2.427579562247457, 56.751121275076791 ], [ -2.427584596388294, 56.75111294306776 ], [ -2.427589624903788, 56.751104612173819 ], [ -2.427594646624532, 56.751096281012067 ], [ -2.427599660381111, 56.751087948199633 ], [ -2.427604665004119, 56.751079612353607 ], [ -2.427609659324147, 56.751071272091117 ], [ -2.427614642171783, 56.751062926029277 ], [ -2.427619612608735, 56.75105457302076 ], [ -2.427624570673496, 56.751046212913849 ], [ -2.427629516662571, 56.751037845819774 ], [ -2.427634450872463, 56.75102947184979 ], [ -2.427639373599681, 56.75102109111512 ], [ -2.42764428514073, 56.751012703727056 ], [ -2.427649185792114, 56.751004309796826 ], [ -2.42765407585034, 56.75099590943568 ], [ -2.427658955611911, 56.750987502754846 ], [ -2.427663825373333, 56.750979089865609 ], [ -2.427668685431111, 56.750970670879184 ], [ -2.427673536081747, 56.750962245906834 ], [ -2.42767837762175, 56.750953815059816 ], [ -2.427683210347619, 56.750945378449373 ], [ -2.427688034555861, 56.750936936186719 ], [ -2.427692850542976, 56.750928488383153 ], [ -2.427697658605471, 56.750920035149896 ], [ -2.427702459039849, 56.750911576598192 ], [ -2.427707252142609, 56.750903112839303 ], [ -2.427712038210259, 56.750894643984466 ], [ -2.427716817539301, 56.750886170144923 ], [ -2.427721590426233, 56.750877691431945 ], [ -2.427726357167561, 56.750869207956754 ], [ -2.427731118059786, 56.750860719830619 ], [ -2.427735873399409, 56.750852227164756 ], [ -2.427740623482932, 56.750843730070457 ], [ -2.427745368606858, 56.750835228658921 ], [ -2.427750109067686, 56.750826723041442 ], [ -2.427754845161917, 56.750818213329218 ], [ -2.427759577186053, 56.750809699633542 ], [ -2.427764305436595, 56.750801182065629 ], [ -2.427769030210039, 56.750792660736728 ], [ -2.427773751802891, 56.750784135758117 ], [ -2.427778470511647, 56.750775607241025 ], [ -2.427783186632806, 56.750767075296665 ], [ -2.427787900462874, 56.75075854003633 ], [ -2.427792612298343, 56.750750001571255 ], [ -2.427797322435716, 56.750741460012676 ], [ -2.427802031171489, 56.750732915471843 ], [ -2.427806738802164, 56.75072436806002 ], [ -2.427811445624237, 56.750715817888413 ], [ -2.427816151934205, 56.750707265068321 ], [ -2.427820858028569, 56.750698709710939 ], [ -2.427825564203825, 56.75069015192755 ], [ -2.427830270756473, 56.750681591829384 ], [ -2.42783497798301, 56.750673029527697 ], [ -2.427839686179928, 56.750664465133731 ], [ -2.42784439564373, 56.75065589875873 ], [ -2.427849106670911, 56.750647330513935 ], [ -2.427853819557965, 56.750638760510604 ], [ -2.427858534601392, 56.750630188859965 ], [ -2.427863252097685, 56.750621615673303 ], [ -2.427867972343341, 56.750613041061804 ], [ -2.427872695634858, 56.750604465136767 ], [ -2.427877422268725, 56.750595888009407 ], [ -2.427882152541446, 56.750587309790987 ], [ -2.427886886749508, 56.750578730592743 ], [ -2.427891625189411, 56.750570150525917 ], [ -2.42789636815765, 56.750561569701773 ], [ -2.427901115950715, 56.75055298823154 ], [ -2.427905868865104, 56.750544406226467 ], [ -2.427910627197306, 56.750535823797819 ], [ -2.427915391243823, 56.750527241056808 ], [ -2.42792016130114, 56.750518658114693 ], [ -2.427924937665754, 56.750510075082715 ], [ -2.427929720634161, 56.750501492072132 ], [ -2.427934510502849, 56.750492909194186 ], [ -2.427939307568313, 56.75048432656012 ], [ -2.427944112127045, 56.750475744281168 ], [ -2.427948924475539, 56.750467162468588 ], [ -2.427953744910283, 56.750458581233623 ], [ -2.42795857372777, 56.750450000687522 ], [ -2.427963411224497, 56.750441420941534 ], [ -2.427968257696951, 56.750432842106882 ], [ -2.427973113441622, 56.750424264294821 ], [ -2.427977978755002, 56.750415687616602 ], [ -2.427982853933583, 56.750407112183474 ], [ -2.427987739273854, 56.750398538106666 ], [ -2.427992635072307, 56.750389965497426 ], [ -2.427997541625431, 56.750381394467027 ], [ -2.428002459229717, 56.750372825126668 ], [ -2.428003786861586, 56.750370517427982 ] ] ] ] } },
{ "type": "Feature", "properties": { "Poly_ID": "UncertaintyLower_1", "Method": "Open", "Scenario": 8, "SL_Percentile": 95, "Year": 2030, "UncertaintyInterval": 68, "LowerQ": 16.0, "UpperQ": 84.0 }, "geometry": { "type": "MultiPolygon", "coordinates": [ [ [ [ -2.418442355076215, 56.759678737636619 ], [ -2.418448491234561, 56.759673597956031 ], [ -2.418457430434387, 56.759666125951227 ], [ -2.418466382730736, 56.759658658579006 ], [ -2.418475348192869, 56.759651195865196 ], [ -2.418484326890048, 56.759643737835624 ], [ -2.418493318891537, 56.759636284516091 ], [ -2.418502324266597, 56.759628835932425 ], [ -2.418511343084492, 56.759621392110454 ], [ -2.418520375414485, 56.759613953075984 ], [ -2.418529421325836, 56.759606518854838 ], [ -2.418538480887809, 56.759599089472843 ], [ -2.418547554169669, 56.759591664955821 ], [ -2.418556641240677, 56.759584245329584 ], [ -2.418565742170091, 56.75957683061997 ], [ -2.418574857027178, 56.759569420852763 ], [ -2.418583985881204, 56.75956201605382 ], [ -2.418593128801422, 56.759554616248941 ], [ -2.418602285857102, 56.759547221463961 ], [ -2.418611457117504, 56.759539831724673 ], [ -2.418620642651889, 56.759532447056912 ], [ -2.418629842529522, 56.759525067486507 ], [ -2.418639056819664, 56.759517693039271 ], [ -2.418648285591575, 56.759510323741004 ], [ -2.418657528914522, 56.759502959617571 ], [ -2.418666786857764, 56.759495600694748 ], [ -2.418676059490566, 56.75948824699838 ], [ -2.418685346882187, 56.75948089855428 ], [ -2.41869464910189, 56.759473555388254 ], [ -2.418703966218845, 56.759466217526104 ], [ -2.418713298145535, 56.759458884939328 ], [ -2.418722644319776, 56.759451557434964 ], [ -2.418732004089813, 56.759444234789029 ], [ -2.418741376803884, 56.759436916777489 ], [ -2.418750761810242, 56.759429603176372 ], [ -2.418760158457127, 56.759422293761673 ], [ -2.418769566092787, 56.759414988309416 ], [ -2.418778984065468, 56.759407686595587 ], [ -2.418788411723415, 56.75940038839618 ], [ -2.418797848414877, 56.759393093487226 ], [ -2.418807293488101, 56.759385801644719 ], [ -2.418816746291334, 56.759378512644659 ], [ -2.418826206172824, 56.759371226263056 ], [ -2.418835672480818, 56.759363942275918 ], [ -2.418845144563565, 56.759356660459247 ], [ -2.418854621769312, 56.75934938058905 ], [ -2.418864103446309, 56.759342102441323 ], [ -2.418873588942805, 56.759334825792088 ], [ -2.418883077607049, 56.759327550417346 ], [ -2.418892568787291, 56.759320276093099 ], [ -2.41890206183178, 56.759313002595363 ], [ -2.418911556088769, 56.759305729700145 ], [ -2.418921050906504, 56.759298457183426 ], [ -2.418930545633239, 56.759291184821251 ], [ -2.418940039617222, 56.759283912389613 ], [ -2.41894953220671, 56.759276639664499 ], [ -2.418959022749948, 56.759269366421947 ], [ -2.418968510595191, 56.75926209243795 ], [ -2.418977995090691, 56.759254817488532 ], [ -2.418987475584701, 56.759247541349673 ], [ -2.418996951425471, 56.759240263797423 ], [ -2.419006421961258, 56.759232984607735 ], [ -2.419015886540312, 56.759225703556673 ], [ -2.419025344510887, 56.759218420420218 ], [ -2.419034795221237, 56.759211134974365 ], [ -2.419044238019617, 56.75920384699517 ], [ -2.419053672254281, 56.759196556258615 ], [ -2.419063097273482, 56.759189262540701 ], [ -2.419072512425476, 56.759181965617451 ], [ -2.419081917058521, 56.759174665264879 ], [ -2.419091310520869, 56.759167361258989 ], [ -2.419100692160776, 56.759160053375787 ], [ -2.419110061326498, 56.759152741391297 ], [ -2.419119417366293, 56.759145425081527 ], [ -2.419128759628418, 56.75913810422248 ], [ -2.419138087461125, 56.759130778590162 ], [ -2.41914740021268, 56.759123447960619 ], [ -2.419156697231334, 56.759116112109815 ], [ -2.419165977865346, 56.759108770813796 ], [ -2.419175241462973, 56.759101423848591 ], [ -2.419184487372477, 56.759094070990166 ], [ -2.419193714942115, 56.759086712014565 ], [ -2.419202923520145, 56.759079346697781 ], [ -2.419212112454827, 56.759071974815832 ], [ -2.419221281094422, 56.759064596144746 ], [ -2.419230428787186, 56.759057210460533 ], [ -2.419239554881385, 56.7590498175392 ], [ -2.419248658725278, 56.759042417156756 ], [ -2.419257739667123, 56.759035009089231 ], [ -2.419266797055182, 56.75902759311262 ], [ -2.41927583023772, 56.759020169002959 ], [ -2.419284838562996, 56.759012736536242 ], [ -2.419293821379273, 56.7590052954885 ], [ -2.419302778034811, 56.758997845635733 ], [ -2.419311707877879, 56.758990386753965 ], [ -2.419320610256736, 56.758982918619218 ], [ -2.419329484519646, 56.7589754410075 ], [ -2.419338330014873, 56.758967953694821 ], [ -2.419347146090682, 56.758960456457203 ], [ -2.419355932095338, 56.758952949070654 ], [ -2.419364687377104, 56.758945431311218 ], [ -2.41937341128425, 56.75893790295487 ], [ -2.419382103165035, 56.758930363777658 ], [ -2.419390762367731, 56.758922813555586 ], [ -2.419399388240603, 56.758915252064675 ], [ -2.419407980131916, 56.758907679080934 ], [ -2.419416537389937, 56.758900094380401 ], [ -2.419425059362938, 56.758892497739062 ], [ -2.419433545399182, 56.758884888932968 ], [ -2.419441994846941, 56.758877267738107 ], [ -2.419450407054482, 56.758869633930502 ], [ -2.419458781370074, 56.758861987286203 ], [ -2.419467117141989, 56.758854327581176 ], [ -2.419475413718495, 56.758846654591473 ], [ -2.419483670447862, 56.758838968093109 ], [ -2.419491886678361, 56.758831267862099 ], [ -2.419500061758267, 56.758823553674461 ], [ -2.419508195035847, 56.758815825306222 ], [ -2.419516285859374, 56.758808082533378 ], [ -2.419524333577124, 56.758800325131965 ], [ -2.419532337537365, 56.758792552878006 ], [ -2.419540297088377, 56.758784765547517 ], [ -2.419548211578428, 56.758776962916514 ], [ -2.419556080355795, 56.758769144760997 ], [ -2.419563902768753, 56.758761310857018 ], [ -2.419571678165577, 56.758753460980586 ], [ -2.41957940589454, 56.758745594907722 ], [ -2.419587085303924, 56.758737712414437 ], [ -2.419594715742001, 56.758729813276766 ], [ -2.419602296557053, 56.758721897270703 ], [ -2.419609827097353, 56.758713964172287 ], [ -2.419617306711182, 56.758706013757539 ], [ -2.419624734746818, 56.758698045802475 ], [ -2.41963211055254, 56.758690060083111 ], [ -2.419639433476629, 56.758682056375491 ], [ -2.419646702867365, 56.758674034455595 ], [ -2.419653918073027, 56.758665994099488 ], [ -2.4196610784419, 56.758657935083157 ], [ -2.419668183322263, 56.758649857182625 ], [ -2.419675232062401, 56.758641760173944 ], [ -2.419682224010593, 56.758633643833093 ], [ -2.419763894508653, 56.758545893915425 ], [ -2.419775471500329, 56.758566538556074 ], [ -2.419770123065109, 56.758574828203464 ], [ -2.419764681788608, 56.758583090957636 ], [ -2.419759148617256, 56.758591327110921 ], [ -2.419753524497492, 56.758599536955629 ], [ -2.419747810375753, 56.758607720784106 ], [ -2.419742007198475, 56.758615878888662 ], [ -2.419736115912101, 56.758624011561643 ], [ -2.41973013746307, 56.758632119095381 ], [ -2.419724072797825, 56.758640201782185 ], [ -2.419717922862804, 56.758648259914395 ], [ -2.419711688604454, 56.758656293784348 ], [ -2.419705370969218, 56.758664303684363 ], [ -2.419698970903543, 56.758672289906755 ], [ -2.419692489353873, 56.758680252743872 ], [ -2.419685927266653, 56.758688192488037 ], [ -2.419679285588337, 56.758696109431568 ], [ -2.419672565265369, 56.758704003866796 ], [ -2.419665767244199, 56.758711876086068 ], [ -2.41965889247128, 56.758719726381706 ], [ -2.41965194189306, 56.758727555046022 ], [ -2.419644916455993, 56.758735362371361 ], [ -2.419637817106533, 56.758743148650041 ], [ -2.41963064479113, 56.758750914174399 ], [ -2.419623400456243, 56.758758659236783 ], [ -2.419616085048328, 56.758766384129466 ], [ -2.419608699513835, 56.758774089144829 ], [ -2.419601244799225, 56.758781774575183 ], [ -2.419593721850956, 56.75878944071286 ], [ -2.419586131615486, 56.758797087850191 ], [ -2.419578475039274, 56.758804716279499 ], [ -2.41957075306878, 56.758812326293111 ], [ -2.419562966650461, 56.758819918183363 ], [ -2.419555116730784, 56.758827492242602 ], [ -2.419547204256211, 56.758835048763132 ], [ -2.419539230173199, 56.758842588037282 ], [ -2.419531195428217, 56.7588501103574 ], [ -2.419523100967726, 56.758857616015817 ], [ -2.419514947738191, 56.758865105304864 ], [ -2.419506736686077, 56.758872578516858 ], [ -2.419498468757852, 56.758880035944124 ], [ -2.419490144899982, 56.758887477879007 ], [ -2.419481766058933, 56.758894904613854 ], [ -2.419473333181174, 56.758902316440974 ], [ -2.419464847213174, 56.758909713652713 ], [ -2.419456309101403, 56.758917096541374 ], [ -2.419447719792324, 56.758924465399318 ], [ -2.419439080232414, 56.758931820518882 ], [ -2.419430391368145, 56.75893916219237 ], [ -2.419421654145984, 56.758946490712141 ], [ -2.419412869512405, 56.758953806370521 ], [ -2.419404038413879, 56.75896110945984 ], [ -2.419395161796883, 56.75896840027243 ], [ -2.419386240607886, 56.758975679100622 ], [ -2.419377275793364, 56.758982946236763 ], [ -2.419368268299794, 56.758990201973177 ], [ -2.419359219073649, 56.758997446602194 ], [ -2.419350129061404, 56.759004680416162 ], [ -2.419340999209537, 56.759011903707396 ], [ -2.419331830464523, 56.759019116768251 ], [ -2.419322623772843, 56.759026319891071 ], [ -2.419313380080972, 56.759033513368152 ], [ -2.419304100335388, 56.759040697491862 ], [ -2.419294785482572, 56.75904787255454 ], [ -2.419285436469, 56.759055038848494 ], [ -2.419276054241156, 56.759062196666079 ], [ -2.419266639745516, 56.759069346299633 ], [ -2.419257193928564, 56.759076488041487 ], [ -2.41924771773678, 56.759083622184001 ], [ -2.419238212116646, 56.759090749019471 ], [ -2.419228678014642, 56.759097868840271 ], [ -2.419219116377255, 56.759104981938712 ], [ -2.419209528150962, 56.759112088607139 ], [ -2.419199914282253, 56.759119189137913 ], [ -2.419190275717606, 56.759126283823356 ], [ -2.419180613403508, 56.759133372955809 ], [ -2.419170928286446, 56.759140456827616 ], [ -2.419161221312901, 56.759147535731096 ], [ -2.419151493429361, 56.759154609958614 ], [ -2.419141745582312, 56.759161679802496 ], [ -2.41913197871824, 56.759168745555087 ], [ -2.419122193783633, 56.75917580750874 ], [ -2.419112391724975, 56.759182865955779 ], [ -2.419102573488757, 56.759189921188543 ], [ -2.419092740021468, 56.7591969734994 ], [ -2.419082892269593, 56.759204023180651 ], [ -2.419073031179622, 56.759211070524678 ], [ -2.419063157698047, 56.759218115823813 ], [ -2.419053272771354, 56.759225159370381 ], [ -2.419043377346037, 56.759232201456747 ], [ -2.419033472368584, 56.759239242375223 ], [ -2.419023558785486, 56.759246282418204 ], [ -2.419013637543235, 56.759253321878006 ], [ -2.419003709588322, 56.759260361046941 ], [ -2.418993775867242, 56.759267400217411 ], [ -2.418983837326486, 56.759274439681732 ], [ -2.418973894912544, 56.759281479732252 ], [ -2.418963949571915, 56.759288520661315 ], [ -2.418954002251089, 56.759295562761267 ], [ -2.418944053896559, 56.759302606324461 ], [ -2.418934105454823, 56.75930965164325 ], [ -2.418924157872374, 56.759316699009958 ], [ -2.418914212095709, 56.759323748716945 ], [ -2.418904269071321, 56.759330801056564 ], [ -2.418894329745708, 56.759337856321146 ], [ -2.41888439506537, 56.759344914803059 ], [ -2.418874465976799, 56.759351976794647 ], [ -2.418864543426491, 56.759359042588251 ], [ -2.418854628360949, 56.759366112476222 ], [ -2.41884472172667, 56.759373186750899 ], [ -2.418834824470152, 56.759380265704657 ], [ -2.418824937537888, 56.759387349629833 ], [ -2.41881506187639, 56.759394438818774 ], [ -2.418805198432147, 56.759401533563818 ], [ -2.418795348151666, 56.759408634157346 ], [ -2.418785511981442, 56.759415740891697 ], [ -2.41877569086798, 56.759422854059203 ], [ -2.418765885757782, 56.759429973952244 ], [ -2.418756097597348, 56.759437100863153 ], [ -2.418746327333181, 56.759444235084295 ], [ -2.418736575911783, 56.759451376908011 ], [ -2.41872684427966, 56.759458526626659 ], [ -2.418717133383313, 56.759465684532586 ], [ -2.418707444163545, 56.759472850916339 ], [ -2.418697777173453, 56.759480025943787 ], [ -2.418688132337337, 56.759487209578737 ], [ -2.418678509522017, 56.759494401766524 ], [ -2.418668908594319, 56.759501602452438 ], [ -2.418659329421056, 56.759508811581796 ], [ -2.418649771869053, 56.759516029099942 ], [ -2.418640235805131, 56.759523254952192 ], [ -2.41863072109611, 56.759530489083843 ], [ -2.418621227608811, 56.759537731440233 ], [ -2.418611755210057, 56.759544981966663 ], [ -2.418602303766666, 56.759552240608478 ], [ -2.418592873145462, 56.759559507310961 ], [ -2.418583463213259, 56.759566782019455 ], [ -2.418574073836885, 56.759574064679271 ], [ -2.418564704883161, 56.759581355235724 ], [ -2.418555356218901, 56.75958865363414 ], [ -2.418546027710931, 56.759595959819819 ], [ -2.418536719226071, 56.759603273738101 ], [ -2.41852743063114, 56.759610595334287 ], [ -2.418518161792959, 56.759617924553694 ], [ -2.418508912578351, 56.759625261341661 ], [ -2.418499682854133, 56.759632605643482 ], [ -2.418490472487127, 56.759639957404481 ], [ -2.418481281344155, 56.759647316569982 ], [ -2.418472109292036, 56.759654683085294 ], [ -2.418462956197591, 56.759662056895749 ], [ -2.418453821927637, 56.759669437946634 ], [ -2.418444706349, 56.759676826183309 ], [ -2.418442355076215, 56.759678737636619 ] ] ], [ [ [ -2.41746207305947, 56.760584669430486 ], [ -2.417455140476753, 56.760591629562263 ], [ -2.417447316570599, 56.760599490316118 ], [ -2.417439496980397, 56.76060735243923 ], [ -2.41743168166469, 56.76061521591911 ], [ -2.417423870582028, 56.760623080743272 ], [ -2.417416063690951, 56.760630946899219 ], [ -2.417408260950005, 56.760638814374509 ], [ -2.417400462317736, 56.760646683156637 ], [ -2.417392667752687, 56.760654553233124 ], [ -2.417384877213405, 56.760662424591516 ], [ -2.417377090658436, 56.760670297219292 ], [ -2.417369308046319, 56.760678171104018 ], [ -2.417361529335603, 56.760686046233175 ], [ -2.41735375448483, 56.760693922594314 ], [ -2.417345983452549, 56.760701800174935 ], [ -2.4173382161973, 56.76070967896257 ], [ -2.417330452677629, 56.760717558944734 ], [ -2.417322692852083, 56.760725440108963 ], [ -2.417314936679204, 56.760733322442768 ], [ -2.417307184117537, 56.760741205933648 ], [ -2.417299435125626, 56.760749090569149 ], [ -2.417291689662016, 56.760756976336779 ], [ -2.417283947685251, 56.760764863224075 ], [ -2.417276209153876, 56.760772751218539 ], [ -2.417268474026437, 56.760780640307701 ], [ -2.417260742261476, 56.760788530479083 ], [ -2.417253013817539, 56.760796421720201 ], [ -2.417245288653167, 56.760804314018579 ], [ -2.417237566726908, 56.760812207361745 ], [ -2.417229847997305, 56.760820101737195 ], [ -2.417222132422902, 56.760827997132473 ], [ -2.417214419962245, 56.760835893535081 ], [ -2.417206710573874, 56.760843790932562 ], [ -2.417199004216338, 56.760851689312418 ], [ -2.417191300848177, 56.760859588662171 ], [ -2.417183600427939, 56.760867488969353 ], [ -2.417175902914166, 56.760875390221486 ], [ -2.417168208265402, 56.760883292406064 ], [ -2.417160516440193, 56.760891195510645 ], [ -2.417152827397078, 56.760899099522703 ], [ -2.417145141094606, 56.760907004429804 ], [ -2.417137457491321, 56.760914910219448 ], [ -2.417129776545766, 56.760922816879159 ], [ -2.417122098216482, 56.760930724396452 ], [ -2.417114422462015, 56.760938632758851 ], [ -2.417106749240912, 56.760946541953871 ], [ -2.417099078511712, 56.760954451969056 ], [ -2.417091410232963, 56.760962362791894 ], [ -2.417083744363206, 56.760970274409921 ], [ -2.417076080860985, 56.760978186810661 ], [ -2.417068419684846, 56.760986099981608 ], [ -2.417060760793329, 56.760994013910313 ], [ -2.417053104144981, 56.761001928584285 ], [ -2.417045449698345, 56.761009843991069 ], [ -2.417037797411964, 56.761017760118143 ], [ -2.41703014724438, 56.761025676953054 ], [ -2.417022499154141, 56.761033594483287 ], [ -2.417014853099787, 56.761041512696423 ], [ -2.417007209039865, 56.761049431579927 ], [ -2.416999566932915, 56.761057351121352 ], [ -2.41699192673748, 56.761065271308205 ], [ -2.416984288412107, 56.761073192128002 ], [ -2.41697665191534, 56.761081113568274 ], [ -2.416969017205717, 56.761089035616536 ], [ -2.416961384241786, 56.76109695826031 ], [ -2.41695375298209, 56.761104881487114 ], [ -2.416946123385172, 56.761112805284455 ], [ -2.416938495409573, 56.761120729639906 ], [ -2.416930869013839, 56.761128654540919 ], [ -2.416923244156514, 56.761136579975052 ], [ -2.41691562079614, 56.761144505929806 ], [ -2.416907998891259, 56.761152432392727 ], [ -2.416900378400415, 56.761160359351301 ], [ -2.416892759282155, 56.76116828679308 ], [ -2.416885141495014, 56.76117621470555 ], [ -2.416877524997544, 56.761184143076271 ], [ -2.416869909748284, 56.761192071892751 ], [ -2.416862295705777, 56.761200001142484 ], [ -2.416854682828565, 56.761207930813015 ], [ -2.416847071075193, 56.761215860891859 ], [ -2.416839460404205, 56.76122379136654 ], [ -2.416831850774141, 56.761231722224565 ], [ -2.416824242143546, 56.761239653453472 ], [ -2.416816634470963, 56.761247585040756 ], [ -2.416809027714936, 56.761255516973961 ], [ -2.416801421834006, 56.761263449240602 ], [ -2.416793816786714, 56.76127138182818 ], [ -2.416786212531608, 56.761279314724234 ], [ -2.416778609027227, 56.761287247916279 ], [ -2.416771006232116, 56.761295181391837 ], [ -2.416763404104814, 56.761303115138432 ], [ -2.41675580260387, 56.761311049143565 ], [ -2.416748201687821, 56.761318983394766 ], [ -2.416740601315216, 56.761326917879572 ], [ -2.416733001444589, 56.761334852585478 ], [ -2.416725402034491, 56.76134278750002 ], [ -2.41671780304346, 56.761350722610707 ], [ -2.416710204430038, 56.761358657905063 ], [ -2.416702606152771, 56.761366593370617 ], [ -2.4166950081702, 56.761374528994871 ], [ -2.416687410440867, 56.761382464765362 ], [ -2.416679812923317, 56.761390400669598 ], [ -2.416672215576088, 56.761398336695102 ], [ -2.416664618357727, 56.761406272829397 ], [ -2.416657021226775, 56.761414209059986 ], [ -2.416649424141772, 56.761422145374404 ], [ -2.416641827061264, 56.761430081760196 ], [ -2.41663422994379, 56.761438018204842 ], [ -2.416626632747897, 56.761445954695866 ], [ -2.416619035432125, 56.761453891220796 ], [ -2.416611437955014, 56.76146182776715 ], [ -2.416603840275106, 56.76146976432247 ], [ -2.416596242350948, 56.761477700874231 ], [ -2.41658864414108, 56.761485637409983 ], [ -2.416581045604042, 56.761493573917249 ], [ -2.41657344669838, 56.761501510383532 ], [ -2.416565847382635, 56.76150944679636 ], [ -2.416558247615346, 56.761517383143264 ], [ -2.41655064735506, 56.761525319411724 ], [ -2.416543046560315, 56.761533255589292 ], [ -2.416535445189655, 56.761541191663497 ], [ -2.416527843201623, 56.761549127621841 ], [ -2.416520240554758, 56.761557063451839 ], [ -2.416512637207604, 56.761564999141022 ], [ -2.416505033118705, 56.761572934676913 ], [ -2.416497428246599, 56.761580870047005 ], [ -2.416489822549829, 56.761588805238851 ], [ -2.416482215986939, 56.761596740239959 ], [ -2.416474608516468, 56.76160467503783 ], [ -2.416467000096961, 56.761612609620002 ], [ -2.416459390686956, 56.76162054397399 ], [ -2.416451780244998, 56.761628478087331 ], [ -2.416444168729627, 56.761636411947507 ], [ -2.41643655609939, 56.761644345542059 ], [ -2.41642894231282, 56.76165227885852 ], [ -2.416421327328463, 56.76166021188439 ], [ -2.41641371110486, 56.761668144607199 ], [ -2.416406093600555, 56.761676077014442 ], [ -2.416398474774086, 56.761684009093685 ], [ -2.416390854584, 56.761691940832392 ], [ -2.416383232988832, 56.761699872218117 ], [ -2.416375609947128, 56.76170780323838 ], [ -2.416367985417427, 56.761715733880706 ], [ -2.416360359358273, 56.761723664132568 ], [ -2.416352731728205, 56.761731593981544 ], [ -2.416345102485768, 56.761739523415102 ], [ -2.4163374715895, 56.761747452420828 ], [ -2.416329838997942, 56.761755380986173 ], [ -2.416322204669638, 56.761763309098676 ], [ -2.416314568563128, 56.761771236745872 ], [ -2.416306930636954, 56.761779163915264 ], [ -2.416299290849656, 56.761787090594396 ], [ -2.416291649159777, 56.761795016770755 ], [ -2.416284005525856, 56.761802942431892 ], [ -2.416276359906439, 56.761810867565302 ], [ -2.41626871226006, 56.7618187921585 ], [ -2.416261062545268, 56.761826716199032 ], [ -2.416253410720598, 56.761834639674397 ], [ -2.416245756744595, 56.761842562572127 ], [ -2.416238100575797, 56.76185048487973 ], [ -2.416230442172747, 56.761858406584714 ], [ -2.416222781493986, 56.761866327674632 ], [ -2.416215118498056, 56.761874248136969 ], [ -2.416212396701906, 56.761877060289358 ], [ -2.416218254671925, 56.76187098613736 ], [ -2.416225898068751, 56.761863057520877 ], [ -2.416233539108786, 56.761855128262546 ], [ -2.416241177838839, 56.76184719837709 ], [ -2.416248814305719, 56.761839267879225 ], [ -2.416256448556238, 56.761831336783672 ], [ -2.416264080637201, 56.761823405105169 ], [ -2.416271710595422, 56.761815472858437 ], [ -2.416279338477707, 56.761807540058207 ], [ -2.416286964330865, 56.761799606719187 ], [ -2.416294588201707, 56.761791672856106 ], [ -2.416302210137041, 56.761783738483707 ], [ -2.416309830183679, 56.761775803616722 ], [ -2.416317448388428, 56.761767868269835 ], [ -2.416325064798094, 56.761759932457807 ], [ -2.416332679459491, 56.761751996195336 ], [ -2.416340292419427, 56.761744059497175 ], [ -2.416347903724709, 56.761736122378032 ], [ -2.416355513422151, 56.761728184852636 ], [ -2.416363121558552, 56.761720246935724 ], [ -2.416370728180732, 56.761712308641997 ], [ -2.416378333335492, 56.761704369986198 ], [ -2.416385937069647, 56.761696430983044 ], [ -2.416393539430002, 56.761688491647284 ], [ -2.416401140463365, 56.761680551993571 ], [ -2.416408740216549, 56.761672612036733 ], [ -2.41641633873636, 56.761664671791415 ], [ -2.416423936069606, 56.761656731272375 ], [ -2.416431532263098, 56.761648790494355 ], [ -2.416439127363641, 56.761640849472045 ], [ -2.41644672141805, 56.761632908220179 ], [ -2.416454314473128, 56.761624966753487 ], [ -2.416461906575686, 56.7616170250867 ], [ -2.416469497772531, 56.761609083234539 ], [ -2.416477088110474, 56.76160114121172 ], [ -2.416484677636323, 56.761593199032966 ], [ -2.416492266396885, 56.761585256713033 ], [ -2.416499854438968, 56.76157731426661 ], [ -2.416507441809384, 56.76156937170844 ], [ -2.416515028554937, 56.761561429053231 ], [ -2.416522614722441, 56.761553486315727 ], [ -2.416530200358699, 56.761545543510657 ], [ -2.416537785510521, 56.761537600652723 ], [ -2.416545370224715, 56.761529657756675 ], [ -2.416552954548091, 56.761521714837201 ], [ -2.416560538527457, 56.761513771909073 ], [ -2.41656812220962, 56.761505828986984 ], [ -2.416575705641388, 56.761497886085664 ], [ -2.416583288869571, 56.761489943219843 ], [ -2.416590871940977, 56.761482000404243 ], [ -2.416598454902411, 56.761474057653594 ], [ -2.416606037800685, 56.761466114982618 ], [ -2.416613620682605, 56.761458172406037 ], [ -2.416621203594979, 56.761450229938568 ], [ -2.416628786584615, 56.761442287594953 ], [ -2.416636369698323, 56.761434345389908 ], [ -2.416643952982908, 56.761426403338142 ], [ -2.416651536485182, 56.761418461454426 ], [ -2.416659120251948, 56.761410519753433 ], [ -2.416666704330018, 56.761402578249914 ], [ -2.416674288766197, 56.761394636958592 ], [ -2.416681873607295, 56.761386695894174 ], [ -2.416689458900119, 56.761378755071419 ], [ -2.416697044691475, 56.761370814505028 ], [ -2.416704631028173, 56.761362874209723 ], [ -2.416712217957021, 56.761354934200241 ], [ -2.416719805524826, 56.761346994491298 ], [ -2.416727393778394, 56.761339055097594 ], [ -2.416734982764534, 56.761331116033929 ], [ -2.416742572530054, 56.761323177314949 ], [ -2.416750163121761, 56.761315238955426 ], [ -2.416757754586464, 56.761307300970067 ], [ -2.41676534697097, 56.761299363373581 ], [ -2.416772940322084, 56.761291426180712 ], [ -2.416780534686617, 56.761283489406182 ], [ -2.416788130111375, 56.761275553064714 ], [ -2.416795726643165, 56.761267617171043 ], [ -2.416803324328794, 56.761259681739887 ], [ -2.416810923215072, 56.761251746785945 ], [ -2.416818523348802, 56.761243812323976 ], [ -2.416826124776796, 56.761235878368687 ], [ -2.416833727545857, 56.761227944934802 ], [ -2.416841331702797, 56.761220012037064 ], [ -2.416848937294418, 56.761212079690182 ], [ -2.416856544367532, 56.761204147908884 ], [ -2.416864152968943, 56.761196216707887 ], [ -2.41687176314546, 56.76118828610192 ], [ -2.416879374943888, 56.761180356105697 ], [ -2.416886988411036, 56.761172426733978 ], [ -2.416894603593708, 56.761164498001456 ], [ -2.416902220538717, 56.761156569922854 ], [ -2.416909839292866, 56.7611486425129 ], [ -2.416917459902963, 56.761140715786347 ], [ -2.416925082415813, 56.76113278975788 ], [ -2.416932706878226, 56.761124864442237 ], [ -2.416940333337007, 56.761116939854141 ], [ -2.416947961838964, 56.761109016008326 ], [ -2.416955592430901, 56.761101092919503 ], [ -2.416963225159628, 56.761093170602408 ], [ -2.416970860071952, 56.761085249071748 ], [ -2.416978497214678, 56.761077328342267 ], [ -2.416986136634613, 56.761069408428689 ], [ -2.416993778378564, 56.761061489345735 ], [ -2.417001422493339, 56.7610535711081 ], [ -2.417009069025742, 56.761045653730548 ], [ -2.417016718022582, 56.761037737227781 ], [ -2.417024369530664, 56.761029821614542 ], [ -2.417032023596797, 56.761021906905526 ], [ -2.417039680267785, 56.76101399311549 ], [ -2.417047339590435, 56.761006080259129 ], [ -2.417055001611554, 56.760998168351179 ], [ -2.417062666377948, 56.760990257406384 ], [ -2.417070333936427, 56.760982347439423 ], [ -2.417078004333792, 56.760974438465055 ], [ -2.417085677616853, 56.76096653049801 ], [ -2.417093353832413, 56.76095862355298 ], [ -2.417101033027282, 56.760950717644711 ], [ -2.417108715248265, 56.760942812787924 ], [ -2.417116400542168, 56.760934908997342 ], [ -2.417124088955799, 56.760927006287687 ], [ -2.41713178053596, 56.760919104673697 ], [ -2.417139475329462, 56.760911204170064 ], [ -2.417147173383108, 56.76090330479154 ], [ -2.417154874743707, 56.760895406552834 ], [ -2.417162579458061, 56.760887509468681 ], [ -2.41717028757298, 56.760879613553797 ], [ -2.417177999135268, 56.760871718822912 ], [ -2.417185714191734, 56.760863825290741 ], [ -2.417193432789179, 56.760855932972021 ], [ -2.417201154974414, 56.760848041881452 ], [ -2.417208880794242, 56.760840152033794 ], [ -2.417216610295469, 56.760832263443731 ], [ -2.417224343524904, 56.760824376126024 ], [ -2.417232080529349, 56.760816490095372 ], [ -2.417239821355611, 56.760808605366499 ], [ -2.417247566050499, 56.760800721954155 ], [ -2.417255314660813, 56.760792839873027 ], [ -2.417263067233363, 56.760784959137865 ], [ -2.417270823814955, 56.760777079763372 ], [ -2.417278584452392, 56.760769201764298 ], [ -2.417286349192481, 56.760761325155343 ], [ -2.417294118082033, 56.760753449951252 ], [ -2.417301891167845, 56.760745576166727 ], [ -2.417309668496725, 56.760737703816496 ], [ -2.417317450115482, 56.760729832915302 ], [ -2.417325236070918, 56.760721963477856 ], [ -2.417333026409842, 56.760714095518878 ], [ -2.417340821179057, 56.760706229053085 ], [ -2.417348620425369, 56.760698364095219 ], [ -2.417356424195586, 56.760690500659976 ], [ -2.41736423253651, 56.76068263876212 ], [ -2.417372045494946, 56.760674778416345 ], [ -2.417379863117702, 56.760666919637359 ], [ -2.417387685451582, 56.760659062439949 ], [ -2.417395512543392, 56.760651206838773 ], [ -2.417403344439938, 56.760643352848582 ], [ -2.417411181188026, 56.760635500484106 ], [ -2.417419022834456, 56.76062764976006 ], [ -2.417426869426041, 56.760619800691153 ], [ -2.417434721009579, 56.760611953292127 ], [ -2.417442577631883, 56.760604107577706 ], [ -2.417450439339751, 56.760596263562611 ], [ -2.417458306179991, 56.760588421261566 ], [ -2.41746207305947, 56.760584669430486 ] ] ], [ [ [ -2.415079568882648, 56.762994252163324 ], [ -2.415078479587541, 56.762995276374546 ], [ -2.415070230765433, 56.763003029231839 ], [ -2.415061979466896, 56.763010781370696 ], [ -2.415053725743746, 56.763018532806008 ], [ -2.415045469647805, 56.763026283552705 ], [ -2.415037211230885, 56.763034033625679 ], [ -2.415028950544807, 56.763041783039874 ], [ -2.41502068764139, 56.763049531810204 ], [ -2.415012422572455, 56.76305727995156 ], [ -2.415004155389809, 56.763065027478859 ], [ -2.414995886145282, 56.763072774407043 ], [ -2.414987614890686, 56.763080520750997 ], [ -2.41497934167784, 56.763088266525678 ], [ -2.414971066558563, 56.763096011745965 ], [ -2.414962789584675, 56.763103756426787 ], [ -2.414954510807991, 56.763111500583044 ], [ -2.414946230280331, 56.763119244229692 ], [ -2.414937948053512, 56.76312698738159 ], [ -2.414929664179353, 56.763134730053686 ], [ -2.414921378709674, 56.76314247226091 ], [ -2.414913091696291, 56.76315021401814 ], [ -2.414904803191026, 56.763157955340318 ], [ -2.414896513245691, 56.763165696242368 ], [ -2.41488822191211, 56.763173436739159 ], [ -2.414879929242101, 56.763181176845656 ], [ -2.414871635287481, 56.763188916576752 ], [ -2.414863340100069, 56.763196655947375 ], [ -2.414855043731684, 56.763204394972419 ], [ -2.414846746234144, 56.763212133666819 ], [ -2.41483844765927, 56.763219872045489 ], [ -2.414830148058877, 56.763227610123337 ], [ -2.414821847484785, 56.763235347915284 ], [ -2.414813545988812, 56.763243085436244 ], [ -2.414805243622782, 56.763250822701131 ], [ -2.414796940438507, 56.763258559724868 ], [ -2.414788636487809, 56.76326629652236 ], [ -2.414780331822509, 56.763274033108516 ], [ -2.41477202649442, 56.763281769498285 ], [ -2.414763720555365, 56.763289505706553 ], [ -2.414755414057165, 56.763297241748248 ], [ -2.414747107051634, 56.763304977638278 ], [ -2.414738799590594, 56.763312713391564 ], [ -2.414730491725864, 56.763320449023027 ], [ -2.414722183509261, 56.763328184547568 ], [ -2.414713874992607, 56.763335919980101 ], [ -2.414705566227718, 56.763343655335561 ], [ -2.414697257266416, 56.763351390628884 ], [ -2.414688948160521, 56.763359125874928 ], [ -2.414680638961848, 56.763366861088628 ], [ -2.41467232972222, 56.763374596284926 ], [ -2.414664020493454, 56.763382331478738 ], [ -2.414655711327372, 56.763390066684941 ], [ -2.414647402275788, 56.763397801918494 ], [ -2.414639093390527, 56.763405537194274 ], [ -2.414630784723406, 56.763413272527224 ], [ -2.414622476326245, 56.763421007932251 ], [ -2.414614168250862, 56.763428743424278 ], [ -2.414605860549079, 56.763436479018225 ], [ -2.414597553272714, 56.763444214728977 ], [ -2.414589246473586, 56.763451950571479 ], [ -2.414580940203516, 56.763459686560644 ], [ -2.414572634514323, 56.763467422711372 ], [ -2.414564329457825, 56.763475159038606 ], [ -2.414556025085846, 56.763482895557246 ], [ -2.414547721450198, 56.763490632282206 ], [ -2.414539418602711, 56.763498369228394 ], [ -2.414531116595197, 56.763506106410759 ], [ -2.414522815479476, 56.763513843844187 ], [ -2.414514515305925, 56.76352158154311 ], [ -2.414506216048582, 56.763529319496051 ], [ -2.414497917568829, 56.76353705765333 ], [ -2.414489619718986, 56.763544795962169 ], [ -2.414481322351375, 56.763552534369786 ], [ -2.414473025318312, 56.763560272823419 ], [ -2.414464728472122, 56.763568011270301 ], [ -2.414456431665125, 56.763575749657647 ], [ -2.41444813474964, 56.763583487932699 ], [ -2.414439837577988, 56.763591226042678 ], [ -2.41443154000249, 56.763598963934811 ], [ -2.414423241875464, 56.763606701556348 ], [ -2.414414943049235, 56.763614438854503 ], [ -2.41440664337612, 56.76362217577649 ], [ -2.414398342708438, 56.763629912269565 ], [ -2.414390040898508, 56.763637648280934 ], [ -2.414381737798653, 56.763645383757847 ], [ -2.414373433261192, 56.763653118647525 ], [ -2.414365127138444, 56.763660852897168 ], [ -2.414356819282728, 56.763668586454038 ], [ -2.414348509546367, 56.763676319265365 ], [ -2.414340197781677, 56.763684051278368 ], [ -2.41433188384098, 56.763691782440269 ], [ -2.414323567576592, 56.763699512698295 ], [ -2.414315248840836, 56.763707241999683 ], [ -2.414306927486028, 56.763714970291659 ], [ -2.414298603364488, 56.763722697521459 ], [ -2.414290276328536, 56.763730423636304 ], [ -2.41428194623049, 56.763738148583421 ], [ -2.414273612922672, 56.763745872310032 ], [ -2.414265276257398, 56.763753594763386 ], [ -2.414256936086986, 56.76376131589069 ], [ -2.414251562364471, 56.763766287687027 ], [ -2.41425205386666, 56.763765831471169 ], [ -2.414260374301746, 56.763758103589645 ], [ -2.41426869121325, 56.763750374399244 ], [ -2.414277004769754, 56.763742643959837 ], [ -2.414285315139833, 56.763734912331245 ], [ -2.414293622492069, 56.763727179573344 ], [ -2.414301926995039, 56.763719445745963 ], [ -2.414310228817325, 56.763711710908936 ], [ -2.414318528127504, 56.763703975122127 ], [ -2.414326825094154, 56.763696238445377 ], [ -2.414335119885856, 56.763688500938514 ], [ -2.41434341267119, 56.763680762661416 ], [ -2.414351703618731, 56.763673023673881 ], [ -2.414359992897059, 56.763665284035788 ], [ -2.414368280674754, 56.763657543806978 ], [ -2.414376567120396, 56.763649803047272 ], [ -2.414384852402557, 56.763642061816547 ], [ -2.414393136689822, 56.763634320174617 ], [ -2.414401420150765, 56.763626578181352 ], [ -2.414409702953968, 56.763618835896587 ], [ -2.414417985268005, 56.763611093380149 ], [ -2.414426267261455, 56.763603350691909 ], [ -2.414434549102896, 56.763595607891695 ], [ -2.414442830960908, 56.763587865039362 ], [ -2.414451113004066, 56.763580122194732 ], [ -2.414459395400949, 56.763572379417653 ], [ -2.414467678320134, 56.76356463676801 ], [ -2.414475961930199, 56.763556894305587 ], [ -2.414484246399723, 56.763549152090285 ], [ -2.414492531897277, 56.763541410181901 ], [ -2.414500818591446, 56.763533668640306 ], [ -2.414509106650803, 56.763525927525322 ], [ -2.414517396243916, 56.763518186896803 ], [ -2.414525687494029, 56.763510446799131 ], [ -2.414533980371941, 56.763502707224667 ], [ -2.414542274816447, 56.763494968154809 ], [ -2.414550570766343, 56.76348722957102 ], [ -2.414558868160426, 56.763479491454731 ], [ -2.414567166937491, 56.763471753787371 ], [ -2.414575467036331, 56.763464016550387 ], [ -2.414583768395744, 56.763456279725197 ], [ -2.414592070954527, 56.763448543293251 ], [ -2.414600374651472, 56.763440807235959 ], [ -2.414608679425375, 56.763433071534791 ], [ -2.414616985215037, 56.763425336171174 ], [ -2.414625291959246, 56.76341760112652 ], [ -2.414633599596803, 56.763409866382283 ], [ -2.414641908066501, 56.763402131919889 ], [ -2.414650217307139, 56.763394397720788 ], [ -2.414658527257508, 56.76338666376639 ], [ -2.414666837856409, 56.763378930038144 ], [ -2.414675149042635, 56.76337119651749 ], [ -2.414683460754984, 56.763363463185861 ], [ -2.414691772932248, 56.763355730024685 ], [ -2.414700085513228, 56.763347997015394 ], [ -2.414708398436715, 56.76334026413943 ], [ -2.41471671164151, 56.763332531378246 ], [ -2.414725025066406, 56.763324798713249 ], [ -2.414733338650201, 56.763317066125865 ], [ -2.414741652331689, 56.763309333597576 ], [ -2.414749966049667, 56.763301601109781 ], [ -2.414758279742933, 56.76329386864392 ], [ -2.414766593350279, 56.763286136181435 ], [ -2.414774906810506, 56.763278403703758 ], [ -2.41478322006241, 56.76327067119233 ], [ -2.414791533044786, 56.763262938628571 ], [ -2.414799845696429, 56.763255205993921 ], [ -2.414808157956135, 56.763247473269836 ], [ -2.414816469762705, 56.763239740437719 ], [ -2.414824781054931, 56.763232007479033 ], [ -2.414833091771613, 56.763224274375197 ], [ -2.414841401851546, 56.763216541107653 ], [ -2.414849711233527, 56.76320880765784 ], [ -2.41485801985635, 56.763201074007199 ], [ -2.414866327658814, 56.763193340137128 ], [ -2.414874634579716, 56.763185606029097 ], [ -2.414882940557853, 56.763177871664539 ], [ -2.414891245532021, 56.763170137024886 ], [ -2.414899549441016, 56.763162402091567 ], [ -2.414907852223636, 56.76315466684602 ], [ -2.414916153818679, 56.763146931269674 ], [ -2.414924454164939, 56.763139195343989 ], [ -2.414932753201217, 56.763131459050385 ], [ -2.414941050866303, 56.763123722370281 ], [ -2.414949347099001, 56.76311598528514 ], [ -2.414957641838107, 56.763108247776387 ], [ -2.414965935022415, 56.763100509825463 ], [ -2.414974226590723, 56.763092771413767 ], [ -2.41498251648183, 56.763085032522781 ], [ -2.414990804634531, 56.763077293133939 ], [ -2.414999090987628, 56.763069553228654 ], [ -2.415007375479912, 56.763061812788365 ], [ -2.415015658050181, 56.763054071794514 ], [ -2.415023938637237, 56.763046330228548 ], [ -2.415032217179873, 56.763038588071872 ], [ -2.415040493616888, 56.763030845305948 ], [ -2.41504876788708, 56.763023101912189 ], [ -2.415057039929245, 56.763015357872071 ], [ -2.415065309682181, 56.763007613166991 ], [ -2.415073577084686, 56.762999867778397 ], [ -2.415079568882648, 56.762994252163324 ] ] ], [ [ [ -2.413518014396325, 56.764408414327306 ], [ -2.413510362596786, 56.764414581030366 ], [ -2.4135011521479, 56.764421984776185 ], [ -2.413491925197666, 56.764429382551867 ], [ -2.413482681598394, 56.764436774304656 ], [ -2.413473421202403, 56.764444159981721 ], [ -2.413464143862003, 56.764451539530327 ], [ -2.413454849429506, 56.764458912897688 ], [ -2.413445537757229, 56.764466280031037 ], [ -2.413436208697481, 56.764473640877569 ], [ -2.413426862102577, 56.764480995384531 ], [ -2.413417497824829, 56.764488343499153 ], [ -2.413408115716549, 56.764495685168647 ], [ -2.41339871563005, 56.764503020340221 ], [ -2.413389297417646, 56.764510348961132 ], [ -2.413379860949745, 56.76451767098456 ], [ -2.413370406594762, 56.764524986527896 ], [ -2.41336093526932, 56.76453229588936 ], [ -2.413351447918208, 56.76453959937642 ], [ -2.413341945486217, 56.764546897296569 ], [ -2.413332428918132, 56.764554189957288 ], [ -2.413322899158745, 56.764561477666057 ], [ -2.413313357152843, 56.764568760730327 ], [ -2.413303803845216, 56.76457603945763 ], [ -2.413294240180659, 56.764583314155431 ], [ -2.413284667103955, 56.764590585131209 ], [ -2.413275085559906, 56.76459785269244 ], [ -2.413265496493292, 56.764605117146615 ], [ -2.413255900848915, 56.764612378801225 ], [ -2.413246299571562, 56.76461963796374 ], [ -2.41323669360603, 56.764626894941671 ], [ -2.413227083897109, 56.764634150042475 ], [ -2.413217471389594, 56.764641403573648 ], [ -2.41320785702828, 56.76464865584267 ], [ -2.413198241757958, 56.764655907157049 ], [ -2.41318862652343, 56.764663157824245 ], [ -2.413179012269485, 56.764670408151758 ], [ -2.413169399940922, 56.764677658447063 ], [ -2.413159790482536, 56.764684909017667 ], [ -2.413150184839126, 56.764692160171037 ], [ -2.413140583955487, 56.764699412214668 ], [ -2.413130988776417, 56.764706665456053 ], [ -2.413121400246713, 56.764713920202674 ], [ -2.413111819311175, 56.764721176762023 ], [ -2.413102246914602, 56.764728435441604 ], [ -2.41309268400179, 56.764735696548883 ], [ -2.413083131517543, 56.764742960391359 ], [ -2.413073590406657, 56.764750227276515 ], [ -2.413064061613936, 56.76475749751183 ], [ -2.413054546084179, 56.764764771404828 ], [ -2.413045044762184, 56.764772049262973 ], [ -2.41303555859276, 56.764779331393775 ], [ -2.413026088520703, 56.764786618104722 ], [ -2.413016635490818, 56.764793909703279 ], [ -2.413007200447908, 56.764801206496976 ], [ -2.412997784336777, 56.764808508793266 ], [ -2.412988388102226, 56.764815816899684 ], [ -2.412979012689062, 56.764823131123684 ], [ -2.412969659042088, 56.764830451772795 ], [ -2.412960328106109, 56.764837779154469 ], [ -2.412951020825934, 56.764845113576229 ], [ -2.412941738146367, 56.764852455345576 ], [ -2.412932481012215, 56.764859804769962 ], [ -2.412923250368281, 56.764867162156925 ], [ -2.412914047159377, 56.764874527813944 ], [ -2.412904872330307, 56.764881902048515 ], [ -2.412895726825885, 56.764889285168131 ], [ -2.412886611590916, 56.764896677480266 ], [ -2.41287752757021, 56.76490407929245 ], [ -2.412868475708578, 56.764911490912169 ], [ -2.412859456950827, 56.76491891264692 ], [ -2.412850472241772, 56.764926344804195 ], [ -2.412841522526221, 56.764933787691483 ], [ -2.412832608748988, 56.764941241616299 ], [ -2.412823731854277, 56.764948706885946 ], [ -2.412814892430182, 56.764956183696256 ], [ -2.412806090109843, 56.764963671944237 ], [ -2.412797324368007, 56.764971171477292 ], [ -2.412788594679404, 56.764978682142818 ], [ -2.41277990051878, 56.764986203788226 ], [ -2.412771241360872, 56.764993736260934 ], [ -2.412762616680416, 56.765001279408338 ], [ -2.412754025952157, 56.765008833077843 ], [ -2.412745468650829, 56.765016397116852 ], [ -2.412736944251171, 56.765023971372777 ], [ -2.412728452227922, 56.765031555693035 ], [ -2.412719992055821, 56.76503914992503 ], [ -2.412711563209605, 56.765046753916145 ], [ -2.412703165164007, 56.765054367513812 ], [ -2.41269479739377, 56.7650619905654 ], [ -2.412686459373627, 56.765069622918354 ], [ -2.41267815057832, 56.765077264420057 ], [ -2.412675648566749, 56.765079576185286 ], [ -2.412681421540645, 56.765074065745424 ], [ -2.412689532110829, 56.765066365583351 ], [ -2.412697676278673, 56.765058675903219 ], [ -2.412705854832069, 56.765050996936559 ], [ -2.412714068558911, 56.765043328914921 ], [ -2.41272231824709, 56.765035672069871 ], [ -2.412730604684494, 56.765028026632926 ], [ -2.412738928659016, 56.765020392835666 ], [ -2.412747290958547, 56.765012770909586 ], [ -2.412755692370975, 56.765005161086272 ], [ -2.41276413368419, 56.764997563597262 ], [ -2.412772615686081, 56.764989978674066 ], [ -2.41278113916454, 56.764982406548263 ], [ -2.41278970490745, 56.764974847451391 ], [ -2.412798313702703, 56.764967301614988 ], [ -2.412806966338185, 56.76495976927059 ], [ -2.412815663601787, 56.764952250649749 ], [ -2.412824406274821, 56.764944745981957 ], [ -2.412833194507171, 56.764937255300488 ], [ -2.412842027301644, 56.764929778282095 ], [ -2.412850903539682, 56.764922314565858 ], [ -2.412859822102731, 56.764914863790807 ], [ -2.412868781872241, 56.764907425596029 ], [ -2.412877781729659, 56.764899999620553 ], [ -2.412886820556433, 56.764892585503453 ], [ -2.412895897234011, 56.764885182883781 ], [ -2.412905010643846, 56.7648777914006 ], [ -2.412914159667383, 56.76487041069295 ], [ -2.412923343186076, 56.764863040399923 ], [ -2.412932560081373, 56.764855680160544 ], [ -2.412941809234731, 56.764848329613898 ], [ -2.412951089527599, 56.76484098839903 ], [ -2.412960399841428, 56.764833656154998 ], [ -2.412969739057675, 56.764826332520869 ], [ -2.412979106057793, 56.7648190171357 ], [ -2.412988499723238, 56.764811709638565 ], [ -2.412997918935463, 56.7648044096685 ], [ -2.413007362575923, 56.764797116864592 ], [ -2.413016829526075, 56.764789830865887 ], [ -2.413026318667376, 56.764782551311455 ], [ -2.413035828881284, 56.764775277840343 ], [ -2.413045359049256, 56.764768010091643 ], [ -2.41305490805275, 56.764760747704393 ], [ -2.413064474773223, 56.764753490317645 ], [ -2.413074058092139, 56.764746237570499 ], [ -2.413083656890953, 56.764738989102007 ], [ -2.413093270051128, 56.76473174455122 ], [ -2.413102896454122, 56.764724503557211 ], [ -2.413112534981399, 56.764717265759053 ], [ -2.413122184514419, 56.764710030795804 ], [ -2.413131843934647, 56.764702798306523 ], [ -2.41314151212354, 56.764695567930275 ], [ -2.413151187962567, 56.764688339306147 ], [ -2.413160870333189, 56.764681112073198 ], [ -2.41317055811687, 56.764673885870479 ], [ -2.413180250195075, 56.764666660337092 ], [ -2.41318994544927, 56.764659435112058 ], [ -2.413199642760918, 56.764652209834487 ], [ -2.413209341011488, 56.764644984143423 ], [ -2.413219039082445, 56.764637757677939 ], [ -2.413228735855256, 56.764630530077113 ], [ -2.413238430211391, 56.764623300980006 ], [ -2.413248121032312, 56.76461607002571 ], [ -2.413257807199495, 56.764608836853263 ], [ -2.413267487594405, 56.764601601101745 ], [ -2.41327716109851, 56.76459436241025 ], [ -2.413286826593281, 56.764587120417822 ], [ -2.413296482960193, 56.764579874763541 ], [ -2.413306129080709, 56.764572625086494 ], [ -2.413315763836307, 56.764565371025718 ], [ -2.413325386108455, 56.764558112220335 ], [ -2.413334994778626, 56.764550848309369 ], [ -2.413344588728293, 56.764543578931928 ], [ -2.413354166838932, 56.764536303727091 ], [ -2.413363727992014, 56.76452902233391 ], [ -2.413373271069013, 56.764521734391451 ], [ -2.413382794951405, 56.764514439538814 ], [ -2.413392298702601, 56.764507137474531 ], [ -2.4134017822405, 56.764499828176525 ], [ -2.413411245733661, 56.764492511704617 ], [ -2.413420689350669, 56.76448518811867 ], [ -2.413430113260112, 56.764477857478518 ], [ -2.41343951763057, 56.764470519844011 ], [ -2.413448902630635, 56.764463175275012 ], [ -2.413458268428892, 56.764455823831355 ], [ -2.413467615193927, 56.764448465572904 ], [ -2.413476943094324, 56.764441100559509 ], [ -2.413486252298671, 56.764433728851024 ], [ -2.413495542975554, 56.764426350507271 ], [ -2.413504815293559, 56.764418965588135 ], [ -2.41351406942127, 56.764411574153428 ], [ -2.413518014396325, 56.764408414327306 ] ] ], [ [ [ -2.411818711313777, 56.765957824170329 ], [ -2.411811093790063, 56.7659655783701 ], [ -2.411803354772904, 56.765973445761738 ], [ -2.41179560746638, 56.765981310909446 ], [ -2.411787851723497, 56.765989173762357 ], [ -2.411780087397253, 56.76599703426961 ], [ -2.411772314340647, 56.766004892380295 ], [ -2.41176453240668, 56.766012748043579 ], [ -2.411756741448352, 56.766020601208574 ], [ -2.41174894131866, 56.766028451824404 ], [ -2.411741131870608, 56.766036299840216 ], [ -2.411733312957194, 56.7660441452051 ], [ -2.411725484431419, 56.766051987868209 ], [ -2.411717646146279, 56.766059827778669 ], [ -2.411709797954774, 56.766067664885597 ], [ -2.411701939709906, 56.766075499138111 ], [ -2.411694071264674, 56.766083330485365 ], [ -2.411686192472076, 56.766091158876456 ], [ -2.411678303185111, 56.766098984260523 ], [ -2.411670403256779, 56.76610680658672 ], [ -2.411662492540078, 56.766114625804114 ], [ -2.411654570888007, 56.766122441861896 ], [ -2.411646638153566, 56.766130254709125 ], [ -2.411638694189752, 56.766138064294985 ], [ -2.411630738849564, 56.766145870568579 ], [ -2.411622771986002, 56.766153673479032 ], [ -2.411614793452067, 56.766161472975469 ], [ -2.411606803100752, 56.766169269007015 ], [ -2.411598800785055, 56.766177061522818 ], [ -2.411590786357982, 56.766184850471966 ], [ -2.411582759672525, 56.766192635803613 ], [ -2.41157472058168, 56.766200417466877 ], [ -2.411566668938454, 56.76620819541089 ], [ -2.411558604595838, 56.766215969584763 ], [ -2.41155052740683, 56.766223739937629 ], [ -2.411542437224429, 56.766231506418627 ], [ -2.411534333901638, 56.766239268976854 ], [ -2.411526217291447, 56.766247027561462 ], [ -2.411518087246857, 56.766254782121564 ], [ -2.411509943620867, 56.766262532606291 ], [ -2.411501786266474, 56.766270278964775 ], [ -2.411493615036674, 56.766278021146107 ], [ -2.411485429784467, 56.766285759099468 ], [ -2.411477230362846, 56.766293492773933 ], [ -2.411469016624811, 56.766301222118642 ], [ -2.411460788423362, 56.766308947082727 ], [ -2.411452545611491, 56.766316667615328 ], [ -2.411444288042198, 56.766324383665555 ], [ -2.411436015568481, 56.76633209518252 ], [ -2.411427728043336, 56.766339802115361 ], [ -2.411419425319758, 56.766347504413204 ], [ -2.411411107250748, 56.766355202025174 ], [ -2.411402773689296, 56.766362894900382 ], [ -2.411394424488405, 56.766370582987989 ], [ -2.411386059501071, 56.766378266237069 ], [ -2.411377678580289, 56.766385944596792 ], [ -2.411369281579055, 56.766393618016252 ], [ -2.411360868350367, 56.766401286444598 ], [ -2.41135243874722, 56.766408949830932 ], [ -2.411343992622612, 56.766416608124395 ], [ -2.411335529829538, 56.766424261274111 ], [ -2.411327050220994, 56.76643190922919 ], [ -2.411318553649977, 56.766439551938781 ], [ -2.411310039969484, 56.766447189351958 ], [ -2.411301509032511, 56.766454821417909 ], [ -2.411292960692053, 56.766462448085733 ], [ -2.411284394801104, 56.766470069304546 ], [ -2.411275811212662, 56.766477685023482 ], [ -2.411267209779725, 56.76648529519165 ], [ -2.411258590355286, 56.766492899758198 ], [ -2.411249952792342, 56.766500498672222 ], [ -2.411241296943887, 56.766508091882869 ], [ -2.411232622651637, 56.766515679362989 ], [ -2.411223929921737, 56.766523261101085 ], [ -2.411215218921093, 56.766530837128222 ], [ -2.411206489813638, 56.766538407492426 ], [ -2.411197742763306, 56.766545972241801 ], [ -2.411188977934034, 56.766553531424407 ], [ -2.411180195489753, 56.766561085088277 ], [ -2.411171395594396, 56.766568633281516 ], [ -2.411162578411902, 56.766576176052169 ], [ -2.411153744106203, 56.766583713448313 ], [ -2.411144892841232, 56.766591245518015 ], [ -2.411136024780927, 56.766598772309337 ], [ -2.411127140089222, 56.766606293870346 ], [ -2.411118238930049, 56.766613810249105 ], [ -2.411109321467345, 56.766621321493673 ], [ -2.411100387865046, 56.766628827652141 ], [ -2.411091438287085, 56.766636328772556 ], [ -2.411082472897398, 56.766643824902999 ], [ -2.411073491859923, 56.766651316091526 ], [ -2.411064495338592, 56.76665880238621 ], [ -2.411055483497341, 56.7666662838351 ], [ -2.411046456500108, 56.766673760486292 ], [ -2.411037414510826, 56.766681232387818 ], [ -2.411028357693431, 56.766688699587796 ], [ -2.411019286211861, 56.766696162134238 ], [ -2.411010200230051, 56.766703620075248 ], [ -2.411001099911938, 56.766711073458886 ], [ -2.410991985421455, 56.766718522333193 ], [ -2.410982856922542, 56.766725966746264 ], [ -2.410973714579134, 56.766733406746162 ], [ -2.410964558555166, 56.766740842380962 ], [ -2.410955389014578, 56.76674827369871 ], [ -2.410946206121303, 56.766755700747495 ], [ -2.410937010039281, 56.766763123575359 ], [ -2.410927800932447, 56.766770542230383 ], [ -2.410918578964736, 56.766777956760656 ], [ -2.410909344300088, 56.766785367214204 ], [ -2.41090009710244, 56.766792773639125 ], [ -2.410890837535729, 56.766800176083478 ], [ -2.410881565763892, 56.766807574595333 ], [ -2.410872281950866, 56.766814969222743 ], [ -2.410862986260588, 56.766822360013798 ], [ -2.410853678856995, 56.766829747016565 ], [ -2.410844359904027, 56.7668371302791 ], [ -2.410835029565619, 56.766844509849463 ], [ -2.410825688005715, 56.766851885775729 ], [ -2.410816335388245, 56.766859258105981 ], [ -2.410806971877149, 56.766866626888273 ], [ -2.410797597636368, 56.766873992170673 ], [ -2.41078821282984, 56.766881354001249 ], [ -2.4107788176215, 56.766888712428077 ], [ -2.41076941217529, 56.766896067499232 ], [ -2.410759996655144, 56.766903419262746 ], [ -2.410750571225003, 56.766910767766731 ], [ -2.410741136048808, 56.766918113059219 ], [ -2.410731691290493, 56.766925455188307 ], [ -2.410722237114002, 56.766932794202056 ], [ -2.410712773683267, 56.766940130148534 ], [ -2.410703301162234, 56.766947463075788 ], [ -2.410693819714838, 56.766954793031921 ], [ -2.410684329505019, 56.766962120064981 ], [ -2.410674830696714, 56.766969444223051 ], [ -2.410665323453867, 56.766976765554176 ], [ -2.410655807940413, 56.766984084106454 ], [ -2.410646284320295, 56.766991399927917 ], [ -2.410636752757449, 56.766998713066677 ], [ -2.410627213415816, 56.767006023570765 ], [ -2.410617666459338, 56.767013331488286 ], [ -2.410608112051951, 56.767020636867286 ], [ -2.410598550357595, 56.767027939755828 ], [ -2.410588981540212, 56.767035240201999 ], [ -2.410584062539307, 56.767038989154173 ], [ -2.410592584317042, 56.767032164558209 ], [ -2.410601816039643, 56.767024763604283 ], [ -2.410611040922296, 56.76701736029019 ], [ -2.410620258933946, 56.767009954607509 ], [ -2.410629470043542, 56.767002546547779 ], [ -2.41063867422003, 56.766995136102572 ], [ -2.410647871432362, 56.766987723263462 ], [ -2.410657061649479, 56.766980308021971 ], [ -2.410666244840332, 56.766972890369686 ], [ -2.410675420973869, 56.76696547029816 ], [ -2.41068459001904, 56.766958047798958 ], [ -2.410693751944788, 56.766950622863639 ], [ -2.410702906720062, 56.766943195483755 ], [ -2.410712054313811, 56.766935765650878 ], [ -2.410721194694983, 56.766928333356546 ], [ -2.410730327832524, 56.766920898592367 ], [ -2.410739453695383, 56.766913461349851 ], [ -2.410748572252509, 56.766906021620578 ], [ -2.410757683472845, 56.766898579396106 ], [ -2.410766787325347, 56.766891134667979 ], [ -2.410775883778953, 56.766883687427793 ], [ -2.41078497280262, 56.766876237667077 ], [ -2.410794054365292, 56.766868785377412 ], [ -2.410803128435913, 56.766861330550348 ], [ -2.410812194983437, 56.766853873177432 ], [ -2.410821253976811, 56.766846413250256 ], [ -2.41083030538498, 56.766838950760359 ], [ -2.410839349176895, 56.766831485699292 ], [ -2.410848385321503, 56.766824018058649 ], [ -2.410857413787751, 56.766816547829954 ], [ -2.410866434544588, 56.766809075004787 ], [ -2.410875447560962, 56.766801599574698 ], [ -2.41088445280582, 56.766794121531255 ], [ -2.410893450248111, 56.766786640866009 ], [ -2.410902439856786, 56.766779157570532 ], [ -2.410911421600789, 56.766771671636384 ], [ -2.410920395449069, 56.766764183055109 ], [ -2.410929361370575, 56.766756691818294 ], [ -2.410938319334256, 56.76674919791747 ], [ -2.410947269309058, 56.766741701344223 ], [ -2.410956211263932, 56.766734202090085 ], [ -2.410965145167823, 56.766726700146648 ], [ -2.410974070989683, 56.766719195505452 ], [ -2.410982988698457, 56.766711688158061 ], [ -2.410991898263096, 56.766704178096035 ], [ -2.411000799652545, 56.766696665310931 ], [ -2.411009692835758, 56.766689149794324 ], [ -2.411018577781677, 56.76668163153775 ], [ -2.411027454459256, 56.766674110532797 ], [ -2.411036322837439, 56.766666586771002 ], [ -2.411045182885176, 56.766659060243946 ], [ -2.411054034571416, 56.766651530943165 ], [ -2.411062877865107, 56.766643998860246 ], [ -2.411071712735199, 56.766636463986728 ], [ -2.411080539150637, 56.766628926314198 ], [ -2.411089357080375, 56.766621385834171 ], [ -2.411098166493353, 56.766613842538241 ], [ -2.411106967358533, 56.766606296417962 ], [ -2.41111575964485, 56.766598747464904 ], [ -2.411124543321258, 56.766591195670621 ], [ -2.411133318356708, 56.766583641026642 ], [ -2.411142084720146, 56.766576083524583 ], [ -2.411150842380522, 56.766568523155975 ], [ -2.411159591306783, 56.766560959912383 ], [ -2.411168331467879, 56.766553393785337 ], [ -2.41117706283276, 56.766545824766446 ], [ -2.411185785370372, 56.766538252847248 ], [ -2.411194499049665, 56.766530678019308 ], [ -2.411203203839588, 56.766523100274171 ], [ -2.41121189970909, 56.766515519603409 ], [ -2.411220586615677, 56.766507936013888 ], [ -2.411229264527426, 56.766500349505108 ], [ -2.411237933450065, 56.766492760058519 ], [ -2.411246593378454, 56.766485167679591 ], [ -2.411255244307452, 56.766477572373859 ], [ -2.411263886231922, 56.766469974146794 ], [ -2.411272519146722, 56.76646237300389 ], [ -2.411281143046712, 56.766454768950652 ], [ -2.411289757926752, 56.766447161992545 ], [ -2.411298363781703, 56.766439552135111 ], [ -2.411306960606427, 56.766431939383772 ], [ -2.411315548395779, 56.766424323744097 ], [ -2.411324127144624, 56.766416705221538 ], [ -2.41133269684782, 56.766409083821586 ], [ -2.411341257500226, 56.766401459549741 ], [ -2.411349809096707, 56.766393832411524 ], [ -2.411358351632118, 56.76638620241237 ], [ -2.411366885101324, 56.76637856955783 ], [ -2.411375409499181, 56.766370933853359 ], [ -2.411383924820552, 56.76636329530448 ], [ -2.411392431060295, 56.766355653916662 ], [ -2.411400928213272, 56.766348009695413 ], [ -2.411409416274343, 56.766340362646204 ], [ -2.411417895238369, 56.76633271277457 ], [ -2.41142636510021, 56.766325060085961 ], [ -2.411434825854724, 56.766317404585898 ], [ -2.411443277496776, 56.766309746279866 ], [ -2.411451720021222, 56.766302085173365 ], [ -2.411460153422924, 56.766294421271866 ], [ -2.411468577696743, 56.766286754580896 ], [ -2.411476992837541, 56.766279085105921 ], [ -2.411485398840174, 56.766271412852419 ], [ -2.411493795699506, 56.766263737825945 ], [ -2.411502183410395, 56.766256060031935 ], [ -2.411510561967705, 56.766248379475911 ], [ -2.411518931366295, 56.766240696163358 ], [ -2.411527291601024, 56.766233010099768 ], [ -2.411535642666751, 56.766225321290641 ], [ -2.411543984558342, 56.766217629741462 ], [ -2.411552317270653, 56.766209935457709 ], [ -2.411560640798548, 56.766202238444919 ], [ -2.411568955136884, 56.766194538708547 ], [ -2.411577260280523, 56.766186836254114 ], [ -2.411585556224326, 56.766179131087092 ], [ -2.411593842963155, 56.766171423212974 ], [ -2.411602120491867, 56.766163712637272 ], [ -2.411610388805326, 56.766155999365466 ], [ -2.41161864789839, 56.766148283403034 ], [ -2.411626897765922, 56.766140564755517 ], [ -2.411635138402782, 56.766132843428352 ], [ -2.411643369803831, 56.766125119427073 ], [ -2.411651591963926, 56.766117392757167 ], [ -2.411659804877934, 56.766109663424089 ], [ -2.411668008540712, 56.766101931433383 ], [ -2.411676202947119, 56.766094196790526 ], [ -2.41168438809202, 56.766086459500997 ], [ -2.411692563970273, 56.766078719570316 ], [ -2.411700730576742, 56.766070977003949 ], [ -2.411708887906282, 56.766063231807394 ], [ -2.411717035953757, 56.766055483986165 ], [ -2.41172517471403, 56.76604773354574 ], [ -2.411733304181958, 56.766039980491612 ], [ -2.411741424352405, 56.766032224829267 ], [ -2.411749535220232, 56.766024466564225 ], [ -2.411757636780295, 56.766016705701944 ], [ -2.411765729027459, 56.766008942247943 ], [ -2.411773811956584, 56.766001176207695 ], [ -2.411781885562533, 56.765993407586727 ], [ -2.411789949840164, 56.765985636390518 ], [ -2.411798004784338, 56.765977862624524 ], [ -2.411806050389917, 56.765970086294296 ], [ -2.41181408665176, 56.765962307405289 ], [ -2.411818711313777, 56.765957824170329 ] ] ], [ [ [ -2.408962644258689, 56.768253747448014 ], [ -2.408955649685779, 56.768258921849807 ], [ -2.408945927835054, 56.768266110093244 ], [ -2.408936202790431, 56.768273296915616 ], [ -2.40892647449856, 56.768280482300121 ], [ -2.408916742906092, 56.768287666229909 ], [ -2.408907007959675, 56.768294848688186 ], [ -2.408897269605965, 56.768302029658088 ], [ -2.408887527791608, 56.768309209122847 ], [ -2.408877782463251, 56.768316387065603 ], [ -2.408868033567551, 56.768323563469544 ], [ -2.408858281051157, 56.76833073831785 ], [ -2.408848524860717, 56.768337911593697 ], [ -2.408838764942881, 56.768345083280252 ], [ -2.408829001244302, 56.768352253360696 ], [ -2.408819233711628, 56.768359421818225 ], [ -2.408809462291509, 56.768366588635992 ], [ -2.408799686930596, 56.768373753797185 ], [ -2.40878990757554, 56.768380917284993 ], [ -2.40878012417299, 56.768388079082584 ], [ -2.408770336669597, 56.768395239173124 ], [ -2.408760545013687, 56.768402397540342 ], [ -2.408750749184672, 56.768409554178085 ], [ -2.408740949189381, 56.768416709089138 ], [ -2.408731145035587, 56.768423862276556 ], [ -2.408721336731059, 56.768431013743438 ], [ -2.408711524283567, 56.768438163492853 ], [ -2.408701707700884, 56.76844531152787 ], [ -2.408691886990778, 56.768452457851566 ], [ -2.408682062161023, 56.768459602467033 ], [ -2.408672233219388, 56.768466745377353 ], [ -2.408662400173643, 56.768473886585589 ], [ -2.408652563031559, 56.768481026094818 ], [ -2.408642721800907, 56.768488163908138 ], [ -2.408632876489458, 56.768495300028611 ], [ -2.40862302710498, 56.768502434459315 ], [ -2.408613173655249, 56.76850956720331 ], [ -2.408603316148032, 56.76851669826371 ], [ -2.408593454591101, 56.768523827643591 ], [ -2.408583588992228, 56.768530955345994 ], [ -2.408573719359176, 56.768538081374018 ], [ -2.408563845699727, 56.768545205730767 ], [ -2.408553968021646, 56.768552328419275 ], [ -2.408544086332702, 56.768559449442641 ], [ -2.408534200640668, 56.768566568803948 ], [ -2.408524310953318, 56.768573686506258 ], [ -2.408514417278417, 56.76858080255267 ], [ -2.408504519623738, 56.768587916946238 ], [ -2.408494617997052, 56.768595029690069 ], [ -2.40848471240613, 56.768602140787209 ], [ -2.408474802858744, 56.768609250240758 ], [ -2.408464889362663, 56.768616358053791 ], [ -2.408454971925657, 56.768623464229378 ], [ -2.408445050555498, 56.768630568770597 ], [ -2.408435125259956, 56.768637671680537 ], [ -2.408425196046802, 56.768644772962269 ], [ -2.408415262923808, 56.768651872618868 ], [ -2.408405325898746, 56.768658970653412 ], [ -2.408395384979382, 56.768666067068992 ], [ -2.408385440173489, 56.768673161868648 ], [ -2.408375491488841, 56.768680255055521 ], [ -2.408365538933205, 56.768687346632632 ], [ -2.408355582514353, 56.768694436603091 ], [ -2.408345622240055, 56.768701524969977 ], [ -2.408335658118083, 56.768708611736336 ], [ -2.408325690156209, 56.768715696905268 ], [ -2.408315718362201, 56.768722780479855 ], [ -2.40830574274383, 56.768729862463182 ], [ -2.408295763308871, 56.768736942858297 ], [ -2.40828578006509, 56.768744021668311 ], [ -2.408275793020259, 56.768751098896281 ], [ -2.40826580218215, 56.768758174545283 ], [ -2.408255807558534, 56.768765248618408 ], [ -2.408245809157179, 56.768772321118732 ], [ -2.40823580698586, 56.768779392049339 ], [ -2.408225801052345, 56.768786461413285 ], [ -2.408215791364406, 56.768793529213667 ], [ -2.408205777929814, 56.768800595453541 ], [ -2.408195760756338, 56.768807660136019 ], [ -2.40818573985175, 56.768814723264164 ], [ -2.408175715223825, 56.768821784841037 ], [ -2.408165686880328, 56.768828844869745 ], [ -2.408155654829029, 56.768835903353349 ], [ -2.408145619077705, 56.768842960294911 ], [ -2.408135579634124, 56.768850015697545 ], [ -2.408125536506055, 56.768857069564319 ], [ -2.408115489701271, 56.768864121898282 ], [ -2.408105439227543, 56.768871172702546 ], [ -2.408095385092641, 56.768878221980167 ], [ -2.408085327304336, 56.768885269734241 ], [ -2.4080752658704, 56.768892315967847 ], [ -2.4080652007986, 56.768899360684038 ], [ -2.408055132096711, 56.768906403885907 ], [ -2.408045059772505, 56.768913445576537 ], [ -2.40803498383375, 56.768920485759004 ], [ -2.408024904288219, 56.768927524436386 ], [ -2.408014821143679, 56.768934561611765 ], [ -2.408004734407904, 56.768941597288197 ], [ -2.407994644088665, 56.768948631468781 ], [ -2.407984550193733, 56.768955664156593 ], [ -2.407974452730877, 56.768962695354709 ], [ -2.40796435170787, 56.768969725066206 ], [ -2.407954247132483, 56.768976753294162 ], [ -2.407944139012486, 56.768983780041665 ], [ -2.40793402735565, 56.768990805311766 ], [ -2.407923912169746, 56.768997829107576 ], [ -2.407913793462545, 56.769004851432136 ], [ -2.407903671241817, 56.769011872288573 ], [ -2.407893545515337, 56.76901889167992 ], [ -2.407883416290869, 56.769025909609283 ], [ -2.40787328357619, 56.769032926079731 ], [ -2.40786314737907, 56.769039941094327 ], [ -2.407853007707277, 56.769046954656169 ], [ -2.407842864568585, 56.769053966768347 ], [ -2.407832717970763, 56.769060977433881 ], [ -2.407822567921583, 56.769067986655934 ], [ -2.407812414428818, 56.769074994437524 ], [ -2.407802257500237, 56.769082000781744 ], [ -2.407792097143608, 56.769089005691661 ], [ -2.407781933366705, 56.769096009170376 ], [ -2.4077717661773, 56.76910301122097 ], [ -2.407761595583163, 56.769110011846486 ], [ -2.407751421592065, 56.769117011050042 ], [ -2.407741244211777, 56.76912400883468 ], [ -2.407731063450069, 56.769131005203505 ], [ -2.407720879314714, 56.769138000159593 ], [ -2.407710691813483, 56.769144993705993 ], [ -2.407700500954143, 56.769151985845824 ], [ -2.40769030674447, 56.76915897658214 ], [ -2.407680109192233, 56.769165965918035 ], [ -2.407669908305203, 56.769172953856554 ], [ -2.407659704091151, 56.769179940400818 ], [ -2.407649496557847, 56.769186925553889 ], [ -2.407639285713066, 56.769193909318815 ], [ -2.407629071564574, 56.769200891698716 ], [ -2.407618854120146, 56.769207872696647 ], [ -2.407608633387551, 56.769214852315706 ], [ -2.407598409374561, 56.769221830558941 ], [ -2.407588182088945, 56.769228807429457 ], [ -2.407577951538475, 56.769235782930338 ], [ -2.407567717730925, 56.769242757064632 ], [ -2.407557480674064, 56.769249729835437 ], [ -2.407547240375661, 56.769256701245816 ], [ -2.40753699684349, 56.769263671298859 ], [ -2.40752675008532, 56.76927063999765 ], [ -2.407516500108922, 56.769277607345273 ], [ -2.407506246922071, 56.769284573344791 ], [ -2.407495990532535, 56.769291537999251 ], [ -2.407485730948084, 56.769298501311788 ], [ -2.407475468176491, 56.769305463285463 ], [ -2.407465202225527, 56.769312423923338 ], [ -2.407454933102962, 56.769319383228499 ], [ -2.407444660816568, 56.769326341204042 ], [ -2.407434385374114, 56.769333297853009 ], [ -2.407424106783376, 56.769340253178513 ], [ -2.407413825052121, 56.769347207183607 ], [ -2.407403540188122, 56.769354159871376 ], [ -2.407393252199148, 56.769361111244919 ], [ -2.407382961092972, 56.76936806130729 ], [ -2.407372666877365, 56.76937501006158 ], [ -2.407362369560097, 56.769381957510859 ], [ -2.407352069148941, 56.769388903658204 ], [ -2.407341765651665, 56.769395848506697 ], [ -2.407331459076044, 56.769402792059424 ], [ -2.407321149429847, 56.76940973431946 ], [ -2.407310836720845, 56.769416675289854 ], [ -2.407300520956809, 56.769423614973732 ], [ -2.407290202145511, 56.76943055337415 ], [ -2.407279880294723, 56.769437490494184 ], [ -2.407269555412213, 56.769444426336904 ], [ -2.407259227505757, 56.7694513609054 ], [ -2.407248896583121, 56.769458294202757 ], [ -2.407238562652081, 56.769465226232043 ], [ -2.407228225720402, 56.769472156996329 ], [ -2.407217885795862, 56.769479086498713 ], [ -2.407207542886229, 56.769486014742256 ], [ -2.407197196999272, 56.769492941730036 ], [ -2.407186848142767, 56.769499867465164 ], [ -2.407176496324482, 56.769506791950668 ], [ -2.407166141552187, 56.769513715189653 ], [ -2.407155783833657, 56.769520637185188 ], [ -2.407145423176659, 56.769527557940386 ], [ -2.407135059588967, 56.769534477458279 ], [ -2.407124693078352, 56.76954139574196 ], [ -2.407114323652586, 56.76954831279452 ], [ -2.407103951319437, 56.769555228619019 ], [ -2.40709357608668, 56.76956214321855 ], [ -2.407083197962083, 56.769569056596183 ], [ -2.407072816953419, 56.769575968755007 ], [ -2.407062433068459, 56.769582879698078 ], [ -2.407052046314973, 56.769589789428487 ], [ -2.407041656700736, 56.769596697949332 ], [ -2.407031264233512, 56.769603605263661 ], [ -2.407020868921081, 56.769610511374566 ], [ -2.407010470771207, 56.769617416285122 ], [ -2.407000069791666, 56.769624319998421 ], [ -2.406989665990226, 56.769631222517503 ], [ -2.406979259374662, 56.769638123845496 ], [ -2.406968849952742, 56.769645023985454 ], [ -2.406958437732237, 56.76965192294044 ], [ -2.40694802272092, 56.769658820713559 ], [ -2.406937604926561, 56.769665717307888 ], [ -2.406927184356932, 56.769672612726481 ], [ -2.406916761019805, 56.76967950697243 ], [ -2.40690633492295, 56.769686400048833 ], [ -2.406895906074138, 56.769693291958731 ], [ -2.406885474481144, 56.769700182705236 ], [ -2.406875040151732, 56.769707072291389 ], [ -2.406864603093679, 56.76971396072031 ], [ -2.406854163314754, 56.769720847995053 ], [ -2.40684372082273, 56.769727734118703 ], [ -2.406833275625378, 56.769734619094336 ], [ -2.406822827730467, 56.769741502925029 ], [ -2.40681342624508, 56.769747694683879 ], [ -2.406816572230118, 56.769745593367638 ], [ -2.406826918684332, 56.769738679335632 ], [ -2.406837262130407, 56.769731764057354 ], [ -2.406847602579147, 56.769724847535329 ], [ -2.40685794004135, 56.769717929772128 ], [ -2.406868274527814, 56.769711010770315 ], [ -2.406878606049343, 56.769704090532443 ], [ -2.406888934616735, 56.76969716906104 ], [ -2.40689926024079, 56.769690246358699 ], [ -2.406909582932305, 56.76968332242798 ], [ -2.406919902702083, 56.769676397271411 ], [ -2.406930219560921, 56.769669470891564 ], [ -2.406940533519622, 56.769662543291012 ], [ -2.406950844588983, 56.769655614472292 ], [ -2.406961152779807, 56.769648684437961 ], [ -2.406971458102888, 56.769641753190584 ], [ -2.40698176056903, 56.769634820732719 ], [ -2.406992060189033, 56.769627887066925 ], [ -2.407002356973695, 56.769620952195744 ], [ -2.407012650933817, 56.76961401612175 ], [ -2.407022942080197, 56.769607078847493 ], [ -2.407033230423635, 56.76960014037553 ], [ -2.407043515974932, 56.769593200708421 ], [ -2.407053798744885, 56.769586259848722 ], [ -2.407064078744299, 56.769579317799 ], [ -2.407074355983969, 56.769572374561797 ], [ -2.407084630474697, 56.769565430139671 ], [ -2.40709490222728, 56.769558484535189 ], [ -2.407105171252518, 56.769551537750907 ], [ -2.407115437561216, 56.769544589789369 ], [ -2.407125701164167, 56.769537640653148 ], [ -2.407135962072174, 56.769530690344801 ], [ -2.407146220296036, 56.769523738866859 ], [ -2.40715647584655, 56.769516786221914 ], [ -2.40716672873452, 56.76950983241251 ], [ -2.407176978970744, 56.769502877441191 ], [ -2.407187226566022, 56.769495921310551 ], [ -2.407197471531153, 56.769488964023097 ], [ -2.407207713876936, 56.769482005581423 ], [ -2.407217953614169, 56.769475045988067 ], [ -2.407228190753657, 56.769468085245606 ], [ -2.407238425306194, 56.769461123356571 ], [ -2.407248657282584, 56.769454160323541 ], [ -2.407258886693625, 56.769447196149066 ], [ -2.407269113550114, 56.769440230835691 ], [ -2.407279337862852, 56.769433264385995 ], [ -2.407289559642642, 56.769426296802536 ], [ -2.407299778900281, 56.769419328087842 ], [ -2.407309995646566, 56.769412358244509 ], [ -2.407320209892299, 56.76940538727505 ], [ -2.407330421648282, 56.769398415182053 ], [ -2.407340630925311, 56.769391441968082 ], [ -2.407350837734185, 56.76938446763566 ], [ -2.407361042085708, 56.769377492187367 ], [ -2.407371243990673, 56.769370515625759 ], [ -2.407381443459887, 56.769363537953396 ], [ -2.407391640504144, 56.769356559172813 ], [ -2.407401835134245, 56.769349579286605 ], [ -2.40741202736099, 56.769342598297293 ], [ -2.407422217195179, 56.769335616207471 ], [ -2.40743240464761, 56.769328633019647 ], [ -2.407442589729084, 56.76932164873643 ], [ -2.407452772450398, 56.76931466336034 ], [ -2.407462952822355, 56.769307676893959 ], [ -2.407473130855753, 56.769300689339822 ], [ -2.407483306561391, 56.769293700700494 ], [ -2.407493479950067, 56.769286710978534 ], [ -2.407503651032585, 56.769279720176506 ], [ -2.40751381981974, 56.769272728296947 ], [ -2.407523986322333, 56.769265735342451 ], [ -2.407534150551163, 56.769258741315532 ], [ -2.407544312517031, 56.769251746218771 ], [ -2.407554472230736, 56.769244750054717 ], [ -2.407564629703076, 56.769237752825951 ], [ -2.407574784944852, 56.769230754534995 ], [ -2.407584937966862, 56.76922375518442 ], [ -2.407595088779908, 56.769216754776771 ], [ -2.407605237394785, 56.769209753314634 ], [ -2.407615383822296, 56.769202750800559 ], [ -2.407625528073241, 56.76919574723707 ], [ -2.407635670158416, 56.769188742626774 ], [ -2.407645810088624, 56.769181736972179 ], [ -2.407655947874661, 56.769174730275871 ], [ -2.407666083527329, 56.769167722540402 ], [ -2.407676217057426, 56.769160713768336 ], [ -2.407686348475751, 56.769153703962218 ], [ -2.407696477793106, 56.769146693124597 ], [ -2.407706605020287, 56.769139681258068 ], [ -2.407716730168096, 56.769132668365138 ], [ -2.407726853247331, 56.769125654448409 ], [ -2.407736974268792, 56.769118639510403 ], [ -2.407747093243278, 56.769111623553691 ], [ -2.407757210181589, 56.769104606580839 ], [ -2.407767325094522, 56.769097588594384 ], [ -2.407777437992879, 56.769090569596898 ], [ -2.407787548887458, 56.769083549590938 ], [ -2.40779765778906, 56.769076528579056 ], [ -2.407807764708482, 56.76906950656381 ], [ -2.407817869656525, 56.769062483547749 ], [ -2.407827972643986, 56.769055459533455 ], [ -2.407838073681666, 56.769048434523455 ], [ -2.407848172780367, 56.769041408520309 ], [ -2.407858269950884, 56.769034381526595 ], [ -2.407868365204019, 56.769027353544864 ], [ -2.407878458550568, 56.769020324577674 ], [ -2.407888550001334, 56.769013294627563 ], [ -2.407898639567116, 56.769006263697094 ], [ -2.407908727258711, 56.768999231788847 ], [ -2.407918813086918, 56.768992198905359 ], [ -2.407928897062539, 56.76898516504918 ], [ -2.40793897919637, 56.768978130222891 ], [ -2.407949059499213, 56.76897109442902 ], [ -2.407959137981868, 56.768964057670154 ], [ -2.407969214655132, 56.768957019948814 ], [ -2.407979289529803, 56.768949981267596 ], [ -2.407989362616682, 56.768942941629035 ], [ -2.40799943392657, 56.76893590103569 ], [ -2.408009503470264, 56.768928859490124 ], [ -2.408019571258563, 56.768921816994897 ], [ -2.408029637302268, 56.768914773552538 ], [ -2.408039701612178, 56.768907729165633 ], [ -2.408049764199089, 56.76890068383674 ], [ -2.408059825073805, 56.768893637568397 ], [ -2.408069884247121, 56.768886590363167 ], [ -2.408079941729838, 56.768879542223608 ], [ -2.408089997532755, 56.768872493152287 ], [ -2.408100051666672, 56.768865443151761 ], [ -2.408110104142387, 56.768858392224566 ], [ -2.408120154970701, 56.768851340373274 ], [ -2.40813020416241, 56.76884428760043 ], [ -2.408140251728316, 56.768837233908627 ], [ -2.408150297679217, 56.768830179300373 ], [ -2.408160342025912, 56.76882312377824 ], [ -2.4081703847792, 56.768816067344801 ], [ -2.408180425949882, 56.768809010002606 ], [ -2.408190465548755, 56.768801951754199 ], [ -2.408200503586617, 56.768794892602166 ], [ -2.408210540074271, 56.768787832549052 ], [ -2.408220575022515, 56.768780771597378 ], [ -2.408230608442144, 56.768773709749745 ], [ -2.408240640343962, 56.76876664700869 ], [ -2.408250670738767, 56.76875958337677 ], [ -2.408260699637357, 56.768752518856552 ], [ -2.408270727050532, 56.768745453450585 ], [ -2.40828075298909, 56.768738387161427 ], [ -2.408290777463832, 56.768731319991637 ], [ -2.408300800485554, 56.768724251943773 ], [ -2.408310822065056, 56.768717183020385 ], [ -2.408320842213142, 56.768710113224031 ], [ -2.408330860940603, 56.768703042557291 ], [ -2.408340878258244, 56.768695971022666 ], [ -2.408350894176862, 56.76868889862277 ], [ -2.408360908707257, 56.768681825360147 ], [ -2.408370921860226, 56.768674751237334 ], [ -2.40838093364657, 56.768667676256889 ], [ -2.408390944077087, 56.768660600421391 ], [ -2.408400953162575, 56.768653523733384 ], [ -2.408410960913836, 56.768646446195412 ], [ -2.408420967341665, 56.768639367810053 ], [ -2.408430972456866, 56.768632288579852 ], [ -2.408440976270234, 56.768625208507387 ], [ -2.408450978792571, 56.768618127595161 ], [ -2.408460980034673, 56.768611045845802 ], [ -2.408470980007341, 56.768603963261818 ], [ -2.408480978721371, 56.768596879845774 ], [ -2.408490976187568, 56.768589795600235 ], [ -2.408500972416725, 56.768582710527753 ], [ -2.408510967419644, 56.768575624630891 ], [ -2.408520961207124, 56.768568537912195 ], [ -2.408530953789963, 56.768561450374222 ], [ -2.408540945178958, 56.76855436201955 ], [ -2.408550935384911, 56.768547272850711 ], [ -2.408560924418621, 56.768540182870268 ], [ -2.408570912290886, 56.768533092080794 ], [ -2.408580899012502, 56.768526000484826 ], [ -2.408590884594274, 56.768518908084914 ], [ -2.408600869046996, 56.768511814883652 ], [ -2.40861085238147, 56.768504720883548 ], [ -2.408620834608493, 56.768497626087196 ], [ -2.408630815738865, 56.768490530497125 ], [ -2.408640795783384, 56.768483434115915 ], [ -2.408650774752849, 56.768476336946122 ], [ -2.408660752658058, 56.768469238990292 ], [ -2.408670729509813, 56.768462140250982 ], [ -2.408680705318911, 56.76845504073075 ], [ -2.408690680096151, 56.768447940432146 ], [ -2.408700653852331, 56.768440839357737 ], [ -2.40871062659825, 56.768433737510087 ], [ -2.408720598344707, 56.768426634891739 ], [ -2.408730569102502, 56.768419531505245 ], [ -2.408740538882434, 56.768412427353184 ], [ -2.4087505076953, 56.768405322438078 ], [ -2.408760475551899, 56.76839821676252 ], [ -2.408770442458569, 56.768391110327876 ], [ -2.408780408394485, 56.768384003128389 ], [ -2.40879037332861, 56.768376895155633 ], [ -2.408800337229893, 56.768369786401166 ], [ -2.408810300067271, 56.768362676856533 ], [ -2.408820261809695, 56.7683555665133 ], [ -2.408830222426107, 56.768348455363032 ], [ -2.408840181885453, 56.76834134339726 ], [ -2.408850140156673, 56.768334230607593 ], [ -2.408860097208717, 56.768327116985546 ], [ -2.408870053010529, 56.768320002522707 ], [ -2.40888000753105, 56.768312887210591 ], [ -2.408889960739226, 56.768305771040815 ], [ -2.408899912604006, 56.768298654004887 ], [ -2.40890986309433, 56.768291536094374 ], [ -2.408919812179142, 56.768284417300862 ], [ -2.408929759827392, 56.768277297615889 ], [ -2.408939706008018, 56.768270177031027 ], [ -2.408949650689968, 56.768263055537801 ], [ -2.408959593842189, 56.768255933127811 ], [ -2.408962644258689, 56.768253747448014 ] ] ], [ [ [ -2.404527231228108, 56.771189642243968 ], [ -2.40451766033416, 56.771195378313109 ], [ -2.404506621767186, 56.77120199006405 ], [ -2.404495579611166, 56.771208600023989 ], [ -2.40448453385651, 56.771215208187137 ], [ -2.404473484493632, 56.771221814547729 ], [ -2.404462431512943, 56.771228419099991 ], [ -2.404451374904859, 56.771235021838166 ], [ -2.404440314659793, 56.77124162275647 ], [ -2.404429250768153, 56.771248221849127 ], [ -2.404418183220355, 56.771254819110382 ], [ -2.404407112006812, 56.771261414534457 ], [ -2.404396037117934, 56.771268008115598 ], [ -2.404384958544137, 56.771274599847999 ], [ -2.404373876275831, 56.771281189725919 ], [ -2.404362790303434, 56.771287777743566 ], [ -2.40435170061735, 56.771294363895194 ], [ -2.404340607208, 56.771300948175011 ], [ -2.404329510065789, 56.771307530577261 ], [ -2.404318409181136, 56.771314111096153 ], [ -2.404307304544452, 56.771320689725947 ], [ -2.404296196146147, 56.771327266460851 ], [ -2.404285083976637, 56.771333841295096 ], [ -2.404273968026334, 56.771340414222912 ], [ -2.404262848285651, 56.77134698523853 ], [ -2.404251724745001, 56.771353554336187 ], [ -2.404240597394792, 56.771360121510106 ], [ -2.404229466225444, 56.771366686754504 ], [ -2.404218331227366, 56.771373250063633 ], [ -2.404207192390968, 56.771379811431707 ], [ -2.40419604970667, 56.771386370852959 ], [ -2.404184903164876, 56.77139292832161 ], [ -2.404173752756007, 56.771399483831907 ], [ -2.404162598470469, 56.771406037378064 ], [ -2.40415144029868, 56.771412588954327 ], [ -2.404140278231048, 56.771419138554904 ], [ -2.404129112257988, 56.771425686174034 ], [ -2.404117942369915, 56.77143223180596 ], [ -2.404106768557237, 56.771438775444892 ], [ -2.404095590810372, 56.771445317085053 ], [ -2.404084409119729, 56.771451856720724 ], [ -2.404073223475721, 56.77145839434607 ], [ -2.404062033868761, 56.771464929955336 ], [ -2.404050840289265, 56.771471463542767 ], [ -2.40403964272764, 56.7714779951026 ], [ -2.404028441174303, 56.771484524629038 ], [ -2.404017235619666, 56.771491052116325 ], [ -2.404006026054137, 56.771497577558691 ], [ -2.403994812468137, 56.771504100950359 ], [ -2.403983594852074, 56.771510622285561 ], [ -2.40397237319636, 56.771517141558526 ], [ -2.403961147491413, 56.771523658763492 ], [ -2.403949917727637, 56.771530173894675 ], [ -2.403938683895454, 56.771536686946305 ], [ -2.40392744598527, 56.771543197912614 ], [ -2.4039162039875, 56.771549706787837 ], [ -2.403904957892557, 56.771556213566214 ], [ -2.403893707690855, 56.771562718241945 ], [ -2.403882453372804, 56.771569220809262 ], [ -2.403871194928821, 56.771575721262423 ], [ -2.403859932349313, 56.771582219595636 ], [ -2.403848665624698, 56.771588715803134 ], [ -2.403837394745385, 56.771595209879145 ], [ -2.403826119701788, 56.7716017018179 ], [ -2.40381484048432, 56.771608191613623 ], [ -2.403803557083396, 56.771614679260558 ], [ -2.403792269489425, 56.771621164752922 ], [ -2.403780977692823, 56.771627648084944 ], [ -2.403769681683999, 56.771634129250849 ], [ -2.40375838145337, 56.771640608244887 ], [ -2.403747076991346, 56.771647085061261 ], [ -2.403735768288339, 56.771653559694208 ], [ -2.403724455334766, 56.771660032137966 ], [ -2.403713138121036, 56.771666502386758 ], [ -2.403701816637563, 56.771672970434821 ], [ -2.40369049087476, 56.771679436276372 ], [ -2.403679160823039, 56.771685899905641 ], [ -2.403667826472812, 56.771692361316873 ], [ -2.403656487814494, 56.771698820504291 ], [ -2.403645144838499, 56.77170527746209 ], [ -2.403633797535236, 56.771711732184556 ], [ -2.403622445895121, 56.771718184665879 ], [ -2.403611089908563, 56.771724634900302 ], [ -2.403599729565976, 56.771731082882042 ], [ -2.403588364857777, 56.771737528605343 ], [ -2.403576995774375, 56.771743972064435 ], [ -2.403565622306183, 56.771750413253535 ], [ -2.403554244443616, 56.771756852166881 ], [ -2.403542862177084, 56.771763288798702 ], [ -2.403531475497001, 56.771769723143208 ], [ -2.40352008439378, 56.771776155194658 ], [ -2.403508688857834, 56.77178258494726 ], [ -2.403497288879573, 56.77178901239526 ], [ -2.403485884449415, 56.771795437532866 ], [ -2.40347447555777, 56.771801860354323 ], [ -2.403463062195049, 56.771808280853854 ], [ -2.403451644351669, 56.771814699025697 ], [ -2.403440222018039, 56.771821114864068 ], [ -2.403428795184574, 56.771827528363197 ], [ -2.403417363841687, 56.771833939517322 ], [ -2.403405927979788, 56.771840348320659 ], [ -2.403394487589295, 56.771846754767459 ], [ -2.403383042660616, 56.771853158851933 ], [ -2.403371593184167, 56.771859560568309 ], [ -2.403360139150359, 56.771865959910834 ], [ -2.403348680549604, 56.771872356873708 ], [ -2.403337217372318, 56.77187875145119 ], [ -2.403325749608912, 56.771885143637491 ], [ -2.403314277249797, 56.77189153342686 ], [ -2.403302800285388, 56.77189792081348 ], [ -2.403291318706101, 56.771904305791622 ], [ -2.403279832502342, 56.771910688355518 ], [ -2.403268341664529, 56.771917068499377 ], [ -2.403256846184779, 56.771923446218381 ], [ -2.403245346105576, 56.771929821536055 ], [ -2.403233841526845, 56.7719361945082 ], [ -2.403222332551641, 56.771942565192383 ], [ -2.40321081928302, 56.771948933646179 ], [ -2.403199301824041, 56.771955299927143 ], [ -2.403187780277756, 56.771961664092849 ], [ -2.403176254747225, 56.771968026200852 ], [ -2.403164725335501, 56.771974386308734 ], [ -2.403153192145642, 56.771980744474064 ], [ -2.403141655280702, 56.771987100754394 ], [ -2.403130114843741, 56.771993455207287 ], [ -2.403118570937809, 56.771999807890346 ], [ -2.403107023665969, 56.772006158861103 ], [ -2.403095473131273, 56.772012508177127 ], [ -2.403083919436777, 56.772018855896007 ], [ -2.403072362685537, 56.772025202075298 ], [ -2.403060802980609, 56.772031546772574 ], [ -2.403049240425052, 56.772037890045382 ], [ -2.403037675121919, 56.77204423195132 ], [ -2.403026107174266, 56.772050572547919 ], [ -2.403014536685149, 56.772056911892783 ], [ -2.403002963757628, 56.772063250043466 ], [ -2.402991388494756, 56.772069587057537 ], [ -2.402979810999589, 56.772075922992542 ], [ -2.402968231375181, 56.772082257906085 ], [ -2.402956649724592, 56.772088591855713 ], [ -2.402945066150876, 56.772094924898994 ], [ -2.40293348075709, 56.772101257093503 ], [ -2.40292189364629, 56.772107588496809 ], [ -2.40291030492153, 56.772113919166465 ], [ -2.402898714685869, 56.772120249160047 ], [ -2.402887123042361, 56.772126578535136 ], [ -2.402875530094062, 56.772132907349274 ], [ -2.40286393594403, 56.772139235660063 ], [ -2.402852340695319, 56.772145563525036 ], [ -2.402840744450986, 56.772151891001791 ], [ -2.402829147314087, 56.772158218147879 ], [ -2.402817549387677, 56.772164545020864 ], [ -2.402805950774816, 56.772170871678327 ], [ -2.402794351578555, 56.772177198177836 ], [ -2.402782751901951, 56.772183524576946 ], [ -2.402771151848063, 56.772189850933252 ], [ -2.402759551519944, 56.772196177304288 ], [ -2.402747951020653, 56.77220250374765 ], [ -2.402736350453242, 56.772208830320885 ], [ -2.402724749920772, 56.772215157081575 ], [ -2.402713149526292, 56.772221484087311 ], [ -2.402701549372865, 56.772227811395609 ], [ -2.402689949563545, 56.772234139064068 ], [ -2.402678350201387, 56.772240467150255 ], [ -2.402666751389448, 56.772246795711759 ], [ -2.40265515323078, 56.772253124806113 ], [ -2.402643555828448, 56.772259454490886 ], [ -2.402631959285499, 56.772265784823688 ], [ -2.402621593745717, 56.772271444275724 ], [ -2.402624791647143, 56.772269681574031 ], [ -2.402636319986148, 56.772263328247824 ], [ -2.402647849216182, 56.772256975502152 ], [ -2.402659379262349, 56.772250623290461 ], [ -2.402670910049752, 56.772244271566208 ], [ -2.402682441503496, 56.772237920282883 ], [ -2.402693973548682, 56.772231569393909 ], [ -2.402705506110416, 56.772225218852732 ], [ -2.402717039113798, 56.772218868612846 ], [ -2.402728572483934, 56.772212518627676 ], [ -2.402740106145926, 56.772206168850708 ], [ -2.402751640024875, 56.772199819235368 ], [ -2.402763174045888, 56.772193469735114 ], [ -2.402774708134067, 56.772187120303435 ], [ -2.402786242214513, 56.772180770893769 ], [ -2.402797776212332, 56.772174421459553 ], [ -2.402809310052624, 56.772168071954269 ], [ -2.402820843660496, 56.772161722331376 ], [ -2.402832376961049, 56.772155372544319 ], [ -2.402843909879385, 56.772149022546536 ], [ -2.40285544234061, 56.77214267229153 ], [ -2.402866974269826, 56.772136321732717 ], [ -2.402878505592134, 56.772129970823585 ], [ -2.402890036232641, 56.772123619517572 ], [ -2.402901566116446, 56.772117267768124 ], [ -2.402913095168655, 56.772110915528721 ], [ -2.402924623314369, 56.772104562752816 ], [ -2.402936150478694, 56.772098209393846 ], [ -2.402947676586728, 56.7720918554053 ], [ -2.402959201563581, 56.772085500740616 ], [ -2.402970725334351, 56.772079145353246 ], [ -2.402982247824143, 56.77207278919667 ], [ -2.402993768958059, 56.772066432224314 ], [ -2.403005288661203, 56.77206007438965 ], [ -2.403016806858678, 56.77205371564613 ], [ -2.403028323475584, 56.77204735594723 ], [ -2.40303983843703, 56.772040995246392 ], [ -2.403051351668115, 56.772034633497078 ], [ -2.403062863093941, 56.77202827065274 ], [ -2.403074372639614, 56.772021906666843 ], [ -2.403085880230236, 56.772015541492834 ], [ -2.403097385790909, 56.772009175084165 ], [ -2.403108889246737, 56.77200280739433 ], [ -2.403120390522824, 56.771996438376739 ], [ -2.403131889544271, 56.771990067984881 ], [ -2.403143386236183, 56.771983696172207 ], [ -2.403154880523659, 56.771977322892155 ], [ -2.403166372331808, 56.771970948098222 ], [ -2.403177861585727, 56.77196457174383 ], [ -2.403189348210522, 56.771958193782446 ], [ -2.403200832131296, 56.771951814167537 ], [ -2.403212313273153, 56.771945432852547 ], [ -2.403223791561192, 56.771939049790944 ], [ -2.40323526692052, 56.771932664936195 ], [ -2.403246739276237, 56.771926278241722 ], [ -2.403258208553449, 56.771919889661028 ], [ -2.403269674687974, 56.771913499154692 ], [ -2.403281137663938, 56.771907106715631 ], [ -2.40329259747909, 56.771900712345825 ], [ -2.403304054131166, 56.771894316047252 ], [ -2.403315507617904, 56.771887917821928 ], [ -2.40332695793705, 56.771881517671801 ], [ -2.403338405086338, 56.771875115598881 ], [ -2.403349849063519, 56.771868711605151 ], [ -2.403361289866327, 56.771862305692594 ], [ -2.403372727492504, 56.771855897863198 ], [ -2.403384161939787, 56.771849488118953 ], [ -2.403395593205925, 56.771843076461849 ], [ -2.403407021288653, 56.771836662893833 ], [ -2.403418446185714, 56.771830247416958 ], [ -2.403429867894848, 56.771823830033156 ], [ -2.403441286413797, 56.771817410744461 ], [ -2.4034527017403, 56.771810989552826 ], [ -2.403464113872099, 56.77180456646024 ], [ -2.403475522806934, 56.7717981414687 ], [ -2.403486928542547, 56.771791714580182 ], [ -2.403498331076679, 56.771785285796689 ], [ -2.403509730407071, 56.771778855120182 ], [ -2.403521126531464, 56.771772422552687 ], [ -2.403532519447597, 56.771765988096156 ], [ -2.40354390915321, 56.771759551752581 ], [ -2.403555295646049, 56.771753113523957 ], [ -2.403566678923853, 56.77174667341226 ], [ -2.40357805898436, 56.771740231419507 ], [ -2.403589435825312, 56.771733787547653 ], [ -2.403600809444453, 56.771727341798695 ], [ -2.403612179839521, 56.771720894174614 ], [ -2.403623547008257, 56.771714444677407 ], [ -2.403634910948403, 56.771707993309057 ], [ -2.4036462716577, 56.771701540071547 ], [ -2.403657629133888, 56.771695084966872 ], [ -2.403668983374706, 56.771688627997008 ], [ -2.4036803343779, 56.771682169163938 ], [ -2.40369168214121, 56.771675708469665 ], [ -2.403703026662372, 56.771669245916186 ], [ -2.403714367939134, 56.771662781505448 ], [ -2.403725705969232, 56.771656315239454 ], [ -2.403737040750407, 56.771649847120209 ], [ -2.403748372280402, 56.771643377149687 ], [ -2.403759700556957, 56.771636905329871 ], [ -2.403771025577815, 56.77163043166275 ], [ -2.403782347340714, 56.771623956150314 ], [ -2.403793665843396, 56.771617478794553 ], [ -2.403804981083604, 56.771610999597442 ], [ -2.403816293059075, 56.771604518560977 ], [ -2.403827601767554, 56.771598035687141 ], [ -2.40383890720678, 56.771591550977924 ], [ -2.403850209374494, 56.7715850644353 ], [ -2.403861508268439, 56.771578576061287 ], [ -2.403872803886354, 56.771572085857834 ], [ -2.403884096225982, 56.771565593826949 ], [ -2.40389538528506, 56.771559099970624 ], [ -2.403906671061334, 56.771552604290811 ], [ -2.403917953552541, 56.771546106789543 ], [ -2.403929232756426, 56.771539607468782 ], [ -2.403940508670726, 56.771533106330523 ], [ -2.403951781293184, 56.771526603376735 ], [ -2.403963050621542, 56.771520098609429 ], [ -2.403974316653541, 56.771513592030573 ], [ -2.403985579386922, 56.77150708364217 ], [ -2.403996838819422, 56.77150057344619 ], [ -2.404008094948789, 56.771494061444635 ], [ -2.404019347772758, 56.771487547639481 ], [ -2.404030597289076, 56.77148103203271 ], [ -2.404041843495479, 56.771474514626334 ], [ -2.40405308638971, 56.771467995422313 ], [ -2.40406432596951, 56.771461474422644 ], [ -2.404075562232621, 56.771454951629309 ], [ -2.404086795176783, 56.771448427044312 ], [ -2.404098024799737, 56.771441900669622 ], [ -2.404109251099226, 56.77143537250722 ], [ -2.40412047407299, 56.771428842559111 ], [ -2.404131693718767, 56.771422310827276 ], [ -2.404142910034305, 56.771415777313685 ], [ -2.40415412301734, 56.771409242020354 ], [ -2.404165332665613, 56.771402704949253 ], [ -2.40417653897687, 56.77139616610237 ], [ -2.404187741948846, 56.771389625481689 ], [ -2.404198941579287, 56.771383083089205 ], [ -2.404210137865932, 56.771376538926908 ], [ -2.404221330806521, 56.771369992996767 ], [ -2.404232520398798, 56.771363445300786 ], [ -2.404243706640504, 56.771356895840924 ], [ -2.404254889529377, 56.771350344619208 ], [ -2.404266069063159, 56.771343791637605 ], [ -2.404277245239598, 56.771337236898084 ], [ -2.404288418056425, 56.771330680402663 ], [ -2.404299587511388, 56.77132412215331 ], [ -2.404310753602225, 56.771317562152028 ], [ -2.40432191632668, 56.771311000400786 ], [ -2.404333075682492, 56.77130443690158 ], [ -2.404344231667402, 56.77129787165638 ], [ -2.404355384279154, 56.771291304667209 ], [ -2.404366533515486, 56.771284735936014 ], [ -2.404377679374142, 56.7712781654648 ], [ -2.40438882185286, 56.771271593255562 ], [ -2.404399960949386, 56.771265019310277 ], [ -2.404411096661458, 56.771258443630927 ], [ -2.404422228986819, 56.771251866219508 ], [ -2.404433357923206, 56.771245287077996 ], [ -2.404444483468365, 56.771238706208401 ], [ -2.404455605620036, 56.771232123612691 ], [ -2.40446672437596, 56.771225539292836 ], [ -2.404477839733879, 56.771218953250866 ], [ -2.404488951691532, 56.771212365488729 ], [ -2.404500060246664, 56.771205776008436 ], [ -2.404511165397011, 56.771199184811969 ], [ -2.404522267140322, 56.771192591901297 ], [ -2.404527231228108, 56.771189642243968 ] ] ], [ [ [ -2.401362874887405, 56.772987484268555 ], [ -2.401358817408906, 56.772989847822323 ], [ -2.401347592150639, 56.772996375583865 ], [ -2.401336357865268, 56.773002896857484 ], [ -2.401325114071148, 56.773009411330506 ], [ -2.401313860286634, 56.773015918690298 ], [ -2.401302596030082, 56.773022418624194 ], [ -2.401291320819849, 56.773028910819519 ], [ -2.401280034174288, 56.773035394963671 ], [ -2.401268735611756, 56.773041870743924 ], [ -2.401257424650605, 56.773048337847662 ], [ -2.401246100809194, 56.773054795962217 ], [ -2.401234763605878, 56.773061244774944 ], [ -2.401223412559009, 56.773067683973167 ], [ -2.401212047186951, 56.773074113244235 ], [ -2.401200667008051, 56.773080532275486 ], [ -2.40118927154067, 56.773086940754261 ], [ -2.401177860303163, 56.773093338367921 ], [ -2.401166432813883, 56.773099724803799 ], [ -2.40115498859119, 56.773106099749214 ], [ -2.401143527153438, 56.773112462891547 ], [ -2.401132048018984, 56.773118813918089 ], [ -2.401120550706186, 56.773125152516222 ], [ -2.401109034733396, 56.773131478373266 ], [ -2.401097499618973, 56.773137791176566 ], [ -2.401085944881276, 56.773144090613485 ], [ -2.401074370038657, 56.773150376371326 ], [ -2.401062774609475, 56.773156648137444 ], [ -2.401051158112089, 56.773162905599193 ], [ -2.401039520064852, 56.773169148443884 ], [ -2.401027859986127, 56.773175376358878 ], [ -2.401016177394264, 56.773181589031502 ], [ -2.401004471807624, 56.773187786149101 ], [ -2.400992742744565, 56.773193967399017 ], [ -2.400980989723444, 56.773200132468567 ], [ -2.400969212262618, 56.773206281045148 ], [ -2.400957409880447, 56.773212412816029 ], [ -2.400945582095286, 56.773218527468586 ], [ -2.400933728425495, 56.773224624690137 ], [ -2.400921848389433, 56.773230704168022 ], [ -2.400909941505457, 56.773236765589594 ], [ -2.400898007291928, 56.773242808642188 ], [ -2.400886045267202, 56.773248833013142 ], [ -2.400874054949636, 56.773254838389754 ], [ -2.400862035857596, 56.77326082445942 ], [ -2.400849987509436, 56.773266790909439 ], [ -2.400837909423517, 56.773272737427163 ], [ -2.400825801118197, 56.773278663699919 ], [ -2.400813662111841, 56.773284569415033 ], [ -2.400801491922804, 56.773290454259872 ], [ -2.400789290069446, 56.773296317921734 ], [ -2.400777056070131, 56.773302160087987 ], [ -2.400764789443219, 56.773307980445942 ], [ -2.400752489707069, 56.773313778682947 ], [ -2.400740156380042, 56.773319554486335 ], [ -2.400727788980502, 56.773325307543438 ], [ -2.400715387026807, 56.773331037541588 ], [ -2.400702950037323, 56.773336744168112 ], [ -2.400690477530408, 56.773342427110364 ], [ -2.400677969024425, 56.773348086055663 ], [ -2.400665424037741, 56.77335372069134 ], [ -2.400652842088714, 56.773359330704729 ], [ -2.400640222695712, 56.773364915783183 ], [ -2.400627565377091, 56.773370475614001 ], [ -2.40061486965122, 56.773376009884558 ], [ -2.400602135036461, 56.773381518282129 ], [ -2.40058936105118, 56.773387000494104 ], [ -2.400576547213741, 56.773392456207766 ], [ -2.400563693042506, 56.773397885110477 ], [ -2.400550798055848, 56.773403286889575 ], [ -2.400537861772124, 56.773408661232345 ], [ -2.400524883709702, 56.773414007826169 ], [ -2.40051186338695, 56.773419326358365 ], [ -2.400498800322235, 56.773424616516252 ], [ -2.400485694033919, 56.773429877987148 ], [ -2.400472544040374, 56.773435110458401 ], [ -2.400459349859969, 56.773440313617343 ], [ -2.400446111011067, 56.773445487151285 ], [ -2.400432827012039, 56.77345063074759 ], [ -2.400419497381252, 56.77345574409356 ], [ -2.400406121637078, 56.773460826876523 ], [ -2.400392699297883, 56.773465878783817 ], [ -2.400379229882041, 56.773470899502755 ], [ -2.400365712907919, 56.773475888720689 ], [ -2.400352147893889, 56.773480846124926 ], [ -2.40021015333833, 56.773526356192512 ], [ -2.400344356474998, 56.773474130814243 ], [ -2.400358141751596, 56.773469207577428 ], [ -2.400371877583146, 56.773464253085983 ], [ -2.400385564446358, 56.773459267640874 ], [ -2.400399202817944, 56.773454251543093 ], [ -2.400412793174614, 56.773449205093641 ], [ -2.400426335993084, 56.773444128593475 ], [ -2.400439831750068, 56.773439022343581 ], [ -2.400453280922275, 56.773433886644924 ], [ -2.400466683986419, 56.773428721798503 ], [ -2.400480041419219, 56.773423528105305 ], [ -2.400493353697386, 56.773418305866279 ], [ -2.400506621297634, 56.773413055382434 ], [ -2.400519844696682, 56.773407776954734 ], [ -2.400533024371241, 56.77340247088415 ], [ -2.400546160798032, 56.773397137471683 ], [ -2.400559254453767, 56.773391777018276 ], [ -2.400572305815166, 56.773386389824942 ], [ -2.400585315358945, 56.773380976192641 ], [ -2.400598283561818, 56.77337553642235 ], [ -2.400611210900507, 56.773370070815055 ], [ -2.400624097851727, 56.773364579671714 ], [ -2.400636944892196, 56.77335906329332 ], [ -2.400649752498635, 56.773353521980852 ], [ -2.400662521147762, 56.773347956035288 ], [ -2.400675251316295, 56.773342365757571 ], [ -2.400687943480955, 56.773336751448696 ], [ -2.400700598118459, 56.773331113409668 ], [ -2.400713215705527, 56.773325451941432 ], [ -2.400725796718882, 56.773319767344951 ], [ -2.40073834163524, 56.773314059921226 ], [ -2.400750850931324, 56.773308329971222 ], [ -2.400763325083855, 56.773302577795917 ], [ -2.400775764569556, 56.773296803696248 ], [ -2.400788169865145, 56.773291007973256 ], [ -2.400800541447343, 56.773285190927872 ], [ -2.400812879792874, 56.773279352861067 ], [ -2.400825185378457, 56.773273494073834 ], [ -2.400837458680817, 56.773267614867137 ], [ -2.400849700176674, 56.773261715541949 ], [ -2.400861910342752, 56.773255796399233 ], [ -2.400874089655775, 56.77324985773997 ], [ -2.40088623859246, 56.773243899865136 ], [ -2.400898357629537, 56.773237923075698 ], [ -2.400910447243727, 56.773231927672626 ], [ -2.40092250791175, 56.773225913956892 ], [ -2.400934540110333, 56.773219882229469 ], [ -2.400946544316196, 56.773213832791328 ], [ -2.40095852100607, 56.773207765943447 ], [ -2.400970470656671, 56.773201681986784 ], [ -2.400982393744728, 56.773195581222311 ], [ -2.400994290746962, 56.773189463951006 ], [ -2.401006162140099, 56.773183330473834 ], [ -2.401018008400865, 56.773177181091768 ], [ -2.401029830005982, 56.773171016105785 ], [ -2.401041627432177, 56.773164835816829 ], [ -2.401053401156173, 56.773158640525899 ], [ -2.401065151654695, 56.773152430533948 ], [ -2.401076879404469, 56.773146206141945 ], [ -2.401088584882223, 56.773139967650856 ], [ -2.401100268564677, 56.773133715361666 ], [ -2.401111930928558, 56.77312744957532 ], [ -2.401123572450592, 56.773121170592809 ], [ -2.401135193607508, 56.773114878715091 ], [ -2.401146794876025, 56.773108574243132 ], [ -2.401158376732875, 56.773102257477902 ], [ -2.40116993965478, 56.773095928720359 ], [ -2.401181484118466, 56.773089588271496 ], [ -2.401193010600665, 56.77308323643225 ], [ -2.401204519578096, 56.773076873503598 ], [ -2.401216011527485, 56.77307049978652 ], [ -2.401227486925566, 56.77306411558196 ], [ -2.401238946249056, 56.773057721190916 ], [ -2.401250389974687, 56.773051316914319 ], [ -2.401261818579185, 56.773044903053155 ], [ -2.401273232539276, 56.773038479908386 ], [ -2.401284632331684, 56.773032047780973 ], [ -2.40129601843314, 56.773025606971899 ], [ -2.401307391320368, 56.773019157782102 ], [ -2.401318751470094, 56.77301270051256 ], [ -2.401330099359049, 56.773006235464244 ], [ -2.401341435463956, 56.77299976293812 ], [ -2.401352760261543, 56.772993283235145 ], [ -2.401362874887405, 56.772987484268555 ] ] ] ] } }
]
}
